event_id,title,product_id,brand,product,match,rank,allowed
3Jyn4fRsEkXf3Ba9SQ,Crossover Service,S001,All That Matters,Superfood Puffs — Peri-Peri,0.3653,21,True
3Jyn4fRsEkXf3Ba9SQ,Crossover Service,S002,Simply Roasted,Black Truffle Potato Crisps,0.1709,52,True
3Jyn4fRsEkXf3Ba9SQ,Crossover Service,S003,Simply Roasted,Sour Cream & Chive Potato Crisps,0.2241,42,True
3Jyn4fRsEkXf3Ba9SQ,Crossover Service,S004,Simply Roasted,Barbecue Potato Crisps,0.1671,54,True
3Jyn4fRsEkXf3Ba9SQ,Crossover Service,S005,The Protein Ball Co.,Salted Caramel Protein Balls,0.2101,44,True
3Jyn4fRsEkXf3Ba9SQ,Crossover Service,S006,The Protein Ball Co.,Original Peanut Butter Protein Balls,0.1265,63,True
3Jyn4fRsEkXf3Ba9SQ,Crossover Service,S007,Well & Truly,Thins — Rich Cheddar & Gouda with a Hint of Jalapeño,0.2876,32,True
3Jyn4fRsEkXf3Ba9SQ,Crossover Service,S008,INDI,Brain Bar,0.1623,56,True
3Jyn4fRsEkXf3Ba9SQ,Crossover Service,S009,Kooky,Gently Dried Chewy Mango,0.2109,43,True
3Jyn4fRsEkXf3Ba9SQ,Crossover Service,S010,Well & Truly,Crunchies — Smokey Paprika,0.1807,49,True
3Jyn4fRsEkXf3Ba9SQ,Crossover Service,S011,Well & Truly,Crunchies — Really Cheesy,0.1807,50,True
3Jyn4fRsEkXf3Ba9SQ,Crossover Service,S012,Well & Truly,Crunchies — Smokey Bacon,0.161,57,True
3Jyn4fRsEkXf3Ba9SQ,Crossover Service,S013,Well & Truly,Crunchies — Sea Salt & Cider Vinegar,0.1634,55,True
3Jyn4fRsEkXf3Ba9SQ,Crossover Service,S014,Well & Truly,Fudge & Brownie Oat M&lk Chocolate,0.2996,31,True
3Jyn4fRsEkXf3Ba9SQ,Crossover Service,S015,Helen Browning’s Organic,Organic Corned Beef,0.1892,47,True
3Jyn4fRsEkXf3Ba9SQ,Crossover Service,S016,Dr. Will’s,Avocado Oil Mayo,0.1542,58,True
3Jyn4fRsEkXf3Ba9SQ,Crossover Service,S017,Dr. Will’s,Buffalo Hot Sauce,0.3783,19,True
3Jyn4fRsEkXf3Ba9SQ,Crossover Service,S018,EP!C Snax Co.,Plant Power Toastin’ Marshmallows,0.4492,12,True
3Jyn4fRsEkXf3Ba9SQ,Crossover Service,S019,EP!C Snax Co.,Giant Toastin’ Marshmallows,0.3879,18,True
3Jyn4fRsEkXf3Ba9SQ,Crossover Service,S020,ötzibrew,Organic Dandelion & Burdock Root Coffee Alternative,0.1327,61,True
3Jyn4fRsEkXf3Ba9SQ,Crossover Service,S021,OOM,Balance,0.2393,40,True
3Jyn4fRsEkXf3Ba9SQ,Crossover Service,S022,ChariTea,Mate Sparkling,0.1106,64,True
3Jyn4fRsEkXf3Ba9SQ,Crossover Service,S023,mindfuel flow,Mushroom Iced Latte — Salted Caramel,0.3933,17,True
3Jyn4fRsEkXf3Ba9SQ,Crossover Service,S024,Lowrise,Lager,0.5615,4,True
3Jyn4fRsEkXf3Ba9SQ,Crossover Service,S025,DASH,Pink Lady Apple Sparkling Water,0.1673,53,True
3Jyn4fRsEkXf3Ba9SQ,Crossover Service,S026,Lowrise,Hazy Pale,0.5615,5,True
3Jyn4fRsEkXf3Ba9SQ,Crossover Service,S027,Pentire,Coastal Spritz,0.4374,13,True
3Jyn4fRsEkXf3Ba9SQ,Crossover Service,S028,Gut Food / Ferment Fizz,Orange & Mango Lemonade,0.2588,37,True
3Jyn4fRsEkXf3Ba9SQ,Crossover Service,S029,Gut Food / Ferment Fizz,Lemon & Raspberry Lemonade,0.2457,38,True
3Jyn4fRsEkXf3Ba9SQ,Crossover Service,S030,Navas,Original Tonic Water,0.4318,15,True
3Jyn4fRsEkXf3Ba9SQ,Crossover Service,S031,Navas,Fiery Ginger Beer,0.6102,2,True
3Jyn4fRsEkXf3Ba9SQ,Crossover Service,S032,Gut Food / Ferment Fizz,Lemon Lemonade,0.2434,39,True
3Jyn4fRsEkXf3Ba9SQ,Crossover Service,S033,JimJams,Hazelnut Chocolate Spread,0.3768,20,True
3Jyn4fRsEkXf3Ba9SQ,Crossover Service,S034,Pentire,Adrift,0.5791,3,True
3Jyn4fRsEkXf3Ba9SQ,Crossover Service,S035,The London Essence Co.,Original Indian Tonic Water,0.5284,6,True
3Jyn4fRsEkXf3Ba9SQ,Crossover Service,S036,Double Dutch,Indian Tonic Water,0.4726,10,True
3Jyn4fRsEkXf3Ba9SQ,Crossover Service,S037,Double ‘D’,Savvy Sweets Sour Bears,0.3009,30,True
3Jyn4fRsEkXf3Ba9SQ,Crossover Service,S038,Coco Cubes,Chocolate Coconut Bites,0.2621,36,True
3Jyn4fRsEkXf3Ba9SQ,Crossover Service,S039,teapigs,Super Fruit,0.1079,66,True
3Jyn4fRsEkXf3Ba9SQ,Crossover Service,S040,The Protein Ball Co.,Stuffed — Matcha & Vanilla,0.4286,16,True
3Jyn4fRsEkXf3Ba9SQ,Crossover Service,S041,The Original Chicken Crackling,Chicken Salt,0.4888,9,True
3Jyn4fRsEkXf3Ba9SQ,Crossover Service,S042,Blanco Niño,Creamy Jalapeño Tortilla Chips,0.3048,28,True
3Jyn4fRsEkXf3Ba9SQ,Crossover Service,S043,Blanco Niño,Chilli & Lime Tortilla Chips,0.3048,27,True
3Jyn4fRsEkXf3Ba9SQ,Crossover Service,S044,Saucerer,Pasta Sauce — Wild Mushroom & Truffle,0.4359,14,True
3Jyn4fRsEkXf3Ba9SQ,Crossover Service,S045,The Curators,Pork Puffs — Smoky Bacon,0.1105,65,True
3Jyn4fRsEkXf3Ba9SQ,Crossover Service,S046,Love Hemp,Sours Calm — Sour Orange CBD Gummies,0.5137,7,True
3Jyn4fRsEkXf3Ba9SQ,Crossover Service,S047,Ottolenghi,Miso Pesto,0.3422,23,True
3Jyn4fRsEkXf3Ba9SQ,Crossover Service,S048,Sunfly,Sunflower Seed Butter — Crunchy,0.1531,59,True
3Jyn4fRsEkXf3Ba9SQ,Crossover Service,S049,ape2o,GO Steel Bottle — Turtle,0.0696,69,True
3Jyn4fRsEkXf3Ba9SQ,Crossover Service,S050,Goodrays,Raspberry & Guava CBD Drink,0.3316,25,True
3Jyn4fRsEkXf3Ba9SQ,Crossover Service,S051,Little’s,Toffee Nut Flavour Infused Instant Coffee,0.0882,68,True
3Jyn4fRsEkXf3Ba9SQ,Crossover Service,S052,WelleCo,The Hydro Protein Elixir — Passionfruit,0.0533,70,True
3Jyn4fRsEkXf3Ba9SQ,Crossover Service,S053,HOOP,Plantain Chips — Lemon Pepper,0.2087,45,True
3Jyn4fRsEkXf3Ba9SQ,Crossover Service,S054,neat sweets,Fruity Berries,0.2652,35,True
3Jyn4fRsEkXf3Ba9SQ,Crossover Service,S055,FREEE,Organic Banana & Chocolate Oat Bar,0.1975,46,True
3Jyn4fRsEkXf3Ba9SQ,Crossover Service,S056,SUCSEED,Energy,0.3334,24,True
3Jyn4fRsEkXf3Ba9SQ,Crossover Service,S057,OOM,Calm,0.1276,62,True
3Jyn4fRsEkXf3Ba9SQ,Crossover Service,S058,sleep toniq,Sleep Toniq,0.2263,41,True
3Jyn4fRsEkXf3Ba9SQ,Crossover Service,S059,iLOVE SNACKS,Sicilian Lemon Pistachios,0.1012,67,True
3Jyn4fRsEkXf3Ba9SQ,Crossover Service,S060,Simply Roasted,Hot Honey Potato Crisps,0.1787,51,True
3Jyn4fRsEkXf3Ba9SQ,Crossover Service,S061,Simply Roasted,Sea Salt Potato Crisps,0.1885,48,True
3Jyn4fRsEkXf3Ba9SQ,Crossover Service,S062,Root Tea,Lemon Tea Blend,0.1383,60,True
3Jyn4fRsEkXf3Ba9SQ,Crossover Service,S063,Fever-Tree,Refreshingly Light Elderflower Tonic Water,0.6752,1,True
3Jyn4fRsEkXf3Ba9SQ,Crossover Service,S064,Folc,English Sparkling Rosé NV,0.2781,33,True
3Jyn4fRsEkXf3Ba9SQ,Crossover Service,S065,Folc,Dry English Rosé,0.5119,8,True
3Jyn4fRsEkXf3Ba9SQ,Crossover Service,S066,Penrhos,Handcrafted Dry Gin,0.3458,22,True
3Jyn4fRsEkXf3Ba9SQ,Crossover Service,S067,Mission,Lemon & Ginseng Natural Energy Drink,0.2688,34,True
3Jyn4fRsEkXf3Ba9SQ,Crossover Service,S068,Ombar,Pistachio Cream — 60% Dark Chocolate,0.3182,26,True
3Jyn4fRsEkXf3Ba9SQ,Crossover Service,S069,Mr Filbert’s,Teriyaki Mochi Rice Bites,0.4706,11,True
3Jyn4fRsEkXf3Ba9SQ,Crossover Service,S070,NOMO,Caramel Choc Bar,0.3019,29,True
gDLK5ug4Ziq8cFfxHL,New Year's Eve Celebration 2026,S001,All That Matters,Superfood Puffs — Peri-Peri,0.3037,25,True
gDLK5ug4Ziq8cFfxHL,New Year's Eve Celebration 2026,S002,Simply Roasted,Black Truffle Potato Crisps,0.1608,61,True
gDLK5ug4Ziq8cFfxHL,New Year's Eve Celebration 2026,S003,Simply Roasted,Sour Cream & Chive Potato Crisps,0.2056,48,True
gDLK5ug4Ziq8cFfxHL,New Year's Eve Celebration 2026,S004,Simply Roasted,Barbecue Potato Crisps,0.157,62,True
gDLK5ug4Ziq8cFfxHL,New Year's Eve Celebration 2026,S005,The Protein Ball Co.,Salted Caramel Protein Balls,0.1916,55,True
gDLK5ug4Ziq8cFfxHL,New Year's Eve Celebration 2026,S006,The Protein Ball Co.,Original Peanut Butter Protein Balls,0.1174,68,True
gDLK5ug4Ziq8cFfxHL,New Year's Eve Celebration 2026,S007,Well & Truly,Thins — Rich Cheddar & Gouda with a Hint of Jalapeño,0.2682,32,True
gDLK5ug4Ziq8cFfxHL,New Year's Eve Celebration 2026,S008,INDI,Brain Bar,0.1796,58,True
gDLK5ug4Ziq8cFfxHL,New Year's Eve Celebration 2026,S009,Kooky,Gently Dried Chewy Mango,0.2302,41,True
gDLK5ug4Ziq8cFfxHL,New Year's Eve Celebration 2026,S010,Well & Truly,Crunchies — Smokey Paprika,0.2008,51,True
gDLK5ug4Ziq8cFfxHL,New Year's Eve Celebration 2026,S011,Well & Truly,Crunchies — Really Cheesy,0.2008,52,True
gDLK5ug4Ziq8cFfxHL,New Year's Eve Celebration 2026,S012,Well & Truly,Crunchies — Smokey Bacon,0.18,57,True
gDLK5ug4Ziq8cFfxHL,New Year's Eve Celebration 2026,S013,Well & Truly,Crunchies — Sea Salt & Cider Vinegar,0.1834,56,True
gDLK5ug4Ziq8cFfxHL,New Year's Eve Celebration 2026,S014,Well & Truly,Fudge & Brownie Oat M&lk Chocolate,0.2845,27,True
gDLK5ug4Ziq8cFfxHL,New Year's Eve Celebration 2026,S015,Helen Browning’s Organic,Organic Corned Beef,0.2636,34,True
gDLK5ug4Ziq8cFfxHL,New Year's Eve Celebration 2026,S016,Dr. Will’s,Avocado Oil Mayo,0.2955,26,True
gDLK5ug4Ziq8cFfxHL,New Year's Eve Celebration 2026,S017,Dr. Will’s,Buffalo Hot Sauce,0.4262,12,True
gDLK5ug4Ziq8cFfxHL,New Year's Eve Celebration 2026,S018,EP!C Snax Co.,Plant Power Toastin’ Marshmallows,0.3709,17,True
gDLK5ug4Ziq8cFfxHL,New Year's Eve Celebration 2026,S019,EP!C Snax Co.,Giant Toastin’ Marshmallows,0.3097,24,True
gDLK5ug4Ziq8cFfxHL,New Year's Eve Celebration 2026,S020,ötzibrew,Organic Dandelion & Burdock Root Coffee Alternative,0.1459,63,True
gDLK5ug4Ziq8cFfxHL,New Year's Eve Celebration 2026,S021,OOM,Balance,0.1992,53,True
gDLK5ug4Ziq8cFfxHL,New Year's Eve Celebration 2026,S022,ChariTea,Mate Sparkling,0.2567,38,True
gDLK5ug4Ziq8cFfxHL,New Year's Eve Celebration 2026,S023,mindfuel flow,Mushroom Iced Latte — Salted Caramel,0.3437,20,True
gDLK5ug4Ziq8cFfxHL,New Year's Eve Celebration 2026,S024,Lowrise,Lager,0.5908,2,True
gDLK5ug4Ziq8cFfxHL,New Year's Eve Celebration 2026,S025,DASH,Pink Lady Apple Sparkling Water,0.1989,54,True
gDLK5ug4Ziq8cFfxHL,New Year's Eve Celebration 2026,S026,Lowrise,Hazy Pale,0.5908,3,True
gDLK5ug4Ziq8cFfxHL,New Year's Eve Celebration 2026,S027,Pentire,Coastal Spritz,0.3407,21,True
gDLK5ug4Ziq8cFfxHL,New Year's Eve Celebration 2026,S028,Gut Food / Ferment Fizz,Orange & Mango Lemonade,0.218,45,True
gDLK5ug4Ziq8cFfxHL,New Year's Eve Celebration 2026,S029,Gut Food / Ferment Fizz,Lemon & Raspberry Lemonade,0.2055,49,True
gDLK5ug4Ziq8cFfxHL,New Year's Eve Celebration 2026,S030,Navas,Original Tonic Water,0.3374,22,True
gDLK5ug4Ziq8cFfxHL,New Year's Eve Celebration 2026,S031,Navas,Fiery Ginger Beer,0.4849,6,True
gDLK5ug4Ziq8cFfxHL,New Year's Eve Celebration 2026,S032,Gut Food / Ferment Fizz,Lemon Lemonade,0.2035,50,True
gDLK5ug4Ziq8cFfxHL,New Year's Eve Celebration 2026,S033,JimJams,Hazelnut Chocolate Spread,0.484,7,True
gDLK5ug4Ziq8cFfxHL,New Year's Eve Celebration 2026,S034,Pentire,Adrift,0.4609,8,True
gDLK5ug4Ziq8cFfxHL,New Year's Eve Celebration 2026,S035,The London Essence Co.,Original Indian Tonic Water,0.4172,14,True
gDLK5ug4Ziq8cFfxHL,New Year's Eve Celebration 2026,S036,Double Dutch,Indian Tonic Water,0.3782,15,True
gDLK5ug4Ziq8cFfxHL,New Year's Eve Celebration 2026,S037,Double ‘D’,Savvy Sweets Sour Bears,0.2621,35,True
gDLK5ug4Ziq8cFfxHL,New Year's Eve Celebration 2026,S038,Coco Cubes,Chocolate Coconut Bites,0.2574,37,True
gDLK5ug4Ziq8cFfxHL,New Year's Eve Celebration 2026,S039,teapigs,Super Fruit,0.2279,42,True
gDLK5ug4Ziq8cFfxHL,New Year's Eve Celebration 2026,S040,The Protein Ball Co.,Stuffed — Matcha & Vanilla,0.3686,19,True
gDLK5ug4Ziq8cFfxHL,New Year's Eve Celebration 2026,S041,The Original Chicken Crackling,Chicken Salt,0.442,9,True
gDLK5ug4Ziq8cFfxHL,New Year's Eve Celebration 2026,S042,Blanco Niño,Creamy Jalapeño Tortilla Chips,0.2795,30,True
gDLK5ug4Ziq8cFfxHL,New Year's Eve Celebration 2026,S043,Blanco Niño,Chilli & Lime Tortilla Chips,0.2795,29,True
gDLK5ug4Ziq8cFfxHL,New Year's Eve Celebration 2026,S044,Saucerer,Pasta Sauce — Wild Mushroom & Truffle,0.5211,5,True
gDLK5ug4Ziq8cFfxHL,New Year's Eve Celebration 2026,S045,The Curators,Pork Puffs — Smoky Bacon,0.1304,66,True
gDLK5ug4Ziq8cFfxHL,New Year's Eve Celebration 2026,S046,Love Hemp,Sours Calm — Sour Orange CBD Gummies,0.4372,10,True
gDLK5ug4Ziq8cFfxHL,New Year's Eve Celebration 2026,S047,Ottolenghi,Miso Pesto,0.4277,11,True
gDLK5ug4Ziq8cFfxHL,New Year's Eve Celebration 2026,S048,Sunfly,Sunflower Seed Butter — Crunchy,0.2539,40,True
gDLK5ug4Ziq8cFfxHL,New Year's Eve Celebration 2026,S049,ape2o,GO Steel Bottle — Turtle,0.0696,69,True
gDLK5ug4Ziq8cFfxHL,New Year's Eve Celebration 2026,S050,Goodrays,Raspberry & Guava CBD Drink,0.3124,23,True
gDLK5ug4Ziq8cFfxHL,New Year's Eve Celebration 2026,S051,Little’s,Toffee Nut Flavour Infused Instant Coffee,0.1412,64,True
gDLK5ug4Ziq8cFfxHL,New Year's Eve Celebration 2026,S052,WelleCo,The Hydro Protein Elixir — Passionfruit,0.0533,70,True
gDLK5ug4Ziq8cFfxHL,New Year's Eve Celebration 2026,S053,HOOP,Plantain Chips — Lemon Pepper,0.2644,33,True
gDLK5ug4Ziq8cFfxHL,New Year's Eve Celebration 2026,S054,neat sweets,Fruity Berries,0.2275,43,True
gDLK5ug4Ziq8cFfxHL,New Year's Eve Celebration 2026,S055,FREEE,Organic Banana & Chocolate Oat Bar,0.2069,47,True
gDLK5ug4Ziq8cFfxHL,New Year's Eve Celebration 2026,S056,SUCSEED,Energy,0.422,13,True
gDLK5ug4Ziq8cFfxHL,New Year's Eve Celebration 2026,S057,OOM,Calm,0.141,65,True
gDLK5ug4Ziq8cFfxHL,New Year's Eve Celebration 2026,S058,sleep toniq,Sleep Toniq,0.2175,46,True
gDLK5ug4Ziq8cFfxHL,New Year's Eve Celebration 2026,S059,iLOVE SNACKS,Sicilian Lemon Pistachios,0.1299,67,True
gDLK5ug4Ziq8cFfxHL,New Year's Eve Celebration 2026,S060,Simply Roasted,Hot Honey Potato Crisps,0.1664,60,True
gDLK5ug4Ziq8cFfxHL,New Year's Eve Celebration 2026,S061,Simply Roasted,Sea Salt Potato Crisps,0.1763,59,True
gDLK5ug4Ziq8cFfxHL,New Year's Eve Celebration 2026,S062,Root Tea,Lemon Tea Blend,0.2553,39,True
gDLK5ug4Ziq8cFfxHL,New Year's Eve Celebration 2026,S063,Fever-Tree,Refreshingly Light Elderflower Tonic Water,0.6002,1,True
gDLK5ug4Ziq8cFfxHL,New Year's Eve Celebration 2026,S064,Folc,English Sparkling Rosé NV,0.2203,44,True
gDLK5ug4Ziq8cFfxHL,New Year's Eve Celebration 2026,S065,Folc,Dry English Rosé,0.5408,4,True
gDLK5ug4Ziq8cFfxHL,New Year's Eve Celebration 2026,S066,Penrhos,Handcrafted Dry Gin,0.2827,28,True
gDLK5ug4Ziq8cFfxHL,New Year's Eve Celebration 2026,S067,Mission,Lemon & Ginseng Natural Energy Drink,0.3697,18,True
gDLK5ug4Ziq8cFfxHL,New Year's Eve Celebration 2026,S068,Ombar,Pistachio Cream — 60% Dark Chocolate,0.276,31,True
gDLK5ug4Ziq8cFfxHL,New Year's Eve Celebration 2026,S069,Mr Filbert’s,Teriyaki Mochi Rice Bites,0.3749,16,True
gDLK5ug4Ziq8cFfxHL,New Year's Eve Celebration 2026,S070,NOMO,Caramel Choc Bar,0.2584,36,True
7b8E7AQgCweNjFVt8a,Forge Comedy Club New Years Eve Special,S001,All That Matters,Superfood Puffs — Peri-Peri,0.4146,23,True
7b8E7AQgCweNjFVt8a,Forge Comedy Club New Years Eve Special,S002,Simply Roasted,Black Truffle Potato Crisps,0.1801,41,True
7b8E7AQgCweNjFVt8a,Forge Comedy Club New Years Eve Special,S003,Simply Roasted,Sour Cream & Chive Potato Crisps,0.174,44,True
7b8E7AQgCweNjFVt8a,Forge Comedy Club New Years Eve Special,S004,Simply Roasted,Barbecue Potato Crisps,0.1667,45,True
7b8E7AQgCweNjFVt8a,Forge Comedy Club New Years Eve Special,S005,The Protein Ball Co.,Salted Caramel Protein Balls,0.0999,63,True
7b8E7AQgCweNjFVt8a,Forge Comedy Club New Years Eve Special,S006,The Protein Ball Co.,Original Peanut Butter Protein Balls,0.072,66,True
7b8E7AQgCweNjFVt8a,Forge Comedy Club New Years Eve Special,S007,Well & Truly,Thins — Rich Cheddar & Gouda with a Hint of Jalapeño,0.377,25,True
7b8E7AQgCweNjFVt8a,Forge Comedy Club New Years Eve Special,S008,INDI,Brain Bar,0.1035,61,True
7b8E7AQgCweNjFVt8a,Forge Comedy Club New Years Eve Special,S009,Kooky,Gently Dried Chewy Mango,0.1748,43,True
7b8E7AQgCweNjFVt8a,Forge Comedy Club New Years Eve Special,S010,Well & Truly,Crunchies — Smokey Paprika,0.1647,47,True
7b8E7AQgCweNjFVt8a,Forge Comedy Club New Years Eve Special,S011,Well & Truly,Crunchies — Really Cheesy,0.1647,46,True
7b8E7AQgCweNjFVt8a,Forge Comedy Club New Years Eve Special,S012,Well & Truly,Crunchies — Smokey Bacon,0.1045,58,True
7b8E7AQgCweNjFVt8a,Forge Comedy Club New Years Eve Special,S013,Well & Truly,Crunchies — Sea Salt & Cider Vinegar,0.1036,60,True
7b8E7AQgCweNjFVt8a,Forge Comedy Club New Years Eve Special,S014,Well & Truly,Fudge & Brownie Oat M&lk Chocolate,0.1995,39,True
7b8E7AQgCweNjFVt8a,Forge Comedy Club New Years Eve Special,S015,Helen Browning’s Organic,Organic Corned Beef,0.2677,30,True
7b8E7AQgCweNjFVt8a,Forge Comedy Club New Years Eve Special,S016,Dr. Will’s,Avocado Oil Mayo,0.3055,26,True
7b8E7AQgCweNjFVt8a,Forge Comedy Club New Years Eve Special,S017,Dr. Will’s,Buffalo Hot Sauce,0.61,14,True
7b8E7AQgCweNjFVt8a,Forge Comedy Club New Years Eve Special,S018,EP!C Snax Co.,Plant Power Toastin’ Marshmallows,0.4799,18,True
7b8E7AQgCweNjFVt8a,Forge Comedy Club New Years Eve Special,S019,EP!C Snax Co.,Giant Toastin’ Marshmallows,0.4186,20,True
7b8E7AQgCweNjFVt8a,Forge Comedy Club New Years Eve Special,S020,ötzibrew,Organic Dandelion & Burdock Root Coffee Alternative,0.1028,62,True
7b8E7AQgCweNjFVt8a,Forge Comedy Club New Years Eve Special,S021,OOM,Balance,0.2736,29,True
7b8E7AQgCweNjFVt8a,Forge Comedy Club New Years Eve Special,S022,ChariTea,Mate Sparkling,0.1439,50,True
7b8E7AQgCweNjFVt8a,Forge Comedy Club New Years Eve Special,S023,mindfuel flow,Mushroom Iced Latte — Salted Caramel,0.1289,53,True
7b8E7AQgCweNjFVt8a,Forge Comedy Club New Years Eve Special,S024,Lowrise,Lager,0.6582,13,True
7b8E7AQgCweNjFVt8a,Forge Comedy Club New Years Eve Special,S025,DASH,Pink Lady Apple Sparkling Water,0.0945,65,True
7b8E7AQgCweNjFVt8a,Forge Comedy Club New Years Eve Special,S026,Lowrise,Hazy Pale,0.6582,12,True
7b8E7AQgCweNjFVt8a,Forge Comedy Club New Years Eve Special,S027,Pentire,Coastal Spritz,0.6768,11,True
7b8E7AQgCweNjFVt8a,Forge Comedy Club New Years Eve Special,S028,Gut Food / Ferment Fizz,Orange & Mango Lemonade,0.2254,32,True
7b8E7AQgCweNjFVt8a,Forge Comedy Club New Years Eve Special,S029,Gut Food / Ferment Fizz,Lemon & Raspberry Lemonade,0.2128,34,True
7b8E7AQgCweNjFVt8a,Forge Comedy Club New Years Eve Special,S030,Navas,Original Tonic Water,0.7276,5,True
7b8E7AQgCweNjFVt8a,Forge Comedy Club New Years Eve Special,S031,Navas,Fiery Ginger Beer,0.7355,4,True
7b8E7AQgCweNjFVt8a,Forge Comedy Club New Years Eve Special,S032,Gut Food / Ferment Fizz,Lemon Lemonade,0.2107,35,True
7b8E7AQgCweNjFVt8a,Forge Comedy Club New Years Eve Special,S033,JimJams,Hazelnut Chocolate Spread,0.4051,24,True
7b8E7AQgCweNjFVt8a,Forge Comedy Club New Years Eve Special,S034,Pentire,Adrift,0.7213,7,True
7b8E7AQgCweNjFVt8a,Forge Comedy Club New Years Eve Special,S035,The London Essence Co.,Original Indian Tonic Water,0.7016,9,True
7b8E7AQgCweNjFVt8a,Forge Comedy Club New Years Eve Special,S036,Double Dutch,Indian Tonic Water,0.7489,2,True
7b8E7AQgCweNjFVt8a,Forge Comedy Club New Years Eve Special,S037,Double ‘D’,Savvy Sweets Sour Bears,0.2174,33,True
7b8E7AQgCweNjFVt8a,Forge Comedy Club New Years Eve Special,S038,Coco Cubes,Chocolate Coconut Bites,0.1793,42,True
7b8E7AQgCweNjFVt8a,Forge Comedy Club New Years Eve Special,S039,teapigs,Super Fruit,0.142,52,True
7b8E7AQgCweNjFVt8a,Forge Comedy Club New Years Eve Special,S040,The Protein Ball Co.,Stuffed — Matcha & Vanilla,0.1121,56,True
7b8E7AQgCweNjFVt8a,Forge Comedy Club New Years Eve Special,S041,The Original Chicken Crackling,Chicken Salt,0.7225,6,True
7b8E7AQgCweNjFVt8a,Forge Comedy Club New Years Eve Special,S042,Blanco Niño,Creamy Jalapeño Tortilla Chips,0.4154,21,True
7b8E7AQgCweNjFVt8a,Forge Comedy Club New Years Eve Special,S043,Blanco Niño,Chilli & Lime Tortilla Chips,0.4154,22,True
7b8E7AQgCweNjFVt8a,Forge Comedy Club New Years Eve Special,S044,Saucerer,Pasta Sauce — Wild Mushroom & Truffle,0.4883,17,True
7b8E7AQgCweNjFVt8a,Forge Comedy Club New Years Eve Special,S045,The Curators,Pork Puffs — Smoky Bacon,0.0679,68,True
7b8E7AQgCweNjFVt8a,Forge Comedy Club New Years Eve Special,S046,Love Hemp,Sours Calm — Sour Orange CBD Gummies,0.0989,64,True
7b8E7AQgCweNjFVt8a,Forge Comedy Club New Years Eve Special,S047,Ottolenghi,Miso Pesto,0.6875,10,True
7b8E7AQgCweNjFVt8a,Forge Comedy Club New Years Eve Special,S048,Sunfly,Sunflower Seed Butter — Crunchy,0.2896,27,True
7b8E7AQgCweNjFVt8a,Forge Comedy Club New Years Eve Special,S049,ape2o,GO Steel Bottle — Turtle,0.0696,67,True
7b8E7AQgCweNjFVt8a,Forge Comedy Club New Years Eve Special,S050,Goodrays,Raspberry & Guava CBD Drink,0.104,59,True
7b8E7AQgCweNjFVt8a,Forge Comedy Club New Years Eve Special,S051,Little’s,Toffee Nut Flavour Infused Instant Coffee,0.1077,57,True
7b8E7AQgCweNjFVt8a,Forge Comedy Club New Years Eve Special,S052,WelleCo,The Hydro Protein Elixir — Passionfruit,0.0533,70,True
7b8E7AQgCweNjFVt8a,Forge Comedy Club New Years Eve Special,S053,HOOP,Plantain Chips — Lemon Pepper,0.2076,36,True
7b8E7AQgCweNjFVt8a,Forge Comedy Club New Years Eve Special,S054,neat sweets,Fruity Berries,0.2005,37,True
7b8E7AQgCweNjFVt8a,Forge Comedy Club New Years Eve Special,S055,FREEE,Organic Banana & Chocolate Oat Bar,0.1191,54,True
7b8E7AQgCweNjFVt8a,Forge Comedy Club New Years Eve Special,S056,SUCSEED,Energy,0.4789,19,True
7b8E7AQgCweNjFVt8a,Forge Comedy Club New Years Eve Special,S057,OOM,Calm,0.0648,69,True
7b8E7AQgCweNjFVt8a,Forge Comedy Club New Years Eve Special,S058,sleep toniq,Sleep Toniq,0.2465,31,True
7b8E7AQgCweNjFVt8a,Forge Comedy Club New Years Eve Special,S059,iLOVE SNACKS,Sicilian Lemon Pistachios,0.1422,51,True
7b8E7AQgCweNjFVt8a,Forge Comedy Club New Years Eve Special,S060,Simply Roasted,Hot Honey Potato Crisps,0.1533,48,True
7b8E7AQgCweNjFVt8a,Forge Comedy Club New Years Eve Special,S061,Simply Roasted,Sea Salt Potato Crisps,0.188,40,True
7b8E7AQgCweNjFVt8a,Forge Comedy Club New Years Eve Special,S062,Root Tea,Lemon Tea Blend,0.1187,55,True
7b8E7AQgCweNjFVt8a,Forge Comedy Club New Years Eve Special,S063,Fever-Tree,Refreshingly Light Elderflower Tonic Water,0.7388,3,True
7b8E7AQgCweNjFVt8a,Forge Comedy Club New Years Eve Special,S064,Folc,English Sparkling Rosé NV,0.4946,16,True
7b8E7AQgCweNjFVt8a,Forge Comedy Club New Years Eve Special,S065,Folc,Dry English Rosé,0.7848,1,True
7b8E7AQgCweNjFVt8a,Forge Comedy Club New Years Eve Special,S066,Penrhos,Handcrafted Dry Gin,0.4993,15,True
7b8E7AQgCweNjFVt8a,Forge Comedy Club New Years Eve Special,S067,Mission,Lemon & Ginseng Natural Energy Drink,0.1495,49,True
7b8E7AQgCweNjFVt8a,Forge Comedy Club New Years Eve Special,S068,Ombar,Pistachio Cream — 60% Dark Chocolate,0.2834,28,True
7b8E7AQgCweNjFVt8a,Forge Comedy Club New Years Eve Special,S069,Mr Filbert’s,Teriyaki Mochi Rice Bites,0.702,8,True
7b8E7AQgCweNjFVt8a,Forge Comedy Club New Years Eve Special,S070,NOMO,Caramel Choc Bar,0.2002,38,True
8XtwTCsUgQz3PDsMdR,Hogmanay ceilidh,S001,All That Matters,Superfood Puffs — Peri-Peri,0.3898,21,True
8XtwTCsUgQz3PDsMdR,Hogmanay ceilidh,S002,Simply Roasted,Black Truffle Potato Crisps,0.2565,32,True
8XtwTCsUgQz3PDsMdR,Hogmanay ceilidh,S003,Simply Roasted,Sour Cream & Chive Potato Crisps,0.2399,33,True
8XtwTCsUgQz3PDsMdR,Hogmanay ceilidh,S004,Simply Roasted,Barbecue Potato Crisps,0.2326,34,True
8XtwTCsUgQz3PDsMdR,Hogmanay ceilidh,S005,The Protein Ball Co.,Salted Caramel Protein Balls,0.0999,58,True
8XtwTCsUgQz3PDsMdR,Hogmanay ceilidh,S006,The Protein Ball Co.,Original Peanut Butter Protein Balls,0.072,66,True
8XtwTCsUgQz3PDsMdR,Hogmanay ceilidh,S007,Well & Truly,Thins — Rich Cheddar & Gouda with a Hint of Jalapeño,0.3481,26,True
8XtwTCsUgQz3PDsMdR,Hogmanay ceilidh,S008,INDI,Brain Bar,0.0965,62,True
8XtwTCsUgQz3PDsMdR,Hogmanay ceilidh,S009,Kooky,Gently Dried Chewy Mango,0.2202,36,True
8XtwTCsUgQz3PDsMdR,Hogmanay ceilidh,S010,Well & Truly,Crunchies — Smokey Paprika,0.2055,41,True
8XtwTCsUgQz3PDsMdR,Hogmanay ceilidh,S011,Well & Truly,Crunchies — Really Cheesy,0.2055,40,True
8XtwTCsUgQz3PDsMdR,Hogmanay ceilidh,S012,Well & Truly,Crunchies — Smokey Bacon,0.0976,61,True
8XtwTCsUgQz3PDsMdR,Hogmanay ceilidh,S013,Well & Truly,Crunchies — Sea Salt & Cider Vinegar,0.0963,63,True
8XtwTCsUgQz3PDsMdR,Hogmanay ceilidh,S014,Well & Truly,Fudge & Brownie Oat M&lk Chocolate,0.1845,47,True
8XtwTCsUgQz3PDsMdR,Hogmanay ceilidh,S015,Helen Browning’s Organic,Organic Corned Beef,0.2758,29,True
8XtwTCsUgQz3PDsMdR,Hogmanay ceilidh,S016,Dr. Will’s,Avocado Oil Mayo,0.3204,27,True
8XtwTCsUgQz3PDsMdR,Hogmanay ceilidh,S017,Dr. Will’s,Buffalo Hot Sauce,0.5777,14,True
8XtwTCsUgQz3PDsMdR,Hogmanay ceilidh,S018,EP!C Snax Co.,Plant Power Toastin’ Marshmallows,0.4504,19,True
8XtwTCsUgQz3PDsMdR,Hogmanay ceilidh,S019,EP!C Snax Co.,Giant Toastin’ Marshmallows,0.3891,22,True
8XtwTCsUgQz3PDsMdR,Hogmanay ceilidh,S020,ötzibrew,Organic Dandelion & Burdock Root Coffee Alternative,0.1274,53,True
8XtwTCsUgQz3PDsMdR,Hogmanay ceilidh,S021,OOM,Balance,0.2581,31,True
8XtwTCsUgQz3PDsMdR,Hogmanay ceilidh,S022,ChariTea,Mate Sparkling,0.1311,51,True
8XtwTCsUgQz3PDsMdR,Hogmanay ceilidh,S023,mindfuel flow,Mushroom Iced Latte — Salted Caramel,0.1289,52,True
8XtwTCsUgQz3PDsMdR,Hogmanay ceilidh,S024,Lowrise,Lager,0.5884,13,True
8XtwTCsUgQz3PDsMdR,Hogmanay ceilidh,S025,DASH,Pink Lady Apple Sparkling Water,0.0836,65,True
8XtwTCsUgQz3PDsMdR,Hogmanay ceilidh,S026,Lowrise,Hazy Pale,0.5884,12,True
8XtwTCsUgQz3PDsMdR,Hogmanay ceilidh,S027,Pentire,Coastal Spritz,0.6529,10,True
8XtwTCsUgQz3PDsMdR,Hogmanay ceilidh,S028,Gut Food / Ferment Fizz,Orange & Mango Lemonade,0.2139,37,True
8XtwTCsUgQz3PDsMdR,Hogmanay ceilidh,S029,Gut Food / Ferment Fizz,Lemon & Raspberry Lemonade,0.2015,42,True
8XtwTCsUgQz3PDsMdR,Hogmanay ceilidh,S030,Navas,Original Tonic Water,0.7525,3,True
8XtwTCsUgQz3PDsMdR,Hogmanay ceilidh,S031,Navas,Fiery Ginger Beer,0.7473,4,True
8XtwTCsUgQz3PDsMdR,Hogmanay ceilidh,S032,Gut Food / Ferment Fizz,Lemon Lemonade,0.1995,43,True
8XtwTCsUgQz3PDsMdR,Hogmanay ceilidh,S033,JimJams,Hazelnut Chocolate Spread,0.4115,20,True
8XtwTCsUgQz3PDsMdR,Hogmanay ceilidh,S034,Pentire,Adrift,0.7118,6,True
8XtwTCsUgQz3PDsMdR,Hogmanay ceilidh,S035,The London Essence Co.,Original Indian Tonic Water,0.6925,7,True
8XtwTCsUgQz3PDsMdR,Hogmanay ceilidh,S036,Double Dutch,Indian Tonic Water,0.7875,1,True
8XtwTCsUgQz3PDsMdR,Hogmanay ceilidh,S037,Double ‘D’,Savvy Sweets Sour Bears,0.2086,38,True
8XtwTCsUgQz3PDsMdR,Hogmanay ceilidh,S038,Coco Cubes,Chocolate Coconut Bites,0.1661,49,True
8XtwTCsUgQz3PDsMdR,Hogmanay ceilidh,S039,teapigs,Super Fruit,0.1206,54,True
8XtwTCsUgQz3PDsMdR,Hogmanay ceilidh,S040,The Protein Ball Co.,Stuffed — Matcha & Vanilla,0.1121,56,True
8XtwTCsUgQz3PDsMdR,Hogmanay ceilidh,S041,The Original Chicken Crackling,Chicken Salt,0.6651,9,True
8XtwTCsUgQz3PDsMdR,Hogmanay ceilidh,S042,Blanco Niño,Creamy Jalapeño Tortilla Chips,0.3841,24,True
8XtwTCsUgQz3PDsMdR,Hogmanay ceilidh,S043,Blanco Niño,Chilli & Lime Tortilla Chips,0.3841,23,True
8XtwTCsUgQz3PDsMdR,Hogmanay ceilidh,S044,Saucerer,Pasta Sauce — Wild Mushroom & Truffle,0.5089,17,True
8XtwTCsUgQz3PDsMdR,Hogmanay ceilidh,S045,The Curators,Pork Puffs — Smoky Bacon,0.0614,68,True
8XtwTCsUgQz3PDsMdR,Hogmanay ceilidh,S046,Love Hemp,Sours Calm — Sour Orange CBD Gummies,0.0989,59,True
8XtwTCsUgQz3PDsMdR,Hogmanay ceilidh,S047,Ottolenghi,Miso Pesto,0.6499,11,True
8XtwTCsUgQz3PDsMdR,Hogmanay ceilidh,S048,Sunfly,Sunflower Seed Butter — Crunchy,0.3117,28,True
8XtwTCsUgQz3PDsMdR,Hogmanay ceilidh,S049,ape2o,GO Steel Bottle — Turtle,0.0696,67,True
8XtwTCsUgQz3PDsMdR,Hogmanay ceilidh,S050,Goodrays,Raspberry & Guava CBD Drink,0.0979,60,True
8XtwTCsUgQz3PDsMdR,Hogmanay ceilidh,S051,Little’s,Toffee Nut Flavour Infused Instant Coffee,0.1033,57,True
8XtwTCsUgQz3PDsMdR,Hogmanay ceilidh,S052,WelleCo,The Hydro Protein Elixir — Passionfruit,0.0533,70,True
8XtwTCsUgQz3PDsMdR,Hogmanay ceilidh,S053,HOOP,Plantain Chips — Lemon Pepper,0.183,48,True
8XtwTCsUgQz3PDsMdR,Hogmanay ceilidh,S054,neat sweets,Fruity Berries,0.191,45,True
8XtwTCsUgQz3PDsMdR,Hogmanay ceilidh,S055,FREEE,Organic Banana & Chocolate Oat Bar,0.1332,50,True
8XtwTCsUgQz3PDsMdR,Hogmanay ceilidh,S056,SUCSEED,Energy,0.4512,18,True
8XtwTCsUgQz3PDsMdR,Hogmanay ceilidh,S057,OOM,Calm,0.0586,69,True
8XtwTCsUgQz3PDsMdR,Hogmanay ceilidh,S058,sleep toniq,Sleep Toniq,0.2264,35,True
8XtwTCsUgQz3PDsMdR,Hogmanay ceilidh,S059,iLOVE SNACKS,Sicilian Lemon Pistachios,0.1926,44,True
8XtwTCsUgQz3PDsMdR,Hogmanay ceilidh,S060,Simply Roasted,Hot Honey Potato Crisps,0.2056,39,True
8XtwTCsUgQz3PDsMdR,Hogmanay ceilidh,S061,Simply Roasted,Sea Salt Potato Crisps,0.2675,30,True
8XtwTCsUgQz3PDsMdR,Hogmanay ceilidh,S062,Root Tea,Lemon Tea Blend,0.0958,64,True
8XtwTCsUgQz3PDsMdR,Hogmanay ceilidh,S063,Fever-Tree,Refreshingly Light Elderflower Tonic Water,0.7379,5,True
8XtwTCsUgQz3PDsMdR,Hogmanay ceilidh,S064,Folc,English Sparkling Rosé NV,0.5491,16,True
8XtwTCsUgQz3PDsMdR,Hogmanay ceilidh,S065,Folc,Dry English Rosé,0.7807,2,True
8XtwTCsUgQz3PDsMdR,Hogmanay ceilidh,S066,Penrhos,Handcrafted Dry Gin,0.5541,15,True
8XtwTCsUgQz3PDsMdR,Hogmanay ceilidh,S067,Mission,Lemon & Ginseng Natural Energy Drink,0.1195,55,True
8XtwTCsUgQz3PDsMdR,Hogmanay ceilidh,S068,Ombar,Pistachio Cream — 60% Dark Chocolate,0.3535,25,True
8XtwTCsUgQz3PDsMdR,Hogmanay ceilidh,S069,Mr Filbert’s,Teriyaki Mochi Rice Bites,0.6777,8,True
8XtwTCsUgQz3PDsMdR,Hogmanay ceilidh,S070,NOMO,Caramel Choc Bar,0.1908,46,True
8sUquxZwjc4zN2nw6z,Frank Sinatra Tribute - New Year's Eve Celebration,S001,All That Matters,Superfood Puffs — Peri-Peri,0.2341,47,True
8sUquxZwjc4zN2nw6z,Frank Sinatra Tribute - New Year's Eve Celebration,S002,Simply Roasted,Black Truffle Potato Crisps,0.1705,56,True
8sUquxZwjc4zN2nw6z,Frank Sinatra Tribute - New Year's Eve Celebration,S003,Simply Roasted,Sour Cream & Chive Potato Crisps,0.174,55,True
8sUquxZwjc4zN2nw6z,Frank Sinatra Tribute - New Year's Eve Celebration,S004,Simply Roasted,Barbecue Potato Crisps,0.1667,57,True
8sUquxZwjc4zN2nw6z,Frank Sinatra Tribute - New Year's Eve Celebration,S005,The Protein Ball Co.,Salted Caramel Protein Balls,0.3045,39,True
8sUquxZwjc4zN2nw6z,Frank Sinatra Tribute - New Year's Eve Celebration,S006,The Protein Ball Co.,Original Peanut Butter Protein Balls,0.072,70,True
8sUquxZwjc4zN2nw6z,Frank Sinatra Tribute - New Year's Eve Celebration,S007,Well & Truly,Thins — Rich Cheddar & Gouda with a Hint of Jalapeño,0.2466,44,True
8sUquxZwjc4zN2nw6z,Frank Sinatra Tribute - New Year's Eve Celebration,S008,INDI,Brain Bar,0.3837,22,True
8sUquxZwjc4zN2nw6z,Frank Sinatra Tribute - New Year's Eve Celebration,S009,Kooky,Gently Dried Chewy Mango,0.3554,27,True
8sUquxZwjc4zN2nw6z,Frank Sinatra Tribute - New Year's Eve Celebration,S010,Well & Truly,Crunchies — Smokey Paprika,0.154,60,True
8sUquxZwjc4zN2nw6z,Frank Sinatra Tribute - New Year's Eve Celebration,S011,Well & Truly,Crunchies — Really Cheesy,0.154,59,True
8sUquxZwjc4zN2nw6z,Frank Sinatra Tribute - New Year's Eve Celebration,S012,Well & Truly,Crunchies — Smokey Bacon,0.3848,21,True
8sUquxZwjc4zN2nw6z,Frank Sinatra Tribute - New Year's Eve Celebration,S013,Well & Truly,Crunchies — Sea Salt & Cider Vinegar,0.1366,63,True
8sUquxZwjc4zN2nw6z,Frank Sinatra Tribute - New Year's Eve Celebration,S014,Well & Truly,Fudge & Brownie Oat M&lk Chocolate,0.4104,20,True
8sUquxZwjc4zN2nw6z,Frank Sinatra Tribute - New Year's Eve Celebration,S015,Helen Browning’s Organic,Organic Corned Beef,0.5174,4,True
8sUquxZwjc4zN2nw6z,Frank Sinatra Tribute - New Year's Eve Celebration,S016,Dr. Will’s,Avocado Oil Mayo,0.3495,30,True
8sUquxZwjc4zN2nw6z,Frank Sinatra Tribute - New Year's Eve Celebration,S017,Dr. Will’s,Buffalo Hot Sauce,0.4473,14,True
8sUquxZwjc4zN2nw6z,Frank Sinatra Tribute - New Year's Eve Celebration,S018,EP!C Snax Co.,Plant Power Toastin’ Marshmallows,0.5136,6,True
8sUquxZwjc4zN2nw6z,Frank Sinatra Tribute - New Year's Eve Celebration,S019,EP!C Snax Co.,Giant Toastin’ Marshmallows,0.2033,51,True
8sUquxZwjc4zN2nw6z,Frank Sinatra Tribute - New Year's Eve Celebration,S020,ötzibrew,Organic Dandelion & Burdock Root Coffee Alternative,0.351,29,True
8sUquxZwjc4zN2nw6z,Frank Sinatra Tribute - New Year's Eve Celebration,S021,OOM,Balance,0.2159,49,True
8sUquxZwjc4zN2nw6z,Frank Sinatra Tribute - New Year's Eve Celebration,S022,ChariTea,Mate Sparkling,0.531,2,True
8sUquxZwjc4zN2nw6z,Frank Sinatra Tribute - New Year's Eve Celebration,S023,mindfuel flow,Mushroom Iced Latte — Salted Caramel,0.3521,28,True
8sUquxZwjc4zN2nw6z,Frank Sinatra Tribute - New Year's Eve Celebration,S024,Lowrise,Lager,0.5098,9,True
8sUquxZwjc4zN2nw6z,Frank Sinatra Tribute - New Year's Eve Celebration,S025,DASH,Pink Lady Apple Sparkling Water,0.1436,62,True
8sUquxZwjc4zN2nw6z,Frank Sinatra Tribute - New Year's Eve Celebration,S026,Lowrise,Hazy Pale,0.5098,10,True
8sUquxZwjc4zN2nw6z,Frank Sinatra Tribute - New Year's Eve Celebration,S027,Pentire,Coastal Spritz,0.3176,36,True
8sUquxZwjc4zN2nw6z,Frank Sinatra Tribute - New Year's Eve Celebration,S028,Gut Food / Ferment Fizz,Orange & Mango Lemonade,0.2437,45,True
8sUquxZwjc4zN2nw6z,Frank Sinatra Tribute - New Year's Eve Celebration,S029,Gut Food / Ferment Fizz,Lemon & Raspberry Lemonade,0.1307,65,True
8sUquxZwjc4zN2nw6z,Frank Sinatra Tribute - New Year's Eve Celebration,S030,Navas,Original Tonic Water,0.324,35,True
8sUquxZwjc4zN2nw6z,Frank Sinatra Tribute - New Year's Eve Celebration,S031,Navas,Fiery Ginger Beer,0.3439,32,True
8sUquxZwjc4zN2nw6z,Frank Sinatra Tribute - New Year's Eve Celebration,S032,Gut Food / Ferment Fizz,Lemon Lemonade,0.1292,66,True
8sUquxZwjc4zN2nw6z,Frank Sinatra Tribute - New Year's Eve Celebration,S033,JimJams,Hazelnut Chocolate Spread,0.4162,18,True
8sUquxZwjc4zN2nw6z,Frank Sinatra Tribute - New Year's Eve Celebration,S034,Pentire,Adrift,0.3489,31,True
8sUquxZwjc4zN2nw6z,Frank Sinatra Tribute - New Year's Eve Celebration,S035,The London Essence Co.,Original Indian Tonic Water,0.329,34,True
8sUquxZwjc4zN2nw6z,Frank Sinatra Tribute - New Year's Eve Celebration,S036,Double Dutch,Indian Tonic Water,0.424,17,True
8sUquxZwjc4zN2nw6z,Frank Sinatra Tribute - New Year's Eve Celebration,S037,Double ‘D’,Savvy Sweets Sour Bears,0.3684,25,True
8sUquxZwjc4zN2nw6z,Frank Sinatra Tribute - New Year's Eve Celebration,S038,Coco Cubes,Chocolate Coconut Bites,0.4113,19,True
8sUquxZwjc4zN2nw6z,Frank Sinatra Tribute - New Year's Eve Celebration,S039,teapigs,Super Fruit,0.5012,12,True
8sUquxZwjc4zN2nw6z,Frank Sinatra Tribute - New Year's Eve Celebration,S040,The Protein Ball Co.,Stuffed — Matcha & Vanilla,0.226,48,True
8sUquxZwjc4zN2nw6z,Frank Sinatra Tribute - New Year's Eve Celebration,S041,The Original Chicken Crackling,Chicken Salt,0.4333,16,True
8sUquxZwjc4zN2nw6z,Frank Sinatra Tribute - New Year's Eve Celebration,S042,Blanco Niño,Creamy Jalapeño Tortilla Chips,0.512,8,True
8sUquxZwjc4zN2nw6z,Frank Sinatra Tribute - New Year's Eve Celebration,S043,Blanco Niño,Chilli & Lime Tortilla Chips,0.512,7,True
8sUquxZwjc4zN2nw6z,Frank Sinatra Tribute - New Year's Eve Celebration,S044,Saucerer,Pasta Sauce — Wild Mushroom & Truffle,0.5013,11,True
8sUquxZwjc4zN2nw6z,Frank Sinatra Tribute - New Year's Eve Celebration,S045,The Curators,Pork Puffs — Smoky Bacon,0.0976,69,True
8sUquxZwjc4zN2nw6z,Frank Sinatra Tribute - New Year's Eve Celebration,S046,Love Hemp,Sours Calm — Sour Orange CBD Gummies,0.1197,68,True
8sUquxZwjc4zN2nw6z,Frank Sinatra Tribute - New Year's Eve Celebration,S047,Ottolenghi,Miso Pesto,0.5137,5,True
8sUquxZwjc4zN2nw6z,Frank Sinatra Tribute - New Year's Eve Celebration,S048,Sunfly,Sunflower Seed Butter — Crunchy,0.2956,40,True
8sUquxZwjc4zN2nw6z,Frank Sinatra Tribute - New Year's Eve Celebration,S049,ape2o,GO Steel Bottle — Turtle,0.2913,41,True
8sUquxZwjc4zN2nw6z,Frank Sinatra Tribute - New Year's Eve Celebration,S050,Goodrays,Raspberry & Guava CBD Drink,0.1317,64,True
8sUquxZwjc4zN2nw6z,Frank Sinatra Tribute - New Year's Eve Celebration,S051,Little’s,Toffee Nut Flavour Infused Instant Coffee,0.1564,58,True
8sUquxZwjc4zN2nw6z,Frank Sinatra Tribute - New Year's Eve Celebration,S052,WelleCo,The Hydro Protein Elixir — Passionfruit,0.1259,67,True
8sUquxZwjc4zN2nw6z,Frank Sinatra Tribute - New Year's Eve Celebration,S053,HOOP,Plantain Chips — Lemon Pepper,0.3169,37,True
8sUquxZwjc4zN2nw6z,Frank Sinatra Tribute - New Year's Eve Celebration,S054,neat sweets,Fruity Berries,0.1949,52,True
8sUquxZwjc4zN2nw6z,Frank Sinatra Tribute - New Year's Eve Celebration,S055,FREEE,Organic Banana & Chocolate Oat Bar,0.3778,23,True
8sUquxZwjc4zN2nw6z,Frank Sinatra Tribute - New Year's Eve Celebration,S056,SUCSEED,Energy,0.6807,1,True
8sUquxZwjc4zN2nw6z,Frank Sinatra Tribute - New Year's Eve Celebration,S057,OOM,Calm,0.1499,61,True
8sUquxZwjc4zN2nw6z,Frank Sinatra Tribute - New Year's Eve Celebration,S058,sleep toniq,Sleep Toniq,0.2405,46,True
8sUquxZwjc4zN2nw6z,Frank Sinatra Tribute - New Year's Eve Celebration,S059,iLOVE SNACKS,Sicilian Lemon Pistachios,0.3723,24,True
8sUquxZwjc4zN2nw6z,Frank Sinatra Tribute - New Year's Eve Celebration,S060,Simply Roasted,Hot Honey Potato Crisps,0.1782,54,True
8sUquxZwjc4zN2nw6z,Frank Sinatra Tribute - New Year's Eve Celebration,S061,Simply Roasted,Sea Salt Potato Crisps,0.188,53,True
8sUquxZwjc4zN2nw6z,Frank Sinatra Tribute - New Year's Eve Celebration,S062,Root Tea,Lemon Tea Blend,0.247,43,True
8sUquxZwjc4zN2nw6z,Frank Sinatra Tribute - New Year's Eve Celebration,S063,Fever-Tree,Refreshingly Light Elderflower Tonic Water,0.437,15,True
8sUquxZwjc4zN2nw6z,Frank Sinatra Tribute - New Year's Eve Celebration,S064,Folc,English Sparkling Rosé NV,0.2106,50,True
8sUquxZwjc4zN2nw6z,Frank Sinatra Tribute - New Year's Eve Celebration,S065,Folc,Dry English Rosé,0.5193,3,True
8sUquxZwjc4zN2nw6z,Frank Sinatra Tribute - New Year's Eve Celebration,S066,Penrhos,Handcrafted Dry Gin,0.4824,13,True
8sUquxZwjc4zN2nw6z,Frank Sinatra Tribute - New Year's Eve Celebration,S067,Mission,Lemon & Ginseng Natural Energy Drink,0.2851,42,True
8sUquxZwjc4zN2nw6z,Frank Sinatra Tribute - New Year's Eve Celebration,S068,Ombar,Pistachio Cream — 60% Dark Chocolate,0.3578,26,True
8sUquxZwjc4zN2nw6z,Frank Sinatra Tribute - New Year's Eve Celebration,S069,Mr Filbert’s,Teriyaki Mochi Rice Bites,0.3431,33,True
8sUquxZwjc4zN2nw6z,Frank Sinatra Tribute - New Year's Eve Celebration,S070,NOMO,Caramel Choc Bar,0.3121,38,True
Ce8dfnXeUs5irJgCim,"Whitney Houston Tribute Night - Shirley, Solihull",S001,All That Matters,Superfood Puffs — Peri-Peri,0.3245,28,True
Ce8dfnXeUs5irJgCim,"Whitney Houston Tribute Night - Shirley, Solihull",S002,Simply Roasted,Black Truffle Potato Crisps,0.1708,60,True
Ce8dfnXeUs5irJgCim,"Whitney Houston Tribute Night - Shirley, Solihull",S003,Simply Roasted,Sour Cream & Chive Potato Crisps,0.2104,51,True
Ce8dfnXeUs5irJgCim,"Whitney Houston Tribute Night - Shirley, Solihull",S004,Simply Roasted,Barbecue Potato Crisps,0.167,62,True
Ce8dfnXeUs5irJgCim,"Whitney Houston Tribute Night - Shirley, Solihull",S005,The Protein Ball Co.,Salted Caramel Protein Balls,0.2359,42,True
Ce8dfnXeUs5irJgCim,"Whitney Houston Tribute Night - Shirley, Solihull",S006,The Protein Ball Co.,Original Peanut Butter Protein Balls,0.1116,67,True
Ce8dfnXeUs5irJgCim,"Whitney Houston Tribute Night - Shirley, Solihull",S007,Well & Truly,Thins — Rich Cheddar & Gouda with a Hint of Jalapeño,0.2721,35,True
Ce8dfnXeUs5irJgCim,"Whitney Houston Tribute Night - Shirley, Solihull",S008,INDI,Brain Bar,0.2246,46,True
Ce8dfnXeUs5irJgCim,"Whitney Houston Tribute Night - Shirley, Solihull",S009,Kooky,Gently Dried Chewy Mango,0.2504,38,True
Ce8dfnXeUs5irJgCim,"Whitney Houston Tribute Night - Shirley, Solihull",S010,Well & Truly,Crunchies — Smokey Paprika,0.1734,58,True
Ce8dfnXeUs5irJgCim,"Whitney Houston Tribute Night - Shirley, Solihull",S011,Well & Truly,Crunchies — Really Cheesy,0.1734,59,True
Ce8dfnXeUs5irJgCim,"Whitney Houston Tribute Night - Shirley, Solihull",S012,Well & Truly,Crunchies — Smokey Bacon,0.2222,47,True
Ce8dfnXeUs5irJgCim,"Whitney Houston Tribute Night - Shirley, Solihull",S013,Well & Truly,Crunchies — Sea Salt & Cider Vinegar,0.156,64,True
Ce8dfnXeUs5irJgCim,"Whitney Houston Tribute Night - Shirley, Solihull",S014,Well & Truly,Fudge & Brownie Oat M&lk Chocolate,0.3281,26,True
Ce8dfnXeUs5irJgCim,"Whitney Houston Tribute Night - Shirley, Solihull",S015,Helen Browning’s Organic,Organic Corned Beef,0.2773,33,True
Ce8dfnXeUs5irJgCim,"Whitney Houston Tribute Night - Shirley, Solihull",S016,Dr. Will’s,Avocado Oil Mayo,0.2059,52,True
Ce8dfnXeUs5irJgCim,"Whitney Houston Tribute Night - Shirley, Solihull",S017,Dr. Will’s,Buffalo Hot Sauce,0.3923,17,True
Ce8dfnXeUs5irJgCim,"Whitney Houston Tribute Night - Shirley, Solihull",S018,EP!C Snax Co.,Plant Power Toastin’ Marshmallows,0.461,9,True
Ce8dfnXeUs5irJgCim,"Whitney Houston Tribute Night - Shirley, Solihull",S019,EP!C Snax Co.,Giant Toastin’ Marshmallows,0.3316,25,True
Ce8dfnXeUs5irJgCim,"Whitney Houston Tribute Night - Shirley, Solihull",S020,ötzibrew,Organic Dandelion & Burdock Root Coffee Alternative,0.1947,53,True
Ce8dfnXeUs5irJgCim,"Whitney Houston Tribute Night - Shirley, Solihull",S021,OOM,Balance,0.2323,43,True
Ce8dfnXeUs5irJgCim,"Whitney Houston Tribute Night - Shirley, Solihull",S022,ChariTea,Mate Sparkling,0.2264,45,True
Ce8dfnXeUs5irJgCim,"Whitney Houston Tribute Night - Shirley, Solihull",S023,mindfuel flow,Mushroom Iced Latte — Salted Caramel,0.389,18,True
Ce8dfnXeUs5irJgCim,"Whitney Houston Tribute Night - Shirley, Solihull",S024,Lowrise,Lager,0.542,2,True
Ce8dfnXeUs5irJgCim,"Whitney Houston Tribute Night - Shirley, Solihull",S025,DASH,Pink Lady Apple Sparkling Water,0.162,63,True
Ce8dfnXeUs5irJgCim,"Whitney Houston Tribute Night - Shirley, Solihull",S026,Lowrise,Hazy Pale,0.542,3,True
Ce8dfnXeUs5irJgCim,"Whitney Houston Tribute Night - Shirley, Solihull",S027,Pentire,Coastal Spritz,0.3986,15,True
Ce8dfnXeUs5irJgCim,"Whitney Houston Tribute Night - Shirley, Solihull",S028,Gut Food / Ferment Fizz,Orange & Mango Lemonade,0.2563,36,True
Ce8dfnXeUs5irJgCim,"Whitney Houston Tribute Night - Shirley, Solihull",S029,Gut Food / Ferment Fizz,Lemon & Raspberry Lemonade,0.2159,48,True
Ce8dfnXeUs5irJgCim,"Whitney Houston Tribute Night - Shirley, Solihull",S030,Navas,Original Tonic Water,0.3959,16,True
Ce8dfnXeUs5irJgCim,"Whitney Houston Tribute Night - Shirley, Solihull",S031,Navas,Fiery Ginger Beer,0.5366,4,True
Ce8dfnXeUs5irJgCim,"Whitney Houston Tribute Night - Shirley, Solihull",S032,Gut Food / Ferment Fizz,Lemon Lemonade,0.2138,50,True
Ce8dfnXeUs5irJgCim,"Whitney Houston Tribute Night - Shirley, Solihull",S033,JimJams,Hazelnut Chocolate Spread,0.3848,19,True
Ce8dfnXeUs5irJgCim,"Whitney Houston Tribute Night - Shirley, Solihull",S034,Pentire,Adrift,0.5141,5,True
Ce8dfnXeUs5irJgCim,"Whitney Houston Tribute Night - Shirley, Solihull",S035,The London Essence Co.,Original Indian Tonic Water,0.4693,7,True
Ce8dfnXeUs5irJgCim,"Whitney Houston Tribute Night - Shirley, Solihull",S036,Double Dutch,Indian Tonic Water,0.4538,11,True
Ce8dfnXeUs5irJgCim,"Whitney Houston Tribute Night - Shirley, Solihull",S037,Double ‘D’,Savvy Sweets Sour Bears,0.3176,29,True
Ce8dfnXeUs5irJgCim,"Whitney Houston Tribute Night - Shirley, Solihull",S038,Coco Cubes,Chocolate Coconut Bites,0.3016,31,True
Ce8dfnXeUs5irJgCim,"Whitney Houston Tribute Night - Shirley, Solihull",S039,teapigs,Super Fruit,0.2155,49,True
Ce8dfnXeUs5irJgCim,"Whitney Houston Tribute Night - Shirley, Solihull",S040,The Protein Ball Co.,Stuffed — Matcha & Vanilla,0.3823,20,True
Ce8dfnXeUs5irJgCim,"Whitney Houston Tribute Night - Shirley, Solihull",S041,The Original Chicken Crackling,Chicken Salt,0.4645,8,True
Ce8dfnXeUs5irJgCim,"Whitney Houston Tribute Night - Shirley, Solihull",S042,Blanco Niño,Creamy Jalapeño Tortilla Chips,0.3566,23,True
Ce8dfnXeUs5irJgCim,"Whitney Houston Tribute Night - Shirley, Solihull",S043,Blanco Niño,Chilli & Lime Tortilla Chips,0.3566,24,True
Ce8dfnXeUs5irJgCim,"Whitney Houston Tribute Night - Shirley, Solihull",S044,Saucerer,Pasta Sauce — Wild Mushroom & Truffle,0.4566,10,True
Ce8dfnXeUs5irJgCim,"Whitney Houston Tribute Night - Shirley, Solihull",S045,The Curators,Pork Puffs — Smoky Bacon,0.1069,68,True
Ce8dfnXeUs5irJgCim,"Whitney Houston Tribute Night - Shirley, Solihull",S046,Love Hemp,Sours Calm — Sour Orange CBD Gummies,0.4149,14,True
Ce8dfnXeUs5irJgCim,"Whitney Houston Tribute Night - Shirley, Solihull",S047,Ottolenghi,Miso Pesto,0.381,21,True
Ce8dfnXeUs5irJgCim,"Whitney Houston Tribute Night - Shirley, Solihull",S048,Sunfly,Sunflower Seed Butter — Crunchy,0.1904,54,True
Ce8dfnXeUs5irJgCim,"Whitney Houston Tribute Night - Shirley, Solihull",S049,ape2o,GO Steel Bottle — Turtle,0.1303,66,True
Ce8dfnXeUs5irJgCim,"Whitney Houston Tribute Night - Shirley, Solihull",S050,Goodrays,Raspberry & Guava CBD Drink,0.2854,32,True
Ce8dfnXeUs5irJgCim,"Whitney Houston Tribute Night - Shirley, Solihull",S051,Little’s,Toffee Nut Flavour Infused Instant Coffee,0.1068,69,True
Ce8dfnXeUs5irJgCim,"Whitney Houston Tribute Night - Shirley, Solihull",S052,WelleCo,The Hydro Protein Elixir — Passionfruit,0.0732,70,True
Ce8dfnXeUs5irJgCim,"Whitney Houston Tribute Night - Shirley, Solihull",S053,HOOP,Plantain Chips — Lemon Pepper,0.237,41,True
Ce8dfnXeUs5irJgCim,"Whitney Houston Tribute Night - Shirley, Solihull",S054,neat sweets,Fruity Berries,0.2441,40,True
Ce8dfnXeUs5irJgCim,"Whitney Houston Tribute Night - Shirley, Solihull",S055,FREEE,Organic Banana & Chocolate Oat Bar,0.2468,39,True
Ce8dfnXeUs5irJgCim,"Whitney Houston Tribute Night - Shirley, Solihull",S056,SUCSEED,Energy,0.4262,13,True
Ce8dfnXeUs5irJgCim,"Whitney Houston Tribute Night - Shirley, Solihull",S057,OOM,Calm,0.1362,65,True
Ce8dfnXeUs5irJgCim,"Whitney Houston Tribute Night - Shirley, Solihull",S058,sleep toniq,Sleep Toniq,0.2302,44,True
Ce8dfnXeUs5irJgCim,"Whitney Houston Tribute Night - Shirley, Solihull",S059,iLOVE SNACKS,Sicilian Lemon Pistachios,0.1753,57,True
Ce8dfnXeUs5irJgCim,"Whitney Houston Tribute Night - Shirley, Solihull",S060,Simply Roasted,Hot Honey Potato Crisps,0.1785,56,True
Ce8dfnXeUs5irJgCim,"Whitney Houston Tribute Night - Shirley, Solihull",S061,Simply Roasted,Sea Salt Potato Crisps,0.1884,55,True
Ce8dfnXeUs5irJgCim,"Whitney Houston Tribute Night - Shirley, Solihull",S062,Root Tea,Lemon Tea Blend,0.17,61,True
Ce8dfnXeUs5irJgCim,"Whitney Houston Tribute Night - Shirley, Solihull",S063,Fever-Tree,Refreshingly Light Elderflower Tonic Water,0.6059,1,True
Ce8dfnXeUs5irJgCim,"Whitney Houston Tribute Night - Shirley, Solihull",S064,Folc,English Sparkling Rosé NV,0.2551,37,True
Ce8dfnXeUs5irJgCim,"Whitney Houston Tribute Night - Shirley, Solihull",S065,Folc,Dry English Rosé,0.5076,6,True
Ce8dfnXeUs5irJgCim,"Whitney Houston Tribute Night - Shirley, Solihull",S066,Penrhos,Handcrafted Dry Gin,0.3807,22,True
Ce8dfnXeUs5irJgCim,"Whitney Houston Tribute Night - Shirley, Solihull",S067,Mission,Lemon & Ginseng Natural Energy Drink,0.2769,34,True
Ce8dfnXeUs5irJgCim,"Whitney Houston Tribute Night - Shirley, Solihull",S068,Ombar,Pistachio Cream — 60% Dark Chocolate,0.3273,27,True
Ce8dfnXeUs5irJgCim,"Whitney Houston Tribute Night - Shirley, Solihull",S069,Mr Filbert’s,Teriyaki Mochi Rice Bites,0.4266,12,True
Ce8dfnXeUs5irJgCim,"Whitney Houston Tribute Night - Shirley, Solihull",S070,NOMO,Caramel Choc Bar,0.3028,30,True
PnfMdhNHZxFX9emZhA,Neon Nights and New Year Lights,S001,All That Matters,Superfood Puffs — Peri-Peri,0.4117,12,True
PnfMdhNHZxFX9emZhA,Neon Nights and New Year Lights,S002,Simply Roasted,Black Truffle Potato Crisps,0.2989,38,True
PnfMdhNHZxFX9emZhA,Neon Nights and New Year Lights,S003,Simply Roasted,Sour Cream & Chive Potato Crisps,0.3351,30,True
PnfMdhNHZxFX9emZhA,Neon Nights and New Year Lights,S004,Simply Roasted,Barbecue Potato Crisps,0.2951,39,True
PnfMdhNHZxFX9emZhA,Neon Nights and New Year Lights,S005,The Protein Ball Co.,Salted Caramel Protein Balls,0.3211,34,True
PnfMdhNHZxFX9emZhA,Neon Nights and New Year Lights,S006,The Protein Ball Co.,Original Peanut Butter Protein Balls,0.2565,49,True
PnfMdhNHZxFX9emZhA,Neon Nights and New Year Lights,S007,Well & Truly,Thins — Rich Cheddar & Gouda with a Hint of Jalapeño,0.2906,43,True
PnfMdhNHZxFX9emZhA,Neon Nights and New Year Lights,S008,INDI,Brain Bar,0.2401,54,True
PnfMdhNHZxFX9emZhA,Neon Nights and New Year Lights,S009,Kooky,Gently Dried Chewy Mango,0.4113,13,True
PnfMdhNHZxFX9emZhA,Neon Nights and New Year Lights,S010,Well & Truly,Crunchies — Smokey Paprika,0.4014,14,True
PnfMdhNHZxFX9emZhA,Neon Nights and New Year Lights,S011,Well & Truly,Crunchies — Really Cheesy,0.4014,15,True
PnfMdhNHZxFX9emZhA,Neon Nights and New Year Lights,S012,Well & Truly,Crunchies — Smokey Bacon,0.2502,51,True
PnfMdhNHZxFX9emZhA,Neon Nights and New Year Lights,S013,Well & Truly,Crunchies — Sea Salt & Cider Vinegar,0.384,19,True
PnfMdhNHZxFX9emZhA,Neon Nights and New Year Lights,S014,Well & Truly,Fudge & Brownie Oat M&lk Chocolate,0.3087,35,True
PnfMdhNHZxFX9emZhA,Neon Nights and New Year Lights,S015,Helen Browning’s Organic,Organic Corned Beef,0.2181,61,True
PnfMdhNHZxFX9emZhA,Neon Nights and New Year Lights,S016,Dr. Will’s,Avocado Oil Mayo,0.3403,29,True
PnfMdhNHZxFX9emZhA,Neon Nights and New Year Lights,S017,Dr. Will’s,Buffalo Hot Sauce,0.4901,8,True
PnfMdhNHZxFX9emZhA,Neon Nights and New Year Lights,S018,EP!C Snax Co.,Plant Power Toastin’ Marshmallows,0.5103,5,True
PnfMdhNHZxFX9emZhA,Neon Nights and New Year Lights,S019,EP!C Snax Co.,Giant Toastin’ Marshmallows,0.2616,47,True
PnfMdhNHZxFX9emZhA,Neon Nights and New Year Lights,S020,ötzibrew,Organic Dandelion & Burdock Root Coffee Alternative,0.1309,67,True
PnfMdhNHZxFX9emZhA,Neon Nights and New Year Lights,S021,OOM,Balance,0.2515,50,True
PnfMdhNHZxFX9emZhA,Neon Nights and New Year Lights,S022,ChariTea,Mate Sparkling,0.1978,62,True
PnfMdhNHZxFX9emZhA,Neon Nights and New Year Lights,S023,mindfuel flow,Mushroom Iced Latte — Salted Caramel,0.4501,11,True
PnfMdhNHZxFX9emZhA,Neon Nights and New Year Lights,S024,Lowrise,Lager,0.5202,4,True
PnfMdhNHZxFX9emZhA,Neon Nights and New Year Lights,S025,DASH,Pink Lady Apple Sparkling Water,0.2458,52,True
PnfMdhNHZxFX9emZhA,Neon Nights and New Year Lights,S026,Lowrise,Hazy Pale,0.5202,3,True
PnfMdhNHZxFX9emZhA,Neon Nights and New Year Lights,S027,Pentire,Coastal Spritz,0.2928,41,True
PnfMdhNHZxFX9emZhA,Neon Nights and New Year Lights,S028,Gut Food / Ferment Fizz,Orange & Mango Lemonade,0.2391,55,True
PnfMdhNHZxFX9emZhA,Neon Nights and New Year Lights,S029,Gut Food / Ferment Fizz,Lemon & Raspberry Lemonade,0.2263,57,True
PnfMdhNHZxFX9emZhA,Neon Nights and New Year Lights,S030,Navas,Original Tonic Water,0.2924,42,True
PnfMdhNHZxFX9emZhA,Neon Nights and New Year Lights,S031,Navas,Fiery Ginger Beer,0.4003,16,True
PnfMdhNHZxFX9emZhA,Neon Nights and New Year Lights,S032,Gut Food / Ferment Fizz,Lemon Lemonade,0.2196,60,True
PnfMdhNHZxFX9emZhA,Neon Nights and New Year Lights,S033,JimJams,Hazelnut Chocolate Spread,0.4933,6,True
PnfMdhNHZxFX9emZhA,Neon Nights and New Year Lights,S034,Pentire,Adrift,0.3883,17,True
PnfMdhNHZxFX9emZhA,Neon Nights and New Year Lights,S035,The London Essence Co.,Original Indian Tonic Water,0.3555,23,True
PnfMdhNHZxFX9emZhA,Neon Nights and New Year Lights,S036,Double Dutch,Indian Tonic Water,0.478,9,True
PnfMdhNHZxFX9emZhA,Neon Nights and New Year Lights,S037,Double ‘D’,Savvy Sweets Sour Bears,0.3881,18,True
PnfMdhNHZxFX9emZhA,Neon Nights and New Year Lights,S038,Coco Cubes,Chocolate Coconut Bites,0.2575,48,True
PnfMdhNHZxFX9emZhA,Neon Nights and New Year Lights,S039,teapigs,Super Fruit,0.333,31,True
PnfMdhNHZxFX9emZhA,Neon Nights and New Year Lights,S040,The Protein Ball Co.,Stuffed — Matcha & Vanilla,0.3695,20,True
PnfMdhNHZxFX9emZhA,Neon Nights and New Year Lights,S041,The Original Chicken Crackling,Chicken Salt,0.5252,2,True
PnfMdhNHZxFX9emZhA,Neon Nights and New Year Lights,S042,Blanco Niño,Creamy Jalapeño Tortilla Chips,0.3211,33,True
PnfMdhNHZxFX9emZhA,Neon Nights and New Year Lights,S043,Blanco Niño,Chilli & Lime Tortilla Chips,0.3211,32,True
PnfMdhNHZxFX9emZhA,Neon Nights and New Year Lights,S044,Saucerer,Pasta Sauce — Wild Mushroom & Truffle,0.3626,22,True
PnfMdhNHZxFX9emZhA,Neon Nights and New Year Lights,S045,The Curators,Pork Puffs — Smoky Bacon,0.1191,68,True
PnfMdhNHZxFX9emZhA,Neon Nights and New Year Lights,S046,Love Hemp,Sours Calm — Sour Orange CBD Gummies,0.3456,28,True
PnfMdhNHZxFX9emZhA,Neon Nights and New Year Lights,S047,Ottolenghi,Miso Pesto,0.3012,37,True
PnfMdhNHZxFX9emZhA,Neon Nights and New Year Lights,S048,Sunfly,Sunflower Seed Butter — Crunchy,0.2314,56,True
PnfMdhNHZxFX9emZhA,Neon Nights and New Year Lights,S049,ape2o,GO Steel Bottle — Turtle,0.1707,64,True
PnfMdhNHZxFX9emZhA,Neon Nights and New Year Lights,S050,Goodrays,Raspberry & Guava CBD Drink,0.3651,21,True
PnfMdhNHZxFX9emZhA,Neon Nights and New Year Lights,S051,Little’s,Toffee Nut Flavour Infused Instant Coffee,0.2202,59,True
PnfMdhNHZxFX9emZhA,Neon Nights and New Year Lights,S052,WelleCo,The Hydro Protein Elixir — Passionfruit,0.0724,70,True
PnfMdhNHZxFX9emZhA,Neon Nights and New Year Lights,S053,HOOP,Plantain Chips — Lemon Pepper,0.3537,26,True
PnfMdhNHZxFX9emZhA,Neon Nights and New Year Lights,S054,neat sweets,Fruity Berries,0.2858,44,True
PnfMdhNHZxFX9emZhA,Neon Nights and New Year Lights,S055,FREEE,Organic Banana & Chocolate Oat Bar,0.2451,53,True
PnfMdhNHZxFX9emZhA,Neon Nights and New Year Lights,S056,SUCSEED,Energy,0.2755,46,True
PnfMdhNHZxFX9emZhA,Neon Nights and New Year Lights,S057,OOM,Calm,0.1012,69,True
PnfMdhNHZxFX9emZhA,Neon Nights and New Year Lights,S058,sleep toniq,Sleep Toniq,0.1656,65,True
PnfMdhNHZxFX9emZhA,Neon Nights and New Year Lights,S059,iLOVE SNACKS,Sicilian Lemon Pistachios,0.157,66,True
PnfMdhNHZxFX9emZhA,Neon Nights and New Year Lights,S060,Simply Roasted,Hot Honey Potato Crisps,0.294,40,True
PnfMdhNHZxFX9emZhA,Neon Nights and New Year Lights,S061,Simply Roasted,Sea Salt Potato Crisps,0.3038,36,True
PnfMdhNHZxFX9emZhA,Neon Nights and New Year Lights,S062,Root Tea,Lemon Tea Blend,0.221,58,True
PnfMdhNHZxFX9emZhA,Neon Nights and New Year Lights,S063,Fever-Tree,Refreshingly Light Elderflower Tonic Water,0.7065,1,True
PnfMdhNHZxFX9emZhA,Neon Nights and New Year Lights,S064,Folc,English Sparkling Rosé NV,0.1908,63,True
PnfMdhNHZxFX9emZhA,Neon Nights and New Year Lights,S065,Folc,Dry English Rosé,0.3482,27,True
PnfMdhNHZxFX9emZhA,Neon Nights and New Year Lights,S066,Penrhos,Handcrafted Dry Gin,0.2832,45,True
PnfMdhNHZxFX9emZhA,Neon Nights and New Year Lights,S067,Mission,Lemon & Ginseng Natural Energy Drink,0.4601,10,True
PnfMdhNHZxFX9emZhA,Neon Nights and New Year Lights,S068,Ombar,Pistachio Cream — 60% Dark Chocolate,0.3546,24,True
PnfMdhNHZxFX9emZhA,Neon Nights and New Year Lights,S069,Mr Filbert’s,Teriyaki Mochi Rice Bites,0.4907,7,True
PnfMdhNHZxFX9emZhA,Neon Nights and New Year Lights,S070,NOMO,Caramel Choc Bar,0.3546,25,True
YShrZnmVUMEoA6U2nG,NYE - Charlies Loft + Simple Minded / Deacon Blues + DJ,S001,All That Matters,Superfood Puffs — Peri-Peri,0.2335,29,True
YShrZnmVUMEoA6U2nG,NYE - Charlies Loft + Simple Minded / Deacon Blues + DJ,S002,Simply Roasted,Black Truffle Potato Crisps,0.1407,57,True
YShrZnmVUMEoA6U2nG,NYE - Charlies Loft + Simple Minded / Deacon Blues + DJ,S003,Simply Roasted,Sour Cream & Chive Potato Crisps,0.1691,47,True
YShrZnmVUMEoA6U2nG,NYE - Charlies Loft + Simple Minded / Deacon Blues + DJ,S004,Simply Roasted,Barbecue Potato Crisps,0.1369,58,True
YShrZnmVUMEoA6U2nG,NYE - Charlies Loft + Simple Minded / Deacon Blues + DJ,S005,The Protein Ball Co.,Salted Caramel Protein Balls,0.1551,50,True
YShrZnmVUMEoA6U2nG,NYE - Charlies Loft + Simple Minded / Deacon Blues + DJ,S006,The Protein Ball Co.,Original Peanut Butter Protein Balls,0.0993,65,True
YShrZnmVUMEoA6U2nG,NYE - Charlies Loft + Simple Minded / Deacon Blues + DJ,S007,Well & Truly,Thins — Rich Cheddar & Gouda with a Hint of Jalapeño,0.1894,40,True
YShrZnmVUMEoA6U2nG,NYE - Charlies Loft + Simple Minded / Deacon Blues + DJ,S008,INDI,Brain Bar,0.1955,37,True
YShrZnmVUMEoA6U2nG,NYE - Charlies Loft + Simple Minded / Deacon Blues + DJ,S009,Kooky,Gently Dried Chewy Mango,0.1644,48,True
YShrZnmVUMEoA6U2nG,NYE - Charlies Loft + Simple Minded / Deacon Blues + DJ,S010,Well & Truly,Crunchies — Smokey Paprika,0.1472,53,True
YShrZnmVUMEoA6U2nG,NYE - Charlies Loft + Simple Minded / Deacon Blues + DJ,S011,Well & Truly,Crunchies — Really Cheesy,0.1472,52,True
YShrZnmVUMEoA6U2nG,NYE - Charlies Loft + Simple Minded / Deacon Blues + DJ,S012,Well & Truly,Crunchies — Smokey Bacon,0.1293,61,True
YShrZnmVUMEoA6U2nG,NYE - Charlies Loft + Simple Minded / Deacon Blues + DJ,S013,Well & Truly,Crunchies — Sea Salt & Cider Vinegar,0.1299,60,True
YShrZnmVUMEoA6U2nG,NYE - Charlies Loft + Simple Minded / Deacon Blues + DJ,S014,Well & Truly,Fudge & Brownie Oat M&lk Chocolate,0.192,39,True
YShrZnmVUMEoA6U2nG,NYE - Charlies Loft + Simple Minded / Deacon Blues + DJ,S015,Helen Browning’s Organic,Organic Corned Beef,0.1435,55,True
YShrZnmVUMEoA6U2nG,NYE - Charlies Loft + Simple Minded / Deacon Blues + DJ,S016,Dr. Will’s,Avocado Oil Mayo,0.1266,63,True
YShrZnmVUMEoA6U2nG,NYE - Charlies Loft + Simple Minded / Deacon Blues + DJ,S017,Dr. Will’s,Buffalo Hot Sauce,0.3228,18,True
YShrZnmVUMEoA6U2nG,NYE - Charlies Loft + Simple Minded / Deacon Blues + DJ,S018,EP!C Snax Co.,Plant Power Toastin’ Marshmallows,0.2779,25,True
YShrZnmVUMEoA6U2nG,NYE - Charlies Loft + Simple Minded / Deacon Blues + DJ,S019,EP!C Snax Co.,Giant Toastin’ Marshmallows,0.2167,30,True
YShrZnmVUMEoA6U2nG,NYE - Charlies Loft + Simple Minded / Deacon Blues + DJ,S020,ötzibrew,Organic Dandelion & Burdock Root Coffee Alternative,0.1886,41,True
YShrZnmVUMEoA6U2nG,NYE - Charlies Loft + Simple Minded / Deacon Blues + DJ,S021,OOM,Balance,0.2514,27,True
YShrZnmVUMEoA6U2nG,NYE - Charlies Loft + Simple Minded / Deacon Blues + DJ,S022,ChariTea,Mate Sparkling,0.1301,59,True
YShrZnmVUMEoA6U2nG,NYE - Charlies Loft + Simple Minded / Deacon Blues + DJ,S023,mindfuel flow,Mushroom Iced Latte — Salted Caramel,0.5279,8,True
YShrZnmVUMEoA6U2nG,NYE - Charlies Loft + Simple Minded / Deacon Blues + DJ,S024,Lowrise,Lager,0.4382,10,True
YShrZnmVUMEoA6U2nG,NYE - Charlies Loft + Simple Minded / Deacon Blues + DJ,S025,DASH,Pink Lady Apple Sparkling Water,0.174,45,True
YShrZnmVUMEoA6U2nG,NYE - Charlies Loft + Simple Minded / Deacon Blues + DJ,S026,Lowrise,Hazy Pale,0.4382,11,True
YShrZnmVUMEoA6U2nG,NYE - Charlies Loft + Simple Minded / Deacon Blues + DJ,S027,Pentire,Coastal Spritz,0.3714,14,True
YShrZnmVUMEoA6U2nG,NYE - Charlies Loft + Simple Minded / Deacon Blues + DJ,S028,Gut Food / Ferment Fizz,Orange & Mango Lemonade,0.3192,20,True
YShrZnmVUMEoA6U2nG,NYE - Charlies Loft + Simple Minded / Deacon Blues + DJ,S029,Gut Food / Ferment Fizz,Lemon & Raspberry Lemonade,0.3051,22,True
YShrZnmVUMEoA6U2nG,NYE - Charlies Loft + Simple Minded / Deacon Blues + DJ,S030,Navas,Original Tonic Water,0.3552,15,True
YShrZnmVUMEoA6U2nG,NYE - Charlies Loft + Simple Minded / Deacon Blues + DJ,S031,Navas,Fiery Ginger Beer,0.6727,1,True
YShrZnmVUMEoA6U2nG,NYE - Charlies Loft + Simple Minded / Deacon Blues + DJ,S032,Gut Food / Ferment Fizz,Lemon Lemonade,0.3023,23,True
YShrZnmVUMEoA6U2nG,NYE - Charlies Loft + Simple Minded / Deacon Blues + DJ,S033,JimJams,Hazelnut Chocolate Spread,0.2581,26,True
YShrZnmVUMEoA6U2nG,NYE - Charlies Loft + Simple Minded / Deacon Blues + DJ,S034,Pentire,Adrift,0.6098,4,True
YShrZnmVUMEoA6U2nG,NYE - Charlies Loft + Simple Minded / Deacon Blues + DJ,S035,The London Essence Co.,Original Indian Tonic Water,0.4786,9,True
YShrZnmVUMEoA6U2nG,NYE - Charlies Loft + Simple Minded / Deacon Blues + DJ,S036,Double Dutch,Indian Tonic Water,0.4171,12,True
YShrZnmVUMEoA6U2nG,NYE - Charlies Loft + Simple Minded / Deacon Blues + DJ,S037,Double ‘D’,Savvy Sweets Sour Bears,0.2039,34,True
YShrZnmVUMEoA6U2nG,NYE - Charlies Loft + Simple Minded / Deacon Blues + DJ,S038,Coco Cubes,Chocolate Coconut Bites,0.1764,44,True
YShrZnmVUMEoA6U2nG,NYE - Charlies Loft + Simple Minded / Deacon Blues + DJ,S039,teapigs,Super Fruit,0.1079,64,True
YShrZnmVUMEoA6U2nG,NYE - Charlies Loft + Simple Minded / Deacon Blues + DJ,S040,The Protein Ball Co.,Stuffed — Matcha & Vanilla,0.6201,3,True
YShrZnmVUMEoA6U2nG,NYE - Charlies Loft + Simple Minded / Deacon Blues + DJ,S041,The Original Chicken Crackling,Chicken Salt,0.3065,21,True
YShrZnmVUMEoA6U2nG,NYE - Charlies Loft + Simple Minded / Deacon Blues + DJ,S042,Blanco Niño,Creamy Jalapeño Tortilla Chips,0.1996,36,True
YShrZnmVUMEoA6U2nG,NYE - Charlies Loft + Simple Minded / Deacon Blues + DJ,S043,Blanco Niño,Chilli & Lime Tortilla Chips,0.1996,35,True
YShrZnmVUMEoA6U2nG,NYE - Charlies Loft + Simple Minded / Deacon Blues + DJ,S044,Saucerer,Pasta Sauce — Wild Mushroom & Truffle,0.5392,6,True
YShrZnmVUMEoA6U2nG,NYE - Charlies Loft + Simple Minded / Deacon Blues + DJ,S045,The Curators,Pork Puffs — Smoky Bacon,0.0859,68,True
YShrZnmVUMEoA6U2nG,NYE - Charlies Loft + Simple Minded / Deacon Blues + DJ,S046,Love Hemp,Sours Calm — Sour Orange CBD Gummies,0.6531,2,True
YShrZnmVUMEoA6U2nG,NYE - Charlies Loft + Simple Minded / Deacon Blues + DJ,S047,Ottolenghi,Miso Pesto,0.2161,31,True
YShrZnmVUMEoA6U2nG,NYE - Charlies Loft + Simple Minded / Deacon Blues + DJ,S048,Sunfly,Sunflower Seed Butter — Crunchy,0.1267,62,True
YShrZnmVUMEoA6U2nG,NYE - Charlies Loft + Simple Minded / Deacon Blues + DJ,S049,ape2o,GO Steel Bottle — Turtle,0.0696,69,True
YShrZnmVUMEoA6U2nG,NYE - Charlies Loft + Simple Minded / Deacon Blues + DJ,S050,Goodrays,Raspberry & Guava CBD Drink,0.5367,7,True
YShrZnmVUMEoA6U2nG,NYE - Charlies Loft + Simple Minded / Deacon Blues + DJ,S051,Little’s,Toffee Nut Flavour Infused Instant Coffee,0.0882,67,True
YShrZnmVUMEoA6U2nG,NYE - Charlies Loft + Simple Minded / Deacon Blues + DJ,S052,WelleCo,The Hydro Protein Elixir — Passionfruit,0.0533,70,True
YShrZnmVUMEoA6U2nG,NYE - Charlies Loft + Simple Minded / Deacon Blues + DJ,S053,HOOP,Plantain Chips — Lemon Pepper,0.1576,49,True
YShrZnmVUMEoA6U2nG,NYE - Charlies Loft + Simple Minded / Deacon Blues + DJ,S054,neat sweets,Fruity Berries,0.1729,46,True
YShrZnmVUMEoA6U2nG,NYE - Charlies Loft + Simple Minded / Deacon Blues + DJ,S055,FREEE,Organic Banana & Chocolate Oat Bar,0.146,54,True
YShrZnmVUMEoA6U2nG,NYE - Charlies Loft + Simple Minded / Deacon Blues + DJ,S056,SUCSEED,Energy,0.3213,19,True
YShrZnmVUMEoA6U2nG,NYE - Charlies Loft + Simple Minded / Deacon Blues + DJ,S057,OOM,Calm,0.1882,42,True
YShrZnmVUMEoA6U2nG,NYE - Charlies Loft + Simple Minded / Deacon Blues + DJ,S058,sleep toniq,Sleep Toniq,0.2508,28,True
YShrZnmVUMEoA6U2nG,NYE - Charlies Loft + Simple Minded / Deacon Blues + DJ,S059,iLOVE SNACKS,Sicilian Lemon Pistachios,0.0916,66,True
YShrZnmVUMEoA6U2nG,NYE - Charlies Loft + Simple Minded / Deacon Blues + DJ,S060,Simply Roasted,Hot Honey Potato Crisps,0.1422,56,True
YShrZnmVUMEoA6U2nG,NYE - Charlies Loft + Simple Minded / Deacon Blues + DJ,S061,Simply Roasted,Sea Salt Potato Crisps,0.1521,51,True
YShrZnmVUMEoA6U2nG,NYE - Charlies Loft + Simple Minded / Deacon Blues + DJ,S062,Root Tea,Lemon Tea Blend,0.1873,43,True
YShrZnmVUMEoA6U2nG,NYE - Charlies Loft + Simple Minded / Deacon Blues + DJ,S063,Fever-Tree,Refreshingly Light Elderflower Tonic Water,0.5725,5,True
YShrZnmVUMEoA6U2nG,NYE - Charlies Loft + Simple Minded / Deacon Blues + DJ,S064,Folc,English Sparkling Rosé NV,0.2069,33,True
YShrZnmVUMEoA6U2nG,NYE - Charlies Loft + Simple Minded / Deacon Blues + DJ,S065,Folc,Dry English Rosé,0.4144,13,True
YShrZnmVUMEoA6U2nG,NYE - Charlies Loft + Simple Minded / Deacon Blues + DJ,S066,Penrhos,Handcrafted Dry Gin,0.3241,17,True
YShrZnmVUMEoA6U2nG,NYE - Charlies Loft + Simple Minded / Deacon Blues + DJ,S067,Mission,Lemon & Ginseng Natural Energy Drink,0.3344,16,True
YShrZnmVUMEoA6U2nG,NYE - Charlies Loft + Simple Minded / Deacon Blues + DJ,S068,Ombar,Pistachio Cream — 60% Dark Chocolate,0.2106,32,True
YShrZnmVUMEoA6U2nG,NYE - Charlies Loft + Simple Minded / Deacon Blues + DJ,S069,Mr Filbert’s,Teriyaki Mochi Rice Bites,0.2826,24,True
YShrZnmVUMEoA6U2nG,NYE - Charlies Loft + Simple Minded / Deacon Blues + DJ,S070,NOMO,Caramel Choc Bar,0.1921,38,True
7uBS8NKp8gExokUz3w,80's V 90's NEW YEARS EVE PARTY,S001,All That Matters,Superfood Puffs — Peri-Peri,0.3711,27,True
7uBS8NKp8gExokUz3w,80's V 90's NEW YEARS EVE PARTY,S002,Simply Roasted,Black Truffle Potato Crisps,0.3405,38,True
7uBS8NKp8gExokUz3w,80's V 90's NEW YEARS EVE PARTY,S003,Simply Roasted,Sour Cream & Chive Potato Crisps,0.3573,32,True
7uBS8NKp8gExokUz3w,80's V 90's NEW YEARS EVE PARTY,S004,Simply Roasted,Barbecue Potato Crisps,0.3312,44,True
7uBS8NKp8gExokUz3w,80's V 90's NEW YEARS EVE PARTY,S005,The Protein Ball Co.,Salted Caramel Protein Balls,0.3845,25,True
7uBS8NKp8gExokUz3w,80's V 90's NEW YEARS EVE PARTY,S006,The Protein Ball Co.,Original Peanut Butter Protein Balls,0.2281,66,True
7uBS8NKp8gExokUz3w,80's V 90's NEW YEARS EVE PARTY,S007,Well & Truly,Thins — Rich Cheddar & Gouda with a Hint of Jalapeño,0.3413,37,True
7uBS8NKp8gExokUz3w,80's V 90's NEW YEARS EVE PARTY,S008,INDI,Brain Bar,0.3947,21,True
7uBS8NKp8gExokUz3w,80's V 90's NEW YEARS EVE PARTY,S009,Kooky,Gently Dried Chewy Mango,0.3672,28,True
7uBS8NKp8gExokUz3w,80's V 90's NEW YEARS EVE PARTY,S010,Well & Truly,Crunchies — Smokey Paprika,0.3045,56,True
7uBS8NKp8gExokUz3w,80's V 90's NEW YEARS EVE PARTY,S011,Well & Truly,Crunchies — Really Cheesy,0.3045,55,True
7uBS8NKp8gExokUz3w,80's V 90's NEW YEARS EVE PARTY,S012,Well & Truly,Crunchies — Smokey Bacon,0.385,24,True
7uBS8NKp8gExokUz3w,80's V 90's NEW YEARS EVE PARTY,S013,Well & Truly,Crunchies — Sea Salt & Cider Vinegar,0.2619,62,True
7uBS8NKp8gExokUz3w,80's V 90's NEW YEARS EVE PARTY,S014,Well & Truly,Fudge & Brownie Oat M&lk Chocolate,0.3668,29,True
7uBS8NKp8gExokUz3w,80's V 90's NEW YEARS EVE PARTY,S015,Helen Browning’s Organic,Organic Corned Beef,0.3599,30,True
7uBS8NKp8gExokUz3w,80's V 90's NEW YEARS EVE PARTY,S016,Dr. Will’s,Avocado Oil Mayo,0.2782,60,True
7uBS8NKp8gExokUz3w,80's V 90's NEW YEARS EVE PARTY,S017,Dr. Will’s,Buffalo Hot Sauce,0.3139,53,True
7uBS8NKp8gExokUz3w,80's V 90's NEW YEARS EVE PARTY,S018,EP!C Snax Co.,Plant Power Toastin’ Marshmallows,0.4444,8,True
7uBS8NKp8gExokUz3w,80's V 90's NEW YEARS EVE PARTY,S019,EP!C Snax Co.,Giant Toastin’ Marshmallows,0.2156,70,True
7uBS8NKp8gExokUz3w,80's V 90's NEW YEARS EVE PARTY,S020,ötzibrew,Organic Dandelion & Burdock Root Coffee Alternative,0.3117,54,True
7uBS8NKp8gExokUz3w,80's V 90's NEW YEARS EVE PARTY,S021,OOM,Balance,0.3266,49,True
7uBS8NKp8gExokUz3w,80's V 90's NEW YEARS EVE PARTY,S022,ChariTea,Mate Sparkling,0.3436,36,True
7uBS8NKp8gExokUz3w,80's V 90's NEW YEARS EVE PARTY,S023,mindfuel flow,Mushroom Iced Latte — Salted Caramel,0.4875,5,True
7uBS8NKp8gExokUz3w,80's V 90's NEW YEARS EVE PARTY,S024,Lowrise,Lager,0.5302,3,True
7uBS8NKp8gExokUz3w,80's V 90's NEW YEARS EVE PARTY,S025,DASH,Pink Lady Apple Sparkling Water,0.2677,61,True
7uBS8NKp8gExokUz3w,80's V 90's NEW YEARS EVE PARTY,S026,Lowrise,Hazy Pale,0.5302,4,True
7uBS8NKp8gExokUz3w,80's V 90's NEW YEARS EVE PARTY,S027,Pentire,Coastal Spritz,0.3306,45,True
7uBS8NKp8gExokUz3w,80's V 90's NEW YEARS EVE PARTY,S028,Gut Food / Ferment Fizz,Orange & Mango Lemonade,0.3561,33,True
7uBS8NKp8gExokUz3w,80's V 90's NEW YEARS EVE PARTY,S029,Gut Food / Ferment Fizz,Lemon & Raspberry Lemonade,0.2911,57,True
7uBS8NKp8gExokUz3w,80's V 90's NEW YEARS EVE PARTY,S030,Navas,Original Tonic Water,0.3227,51,True
7uBS8NKp8gExokUz3w,80's V 90's NEW YEARS EVE PARTY,S031,Navas,Fiery Ginger Beer,0.401,19,True
7uBS8NKp8gExokUz3w,80's V 90's NEW YEARS EVE PARTY,S032,Gut Food / Ferment Fizz,Lemon Lemonade,0.2894,58,True
7uBS8NKp8gExokUz3w,80's V 90's NEW YEARS EVE PARTY,S033,JimJams,Hazelnut Chocolate Spread,0.4543,7,True
7uBS8NKp8gExokUz3w,80's V 90's NEW YEARS EVE PARTY,S034,Pentire,Adrift,0.4426,9,True
7uBS8NKp8gExokUz3w,80's V 90's NEW YEARS EVE PARTY,S035,The London Essence Co.,Original Indian Tonic Water,0.3523,35,True
7uBS8NKp8gExokUz3w,80's V 90's NEW YEARS EVE PARTY,S036,Double Dutch,Indian Tonic Water,0.4056,16,True
7uBS8NKp8gExokUz3w,80's V 90's NEW YEARS EVE PARTY,S037,Double ‘D’,Savvy Sweets Sour Bears,0.4405,10,True
7uBS8NKp8gExokUz3w,80's V 90's NEW YEARS EVE PARTY,S038,Coco Cubes,Chocolate Coconut Bites,0.4082,12,True
7uBS8NKp8gExokUz3w,80's V 90's NEW YEARS EVE PARTY,S039,teapigs,Super Fruit,0.3945,22,True
7uBS8NKp8gExokUz3w,80's V 90's NEW YEARS EVE PARTY,S040,The Protein Ball Co.,Stuffed — Matcha & Vanilla,0.43,11,True
7uBS8NKp8gExokUz3w,80's V 90's NEW YEARS EVE PARTY,S041,The Original Chicken Crackling,Chicken Salt,0.4731,6,True
7uBS8NKp8gExokUz3w,80's V 90's NEW YEARS EVE PARTY,S042,Blanco Niño,Creamy Jalapeño Tortilla Chips,0.4061,13,True
7uBS8NKp8gExokUz3w,80's V 90's NEW YEARS EVE PARTY,S043,Blanco Niño,Chilli & Lime Tortilla Chips,0.4061,14,True
7uBS8NKp8gExokUz3w,80's V 90's NEW YEARS EVE PARTY,S044,Saucerer,Pasta Sauce — Wild Mushroom & Truffle,0.4047,17,True
7uBS8NKp8gExokUz3w,80's V 90's NEW YEARS EVE PARTY,S045,The Curators,Pork Puffs — Smoky Bacon,0.225,68,True
7uBS8NKp8gExokUz3w,80's V 90's NEW YEARS EVE PARTY,S046,Love Hemp,Sours Calm — Sour Orange CBD Gummies,0.4034,18,True
7uBS8NKp8gExokUz3w,80's V 90's NEW YEARS EVE PARTY,S047,Ottolenghi,Miso Pesto,0.3172,52,True
7uBS8NKp8gExokUz3w,80's V 90's NEW YEARS EVE PARTY,S048,Sunfly,Sunflower Seed Butter — Crunchy,0.3374,40,True
7uBS8NKp8gExokUz3w,80's V 90's NEW YEARS EVE PARTY,S049,ape2o,GO Steel Bottle — Turtle,0.2294,65,True
7uBS8NKp8gExokUz3w,80's V 90's NEW YEARS EVE PARTY,S050,Goodrays,Raspberry & Guava CBD Drink,0.3379,39,True
7uBS8NKp8gExokUz3w,80's V 90's NEW YEARS EVE PARTY,S051,Little’s,Toffee Nut Flavour Infused Instant Coffee,0.2457,64,True
7uBS8NKp8gExokUz3w,80's V 90's NEW YEARS EVE PARTY,S052,WelleCo,The Hydro Protein Elixir — Passionfruit,0.227,67,True
7uBS8NKp8gExokUz3w,80's V 90's NEW YEARS EVE PARTY,S053,HOOP,Plantain Chips — Lemon Pepper,0.3557,34,True
7uBS8NKp8gExokUz3w,80's V 90's NEW YEARS EVE PARTY,S054,neat sweets,Fruity Berries,0.3323,42,True
7uBS8NKp8gExokUz3w,80's V 90's NEW YEARS EVE PARTY,S055,FREEE,Organic Banana & Chocolate Oat Bar,0.3944,23,True
7uBS8NKp8gExokUz3w,80's V 90's NEW YEARS EVE PARTY,S056,SUCSEED,Energy,0.5664,1,True
7uBS8NKp8gExokUz3w,80's V 90's NEW YEARS EVE PARTY,S057,OOM,Calm,0.2613,63,True
7uBS8NKp8gExokUz3w,80's V 90's NEW YEARS EVE PARTY,S058,sleep toniq,Sleep Toniq,0.3276,48,True
7uBS8NKp8gExokUz3w,80's V 90's NEW YEARS EVE PARTY,S059,iLOVE SNACKS,Sicilian Lemon Pistachios,0.3282,47,True
7uBS8NKp8gExokUz3w,80's V 90's NEW YEARS EVE PARTY,S060,Simply Roasted,Hot Honey Potato Crisps,0.3343,41,True
7uBS8NKp8gExokUz3w,80's V 90's NEW YEARS EVE PARTY,S061,Simply Roasted,Sea Salt Potato Crisps,0.3585,31,True
7uBS8NKp8gExokUz3w,80's V 90's NEW YEARS EVE PARTY,S062,Root Tea,Lemon Tea Blend,0.2879,59,True
7uBS8NKp8gExokUz3w,80's V 90's NEW YEARS EVE PARTY,S063,Fever-Tree,Refreshingly Light Elderflower Tonic Water,0.5628,2,True
7uBS8NKp8gExokUz3w,80's V 90's NEW YEARS EVE PARTY,S064,Folc,English Sparkling Rosé NV,0.2249,69,True
7uBS8NKp8gExokUz3w,80's V 90's NEW YEARS EVE PARTY,S065,Folc,Dry English Rosé,0.4057,15,True
7uBS8NKp8gExokUz3w,80's V 90's NEW YEARS EVE PARTY,S066,Penrhos,Handcrafted Dry Gin,0.4002,20,True
7uBS8NKp8gExokUz3w,80's V 90's NEW YEARS EVE PARTY,S067,Mission,Lemon & Ginseng Natural Energy Drink,0.3318,43,True
7uBS8NKp8gExokUz3w,80's V 90's NEW YEARS EVE PARTY,S068,Ombar,Pistachio Cream — 60% Dark Chocolate,0.3756,26,True
7uBS8NKp8gExokUz3w,80's V 90's NEW YEARS EVE PARTY,S069,Mr Filbert’s,Teriyaki Mochi Rice Bites,0.323,50,True
7uBS8NKp8gExokUz3w,80's V 90's NEW YEARS EVE PARTY,S070,NOMO,Caramel Choc Bar,0.3283,46,True
Bv2BQKFxSyyw8Mk8mL,Waiting List for Walk The Big One for Shelter 2026,S001,All That Matters,Superfood Puffs — Peri-Peri,0.2341,47,True
Bv2BQKFxSyyw8Mk8mL,Waiting List for Walk The Big One for Shelter 2026,S002,Simply Roasted,Black Truffle Potato Crisps,0.1705,56,True
Bv2BQKFxSyyw8Mk8mL,Waiting List for Walk The Big One for Shelter 2026,S003,Simply Roasted,Sour Cream & Chive Potato Crisps,0.174,55,True
Bv2BQKFxSyyw8Mk8mL,Waiting List for Walk The Big One for Shelter 2026,S004,Simply Roasted,Barbecue Potato Crisps,0.1667,57,True
Bv2BQKFxSyyw8Mk8mL,Waiting List for Walk The Big One for Shelter 2026,S005,The Protein Ball Co.,Salted Caramel Protein Balls,0.3045,39,True
Bv2BQKFxSyyw8Mk8mL,Waiting List for Walk The Big One for Shelter 2026,S006,The Protein Ball Co.,Original Peanut Butter Protein Balls,0.072,70,True
Bv2BQKFxSyyw8Mk8mL,Waiting List for Walk The Big One for Shelter 2026,S007,Well & Truly,Thins — Rich Cheddar & Gouda with a Hint of Jalapeño,0.2466,44,True
Bv2BQKFxSyyw8Mk8mL,Waiting List for Walk The Big One for Shelter 2026,S008,INDI,Brain Bar,0.3837,22,True
Bv2BQKFxSyyw8Mk8mL,Waiting List for Walk The Big One for Shelter 2026,S009,Kooky,Gently Dried Chewy Mango,0.3554,27,True
Bv2BQKFxSyyw8Mk8mL,Waiting List for Walk The Big One for Shelter 2026,S010,Well & Truly,Crunchies — Smokey Paprika,0.154,60,True
Bv2BQKFxSyyw8Mk8mL,Waiting List for Walk The Big One for Shelter 2026,S011,Well & Truly,Crunchies — Really Cheesy,0.154,59,True
Bv2BQKFxSyyw8Mk8mL,Waiting List for Walk The Big One for Shelter 2026,S012,Well & Truly,Crunchies — Smokey Bacon,0.3848,21,True
Bv2BQKFxSyyw8Mk8mL,Waiting List for Walk The Big One for Shelter 2026,S013,Well & Truly,Crunchies — Sea Salt & Cider Vinegar,0.1366,63,True
Bv2BQKFxSyyw8Mk8mL,Waiting List for Walk The Big One for Shelter 2026,S014,Well & Truly,Fudge & Brownie Oat M&lk Chocolate,0.4104,20,True
Bv2BQKFxSyyw8Mk8mL,Waiting List for Walk The Big One for Shelter 2026,S015,Helen Browning’s Organic,Organic Corned Beef,0.5174,4,True
Bv2BQKFxSyyw8Mk8mL,Waiting List for Walk The Big One for Shelter 2026,S016,Dr. Will’s,Avocado Oil Mayo,0.3495,30,True
Bv2BQKFxSyyw8Mk8mL,Waiting List for Walk The Big One for Shelter 2026,S017,Dr. Will’s,Buffalo Hot Sauce,0.4473,14,True
Bv2BQKFxSyyw8Mk8mL,Waiting List for Walk The Big One for Shelter 2026,S018,EP!C Snax Co.,Plant Power Toastin’ Marshmallows,0.5136,6,True
Bv2BQKFxSyyw8Mk8mL,Waiting List for Walk The Big One for Shelter 2026,S019,EP!C Snax Co.,Giant Toastin’ Marshmallows,0.2033,51,True
Bv2BQKFxSyyw8Mk8mL,Waiting List for Walk The Big One for Shelter 2026,S020,ötzibrew,Organic Dandelion & Burdock Root Coffee Alternative,0.351,29,True
Bv2BQKFxSyyw8Mk8mL,Waiting List for Walk The Big One for Shelter 2026,S021,OOM,Balance,0.2159,49,True
Bv2BQKFxSyyw8Mk8mL,Waiting List for Walk The Big One for Shelter 2026,S022,ChariTea,Mate Sparkling,0.531,2,True
Bv2BQKFxSyyw8Mk8mL,Waiting List for Walk The Big One for Shelter 2026,S023,mindfuel flow,Mushroom Iced Latte — Salted Caramel,0.3521,28,True
Bv2BQKFxSyyw8Mk8mL,Waiting List for Walk The Big One for Shelter 2026,S024,Lowrise,Lager,0.5098,9,True
Bv2BQKFxSyyw8Mk8mL,Waiting List for Walk The Big One for Shelter 2026,S025,DASH,Pink Lady Apple Sparkling Water,0.1436,62,True
Bv2BQKFxSyyw8Mk8mL,Waiting List for Walk The Big One for Shelter 2026,S026,Lowrise,Hazy Pale,0.5098,10,True
Bv2BQKFxSyyw8Mk8mL,Waiting List for Walk The Big One for Shelter 2026,S027,Pentire,Coastal Spritz,0.3176,36,True
Bv2BQKFxSyyw8Mk8mL,Waiting List for Walk The Big One for Shelter 2026,S028,Gut Food / Ferment Fizz,Orange & Mango Lemonade,0.2437,45,True
Bv2BQKFxSyyw8Mk8mL,Waiting List for Walk The Big One for Shelter 2026,S029,Gut Food / Ferment Fizz,Lemon & Raspberry Lemonade,0.1307,65,True
Bv2BQKFxSyyw8Mk8mL,Waiting List for Walk The Big One for Shelter 2026,S030,Navas,Original Tonic Water,0.324,35,True
Bv2BQKFxSyyw8Mk8mL,Waiting List for Walk The Big One for Shelter 2026,S031,Navas,Fiery Ginger Beer,0.3439,32,True
Bv2BQKFxSyyw8Mk8mL,Waiting List for Walk The Big One for Shelter 2026,S032,Gut Food / Ferment Fizz,Lemon Lemonade,0.1292,66,True
Bv2BQKFxSyyw8Mk8mL,Waiting List for Walk The Big One for Shelter 2026,S033,JimJams,Hazelnut Chocolate Spread,0.4162,18,True
Bv2BQKFxSyyw8Mk8mL,Waiting List for Walk The Big One for Shelter 2026,S034,Pentire,Adrift,0.3489,31,True
Bv2BQKFxSyyw8Mk8mL,Waiting List for Walk The Big One for Shelter 2026,S035,The London Essence Co.,Original Indian Tonic Water,0.329,34,True
Bv2BQKFxSyyw8Mk8mL,Waiting List for Walk The Big One for Shelter 2026,S036,Double Dutch,Indian Tonic Water,0.424,17,True
Bv2BQKFxSyyw8Mk8mL,Waiting List for Walk The Big One for Shelter 2026,S037,Double ‘D’,Savvy Sweets Sour Bears,0.3684,25,True
Bv2BQKFxSyyw8Mk8mL,Waiting List for Walk The Big One for Shelter 2026,S038,Coco Cubes,Chocolate Coconut Bites,0.4113,19,True
Bv2BQKFxSyyw8Mk8mL,Waiting List for Walk The Big One for Shelter 2026,S039,teapigs,Super Fruit,0.5012,12,True
Bv2BQKFxSyyw8Mk8mL,Waiting List for Walk The Big One for Shelter 2026,S040,The Protein Ball Co.,Stuffed — Matcha & Vanilla,0.226,48,True
Bv2BQKFxSyyw8Mk8mL,Waiting List for Walk The Big One for Shelter 2026,S041,The Original Chicken Crackling,Chicken Salt,0.4333,16,True
Bv2BQKFxSyyw8Mk8mL,Waiting List for Walk The Big One for Shelter 2026,S042,Blanco Niño,Creamy Jalapeño Tortilla Chips,0.512,8,True
Bv2BQKFxSyyw8Mk8mL,Waiting List for Walk The Big One for Shelter 2026,S043,Blanco Niño,Chilli & Lime Tortilla Chips,0.512,7,True
Bv2BQKFxSyyw8Mk8mL,Waiting List for Walk The Big One for Shelter 2026,S044,Saucerer,Pasta Sauce — Wild Mushroom & Truffle,0.5013,11,True
Bv2BQKFxSyyw8Mk8mL,Waiting List for Walk The Big One for Shelter 2026,S045,The Curators,Pork Puffs — Smoky Bacon,0.0976,69,True
Bv2BQKFxSyyw8Mk8mL,Waiting List for Walk The Big One for Shelter 2026,S046,Love Hemp,Sours Calm — Sour Orange CBD Gummies,0.1197,68,True
Bv2BQKFxSyyw8Mk8mL,Waiting List for Walk The Big One for Shelter 2026,S047,Ottolenghi,Miso Pesto,0.5137,5,True
Bv2BQKFxSyyw8Mk8mL,Waiting List for Walk The Big One for Shelter 2026,S048,Sunfly,Sunflower Seed Butter — Crunchy,0.2956,40,True
Bv2BQKFxSyyw8Mk8mL,Waiting List for Walk The Big One for Shelter 2026,S049,ape2o,GO Steel Bottle — Turtle,0.2913,41,True
Bv2BQKFxSyyw8Mk8mL,Waiting List for Walk The Big One for Shelter 2026,S050,Goodrays,Raspberry & Guava CBD Drink,0.1317,64,True
Bv2BQKFxSyyw8Mk8mL,Waiting List for Walk The Big One for Shelter 2026,S051,Little’s,Toffee Nut Flavour Infused Instant Coffee,0.1564,58,True
Bv2BQKFxSyyw8Mk8mL,Waiting List for Walk The Big One for Shelter 2026,S052,WelleCo,The Hydro Protein Elixir — Passionfruit,0.1259,67,True
Bv2BQKFxSyyw8Mk8mL,Waiting List for Walk The Big One for Shelter 2026,S053,HOOP,Plantain Chips — Lemon Pepper,0.3169,37,True
Bv2BQKFxSyyw8Mk8mL,Waiting List for Walk The Big One for Shelter 2026,S054,neat sweets,Fruity Berries,0.1949,52,True
Bv2BQKFxSyyw8Mk8mL,Waiting List for Walk The Big One for Shelter 2026,S055,FREEE,Organic Banana & Chocolate Oat Bar,0.3778,23,True
Bv2BQKFxSyyw8Mk8mL,Waiting List for Walk The Big One for Shelter 2026,S056,SUCSEED,Energy,0.6807,1,True
Bv2BQKFxSyyw8Mk8mL,Waiting List for Walk The Big One for Shelter 2026,S057,OOM,Calm,0.1499,61,True
Bv2BQKFxSyyw8Mk8mL,Waiting List for Walk The Big One for Shelter 2026,S058,sleep toniq,Sleep Toniq,0.2405,46,True
Bv2BQKFxSyyw8Mk8mL,Waiting List for Walk The Big One for Shelter 2026,S059,iLOVE SNACKS,Sicilian Lemon Pistachios,0.3723,24,True
Bv2BQKFxSyyw8Mk8mL,Waiting List for Walk The Big One for Shelter 2026,S060,Simply Roasted,Hot Honey Potato Crisps,0.1782,54,True
Bv2BQKFxSyyw8Mk8mL,Waiting List for Walk The Big One for Shelter 2026,S061,Simply Roasted,Sea Salt Potato Crisps,0.188,53,True
Bv2BQKFxSyyw8Mk8mL,Waiting List for Walk The Big One for Shelter 2026,S062,Root Tea,Lemon Tea Blend,0.247,43,True
Bv2BQKFxSyyw8Mk8mL,Waiting List for Walk The Big One for Shelter 2026,S063,Fever-Tree,Refreshingly Light Elderflower Tonic Water,0.437,15,True
Bv2BQKFxSyyw8Mk8mL,Waiting List for Walk The Big One for Shelter 2026,S064,Folc,English Sparkling Rosé NV,0.2106,50,True
Bv2BQKFxSyyw8Mk8mL,Waiting List for Walk The Big One for Shelter 2026,S065,Folc,Dry English Rosé,0.5193,3,True
Bv2BQKFxSyyw8Mk8mL,Waiting List for Walk The Big One for Shelter 2026,S066,Penrhos,Handcrafted Dry Gin,0.4824,13,True
Bv2BQKFxSyyw8Mk8mL,Waiting List for Walk The Big One for Shelter 2026,S067,Mission,Lemon & Ginseng Natural Energy Drink,0.2851,42,True
Bv2BQKFxSyyw8Mk8mL,Waiting List for Walk The Big One for Shelter 2026,S068,Ombar,Pistachio Cream — 60% Dark Chocolate,0.3578,26,True
Bv2BQKFxSyyw8Mk8mL,Waiting List for Walk The Big One for Shelter 2026,S069,Mr Filbert’s,Teriyaki Mochi Rice Bites,0.3431,33,True
Bv2BQKFxSyyw8Mk8mL,Waiting List for Walk The Big One for Shelter 2026,S070,NOMO,Caramel Choc Bar,0.3121,38,True
HUyAGY6ozjfMzG72Q2,New Years Eve Moonlight Sonata by Candlelight,S001,All That Matters,Superfood Puffs — Peri-Peri,0.3653,21,True
HUyAGY6ozjfMzG72Q2,New Years Eve Moonlight Sonata by Candlelight,S002,Simply Roasted,Black Truffle Potato Crisps,0.1709,52,True
HUyAGY6ozjfMzG72Q2,New Years Eve Moonlight Sonata by Candlelight,S003,Simply Roasted,Sour Cream & Chive Potato Crisps,0.2241,42,True
HUyAGY6ozjfMzG72Q2,New Years Eve Moonlight Sonata by Candlelight,S004,Simply Roasted,Barbecue Potato Crisps,0.1671,54,True
HUyAGY6ozjfMzG72Q2,New Years Eve Moonlight Sonata by Candlelight,S005,The Protein Ball Co.,Salted Caramel Protein Balls,0.2101,44,True
HUyAGY6ozjfMzG72Q2,New Years Eve Moonlight Sonata by Candlelight,S006,The Protein Ball Co.,Original Peanut Butter Protein Balls,0.1265,63,True
HUyAGY6ozjfMzG72Q2,New Years Eve Moonlight Sonata by Candlelight,S007,Well & Truly,Thins — Rich Cheddar & Gouda with a Hint of Jalapeño,0.2876,32,True
HUyAGY6ozjfMzG72Q2,New Years Eve Moonlight Sonata by Candlelight,S008,INDI,Brain Bar,0.1623,56,True
HUyAGY6ozjfMzG72Q2,New Years Eve Moonlight Sonata by Candlelight,S009,Kooky,Gently Dried Chewy Mango,0.2109,43,True
HUyAGY6ozjfMzG72Q2,New Years Eve Moonlight Sonata by Candlelight,S010,Well & Truly,Crunchies — Smokey Paprika,0.1807,49,True
HUyAGY6ozjfMzG72Q2,New Years Eve Moonlight Sonata by Candlelight,S011,Well & Truly,Crunchies — Really Cheesy,0.1807,50,True
HUyAGY6ozjfMzG72Q2,New Years Eve Moonlight Sonata by Candlelight,S012,Well & Truly,Crunchies — Smokey Bacon,0.161,57,True
HUyAGY6ozjfMzG72Q2,New Years Eve Moonlight Sonata by Candlelight,S013,Well & Truly,Crunchies — Sea Salt & Cider Vinegar,0.1634,55,True
HUyAGY6ozjfMzG72Q2,New Years Eve Moonlight Sonata by Candlelight,S014,Well & Truly,Fudge & Brownie Oat M&lk Chocolate,0.2996,31,True
HUyAGY6ozjfMzG72Q2,New Years Eve Moonlight Sonata by Candlelight,S015,Helen Browning’s Organic,Organic Corned Beef,0.1892,47,True
HUyAGY6ozjfMzG72Q2,New Years Eve Moonlight Sonata by Candlelight,S016,Dr. Will’s,Avocado Oil Mayo,0.1542,58,True
HUyAGY6ozjfMzG72Q2,New Years Eve Moonlight Sonata by Candlelight,S017,Dr. Will’s,Buffalo Hot Sauce,0.3783,19,True
HUyAGY6ozjfMzG72Q2,New Years Eve Moonlight Sonata by Candlelight,S018,EP!C Snax Co.,Plant Power Toastin’ Marshmallows,0.4492,12,True
HUyAGY6ozjfMzG72Q2,New Years Eve Moonlight Sonata by Candlelight,S019,EP!C Snax Co.,Giant Toastin’ Marshmallows,0.3879,18,True
HUyAGY6ozjfMzG72Q2,New Years Eve Moonlight Sonata by Candlelight,S020,ötzibrew,Organic Dandelion & Burdock Root Coffee Alternative,0.1327,61,True
HUyAGY6ozjfMzG72Q2,New Years Eve Moonlight Sonata by Candlelight,S021,OOM,Balance,0.2393,40,True
HUyAGY6ozjfMzG72Q2,New Years Eve Moonlight Sonata by Candlelight,S022,ChariTea,Mate Sparkling,0.1106,64,True
HUyAGY6ozjfMzG72Q2,New Years Eve Moonlight Sonata by Candlelight,S023,mindfuel flow,Mushroom Iced Latte — Salted Caramel,0.3933,17,True
HUyAGY6ozjfMzG72Q2,New Years Eve Moonlight Sonata by Candlelight,S024,Lowrise,Lager,0.5615,4,True
HUyAGY6ozjfMzG72Q2,New Years Eve Moonlight Sonata by Candlelight,S025,DASH,Pink Lady Apple Sparkling Water,0.1673,53,True
HUyAGY6ozjfMzG72Q2,New Years Eve Moonlight Sonata by Candlelight,S026,Lowrise,Hazy Pale,0.5615,5,True
HUyAGY6ozjfMzG72Q2,New Years Eve Moonlight Sonata by Candlelight,S027,Pentire,Coastal Spritz,0.4374,13,True
HUyAGY6ozjfMzG72Q2,New Years Eve Moonlight Sonata by Candlelight,S028,Gut Food / Ferment Fizz,Orange & Mango Lemonade,0.2588,37,True
HUyAGY6ozjfMzG72Q2,New Years Eve Moonlight Sonata by Candlelight,S029,Gut Food / Ferment Fizz,Lemon & Raspberry Lemonade,0.2457,38,True
HUyAGY6ozjfMzG72Q2,New Years Eve Moonlight Sonata by Candlelight,S030,Navas,Original Tonic Water,0.4318,15,True
HUyAGY6ozjfMzG72Q2,New Years Eve Moonlight Sonata by Candlelight,S031,Navas,Fiery Ginger Beer,0.6102,2,True
HUyAGY6ozjfMzG72Q2,New Years Eve Moonlight Sonata by Candlelight,S032,Gut Food / Ferment Fizz,Lemon Lemonade,0.2434,39,True
HUyAGY6ozjfMzG72Q2,New Years Eve Moonlight Sonata by Candlelight,S033,JimJams,Hazelnut Chocolate Spread,0.3768,20,True
HUyAGY6ozjfMzG72Q2,New Years Eve Moonlight Sonata by Candlelight,S034,Pentire,Adrift,0.5791,3,True
HUyAGY6ozjfMzG72Q2,New Years Eve Moonlight Sonata by Candlelight,S035,The London Essence Co.,Original Indian Tonic Water,0.5284,6,True
HUyAGY6ozjfMzG72Q2,New Years Eve Moonlight Sonata by Candlelight,S036,Double Dutch,Indian Tonic Water,0.4726,10,True
HUyAGY6ozjfMzG72Q2,New Years Eve Moonlight Sonata by Candlelight,S037,Double ‘D’,Savvy Sweets Sour Bears,0.3009,30,True
HUyAGY6ozjfMzG72Q2,New Years Eve Moonlight Sonata by Candlelight,S038,Coco Cubes,Chocolate Coconut Bites,0.2621,36,True
HUyAGY6ozjfMzG72Q2,New Years Eve Moonlight Sonata by Candlelight,S039,teapigs,Super Fruit,0.1079,66,True
HUyAGY6ozjfMzG72Q2,New Years Eve Moonlight Sonata by Candlelight,S040,The Protein Ball Co.,Stuffed — Matcha & Vanilla,0.4286,16,True
HUyAGY6ozjfMzG72Q2,New Years Eve Moonlight Sonata by Candlelight,S041,The Original Chicken Crackling,Chicken Salt,0.4888,9,True
HUyAGY6ozjfMzG72Q2,New Years Eve Moonlight Sonata by Candlelight,S042,Blanco Niño,Creamy Jalapeño Tortilla Chips,0.3048,28,True
HUyAGY6ozjfMzG72Q2,New Years Eve Moonlight Sonata by Candlelight,S043,Blanco Niño,Chilli & Lime Tortilla Chips,0.3048,27,True
HUyAGY6ozjfMzG72Q2,New Years Eve Moonlight Sonata by Candlelight,S044,Saucerer,Pasta Sauce — Wild Mushroom & Truffle,0.4359,14,True
HUyAGY6ozjfMzG72Q2,New Years Eve Moonlight Sonata by Candlelight,S045,The Curators,Pork Puffs — Smoky Bacon,0.1105,65,True
HUyAGY6ozjfMzG72Q2,New Years Eve Moonlight Sonata by Candlelight,S046,Love Hemp,Sours Calm — Sour Orange CBD Gummies,0.5137,7,True
HUyAGY6ozjfMzG72Q2,New Years Eve Moonlight Sonata by Candlelight,S047,Ottolenghi,Miso Pesto,0.3422,23,True
HUyAGY6ozjfMzG72Q2,New Years Eve Moonlight Sonata by Candlelight,S048,Sunfly,Sunflower Seed Butter — Crunchy,0.1531,59,True
HUyAGY6ozjfMzG72Q2,New Years Eve Moonlight Sonata by Candlelight,S049,ape2o,GO Steel Bottle — Turtle,0.0696,69,True
HUyAGY6ozjfMzG72Q2,New Years Eve Moonlight Sonata by Candlelight,S050,Goodrays,Raspberry & Guava CBD Drink,0.3316,25,True
HUyAGY6ozjfMzG72Q2,New Years Eve Moonlight Sonata by Candlelight,S051,Little’s,Toffee Nut Flavour Infused Instant Coffee,0.0882,68,True
HUyAGY6ozjfMzG72Q2,New Years Eve Moonlight Sonata by Candlelight,S052,WelleCo,The Hydro Protein Elixir — Passionfruit,0.0533,70,True
HUyAGY6ozjfMzG72Q2,New Years Eve Moonlight Sonata by Candlelight,S053,HOOP,Plantain Chips — Lemon Pepper,0.2087,45,True
HUyAGY6ozjfMzG72Q2,New Years Eve Moonlight Sonata by Candlelight,S054,neat sweets,Fruity Berries,0.2652,35,True
HUyAGY6ozjfMzG72Q2,New Years Eve Moonlight Sonata by Candlelight,S055,FREEE,Organic Banana & Chocolate Oat Bar,0.1975,46,True
HUyAGY6ozjfMzG72Q2,New Years Eve Moonlight Sonata by Candlelight,S056,SUCSEED,Energy,0.3334,24,True
HUyAGY6ozjfMzG72Q2,New Years Eve Moonlight Sonata by Candlelight,S057,OOM,Calm,0.1276,62,True
HUyAGY6ozjfMzG72Q2,New Years Eve Moonlight Sonata by Candlelight,S058,sleep toniq,Sleep Toniq,0.2263,41,True
HUyAGY6ozjfMzG72Q2,New Years Eve Moonlight Sonata by Candlelight,S059,iLOVE SNACKS,Sicilian Lemon Pistachios,0.1012,67,True
HUyAGY6ozjfMzG72Q2,New Years Eve Moonlight Sonata by Candlelight,S060,Simply Roasted,Hot Honey Potato Crisps,0.1787,51,True
HUyAGY6ozjfMzG72Q2,New Years Eve Moonlight Sonata by Candlelight,S061,Simply Roasted,Sea Salt Potato Crisps,0.1885,48,True
HUyAGY6ozjfMzG72Q2,New Years Eve Moonlight Sonata by Candlelight,S062,Root Tea,Lemon Tea Blend,0.1383,60,True
HUyAGY6ozjfMzG72Q2,New Years Eve Moonlight Sonata by Candlelight,S063,Fever-Tree,Refreshingly Light Elderflower Tonic Water,0.6752,1,True
HUyAGY6ozjfMzG72Q2,New Years Eve Moonlight Sonata by Candlelight,S064,Folc,English Sparkling Rosé NV,0.2781,33,True
HUyAGY6ozjfMzG72Q2,New Years Eve Moonlight Sonata by Candlelight,S065,Folc,Dry English Rosé,0.5119,8,True
HUyAGY6ozjfMzG72Q2,New Years Eve Moonlight Sonata by Candlelight,S066,Penrhos,Handcrafted Dry Gin,0.3458,22,True
HUyAGY6ozjfMzG72Q2,New Years Eve Moonlight Sonata by Candlelight,S067,Mission,Lemon & Ginseng Natural Energy Drink,0.2688,34,True
HUyAGY6ozjfMzG72Q2,New Years Eve Moonlight Sonata by Candlelight,S068,Ombar,Pistachio Cream — 60% Dark Chocolate,0.3182,26,True
HUyAGY6ozjfMzG72Q2,New Years Eve Moonlight Sonata by Candlelight,S069,Mr Filbert’s,Teriyaki Mochi Rice Bites,0.4706,11,True
HUyAGY6ozjfMzG72Q2,New Years Eve Moonlight Sonata by Candlelight,S070,NOMO,Caramel Choc Bar,0.3019,29,True
DeY7oMJ4B4L95QhJXd,"Viennese Christmas Spectacular by Candlelight - 31st Dec, Liverpool",S001,All That Matters,Superfood Puffs — Peri-Peri,0.296,30,True
DeY7oMJ4B4L95QhJXd,"Viennese Christmas Spectacular by Candlelight - 31st Dec, Liverpool",S002,Simply Roasted,Black Truffle Potato Crisps,0.1986,41,True
DeY7oMJ4B4L95QhJXd,"Viennese Christmas Spectacular by Candlelight - 31st Dec, Liverpool",S003,Simply Roasted,Sour Cream & Chive Potato Crisps,0.19,44,True
DeY7oMJ4B4L95QhJXd,"Viennese Christmas Spectacular by Candlelight - 31st Dec, Liverpool",S004,Simply Roasted,Barbecue Potato Crisps,0.1827,46,True
DeY7oMJ4B4L95QhJXd,"Viennese Christmas Spectacular by Candlelight - 31st Dec, Liverpool",S005,The Protein Ball Co.,Salted Caramel Protein Balls,0.0999,65,True
DeY7oMJ4B4L95QhJXd,"Viennese Christmas Spectacular by Candlelight - 31st Dec, Liverpool",S006,The Protein Ball Co.,Original Peanut Butter Protein Balls,0.072,68,True
DeY7oMJ4B4L95QhJXd,"Viennese Christmas Spectacular by Candlelight - 31st Dec, Liverpool",S007,Well & Truly,Thins — Rich Cheddar & Gouda with a Hint of Jalapeño,0.3087,28,True
DeY7oMJ4B4L95QhJXd,"Viennese Christmas Spectacular by Candlelight - 31st Dec, Liverpool",S008,INDI,Brain Bar,0.1417,60,True
DeY7oMJ4B4L95QhJXd,"Viennese Christmas Spectacular by Candlelight - 31st Dec, Liverpool",S009,Kooky,Gently Dried Chewy Mango,0.2329,35,True
DeY7oMJ4B4L95QhJXd,"Viennese Christmas Spectacular by Candlelight - 31st Dec, Liverpool",S010,Well & Truly,Crunchies — Smokey Paprika,0.2168,37,True
DeY7oMJ4B4L95QhJXd,"Viennese Christmas Spectacular by Candlelight - 31st Dec, Liverpool",S011,Well & Truly,Crunchies — Really Cheesy,0.2168,38,True
DeY7oMJ4B4L95QhJXd,"Viennese Christmas Spectacular by Candlelight - 31st Dec, Liverpool",S012,Well & Truly,Crunchies — Smokey Bacon,0.1427,59,True
DeY7oMJ4B4L95QhJXd,"Viennese Christmas Spectacular by Candlelight - 31st Dec, Liverpool",S013,Well & Truly,Crunchies — Sea Salt & Cider Vinegar,0.144,57,True
DeY7oMJ4B4L95QhJXd,"Viennese Christmas Spectacular by Candlelight - 31st Dec, Liverpool",S014,Well & Truly,Fudge & Brownie Oat M&lk Chocolate,0.1932,43,True
DeY7oMJ4B4L95QhJXd,"Viennese Christmas Spectacular by Candlelight - 31st Dec, Liverpool",S015,Helen Browning’s Organic,Organic Corned Beef,0.3586,22,True
DeY7oMJ4B4L95QhJXd,"Viennese Christmas Spectacular by Candlelight - 31st Dec, Liverpool",S016,Dr. Will’s,Avocado Oil Mayo,0.4791,17,True
DeY7oMJ4B4L95QhJXd,"Viennese Christmas Spectacular by Candlelight - 31st Dec, Liverpool",S017,Dr. Will’s,Buffalo Hot Sauce,0.6028,7,True
DeY7oMJ4B4L95QhJXd,"Viennese Christmas Spectacular by Candlelight - 31st Dec, Liverpool",S018,EP!C Snax Co.,Plant Power Toastin’ Marshmallows,0.3384,24,True
DeY7oMJ4B4L95QhJXd,"Viennese Christmas Spectacular by Candlelight - 31st Dec, Liverpool",S019,EP!C Snax Co.,Giant Toastin’ Marshmallows,0.2771,32,True
DeY7oMJ4B4L95QhJXd,"Viennese Christmas Spectacular by Candlelight - 31st Dec, Liverpool",S020,ötzibrew,Organic Dandelion & Burdock Root Coffee Alternative,0.1433,58,True
DeY7oMJ4B4L95QhJXd,"Viennese Christmas Spectacular by Candlelight - 31st Dec, Liverpool",S021,OOM,Balance,0.1989,40,True
DeY7oMJ4B4L95QhJXd,"Viennese Christmas Spectacular by Candlelight - 31st Dec, Liverpool",S022,ChariTea,Mate Sparkling,0.3433,23,True
DeY7oMJ4B4L95QhJXd,"Viennese Christmas Spectacular by Candlelight - 31st Dec, Liverpool",S023,mindfuel flow,Mushroom Iced Latte — Salted Caramel,0.1289,62,True
DeY7oMJ4B4L95QhJXd,"Viennese Christmas Spectacular by Candlelight - 31st Dec, Liverpool",S024,Lowrise,Lager,0.6389,4,True
DeY7oMJ4B4L95QhJXd,"Viennese Christmas Spectacular by Candlelight - 31st Dec, Liverpool",S025,DASH,Pink Lady Apple Sparkling Water,0.1546,56,True
DeY7oMJ4B4L95QhJXd,"Viennese Christmas Spectacular by Candlelight - 31st Dec, Liverpool",S026,Lowrise,Hazy Pale,0.6389,3,True
DeY7oMJ4B4L95QhJXd,"Viennese Christmas Spectacular by Candlelight - 31st Dec, Liverpool",S027,Pentire,Coastal Spritz,0.4597,18,True
DeY7oMJ4B4L95QhJXd,"Viennese Christmas Spectacular by Candlelight - 31st Dec, Liverpool",S028,Gut Food / Ferment Fizz,Orange & Mango Lemonade,0.1705,49,True
DeY7oMJ4B4L95QhJXd,"Viennese Christmas Spectacular by Candlelight - 31st Dec, Liverpool",S029,Gut Food / Ferment Fizz,Lemon & Raspberry Lemonade,0.1588,51,True
DeY7oMJ4B4L95QhJXd,"Viennese Christmas Spectacular by Candlelight - 31st Dec, Liverpool",S030,Navas,Original Tonic Water,0.5223,13,True
DeY7oMJ4B4L95QhJXd,"Viennese Christmas Spectacular by Candlelight - 31st Dec, Liverpool",S031,Navas,Fiery Ginger Beer,0.5271,12,True
DeY7oMJ4B4L95QhJXd,"Viennese Christmas Spectacular by Candlelight - 31st Dec, Liverpool",S032,Gut Food / Ferment Fizz,Lemon Lemonade,0.1571,53,True
DeY7oMJ4B4L95QhJXd,"Viennese Christmas Spectacular by Candlelight - 31st Dec, Liverpool",S033,JimJams,Hazelnut Chocolate Spread,0.5542,11,True
DeY7oMJ4B4L95QhJXd,"Viennese Christmas Spectacular by Candlelight - 31st Dec, Liverpool",S034,Pentire,Adrift,0.5077,14,True
DeY7oMJ4B4L95QhJXd,"Viennese Christmas Spectacular by Candlelight - 31st Dec, Liverpool",S035,The London Essence Co.,Original Indian Tonic Water,0.4881,15,True
DeY7oMJ4B4L95QhJXd,"Viennese Christmas Spectacular by Candlelight - 31st Dec, Liverpool",S036,Double Dutch,Indian Tonic Water,0.5559,10,True
DeY7oMJ4B4L95QhJXd,"Viennese Christmas Spectacular by Candlelight - 31st Dec, Liverpool",S037,Double ‘D’,Savvy Sweets Sour Bears,0.1754,48,True
DeY7oMJ4B4L95QhJXd,"Viennese Christmas Spectacular by Candlelight - 31st Dec, Liverpool",S038,Coco Cubes,Chocolate Coconut Bites,0.1853,45,True
DeY7oMJ4B4L95QhJXd,"Viennese Christmas Spectacular by Candlelight - 31st Dec, Liverpool",S039,teapigs,Super Fruit,0.2984,29,True
DeY7oMJ4B4L95QhJXd,"Viennese Christmas Spectacular by Candlelight - 31st Dec, Liverpool",S040,The Protein Ball Co.,Stuffed — Matcha & Vanilla,0.1121,63,True
DeY7oMJ4B4L95QhJXd,"Viennese Christmas Spectacular by Candlelight - 31st Dec, Liverpool",S041,The Original Chicken Crackling,Chicken Salt,0.5605,8,True
DeY7oMJ4B4L95QhJXd,"Viennese Christmas Spectacular by Candlelight - 31st Dec, Liverpool",S042,Blanco Niño,Creamy Jalapeño Tortilla Chips,0.3317,26,True
DeY7oMJ4B4L95QhJXd,"Viennese Christmas Spectacular by Candlelight - 31st Dec, Liverpool",S043,Blanco Niño,Chilli & Lime Tortilla Chips,0.3317,25,True
DeY7oMJ4B4L95QhJXd,"Viennese Christmas Spectacular by Candlelight - 31st Dec, Liverpool",S044,Saucerer,Pasta Sauce — Wild Mushroom & Truffle,0.6121,5,True
DeY7oMJ4B4L95QhJXd,"Viennese Christmas Spectacular by Candlelight - 31st Dec, Liverpool",S045,The Curators,Pork Puffs — Smoky Bacon,0.1043,64,True
DeY7oMJ4B4L95QhJXd,"Viennese Christmas Spectacular by Candlelight - 31st Dec, Liverpool",S046,Love Hemp,Sours Calm — Sour Orange CBD Gummies,0.0989,67,True
DeY7oMJ4B4L95QhJXd,"Viennese Christmas Spectacular by Candlelight - 31st Dec, Liverpool",S047,Ottolenghi,Miso Pesto,0.7011,2,True
DeY7oMJ4B4L95QhJXd,"Viennese Christmas Spectacular by Candlelight - 31st Dec, Liverpool",S048,Sunfly,Sunflower Seed Butter — Crunchy,0.4114,19,True
DeY7oMJ4B4L95QhJXd,"Viennese Christmas Spectacular by Candlelight - 31st Dec, Liverpool",S049,ape2o,GO Steel Bottle — Turtle,0.0696,69,True
DeY7oMJ4B4L95QhJXd,"Viennese Christmas Spectacular by Candlelight - 31st Dec, Liverpool",S050,Goodrays,Raspberry & Guava CBD Drink,0.138,61,True
DeY7oMJ4B4L95QhJXd,"Viennese Christmas Spectacular by Candlelight - 31st Dec, Liverpool",S051,Little’s,Toffee Nut Flavour Infused Instant Coffee,0.178,47,True
DeY7oMJ4B4L95QhJXd,"Viennese Christmas Spectacular by Candlelight - 31st Dec, Liverpool",S052,WelleCo,The Hydro Protein Elixir — Passionfruit,0.0533,70,True
DeY7oMJ4B4L95QhJXd,"Viennese Christmas Spectacular by Candlelight - 31st Dec, Liverpool",S053,HOOP,Plantain Chips — Lemon Pepper,0.2762,33,True
DeY7oMJ4B4L95QhJXd,"Viennese Christmas Spectacular by Candlelight - 31st Dec, Liverpool",S054,neat sweets,Fruity Berries,0.155,55,True
DeY7oMJ4B4L95QhJXd,"Viennese Christmas Spectacular by Candlelight - 31st Dec, Liverpool",S055,FREEE,Organic Banana & Chocolate Oat Bar,0.1585,52,True
DeY7oMJ4B4L95QhJXd,"Viennese Christmas Spectacular by Candlelight - 31st Dec, Liverpool",S056,SUCSEED,Energy,0.5571,9,True
DeY7oMJ4B4L95QhJXd,"Viennese Christmas Spectacular by Candlelight - 31st Dec, Liverpool",S057,OOM,Calm,0.0994,66,True
DeY7oMJ4B4L95QhJXd,"Viennese Christmas Spectacular by Candlelight - 31st Dec, Liverpool",S058,sleep toniq,Sleep Toniq,0.2195,36,True
DeY7oMJ4B4L95QhJXd,"Viennese Christmas Spectacular by Candlelight - 31st Dec, Liverpool",S059,iLOVE SNACKS,Sicilian Lemon Pistachios,0.1975,42,True
DeY7oMJ4B4L95QhJXd,"Viennese Christmas Spectacular by Candlelight - 31st Dec, Liverpool",S060,Simply Roasted,Hot Honey Potato Crisps,0.166,50,True
DeY7oMJ4B4L95QhJXd,"Viennese Christmas Spectacular by Candlelight - 31st Dec, Liverpool",S061,Simply Roasted,Sea Salt Potato Crisps,0.2073,39,True
DeY7oMJ4B4L95QhJXd,"Viennese Christmas Spectacular by Candlelight - 31st Dec, Liverpool",S062,Root Tea,Lemon Tea Blend,0.2854,31,True
DeY7oMJ4B4L95QhJXd,"Viennese Christmas Spectacular by Candlelight - 31st Dec, Liverpool",S063,Fever-Tree,Refreshingly Light Elderflower Tonic Water,0.6092,6,True
DeY7oMJ4B4L95QhJXd,"Viennese Christmas Spectacular by Candlelight - 31st Dec, Liverpool",S064,Folc,English Sparkling Rosé NV,0.3778,21,True
DeY7oMJ4B4L95QhJXd,"Viennese Christmas Spectacular by Candlelight - 31st Dec, Liverpool",S065,Folc,Dry English Rosé,0.7514,1,True
DeY7oMJ4B4L95QhJXd,"Viennese Christmas Spectacular by Candlelight - 31st Dec, Liverpool",S066,Penrhos,Handcrafted Dry Gin,0.3928,20,True
DeY7oMJ4B4L95QhJXd,"Viennese Christmas Spectacular by Candlelight - 31st Dec, Liverpool",S067,Mission,Lemon & Ginseng Natural Energy Drink,0.3156,27,True
DeY7oMJ4B4L95QhJXd,"Viennese Christmas Spectacular by Candlelight - 31st Dec, Liverpool",S068,Ombar,Pistachio Cream — 60% Dark Chocolate,0.2612,34,True
DeY7oMJ4B4L95QhJXd,"Viennese Christmas Spectacular by Candlelight - 31st Dec, Liverpool",S069,Mr Filbert’s,Teriyaki Mochi Rice Bites,0.4848,16,True
DeY7oMJ4B4L95QhJXd,"Viennese Christmas Spectacular by Candlelight - 31st Dec, Liverpool",S070,NOMO,Caramel Choc Bar,0.1554,54,True
7YRdmoXK3b6RZXLKnD,UB40 / Reggae Tribute Night - Longbridge,S001,All That Matters,Superfood Puffs — Peri-Peri,0.3245,28,True
7YRdmoXK3b6RZXLKnD,UB40 / Reggae Tribute Night - Longbridge,S002,Simply Roasted,Black Truffle Potato Crisps,0.1708,60,True
7YRdmoXK3b6RZXLKnD,UB40 / Reggae Tribute Night - Longbridge,S003,Simply Roasted,Sour Cream & Chive Potato Crisps,0.2104,51,True
7YRdmoXK3b6RZXLKnD,UB40 / Reggae Tribute Night - Longbridge,S004,Simply Roasted,Barbecue Potato Crisps,0.167,62,True
7YRdmoXK3b6RZXLKnD,UB40 / Reggae Tribute Night - Longbridge,S005,The Protein Ball Co.,Salted Caramel Protein Balls,0.2359,42,True
7YRdmoXK3b6RZXLKnD,UB40 / Reggae Tribute Night - Longbridge,S006,The Protein Ball Co.,Original Peanut Butter Protein Balls,0.1116,67,True
7YRdmoXK3b6RZXLKnD,UB40 / Reggae Tribute Night - Longbridge,S007,Well & Truly,Thins — Rich Cheddar & Gouda with a Hint of Jalapeño,0.2721,35,True
7YRdmoXK3b6RZXLKnD,UB40 / Reggae Tribute Night - Longbridge,S008,INDI,Brain Bar,0.2246,46,True
7YRdmoXK3b6RZXLKnD,UB40 / Reggae Tribute Night - Longbridge,S009,Kooky,Gently Dried Chewy Mango,0.2504,38,True
7YRdmoXK3b6RZXLKnD,UB40 / Reggae Tribute Night - Longbridge,S010,Well & Truly,Crunchies — Smokey Paprika,0.1734,58,True
7YRdmoXK3b6RZXLKnD,UB40 / Reggae Tribute Night - Longbridge,S011,Well & Truly,Crunchies — Really Cheesy,0.1734,59,True
7YRdmoXK3b6RZXLKnD,UB40 / Reggae Tribute Night - Longbridge,S012,Well & Truly,Crunchies — Smokey Bacon,0.2222,47,True
7YRdmoXK3b6RZXLKnD,UB40 / Reggae Tribute Night - Longbridge,S013,Well & Truly,Crunchies — Sea Salt & Cider Vinegar,0.156,64,True
7YRdmoXK3b6RZXLKnD,UB40 / Reggae Tribute Night - Longbridge,S014,Well & Truly,Fudge & Brownie Oat M&lk Chocolate,0.3281,26,True
7YRdmoXK3b6RZXLKnD,UB40 / Reggae Tribute Night - Longbridge,S015,Helen Browning’s Organic,Organic Corned Beef,0.2773,33,True
7YRdmoXK3b6RZXLKnD,UB40 / Reggae Tribute Night - Longbridge,S016,Dr. Will’s,Avocado Oil Mayo,0.2059,52,True
7YRdmoXK3b6RZXLKnD,UB40 / Reggae Tribute Night - Longbridge,S017,Dr. Will’s,Buffalo Hot Sauce,0.3923,17,True
7YRdmoXK3b6RZXLKnD,UB40 / Reggae Tribute Night - Longbridge,S018,EP!C Snax Co.,Plant Power Toastin’ Marshmallows,0.461,9,True
7YRdmoXK3b6RZXLKnD,UB40 / Reggae Tribute Night - Longbridge,S019,EP!C Snax Co.,Giant Toastin’ Marshmallows,0.3316,25,True
7YRdmoXK3b6RZXLKnD,UB40 / Reggae Tribute Night - Longbridge,S020,ötzibrew,Organic Dandelion & Burdock Root Coffee Alternative,0.1947,53,True
7YRdmoXK3b6RZXLKnD,UB40 / Reggae Tribute Night - Longbridge,S021,OOM,Balance,0.2323,43,True
7YRdmoXK3b6RZXLKnD,UB40 / Reggae Tribute Night - Longbridge,S022,ChariTea,Mate Sparkling,0.2264,45,True
7YRdmoXK3b6RZXLKnD,UB40 / Reggae Tribute Night - Longbridge,S023,mindfuel flow,Mushroom Iced Latte — Salted Caramel,0.389,18,True
7YRdmoXK3b6RZXLKnD,UB40 / Reggae Tribute Night - Longbridge,S024,Lowrise,Lager,0.542,2,True
7YRdmoXK3b6RZXLKnD,UB40 / Reggae Tribute Night - Longbridge,S025,DASH,Pink Lady Apple Sparkling Water,0.162,63,True
7YRdmoXK3b6RZXLKnD,UB40 / Reggae Tribute Night - Longbridge,S026,Lowrise,Hazy Pale,0.542,3,True
7YRdmoXK3b6RZXLKnD,UB40 / Reggae Tribute Night - Longbridge,S027,Pentire,Coastal Spritz,0.3986,15,True
7YRdmoXK3b6RZXLKnD,UB40 / Reggae Tribute Night - Longbridge,S028,Gut Food / Ferment Fizz,Orange & Mango Lemonade,0.2563,36,True
7YRdmoXK3b6RZXLKnD,UB40 / Reggae Tribute Night - Longbridge,S029,Gut Food / Ferment Fizz,Lemon & Raspberry Lemonade,0.2159,48,True
7YRdmoXK3b6RZXLKnD,UB40 / Reggae Tribute Night - Longbridge,S030,Navas,Original Tonic Water,0.3959,16,True
7YRdmoXK3b6RZXLKnD,UB40 / Reggae Tribute Night - Longbridge,S031,Navas,Fiery Ginger Beer,0.5366,4,True
7YRdmoXK3b6RZXLKnD,UB40 / Reggae Tribute Night - Longbridge,S032,Gut Food / Ferment Fizz,Lemon Lemonade,0.2138,50,True
7YRdmoXK3b6RZXLKnD,UB40 / Reggae Tribute Night - Longbridge,S033,JimJams,Hazelnut Chocolate Spread,0.3848,19,True
7YRdmoXK3b6RZXLKnD,UB40 / Reggae Tribute Night - Longbridge,S034,Pentire,Adrift,0.5141,5,True
7YRdmoXK3b6RZXLKnD,UB40 / Reggae Tribute Night - Longbridge,S035,The London Essence Co.,Original Indian Tonic Water,0.4693,7,True
7YRdmoXK3b6RZXLKnD,UB40 / Reggae Tribute Night - Longbridge,S036,Double Dutch,Indian Tonic Water,0.4538,11,True
7YRdmoXK3b6RZXLKnD,UB40 / Reggae Tribute Night - Longbridge,S037,Double ‘D’,Savvy Sweets Sour Bears,0.3176,29,True
7YRdmoXK3b6RZXLKnD,UB40 / Reggae Tribute Night - Longbridge,S038,Coco Cubes,Chocolate Coconut Bites,0.3016,31,True
7YRdmoXK3b6RZXLKnD,UB40 / Reggae Tribute Night - Longbridge,S039,teapigs,Super Fruit,0.2155,49,True
7YRdmoXK3b6RZXLKnD,UB40 / Reggae Tribute Night - Longbridge,S040,The Protein Ball Co.,Stuffed — Matcha & Vanilla,0.3823,20,True
7YRdmoXK3b6RZXLKnD,UB40 / Reggae Tribute Night - Longbridge,S041,The Original Chicken Crackling,Chicken Salt,0.4645,8,True
7YRdmoXK3b6RZXLKnD,UB40 / Reggae Tribute Night - Longbridge,S042,Blanco Niño,Creamy Jalapeño Tortilla Chips,0.3566,23,True
7YRdmoXK3b6RZXLKnD,UB40 / Reggae Tribute Night - Longbridge,S043,Blanco Niño,Chilli & Lime Tortilla Chips,0.3566,24,True
7YRdmoXK3b6RZXLKnD,UB40 / Reggae Tribute Night - Longbridge,S044,Saucerer,Pasta Sauce — Wild Mushroom & Truffle,0.4566,10,True
7YRdmoXK3b6RZXLKnD,UB40 / Reggae Tribute Night - Longbridge,S045,The Curators,Pork Puffs — Smoky Bacon,0.1069,68,True
7YRdmoXK3b6RZXLKnD,UB40 / Reggae Tribute Night - Longbridge,S046,Love Hemp,Sours Calm — Sour Orange CBD Gummies,0.4149,14,True
7YRdmoXK3b6RZXLKnD,UB40 / Reggae Tribute Night - Longbridge,S047,Ottolenghi,Miso Pesto,0.381,21,True
7YRdmoXK3b6RZXLKnD,UB40 / Reggae Tribute Night - Longbridge,S048,Sunfly,Sunflower Seed Butter — Crunchy,0.1904,54,True
7YRdmoXK3b6RZXLKnD,UB40 / Reggae Tribute Night - Longbridge,S049,ape2o,GO Steel Bottle — Turtle,0.1303,66,True
7YRdmoXK3b6RZXLKnD,UB40 / Reggae Tribute Night - Longbridge,S050,Goodrays,Raspberry & Guava CBD Drink,0.2854,32,True
7YRdmoXK3b6RZXLKnD,UB40 / Reggae Tribute Night - Longbridge,S051,Little’s,Toffee Nut Flavour Infused Instant Coffee,0.1068,69,True
7YRdmoXK3b6RZXLKnD,UB40 / Reggae Tribute Night - Longbridge,S052,WelleCo,The Hydro Protein Elixir — Passionfruit,0.0732,70,True
7YRdmoXK3b6RZXLKnD,UB40 / Reggae Tribute Night - Longbridge,S053,HOOP,Plantain Chips — Lemon Pepper,0.237,41,True
7YRdmoXK3b6RZXLKnD,UB40 / Reggae Tribute Night - Longbridge,S054,neat sweets,Fruity Berries,0.2441,40,True
7YRdmoXK3b6RZXLKnD,UB40 / Reggae Tribute Night - Longbridge,S055,FREEE,Organic Banana & Chocolate Oat Bar,0.2468,39,True
7YRdmoXK3b6RZXLKnD,UB40 / Reggae Tribute Night - Longbridge,S056,SUCSEED,Energy,0.4262,13,True
7YRdmoXK3b6RZXLKnD,UB40 / Reggae Tribute Night - Longbridge,S057,OOM,Calm,0.1362,65,True
7YRdmoXK3b6RZXLKnD,UB40 / Reggae Tribute Night - Longbridge,S058,sleep toniq,Sleep Toniq,0.2302,44,True
7YRdmoXK3b6RZXLKnD,UB40 / Reggae Tribute Night - Longbridge,S059,iLOVE SNACKS,Sicilian Lemon Pistachios,0.1753,57,True
7YRdmoXK3b6RZXLKnD,UB40 / Reggae Tribute Night - Longbridge,S060,Simply Roasted,Hot Honey Potato Crisps,0.1785,56,True
7YRdmoXK3b6RZXLKnD,UB40 / Reggae Tribute Night - Longbridge,S061,Simply Roasted,Sea Salt Potato Crisps,0.1884,55,True
7YRdmoXK3b6RZXLKnD,UB40 / Reggae Tribute Night - Longbridge,S062,Root Tea,Lemon Tea Blend,0.17,61,True
7YRdmoXK3b6RZXLKnD,UB40 / Reggae Tribute Night - Longbridge,S063,Fever-Tree,Refreshingly Light Elderflower Tonic Water,0.6059,1,True
7YRdmoXK3b6RZXLKnD,UB40 / Reggae Tribute Night - Longbridge,S064,Folc,English Sparkling Rosé NV,0.2551,37,True
7YRdmoXK3b6RZXLKnD,UB40 / Reggae Tribute Night - Longbridge,S065,Folc,Dry English Rosé,0.5076,6,True
7YRdmoXK3b6RZXLKnD,UB40 / Reggae Tribute Night - Longbridge,S066,Penrhos,Handcrafted Dry Gin,0.3807,22,True
7YRdmoXK3b6RZXLKnD,UB40 / Reggae Tribute Night - Longbridge,S067,Mission,Lemon & Ginseng Natural Energy Drink,0.2769,34,True
7YRdmoXK3b6RZXLKnD,UB40 / Reggae Tribute Night - Longbridge,S068,Ombar,Pistachio Cream — 60% Dark Chocolate,0.3273,27,True
7YRdmoXK3b6RZXLKnD,UB40 / Reggae Tribute Night - Longbridge,S069,Mr Filbert’s,Teriyaki Mochi Rice Bites,0.4266,12,True
7YRdmoXK3b6RZXLKnD,UB40 / Reggae Tribute Night - Longbridge,S070,NOMO,Caramel Choc Bar,0.3028,30,True
FvqmmDfNzyDbZMbchz,Nutcracker Suite and Rachmaninov  at Christmas by Candlelight,S001,All That Matters,Superfood Puffs — Peri-Peri,0.3653,21,True
FvqmmDfNzyDbZMbchz,Nutcracker Suite and Rachmaninov  at Christmas by Candlelight,S002,Simply Roasted,Black Truffle Potato Crisps,0.1709,52,True
FvqmmDfNzyDbZMbchz,Nutcracker Suite and Rachmaninov  at Christmas by Candlelight,S003,Simply Roasted,Sour Cream & Chive Potato Crisps,0.2241,42,True
FvqmmDfNzyDbZMbchz,Nutcracker Suite and Rachmaninov  at Christmas by Candlelight,S004,Simply Roasted,Barbecue Potato Crisps,0.1671,54,True
FvqmmDfNzyDbZMbchz,Nutcracker Suite and Rachmaninov  at Christmas by Candlelight,S005,The Protein Ball Co.,Salted Caramel Protein Balls,0.2101,44,True
FvqmmDfNzyDbZMbchz,Nutcracker Suite and Rachmaninov  at Christmas by Candlelight,S006,The Protein Ball Co.,Original Peanut Butter Protein Balls,0.1265,63,True
FvqmmDfNzyDbZMbchz,Nutcracker Suite and Rachmaninov  at Christmas by Candlelight,S007,Well & Truly,Thins — Rich Cheddar & Gouda with a Hint of Jalapeño,0.2876,32,True
FvqmmDfNzyDbZMbchz,Nutcracker Suite and Rachmaninov  at Christmas by Candlelight,S008,INDI,Brain Bar,0.1623,56,True
FvqmmDfNzyDbZMbchz,Nutcracker Suite and Rachmaninov  at Christmas by Candlelight,S009,Kooky,Gently Dried Chewy Mango,0.2109,43,True
FvqmmDfNzyDbZMbchz,Nutcracker Suite and Rachmaninov  at Christmas by Candlelight,S010,Well & Truly,Crunchies — Smokey Paprika,0.1807,49,True
FvqmmDfNzyDbZMbchz,Nutcracker Suite and Rachmaninov  at Christmas by Candlelight,S011,Well & Truly,Crunchies — Really Cheesy,0.1807,50,True
FvqmmDfNzyDbZMbchz,Nutcracker Suite and Rachmaninov  at Christmas by Candlelight,S012,Well & Truly,Crunchies — Smokey Bacon,0.161,57,True
FvqmmDfNzyDbZMbchz,Nutcracker Suite and Rachmaninov  at Christmas by Candlelight,S013,Well & Truly,Crunchies — Sea Salt & Cider Vinegar,0.1634,55,True
FvqmmDfNzyDbZMbchz,Nutcracker Suite and Rachmaninov  at Christmas by Candlelight,S014,Well & Truly,Fudge & Brownie Oat M&lk Chocolate,0.2996,31,True
FvqmmDfNzyDbZMbchz,Nutcracker Suite and Rachmaninov  at Christmas by Candlelight,S015,Helen Browning’s Organic,Organic Corned Beef,0.1892,47,True
FvqmmDfNzyDbZMbchz,Nutcracker Suite and Rachmaninov  at Christmas by Candlelight,S016,Dr. Will’s,Avocado Oil Mayo,0.1542,58,True
FvqmmDfNzyDbZMbchz,Nutcracker Suite and Rachmaninov  at Christmas by Candlelight,S017,Dr. Will’s,Buffalo Hot Sauce,0.3783,19,True
FvqmmDfNzyDbZMbchz,Nutcracker Suite and Rachmaninov  at Christmas by Candlelight,S018,EP!C Snax Co.,Plant Power Toastin’ Marshmallows,0.4492,12,True
FvqmmDfNzyDbZMbchz,Nutcracker Suite and Rachmaninov  at Christmas by Candlelight,S019,EP!C Snax Co.,Giant Toastin’ Marshmallows,0.3879,18,True
FvqmmDfNzyDbZMbchz,Nutcracker Suite and Rachmaninov  at Christmas by Candlelight,S020,ötzibrew,Organic Dandelion & Burdock Root Coffee Alternative,0.1327,61,True
FvqmmDfNzyDbZMbchz,Nutcracker Suite and Rachmaninov  at Christmas by Candlelight,S021,OOM,Balance,0.2393,40,True
FvqmmDfNzyDbZMbchz,Nutcracker Suite and Rachmaninov  at Christmas by Candlelight,S022,ChariTea,Mate Sparkling,0.1106,64,True
FvqmmDfNzyDbZMbchz,Nutcracker Suite and Rachmaninov  at Christmas by Candlelight,S023,mindfuel flow,Mushroom Iced Latte — Salted Caramel,0.3933,17,True
FvqmmDfNzyDbZMbchz,Nutcracker Suite and Rachmaninov  at Christmas by Candlelight,S024,Lowrise,Lager,0.5615,4,True
FvqmmDfNzyDbZMbchz,Nutcracker Suite and Rachmaninov  at Christmas by Candlelight,S025,DASH,Pink Lady Apple Sparkling Water,0.1673,53,True
FvqmmDfNzyDbZMbchz,Nutcracker Suite and Rachmaninov  at Christmas by Candlelight,S026,Lowrise,Hazy Pale,0.5615,5,True
FvqmmDfNzyDbZMbchz,Nutcracker Suite and Rachmaninov  at Christmas by Candlelight,S027,Pentire,Coastal Spritz,0.4374,13,True
FvqmmDfNzyDbZMbchz,Nutcracker Suite and Rachmaninov  at Christmas by Candlelight,S028,Gut Food / Ferment Fizz,Orange & Mango Lemonade,0.2588,37,True
FvqmmDfNzyDbZMbchz,Nutcracker Suite and Rachmaninov  at Christmas by Candlelight,S029,Gut Food / Ferment Fizz,Lemon & Raspberry Lemonade,0.2457,38,True
FvqmmDfNzyDbZMbchz,Nutcracker Suite and Rachmaninov  at Christmas by Candlelight,S030,Navas,Original Tonic Water,0.4318,15,True
FvqmmDfNzyDbZMbchz,Nutcracker Suite and Rachmaninov  at Christmas by Candlelight,S031,Navas,Fiery Ginger Beer,0.6102,2,True
FvqmmDfNzyDbZMbchz,Nutcracker Suite and Rachmaninov  at Christmas by Candlelight,S032,Gut Food / Ferment Fizz,Lemon Lemonade,0.2434,39,True
FvqmmDfNzyDbZMbchz,Nutcracker Suite and Rachmaninov  at Christmas by Candlelight,S033,JimJams,Hazelnut Chocolate Spread,0.3768,20,True
FvqmmDfNzyDbZMbchz,Nutcracker Suite and Rachmaninov  at Christmas by Candlelight,S034,Pentire,Adrift,0.5791,3,True
FvqmmDfNzyDbZMbchz,Nutcracker Suite and Rachmaninov  at Christmas by Candlelight,S035,The London Essence Co.,Original Indian Tonic Water,0.5284,6,True
FvqmmDfNzyDbZMbchz,Nutcracker Suite and Rachmaninov  at Christmas by Candlelight,S036,Double Dutch,Indian Tonic Water,0.4726,10,True
FvqmmDfNzyDbZMbchz,Nutcracker Suite and Rachmaninov  at Christmas by Candlelight,S037,Double ‘D’,Savvy Sweets Sour Bears,0.3009,30,True
FvqmmDfNzyDbZMbchz,Nutcracker Suite and Rachmaninov  at Christmas by Candlelight,S038,Coco Cubes,Chocolate Coconut Bites,0.2621,36,True
FvqmmDfNzyDbZMbchz,Nutcracker Suite and Rachmaninov  at Christmas by Candlelight,S039,teapigs,Super Fruit,0.1079,66,True
FvqmmDfNzyDbZMbchz,Nutcracker Suite and Rachmaninov  at Christmas by Candlelight,S040,The Protein Ball Co.,Stuffed — Matcha & Vanilla,0.4286,16,True
FvqmmDfNzyDbZMbchz,Nutcracker Suite and Rachmaninov  at Christmas by Candlelight,S041,The Original Chicken Crackling,Chicken Salt,0.4888,9,True
FvqmmDfNzyDbZMbchz,Nutcracker Suite and Rachmaninov  at Christmas by Candlelight,S042,Blanco Niño,Creamy Jalapeño Tortilla Chips,0.3048,28,True
FvqmmDfNzyDbZMbchz,Nutcracker Suite and Rachmaninov  at Christmas by Candlelight,S043,Blanco Niño,Chilli & Lime Tortilla Chips,0.3048,27,True
FvqmmDfNzyDbZMbchz,Nutcracker Suite and Rachmaninov  at Christmas by Candlelight,S044,Saucerer,Pasta Sauce — Wild Mushroom & Truffle,0.4359,14,True
FvqmmDfNzyDbZMbchz,Nutcracker Suite and Rachmaninov  at Christmas by Candlelight,S045,The Curators,Pork Puffs — Smoky Bacon,0.1105,65,True
FvqmmDfNzyDbZMbchz,Nutcracker Suite and Rachmaninov  at Christmas by Candlelight,S046,Love Hemp,Sours Calm — Sour Orange CBD Gummies,0.5137,7,True
FvqmmDfNzyDbZMbchz,Nutcracker Suite and Rachmaninov  at Christmas by Candlelight,S047,Ottolenghi,Miso Pesto,0.3422,23,True
FvqmmDfNzyDbZMbchz,Nutcracker Suite and Rachmaninov  at Christmas by Candlelight,S048,Sunfly,Sunflower Seed Butter — Crunchy,0.1531,59,True
FvqmmDfNzyDbZMbchz,Nutcracker Suite and Rachmaninov  at Christmas by Candlelight,S049,ape2o,GO Steel Bottle — Turtle,0.0696,69,True
FvqmmDfNzyDbZMbchz,Nutcracker Suite and Rachmaninov  at Christmas by Candlelight,S050,Goodrays,Raspberry & Guava CBD Drink,0.3316,25,True
FvqmmDfNzyDbZMbchz,Nutcracker Suite and Rachmaninov  at Christmas by Candlelight,S051,Little’s,Toffee Nut Flavour Infused Instant Coffee,0.0882,68,True
FvqmmDfNzyDbZMbchz,Nutcracker Suite and Rachmaninov  at Christmas by Candlelight,S052,WelleCo,The Hydro Protein Elixir — Passionfruit,0.0533,70,True
FvqmmDfNzyDbZMbchz,Nutcracker Suite and Rachmaninov  at Christmas by Candlelight,S053,HOOP,Plantain Chips — Lemon Pepper,0.2087,45,True
FvqmmDfNzyDbZMbchz,Nutcracker Suite and Rachmaninov  at Christmas by Candlelight,S054,neat sweets,Fruity Berries,0.2652,35,True
FvqmmDfNzyDbZMbchz,Nutcracker Suite and Rachmaninov  at Christmas by Candlelight,S055,FREEE,Organic Banana & Chocolate Oat Bar,0.1975,46,True
FvqmmDfNzyDbZMbchz,Nutcracker Suite and Rachmaninov  at Christmas by Candlelight,S056,SUCSEED,Energy,0.3334,24,True
FvqmmDfNzyDbZMbchz,Nutcracker Suite and Rachmaninov  at Christmas by Candlelight,S057,OOM,Calm,0.1276,62,True
FvqmmDfNzyDbZMbchz,Nutcracker Suite and Rachmaninov  at Christmas by Candlelight,S058,sleep toniq,Sleep Toniq,0.2263,41,True
FvqmmDfNzyDbZMbchz,Nutcracker Suite and Rachmaninov  at Christmas by Candlelight,S059,iLOVE SNACKS,Sicilian Lemon Pistachios,0.1012,67,True
FvqmmDfNzyDbZMbchz,Nutcracker Suite and Rachmaninov  at Christmas by Candlelight,S060,Simply Roasted,Hot Honey Potato Crisps,0.1787,51,True
FvqmmDfNzyDbZMbchz,Nutcracker Suite and Rachmaninov  at Christmas by Candlelight,S061,Simply Roasted,Sea Salt Potato Crisps,0.1885,48,True
FvqmmDfNzyDbZMbchz,Nutcracker Suite and Rachmaninov  at Christmas by Candlelight,S062,Root Tea,Lemon Tea Blend,0.1383,60,True
FvqmmDfNzyDbZMbchz,Nutcracker Suite and Rachmaninov  at Christmas by Candlelight,S063,Fever-Tree,Refreshingly Light Elderflower Tonic Water,0.6752,1,True
FvqmmDfNzyDbZMbchz,Nutcracker Suite and Rachmaninov  at Christmas by Candlelight,S064,Folc,English Sparkling Rosé NV,0.2781,33,True
FvqmmDfNzyDbZMbchz,Nutcracker Suite and Rachmaninov  at Christmas by Candlelight,S065,Folc,Dry English Rosé,0.5119,8,True
FvqmmDfNzyDbZMbchz,Nutcracker Suite and Rachmaninov  at Christmas by Candlelight,S066,Penrhos,Handcrafted Dry Gin,0.3458,22,True
FvqmmDfNzyDbZMbchz,Nutcracker Suite and Rachmaninov  at Christmas by Candlelight,S067,Mission,Lemon & Ginseng Natural Energy Drink,0.2688,34,True
FvqmmDfNzyDbZMbchz,Nutcracker Suite and Rachmaninov  at Christmas by Candlelight,S068,Ombar,Pistachio Cream — 60% Dark Chocolate,0.3182,26,True
FvqmmDfNzyDbZMbchz,Nutcracker Suite and Rachmaninov  at Christmas by Candlelight,S069,Mr Filbert’s,Teriyaki Mochi Rice Bites,0.4706,11,True
FvqmmDfNzyDbZMbchz,Nutcracker Suite and Rachmaninov  at Christmas by Candlelight,S070,NOMO,Caramel Choc Bar,0.3019,29,True
FBvn8Sq6rYA8Y8Qk5J,Rumble Wrestling comes to Ditton for a Christmas Cracker,S001,All That Matters,Superfood Puffs — Peri-Peri,0.2137,41,True
FBvn8Sq6rYA8Y8Qk5J,Rumble Wrestling comes to Ditton for a Christmas Cracker,S002,Simply Roasted,Black Truffle Potato Crisps,0.1362,66,True
FBvn8Sq6rYA8Y8Qk5J,Rumble Wrestling comes to Ditton for a Christmas Cracker,S003,Simply Roasted,Sour Cream & Chive Potato Crisps,0.1608,54,True
FBvn8Sq6rYA8Y8Qk5J,Rumble Wrestling comes to Ditton for a Christmas Cracker,S004,Simply Roasted,Barbecue Potato Crisps,0.1324,67,True
FBvn8Sq6rYA8Y8Qk5J,Rumble Wrestling comes to Ditton for a Christmas Cracker,S005,The Protein Ball Co.,Salted Caramel Protein Balls,0.1468,60,True
FBvn8Sq6rYA8Y8Qk5J,Rumble Wrestling comes to Ditton for a Christmas Cracker,S006,The Protein Ball Co.,Original Peanut Butter Protein Balls,0.0952,68,True
FBvn8Sq6rYA8Y8Qk5J,Rumble Wrestling comes to Ditton for a Christmas Cracker,S007,Well & Truly,Thins — Rich Cheddar & Gouda with a Hint of Jalapeño,0.2491,29,True
FBvn8Sq6rYA8Y8Qk5J,Rumble Wrestling comes to Ditton for a Christmas Cracker,S008,INDI,Brain Bar,0.2005,46,True
FBvn8Sq6rYA8Y8Qk5J,Rumble Wrestling comes to Ditton for a Christmas Cracker,S009,Kooky,Gently Dried Chewy Mango,0.247,30,True
FBvn8Sq6rYA8Y8Qk5J,Rumble Wrestling comes to Ditton for a Christmas Cracker,S010,Well & Truly,Crunchies — Smokey Paprika,0.2225,39,True
FBvn8Sq6rYA8Y8Qk5J,Rumble Wrestling comes to Ditton for a Christmas Cracker,S011,Well & Truly,Crunchies — Really Cheesy,0.2225,40,True
FBvn8Sq6rYA8Y8Qk5J,Rumble Wrestling comes to Ditton for a Christmas Cracker,S012,Well & Truly,Crunchies — Smokey Bacon,0.2006,45,True
FBvn8Sq6rYA8Y8Qk5J,Rumble Wrestling comes to Ditton for a Christmas Cracker,S013,Well & Truly,Crunchies — Sea Salt & Cider Vinegar,0.2052,44,True
FBvn8Sq6rYA8Y8Qk5J,Rumble Wrestling comes to Ditton for a Christmas Cracker,S014,Well & Truly,Fudge & Brownie Oat M&lk Chocolate,0.2453,32,True
FBvn8Sq6rYA8Y8Qk5J,Rumble Wrestling comes to Ditton for a Christmas Cracker,S015,Helen Browning’s Organic,Organic Corned Beef,0.3824,17,True
FBvn8Sq6rYA8Y8Qk5J,Rumble Wrestling comes to Ditton for a Christmas Cracker,S016,Dr. Will’s,Avocado Oil Mayo,0.5246,9,True
FBvn8Sq6rYA8Y8Qk5J,Rumble Wrestling comes to Ditton for a Christmas Cracker,S017,Dr. Will’s,Buffalo Hot Sauce,0.5294,8,True
FBvn8Sq6rYA8Y8Qk5J,Rumble Wrestling comes to Ditton for a Christmas Cracker,S018,EP!C Snax Co.,Plant Power Toastin’ Marshmallows,0.2521,28,True
FBvn8Sq6rYA8Y8Qk5J,Rumble Wrestling comes to Ditton for a Christmas Cracker,S019,EP!C Snax Co.,Giant Toastin’ Marshmallows,0.1909,49,True
FBvn8Sq6rYA8Y8Qk5J,Rumble Wrestling comes to Ditton for a Christmas Cracker,S020,ötzibrew,Organic Dandelion & Burdock Root Coffee Alternative,0.1618,53,True
FBvn8Sq6rYA8Y8Qk5J,Rumble Wrestling comes to Ditton for a Christmas Cracker,S021,OOM,Balance,0.1457,62,True
FBvn8Sq6rYA8Y8Qk5J,Rumble Wrestling comes to Ditton for a Christmas Cracker,S022,ChariTea,Mate Sparkling,0.4833,12,True
FBvn8Sq6rYA8Y8Qk5J,Rumble Wrestling comes to Ditton for a Christmas Cracker,S023,mindfuel flow,Mushroom Iced Latte — Salted Caramel,0.2414,33,True
FBvn8Sq6rYA8Y8Qk5J,Rumble Wrestling comes to Ditton for a Christmas Cracker,S024,Lowrise,Lager,0.6496,2,False
FBvn8Sq6rYA8Y8Qk5J,Rumble Wrestling comes to Ditton for a Christmas Cracker,S025,DASH,Pink Lady Apple Sparkling Water,0.2388,34,True
FBvn8Sq6rYA8Y8Qk5J,Rumble Wrestling comes to Ditton for a Christmas Cracker,S026,Lowrise,Hazy Pale,0.6496,3,False
FBvn8Sq6rYA8Y8Qk5J,Rumble Wrestling comes to Ditton for a Christmas Cracker,S027,Pentire,Coastal Spritz,0.2255,37,True
FBvn8Sq6rYA8Y8Qk5J,Rumble Wrestling comes to Ditton for a Christmas Cracker,S028,Gut Food / Ferment Fizz,Orange & Mango Lemonade,0.1564,57,True
FBvn8Sq6rYA8Y8Qk5J,Rumble Wrestling comes to Ditton for a Christmas Cracker,S029,Gut Food / Ferment Fizz,Lemon & Raspberry Lemonade,0.1449,63,True
FBvn8Sq6rYA8Y8Qk5J,Rumble Wrestling comes to Ditton for a Christmas Cracker,S030,Navas,Original Tonic Water,0.2268,36,True
FBvn8Sq6rYA8Y8Qk5J,Rumble Wrestling comes to Ditton for a Christmas Cracker,S031,Navas,Fiery Ginger Beer,0.3141,19,True
FBvn8Sq6rYA8Y8Qk5J,Rumble Wrestling comes to Ditton for a Christmas Cracker,S032,Gut Food / Ferment Fizz,Lemon Lemonade,0.1433,64,True
FBvn8Sq6rYA8Y8Qk5J,Rumble Wrestling comes to Ditton for a Christmas Cracker,S033,JimJams,Hazelnut Chocolate Spread,0.6425,4,True
FBvn8Sq6rYA8Y8Qk5J,Rumble Wrestling comes to Ditton for a Christmas Cracker,S034,Pentire,Adrift,0.3037,20,True
FBvn8Sq6rYA8Y8Qk5J,Rumble Wrestling comes to Ditton for a Christmas Cracker,S035,The London Essence Co.,Original Indian Tonic Water,0.2707,22,True
FBvn8Sq6rYA8Y8Qk5J,Rumble Wrestling comes to Ditton for a Christmas Cracker,S036,Double Dutch,Indian Tonic Water,0.2645,24,True
FBvn8Sq6rYA8Y8Qk5J,Rumble Wrestling comes to Ditton for a Christmas Cracker,S037,Double ‘D’,Savvy Sweets Sour Bears,0.1893,50,True
FBvn8Sq6rYA8Y8Qk5J,Rumble Wrestling comes to Ditton for a Christmas Cracker,S038,Coco Cubes,Chocolate Coconut Bites,0.2371,35,True
FBvn8Sq6rYA8Y8Qk5J,Rumble Wrestling comes to Ditton for a Christmas Cracker,S039,teapigs,Super Fruit,0.4155,15,True
FBvn8Sq6rYA8Y8Qk5J,Rumble Wrestling comes to Ditton for a Christmas Cracker,S040,The Protein Ball Co.,Stuffed — Matcha & Vanilla,0.2467,31,True
FBvn8Sq6rYA8Y8Qk5J,Rumble Wrestling comes to Ditton for a Christmas Cracker,S041,The Original Chicken Crackling,Chicken Salt,0.3995,16,True
FBvn8Sq6rYA8Y8Qk5J,Rumble Wrestling comes to Ditton for a Christmas Cracker,S042,Blanco Niño,Creamy Jalapeño Tortilla Chips,0.2544,26,True
FBvn8Sq6rYA8Y8Qk5J,Rumble Wrestling comes to Ditton for a Christmas Cracker,S043,Blanco Niño,Chilli & Lime Tortilla Chips,0.2544,25,True
FBvn8Sq6rYA8Y8Qk5J,Rumble Wrestling comes to Ditton for a Christmas Cracker,S044,Saucerer,Pasta Sauce — Wild Mushroom & Truffle,0.6588,1,True
FBvn8Sq6rYA8Y8Qk5J,Rumble Wrestling comes to Ditton for a Christmas Cracker,S045,The Curators,Pork Puffs — Smoky Bacon,0.1545,58,True
FBvn8Sq6rYA8Y8Qk5J,Rumble Wrestling comes to Ditton for a Christmas Cracker,S046,Love Hemp,Sours Calm — Sour Orange CBD Gummies,0.2754,21,False
FBvn8Sq6rYA8Y8Qk5J,Rumble Wrestling comes to Ditton for a Christmas Cracker,S047,Ottolenghi,Miso Pesto,0.5993,6,True
FBvn8Sq6rYA8Y8Qk5J,Rumble Wrestling comes to Ditton for a Christmas Cracker,S048,Sunfly,Sunflower Seed Butter — Crunchy,0.4194,14,True
FBvn8Sq6rYA8Y8Qk5J,Rumble Wrestling comes to Ditton for a Christmas Cracker,S049,ape2o,GO Steel Bottle — Turtle,0.0696,69,True
FBvn8Sq6rYA8Y8Qk5J,Rumble Wrestling comes to Ditton for a Christmas Cracker,S050,Goodrays,Raspberry & Guava CBD Drink,0.2648,23,False
FBvn8Sq6rYA8Y8Qk5J,Rumble Wrestling comes to Ditton for a Christmas Cracker,S051,Little’s,Toffee Nut Flavour Infused Instant Coffee,0.2241,38,True
FBvn8Sq6rYA8Y8Qk5J,Rumble Wrestling comes to Ditton for a Christmas Cracker,S052,WelleCo,The Hydro Protein Elixir — Passionfruit,0.0533,70,True
FBvn8Sq6rYA8Y8Qk5J,Rumble Wrestling comes to Ditton for a Christmas Cracker,S053,HOOP,Plantain Chips — Lemon Pepper,0.3487,18,True
FBvn8Sq6rYA8Y8Qk5J,Rumble Wrestling comes to Ditton for a Christmas Cracker,S054,neat sweets,Fruity Berries,0.159,55,True
FBvn8Sq6rYA8Y8Qk5J,Rumble Wrestling comes to Ditton for a Christmas Cracker,S055,FREEE,Organic Banana & Chocolate Oat Bar,0.2068,43,True
FBvn8Sq6rYA8Y8Qk5J,Rumble Wrestling comes to Ditton for a Christmas Cracker,S056,SUCSEED,Energy,0.577,7,True
FBvn8Sq6rYA8Y8Qk5J,Rumble Wrestling comes to Ditton for a Christmas Cracker,S057,OOM,Calm,0.1566,56,True
FBvn8Sq6rYA8Y8Qk5J,Rumble Wrestling comes to Ditton for a Christmas Cracker,S058,sleep toniq,Sleep Toniq,0.2105,42,True
FBvn8Sq6rYA8Y8Qk5J,Rumble Wrestling comes to Ditton for a Christmas Cracker,S059,iLOVE SNACKS,Sicilian Lemon Pistachios,0.1721,52,True
FBvn8Sq6rYA8Y8Qk5J,Rumble Wrestling comes to Ditton for a Christmas Cracker,S060,Simply Roasted,Hot Honey Potato Crisps,0.1367,65,True
FBvn8Sq6rYA8Y8Qk5J,Rumble Wrestling comes to Ditton for a Christmas Cracker,S061,Simply Roasted,Sea Salt Potato Crisps,0.1466,61,True
FBvn8Sq6rYA8Y8Qk5J,Rumble Wrestling comes to Ditton for a Christmas Cracker,S062,Root Tea,Lemon Tea Blend,0.434,13,True
FBvn8Sq6rYA8Y8Qk5J,Rumble Wrestling comes to Ditton for a Christmas Cracker,S063,Fever-Tree,Refreshingly Light Elderflower Tonic Water,0.4906,11,True
FBvn8Sq6rYA8Y8Qk5J,Rumble Wrestling comes to Ditton for a Christmas Cracker,S064,Folc,English Sparkling Rosé NV,0.1513,59,False
FBvn8Sq6rYA8Y8Qk5J,Rumble Wrestling comes to Ditton for a Christmas Cracker,S065,Folc,Dry English Rosé,0.6153,5,False
FBvn8Sq6rYA8Y8Qk5J,Rumble Wrestling comes to Ditton for a Christmas Cracker,S066,Penrhos,Handcrafted Dry Gin,0.2,47,False
FBvn8Sq6rYA8Y8Qk5J,Rumble Wrestling comes to Ditton for a Christmas Cracker,S067,Mission,Lemon & Ginseng Natural Energy Drink,0.5129,10,True
FBvn8Sq6rYA8Y8Qk5J,Rumble Wrestling comes to Ditton for a Christmas Cracker,S068,Ombar,Pistachio Cream — 60% Dark Chocolate,0.1944,48,True
FBvn8Sq6rYA8Y8Qk5J,Rumble Wrestling comes to Ditton for a Christmas Cracker,S069,Mr Filbert’s,Teriyaki Mochi Rice Bites,0.2543,27,True
FBvn8Sq6rYA8Y8Qk5J,Rumble Wrestling comes to Ditton for a Christmas Cracker,S070,NOMO,Caramel Choc Bar,0.1755,51,True
GmgS5GRZZiMvHAKCCX,Aladdin: Brighton's Family Pantomime,S001,All That Matters,Superfood Puffs — Peri-Peri,0.169,51,True
GmgS5GRZZiMvHAKCCX,Aladdin: Brighton's Family Pantomime,S002,Simply Roasted,Black Truffle Potato Crisps,0.1777,48,True
GmgS5GRZZiMvHAKCCX,Aladdin: Brighton's Family Pantomime,S003,Simply Roasted,Sour Cream & Chive Potato Crisps,0.1719,50,True
GmgS5GRZZiMvHAKCCX,Aladdin: Brighton's Family Pantomime,S004,Simply Roasted,Barbecue Potato Crisps,0.1646,52,True
GmgS5GRZZiMvHAKCCX,Aladdin: Brighton's Family Pantomime,S005,The Protein Ball Co.,Salted Caramel Protein Balls,0.0999,65,True
GmgS5GRZZiMvHAKCCX,Aladdin: Brighton's Family Pantomime,S006,The Protein Ball Co.,Original Peanut Butter Protein Balls,0.072,68,True
GmgS5GRZZiMvHAKCCX,Aladdin: Brighton's Family Pantomime,S007,Well & Truly,Thins — Rich Cheddar & Gouda with a Hint of Jalapeño,0.2439,29,True
GmgS5GRZZiMvHAKCCX,Aladdin: Brighton's Family Pantomime,S008,INDI,Brain Bar,0.191,44,True
GmgS5GRZZiMvHAKCCX,Aladdin: Brighton's Family Pantomime,S009,Kooky,Gently Dried Chewy Mango,0.2763,20,True
GmgS5GRZZiMvHAKCCX,Aladdin: Brighton's Family Pantomime,S010,Well & Truly,Crunchies — Smokey Paprika,0.2558,25,True
GmgS5GRZZiMvHAKCCX,Aladdin: Brighton's Family Pantomime,S011,Well & Truly,Crunchies — Really Cheesy,0.2558,26,True
GmgS5GRZZiMvHAKCCX,Aladdin: Brighton's Family Pantomime,S012,Well & Truly,Crunchies — Smokey Bacon,0.1921,43,True
GmgS5GRZZiMvHAKCCX,Aladdin: Brighton's Family Pantomime,S013,Well & Truly,Crunchies — Sea Salt & Cider Vinegar,0.1962,40,True
GmgS5GRZZiMvHAKCCX,Aladdin: Brighton's Family Pantomime,S014,Well & Truly,Fudge & Brownie Oat M&lk Chocolate,0.1941,42,True
GmgS5GRZZiMvHAKCCX,Aladdin: Brighton's Family Pantomime,S015,Helen Browning’s Organic,Organic Corned Beef,0.462,15,True
GmgS5GRZZiMvHAKCCX,Aladdin: Brighton's Family Pantomime,S016,Dr. Will’s,Avocado Oil Mayo,0.677,5,True
GmgS5GRZZiMvHAKCCX,Aladdin: Brighton's Family Pantomime,S017,Dr. Will’s,Buffalo Hot Sauce,0.6124,9,True
GmgS5GRZZiMvHAKCCX,Aladdin: Brighton's Family Pantomime,S018,EP!C Snax Co.,Plant Power Toastin’ Marshmallows,0.1869,45,True
GmgS5GRZZiMvHAKCCX,Aladdin: Brighton's Family Pantomime,S019,EP!C Snax Co.,Giant Toastin’ Marshmallows,0.1257,58,True
GmgS5GRZZiMvHAKCCX,Aladdin: Brighton's Family Pantomime,S020,ötzibrew,Organic Dandelion & Burdock Root Coffee Alternative,0.1776,49,True
GmgS5GRZZiMvHAKCCX,Aladdin: Brighton's Family Pantomime,S021,OOM,Balance,0.1189,59,True
GmgS5GRZZiMvHAKCCX,Aladdin: Brighton's Family Pantomime,S022,ChariTea,Mate Sparkling,0.5872,10,True
GmgS5GRZZiMvHAKCCX,Aladdin: Brighton's Family Pantomime,S023,mindfuel flow,Mushroom Iced Latte — Salted Caramel,0.1289,57,True
GmgS5GRZZiMvHAKCCX,Aladdin: Brighton's Family Pantomime,S024,Lowrise,Lager,0.6553,8,False
GmgS5GRZZiMvHAKCCX,Aladdin: Brighton's Family Pantomime,S025,DASH,Pink Lady Apple Sparkling Water,0.2322,34,True
GmgS5GRZZiMvHAKCCX,Aladdin: Brighton's Family Pantomime,S026,Lowrise,Hazy Pale,0.6553,7,False
GmgS5GRZZiMvHAKCCX,Aladdin: Brighton's Family Pantomime,S027,Pentire,Coastal Spritz,0.2153,35,True
GmgS5GRZZiMvHAKCCX,Aladdin: Brighton's Family Pantomime,S028,Gut Food / Ferment Fizz,Orange & Mango Lemonade,0.1118,61,True
GmgS5GRZZiMvHAKCCX,Aladdin: Brighton's Family Pantomime,S029,Gut Food / Ferment Fizz,Lemon & Raspberry Lemonade,0.101,64,True
GmgS5GRZZiMvHAKCCX,Aladdin: Brighton's Family Pantomime,S030,Navas,Original Tonic Water,0.2646,22,True
GmgS5GRZZiMvHAKCCX,Aladdin: Brighton's Family Pantomime,S031,Navas,Fiery Ginger Beer,0.2729,21,True
GmgS5GRZZiMvHAKCCX,Aladdin: Brighton's Family Pantomime,S032,Gut Food / Ferment Fizz,Lemon Lemonade,0.0998,66,True
GmgS5GRZZiMvHAKCCX,Aladdin: Brighton's Family Pantomime,S033,JimJams,Hazelnut Chocolate Spread,0.7277,3,True
GmgS5GRZZiMvHAKCCX,Aladdin: Brighton's Family Pantomime,S034,Pentire,Adrift,0.2593,24,True
GmgS5GRZZiMvHAKCCX,Aladdin: Brighton's Family Pantomime,S035,The London Essence Co.,Original Indian Tonic Water,0.2397,31,True
GmgS5GRZZiMvHAKCCX,Aladdin: Brighton's Family Pantomime,S036,Double Dutch,Indian Tonic Water,0.305,19,True
GmgS5GRZZiMvHAKCCX,Aladdin: Brighton's Family Pantomime,S037,Double ‘D’,Savvy Sweets Sour Bears,0.1305,56,True
GmgS5GRZZiMvHAKCCX,Aladdin: Brighton's Family Pantomime,S038,Coco Cubes,Chocolate Coconut Bites,0.1997,37,True
GmgS5GRZZiMvHAKCCX,Aladdin: Brighton's Family Pantomime,S039,teapigs,Super Fruit,0.4962,13,True
GmgS5GRZZiMvHAKCCX,Aladdin: Brighton's Family Pantomime,S040,The Protein Ball Co.,Stuffed — Matcha & Vanilla,0.1121,60,True
GmgS5GRZZiMvHAKCCX,Aladdin: Brighton's Family Pantomime,S041,The Original Chicken Crackling,Chicken Salt,0.4004,17,True
GmgS5GRZZiMvHAKCCX,Aladdin: Brighton's Family Pantomime,S042,Blanco Niño,Creamy Jalapeño Tortilla Chips,0.2499,27,True
GmgS5GRZZiMvHAKCCX,Aladdin: Brighton's Family Pantomime,S043,Blanco Niño,Chilli & Lime Tortilla Chips,0.2499,28,True
GmgS5GRZZiMvHAKCCX,Aladdin: Brighton's Family Pantomime,S044,Saucerer,Pasta Sauce — Wild Mushroom & Truffle,0.7476,1,True
GmgS5GRZZiMvHAKCCX,Aladdin: Brighton's Family Pantomime,S045,The Curators,Pork Puffs — Smoky Bacon,0.1511,54,True
GmgS5GRZZiMvHAKCCX,Aladdin: Brighton's Family Pantomime,S046,Love Hemp,Sours Calm — Sour Orange CBD Gummies,0.0989,67,False
GmgS5GRZZiMvHAKCCX,Aladdin: Brighton's Family Pantomime,S047,Ottolenghi,Miso Pesto,0.7385,2,True
GmgS5GRZZiMvHAKCCX,Aladdin: Brighton's Family Pantomime,S048,Sunfly,Sunflower Seed Butter — Crunchy,0.5436,11,True
GmgS5GRZZiMvHAKCCX,Aladdin: Brighton's Family Pantomime,S049,ape2o,GO Steel Bottle — Turtle,0.0696,69,True
GmgS5GRZZiMvHAKCCX,Aladdin: Brighton's Family Pantomime,S050,Goodrays,Raspberry & Guava CBD Drink,0.1818,47,False
GmgS5GRZZiMvHAKCCX,Aladdin: Brighton's Family Pantomime,S051,Little’s,Toffee Nut Flavour Infused Instant Coffee,0.264,23,True
GmgS5GRZZiMvHAKCCX,Aladdin: Brighton's Family Pantomime,S052,WelleCo,The Hydro Protein Elixir — Passionfruit,0.0533,70,True
GmgS5GRZZiMvHAKCCX,Aladdin: Brighton's Family Pantomime,S053,HOOP,Plantain Chips — Lemon Pepper,0.3715,18,True
GmgS5GRZZiMvHAKCCX,Aladdin: Brighton's Family Pantomime,S054,neat sweets,Fruity Berries,0.1063,63,True
GmgS5GRZZiMvHAKCCX,Aladdin: Brighton's Family Pantomime,S055,FREEE,Organic Banana & Chocolate Oat Bar,0.1974,39,True
GmgS5GRZZiMvHAKCCX,Aladdin: Brighton's Family Pantomime,S056,SUCSEED,Energy,0.6656,6,True
GmgS5GRZZiMvHAKCCX,Aladdin: Brighton's Family Pantomime,S057,OOM,Calm,0.1439,55,True
GmgS5GRZZiMvHAKCCX,Aladdin: Brighton's Family Pantomime,S058,sleep toniq,Sleep Toniq,0.1987,38,True
GmgS5GRZZiMvHAKCCX,Aladdin: Brighton's Family Pantomime,S059,iLOVE SNACKS,Sicilian Lemon Pistachios,0.2348,33,True
GmgS5GRZZiMvHAKCCX,Aladdin: Brighton's Family Pantomime,S060,Simply Roasted,Hot Honey Potato Crisps,0.1517,53,True
GmgS5GRZZiMvHAKCCX,Aladdin: Brighton's Family Pantomime,S061,Simply Roasted,Sea Salt Potato Crisps,0.1855,46,True
GmgS5GRZZiMvHAKCCX,Aladdin: Brighton's Family Pantomime,S062,Root Tea,Lemon Tea Blend,0.4961,14,True
GmgS5GRZZiMvHAKCCX,Aladdin: Brighton's Family Pantomime,S063,Fever-Tree,Refreshingly Light Elderflower Tonic Water,0.4558,16,True
GmgS5GRZZiMvHAKCCX,Aladdin: Brighton's Family Pantomime,S064,Folc,English Sparkling Rosé NV,0.2085,36,False
GmgS5GRZZiMvHAKCCX,Aladdin: Brighton's Family Pantomime,S065,Folc,Dry English Rosé,0.7139,4,False
GmgS5GRZZiMvHAKCCX,Aladdin: Brighton's Family Pantomime,S066,Penrhos,Handcrafted Dry Gin,0.2354,32,False
GmgS5GRZZiMvHAKCCX,Aladdin: Brighton's Family Pantomime,S067,Mission,Lemon & Ginseng Natural Energy Drink,0.5297,12,True
GmgS5GRZZiMvHAKCCX,Aladdin: Brighton's Family Pantomime,S068,Ombar,Pistachio Cream — 60% Dark Chocolate,0.1955,41,True
GmgS5GRZZiMvHAKCCX,Aladdin: Brighton's Family Pantomime,S069,Mr Filbert’s,Teriyaki Mochi Rice Bites,0.2405,30,True
GmgS5GRZZiMvHAKCCX,Aladdin: Brighton's Family Pantomime,S070,NOMO,Caramel Choc Bar,0.1075,62,True
8y98VJEiLydu4UJfay,The Tumbling Paddies,S001,All That Matters,Superfood Puffs — Peri-Peri,0.3653,21,True
8y98VJEiLydu4UJfay,The Tumbling Paddies,S002,Simply Roasted,Black Truffle Potato Crisps,0.1709,52,True
8y98VJEiLydu4UJfay,The Tumbling Paddies,S003,Simply Roasted,Sour Cream & Chive Potato Crisps,0.2241,42,True
8y98VJEiLydu4UJfay,The Tumbling Paddies,S004,Simply Roasted,Barbecue Potato Crisps,0.1671,54,True
8y98VJEiLydu4UJfay,The Tumbling Paddies,S005,The Protein Ball Co.,Salted Caramel Protein Balls,0.2101,44,True
8y98VJEiLydu4UJfay,The Tumbling Paddies,S006,The Protein Ball Co.,Original Peanut Butter Protein Balls,0.1265,63,True
8y98VJEiLydu4UJfay,The Tumbling Paddies,S007,Well & Truly,Thins — Rich Cheddar & Gouda with a Hint of Jalapeño,0.2876,32,True
8y98VJEiLydu4UJfay,The Tumbling Paddies,S008,INDI,Brain Bar,0.1623,56,True
8y98VJEiLydu4UJfay,The Tumbling Paddies,S009,Kooky,Gently Dried Chewy Mango,0.2109,43,True
8y98VJEiLydu4UJfay,The Tumbling Paddies,S010,Well & Truly,Crunchies — Smokey Paprika,0.1807,49,True
8y98VJEiLydu4UJfay,The Tumbling Paddies,S011,Well & Truly,Crunchies — Really Cheesy,0.1807,50,True
8y98VJEiLydu4UJfay,The Tumbling Paddies,S012,Well & Truly,Crunchies — Smokey Bacon,0.161,57,True
8y98VJEiLydu4UJfay,The Tumbling Paddies,S013,Well & Truly,Crunchies — Sea Salt & Cider Vinegar,0.1634,55,True
8y98VJEiLydu4UJfay,The Tumbling Paddies,S014,Well & Truly,Fudge & Brownie Oat M&lk Chocolate,0.2996,31,True
8y98VJEiLydu4UJfay,The Tumbling Paddies,S015,Helen Browning’s Organic,Organic Corned Beef,0.1892,47,True
8y98VJEiLydu4UJfay,The Tumbling Paddies,S016,Dr. Will’s,Avocado Oil Mayo,0.1542,58,True
8y98VJEiLydu4UJfay,The Tumbling Paddies,S017,Dr. Will’s,Buffalo Hot Sauce,0.3783,19,True
8y98VJEiLydu4UJfay,The Tumbling Paddies,S018,EP!C Snax Co.,Plant Power Toastin’ Marshmallows,0.4492,12,True
8y98VJEiLydu4UJfay,The Tumbling Paddies,S019,EP!C Snax Co.,Giant Toastin’ Marshmallows,0.3879,18,True
8y98VJEiLydu4UJfay,The Tumbling Paddies,S020,ötzibrew,Organic Dandelion & Burdock Root Coffee Alternative,0.1327,61,True
8y98VJEiLydu4UJfay,The Tumbling Paddies,S021,OOM,Balance,0.2393,40,True
8y98VJEiLydu4UJfay,The Tumbling Paddies,S022,ChariTea,Mate Sparkling,0.1106,64,True
8y98VJEiLydu4UJfay,The Tumbling Paddies,S023,mindfuel flow,Mushroom Iced Latte — Salted Caramel,0.3933,17,True
8y98VJEiLydu4UJfay,The Tumbling Paddies,S024,Lowrise,Lager,0.5615,4,True
8y98VJEiLydu4UJfay,The Tumbling Paddies,S025,DASH,Pink Lady Apple Sparkling Water,0.1673,53,True
8y98VJEiLydu4UJfay,The Tumbling Paddies,S026,Lowrise,Hazy Pale,0.5615,5,True
8y98VJEiLydu4UJfay,The Tumbling Paddies,S027,Pentire,Coastal Spritz,0.4374,13,True
8y98VJEiLydu4UJfay,The Tumbling Paddies,S028,Gut Food / Ferment Fizz,Orange & Mango Lemonade,0.2588,37,True
8y98VJEiLydu4UJfay,The Tumbling Paddies,S029,Gut Food / Ferment Fizz,Lemon & Raspberry Lemonade,0.2457,38,True
8y98VJEiLydu4UJfay,The Tumbling Paddies,S030,Navas,Original Tonic Water,0.4318,15,True
8y98VJEiLydu4UJfay,The Tumbling Paddies,S031,Navas,Fiery Ginger Beer,0.6102,2,True
8y98VJEiLydu4UJfay,The Tumbling Paddies,S032,Gut Food / Ferment Fizz,Lemon Lemonade,0.2434,39,True
8y98VJEiLydu4UJfay,The Tumbling Paddies,S033,JimJams,Hazelnut Chocolate Spread,0.3768,20,True
8y98VJEiLydu4UJfay,The Tumbling Paddies,S034,Pentire,Adrift,0.5791,3,True
8y98VJEiLydu4UJfay,The Tumbling Paddies,S035,The London Essence Co.,Original Indian Tonic Water,0.5284,6,True
8y98VJEiLydu4UJfay,The Tumbling Paddies,S036,Double Dutch,Indian Tonic Water,0.4726,10,True
8y98VJEiLydu4UJfay,The Tumbling Paddies,S037,Double ‘D’,Savvy Sweets Sour Bears,0.3009,30,True
8y98VJEiLydu4UJfay,The Tumbling Paddies,S038,Coco Cubes,Chocolate Coconut Bites,0.2621,36,True
8y98VJEiLydu4UJfay,The Tumbling Paddies,S039,teapigs,Super Fruit,0.1079,66,True
8y98VJEiLydu4UJfay,The Tumbling Paddies,S040,The Protein Ball Co.,Stuffed — Matcha & Vanilla,0.4286,16,True
8y98VJEiLydu4UJfay,The Tumbling Paddies,S041,The Original Chicken Crackling,Chicken Salt,0.4888,9,True
8y98VJEiLydu4UJfay,The Tumbling Paddies,S042,Blanco Niño,Creamy Jalapeño Tortilla Chips,0.3048,28,True
8y98VJEiLydu4UJfay,The Tumbling Paddies,S043,Blanco Niño,Chilli & Lime Tortilla Chips,0.3048,27,True
8y98VJEiLydu4UJfay,The Tumbling Paddies,S044,Saucerer,Pasta Sauce — Wild Mushroom & Truffle,0.4359,14,True
8y98VJEiLydu4UJfay,The Tumbling Paddies,S045,The Curators,Pork Puffs — Smoky Bacon,0.1105,65,True
8y98VJEiLydu4UJfay,The Tumbling Paddies,S046,Love Hemp,Sours Calm — Sour Orange CBD Gummies,0.5137,7,True
8y98VJEiLydu4UJfay,The Tumbling Paddies,S047,Ottolenghi,Miso Pesto,0.3422,23,True
8y98VJEiLydu4UJfay,The Tumbling Paddies,S048,Sunfly,Sunflower Seed Butter — Crunchy,0.1531,59,True
8y98VJEiLydu4UJfay,The Tumbling Paddies,S049,ape2o,GO Steel Bottle — Turtle,0.0696,69,True
8y98VJEiLydu4UJfay,The Tumbling Paddies,S050,Goodrays,Raspberry & Guava CBD Drink,0.3316,25,True
8y98VJEiLydu4UJfay,The Tumbling Paddies,S051,Little’s,Toffee Nut Flavour Infused Instant Coffee,0.0882,68,True
8y98VJEiLydu4UJfay,The Tumbling Paddies,S052,WelleCo,The Hydro Protein Elixir — Passionfruit,0.0533,70,True
8y98VJEiLydu4UJfay,The Tumbling Paddies,S053,HOOP,Plantain Chips — Lemon Pepper,0.2087,45,True
8y98VJEiLydu4UJfay,The Tumbling Paddies,S054,neat sweets,Fruity Berries,0.2652,35,True
8y98VJEiLydu4UJfay,The Tumbling Paddies,S055,FREEE,Organic Banana & Chocolate Oat Bar,0.1975,46,True
8y98VJEiLydu4UJfay,The Tumbling Paddies,S056,SUCSEED,Energy,0.3334,24,True
8y98VJEiLydu4UJfay,The Tumbling Paddies,S057,OOM,Calm,0.1276,62,True
8y98VJEiLydu4UJfay,The Tumbling Paddies,S058,sleep toniq,Sleep Toniq,0.2263,41,True
8y98VJEiLydu4UJfay,The Tumbling Paddies,S059,iLOVE SNACKS,Sicilian Lemon Pistachios,0.1012,67,True
8y98VJEiLydu4UJfay,The Tumbling Paddies,S060,Simply Roasted,Hot Honey Potato Crisps,0.1787,51,True
8y98VJEiLydu4UJfay,The Tumbling Paddies,S061,Simply Roasted,Sea Salt Potato Crisps,0.1885,48,True
8y98VJEiLydu4UJfay,The Tumbling Paddies,S062,Root Tea,Lemon Tea Blend,0.1383,60,True
8y98VJEiLydu4UJfay,The Tumbling Paddies,S063,Fever-Tree,Refreshingly Light Elderflower Tonic Water,0.6752,1,True
8y98VJEiLydu4UJfay,The Tumbling Paddies,S064,Folc,English Sparkling Rosé NV,0.2781,33,True
8y98VJEiLydu4UJfay,The Tumbling Paddies,S065,Folc,Dry English Rosé,0.5119,8,True
8y98VJEiLydu4UJfay,The Tumbling Paddies,S066,Penrhos,Handcrafted Dry Gin,0.3458,22,True
8y98VJEiLydu4UJfay,The Tumbling Paddies,S067,Mission,Lemon & Ginseng Natural Energy Drink,0.2688,34,True
8y98VJEiLydu4UJfay,The Tumbling Paddies,S068,Ombar,Pistachio Cream — 60% Dark Chocolate,0.3182,26,True
8y98VJEiLydu4UJfay,The Tumbling Paddies,S069,Mr Filbert’s,Teriyaki Mochi Rice Bites,0.4706,11,True
8y98VJEiLydu4UJfay,The Tumbling Paddies,S070,NOMO,Caramel Choc Bar,0.3019,29,True
McApyzwnty9obfDeeA,The Soda Popz Christmas Concert,S001,All That Matters,Superfood Puffs — Peri-Peri,0.4645,14,True
McApyzwnty9obfDeeA,The Soda Popz Christmas Concert,S002,Simply Roasted,Black Truffle Potato Crisps,0.2028,48,True
McApyzwnty9obfDeeA,The Soda Popz Christmas Concert,S003,Simply Roasted,Sour Cream & Chive Potato Crisps,0.2822,35,True
McApyzwnty9obfDeeA,The Soda Popz Christmas Concert,S004,Simply Roasted,Barbecue Potato Crisps,0.199,50,True
McApyzwnty9obfDeeA,The Soda Popz Christmas Concert,S005,The Protein Ball Co.,Salted Caramel Protein Balls,0.2683,36,True
McApyzwnty9obfDeeA,The Soda Popz Christmas Concert,S006,The Protein Ball Co.,Original Peanut Butter Protein Balls,0.1553,59,True
McApyzwnty9obfDeeA,The Soda Popz Christmas Concert,S007,Well & Truly,Thins — Rich Cheddar & Gouda with a Hint of Jalapeño,0.3558,26,True
McApyzwnty9obfDeeA,The Soda Popz Christmas Concert,S008,INDI,Brain Bar,0.1413,60,True
McApyzwnty9obfDeeA,The Soda Popz Christmas Concert,S009,Kooky,Gently Dried Chewy Mango,0.2599,37,True
McApyzwnty9obfDeeA,The Soda Popz Christmas Concert,S010,Well & Truly,Crunchies — Smokey Paprika,0.2161,45,True
McApyzwnty9obfDeeA,The Soda Popz Christmas Concert,S011,Well & Truly,Crunchies — Really Cheesy,0.2161,46,True
McApyzwnty9obfDeeA,The Soda Popz Christmas Concert,S012,Well & Truly,Crunchies — Smokey Bacon,0.1945,53,True
McApyzwnty9obfDeeA,The Soda Popz Christmas Concert,S013,Well & Truly,Crunchies — Sea Salt & Cider Vinegar,0.1988,51,True
McApyzwnty9obfDeeA,The Soda Popz Christmas Concert,S014,Well & Truly,Fudge & Brownie Oat M&lk Chocolate,0.3993,21,True
McApyzwnty9obfDeeA,The Soda Popz Christmas Concert,S015,Helen Browning’s Organic,Organic Corned Beef,0.2233,42,True
McApyzwnty9obfDeeA,The Soda Popz Christmas Concert,S016,Dr. Will’s,Avocado Oil Mayo,0.1687,57,True
McApyzwnty9obfDeeA,The Soda Popz Christmas Concert,S017,Dr. Will’s,Buffalo Hot Sauce,0.397,22,True
McApyzwnty9obfDeeA,The Soda Popz Christmas Concert,S018,EP!C Snax Co.,Plant Power Toastin’ Marshmallows,0.5823,6,True
McApyzwnty9obfDeeA,The Soda Popz Christmas Concert,S019,EP!C Snax Co.,Giant Toastin’ Marshmallows,0.5211,11,True
McApyzwnty9obfDeeA,The Soda Popz Christmas Concert,S020,ötzibrew,Organic Dandelion & Burdock Root Coffee Alternative,0.0925,66,True
McApyzwnty9obfDeeA,The Soda Popz Christmas Concert,S021,OOM,Balance,0.2214,43,True
McApyzwnty9obfDeeA,The Soda Popz Christmas Concert,S022,ChariTea,Mate Sparkling,0.0967,65,True
McApyzwnty9obfDeeA,The Soda Popz Christmas Concert,S023,mindfuel flow,Mushroom Iced Latte — Salted Caramel,0.3085,33,True
McApyzwnty9obfDeeA,The Soda Popz Christmas Concert,S024,Lowrise,Lager,0.648,3,True
McApyzwnty9obfDeeA,The Soda Popz Christmas Concert,S025,DASH,Pink Lady Apple Sparkling Water,0.1706,56,True
McApyzwnty9obfDeeA,The Soda Popz Christmas Concert,S026,Lowrise,Hazy Pale,0.648,2,True
McApyzwnty9obfDeeA,The Soda Popz Christmas Concert,S027,Pentire,Coastal Spritz,0.4575,16,True
McApyzwnty9obfDeeA,The Soda Popz Christmas Concert,S028,Gut Food / Ferment Fizz,Orange & Mango Lemonade,0.2087,47,True
McApyzwnty9obfDeeA,The Soda Popz Christmas Concert,S029,Gut Food / Ferment Fizz,Lemon & Raspberry Lemonade,0.1964,52,True
McApyzwnty9obfDeeA,The Soda Popz Christmas Concert,S030,Navas,Original Tonic Water,0.4595,15,True
McApyzwnty9obfDeeA,The Soda Popz Christmas Concert,S031,Navas,Fiery Ginger Beer,0.5379,9,True
McApyzwnty9obfDeeA,The Soda Popz Christmas Concert,S032,Gut Food / Ferment Fizz,Lemon Lemonade,0.1944,54,True
McApyzwnty9obfDeeA,The Soda Popz Christmas Concert,S033,JimJams,Hazelnut Chocolate Spread,0.4795,13,True
McApyzwnty9obfDeeA,The Soda Popz Christmas Concert,S034,Pentire,Adrift,0.5296,10,True
McApyzwnty9obfDeeA,The Soda Popz Christmas Concert,S035,The London Essence Co.,Original Indian Tonic Water,0.5433,8,True
McApyzwnty9obfDeeA,The Soda Popz Christmas Concert,S036,Double Dutch,Indian Tonic Water,0.4862,12,True
McApyzwnty9obfDeeA,The Soda Popz Christmas Concert,S037,Double ‘D’,Savvy Sweets Sour Bears,0.3892,23,True
McApyzwnty9obfDeeA,The Soda Popz Christmas Concert,S038,Coco Cubes,Chocolate Coconut Bites,0.3421,30,True
McApyzwnty9obfDeeA,The Soda Popz Christmas Concert,S039,teapigs,Super Fruit,0.1079,63,True
McApyzwnty9obfDeeA,The Soda Popz Christmas Concert,S040,The Protein Ball Co.,Stuffed — Matcha & Vanilla,0.3015,34,True
McApyzwnty9obfDeeA,The Soda Popz Christmas Concert,S041,The Original Chicken Crackling,Chicken Salt,0.6062,4,True
McApyzwnty9obfDeeA,The Soda Popz Christmas Concert,S042,Blanco Niño,Creamy Jalapeño Tortilla Chips,0.3756,25,True
McApyzwnty9obfDeeA,The Soda Popz Christmas Concert,S043,Blanco Niño,Chilli & Lime Tortilla Chips,0.3756,24,True
McApyzwnty9obfDeeA,The Soda Popz Christmas Concert,S044,Saucerer,Pasta Sauce — Wild Mushroom & Truffle,0.3497,27,True
McApyzwnty9obfDeeA,The Soda Popz Christmas Concert,S045,The Curators,Pork Puffs — Smoky Bacon,0.1364,61,True
McApyzwnty9obfDeeA,The Soda Popz Christmas Concert,S046,Love Hemp,Sours Calm — Sour Orange CBD Gummies,0.4408,17,True
McApyzwnty9obfDeeA,The Soda Popz Christmas Concert,S047,Ottolenghi,Miso Pesto,0.4084,19,True
McApyzwnty9obfDeeA,The Soda Popz Christmas Concert,S048,Sunfly,Sunflower Seed Butter — Crunchy,0.1669,58,True
McApyzwnty9obfDeeA,The Soda Popz Christmas Concert,S049,ape2o,GO Steel Bottle — Turtle,0.0696,69,True
McApyzwnty9obfDeeA,The Soda Popz Christmas Concert,S050,Goodrays,Raspberry & Guava CBD Drink,0.1842,55,True
McApyzwnty9obfDeeA,The Soda Popz Christmas Concert,S051,Little’s,Toffee Nut Flavour Infused Instant Coffee,0.0882,67,True
McApyzwnty9obfDeeA,The Soda Popz Christmas Concert,S052,WelleCo,The Hydro Protein Elixir — Passionfruit,0.0533,70,True
McApyzwnty9obfDeeA,The Soda Popz Christmas Concert,S053,HOOP,Plantain Chips — Lemon Pepper,0.252,38,True
McApyzwnty9obfDeeA,The Soda Popz Christmas Concert,S054,neat sweets,Fruity Berries,0.3474,29,True
McApyzwnty9obfDeeA,The Soda Popz Christmas Concert,S055,FREEE,Organic Banana & Chocolate Oat Bar,0.252,39,True
McApyzwnty9obfDeeA,The Soda Popz Christmas Concert,S056,SUCSEED,Energy,0.3282,31,True
McApyzwnty9obfDeeA,The Soda Popz Christmas Concert,S057,OOM,Calm,0.0841,68,True
McApyzwnty9obfDeeA,The Soda Popz Christmas Concert,S058,sleep toniq,Sleep Toniq,0.2007,49,True
McApyzwnty9obfDeeA,The Soda Popz Christmas Concert,S059,iLOVE SNACKS,Sicilian Lemon Pistachios,0.1113,62,True
McApyzwnty9obfDeeA,The Soda Popz Christmas Concert,S060,Simply Roasted,Hot Honey Potato Crisps,0.2172,44,True
McApyzwnty9obfDeeA,The Soda Popz Christmas Concert,S061,Simply Roasted,Sea Salt Potato Crisps,0.227,41,True
McApyzwnty9obfDeeA,The Soda Popz Christmas Concert,S062,Root Tea,Lemon Tea Blend,0.1031,64,True
McApyzwnty9obfDeeA,The Soda Popz Christmas Concert,S063,Fever-Tree,Refreshingly Light Elderflower Tonic Water,0.7501,1,True
McApyzwnty9obfDeeA,The Soda Popz Christmas Concert,S064,Folc,English Sparkling Rosé NV,0.3155,32,True
McApyzwnty9obfDeeA,The Soda Popz Christmas Concert,S065,Folc,Dry English Rosé,0.563,7,True
McApyzwnty9obfDeeA,The Soda Popz Christmas Concert,S066,Penrhos,Handcrafted Dry Gin,0.3486,28,True
McApyzwnty9obfDeeA,The Soda Popz Christmas Concert,S067,Mission,Lemon & Ginseng Natural Energy Drink,0.2296,40,True
McApyzwnty9obfDeeA,The Soda Popz Christmas Concert,S068,Ombar,Pistachio Cream — 60% Dark Chocolate,0.4179,18,True
McApyzwnty9obfDeeA,The Soda Popz Christmas Concert,S069,Mr Filbert’s,Teriyaki Mochi Rice Bites,0.5942,5,True
McApyzwnty9obfDeeA,The Soda Popz Christmas Concert,S070,NOMO,Caramel Choc Bar,0.4028,20,True
9H5DyuTRyUicsxzHXv,Aladdin: Adult Only Show,S001,All That Matters,Superfood Puffs — Peri-Peri,0.2057,40,True
9H5DyuTRyUicsxzHXv,Aladdin: Adult Only Show,S002,Simply Roasted,Black Truffle Potato Crisps,0.2142,39,True
9H5DyuTRyUicsxzHXv,Aladdin: Adult Only Show,S003,Simply Roasted,Sour Cream & Chive Potato Crisps,0.2034,41,True
9H5DyuTRyUicsxzHXv,Aladdin: Adult Only Show,S004,Simply Roasted,Barbecue Potato Crisps,0.1961,44,True
9H5DyuTRyUicsxzHXv,Aladdin: Adult Only Show,S005,The Protein Ball Co.,Salted Caramel Protein Balls,0.0999,66,True
9H5DyuTRyUicsxzHXv,Aladdin: Adult Only Show,S006,The Protein Ball Co.,Original Peanut Butter Protein Balls,0.072,68,True
9H5DyuTRyUicsxzHXv,Aladdin: Adult Only Show,S007,Well & Truly,Thins — Rich Cheddar & Gouda with a Hint of Jalapeño,0.2565,33,True
9H5DyuTRyUicsxzHXv,Aladdin: Adult Only Show,S008,INDI,Brain Bar,0.1705,52,True
9H5DyuTRyUicsxzHXv,Aladdin: Adult Only Show,S009,Kooky,Gently Dried Chewy Mango,0.2777,28,True
9H5DyuTRyUicsxzHXv,Aladdin: Adult Only Show,S010,Well & Truly,Crunchies — Smokey Paprika,0.2571,31,True
9H5DyuTRyUicsxzHXv,Aladdin: Adult Only Show,S011,Well & Truly,Crunchies — Really Cheesy,0.2571,32,True
9H5DyuTRyUicsxzHXv,Aladdin: Adult Only Show,S012,Well & Truly,Crunchies — Smokey Bacon,0.1716,51,True
9H5DyuTRyUicsxzHXv,Aladdin: Adult Only Show,S013,Well & Truly,Crunchies — Sea Salt & Cider Vinegar,0.1745,49,True
9H5DyuTRyUicsxzHXv,Aladdin: Adult Only Show,S014,Well & Truly,Fudge & Brownie Oat M&lk Chocolate,0.1881,47,True
9H5DyuTRyUicsxzHXv,Aladdin: Adult Only Show,S015,Helen Browning’s Organic,Organic Corned Beef,0.4276,15,True
9H5DyuTRyUicsxzHXv,Aladdin: Adult Only Show,S016,Dr. Will’s,Avocado Oil Mayo,0.6108,8,True
9H5DyuTRyUicsxzHXv,Aladdin: Adult Only Show,S017,Dr. Will’s,Buffalo Hot Sauce,0.5967,9,True
9H5DyuTRyUicsxzHXv,Aladdin: Adult Only Show,S018,EP!C Snax Co.,Plant Power Toastin’ Marshmallows,0.2307,37,True
9H5DyuTRyUicsxzHXv,Aladdin: Adult Only Show,S019,EP!C Snax Co.,Giant Toastin’ Marshmallows,0.1694,53,True
9H5DyuTRyUicsxzHXv,Aladdin: Adult Only Show,S020,ötzibrew,Organic Dandelion & Burdock Root Coffee Alternative,0.1745,50,True
9H5DyuTRyUicsxzHXv,Aladdin: Adult Only Show,S021,OOM,Balance,0.1421,56,True
9H5DyuTRyUicsxzHXv,Aladdin: Adult Only Show,S022,ChariTea,Mate Sparkling,0.4939,12,True
9H5DyuTRyUicsxzHXv,Aladdin: Adult Only Show,S023,mindfuel flow,Mushroom Iced Latte — Salted Caramel,0.1289,58,True
9H5DyuTRyUicsxzHXv,Aladdin: Adult Only Show,S024,Lowrise,Lager,0.623,6,True
9H5DyuTRyUicsxzHXv,Aladdin: Adult Only Show,S025,DASH,Pink Lady Apple Sparkling Water,0.2,42,True
9H5DyuTRyUicsxzHXv,Aladdin: Adult Only Show,S026,Lowrise,Hazy Pale,0.623,5,True
9H5DyuTRyUicsxzHXv,Aladdin: Adult Only Show,S027,Pentire,Coastal Spritz,0.2949,26,True
9H5DyuTRyUicsxzHXv,Aladdin: Adult Only Show,S028,Gut Food / Ferment Fizz,Orange & Mango Lemonade,0.1288,59,True
9H5DyuTRyUicsxzHXv,Aladdin: Adult Only Show,S029,Gut Food / Ferment Fizz,Lemon & Raspberry Lemonade,0.1177,63,True
9H5DyuTRyUicsxzHXv,Aladdin: Adult Only Show,S030,Navas,Original Tonic Water,0.3675,20,True
9H5DyuTRyUicsxzHXv,Aladdin: Adult Only Show,S031,Navas,Fiery Ginger Beer,0.3695,19,True
9H5DyuTRyUicsxzHXv,Aladdin: Adult Only Show,S032,Gut Food / Ferment Fizz,Lemon Lemonade,0.1164,64,True
9H5DyuTRyUicsxzHXv,Aladdin: Adult Only Show,S033,JimJams,Hazelnut Chocolate Spread,0.6672,4,True
9H5DyuTRyUicsxzHXv,Aladdin: Adult Only Show,S034,Pentire,Adrift,0.3458,21,True
9H5DyuTRyUicsxzHXv,Aladdin: Adult Only Show,S035,The London Essence Co.,Original Indian Tonic Water,0.3263,23,True
9H5DyuTRyUicsxzHXv,Aladdin: Adult Only Show,S036,Double Dutch,Indian Tonic Water,0.4105,18,True
9H5DyuTRyUicsxzHXv,Aladdin: Adult Only Show,S037,Double ‘D’,Savvy Sweets Sour Bears,0.1435,55,True
9H5DyuTRyUicsxzHXv,Aladdin: Adult Only Show,S038,Coco Cubes,Chocolate Coconut Bites,0.1895,45,True
9H5DyuTRyUicsxzHXv,Aladdin: Adult Only Show,S039,teapigs,Super Fruit,0.4164,16,True
9H5DyuTRyUicsxzHXv,Aladdin: Adult Only Show,S040,The Protein Ball Co.,Stuffed — Matcha & Vanilla,0.1121,65,True
9H5DyuTRyUicsxzHXv,Aladdin: Adult Only Show,S041,The Original Chicken Crackling,Chicken Salt,0.4368,14,True
9H5DyuTRyUicsxzHXv,Aladdin: Adult Only Show,S042,Blanco Niño,Creamy Jalapeño Tortilla Chips,0.2678,30,True
9H5DyuTRyUicsxzHXv,Aladdin: Adult Only Show,S043,Blanco Niño,Chilli & Lime Tortilla Chips,0.2678,29,True
9H5DyuTRyUicsxzHXv,Aladdin: Adult Only Show,S044,Saucerer,Pasta Sauce — Wild Mushroom & Truffle,0.7062,3,True
9H5DyuTRyUicsxzHXv,Aladdin: Adult Only Show,S045,The Curators,Pork Puffs — Smoky Bacon,0.1316,57,True
9H5DyuTRyUicsxzHXv,Aladdin: Adult Only Show,S046,Love Hemp,Sours Calm — Sour Orange CBD Gummies,0.0989,67,True
9H5DyuTRyUicsxzHXv,Aladdin: Adult Only Show,S047,Ottolenghi,Miso Pesto,0.7107,2,True
9H5DyuTRyUicsxzHXv,Aladdin: Adult Only Show,S048,Sunfly,Sunflower Seed Butter — Crunchy,0.504,11,True
9H5DyuTRyUicsxzHXv,Aladdin: Adult Only Show,S049,ape2o,GO Steel Bottle — Turtle,0.0696,69,True
9H5DyuTRyUicsxzHXv,Aladdin: Adult Only Show,S050,Goodrays,Raspberry & Guava CBD Drink,0.1636,54,True
9H5DyuTRyUicsxzHXv,Aladdin: Adult Only Show,S051,Little’s,Toffee Nut Flavour Infused Instant Coffee,0.2312,36,True
9H5DyuTRyUicsxzHXv,Aladdin: Adult Only Show,S052,WelleCo,The Hydro Protein Elixir — Passionfruit,0.0533,70,True
9H5DyuTRyUicsxzHXv,Aladdin: Adult Only Show,S053,HOOP,Plantain Chips — Lemon Pepper,0.3276,22,True
9H5DyuTRyUicsxzHXv,Aladdin: Adult Only Show,S054,neat sweets,Fruity Berries,0.1203,62,True
9H5DyuTRyUicsxzHXv,Aladdin: Adult Only Show,S055,FREEE,Organic Banana & Chocolate Oat Bar,0.1886,46,True
9H5DyuTRyUicsxzHXv,Aladdin: Adult Only Show,S056,SUCSEED,Energy,0.6158,7,True
9H5DyuTRyUicsxzHXv,Aladdin: Adult Only Show,S057,OOM,Calm,0.1254,60,True
9H5DyuTRyUicsxzHXv,Aladdin: Adult Only Show,S058,sleep toniq,Sleep Toniq,0.1986,43,True
9H5DyuTRyUicsxzHXv,Aladdin: Adult Only Show,S059,iLOVE SNACKS,Sicilian Lemon Pistachios,0.2403,35,True
9H5DyuTRyUicsxzHXv,Aladdin: Adult Only Show,S060,Simply Roasted,Hot Honey Potato Crisps,0.1767,48,True
9H5DyuTRyUicsxzHXv,Aladdin: Adult Only Show,S061,Simply Roasted,Sea Salt Potato Crisps,0.2235,38,True
9H5DyuTRyUicsxzHXv,Aladdin: Adult Only Show,S062,Root Tea,Lemon Tea Blend,0.4111,17,True
9H5DyuTRyUicsxzHXv,Aladdin: Adult Only Show,S063,Fever-Tree,Refreshingly Light Elderflower Tonic Water,0.5111,10,True
9H5DyuTRyUicsxzHXv,Aladdin: Adult Only Show,S064,Folc,English Sparkling Rosé NV,0.2905,27,True
9H5DyuTRyUicsxzHXv,Aladdin: Adult Only Show,S065,Folc,Dry English Rosé,0.7259,1,True
9H5DyuTRyUicsxzHXv,Aladdin: Adult Only Show,S066,Penrhos,Handcrafted Dry Gin,0.3132,25,True
9H5DyuTRyUicsxzHXv,Aladdin: Adult Only Show,S067,Mission,Lemon & Ginseng Natural Energy Drink,0.4407,13,True
9H5DyuTRyUicsxzHXv,Aladdin: Adult Only Show,S068,Ombar,Pistachio Cream — 60% Dark Chocolate,0.2459,34,True
9H5DyuTRyUicsxzHXv,Aladdin: Adult Only Show,S069,Mr Filbert’s,Teriyaki Mochi Rice Bites,0.3199,24,True
9H5DyuTRyUicsxzHXv,Aladdin: Adult Only Show,S070,NOMO,Caramel Choc Bar,0.1213,61,True
5gakuEkePgcv2CACyn,Aladdin: Brighton's Family Pantomime,S001,All That Matters,Superfood Puffs — Peri-Peri,0.169,51,True
5gakuEkePgcv2CACyn,Aladdin: Brighton's Family Pantomime,S002,Simply Roasted,Black Truffle Potato Crisps,0.1777,48,True
5gakuEkePgcv2CACyn,Aladdin: Brighton's Family Pantomime,S003,Simply Roasted,Sour Cream & Chive Potato Crisps,0.1719,50,True
5gakuEkePgcv2CACyn,Aladdin: Brighton's Family Pantomime,S004,Simply Roasted,Barbecue Potato Crisps,0.1646,52,True
5gakuEkePgcv2CACyn,Aladdin: Brighton's Family Pantomime,S005,The Protein Ball Co.,Salted Caramel Protein Balls,0.0999,65,True
5gakuEkePgcv2CACyn,Aladdin: Brighton's Family Pantomime,S006,The Protein Ball Co.,Original Peanut Butter Protein Balls,0.072,68,True
5gakuEkePgcv2CACyn,Aladdin: Brighton's Family Pantomime,S007,Well & Truly,Thins — Rich Cheddar & Gouda with a Hint of Jalapeño,0.2439,29,True
5gakuEkePgcv2CACyn,Aladdin: Brighton's Family Pantomime,S008,INDI,Brain Bar,0.191,44,True
5gakuEkePgcv2CACyn,Aladdin: Brighton's Family Pantomime,S009,Kooky,Gently Dried Chewy Mango,0.2763,20,True
5gakuEkePgcv2CACyn,Aladdin: Brighton's Family Pantomime,S010,Well & Truly,Crunchies — Smokey Paprika,0.2558,25,True
5gakuEkePgcv2CACyn,Aladdin: Brighton's Family Pantomime,S011,Well & Truly,Crunchies — Really Cheesy,0.2558,26,True
5gakuEkePgcv2CACyn,Aladdin: Brighton's Family Pantomime,S012,Well & Truly,Crunchies — Smokey Bacon,0.1921,43,True
5gakuEkePgcv2CACyn,Aladdin: Brighton's Family Pantomime,S013,Well & Truly,Crunchies — Sea Salt & Cider Vinegar,0.1962,40,True
5gakuEkePgcv2CACyn,Aladdin: Brighton's Family Pantomime,S014,Well & Truly,Fudge & Brownie Oat M&lk Chocolate,0.1941,42,True
5gakuEkePgcv2CACyn,Aladdin: Brighton's Family Pantomime,S015,Helen Browning’s Organic,Organic Corned Beef,0.462,15,True
5gakuEkePgcv2CACyn,Aladdin: Brighton's Family Pantomime,S016,Dr. Will’s,Avocado Oil Mayo,0.677,5,True
5gakuEkePgcv2CACyn,Aladdin: Brighton's Family Pantomime,S017,Dr. Will’s,Buffalo Hot Sauce,0.6124,9,True
5gakuEkePgcv2CACyn,Aladdin: Brighton's Family Pantomime,S018,EP!C Snax Co.,Plant Power Toastin’ Marshmallows,0.1869,45,True
5gakuEkePgcv2CACyn,Aladdin: Brighton's Family Pantomime,S019,EP!C Snax Co.,Giant Toastin’ Marshmallows,0.1257,58,True
5gakuEkePgcv2CACyn,Aladdin: Brighton's Family Pantomime,S020,ötzibrew,Organic Dandelion & Burdock Root Coffee Alternative,0.1776,49,True
5gakuEkePgcv2CACyn,Aladdin: Brighton's Family Pantomime,S021,OOM,Balance,0.1189,59,True
5gakuEkePgcv2CACyn,Aladdin: Brighton's Family Pantomime,S022,ChariTea,Mate Sparkling,0.5872,10,True
5gakuEkePgcv2CACyn,Aladdin: Brighton's Family Pantomime,S023,mindfuel flow,Mushroom Iced Latte — Salted Caramel,0.1289,57,True
5gakuEkePgcv2CACyn,Aladdin: Brighton's Family Pantomime,S024,Lowrise,Lager,0.6553,8,False
5gakuEkePgcv2CACyn,Aladdin: Brighton's Family Pantomime,S025,DASH,Pink Lady Apple Sparkling Water,0.2322,34,True
5gakuEkePgcv2CACyn,Aladdin: Brighton's Family Pantomime,S026,Lowrise,Hazy Pale,0.6553,7,False
5gakuEkePgcv2CACyn,Aladdin: Brighton's Family Pantomime,S027,Pentire,Coastal Spritz,0.2153,35,True
5gakuEkePgcv2CACyn,Aladdin: Brighton's Family Pantomime,S028,Gut Food / Ferment Fizz,Orange & Mango Lemonade,0.1118,61,True
5gakuEkePgcv2CACyn,Aladdin: Brighton's Family Pantomime,S029,Gut Food / Ferment Fizz,Lemon & Raspberry Lemonade,0.101,64,True
5gakuEkePgcv2CACyn,Aladdin: Brighton's Family Pantomime,S030,Navas,Original Tonic Water,0.2646,22,True
5gakuEkePgcv2CACyn,Aladdin: Brighton's Family Pantomime,S031,Navas,Fiery Ginger Beer,0.2729,21,True
5gakuEkePgcv2CACyn,Aladdin: Brighton's Family Pantomime,S032,Gut Food / Ferment Fizz,Lemon Lemonade,0.0998,66,True
5gakuEkePgcv2CACyn,Aladdin: Brighton's Family Pantomime,S033,JimJams,Hazelnut Chocolate Spread,0.7277,3,True
5gakuEkePgcv2CACyn,Aladdin: Brighton's Family Pantomime,S034,Pentire,Adrift,0.2593,24,True
5gakuEkePgcv2CACyn,Aladdin: Brighton's Family Pantomime,S035,The London Essence Co.,Original Indian Tonic Water,0.2397,31,True
5gakuEkePgcv2CACyn,Aladdin: Brighton's Family Pantomime,S036,Double Dutch,Indian Tonic Water,0.305,19,True
5gakuEkePgcv2CACyn,Aladdin: Brighton's Family Pantomime,S037,Double ‘D’,Savvy Sweets Sour Bears,0.1305,56,True
5gakuEkePgcv2CACyn,Aladdin: Brighton's Family Pantomime,S038,Coco Cubes,Chocolate Coconut Bites,0.1997,37,True
5gakuEkePgcv2CACyn,Aladdin: Brighton's Family Pantomime,S039,teapigs,Super Fruit,0.4962,13,True
5gakuEkePgcv2CACyn,Aladdin: Brighton's Family Pantomime,S040,The Protein Ball Co.,Stuffed — Matcha & Vanilla,0.1121,60,True
5gakuEkePgcv2CACyn,Aladdin: Brighton's Family Pantomime,S041,The Original Chicken Crackling,Chicken Salt,0.4004,17,True
5gakuEkePgcv2CACyn,Aladdin: Brighton's Family Pantomime,S042,Blanco Niño,Creamy Jalapeño Tortilla Chips,0.2499,27,True
5gakuEkePgcv2CACyn,Aladdin: Brighton's Family Pantomime,S043,Blanco Niño,Chilli & Lime Tortilla Chips,0.2499,28,True
5gakuEkePgcv2CACyn,Aladdin: Brighton's Family Pantomime,S044,Saucerer,Pasta Sauce — Wild Mushroom & Truffle,0.7476,1,True
5gakuEkePgcv2CACyn,Aladdin: Brighton's Family Pantomime,S045,The Curators,Pork Puffs — Smoky Bacon,0.1511,54,True
5gakuEkePgcv2CACyn,Aladdin: Brighton's Family Pantomime,S046,Love Hemp,Sours Calm — Sour Orange CBD Gummies,0.0989,67,False
5gakuEkePgcv2CACyn,Aladdin: Brighton's Family Pantomime,S047,Ottolenghi,Miso Pesto,0.7385,2,True
5gakuEkePgcv2CACyn,Aladdin: Brighton's Family Pantomime,S048,Sunfly,Sunflower Seed Butter — Crunchy,0.5436,11,True
5gakuEkePgcv2CACyn,Aladdin: Brighton's Family Pantomime,S049,ape2o,GO Steel Bottle — Turtle,0.0696,69,True
5gakuEkePgcv2CACyn,Aladdin: Brighton's Family Pantomime,S050,Goodrays,Raspberry & Guava CBD Drink,0.1818,47,False
5gakuEkePgcv2CACyn,Aladdin: Brighton's Family Pantomime,S051,Little’s,Toffee Nut Flavour Infused Instant Coffee,0.264,23,True
5gakuEkePgcv2CACyn,Aladdin: Brighton's Family Pantomime,S052,WelleCo,The Hydro Protein Elixir — Passionfruit,0.0533,70,True
5gakuEkePgcv2CACyn,Aladdin: Brighton's Family Pantomime,S053,HOOP,Plantain Chips — Lemon Pepper,0.3715,18,True
5gakuEkePgcv2CACyn,Aladdin: Brighton's Family Pantomime,S054,neat sweets,Fruity Berries,0.1063,63,True
5gakuEkePgcv2CACyn,Aladdin: Brighton's Family Pantomime,S055,FREEE,Organic Banana & Chocolate Oat Bar,0.1974,39,True
5gakuEkePgcv2CACyn,Aladdin: Brighton's Family Pantomime,S056,SUCSEED,Energy,0.6656,6,True
5gakuEkePgcv2CACyn,Aladdin: Brighton's Family Pantomime,S057,OOM,Calm,0.1439,55,True
5gakuEkePgcv2CACyn,Aladdin: Brighton's Family Pantomime,S058,sleep toniq,Sleep Toniq,0.1987,38,True
5gakuEkePgcv2CACyn,Aladdin: Brighton's Family Pantomime,S059,iLOVE SNACKS,Sicilian Lemon Pistachios,0.2348,33,True
5gakuEkePgcv2CACyn,Aladdin: Brighton's Family Pantomime,S060,Simply Roasted,Hot Honey Potato Crisps,0.1517,53,True
5gakuEkePgcv2CACyn,Aladdin: Brighton's Family Pantomime,S061,Simply Roasted,Sea Salt Potato Crisps,0.1855,46,True
5gakuEkePgcv2CACyn,Aladdin: Brighton's Family Pantomime,S062,Root Tea,Lemon Tea Blend,0.4961,14,True
5gakuEkePgcv2CACyn,Aladdin: Brighton's Family Pantomime,S063,Fever-Tree,Refreshingly Light Elderflower Tonic Water,0.4558,16,True
5gakuEkePgcv2CACyn,Aladdin: Brighton's Family Pantomime,S064,Folc,English Sparkling Rosé NV,0.2085,36,False
5gakuEkePgcv2CACyn,Aladdin: Brighton's Family Pantomime,S065,Folc,Dry English Rosé,0.7139,4,False
5gakuEkePgcv2CACyn,Aladdin: Brighton's Family Pantomime,S066,Penrhos,Handcrafted Dry Gin,0.2354,32,False
5gakuEkePgcv2CACyn,Aladdin: Brighton's Family Pantomime,S067,Mission,Lemon & Ginseng Natural Energy Drink,0.5297,12,True
5gakuEkePgcv2CACyn,Aladdin: Brighton's Family Pantomime,S068,Ombar,Pistachio Cream — 60% Dark Chocolate,0.1955,41,True
5gakuEkePgcv2CACyn,Aladdin: Brighton's Family Pantomime,S069,Mr Filbert’s,Teriyaki Mochi Rice Bites,0.2405,30,True
5gakuEkePgcv2CACyn,Aladdin: Brighton's Family Pantomime,S070,NOMO,Caramel Choc Bar,0.1075,62,True
8zybkPQ3TSLkCED6ws,✨ Cilla & The Sixties Christmas Show ✨,S001,All That Matters,Superfood Puffs — Peri-Peri,0.3653,21,True
8zybkPQ3TSLkCED6ws,✨ Cilla & The Sixties Christmas Show ✨,S002,Simply Roasted,Black Truffle Potato Crisps,0.1709,52,True
8zybkPQ3TSLkCED6ws,✨ Cilla & The Sixties Christmas Show ✨,S003,Simply Roasted,Sour Cream & Chive Potato Crisps,0.2241,42,True
8zybkPQ3TSLkCED6ws,✨ Cilla & The Sixties Christmas Show ✨,S004,Simply Roasted,Barbecue Potato Crisps,0.1671,54,True
8zybkPQ3TSLkCED6ws,✨ Cilla & The Sixties Christmas Show ✨,S005,The Protein Ball Co.,Salted Caramel Protein Balls,0.2101,44,True
8zybkPQ3TSLkCED6ws,✨ Cilla & The Sixties Christmas Show ✨,S006,The Protein Ball Co.,Original Peanut Butter Protein Balls,0.1265,63,True
8zybkPQ3TSLkCED6ws,✨ Cilla & The Sixties Christmas Show ✨,S007,Well & Truly,Thins — Rich Cheddar & Gouda with a Hint of Jalapeño,0.2876,32,True
8zybkPQ3TSLkCED6ws,✨ Cilla & The Sixties Christmas Show ✨,S008,INDI,Brain Bar,0.1623,56,True
8zybkPQ3TSLkCED6ws,✨ Cilla & The Sixties Christmas Show ✨,S009,Kooky,Gently Dried Chewy Mango,0.2109,43,True
8zybkPQ3TSLkCED6ws,✨ Cilla & The Sixties Christmas Show ✨,S010,Well & Truly,Crunchies — Smokey Paprika,0.1807,49,True
8zybkPQ3TSLkCED6ws,✨ Cilla & The Sixties Christmas Show ✨,S011,Well & Truly,Crunchies — Really Cheesy,0.1807,50,True
8zybkPQ3TSLkCED6ws,✨ Cilla & The Sixties Christmas Show ✨,S012,Well & Truly,Crunchies — Smokey Bacon,0.161,57,True
8zybkPQ3TSLkCED6ws,✨ Cilla & The Sixties Christmas Show ✨,S013,Well & Truly,Crunchies — Sea Salt & Cider Vinegar,0.1634,55,True
8zybkPQ3TSLkCED6ws,✨ Cilla & The Sixties Christmas Show ✨,S014,Well & Truly,Fudge & Brownie Oat M&lk Chocolate,0.2996,31,True
8zybkPQ3TSLkCED6ws,✨ Cilla & The Sixties Christmas Show ✨,S015,Helen Browning’s Organic,Organic Corned Beef,0.1892,47,True
8zybkPQ3TSLkCED6ws,✨ Cilla & The Sixties Christmas Show ✨,S016,Dr. Will’s,Avocado Oil Mayo,0.1542,58,True
8zybkPQ3TSLkCED6ws,✨ Cilla & The Sixties Christmas Show ✨,S017,Dr. Will’s,Buffalo Hot Sauce,0.3783,19,True
8zybkPQ3TSLkCED6ws,✨ Cilla & The Sixties Christmas Show ✨,S018,EP!C Snax Co.,Plant Power Toastin’ Marshmallows,0.4492,12,True
8zybkPQ3TSLkCED6ws,✨ Cilla & The Sixties Christmas Show ✨,S019,EP!C Snax Co.,Giant Toastin’ Marshmallows,0.3879,18,True
8zybkPQ3TSLkCED6ws,✨ Cilla & The Sixties Christmas Show ✨,S020,ötzibrew,Organic Dandelion & Burdock Root Coffee Alternative,0.1327,61,True
8zybkPQ3TSLkCED6ws,✨ Cilla & The Sixties Christmas Show ✨,S021,OOM,Balance,0.2393,40,True
8zybkPQ3TSLkCED6ws,✨ Cilla & The Sixties Christmas Show ✨,S022,ChariTea,Mate Sparkling,0.1106,64,True
8zybkPQ3TSLkCED6ws,✨ Cilla & The Sixties Christmas Show ✨,S023,mindfuel flow,Mushroom Iced Latte — Salted Caramel,0.3933,17,True
8zybkPQ3TSLkCED6ws,✨ Cilla & The Sixties Christmas Show ✨,S024,Lowrise,Lager,0.5615,4,True
8zybkPQ3TSLkCED6ws,✨ Cilla & The Sixties Christmas Show ✨,S025,DASH,Pink Lady Apple Sparkling Water,0.1673,53,True
8zybkPQ3TSLkCED6ws,✨ Cilla & The Sixties Christmas Show ✨,S026,Lowrise,Hazy Pale,0.5615,5,True
8zybkPQ3TSLkCED6ws,✨ Cilla & The Sixties Christmas Show ✨,S027,Pentire,Coastal Spritz,0.4374,13,True
8zybkPQ3TSLkCED6ws,✨ Cilla & The Sixties Christmas Show ✨,S028,Gut Food / Ferment Fizz,Orange & Mango Lemonade,0.2588,37,True
8zybkPQ3TSLkCED6ws,✨ Cilla & The Sixties Christmas Show ✨,S029,Gut Food / Ferment Fizz,Lemon & Raspberry Lemonade,0.2457,38,True
8zybkPQ3TSLkCED6ws,✨ Cilla & The Sixties Christmas Show ✨,S030,Navas,Original Tonic Water,0.4318,15,True
8zybkPQ3TSLkCED6ws,✨ Cilla & The Sixties Christmas Show ✨,S031,Navas,Fiery Ginger Beer,0.6102,2,True
8zybkPQ3TSLkCED6ws,✨ Cilla & The Sixties Christmas Show ✨,S032,Gut Food / Ferment Fizz,Lemon Lemonade,0.2434,39,True
8zybkPQ3TSLkCED6ws,✨ Cilla & The Sixties Christmas Show ✨,S033,JimJams,Hazelnut Chocolate Spread,0.3768,20,True
8zybkPQ3TSLkCED6ws,✨ Cilla & The Sixties Christmas Show ✨,S034,Pentire,Adrift,0.5791,3,True
8zybkPQ3TSLkCED6ws,✨ Cilla & The Sixties Christmas Show ✨,S035,The London Essence Co.,Original Indian Tonic Water,0.5284,6,True
8zybkPQ3TSLkCED6ws,✨ Cilla & The Sixties Christmas Show ✨,S036,Double Dutch,Indian Tonic Water,0.4726,10,True
8zybkPQ3TSLkCED6ws,✨ Cilla & The Sixties Christmas Show ✨,S037,Double ‘D’,Savvy Sweets Sour Bears,0.3009,30,True
8zybkPQ3TSLkCED6ws,✨ Cilla & The Sixties Christmas Show ✨,S038,Coco Cubes,Chocolate Coconut Bites,0.2621,36,True
8zybkPQ3TSLkCED6ws,✨ Cilla & The Sixties Christmas Show ✨,S039,teapigs,Super Fruit,0.1079,66,True
8zybkPQ3TSLkCED6ws,✨ Cilla & The Sixties Christmas Show ✨,S040,The Protein Ball Co.,Stuffed — Matcha & Vanilla,0.4286,16,True
8zybkPQ3TSLkCED6ws,✨ Cilla & The Sixties Christmas Show ✨,S041,The Original Chicken Crackling,Chicken Salt,0.4888,9,True
8zybkPQ3TSLkCED6ws,✨ Cilla & The Sixties Christmas Show ✨,S042,Blanco Niño,Creamy Jalapeño Tortilla Chips,0.3048,28,True
8zybkPQ3TSLkCED6ws,✨ Cilla & The Sixties Christmas Show ✨,S043,Blanco Niño,Chilli & Lime Tortilla Chips,0.3048,27,True
8zybkPQ3TSLkCED6ws,✨ Cilla & The Sixties Christmas Show ✨,S044,Saucerer,Pasta Sauce — Wild Mushroom & Truffle,0.4359,14,True
8zybkPQ3TSLkCED6ws,✨ Cilla & The Sixties Christmas Show ✨,S045,The Curators,Pork Puffs — Smoky Bacon,0.1105,65,True
8zybkPQ3TSLkCED6ws,✨ Cilla & The Sixties Christmas Show ✨,S046,Love Hemp,Sours Calm — Sour Orange CBD Gummies,0.5137,7,True
8zybkPQ3TSLkCED6ws,✨ Cilla & The Sixties Christmas Show ✨,S047,Ottolenghi,Miso Pesto,0.3422,23,True
8zybkPQ3TSLkCED6ws,✨ Cilla & The Sixties Christmas Show ✨,S048,Sunfly,Sunflower Seed Butter — Crunchy,0.1531,59,True
8zybkPQ3TSLkCED6ws,✨ Cilla & The Sixties Christmas Show ✨,S049,ape2o,GO Steel Bottle — Turtle,0.0696,69,True
8zybkPQ3TSLkCED6ws,✨ Cilla & The Sixties Christmas Show ✨,S050,Goodrays,Raspberry & Guava CBD Drink,0.3316,25,True
8zybkPQ3TSLkCED6ws,✨ Cilla & The Sixties Christmas Show ✨,S051,Little’s,Toffee Nut Flavour Infused Instant Coffee,0.0882,68,True
8zybkPQ3TSLkCED6ws,✨ Cilla & The Sixties Christmas Show ✨,S052,WelleCo,The Hydro Protein Elixir — Passionfruit,0.0533,70,True
8zybkPQ3TSLkCED6ws,✨ Cilla & The Sixties Christmas Show ✨,S053,HOOP,Plantain Chips — Lemon Pepper,0.2087,45,True
8zybkPQ3TSLkCED6ws,✨ Cilla & The Sixties Christmas Show ✨,S054,neat sweets,Fruity Berries,0.2652,35,True
8zybkPQ3TSLkCED6ws,✨ Cilla & The Sixties Christmas Show ✨,S055,FREEE,Organic Banana & Chocolate Oat Bar,0.1975,46,True
8zybkPQ3TSLkCED6ws,✨ Cilla & The Sixties Christmas Show ✨,S056,SUCSEED,Energy,0.3334,24,True
8zybkPQ3TSLkCED6ws,✨ Cilla & The Sixties Christmas Show ✨,S057,OOM,Calm,0.1276,62,True
8zybkPQ3TSLkCED6ws,✨ Cilla & The Sixties Christmas Show ✨,S058,sleep toniq,Sleep Toniq,0.2263,41,True
8zybkPQ3TSLkCED6ws,✨ Cilla & The Sixties Christmas Show ✨,S059,iLOVE SNACKS,Sicilian Lemon Pistachios,0.1012,67,True
8zybkPQ3TSLkCED6ws,✨ Cilla & The Sixties Christmas Show ✨,S060,Simply Roasted,Hot Honey Potato Crisps,0.1787,51,True
8zybkPQ3TSLkCED6ws,✨ Cilla & The Sixties Christmas Show ✨,S061,Simply Roasted,Sea Salt Potato Crisps,0.1885,48,True
8zybkPQ3TSLkCED6ws,✨ Cilla & The Sixties Christmas Show ✨,S062,Root Tea,Lemon Tea Blend,0.1383,60,True
8zybkPQ3TSLkCED6ws,✨ Cilla & The Sixties Christmas Show ✨,S063,Fever-Tree,Refreshingly Light Elderflower Tonic Water,0.6752,1,True
8zybkPQ3TSLkCED6ws,✨ Cilla & The Sixties Christmas Show ✨,S064,Folc,English Sparkling Rosé NV,0.2781,33,True
8zybkPQ3TSLkCED6ws,✨ Cilla & The Sixties Christmas Show ✨,S065,Folc,Dry English Rosé,0.5119,8,True
8zybkPQ3TSLkCED6ws,✨ Cilla & The Sixties Christmas Show ✨,S066,Penrhos,Handcrafted Dry Gin,0.3458,22,True
8zybkPQ3TSLkCED6ws,✨ Cilla & The Sixties Christmas Show ✨,S067,Mission,Lemon & Ginseng Natural Energy Drink,0.2688,34,True
8zybkPQ3TSLkCED6ws,✨ Cilla & The Sixties Christmas Show ✨,S068,Ombar,Pistachio Cream — 60% Dark Chocolate,0.3182,26,True
8zybkPQ3TSLkCED6ws,✨ Cilla & The Sixties Christmas Show ✨,S069,Mr Filbert’s,Teriyaki Mochi Rice Bites,0.4706,11,True
8zybkPQ3TSLkCED6ws,✨ Cilla & The Sixties Christmas Show ✨,S070,NOMO,Caramel Choc Bar,0.3019,29,True
5mbYMJN2N9XzYHkunP,Aladdin Pantomime At The Grand Leicester,S001,All That Matters,Superfood Puffs — Peri-Peri,0.231,35,True
5mbYMJN2N9XzYHkunP,Aladdin Pantomime At The Grand Leicester,S002,Simply Roasted,Black Truffle Potato Crisps,0.1886,45,True
5mbYMJN2N9XzYHkunP,Aladdin Pantomime At The Grand Leicester,S003,Simply Roasted,Sour Cream & Chive Potato Crisps,0.1814,46,True
5mbYMJN2N9XzYHkunP,Aladdin Pantomime At The Grand Leicester,S004,Simply Roasted,Barbecue Potato Crisps,0.174,48,True
5mbYMJN2N9XzYHkunP,Aladdin Pantomime At The Grand Leicester,S005,The Protein Ball Co.,Salted Caramel Protein Balls,0.0999,66,True
5mbYMJN2N9XzYHkunP,Aladdin Pantomime At The Grand Leicester,S006,The Protein Ball Co.,Original Peanut Butter Protein Balls,0.072,68,True
5mbYMJN2N9XzYHkunP,Aladdin Pantomime At The Grand Leicester,S007,Well & Truly,Thins — Rich Cheddar & Gouda with a Hint of Jalapeño,0.2754,30,True
5mbYMJN2N9XzYHkunP,Aladdin Pantomime At The Grand Leicester,S008,INDI,Brain Bar,0.1668,51,True
5mbYMJN2N9XzYHkunP,Aladdin Pantomime At The Grand Leicester,S009,Kooky,Gently Dried Chewy Mango,0.2554,32,True
5mbYMJN2N9XzYHkunP,Aladdin Pantomime At The Grand Leicester,S010,Well & Truly,Crunchies — Smokey Paprika,0.2371,34,True
5mbYMJN2N9XzYHkunP,Aladdin Pantomime At The Grand Leicester,S011,Well & Truly,Crunchies — Really Cheesy,0.2371,33,True
5mbYMJN2N9XzYHkunP,Aladdin Pantomime At The Grand Leicester,S012,Well & Truly,Crunchies — Smokey Bacon,0.1679,50,True
5mbYMJN2N9XzYHkunP,Aladdin Pantomime At The Grand Leicester,S013,Well & Truly,Crunchies — Sea Salt & Cider Vinegar,0.1706,49,True
5mbYMJN2N9XzYHkunP,Aladdin Pantomime At The Grand Leicester,S014,Well & Truly,Fudge & Brownie Oat M&lk Chocolate,0.1935,43,True
5mbYMJN2N9XzYHkunP,Aladdin Pantomime At The Grand Leicester,S015,Helen Browning’s Organic,Organic Corned Beef,0.4114,16,True
5mbYMJN2N9XzYHkunP,Aladdin Pantomime At The Grand Leicester,S016,Dr. Will’s,Avocado Oil Mayo,0.5802,9,True
5mbYMJN2N9XzYHkunP,Aladdin Pantomime At The Grand Leicester,S017,Dr. Will’s,Buffalo Hot Sauce,0.6074,8,True
5mbYMJN2N9XzYHkunP,Aladdin Pantomime At The Grand Leicester,S018,EP!C Snax Co.,Plant Power Toastin’ Marshmallows,0.2608,31,True
5mbYMJN2N9XzYHkunP,Aladdin Pantomime At The Grand Leicester,S019,EP!C Snax Co.,Giant Toastin’ Marshmallows,0.1996,40,True
5mbYMJN2N9XzYHkunP,Aladdin Pantomime At The Grand Leicester,S020,ötzibrew,Organic Dandelion & Burdock Root Coffee Alternative,0.161,52,True
5mbYMJN2N9XzYHkunP,Aladdin Pantomime At The Grand Leicester,S021,OOM,Balance,0.158,55,True
5mbYMJN2N9XzYHkunP,Aladdin Pantomime At The Grand Leicester,S022,ChariTea,Mate Sparkling,0.4676,13,True
5mbYMJN2N9XzYHkunP,Aladdin Pantomime At The Grand Leicester,S023,mindfuel flow,Mushroom Iced Latte — Salted Caramel,0.1289,61,True
5mbYMJN2N9XzYHkunP,Aladdin Pantomime At The Grand Leicester,S024,Lowrise,Lager,0.6467,4,False
5mbYMJN2N9XzYHkunP,Aladdin Pantomime At The Grand Leicester,S025,DASH,Pink Lady Apple Sparkling Water,0.1941,42,True
5mbYMJN2N9XzYHkunP,Aladdin Pantomime At The Grand Leicester,S026,Lowrise,Hazy Pale,0.6467,5,False
5mbYMJN2N9XzYHkunP,Aladdin Pantomime At The Grand Leicester,S027,Pentire,Coastal Spritz,0.3348,24,True
5mbYMJN2N9XzYHkunP,Aladdin Pantomime At The Grand Leicester,S028,Gut Food / Ferment Fizz,Orange & Mango Lemonade,0.1405,57,True
5mbYMJN2N9XzYHkunP,Aladdin Pantomime At The Grand Leicester,S029,Gut Food / Ferment Fizz,Lemon & Raspberry Lemonade,0.1292,60,True
5mbYMJN2N9XzYHkunP,Aladdin Pantomime At The Grand Leicester,S030,Navas,Original Tonic Water,0.391,20,True
5mbYMJN2N9XzYHkunP,Aladdin Pantomime At The Grand Leicester,S031,Navas,Fiery Ginger Beer,0.3975,18,True
5mbYMJN2N9XzYHkunP,Aladdin Pantomime At The Grand Leicester,S032,Gut Food / Ferment Fizz,Lemon Lemonade,0.1278,63,True
5mbYMJN2N9XzYHkunP,Aladdin Pantomime At The Grand Leicester,S033,JimJams,Hazelnut Chocolate Spread,0.6428,6,True
5mbYMJN2N9XzYHkunP,Aladdin Pantomime At The Grand Leicester,S034,Pentire,Adrift,0.3809,21,True
5mbYMJN2N9XzYHkunP,Aladdin Pantomime At The Grand Leicester,S035,The London Essence Co.,Original Indian Tonic Water,0.3612,22,True
5mbYMJN2N9XzYHkunP,Aladdin Pantomime At The Grand Leicester,S036,Double Dutch,Indian Tonic Water,0.4282,14,True
5mbYMJN2N9XzYHkunP,Aladdin Pantomime At The Grand Leicester,S037,Double ‘D’,Savvy Sweets Sour Bears,0.1524,56,True
5mbYMJN2N9XzYHkunP,Aladdin Pantomime At The Grand Leicester,S038,Coco Cubes,Chocolate Coconut Bites,0.1925,44,True
5mbYMJN2N9XzYHkunP,Aladdin Pantomime At The Grand Leicester,S039,teapigs,Super Fruit,0.3992,17,True
5mbYMJN2N9XzYHkunP,Aladdin Pantomime At The Grand Leicester,S040,The Protein Ball Co.,Stuffed — Matcha & Vanilla,0.1121,65,True
5mbYMJN2N9XzYHkunP,Aladdin Pantomime At The Grand Leicester,S041,The Original Chicken Crackling,Chicken Salt,0.4783,12,True
5mbYMJN2N9XzYHkunP,Aladdin Pantomime At The Grand Leicester,S042,Blanco Niño,Creamy Jalapeño Tortilla Chips,0.2897,28,True
5mbYMJN2N9XzYHkunP,Aladdin Pantomime At The Grand Leicester,S043,Blanco Niño,Chilli & Lime Tortilla Chips,0.2897,29,True
5mbYMJN2N9XzYHkunP,Aladdin Pantomime At The Grand Leicester,S044,Saucerer,Pasta Sauce — Wild Mushroom & Truffle,0.6814,3,True
5mbYMJN2N9XzYHkunP,Aladdin Pantomime At The Grand Leicester,S045,The Curators,Pork Puffs — Smoky Bacon,0.1281,62,True
5mbYMJN2N9XzYHkunP,Aladdin Pantomime At The Grand Leicester,S046,Love Hemp,Sours Calm — Sour Orange CBD Gummies,0.0989,67,False
5mbYMJN2N9XzYHkunP,Aladdin Pantomime At The Grand Leicester,S047,Ottolenghi,Miso Pesto,0.7199,2,True
5mbYMJN2N9XzYHkunP,Aladdin Pantomime At The Grand Leicester,S048,Sunfly,Sunflower Seed Butter — Crunchy,0.479,11,True
5mbYMJN2N9XzYHkunP,Aladdin Pantomime At The Grand Leicester,S049,ape2o,GO Steel Bottle — Turtle,0.0696,69,True
5mbYMJN2N9XzYHkunP,Aladdin Pantomime At The Grand Leicester,S050,Goodrays,Raspberry & Guava CBD Drink,0.1603,53,False
5mbYMJN2N9XzYHkunP,Aladdin Pantomime At The Grand Leicester,S051,Little’s,Toffee Nut Flavour Infused Instant Coffee,0.2219,37,True
5mbYMJN2N9XzYHkunP,Aladdin Pantomime At The Grand Leicester,S052,WelleCo,The Hydro Protein Elixir — Passionfruit,0.0533,70,True
5mbYMJN2N9XzYHkunP,Aladdin Pantomime At The Grand Leicester,S053,HOOP,Plantain Chips — Lemon Pepper,0.3246,25,True
5mbYMJN2N9XzYHkunP,Aladdin Pantomime At The Grand Leicester,S054,neat sweets,Fruity Berries,0.13,59,True
5mbYMJN2N9XzYHkunP,Aladdin Pantomime At The Grand Leicester,S055,FREEE,Organic Banana & Chocolate Oat Bar,0.1785,47,True
5mbYMJN2N9XzYHkunP,Aladdin Pantomime At The Grand Leicester,S056,SUCSEED,Energy,0.6123,7,True
5mbYMJN2N9XzYHkunP,Aladdin Pantomime At The Grand Leicester,S057,OOM,Calm,0.122,64,True
5mbYMJN2N9XzYHkunP,Aladdin Pantomime At The Grand Leicester,S058,sleep toniq,Sleep Toniq,0.2087,39,True
5mbYMJN2N9XzYHkunP,Aladdin Pantomime At The Grand Leicester,S059,iLOVE SNACKS,Sicilian Lemon Pistachios,0.217,38,True
5mbYMJN2N9XzYHkunP,Aladdin Pantomime At The Grand Leicester,S060,Simply Roasted,Hot Honey Potato Crisps,0.1592,54,True
5mbYMJN2N9XzYHkunP,Aladdin Pantomime At The Grand Leicester,S061,Simply Roasted,Sea Salt Potato Crisps,0.1969,41,True
5mbYMJN2N9XzYHkunP,Aladdin Pantomime At The Grand Leicester,S062,Root Tea,Lemon Tea Blend,0.3927,19,True
5mbYMJN2N9XzYHkunP,Aladdin Pantomime At The Grand Leicester,S063,Fever-Tree,Refreshingly Light Elderflower Tonic Water,0.5309,10,True
5mbYMJN2N9XzYHkunP,Aladdin Pantomime At The Grand Leicester,S064,Folc,English Sparkling Rosé NV,0.2919,27,False
5mbYMJN2N9XzYHkunP,Aladdin Pantomime At The Grand Leicester,S065,Folc,Dry English Rosé,0.7322,1,False
5mbYMJN2N9XzYHkunP,Aladdin Pantomime At The Grand Leicester,S066,Penrhos,Handcrafted Dry Gin,0.3129,26,False
5mbYMJN2N9XzYHkunP,Aladdin Pantomime At The Grand Leicester,S067,Mission,Lemon & Ginseng Natural Energy Drink,0.4246,15,True
5mbYMJN2N9XzYHkunP,Aladdin Pantomime At The Grand Leicester,S068,Ombar,Pistachio Cream — 60% Dark Chocolate,0.2283,36,True
5mbYMJN2N9XzYHkunP,Aladdin Pantomime At The Grand Leicester,S069,Mr Filbert’s,Teriyaki Mochi Rice Bites,0.3599,23,True
5mbYMJN2N9XzYHkunP,Aladdin Pantomime At The Grand Leicester,S070,NOMO,Caramel Choc Bar,0.1309,58,True
