review_id,user_id,brand_id,popup_id,review_date,rating,would_buy,liked_attribute,disliked_attribute,in_target_segment
R00001,H00019,B04,,2024-04-12,4,1,taste,,1
R00002,H00007,B02,,2024-04-13,5,1,refreshing,,1
R00003,H00010,B07,,2024-04-16,4,1,seasoning,,0
R00004,H00032,B03,,2024-04-20,4,1,price,,1
R00005,H00053,B19,P001,2024-04-20,4,1,texture,,1
R00006,H00051,B16,P001,2024-04-22,3,1,,price,1
R00007,H00052,B13,P001,2024-04-22,3,0,texture,,1
R00008,H00051,B13,P001,2024-04-23,2,0,,heat,1
R00009,H00052,B02,P001,2024-04-23,5,1,price,,0
R00010,H00054,B16,,2024-04-23,5,1,versatility,,1
R00011,H00055,B19,P001,2024-04-23,4,1,texture,,0
R00012,H00040,B03,,2024-04-24,5,1,refreshing,sweetness,1
R00013,H00049,B18,,2024-04-24,4,1,taste,,1
R00014,H00050,B14,P001,2024-04-24,2,0,,versatility,0
R00015,H00055,B02,P001,2024-04-24,5,1,fizz,,0
R00016,H00066,B13,P002,2024-04-24,4,0,texture,,0
R00017,H00068,B01,P002,2024-04-24,4,0,can design,,1
R00018,H00070,B01,P002,2024-04-24,5,1,sweetness,,1
R00019,H00071,B05,P002,2024-04-24,4,1,packaging,crunch,0
R00020,H00073,B11,P002,2024-04-24,4,1,taste,,1
R00021,H00076,B01,P002,2024-04-24,4,0,can design,refreshing,1
R00022,H00080,B01,P002,2024-04-24,4,1,fizz,,1
R00023,H00085,B05,P002,2024-04-24,5,1,saltiness,,1
R00024,H00086,B13,P002,2024-04-24,5,1,heat,,1
R00025,H00087,B13,P002,2024-04-24,4,1,flavour depth,,1
R00026,H00090,B11,P002,2024-04-24,5,1,sweetness,,0
R00027,H00094,B11,P002,2024-04-24,4,1,ingredients,,0
R00028,H00094,B13,P002,2024-04-24,3,0,heat,,1
R00029,H00106,B13,P002,2024-04-24,4,1,heat,,1
R00030,H00111,B13,,2024-04-24,4,1,texture,jar size,1
R00031,H00117,B01,P002,2024-04-24,5,1,taste,,1
R00032,H00119,B17,P002,2024-04-24,3,0,energy boost,,1
R00033,H00120,B05,P002,2024-04-24,4,1,crunch,,1
R00034,H00128,B13,P002,2024-04-24,1,0,,price,0
R00035,H00050,B13,P001,2024-04-25,3,0,,price,1
R00036,H00051,B19,P001,2024-04-25,2,0,,taste,1
R00037,H00054,B13,P001,2024-04-25,4,0,jar size,,0
R00038,H00054,B19,P001,2024-04-25,4,1,ingredients,,0
R00039,H00067,B17,P002,2024-04-25,3,0,portability,,1
R00040,H00071,B11,P002,2024-04-25,4,0,ingredients,,0
R00041,H00076,B13,P002,2024-04-25,2,0,,price,1
R00042,H00077,B11,P002,2024-04-25,4,1,texture,,0
R00043,H00079,B01,P002,2024-04-25,4,0,taste,,0
R00044,H00091,B01,P002,2024-04-25,5,1,fizz,,1
R00045,H00095,B11,P002,2024-04-25,3,1,,price,0
R00046,H00096,B11,P002,2024-04-25,4,1,ingredients,,0
R00047,H00097,B17,P002,2024-04-25,3,0,,taste,1
R00048,H00100,B11,P002,2024-04-25,4,0,packaging,,0
R00049,H00101,B17,P002,2024-04-25,5,1,price,,1
R00050,H00102,B01,P002,2024-04-25,5,1,taste,,1
R00051,H00107,B13,P002,2024-04-25,3,0,,jar size,1
R00052,H00108,B01,P002,2024-04-25,5,1,can design,sweetness,1
R00053,H00108,B05,P002,2024-04-25,5,1,seasoning,portion size,1
R00054,H00111,B05,P002,2024-04-25,3,0,,price,0
R00055,H00115,B11,P002,2024-04-25,4,1,taste,,1
R00056,H00125,B05,P002,2024-04-25,2,0,,packaging,1
R00057,H00129,B05,P002,2024-04-25,4,1,seasoning,price,1
R00058,H00051,B14,P001,2024-04-26,3,0,texture,,0
R00059,H00071,B13,P002,2024-04-26,1,0,,heat,0
R00060,H00074,B13,P002,2024-04-26,4,1,flavour depth,,1
R00061,H00080,B11,P002,2024-04-26,4,1,sweetness,,1
R00062,H00081,B13,P002,2024-04-26,4,1,heat,,1
R00063,H00088,B05,P002,2024-04-26,3,1,crunch,,1
R00064,H00091,B11,P002,2024-04-26,3,0,,texture,0
R00065,H00092,B17,P002,2024-04-26,5,1,price,,1
R00066,H00093,B17,P002,2024-04-26,5,1,portability,energy boost,1
R00067,H00096,B13,P002,2024-04-26,3,0,flavour depth,,1
R00068,H00101,B01,P002,2024-04-26,5,1,taste,,1
R00069,H00103,B11,P002,2024-04-26,4,1,packaging,taste,0
R00070,H00106,B11,P002,2024-04-26,2,0,,packaging,0
R00071,H00110,B17,P002,2024-04-26,5,1,texture,,1
R00072,H00112,B05,P002,2024-04-26,4,0,packaging,,1
R00073,H00112,B17,P002,2024-04-26,4,1,energy boost,,1
R00074,H00115,B01,P002,2024-04-26,2,0,,sweetness,1
R00075,H00122,B11,P002,2024-04-26,5,1,texture,,1
R00076,H00123,B05,P002,2024-04-26,4,1,packaging,,1
R00077,H00124,B01,P002,2024-04-26,4,0,fizz,price,1
R00078,H00125,B11,P002,2024-04-26,4,1,sweetness,,0
R00079,H00127,B17,P002,2024-04-26,4,1,taste,,1
R00080,H00130,B05,P002,2024-04-26,4,1,price,,1
R00081,H00069,B11,P002,2024-04-27,3,1,,taste,0
R00082,H00073,B05,P002,2024-04-27,3,0,,portion size,1
R00083,H00075,B11,P002,2024-04-27,3,0,,texture,0
R00084,H00080,B05,P002,2024-04-27,4,1,saltiness,crunch,1
R00085,H00084,B13,P002,2024-04-27,4,1,heat,,0
R00086,H00088,B01,P002,2024-04-27,4,1,fizz,price,1
R00087,H00088,B17,P002,2024-04-27,5,1,energy boost,,1
R00088,H00094,B01,P002,2024-04-27,3,1,,sweetness,1
R00089,H00095,B17,P002,2024-04-27,5,1,price,,1
R00090,H00104,B13,P002,2024-04-27,4,1,flavour depth,,0
R00091,H00119,B01,P002,2024-04-27,5,1,taste,,1
R00092,H00124,B05,P002,2024-04-27,4,1,saltiness,,1
R00093,H00125,B13,P002,2024-04-27,4,0,texture,,1
R00094,H00127,B01,P002,2024-04-27,3,0,,sweetness,1
R00095,H00128,B05,P002,2024-04-27,4,1,portion size,,0
R00096,H00129,B13,P002,2024-04-27,5,1,flavour depth,price,1
R00097,H00129,B17,P002,2024-04-27,2,1,,portability,1
R00098,H00130,B01,P002,2024-04-27,4,1,sweetness,fizz,1
R00099,H00009,B12,,2024-04-28,4,1,sweetness,,0
R00100,H00064,B05,P002,2024-04-28,3,0,,crunch,1
R00101,H00064,B11,P002,2024-04-28,4,0,sweetness,price,1
R00102,H00065,B01,P002,2024-04-28,5,1,price,,1
R00103,H00066,B11,P002,2024-04-28,5,1,texture,,1
R00104,H00067,B13,P002,2024-04-28,4,1,flavour depth,,1
R00105,H00068,B11,P002,2024-04-28,4,1,taste,,0
R00106,H00079,B05,P002,2024-04-28,4,1,saltiness,portion size,1
R00107,H00083,B05,P002,2024-04-28,3,0,,portion size,0
R00108,H00090,B17,P002,2024-04-28,4,1,energy boost,texture,1
R00109,H00092,B13,P002,2024-04-28,4,1,versatility,flavour depth,1
R00110,H00094,B19,,2024-04-28,4,1,taste,,1
R00111,H00096,B17,P002,2024-04-28,5,1,texture,,1
R00112,H00097,B11,P002,2024-04-28,4,0,texture,,1
R00113,H00097,B13,P002,2024-04-28,2,0,price,texture,0
R00114,H00098,B13,P002,2024-04-28,4,0,flavour depth,,1
R00115,H00098,B17,P002,2024-04-28,5,1,taste,price,1
R00116,H00100,B05,P002,2024-04-28,4,1,saltiness,,0
R00117,H00106,B17,P002,2024-04-28,4,1,price,taste,1
R00118,H00118,B13,P002,2024-04-28,5,1,heat,,0
R00119,H00126,B17,P002,2024-04-28,5,0,taste,texture,1
R00120,H00057,B10,,2024-04-29,4,0,packaging,taste,1
R00121,H00065,B11,P002,2024-04-29,4,1,price,ingredients,0
R00122,H00069,B05,P002,2024-04-29,3,1,seasoning,,1
R00123,H00072,B11,P002,2024-04-29,4,1,ingredients,,1
R00124,H00072,B17,P002,2024-04-29,5,1,taste,,1
R00125,H00074,B11,P002,2024-04-29,3,0,,sweetness,0
R00126,H00075,B01,P002,2024-04-29,5,1,can design,,1
R00127,H00082,B01,P002,2024-04-29,5,1,aftertaste,,1
R00128,H00083,B11,P002,2024-04-29,2,0,,packaging,0
R00129,H00086,B05,P002,2024-04-29,4,0,crunch,,1
R00130,H00091,B13,P002,2024-04-29,3,1,jar size,,1
R00131,H00093,B11,P002,2024-04-29,4,0,packaging,,1
R00132,H00100,B17,P002,2024-04-29,5,1,taste,,1
R00133,H00101,B13,P002,2024-04-29,4,1,jar size,flavour depth,0
R00134,H00105,B01,P002,2024-04-29,4,1,taste,,1
R00135,H00106,B05,P002,2024-04-29,3,0,,crunch,1
R00136,H00107,B01,P002,2024-04-29,5,1,price,,1
R00137,H00110,B05,P002,2024-04-29,4,1,crunch,,1
R00138,H00121,B01,P002,2024-04-29,4,1,refreshing,,1
R00139,H00129,B01,P002,2024-04-29,2,0,,taste,1
R00140,H00052,B14,,2024-04-30,4,1,price,,1
R00141,H00071,B17,P002,2024-04-30,4,0,ingredients,taste,1
R00142,H00081,B11,P002,2024-04-30,5,1,taste,,0
R00143,H00082,B05,P002,2024-04-30,4,1,saltiness,,1
R00144,H00084,B01,P002,2024-04-30,4,1,refreshing,,1
R00145,H00084,B11,P002,2024-04-30,4,0,price,,1
R00146,H00085,B01,P002,2024-04-30,5,1,taste,aftertaste,1
R00147,H00087,B05,P002,2024-04-30,5,1,saltiness,,0
R00148,H00095,B01,P002,2024-04-30,3,0,,taste,1
R00149,H00095,B13,P002,2024-04-30,1,0,,jar size,1
R00150,H00112,B01,P002,2024-04-30,4,0,fizz,,1
R00151,H00112,B11,P002,2024-04-30,4,1,sweetness,,0
R00152,H00118,B11,P002,2024-04-30,4,0,ingredients,,1
R00153,H00119,B11,P002,2024-04-30,5,1,packaging,,0
R00154,H00121,B05,P002,2024-04-30,4,1,portion size,,1
R00155,H00128,B11,P002,2024-04-30,5,1,ingredients,,0
R00156,H00029,B14,,2024-05-01,4,1,price,,1
R00157,H00068,B05,P002,2024-05-01,3,0,packaging,,1
R00158,H00072,B13,P002,2024-05-01,3,0,versatility,,0
R00159,H00077,B13,P002,2024-05-01,4,1,price,,1
R00160,H00082,B17,P002,2024-05-01,5,1,taste,,1
R00161,H00085,B17,P002,2024-05-01,5,0,taste,,1
R00162,H00093,B01,P002,2024-05-01,4,0,taste,,1
R00163,H00093,B13,P002,2024-05-01,5,1,flavour depth,heat,0
R00164,H00094,B17,P002,2024-05-01,5,1,portability,,1
R00165,H00095,B05,P002,2024-05-01,5,1,packaging,price,1
R00166,H00099,B01,P002,2024-05-01,5,1,price,,1
R00167,H00104,B01,P002,2024-05-01,5,1,can design,,1
R00168,H00104,B17,P002,2024-05-01,5,0,taste,ingredients,1
R00169,H00116,B01,P002,2024-05-01,5,1,refreshing,,1
R00170,H00120,B17,P002,2024-05-01,5,1,texture,taste,1
R00171,H00121,B11,P002,2024-05-01,4,0,taste,,0
R00172,H00122,B01,P002,2024-05-01,2,0,,can design,1
R00173,H00122,B13,P002,2024-05-01,4,1,flavour depth,,0
R00174,H00123,B11,P002,2024-05-01,4,0,texture,,0
R00175,H00127,B11,P002,2024-05-01,4,1,sweetness,ingredients,1
R00176,H00130,B17,P002,2024-05-01,5,1,portability,,1
R00177,H00016,B15,,2024-05-02,3,1,,heat,0
R00178,H00104,B06,,2024-05-03,4,1,saltiness,,1
R00179,H00110,B11,,2024-05-03,5,1,texture,,0
R00180,H00015,B20,,2024-05-04,4,1,texture,,1
R00181,H00096,B20,,2024-05-04,5,1,price,,1
R00182,H00105,B18,,2024-05-05,4,1,taste,,1
R00183,H00160,B15,,2024-05-05,5,1,flavour depth,,1
R00184,H00128,B19,,2024-05-06,4,1,ingredients,taste,1
R00185,H00054,B02,,2024-05-07,5,1,sweetness,price,0
R00186,H00035,B04,,2024-05-08,4,1,sweetness,can design,1
R00187,H00057,B14,,2024-05-09,3,0,,jar size,0
R00188,H00077,B15,,2024-05-09,3,0,versatility,,0
R00189,H00179,B15,P003,2024-05-09,4,1,versatility,,0
R00190,H00181,B04,P003,2024-05-09,3,0,can design,,0
R00191,H00179,B04,P003,2024-05-11,3,1,taste,,1
R00192,H00179,B16,P003,2024-05-11,4,1,flavour depth,,1
R00193,H00173,B16,P003,2024-05-12,4,1,price,jar size,0
R00194,H00176,B04,P003,2024-05-12,5,1,aftertaste,,1
R00195,H00182,B12,,2024-05-12,3,0,,taste,0
R00196,H00177,B04,P003,2024-05-13,4,1,can design,,1
R00197,H00181,B15,P003,2024-05-13,4,1,heat,,0
R00198,H00175,B19,P003,2024-05-14,4,1,portability,,0
R00199,H00180,B12,P003,2024-05-14,5,0,price,ingredients,0
R00200,H00176,B15,P003,2024-05-15,2,1,,flavour depth,0
R00201,H00176,B19,P003,2024-05-15,2,0,,energy boost,1
R00202,H00006,B18,,2024-05-16,4,1,energy boost,,0
R00203,H00163,B04,,2024-05-16,3,0,fizz,,0
R00204,H00173,B12,P003,2024-05-16,2,0,texture,ingredients,0
R00205,H00173,B10,,2024-05-16,4,1,packaging,taste,0
R00206,H00178,B12,P003,2024-05-16,4,1,ingredients,,1
R00207,H00067,B03,,2024-05-17,5,1,fizz,,1
R00208,H00092,B08,,2024-05-17,5,1,crunch,,0
R00209,H00042,B03,,2024-05-18,4,0,aftertaste,,1
R00210,H00112,B14,,2024-05-18,2,0,texture,heat,0
R00211,H00114,B13,,2024-05-18,3,0,texture,,0
R00212,H00186,B15,,2024-05-18,3,0,heat,,0
R00213,H00155,B07,,2024-05-20,3,0,,seasoning,0
R00214,H00200,B01,,2024-05-20,5,0,sweetness,,1
R00215,H00113,B02,,2024-05-21,4,1,taste,sweetness,0
R00216,H00182,B18,,2024-05-21,3,1,,taste,1
R00217,H00071,B19,,2024-05-22,4,1,ingredients,,1
R00218,H00193,B02,,2024-05-22,5,1,sweetness,,1
R00219,H00209,B20,,2024-05-22,4,1,energy boost,,1
R00220,H00119,B05,,2024-05-24,4,1,seasoning,,1
R00221,H00149,B12,,2024-05-24,4,1,taste,,1
R00222,H00030,B14,,2024-05-26,4,1,flavour depth,jar size,1
R00223,H00078,B01,,2024-05-26,5,1,fizz,can design,1
R00224,H00216,B20,,2024-05-26,4,1,ingredients,,0
R00225,H00040,B16,,2024-05-27,4,1,price,,1
R00226,H00131,B05,,2024-05-27,5,1,seasoning,,1
R00227,H00104,B05,,2024-05-28,5,1,crunch,seasoning,1
R00228,H00196,B06,,2024-05-29,5,1,crunch,,1
R00229,H00061,B10,,2024-05-30,5,1,sweetness,ingredients,1
R00230,H00174,B12,,2024-05-30,4,1,ingredients,,0
R00231,H00227,B01,P004,2024-05-30,5,1,fizz,refreshing,1
R00232,H00231,B01,P004,2024-05-30,5,1,aftertaste,,1
R00233,H00233,B13,P004,2024-05-30,4,1,price,,0
R00234,H00236,B13,P004,2024-05-30,4,1,heat,,1
R00235,H00203,B03,,2024-05-31,4,1,taste,price,0
R00236,H00219,B17,,2024-05-31,5,1,portability,,1
R00237,H00230,B13,P004,2024-05-31,5,1,flavour depth,,0
R00238,H00232,B17,P004,2024-05-31,5,1,price,,1
R00239,H00235,B17,P004,2024-05-31,3,1,,price,1
R00240,H00230,B05,P004,2024-06-01,3,0,seasoning,,1
R00241,H00240,B09,P005,2024-06-01,5,0,taste,,0
R00242,H00250,B10,P005,2024-06-01,4,1,taste,,1
R00243,H00253,B11,P005,2024-06-01,4,1,taste,packaging,0
R00244,H00255,B09,P005,2024-06-01,5,1,packaging,,0
R00245,H00258,B09,P005,2024-06-01,3,0,price,,1
R00246,H00266,B09,P005,2024-06-01,4,0,price,taste,0
R00247,H00273,B11,P005,2024-06-01,4,1,texture,,1
R00248,H00279,B08,P005,2024-06-01,4,0,seasoning,,0
R00249,H00281,B08,P005,2024-06-01,4,0,price,,0
R00250,H00284,B01,P005,2024-06-01,4,1,price,,0
R00251,H00287,B11,P005,2024-06-01,4,1,ingredients,,0
R00252,H00291,B09,P005,2024-06-01,3,0,sweetness,,0
R00253,H00294,B09,P005,2024-06-01,4,1,texture,,1
R00254,H00299,B01,P005,2024-06-01,5,1,price,,1
R00255,H00305,B08,P005,2024-06-01,3,0,,crunch,0
R00256,H00074,B16,,2024-06-02,4,1,price,,1
R00257,H00178,B05,,2024-06-02,5,1,saltiness,,1
R00258,H00226,B17,P004,2024-06-02,4,1,ingredients,,0
R00259,H00228,B05,P004,2024-06-02,4,0,portion size,,1
R00260,H00232,B01,P004,2024-06-02,4,0,fizz,refreshing,1
R00261,H00235,B13,P004,2024-06-02,3,0,texture,,1
R00262,H00239,B09,P005,2024-06-02,4,0,ingredients,packaging,1
R00263,H00242,B08,,2024-06-02,5,1,saltiness,crunch,1
R00264,H00243,B09,P005,2024-06-02,3,1,texture,,1
R00265,H00248,B11,P005,2024-06-02,4,1,price,,1
R00266,H00256,B08,P005,2024-06-02,5,1,packaging,,0
R00267,H00260,B01,P005,2024-06-02,4,1,price,,0
R00268,H00260,B08,P005,2024-06-02,5,1,packaging,,0
R00269,H00261,B11,P005,2024-06-02,4,0,sweetness,,0
R00270,H00264,B01,P005,2024-06-02,5,1,aftertaste,,1
R00271,H00270,B09,P005,2024-06-02,5,1,sweetness,packaging,0
R00272,H00276,B01,P005,2024-06-02,5,1,can design,,1
R00273,H00280,B08,P005,2024-06-02,5,1,seasoning,,0
R00274,H00284,B11,P005,2024-06-02,4,0,packaging,texture,1
R00275,H00289,B09,P005,2024-06-02,5,1,taste,price,1
R00276,H00294,B01,P005,2024-06-02,4,1,taste,fizz,1
R00277,H00297,B08,P005,2024-06-02,5,1,packaging,,0
R00278,H00301,B08,P005,2024-06-02,5,1,crunch,,0
R00279,H00304,B08,P005,2024-06-02,4,0,saltiness,,0
R00280,H00304,B11,P005,2024-06-02,3,1,ingredients,,0
R00281,H00306,B11,P005,2024-06-02,4,0,ingredients,,0
R00282,H00130,B13,,2024-06-03,3,0,heat,,0
R00283,H00226,B01,P004,2024-06-03,4,1,can design,,1
R00284,H00231,B17,P004,2024-06-03,4,1,price,,1
R00285,H00241,B10,P005,2024-06-03,5,1,sweetness,,1
R00286,H00254,B09,P005,2024-06-03,4,0,price,,0
R00287,H00258,B10,P005,2024-06-03,3,0,packaging,,0
R00288,H00263,B10,P005,2024-06-03,5,1,texture,,0
R00289,H00268,B08,P005,2024-06-03,5,1,price,,0
R00290,H00275,B11,P005,2024-06-03,5,1,price,,1
R00291,H00286,B08,P005,2024-06-03,3,0,crunch,,0
R00292,H00287,B10,P005,2024-06-03,5,1,sweetness,ingredients,0
R00293,H00307,B08,P005,2024-06-03,3,1,,seasoning,1
R00294,H00307,B09,P005,2024-06-03,2,0,,ingredients,1
R00295,H00106,B18,,2024-06-04,3,1,,taste,0
R00296,H00213,B01,,2024-06-04,5,1,fizz,,1
R00297,H00236,B05,P004,2024-06-04,3,1,saltiness,,1
R00298,H00241,B01,P005,2024-06-04,4,1,taste,,1
R00299,H00241,B11,P005,2024-06-04,3,1,taste,,1
R00300,H00242,B09,P005,2024-06-04,5,1,taste,,1
R00301,H00243,B08,P005,2024-06-04,5,1,crunch,price,0
R00302,H00245,B01,P005,2024-06-04,5,1,refreshing,,1
R00303,H00247,B08,P005,2024-06-04,3,1,seasoning,,1
R00304,H00248,B10,P005,2024-06-04,4,0,price,,1
R00305,H00254,B08,P005,2024-06-04,3,0,crunch,,0
R00306,H00256,B11,P005,2024-06-04,1,0,ingredients,taste,0
R00307,H00257,B10,P005,2024-06-04,4,1,texture,,1
R00308,H00261,B10,P005,2024-06-04,5,1,taste,,0
R00309,H00262,B11,P005,2024-06-04,4,0,taste,,0
R00310,H00275,B08,P005,2024-06-04,4,1,portion size,,0
R00311,H00289,B10,P005,2024-06-04,3,0,texture,,0
R00312,H00292,B09,P005,2024-06-04,4,0,packaging,,1
R00313,H00298,B01,P005,2024-06-04,3,0,aftertaste,,1
R00314,H00304,B09,P005,2024-06-04,3,0,,price,1
R00315,H00308,B10,P005,2024-06-04,5,1,ingredients,,0
R00316,H00309,B09,P005,2024-06-04,3,0,,sweetness,1
R00317,H00136,B09,,2024-06-05,5,1,packaging,taste,1
R00318,H00229,B17,P004,2024-06-05,5,1,portability,,1
R00319,H00247,B01,P005,2024-06-05,5,1,aftertaste,,1
R00320,H00250,B11,P005,2024-06-05,3,0,,texture,1
R00321,H00251,B09,P005,2024-06-05,4,1,ingredients,,0
R00322,H00252,B09,P005,2024-06-05,4,1,taste,packaging,1
R00323,H00269,B09,P005,2024-06-05,3,0,texture,,0
R00324,H00276,B08,P005,2024-06-05,4,1,saltiness,,1
R00325,H00283,B09,P005,2024-06-05,3,1,taste,,1
R00326,H00296,B08,P005,2024-06-05,3,0,,seasoning,0
R00327,H00302,B01,P005,2024-06-05,3,1,taste,,1
R00328,H00306,B02,,2024-06-05,5,1,sweetness,,1
R00329,H00060,B14,,2024-06-06,2,1,,texture,0
R00330,H00148,B02,,2024-06-06,3,0,refreshing,,0
R00331,H00234,B13,P004,2024-06-06,3,1,,versatility,1
R00332,H00239,B01,P005,2024-06-06,5,1,taste,,1
R00333,H00240,B15,,2024-06-06,4,1,texture,,1
R00334,H00242,B01,P005,2024-06-06,5,1,aftertaste,,1
R00335,H00242,B10,P005,2024-06-06,4,0,texture,,0
R00336,H00246,B09,P005,2024-06-06,5,1,texture,,0
R00337,H00246,B10,P005,2024-06-06,5,0,ingredients,price,1
R00338,H00249,B09,P005,2024-06-06,3,0,,price,0
R00339,H00257,B08,P005,2024-06-06,4,1,packaging,,0
R00340,H00258,B01,P005,2024-06-06,4,1,taste,,1
R00341,H00259,B09,P005,2024-06-06,3,0,ingredients,,0
R00342,H00259,B11,P005,2024-06-06,3,0,taste,,1
R00343,H00260,B10,P005,2024-06-06,3,1,,taste,1
R00344,H00262,B09,P005,2024-06-06,3,0,,price,1
R00345,H00264,B11,P005,2024-06-06,5,1,taste,,0
R00346,H00269,B01,P005,2024-06-06,3,0,can design,,1
R00347,H00269,B10,P005,2024-06-06,5,1,ingredients,,1
R00348,H00274,B10,P005,2024-06-06,3,0,texture,,1
R00349,H00279,B11,P005,2024-06-06,5,1,sweetness,,1
R00350,H00288,B11,P005,2024-06-06,4,0,ingredients,,1
R00351,H00293,B01,P005,2024-06-06,4,1,sweetness,,0
R00352,H00293,B09,P005,2024-06-06,4,1,price,,0
R00353,H00296,B09,P005,2024-06-06,4,1,sweetness,,0
R00354,H00305,B10,P005,2024-06-06,5,0,ingredients,taste,0
R00355,H00060,B11,,2024-06-07,5,1,taste,texture,1
R00356,H00211,B08,,2024-06-07,2,0,,saltiness,0
R00357,H00239,B08,P005,2024-06-07,4,1,price,,0
R00358,H00240,B01,P005,2024-06-07,5,1,can design,,0
R00359,H00240,B10,P005,2024-06-07,4,0,taste,,1
R00360,H00243,B01,P005,2024-06-07,5,0,fizz,,1
R00361,H00243,B11,P005,2024-06-07,4,1,price,,0
R00362,H00244,B11,P005,2024-06-07,5,1,sweetness,,0
R00363,H00249,B01,P005,2024-06-07,4,1,sweetness,,1
R00364,H00252,B10,P005,2024-06-07,4,1,taste,,0
R00365,H00257,B09,P005,2024-06-07,4,1,packaging,,0
R00366,H00261,B09,P005,2024-06-07,4,1,texture,,0
R00367,H00268,B10,P005,2024-06-07,2,1,,ingredients,1
R00368,H00270,B08,P005,2024-06-07,4,1,saltiness,,0
R00369,H00270,B10,P005,2024-06-07,2,0,,sweetness,0
R00370,H00271,B09,P005,2024-06-07,3,1,,price,0
R00371,H00274,B08,P005,2024-06-07,5,0,seasoning,,0
R00372,H00274,B11,P005,2024-06-07,5,1,sweetness,,1
R00373,H00276,B11,P005,2024-06-07,4,1,ingredients,,0
R00374,H00285,B01,P005,2024-06-07,4,0,refreshing,,1
R00375,H00286,B01,P005,2024-06-07,5,1,price,,0
R00376,H00287,B08,P005,2024-06-07,4,1,saltiness,,0
R00377,H00299,B11,P005,2024-06-07,5,1,price,,0
R00378,H00301,B10,P005,2024-06-07,4,0,price,,0
R00379,H00302,B10,P005,2024-06-07,5,1,texture,,0
R00380,H00303,B09,P005,2024-06-07,4,0,taste,price,0
R00381,H00304,B01,P005,2024-06-07,5,0,taste,,1
R00382,H00305,B11,P005,2024-06-07,3,0,price,,0
R00383,H00125,B18,,2024-06-08,2,0,,energy boost,0
R00384,H00241,B08,P005,2024-06-08,5,1,crunch,,1
R00385,H00242,B11,P005,2024-06-08,4,1,taste,,0
R00386,H00244,B08,P005,2024-06-08,5,1,packaging,,0
R00387,H00249,B08,P005,2024-06-08,4,0,price,,1
R00388,H00252,B08,P005,2024-06-08,4,1,packaging,,1
R00389,H00256,B10,P005,2024-06-08,5,1,price,,0
R00390,H00262,B01,P005,2024-06-08,3,0,,can design,1
R00391,H00263,B01,P005,2024-06-08,4,0,aftertaste,,1
R00392,H00264,B08,P005,2024-06-08,4,1,crunch,seasoning,0
R00393,H00264,B09,P005,2024-06-08,4,1,texture,,1
R00394,H00270,B11,P005,2024-06-08,5,1,price,packaging,0
R00395,H00271,B08,P005,2024-06-08,5,1,price,crunch,0
R00396,H00283,B01,P005,2024-06-08,3,1,fizz,,1
R00397,H00283,B11,P005,2024-06-08,4,1,packaging,price,0
R00398,H00286,B10,P005,2024-06-08,4,1,taste,,1
R00399,H00289,B11,P005,2024-06-08,5,1,price,,0
R00400,H00292,B01,P005,2024-06-08,5,1,taste,,1
R00401,H00292,B10,P005,2024-06-08,4,1,sweetness,,0
R00402,H00294,B14,,2024-06-08,4,1,price,,1
R00403,H00295,B09,P005,2024-06-08,4,1,sweetness,,0
R00404,H00300,B11,P005,2024-06-08,3,0,,sweetness,0
R00405,H00302,B11,P005,2024-06-08,4,0,packaging,,0
R00406,H00305,B01,P005,2024-06-08,5,1,sweetness,,1
R00407,H00216,B08,,2024-06-09,4,1,crunch,,1
R00408,H00256,B05,,2024-06-09,4,0,portion size,,1
R00409,H00004,B10,,2024-06-10,4,0,texture,,0
R00410,H00189,B09,,2024-06-10,5,1,ingredients,,1
R00411,H00258,B14,,2024-06-10,5,1,heat,,1
R00412,H00263,B19,,2024-06-10,5,1,portability,texture,0
R00413,H00330,B14,P006,2024-06-10,3,1,texture,,0
R00414,H00330,B15,P006,2024-06-10,5,1,jar size,,0
R00415,H00336,B14,P006,2024-06-10,4,1,versatility,price,0
R00416,H00337,B02,P006,2024-06-10,5,1,taste,,0
R00417,H00337,B15,P006,2024-06-10,3,0,,texture,0
R00418,H00339,B06,P006,2024-06-10,4,1,portion size,,0
R00419,H00344,B06,P006,2024-06-10,5,1,packaging,,1
R00420,H00344,B15,P006,2024-06-10,3,0,,heat,0
R00421,H00348,B17,P006,2024-06-10,3,0,energy boost,,1
R00422,H00349,B02,P006,2024-06-10,4,0,aftertaste,sweetness,0
R00423,H00353,B02,P006,2024-06-10,4,0,price,,0
R00424,H00353,B17,P006,2024-06-10,5,1,price,taste,0
R00425,H00357,B14,P006,2024-06-10,4,1,versatility,,0
R00426,H00358,B02,P006,2024-06-10,3,0,price,,1
R00427,H00362,B17,P006,2024-06-10,4,1,ingredients,,1
R00428,H00376,B02,P006,2024-06-10,2,0,,refreshing,0
R00429,H00379,B06,P006,2024-06-10,3,1,price,,1
R00430,H00384,B02,P006,2024-06-10,3,0,,sweetness,0
R00431,H00385,B02,P006,2024-06-10,3,1,aftertaste,,0
R00432,H00052,B12,,2024-06-11,3,0,texture,,0
R00433,H00202,B12,,2024-06-11,4,1,taste,,1
R00434,H00333,B14,P006,2024-06-11,3,0,flavour depth,,0
R00435,H00333,B17,P006,2024-06-11,5,1,price,,1
R00436,H00335,B15,P006,2024-06-11,3,0,,heat,0
R00437,H00340,B06,P006,2024-06-11,5,1,portion size,,1
R00438,H00349,B17,P006,2024-06-11,4,0,energy boost,,1
R00439,H00353,B06,P006,2024-06-11,5,1,packaging,,0
R00440,H00355,B02,P006,2024-06-11,5,1,price,,0
R00441,H00358,B06,P006,2024-06-11,5,1,seasoning,,1
R00442,H00360,B17,P006,2024-06-11,5,1,portability,,1
R00443,H00365,B02,P006,2024-06-11,4,0,refreshing,,0
R00444,H00365,B14,P006,2024-06-11,2,0,,jar size,0
R00445,H00368,B06,P006,2024-06-11,4,1,packaging,,0
R00446,H00371,B14,P006,2024-06-11,5,1,flavour depth,,0
R00447,H00381,B14,P006,2024-06-11,2,0,,versatility,0
R00448,H00395,B17,,2024-06-11,4,0,ingredients,,1
R00449,H00331,B06,P006,2024-06-12,5,1,saltiness,,1
R00450,H00337,B14,P006,2024-06-12,5,1,flavour depth,,0
R00451,H00338,B14,P006,2024-06-12,4,1,price,,0
R00452,H00342,B17,P006,2024-06-12,5,1,ingredients,,1
R00453,H00344,B14,P006,2024-06-12,3,1,texture,,0
R00454,H00344,B17,P006,2024-06-12,5,1,price,,1
R00455,H00352,B02,P006,2024-06-12,3,0,fizz,,1
R00456,H00359,B14,P006,2024-06-12,5,1,versatility,,0
R00457,H00362,B02,P006,2024-06-12,5,1,taste,,1
R00458,H00367,B06,P006,2024-06-12,3,0,portion size,,1
R00459,H00368,B20,,2024-06-12,4,1,energy boost,,0
R00460,H00373,B02,P006,2024-06-12,5,1,fizz,,0
R00461,H00384,B06,P006,2024-06-12,4,1,price,,0
R00462,H00389,B02,P006,2024-06-12,4,1,fizz,,1
R00463,H00203,B02,,2024-06-13,4,0,taste,,0
R00464,H00332,B02,P006,2024-06-13,4,1,taste,,0
R00465,H00345,B02,P006,2024-06-13,5,1,sweetness,,0
R00466,H00359,B06,P006,2024-06-13,5,1,saltiness,,1
R00467,H00364,B15,P006,2024-06-13,3,0,price,,0
R00468,H00367,B14,P006,2024-06-13,4,1,versatility,,0
R00469,H00371,B06,P006,2024-06-13,4,1,saltiness,,1
R00470,H00371,B17,P006,2024-06-13,5,1,portability,,0
R00471,H00374,B17,P006,2024-06-13,3,0,,portability,1
R00472,H00377,B17,P006,2024-06-13,5,1,price,texture,1
R00473,H00380,B14,P006,2024-06-13,4,1,versatility,,0
R00474,H00382,B06,P006,2024-06-13,5,1,portion size,,0
R00475,H00386,B02,P006,2024-06-13,3,0,fizz,,0
R00476,H00197,B06,,2024-06-14,4,1,price,saltiness,1
R00477,H00210,B10,,2024-06-14,4,0,price,,0
R00478,H00299,B20,,2024-06-14,4,0,ingredients,,1
R00479,H00332,B15,P006,2024-06-14,5,1,price,,0
R00480,H00349,B15,P006,2024-06-14,3,0,,heat,0
R00481,H00350,B02,P006,2024-06-14,3,1,fizz,,0
R00482,H00351,B14,P006,2024-06-14,3,0,,flavour depth,0
R00483,H00352,B11,,2024-06-14,3,0,,ingredients,0
R00484,H00359,B17,P006,2024-06-14,3,0,,taste,1
R00485,H00359,B12,,2024-06-14,3,0,,taste,0
R00486,H00361,B15,P006,2024-06-14,5,1,texture,,0
R00487,H00364,B06,P006,2024-06-14,5,1,packaging,,1
R00488,H00370,B17,P006,2024-06-14,4,0,portability,,1
R00489,H00376,B06,P006,2024-06-14,5,1,crunch,,1
R00490,H00379,B02,P006,2024-06-14,4,0,fizz,,1
R00491,H00379,B15,P006,2024-06-14,3,1,,versatility,0
R00492,H00382,B14,,2024-06-14,4,1,texture,,1
R00493,H00386,B17,P006,2024-06-14,3,1,,taste,0
R00494,H00395,B05,,2024-06-14,4,1,price,,0
R00495,H00336,B15,P006,2024-06-15,2,0,,texture,0
R00496,H00339,B14,P006,2024-06-15,2,1,,jar size,1
R00497,H00341,B15,P006,2024-06-15,3,0,price,,0
R00498,H00343,B17,P006,2024-06-15,5,1,price,taste,1
R00499,H00348,B15,P006,2024-06-15,3,1,,texture,0
R00500,H00351,B06,P006,2024-06-15,5,1,price,,1
R00501,H00351,B17,P006,2024-06-15,4,1,portability,,1
R00502,H00353,B14,P006,2024-06-15,4,1,flavour depth,,1
R00503,H00358,B14,P006,2024-06-15,3,0,price,,0
R00504,H00364,B17,P006,2024-06-15,5,1,ingredients,taste,1
R00505,H00368,B17,P006,2024-06-15,5,1,ingredients,,0
R00506,H00369,B17,P006,2024-06-15,3,1,price,,1
R00507,H00379,B17,P006,2024-06-15,3,1,,ingredients,1
R00508,H00380,B15,P006,2024-06-15,4,1,heat,,0
R00509,H00381,B02,P006,2024-06-15,3,1,fizz,,1
R00510,H00051,B18,,2024-06-16,4,1,ingredients,,0
R00511,H00165,B04,,2024-06-16,4,1,taste,,0
R00512,H00194,B20,,2024-06-16,3,1,portability,,0
R00513,H00214,B05,,2024-06-16,4,0,saltiness,,1
R00514,H00330,B02,P006,2024-06-16,3,1,,can design,1
R00515,H00333,B15,P006,2024-06-16,3,0,,flavour depth,0
R00516,H00336,B06,P006,2024-06-16,5,1,portion size,saltiness,1
R00517,H00341,B17,P006,2024-06-16,3,0,energy boost,,1
R00518,H00342,B14,P006,2024-06-16,3,1,,price,0
R00519,H00345,B06,P006,2024-06-16,5,1,saltiness,,0
R00520,H00347,B14,P006,2024-06-16,3,1,,texture,0
R00521,H00350,B17,P006,2024-06-16,4,1,texture,portability,0
R00522,H00354,B06,P006,2024-06-16,4,0,crunch,,0
R00523,H00354,B14,P006,2024-06-16,4,1,jar size,,0
R00524,H00356,B14,P006,2024-06-16,4,1,heat,,0
R00525,H00367,B17,P006,2024-06-16,4,0,price,,1
R00526,H00372,B14,P006,2024-06-16,4,0,heat,,0
R00527,H00374,B06,P006,2024-06-16,4,1,crunch,,1
R00528,H00377,B15,P006,2024-06-16,5,1,flavour depth,,0
R00529,H00379,B14,P006,2024-06-16,4,1,price,,0
R00530,H00386,B14,P006,2024-06-16,4,0,jar size,,0
R00531,H00388,B16,,2024-06-16,5,1,jar size,texture,1
R00532,H00099,B10,,2024-06-17,4,1,texture,,1
R00533,H00278,B11,,2024-06-17,4,1,price,,1
R00534,H00335,B14,P006,2024-06-17,5,1,flavour depth,,0
R00535,H00335,B17,P006,2024-06-17,3,0,,taste,1
R00536,H00350,B06,P006,2024-06-17,5,1,seasoning,,1
R00537,H00363,B17,P006,2024-06-17,4,0,energy boost,,1
R00538,H00364,B02,P006,2024-06-17,2,0,refreshing,price,1
R00539,H00372,B06,P006,2024-06-17,3,0,,portion size,1
R00540,H00377,B14,P006,2024-06-17,4,1,flavour depth,,0
R00541,H00382,B19,,2024-06-17,4,1,taste,,0
R00542,H00398,B15,,2024-06-17,2,0,,price,0
R00543,H00097,B10,,2024-06-18,5,1,texture,,1
R00544,H00261,B20,,2024-06-18,4,1,ingredients,,0
R00545,H00281,B06,,2024-06-18,4,1,crunch,,1
R00546,H00359,B15,,2024-06-18,3,0,flavour depth,,0
R00547,H00078,B06,,2024-06-19,5,1,crunch,,1
R00548,H00112,B10,,2024-06-19,4,1,ingredients,,0
R00549,H00261,B15,,2024-06-19,3,0,flavour depth,,0
R00550,H00171,B14,,2024-06-20,5,1,flavour depth,,1
R00551,H00292,B06,,2024-06-20,5,1,portion size,crunch,1
R00552,H00314,B05,,2024-06-21,2,0,,price,0
R00553,H00327,B09,,2024-06-21,5,1,sweetness,,1
R00554,H00349,B10,,2024-06-21,5,1,sweetness,,1
R00555,H00160,B20,,2024-06-22,3,0,,taste,0
R00556,H00262,B08,,2024-06-22,4,1,seasoning,,1
R00557,H00086,B03,,2024-06-23,5,0,refreshing,,1
R00558,H00123,B20,,2024-06-23,5,0,portability,,1
R00559,H00140,B04,,2024-06-24,3,1,,taste,0
R00560,H00244,B10,,2024-06-24,3,1,,ingredients,0
R00561,H00404,B16,,2024-06-24,4,1,heat,texture,0
R00562,H00104,B16,,2024-06-25,4,0,texture,,1
R00563,H00218,B08,,2024-06-25,4,1,portion size,,1
R00564,H00368,B08,,2024-06-25,5,1,crunch,,1
R00565,H00393,B07,,2024-06-25,4,1,seasoning,,1
R00566,H00416,B17,,2024-06-25,3,1,,taste,1
R00567,H00003,B04,,2024-06-26,2,0,,aftertaste,0
R00568,H00406,B10,,2024-06-26,3,0,,texture,0
R00569,H00427,B16,,2024-06-26,5,1,flavour depth,,1
R00570,H00105,B05,,2024-06-27,3,0,,seasoning,1
R00571,H00225,B10,,2024-06-27,3,0,,packaging,0
R00572,H00160,B06,,2024-06-28,3,0,,portion size,0
R00573,H00293,B18,,2024-06-28,4,1,ingredients,,1
R00574,H00418,B10,,2024-06-28,5,0,price,,1
R00575,H00435,B03,,2024-06-28,2,0,,can design,0
R00576,H00356,B06,,2024-06-29,5,1,crunch,,1
R00577,H00022,B04,,2024-06-30,4,0,sweetness,,1
R00578,H00051,B15,,2024-06-30,1,0,,heat,0
R00579,H00063,B18,,2024-06-30,4,1,energy boost,portability,0
R00580,H00070,B04,,2024-06-30,1,0,,aftertaste,0
R00581,H00090,B02,,2024-06-30,5,1,can design,,1
R00582,H00104,B12,,2024-06-30,3,0,taste,,0
R00583,H00262,B07,,2024-06-30,5,1,portion size,,1
R00584,H00351,B09,,2024-06-30,3,0,,taste,0
R00585,H00334,B03,,2024-07-01,4,1,sweetness,,1
R00586,H00397,B03,,2024-07-01,4,0,fizz,,1
R00587,H00134,B06,,2024-07-02,3,1,seasoning,,1
R00588,H00221,B11,,2024-07-02,5,1,sweetness,,1
R00589,H00280,B05,,2024-07-02,3,1,crunch,,1
R00590,H00338,B03,,2024-07-02,5,1,can design,,1
R00591,H00030,B02,,2024-07-03,5,1,taste,,0
R00592,H00049,B19,,2024-07-03,3,0,,energy boost,0
R00593,H00084,B04,,2024-07-03,3,1,,price,0
R00594,H00138,B16,,2024-07-03,3,0,flavour depth,,1
R00595,H00449,B13,P007,2024-07-03,3,0,,texture,0
R00596,H00450,B05,P007,2024-07-03,4,1,price,crunch,0
R00597,H00451,B11,P007,2024-07-03,4,1,price,,0
R00598,H00453,B01,P007,2024-07-03,4,1,can design,,1
R00599,H00455,B11,P007,2024-07-03,3,0,,texture,1
R00600,H00471,B09,,2024-07-03,2,0,,price,0
R00601,H00490,B17,P007,2024-07-03,4,1,portability,,1
R00602,H00493,B17,P007,2024-07-03,4,1,taste,,1
R00603,H00494,B01,P007,2024-07-03,4,1,sweetness,,0
R00604,H00494,B11,P007,2024-07-03,5,1,taste,,1
R00605,H00171,B18,,2024-07-04,4,1,portability,,0
R00606,H00248,B12,,2024-07-04,3,0,,ingredients,1
R00607,H00254,B20,,2024-07-04,3,0,ingredients,,1
R00608,H00448,B05,P007,2024-07-04,4,0,saltiness,,1
R00609,H00449,B11,P007,2024-07-04,5,1,taste,,1
R00610,H00452,B17,P007,2024-07-04,4,1,ingredients,,1
R00611,H00466,B01,P007,2024-07-04,5,1,refreshing,,1
R00612,H00471,B05,P007,2024-07-04,4,1,crunch,,0
R00613,H00472,B13,P007,2024-07-04,2,0,,texture,0
R00614,H00473,B05,P007,2024-07-04,4,1,packaging,,0
R00615,H00473,B11,P007,2024-07-04,4,1,packaging,taste,0
R00616,H00476,B05,P007,2024-07-04,4,0,crunch,,1
R00617,H00481,B13,P007,2024-07-04,3,0,,heat,0
R00618,H00484,B13,P007,2024-07-04,3,1,price,,0
R00619,H00485,B13,P007,2024-07-04,4,1,price,heat,0
R00620,H00490,B13,P007,2024-07-04,3,0,,texture,1
R00621,H00494,B17,P007,2024-07-04,4,1,energy boost,,0
R00622,H00495,B05,P007,2024-07-04,4,0,price,,1
R00623,H00496,B05,P007,2024-07-04,3,0,packaging,,0
R00624,H00432,B17,,2024-07-05,5,1,ingredients,price,1
R00625,H00451,B17,P007,2024-07-05,4,1,energy boost,,0
R00626,H00453,B17,P007,2024-07-05,4,0,texture,price,1
R00627,H00465,B17,P007,2024-07-05,4,0,energy boost,,0
R00628,H00467,B05,P007,2024-07-05,3,0,,price,1
R00629,H00468,B11,P007,2024-07-05,5,1,packaging,,1
R00630,H00471,B01,P007,2024-07-05,5,1,aftertaste,sweetness,0
R00631,H00471,B11,P007,2024-07-05,4,0,texture,,0
R00632,H00475,B05,P007,2024-07-05,3,0,portion size,,1
R00633,H00479,B01,P007,2024-07-05,4,1,aftertaste,,1
R00634,H00481,B01,P007,2024-07-05,4,0,refreshing,,1
R00635,H00485,B05,P007,2024-07-05,2,0,,crunch,0
R00636,H00490,B09,,2024-07-05,3,0,,ingredients,1
R00637,H00493,B01,P007,2024-07-05,5,1,sweetness,,1
R00638,H00495,B17,P007,2024-07-05,5,1,texture,,0
R00639,H00092,B06,,2024-07-06,4,1,crunch,,1
R00640,H00096,B12,,2024-07-06,3,1,texture,,0
R00641,H00134,B03,,2024-07-06,5,1,refreshing,,1
R00642,H00205,B10,,2024-07-06,5,1,price,,1
R00643,H00448,B13,P007,2024-07-06,4,1,flavour depth,,0
R00644,H00450,B11,P007,2024-07-06,5,1,texture,packaging,0
R00645,H00453,B11,P007,2024-07-06,5,1,taste,,1
R00646,H00470,B01,P007,2024-07-06,5,1,refreshing,,1
R00647,H00473,B13,P007,2024-07-06,4,1,versatility,flavour depth,1
R00648,H00479,B17,P007,2024-07-06,4,1,ingredients,,1
R00649,H00492,B17,P007,2024-07-06,3,1,,ingredients,1
R00650,H00032,B06,,2024-07-07,3,0,,saltiness,1
R00651,H00452,B11,P007,2024-07-07,4,1,texture,,1
R00652,H00455,B01,P007,2024-07-07,5,1,aftertaste,,1
R00653,H00460,B05,P007,2024-07-07,4,0,packaging,,1
R00654,H00460,B17,P007,2024-07-07,5,1,taste,,1
R00655,H00461,B01,P007,2024-07-07,5,1,can design,,0
R00656,H00466,B11,P007,2024-07-07,4,0,packaging,,1
R00657,H00466,B17,P007,2024-07-07,5,1,texture,,1
R00658,H00475,B11,P007,2024-07-07,4,1,packaging,,0
R00659,H00477,B11,P007,2024-07-07,3,1,,packaging,1
R00660,H00479,B11,P007,2024-07-07,5,1,ingredients,,1
R00661,H00486,B17,P007,2024-07-07,2,0,,price,0
R00662,H00490,B01,P007,2024-07-07,5,1,can design,,1
R00663,H00162,B11,,2024-07-08,2,0,,taste,0
R00664,H00404,B19,,2024-07-08,3,1,portability,,0
R00665,H00420,B05,,2024-07-08,3,1,,seasoning,1
R00666,H00434,B02,,2024-07-08,4,1,refreshing,,1
R00667,H00451,B13,P007,2024-07-08,3,1,,heat,1
R00668,H00455,B05,P007,2024-07-08,4,1,crunch,,1
R00669,H00463,B11,P007,2024-07-08,5,1,taste,,0
R00670,H00465,B05,P007,2024-07-08,4,0,saltiness,,1
R00671,H00469,B13,P007,2024-07-08,3,0,,jar size,0
R00672,H00478,B11,P007,2024-07-08,5,1,packaging,,0
R00673,H00482,B05,P007,2024-07-08,3,0,seasoning,,1
R00674,H00483,B11,P007,2024-07-08,3,0,packaging,,0
R00675,H00489,B17,P007,2024-07-08,3,1,,ingredients,1
R00676,H00490,B11,P007,2024-07-08,3,0,,taste,0
R00677,H00496,B17,P007,2024-07-08,3,0,ingredients,,0
R00678,H00497,B01,P007,2024-07-08,4,1,fizz,,1
R00679,H00502,B05,,2024-07-08,3,0,price,,0
R00680,H00451,B01,P007,2024-07-09,5,1,refreshing,,1
R00681,H00454,B05,P007,2024-07-09,4,0,crunch,price,1
R00682,H00457,B17,P007,2024-07-09,4,1,energy boost,taste,1
R00683,H00458,B17,P007,2024-07-09,4,1,ingredients,,0
R00684,H00459,B11,P007,2024-07-09,4,0,price,sweetness,0
R00685,H00461,B05,P007,2024-07-09,3,0,seasoning,,1
R00686,H00473,B01,P007,2024-07-09,4,1,price,fizz,1
R00687,H00475,B01,P007,2024-07-09,4,1,sweetness,,1
R00688,H00478,B01,P007,2024-07-09,4,0,aftertaste,,1
R00689,H00481,B05,P007,2024-07-09,3,0,,packaging,1
R00690,H00485,B17,P007,2024-07-09,3,0,,taste,1
R00691,H00488,B11,P007,2024-07-09,2,0,,taste,1
R00692,H00205,B20,,2024-07-10,3,1,ingredients,,0
R00693,H00253,B06,,2024-07-10,4,1,seasoning,,0
R00694,H00410,B12,,2024-07-10,4,1,texture,packaging,1
R00695,H00456,B17,P007,2024-07-10,3,0,,taste,0
R00696,H00457,B01,P007,2024-07-10,4,1,taste,,1
R00697,H00459,B17,P007,2024-07-10,3,0,,energy boost,1
R00698,H00467,B17,P007,2024-07-10,5,1,taste,,1
R00699,H00469,B05,P007,2024-07-10,4,1,price,,1
R00700,H00471,B13,P007,2024-07-10,4,0,price,,0
R00701,H00472,B05,P007,2024-07-10,3,0,saltiness,,1
R00702,H00472,B17,P007,2024-07-10,3,0,,taste,1
R00703,H00476,B11,P007,2024-07-10,5,1,taste,,1
R00704,H00480,B01,P007,2024-07-10,5,1,aftertaste,,1
R00705,H00482,B17,P007,2024-07-10,4,0,ingredients,,1
R00706,H00488,B01,P007,2024-07-10,4,0,refreshing,,1
R00707,H00495,B13,P007,2024-07-10,4,1,jar size,,0
R00708,H00496,B13,P007,2024-07-10,4,1,flavour depth,,1
R00709,H00062,B14,,2024-07-11,5,1,jar size,,1
R00710,H00168,B02,,2024-07-11,3,0,taste,,0
R00711,H00192,B11,,2024-07-11,5,1,packaging,,0
R00712,H00474,B04,,2024-07-11,5,1,price,,1
R00713,H00506,B04,,2024-07-11,4,1,aftertaste,,0
R00714,H00122,B09,,2024-07-12,3,0,,taste,0
R00715,H00320,B03,,2024-07-12,4,0,aftertaste,price,1
R00716,H00344,B05,,2024-07-12,3,0,,packaging,1
R00717,H00132,B04,,2024-07-13,3,0,fizz,,0
R00718,H00143,B11,,2024-07-13,5,1,price,,1
R00719,H00220,B02,,2024-07-14,4,1,refreshing,,1
R00720,H00381,B12,,2024-07-14,3,0,texture,,0
R00721,H00018,B13,,2024-07-15,4,1,versatility,,1
R00722,H00144,B15,,2024-07-15,3,1,,heat,0
R00723,H00186,B19,,2024-07-15,3,1,price,,1
R00724,H00483,B06,,2024-07-15,5,1,saltiness,,1
R00725,H00118,B03,,2024-07-16,5,1,aftertaste,,1
R00726,H00005,B10,,2024-07-17,5,1,ingredients,,1
R00727,H00031,B15,,2024-07-17,3,0,price,,0
R00728,H00039,B12,,2024-07-17,2,0,,price,0
R00729,H00184,B18,,2024-07-17,5,1,texture,,1
R00730,H00264,B06,,2024-07-17,5,1,saltiness,,1
R00731,H00003,B15,,2024-07-18,5,1,heat,texture,1
R00732,H00067,B18,,2024-07-18,3,1,,ingredients,0
R00733,H00249,B13,,2024-07-18,4,1,heat,price,0
R00734,H00265,B20,,2024-07-18,4,1,price,,1
R00735,H00359,B05,,2024-07-18,5,1,crunch,,1
R00736,H00433,B10,,2024-07-18,4,1,taste,,0
R00737,H00308,B18,,2024-07-19,5,1,energy boost,,1
R00738,H00458,B13,,2024-07-19,3,1,price,,1
R00739,H00390,B14,,2024-07-20,5,1,heat,,1
R00740,H00144,B04,,2024-07-21,3,0,price,,0
R00741,H00234,B06,,2024-07-22,4,1,seasoning,,0
R00742,H00069,B20,,2024-07-23,4,0,energy boost,,1
R00743,H00083,B09,,2024-07-23,4,1,sweetness,,0
R00744,H00165,B17,,2024-07-23,3,0,,energy boost,1
R00745,H00281,B19,,2024-07-23,4,1,portability,,1
R00746,H00227,B12,,2024-07-24,4,1,taste,ingredients,0
R00747,H00361,B02,,2024-07-24,4,1,sweetness,,0
R00748,H00427,B11,,2024-07-24,5,1,taste,sweetness,1
R00749,H00056,B03,,2024-07-25,5,1,aftertaste,,1
R00750,H00326,B08,,2024-07-25,4,1,crunch,packaging,1
R00751,H00345,B12,,2024-07-25,2,0,,sweetness,0
R00752,H00014,B19,,2024-07-26,5,0,texture,,1
R00753,H00253,B01,,2024-07-26,4,1,sweetness,,1
R00754,H00352,B09,,2024-07-26,4,1,taste,,1
R00755,H00002,B01,,2024-07-27,5,1,fizz,,1
R00756,H00375,B12,,2024-07-27,3,0,,price,0
R00757,H00517,B14,,2024-07-27,4,1,versatility,,0
R00758,H00008,B06,,2024-07-28,4,1,packaging,crunch,0
R00759,H00017,B07,,2024-07-28,3,0,,portion size,1
R00760,H00127,B10,,2024-07-28,5,1,texture,,1
R00761,H00135,B20,,2024-07-28,5,1,energy boost,,1
R00762,H00187,B15,,2024-07-28,4,1,heat,,1
R00763,H00438,B07,,2024-07-28,2,0,,portion size,0
R00764,H00502,B16,,2024-07-28,5,1,jar size,,0
R00765,H00058,B10,,2024-07-29,4,1,texture,,1
R00766,H00383,B10,,2024-07-29,4,1,sweetness,,0
R00767,H00253,B15,,2024-07-30,5,1,texture,,1
R00768,H00419,B06,,2024-07-30,4,0,saltiness,,1
R00769,H00082,B13,,2024-07-31,4,1,price,,0
R00770,H00153,B13,,2024-07-31,4,1,texture,price,1
R00771,H00559,B11,P008,2024-07-31,5,1,sweetness,,1
R00772,H00561,B11,P008,2024-07-31,5,1,price,,1
R00773,H00571,B11,P008,2024-07-31,5,1,price,,0
R00774,H00573,B01,P008,2024-07-31,5,1,refreshing,,1
R00775,H00577,B05,P008,2024-07-31,4,0,crunch,,1
R00776,H00580,B01,P008,2024-07-31,5,1,can design,,1
R00777,H00581,B01,P008,2024-07-31,4,1,price,,1
R00778,H00582,B13,P008,2024-07-31,3,0,,texture,1
R00779,H00587,B17,P008,2024-07-31,3,1,energy boost,,0
R00780,H00207,B14,,2024-08-01,2,0,flavour depth,heat,0
R00781,H00243,B06,,2024-08-01,3,1,seasoning,,1
R00782,H00559,B05,P008,2024-08-01,5,1,packaging,,1
R00783,H00562,B05,P008,2024-08-01,5,1,price,,1
R00784,H00564,B17,P008,2024-08-01,5,1,energy boost,,1
R00785,H00565,B17,P008,2024-08-01,3,0,ingredients,,1
R00786,H00567,B11,P008,2024-08-01,5,1,sweetness,,0
R00787,H00568,B05,P008,2024-08-01,4,1,packaging,,0
R00788,H00570,B17,P008,2024-08-01,3,0,,taste,0
R00789,H00575,B11,P008,2024-08-01,5,0,sweetness,,1
R00790,H00575,B13,P008,2024-08-01,5,1,flavour depth,versatility,0
R00791,H00576,B17,P008,2024-08-01,4,0,texture,,0
R00792,H00580,B05,P008,2024-08-01,3,0,price,,1
R00793,H00583,B01,P008,2024-08-01,5,1,refreshing,,1
R00794,H00051,B04,,2024-08-02,4,0,refreshing,,1
R00795,H00429,B05,,2024-08-02,5,1,seasoning,,1
R00796,H00541,B20,,2024-08-02,3,0,,taste,0
R00797,H00564,B13,P008,2024-08-02,3,1,jar size,,0
R00798,H00568,B01,P008,2024-08-02,5,1,aftertaste,,1
R00799,H00570,B11,P008,2024-08-02,5,1,taste,,0
R00800,H00574,B05,P008,2024-08-02,2,0,,portion size,1
R00801,H00575,B19,,2024-08-02,2,0,,ingredients,0
R00802,H00577,B01,P008,2024-08-02,3,1,,refreshing,1
R00803,H00577,B13,P008,2024-08-02,4,0,heat,,1
R00804,H00587,B01,P008,2024-08-02,5,1,refreshing,,0
R00805,H00276,B13,,2024-08-03,4,1,versatility,,1
R00806,H00395,B19,,2024-08-03,5,1,taste,,1
R00807,H00400,B09,,2024-08-03,3,0,sweetness,,1
R00808,H00567,B17,P008,2024-08-03,3,1,,price,1
R00809,H00571,B05,P008,2024-08-03,4,1,portion size,packaging,1
R00810,H00572,B05,P008,2024-08-03,4,0,seasoning,,1
R00811,H00572,B13,P008,2024-08-03,4,1,jar size,,1
R00812,H00576,B05,P008,2024-08-03,5,1,packaging,saltiness,0
R00813,H00583,B11,P008,2024-08-03,5,1,ingredients,,1
R00814,H00588,B13,P008,2024-08-03,4,1,heat,,0
R00815,H00589,B17,P008,2024-08-03,4,1,ingredients,,1
R00816,H00172,B08,,2024-08-04,4,1,portion size,,1
R00817,H00207,B12,,2024-08-04,3,0,,texture,0
R00818,H00304,B10,,2024-08-04,5,1,texture,,0
R00819,H00404,B14,,2024-08-04,4,1,versatility,jar size,1
R00820,H00406,B12,,2024-08-04,3,0,texture,,0
R00821,H00559,B01,P008,2024-08-04,4,1,sweetness,,1
R00822,H00562,B01,P008,2024-08-04,3,1,,sweetness,1
R00823,H00569,B01,P008,2024-08-04,4,0,fizz,refreshing,1
R00824,H00574,B17,P008,2024-08-04,4,1,energy boost,,1
R00825,H00576,B01,P008,2024-08-04,3,1,can design,,1
R00826,H00580,B17,P008,2024-08-04,4,1,portability,,1
R00827,H00582,B17,P008,2024-08-04,4,1,taste,,1
R00828,H00587,B13,P008,2024-08-04,4,1,versatility,heat,0
R00829,H00603,B19,P009,2024-08-04,4,1,portability,,0
R00830,H00605,B07,P009,2024-08-04,4,1,seasoning,,1
R00831,H00607,B07,P009,2024-08-04,5,1,portion size,,0
R00832,H00612,B06,P009,2024-08-04,3,1,packaging,,0
R00833,H00613,B06,P009,2024-08-04,5,1,crunch,,1
R00834,H00631,B19,P009,2024-08-04,4,1,taste,,1
R00835,H00640,B04,P009,2024-08-04,5,1,fizz,,0
R00836,H00640,B07,P009,2024-08-04,4,1,price,,0
R00837,H00641,B04,P009,2024-08-04,4,1,price,,1
R00838,H00641,B07,P009,2024-08-04,4,1,seasoning,,1
R00839,H00648,B19,P009,2024-08-04,4,1,taste,,1
R00840,H00653,B19,P009,2024-08-04,3,0,,portability,0
R00841,H00656,B19,P009,2024-08-04,4,1,taste,portability,1
R00842,H00342,B07,,2024-08-05,4,0,portion size,,0
R00843,H00560,B13,P008,2024-08-05,3,0,jar size,,0
R00844,H00566,B17,P008,2024-08-05,4,1,taste,,1
R00845,H00575,B01,P008,2024-08-05,5,1,can design,,1
R00846,H00577,B17,P008,2024-08-05,4,1,taste,,1
R00847,H00581,B13,P008,2024-08-05,4,0,jar size,,0
R00848,H00582,B11,P008,2024-08-05,2,0,,taste,0
R00849,H00586,B13,P008,2024-08-05,4,1,versatility,,1
R00850,H00588,B17,P008,2024-08-05,5,1,taste,portability,1
R00851,H00590,B17,P008,2024-08-05,4,1,taste,texture,1
R00852,H00592,B02,,2024-08-05,3,0,aftertaste,,1
R00853,H00606,B01,P009,2024-08-05,5,1,fizz,,1
R00854,H00611,B04,P009,2024-08-05,5,1,sweetness,,0
R00855,H00612,B01,P009,2024-08-05,5,1,sweetness,,1
R00856,H00620,B07,P009,2024-08-05,5,1,crunch,,1
R00857,H00626,B06,P009,2024-08-05,5,1,crunch,packaging,1
R00858,H00629,B06,P009,2024-08-05,4,1,saltiness,,1
R00859,H00630,B04,P009,2024-08-05,4,1,sweetness,,0
R00860,H00630,B07,P009,2024-08-05,4,0,saltiness,,0
R00861,H00637,B04,P009,2024-08-05,4,1,taste,,1
R00862,H00643,B04,P009,2024-08-05,2,0,,taste,0
R00863,H00652,B06,P009,2024-08-05,4,0,price,portion size,1
R00864,H00658,B06,P009,2024-08-05,5,1,packaging,,1
R00865,H00064,B03,,2024-08-06,4,0,can design,,1
R00866,H00112,B02,,2024-08-06,4,1,taste,,1
R00867,H00243,B07,,2024-08-06,4,1,saltiness,,1
R00868,H00351,B10,,2024-08-06,5,1,packaging,sweetness,1
R00869,H00386,B10,,2024-08-06,4,1,taste,texture,1
R00870,H00559,B13,P008,2024-08-06,4,0,flavour depth,price,0
R00871,H00561,B13,P008,2024-08-06,4,1,heat,,0
R00872,H00562,B17,P008,2024-08-06,4,1,portability,,1
R00873,H00563,B11,P008,2024-08-06,4,0,taste,texture,1
R00874,H00572,B17,P008,2024-08-06,5,1,texture,taste,1
R00875,H00575,B05,P008,2024-08-06,4,1,crunch,,1
R00876,H00578,B01,P008,2024-08-06,4,0,sweetness,,1
R00877,H00581,B05,P008,2024-08-06,5,1,price,,1
R00878,H00583,B05,P008,2024-08-06,1,0,,portion size,1
R00879,H00584,B11,P008,2024-08-06,4,0,texture,price,0
R00880,H00586,B17,P008,2024-08-06,3,0,,ingredients,1
R00881,H00589,B08,,2024-08-06,4,0,saltiness,,0
R00882,H00620,B04,P009,2024-08-06,3,0,,fizz,1
R00883,H00626,B07,P009,2024-08-06,4,0,price,,0
R00884,H00630,B19,P009,2024-08-06,2,0,,portability,0
R00885,H00631,B02,,2024-08-06,5,0,can design,,1
R00886,H00633,B01,P009,2024-08-06,5,1,refreshing,,1
R00887,H00633,B06,P009,2024-08-06,5,0,saltiness,,1
R00888,H00637,B06,P009,2024-08-06,3,1,,saltiness,0
R00889,H00643,B01,P009,2024-08-06,5,1,price,,0
R00890,H00643,B07,P009,2024-08-06,5,1,portion size,,0
R00891,H00645,B07,P009,2024-08-06,5,1,saltiness,packaging,0
R00892,H00650,B04,P009,2024-08-06,4,1,can design,,1
R00893,H00652,B04,P009,2024-08-06,3,1,sweetness,,0
R00894,H00654,B01,P009,2024-08-06,5,1,price,,1
R00895,H00005,B02,,2024-08-07,4,1,price,,0
R00896,H00154,B10,,2024-08-07,4,1,taste,,0
R00897,H00278,B18,,2024-08-07,2,0,,ingredients,0
R00898,H00558,B01,P008,2024-08-07,4,1,aftertaste,,1
R00899,H00564,B01,P008,2024-08-07,5,0,sweetness,,1
R00900,H00564,B11,P008,2024-08-07,5,1,ingredients,,1
R00901,H00566,B05,P008,2024-08-07,3,0,saltiness,,1
R00902,H00573,B11,P008,2024-08-07,4,1,texture,,1
R00903,H00576,B13,P008,2024-08-07,3,1,,flavour depth,1
R00904,H00579,B17,P008,2024-08-07,4,0,price,energy boost,1
R00905,H00590,B05,P008,2024-08-07,4,1,packaging,,1
R00906,H00609,B07,P009,2024-08-07,4,1,portion size,,0
R00907,H00613,B19,P009,2024-08-07,3,1,,texture,1
R00908,H00614,B19,P009,2024-08-07,4,1,ingredients,,1
R00909,H00615,B01,P009,2024-08-07,2,0,,sweetness,1
R00910,H00615,B19,P009,2024-08-07,4,1,portability,,1
R00911,H00616,B07,P009,2024-08-07,4,1,crunch,,0
R00912,H00619,B06,P009,2024-08-07,3,0,portion size,,1
R00913,H00628,B01,P009,2024-08-07,4,1,sweetness,,1
R00914,H00629,B01,P009,2024-08-07,5,1,aftertaste,,1
R00915,H00635,B01,P009,2024-08-07,4,1,can design,,1
R00916,H00636,B06,P009,2024-08-07,4,1,packaging,,0
R00917,H00636,B07,P009,2024-08-07,5,1,saltiness,,1
R00918,H00639,B04,P009,2024-08-07,5,1,aftertaste,,1
R00919,H00643,B06,P009,2024-08-07,5,1,crunch,,1
R00920,H00646,B06,P009,2024-08-07,4,1,price,crunch,1
R00921,H00647,B01,P009,2024-08-07,4,0,sweetness,,1
R00922,H00647,B07,P009,2024-08-07,4,1,portion size,,0
R00923,H00649,B04,P009,2024-08-07,5,1,taste,,0
R00924,H00650,B19,P009,2024-08-07,3,0,portability,,1
R00925,H00652,B07,P009,2024-08-07,4,0,portion size,,0
R00926,H00653,B01,P009,2024-08-07,5,0,aftertaste,,1
R00927,H00654,B04,P009,2024-08-07,5,1,aftertaste,sweetness,0
R00928,H00042,B04,,2024-08-08,4,0,sweetness,,1
R00929,H00111,B18,,2024-08-08,4,1,texture,portability,0
R00930,H00187,B14,,2024-08-08,5,1,flavour depth,,1
R00931,H00222,B12,,2024-08-08,3,1,,ingredients,0
R00932,H00602,B07,P009,2024-08-08,2,1,seasoning,price,1
R00933,H00603,B07,P009,2024-08-08,5,1,seasoning,,0
R00934,H00608,B06,P009,2024-08-08,4,0,saltiness,,1
R00935,H00608,B07,P009,2024-08-08,4,1,saltiness,,1
R00936,H00612,B07,P009,2024-08-08,5,1,saltiness,,1
R00937,H00619,B07,P009,2024-08-08,4,1,price,saltiness,0
R00938,H00623,B07,P009,2024-08-08,2,0,,portion size,0
R00939,H00624,B04,P009,2024-08-08,5,1,taste,,0
R00940,H00627,B01,P009,2024-08-08,5,0,taste,,1
R00941,H00627,B19,P009,2024-08-08,1,0,,texture,0
R00942,H00632,B07,P009,2024-08-08,4,1,price,,1
R00943,H00637,B01,P009,2024-08-08,4,1,price,,1
R00944,H00638,B04,P009,2024-08-08,4,0,refreshing,sweetness,0
R00945,H00644,B04,P009,2024-08-08,4,1,refreshing,,1
R00946,H00645,B06,P009,2024-08-08,5,1,crunch,,1
R00947,H00650,B01,P009,2024-08-08,4,1,price,,1
R00948,H00082,B03,,2024-08-09,3,1,,refreshing,1
R00949,H00277,B11,,2024-08-09,5,1,packaging,,1
R00950,H00281,B15,,2024-08-09,3,0,,texture,0
R00951,H00362,B19,,2024-08-09,5,1,portability,ingredients,1
R00952,H00602,B01,P009,2024-08-09,5,1,price,fizz,1
R00953,H00607,B19,P009,2024-08-09,5,1,taste,,1
R00954,H00608,B04,P009,2024-08-09,5,1,can design,taste,1
R00955,H00609,B04,P009,2024-08-09,5,0,can design,,0
R00956,H00609,B19,P009,2024-08-09,2,0,,portability,0
R00957,H00618,B19,P009,2024-08-09,3,1,ingredients,,1
R00958,H00622,B06,P009,2024-08-09,4,1,crunch,,0
R00959,H00623,B04,P009,2024-08-09,3,0,,fizz,0
R00960,H00623,B06,P009,2024-08-09,4,1,packaging,,1
R00961,H00624,B19,P009,2024-08-09,3,0,price,,0
R00962,H00638,B19,P009,2024-08-09,5,0,price,ingredients,0
R00963,H00639,B01,P009,2024-08-09,5,1,taste,,1
R00964,H00652,B01,P009,2024-08-09,5,1,taste,,1
R00965,H00655,B04,P009,2024-08-09,5,1,price,taste,1
R00966,H00656,B06,P009,2024-08-09,5,1,crunch,,1
R00967,H00311,B04,,2024-08-10,4,1,price,,1
R00968,H00336,B03,,2024-08-10,4,1,refreshing,,1
R00969,H00604,B04,P009,2024-08-10,4,0,taste,,0
R00970,H00605,B04,P009,2024-08-10,3,1,sweetness,,1
R00971,H00611,B01,P009,2024-08-10,5,1,aftertaste,,0
R00972,H00616,B01,P009,2024-08-10,5,1,price,taste,0
R00973,H00627,B04,P009,2024-08-10,5,1,taste,,1
R00974,H00631,B01,P009,2024-08-10,5,1,fizz,,1
R00975,H00632,B04,P009,2024-08-10,5,1,can design,,1
R00976,H00634,B04,P009,2024-08-10,5,1,aftertaste,fizz,0
R00977,H00635,B04,P009,2024-08-10,3,0,refreshing,,0
R00978,H00641,B01,P009,2024-08-10,5,0,aftertaste,,1
R00979,H00644,B01,P009,2024-08-10,5,1,aftertaste,,1
R00980,H00645,B04,P009,2024-08-10,5,1,price,,0
R00981,H00650,B07,P009,2024-08-10,5,1,saltiness,,1
R00982,H00658,B19,P009,2024-08-10,3,1,,ingredients,0
R00983,H00672,B01,P010,2024-08-10,5,1,price,,1
R00984,H00677,B01,P010,2024-08-10,5,1,price,,1
R00985,H00677,B17,P010,2024-08-10,4,1,ingredients,,1
R00986,H00678,B01,P010,2024-08-10,5,1,aftertaste,,1
R00987,H00683,B11,P010,2024-08-10,4,0,taste,,1
R00988,H00685,B11,P010,2024-08-10,5,1,sweetness,,1
R00989,H00687,B01,P010,2024-08-10,5,1,aftertaste,,1
R00990,H00693,B11,P010,2024-08-10,3,0,taste,,0
R00991,H00708,B11,P010,2024-08-10,4,1,ingredients,,0
R00992,H00711,B01,P010,2024-08-10,5,1,sweetness,,1
R00993,H00711,B05,P010,2024-08-10,5,1,saltiness,,1
R00994,H00711,B13,P010,2024-08-10,5,1,versatility,,1
R00995,H00719,B13,P010,2024-08-10,5,1,flavour depth,,1
R00996,H00723,B01,P010,2024-08-10,5,1,fizz,,0
R00997,H00724,B01,P010,2024-08-10,4,1,taste,,1
R00998,H00725,B11,P010,2024-08-10,3,0,price,,0
R00999,H00727,B05,P010,2024-08-10,5,1,seasoning,,1
R01000,H00220,B19,,2024-08-11,4,1,ingredients,,1
R01001,H00449,B16,,2024-08-11,3,1,,versatility,1
R01002,H00613,B04,P009,2024-08-11,4,1,price,,1
R01003,H00618,B06,P009,2024-08-11,3,0,,saltiness,1
R01004,H00619,B19,P009,2024-08-11,5,1,ingredients,,0
R01005,H00622,B07,P009,2024-08-11,4,1,crunch,,1
R01006,H00624,B06,P009,2024-08-11,4,1,seasoning,,1
R01007,H00628,B06,P009,2024-08-11,3,0,price,,1
R01008,H00631,B06,P009,2024-08-11,4,1,seasoning,portion size,1
R01009,H00632,B06,P009,2024-08-11,3,1,,portion size,0
R01010,H00635,B06,P009,2024-08-11,5,1,saltiness,,1
R01011,H00635,B07,P009,2024-08-11,4,0,seasoning,,0
R01012,H00637,B19,P009,2024-08-11,4,1,texture,,0
R01013,H00640,B19,P009,2024-08-11,4,1,price,,0
R01014,H00641,B06,P009,2024-08-11,4,1,portion size,,1
R01015,H00645,B01,P009,2024-08-11,5,1,sweetness,,1
R01016,H00646,B04,P009,2024-08-11,5,1,can design,,1
R01017,H00648,B06,P009,2024-08-11,5,1,crunch,,1
R01018,H00653,B07,P009,2024-08-11,4,1,seasoning,,1
R01019,H00670,B01,P010,2024-08-11,4,1,refreshing,sweetness,1
R01020,H00670,B11,P010,2024-08-11,4,0,packaging,,0
R01021,H00671,B11,P010,2024-08-11,3,1,packaging,,0
R01022,H00685,B05,P010,2024-08-11,3,0,seasoning,,1
R01023,H00687,B05,P010,2024-08-11,2,0,,packaging,1
R01024,H00688,B06,,2024-08-11,3,1,,seasoning,1
R01025,H00691,B05,P010,2024-08-11,3,0,,packaging,0
R01026,H00694,B01,P010,2024-08-11,4,1,can design,,1
R01027,H00697,B01,P010,2024-08-11,5,1,refreshing,aftertaste,1
R01028,H00697,B17,P010,2024-08-11,4,1,taste,,1
R01029,H00698,B13,P010,2024-08-11,5,1,versatility,,1
R01030,H00708,B05,P010,2024-08-11,3,1,,portion size,0
R01031,H00709,B13,P010,2024-08-11,2,0,,heat,1
R01032,H00710,B05,P010,2024-08-11,3,1,,saltiness,1
R01033,H00712,B11,P010,2024-08-11,3,0,,sweetness,0
R01034,H00714,B01,P010,2024-08-11,4,1,fizz,,0
R01035,H00086,B06,,2024-08-12,4,0,crunch,packaging,1
R01036,H00316,B06,,2024-08-12,5,1,price,,1
R01037,H00568,B12,,2024-08-12,3,0,,sweetness,0
R01038,H00670,B17,P010,2024-08-12,3,0,,energy boost,1
R01039,H00674,B01,P010,2024-08-12,5,1,refreshing,,1
R01040,H00675,B04,,2024-08-12,4,1,taste,can design,0
R01041,H00677,B11,P010,2024-08-12,5,1,packaging,,0
R01042,H00682,B01,P010,2024-08-12,5,1,price,,1
R01043,H00690,B11,P010,2024-08-12,3,0,,packaging,0
R01044,H00694,B13,P010,2024-08-12,4,1,price,,1
R01045,H00703,B17,P010,2024-08-12,4,1,price,,1
R01046,H00705,B01,P010,2024-08-12,4,1,taste,,0
R01047,H00710,B17,P010,2024-08-12,3,1,price,,0
R01048,H00712,B01,P010,2024-08-12,4,1,can design,,1
R01049,H00714,B11,P010,2024-08-12,4,1,packaging,,0
R01050,H00717,B01,P010,2024-08-12,3,0,,taste,0
R01051,H00719,B11,P010,2024-08-12,5,1,texture,taste,0
R01052,H00720,B13,P010,2024-08-12,4,0,flavour depth,,0
R01053,H00541,B17,,2024-08-13,4,0,portability,ingredients,0
R01054,H00671,B01,P010,2024-08-13,5,1,aftertaste,,1
R01055,H00672,B05,P010,2024-08-13,4,1,price,,1
R01056,H00673,B13,P010,2024-08-13,3,0,flavour depth,,1
R01057,H00674,B13,P010,2024-08-13,4,1,flavour depth,,1
R01058,H00676,B11,P010,2024-08-13,3,1,,texture,0
R01059,H00680,B01,P010,2024-08-13,4,0,fizz,,1
R01060,H00683,B05,P010,2024-08-13,3,1,,price,1
R01061,H00691,B11,P010,2024-08-13,4,1,taste,,0
R01062,H00703,B01,P010,2024-08-13,3,1,,aftertaste,1
R01063,H00711,B17,P010,2024-08-13,5,1,energy boost,,1
R01064,H00712,B13,P010,2024-08-13,5,1,jar size,,1
R01065,H00713,B01,P010,2024-08-13,3,0,,fizz,1
R01066,H00713,B13,P010,2024-08-13,4,1,versatility,,0
R01067,H00714,B05,P010,2024-08-13,4,1,packaging,saltiness,0
R01068,H00719,B01,P010,2024-08-13,4,0,aftertaste,,1
R01069,H00720,B11,P010,2024-08-13,3,0,,packaging,1
R01070,H00289,B06,,2024-08-14,3,1,,saltiness,0
R01071,H00319,B04,,2024-08-14,4,1,can design,,1
R01072,H00670,B05,P010,2024-08-14,5,1,crunch,,1
R01073,H00671,B13,P010,2024-08-14,4,1,jar size,,1
R01074,H00674,B11,P010,2024-08-14,5,1,taste,,0
R01075,H00675,B17,P010,2024-08-14,2,0,portability,taste,1
R01076,H00678,B05,P010,2024-08-14,4,1,crunch,,0
R01077,H00685,B01,P010,2024-08-14,5,1,fizz,,1
R01078,H00685,B13,P010,2024-08-14,5,1,flavour depth,,0
R01079,H00687,B17,P010,2024-08-14,3,0,,taste,1
R01080,H00692,B01,P010,2024-08-14,4,0,price,,1
R01081,H00705,B13,P010,2024-08-14,2,0,,versatility,0
R01082,H00707,B11,P010,2024-08-14,4,1,sweetness,,0
R01083,H00709,B01,P010,2024-08-14,5,1,sweetness,,1
R01084,H00716,B13,P010,2024-08-14,4,0,heat,,0
R01085,H00718,B05,P010,2024-08-14,4,1,price,,1
R01086,H00726,B17,,2024-08-14,4,0,energy boost,,1
R01087,H00079,B11,,2024-08-15,4,0,price,packaging,1
R01088,H00327,B01,,2024-08-15,3,0,,can design,1
R01089,H00578,B15,,2024-08-15,3,1,flavour depth,,0
R01090,H00678,B11,P010,2024-08-15,4,1,sweetness,,0
R01091,H00679,B13,P010,2024-08-15,4,1,versatility,,0
R01092,H00681,B11,P010,2024-08-15,4,1,ingredients,,1
R01093,H00684,B13,P010,2024-08-15,5,1,price,,0
R01094,H00686,B01,P010,2024-08-15,3,1,taste,,1
R01095,H00689,B01,P010,2024-08-15,5,1,aftertaste,,0
R01096,H00690,B05,P010,2024-08-15,3,1,,portion size,0
R01097,H00691,B17,P010,2024-08-15,5,1,energy boost,taste,1
R01098,H00696,B05,P010,2024-08-15,3,0,packaging,,1
R01099,H00700,B11,P010,2024-08-15,5,1,price,,0
R01100,H00701,B17,P010,2024-08-15,4,1,taste,,0
R01101,H00702,B13,P010,2024-08-15,3,0,flavour depth,,0
R01102,H00703,B11,P010,2024-08-15,4,1,texture,taste,0
R01103,H00706,B01,P010,2024-08-15,4,0,sweetness,,0
R01104,H00708,B17,P010,2024-08-15,5,1,taste,,0
R01105,H00712,B17,P010,2024-08-15,3,1,,texture,1
R01106,H00720,B17,P010,2024-08-15,3,0,,ingredients,1
R01107,H00723,B05,P010,2024-08-15,3,1,,crunch,1
R01108,H00725,B15,,2024-08-15,3,0,price,,1
R01109,H00741,B14,,2024-08-15,4,0,jar size,heat,1
R01110,H00217,B14,,2024-08-16,4,0,versatility,heat,1
R01111,H00277,B07,,2024-08-16,3,1,,seasoning,0
R01112,H00673,B11,P010,2024-08-16,4,1,ingredients,,0
R01113,H00674,B05,P010,2024-08-16,5,1,packaging,,0
R01114,H00679,B01,P010,2024-08-16,5,1,refreshing,,0
R01115,H00679,B11,P010,2024-08-16,3,0,packaging,,1
R01116,H00683,B13,P010,2024-08-16,3,0,versatility,,0
R01117,H00685,B17,P010,2024-08-16,4,1,energy boost,price,1
R01118,H00690,B13,P010,2024-08-16,3,1,,flavour depth,1
R01119,H00698,B01,P010,2024-08-16,5,1,fizz,,1
R01120,H00708,B13,P010,2024-08-16,4,1,heat,,1
R01121,H00710,B01,P010,2024-08-16,5,0,sweetness,,0
R01122,H00710,B13,P010,2024-08-16,4,1,texture,,0
R01123,H00724,B13,P010,2024-08-16,4,1,heat,,1
R01124,H00726,B01,P010,2024-08-16,5,1,can design,aftertaste,1
R01125,H00727,B13,P010,2024-08-16,3,0,,versatility,0
R01126,H00006,B04,,2024-08-17,4,0,price,,1
R01127,H00046,B12,,2024-08-17,2,0,,texture,0
R01128,H00096,B14,,2024-08-17,3,1,,jar size,0
R01129,H00253,B19,,2024-08-17,4,1,price,,0
R01130,H00675,B11,P010,2024-08-17,3,1,price,,0
R01131,H00676,B13,P010,2024-08-17,4,1,texture,flavour depth,1
R01132,H00677,B09,,2024-08-17,3,0,,packaging,1
R01133,H00679,B17,P010,2024-08-17,3,0,,texture,0
R01134,H00681,B17,P010,2024-08-17,5,1,taste,texture,0
R01135,H00684,B17,P010,2024-08-17,3,1,ingredients,,0
R01136,H00689,B05,P010,2024-08-17,4,1,saltiness,,1
R01137,H00692,B05,P010,2024-08-17,4,1,seasoning,,0
R01138,H00692,B11,P010,2024-08-17,3,0,price,,0
R01139,H00696,B01,P010,2024-08-17,3,0,,fizz,0
R01140,H00706,B05,P010,2024-08-17,4,1,price,,1
R01141,H00706,B17,P010,2024-08-17,4,1,ingredients,,0
R01142,H00707,B05,P010,2024-08-17,4,0,packaging,,1
R01143,H00707,B13,P010,2024-08-17,3,1,price,,1
R01144,H00715,B05,P010,2024-08-17,4,0,seasoning,,1
R01145,H00715,B17,P010,2024-08-17,4,1,taste,,0
R01146,H00725,B05,P010,2024-08-17,2,0,,portion size,0
R01147,H00319,B06,,2024-08-18,5,1,price,saltiness,1
R01148,H00403,B07,,2024-08-18,4,1,packaging,,1
R01149,H00654,B05,,2024-08-18,3,0,crunch,,1
R01150,H00025,B16,,2024-08-19,5,1,texture,,0
R01151,H00127,B06,,2024-08-19,3,0,,packaging,1
R01152,H00449,B08,,2024-08-19,5,1,crunch,,1
R01153,H00553,B01,,2024-08-19,5,1,fizz,,1
R01154,H00069,B16,,2024-08-20,4,1,jar size,,1
R01155,H00111,B08,,2024-08-20,5,1,price,,1
R01156,H00169,B01,,2024-08-20,3,0,sweetness,,0
R01157,H00252,B15,,2024-08-20,4,1,heat,,1
R01158,H00530,B04,,2024-08-20,5,1,price,,1
R01159,H00070,B08,,2024-08-21,5,1,price,,1
R01160,H00170,B09,,2024-08-21,4,1,texture,,1
R01161,H00117,B06,,2024-08-22,5,1,portion size,,1
R01162,H00402,B17,,2024-08-22,4,1,texture,,1
R01163,H00407,B14,,2024-08-22,2,0,,jar size,0
R01164,H00045,B17,,2024-08-23,4,1,taste,price,1
R01165,H00175,B18,,2024-08-23,3,0,,texture,1
R01166,H00494,B08,,2024-08-23,3,1,saltiness,,0
R01167,H00549,B09,,2024-08-23,5,1,price,,1
R01168,H00699,B14,,2024-08-23,4,1,versatility,,1
R01169,H00004,B09,,2024-08-24,5,1,sweetness,,1
R01170,H00229,B04,,2024-08-24,4,1,fizz,,1
R01171,H00280,B01,,2024-08-24,5,1,can design,,1
R01172,H00304,B18,,2024-08-24,3,1,,price,0
R01173,H00742,B14,,2024-08-24,4,1,flavour depth,,0
R01174,H00579,B08,,2024-08-25,4,1,packaging,,1
R01175,H00669,B05,,2024-08-25,3,1,,seasoning,1
R01176,H00674,B06,,2024-08-25,3,1,price,,0
R01177,H00650,B06,,2024-08-26,4,1,crunch,,1
R01178,H00174,B11,,2024-08-27,4,1,taste,,0
R01179,H00269,B12,,2024-08-27,3,1,packaging,,0
R01180,H00471,B18,,2024-08-27,5,1,texture,,1
R01181,H00550,B16,,2024-08-27,4,1,price,texture,1
R01182,H00557,B13,,2024-08-27,3,1,price,,0
R01183,H00664,B12,,2024-08-27,5,1,price,,0
R01184,H00673,B15,,2024-08-27,4,1,jar size,versatility,1
R01185,H00024,B19,,2024-08-28,5,1,texture,,1
R01186,H00189,B19,,2024-08-28,2,0,,taste,0
R01187,H00268,B12,,2024-08-28,5,1,sweetness,,1
R01188,H00549,B08,,2024-08-28,4,0,price,,1
R01189,H00622,B20,,2024-08-28,4,1,texture,,0
R01190,H00747,B09,,2024-08-28,4,1,packaging,,0
R01191,H00037,B12,,2024-08-29,2,0,ingredients,packaging,0
R01192,H00234,B03,,2024-08-29,3,1,sweetness,,0
R01193,H00235,B15,,2024-08-29,4,1,heat,,0
R01194,H00237,B04,,2024-08-29,5,0,sweetness,,1
R01195,H00401,B03,,2024-08-29,4,1,refreshing,,1
R01196,H00509,B10,,2024-08-29,4,1,price,,1
R01197,H00546,B17,,2024-08-29,3,1,portability,,1
R01198,H00609,B06,,2024-08-29,5,1,packaging,,1
R01199,H00717,B14,,2024-08-29,2,0,,versatility,0
R01200,H00082,B16,,2024-08-30,3,1,,heat,1
R01201,H00669,B03,,2024-08-30,4,1,sweetness,,1
R01202,H00699,B05,,2024-08-30,3,0,crunch,,0
R01203,H00128,B17,,2024-08-31,4,0,price,,1
R01204,H00505,B13,,2024-08-31,4,1,versatility,heat,1
R01205,H00655,B20,,2024-08-31,5,1,portability,,1
R01206,H00128,B02,,2024-09-01,5,1,refreshing,,1
R01207,H00180,B16,,2024-09-01,5,1,flavour depth,,1
R01208,H00340,B10,,2024-09-01,5,1,ingredients,,1
R01209,H00437,B03,,2024-09-01,3,0,aftertaste,,0
R01210,H00033,B04,,2024-09-02,3,1,,taste,1
R01211,H00183,B05,,2024-09-02,4,0,crunch,,1
R01212,H00578,B08,,2024-09-02,4,1,saltiness,price,1
R01213,H00317,B01,,2024-09-03,4,1,sweetness,,0
R01214,H00143,B12,,2024-09-04,4,0,taste,,0
R01215,H00162,B01,,2024-09-04,5,1,fizz,,1
R01216,H00204,B15,,2024-09-04,3,0,,heat,1
R01217,H00263,B09,,2024-09-04,4,1,texture,,1
R01218,H00383,B14,,2024-09-04,2,0,,price,0
R01219,H00125,B19,,2024-09-05,4,1,ingredients,,1
R01220,H00168,B06,,2024-09-05,5,1,price,,1
R01221,H00173,B08,,2024-09-05,5,1,packaging,,1
R01222,H00458,B14,,2024-09-05,5,1,jar size,,1
R01223,H00164,B06,,2024-09-06,4,1,portion size,,1
R01224,H00457,B16,,2024-09-06,4,1,flavour depth,,1
R01225,H00474,B10,,2024-09-06,4,1,ingredients,,0
R01226,H00567,B02,,2024-09-06,5,1,price,,1
R01227,H00568,B16,,2024-09-06,3,1,,heat,0
R01228,H00574,B12,,2024-09-06,4,1,sweetness,,0
R01229,H00231,B20,,2024-09-07,5,1,taste,ingredients,1
R01230,H00393,B10,,2024-09-07,3,0,price,,0
R01231,H00472,B06,,2024-09-07,4,1,seasoning,,1
R01232,H00501,B12,,2024-09-07,2,0,,taste,0
R01233,H00503,B01,,2024-09-07,4,1,taste,,0
R01234,H00505,B16,,2024-09-07,5,1,texture,price,1
R01235,H00522,B10,,2024-09-07,3,0,,sweetness,0
R01236,H00695,B10,,2024-09-07,2,0,,sweetness,0
R01237,H00092,B03,,2024-09-08,3,0,,sweetness,1
R01238,H00103,B01,,2024-09-08,5,1,refreshing,,1
R01239,H00087,B20,,2024-09-09,3,0,,taste,0
R01240,H00398,B05,,2024-09-09,3,1,price,,0
R01241,H00439,B18,,2024-09-09,2,0,,price,0
R01242,H00461,B12,,2024-09-09,5,1,taste,texture,1
R01243,H00528,B15,,2024-09-09,5,1,versatility,,1
R01244,H00585,B05,,2024-09-09,2,0,,price,1
R01245,H00607,B17,,2024-09-09,5,1,taste,,1
R01246,H00128,B18,,2024-09-10,5,1,price,,1
R01247,H00159,B06,,2024-09-10,5,1,price,crunch,1
R01248,H00279,B05,,2024-09-10,3,0,,portion size,1
R01249,H00288,B15,,2024-09-10,4,0,price,,1
R01250,H00331,B01,,2024-09-10,3,0,,refreshing,0
R01251,H00365,B12,,2024-09-10,4,0,taste,,1
R01252,H00403,B08,,2024-09-10,4,1,portion size,packaging,1
R01253,H00507,B03,,2024-09-10,5,1,price,,1
R01254,H00691,B08,,2024-09-10,3,1,packaging,,0
R01255,H00778,B14,,2024-09-10,5,1,texture,,1
R01256,H00461,B11,,2024-09-11,4,1,price,,1
R01257,H00743,B04,,2024-09-11,4,1,sweetness,,1
R01258,H00044,B19,,2024-09-12,3,0,energy boost,,0
R01259,H00199,B08,,2024-09-12,2,0,,portion size,0
R01260,H00356,B01,,2024-09-12,5,1,can design,,1
R01261,H00392,B19,,2024-09-12,5,1,ingredients,price,0
R01262,H00422,B07,,2024-09-12,4,0,crunch,saltiness,1
R01263,H00450,B19,,2024-09-12,4,1,texture,,1
R01264,H00519,B06,,2024-09-12,5,1,portion size,,1
R01265,H00557,B10,,2024-09-12,3,0,,ingredients,1
R01266,H00668,B11,,2024-09-12,4,1,ingredients,,0
R01267,H00006,B03,,2024-09-13,3,0,refreshing,,0
R01268,H00154,B19,,2024-09-13,4,1,price,,1
R01269,H00264,B16,,2024-09-13,5,1,heat,,1
R01270,H00672,B08,,2024-09-13,3,0,seasoning,,0
R01271,H00483,B19,,2024-09-14,5,1,energy boost,,1
R01272,H00625,B15,,2024-09-14,3,0,price,,0
R01273,H00798,B17,P011,2024-09-14,2,0,,energy boost,1
R01274,H00799,B01,P011,2024-09-14,5,1,refreshing,,1
R01275,H00802,B13,P011,2024-09-14,3,0,,flavour depth,0
R01276,H00808,B01,P011,2024-09-14,4,0,sweetness,,1
R01277,H00813,B01,P011,2024-09-14,5,1,taste,,1
R01278,H00813,B13,P011,2024-09-14,4,1,heat,,1
R01279,H00817,B13,P011,2024-09-14,4,0,jar size,texture,1
R01280,H00833,B05,P011,2024-09-14,4,1,price,,1
R01281,H00834,B13,P011,2024-09-14,4,1,price,,0
R01282,H00835,B13,P011,2024-09-14,3,0,price,,0
R01283,H00840,B01,P011,2024-09-14,4,1,taste,,1
R01284,H00840,B11,P011,2024-09-14,4,0,packaging,,0
R01285,H00840,B17,P011,2024-09-14,2,0,,texture,1
R01286,H00841,B05,P011,2024-09-14,4,1,packaging,,1
R01287,H00353,B11,,2024-09-15,4,1,ingredients,,0
R01288,H00498,B16,,2024-09-15,4,1,versatility,,1
R01289,H00574,B18,,2024-09-15,4,0,energy boost,,1
R01290,H00796,B03,,2024-09-15,5,1,can design,taste,1
R01291,H00804,B01,P011,2024-09-15,4,0,taste,,0
R01292,H00806,B11,P011,2024-09-15,3,1,ingredients,,1
R01293,H00809,B17,P011,2024-09-15,5,1,energy boost,,1
R01294,H00815,B01,P011,2024-09-15,4,0,sweetness,,1
R01295,H00816,B11,P011,2024-09-15,4,1,packaging,,0
R01296,H00821,B11,P011,2024-09-15,4,0,ingredients,,0
R01297,H00822,B05,P011,2024-09-15,4,1,price,,1
R01298,H00824,B11,P011,2024-09-15,4,1,texture,,1
R01299,H00825,B01,P011,2024-09-15,2,0,aftertaste,fizz,1
R01300,H00825,B11,P011,2024-09-15,4,1,taste,,0
R01301,H00832,B01,P011,2024-09-15,5,1,can design,,1
R01302,H00832,B13,P011,2024-09-15,3,0,versatility,,1
R01303,H00834,B17,P011,2024-09-15,5,1,taste,,1
R01304,H00838,B17,P011,2024-09-15,2,0,texture,ingredients,1
R01305,H00841,B11,P011,2024-09-15,5,0,price,,1
R01306,H00848,B17,P011,2024-09-15,3,1,,texture,1
R01307,H00849,B01,P011,2024-09-15,3,0,,price,1
R01308,H00850,B13,P011,2024-09-15,4,1,texture,,0
R01309,H00213,B13,,2024-09-16,5,1,flavour depth,versatility,1
R01310,H00245,B13,,2024-09-16,4,0,jar size,,1
R01311,H00277,B08,,2024-09-16,3,1,,seasoning,0
R01312,H00335,B08,,2024-09-16,5,1,packaging,,1
R01313,H00382,B01,,2024-09-16,5,1,sweetness,,1
R01314,H00546,B03,,2024-09-16,5,1,price,,1
R01315,H00800,B11,P011,2024-09-16,5,1,packaging,,0
R01316,H00806,B01,P011,2024-09-16,5,1,fizz,,0
R01317,H00813,B17,P011,2024-09-16,3,0,,energy boost,0
R01318,H00817,B01,,2024-09-16,5,1,sweetness,,1
R01319,H00818,B01,P011,2024-09-16,4,1,price,,0
R01320,H00821,B01,P011,2024-09-16,3,0,,refreshing,0
R01321,H00821,B05,P011,2024-09-16,2,0,,portion size,0
R01322,H00822,B17,P011,2024-09-16,3,0,energy boost,,1
R01323,H00828,B13,P011,2024-09-16,4,1,jar size,,1
R01324,H00828,B17,P011,2024-09-16,3,1,,price,1
R01325,H00829,B17,P011,2024-09-16,3,1,,ingredients,1
R01326,H00833,B11,P011,2024-09-16,5,1,sweetness,,0
R01327,H00836,B13,P011,2024-09-16,4,1,versatility,,1
R01328,H00837,B11,P011,2024-09-16,4,1,packaging,,0
R01329,H00841,B17,P011,2024-09-16,3,1,energy boost,,1
R01330,H00843,B11,P011,2024-09-16,2,0,,ingredients,1
R01331,H00850,B17,P011,2024-09-16,3,1,ingredients,,1
R01332,H00164,B04,,2024-09-17,4,1,price,,1
R01333,H00330,B04,,2024-09-17,5,1,taste,,1
R01334,H00527,B12,,2024-09-17,3,0,,sweetness,0
R01335,H00626,B11,,2024-09-17,3,1,,packaging,1
R01336,H00749,B13,,2024-09-17,5,1,texture,,1
R01337,H00776,B07,,2024-09-17,3,0,,packaging,0
R01338,H00805,B11,P011,2024-09-17,4,0,sweetness,,1
R01339,H00809,B11,P011,2024-09-17,4,1,texture,,0
R01340,H00814,B05,P011,2024-09-17,3,0,,saltiness,0
R01341,H00817,B11,P011,2024-09-17,3,0,,sweetness,0
R01342,H00820,B05,P011,2024-09-17,5,1,saltiness,,1
R01343,H00820,B17,P011,2024-09-17,4,1,ingredients,,1
R01344,H00827,B17,P011,2024-09-17,3,1,,energy boost,1
R01345,H00828,B01,P011,2024-09-17,5,1,aftertaste,,1
R01346,H00829,B11,P011,2024-09-17,3,1,,texture,1
R01347,H00830,B17,P011,2024-09-17,5,1,taste,,1
R01348,H00831,B11,P011,2024-09-17,5,1,taste,packaging,0
R01349,H00831,B13,P011,2024-09-17,5,1,versatility,,1
R01350,H00832,B05,P011,2024-09-17,5,1,seasoning,,1
R01351,H00832,B17,P011,2024-09-17,4,1,ingredients,,1
R01352,H00834,B11,P011,2024-09-17,4,1,sweetness,,0
R01353,H00846,B13,P011,2024-09-17,2,0,,heat,1
R01354,H00847,B01,P011,2024-09-17,4,1,aftertaste,,1
R01355,H00147,B11,,2024-09-18,3,0,packaging,,0
R01356,H00297,B03,,2024-09-18,3,0,refreshing,,0
R01357,H00437,B10,,2024-09-18,4,1,texture,,0
R01358,H00498,B03,,2024-09-18,5,1,can design,,1
R01359,H00696,B17,,2024-09-18,3,1,,portability,0
R01360,H00796,B20,,2024-09-18,4,0,portability,,1
R01361,H00802,B11,P011,2024-09-18,3,1,,ingredients,1
R01362,H00803,B05,P011,2024-09-18,3,0,,crunch,1
R01363,H00805,B13,P011,2024-09-18,3,0,,texture,0
R01364,H00807,B01,P011,2024-09-18,4,1,price,,1
R01365,H00807,B05,P011,2024-09-18,5,1,portion size,crunch,1
R01366,H00807,B13,P011,2024-09-18,2,0,,heat,1
R01367,H00807,B09,,2024-09-18,3,1,,taste,1
R01368,H00809,B01,P011,2024-09-18,5,1,fizz,,1
R01369,H00811,B01,P011,2024-09-18,3,1,can design,,1
R01370,H00812,B05,P011,2024-09-18,5,1,crunch,portion size,1
R01371,H00821,B17,P011,2024-09-18,3,1,energy boost,,1
R01372,H00822,B01,P011,2024-09-18,5,1,can design,,1
R01373,H00837,B13,P011,2024-09-18,3,0,,heat,1
R01374,H00847,B05,P011,2024-09-18,3,0,seasoning,,1
R01375,H00847,B13,P011,2024-09-18,4,1,texture,,1
R01376,H00850,B11,P011,2024-09-18,4,0,packaging,taste,1
R01377,H00851,B11,P011,2024-09-18,3,1,sweetness,,0
R01378,H00341,B10,,2024-09-19,4,1,taste,,1
R01379,H00395,B07,,2024-09-19,3,0,,crunch,0
R01380,H00660,B18,,2024-09-19,4,1,energy boost,,1
R01381,H00662,B10,,2024-09-19,5,1,ingredients,,1
R01382,H00685,B03,,2024-09-19,3,1,can design,,1
R01383,H00691,B15,,2024-09-19,5,0,flavour depth,,0
R01384,H00776,B12,,2024-09-19,5,1,sweetness,,1
R01385,H00797,B19,,2024-09-19,5,1,energy boost,,1
R01386,H00801,B17,P011,2024-09-19,3,0,texture,,0
R01387,H00804,B13,P011,2024-09-19,2,0,,heat,0
R01388,H00809,B13,P011,2024-09-19,4,1,flavour depth,,1
R01389,H00810,B05,P011,2024-09-19,3,1,,portion size,1
R01390,H00811,B11,P011,2024-09-19,4,1,packaging,,0
R01391,H00814,B13,P011,2024-09-19,4,0,jar size,versatility,1
R01392,H00815,B05,P011,2024-09-19,3,1,,crunch,1
R01393,H00818,B11,P011,2024-09-19,3,1,packaging,,1
R01394,H00819,B01,P011,2024-09-19,4,1,aftertaste,,1
R01395,H00820,B01,P011,2024-09-19,4,1,aftertaste,,1
R01396,H00824,B01,P011,2024-09-19,5,1,refreshing,,0
R01397,H00826,B17,P011,2024-09-19,4,1,taste,price,1
R01398,H00838,B13,P011,2024-09-19,5,1,flavour depth,,0
R01399,H00839,B05,P011,2024-09-19,4,1,saltiness,,1
R01400,H00842,B05,P011,2024-09-19,5,1,crunch,seasoning,1
R01401,H00844,B05,P011,2024-09-19,4,1,saltiness,,1
R01402,H00851,B01,P011,2024-09-19,4,1,taste,,1
R01403,H00852,B05,P011,2024-09-19,4,1,price,,1
R01404,H00853,B17,P011,2024-09-19,4,1,portability,,0
R01405,H00174,B02,,2024-09-20,5,1,fizz,,1
R01406,H00798,B01,P011,2024-09-20,4,1,aftertaste,fizz,0
R01407,H00802,B01,P011,2024-09-20,4,0,refreshing,,0
R01408,H00803,B17,P011,2024-09-20,3,0,ingredients,,1
R01409,H00806,B13,P011,2024-09-20,2,0,,heat,0
R01410,H00816,B17,P011,2024-09-20,4,1,portability,,1
R01411,H00830,B13,P011,2024-09-20,4,1,flavour depth,,1
R01412,H00838,B05,P011,2024-09-20,4,1,saltiness,,1
R01413,H00839,B11,P011,2024-09-20,3,0,sweetness,,0
R01414,H00842,B11,P011,2024-09-20,4,0,sweetness,,0
R01415,H00843,B01,P011,2024-09-20,5,1,fizz,,1
R01416,H00843,B13,P011,2024-09-20,3,1,,flavour depth,0
R01417,H00846,B17,P011,2024-09-20,4,1,ingredients,price,1
R01418,H00848,B13,P011,2024-09-20,3,1,,versatility,1
R01419,H00016,B19,,2024-09-21,4,0,ingredients,,1
R01420,H00169,B05,,2024-09-21,3,1,,saltiness,0
R01421,H00777,B01,,2024-09-21,5,1,price,can design,1
R01422,H00799,B17,P011,2024-09-21,3,0,,ingredients,1
R01423,H00800,B17,P011,2024-09-21,2,1,,taste,0
R01424,H00802,B17,P011,2024-09-21,5,0,price,,0
R01425,H00804,B05,P011,2024-09-21,4,1,saltiness,,0
R01426,H00807,B17,P011,2024-09-21,4,0,energy boost,,1
R01427,H00823,B01,P011,2024-09-21,5,1,can design,,1
R01428,H00835,B17,P011,2024-09-21,5,1,taste,,1
R01429,H00836,B11,P011,2024-09-21,4,1,ingredients,,0
R01430,H00844,B17,P011,2024-09-21,4,1,ingredients,,1
R01431,H00846,B01,P011,2024-09-21,4,1,price,,1
R01432,H00846,B05,P011,2024-09-21,2,0,,saltiness,1
R01433,H00849,B05,P011,2024-09-21,5,1,packaging,,0
R01434,H00165,B08,,2024-09-22,2,0,,saltiness,0
R01435,H00449,B06,,2024-09-22,3,0,,seasoning,1
R01436,H00695,B02,,2024-09-22,4,1,sweetness,,1
R01437,H00704,B01,,2024-09-22,3,1,aftertaste,,0
R01438,H00801,B13,,2024-09-22,4,1,flavour depth,,1
R01439,H00850,B15,,2024-09-22,3,0,,texture,0
R01440,H00092,B05,,2024-09-23,3,0,seasoning,,1
R01441,H00135,B06,,2024-09-23,4,1,seasoning,,1
R01442,H00446,B07,,2024-09-23,4,1,portion size,,1
R01443,H00457,B09,,2024-09-23,3,0,,price,0
R01444,H00492,B02,,2024-09-23,5,1,can design,,1
R01445,H00620,B09,,2024-09-23,4,0,price,,1
R01446,H00644,B15,,2024-09-23,4,0,flavour depth,,1
R01447,H00730,B13,,2024-09-23,4,1,texture,,1
R01448,H00759,B18,,2024-09-23,3,1,ingredients,,0
R01449,H00816,B02,,2024-09-23,5,1,can design,,1
R01450,H00387,B10,,2024-09-24,3,0,taste,,1
R01451,H00570,B14,,2024-09-24,4,1,jar size,texture,1
R01452,H00592,B20,,2024-09-24,4,1,portability,,1
R01453,H00028,B06,,2024-09-25,3,1,,saltiness,1
R01454,H00089,B13,,2024-09-26,5,1,flavour depth,,1
R01455,H00420,B12,,2024-09-26,4,1,texture,,0
R01456,H00743,B11,,2024-09-26,4,1,sweetness,,0
R01457,H00807,B07,,2024-09-26,5,1,price,,1
R01458,H00534,B14,,2024-09-27,5,1,texture,,1
R01459,H00601,B04,,2024-09-27,5,1,fizz,,1
R01460,H00194,B01,,2024-09-28,5,1,taste,,1
R01461,H00231,B09,,2024-09-28,5,1,taste,,1
R01462,H00305,B07,,2024-09-28,3,0,,saltiness,1
R01463,H00326,B16,,2024-09-28,4,1,price,,1
R01464,H00407,B11,,2024-09-28,3,1,,price,0
R01465,H00886,B13,P012,2024-09-28,4,1,heat,price,1
R01466,H00895,B06,P012,2024-09-28,2,0,,seasoning,1
R01467,H00897,B02,P012,2024-09-28,5,1,taste,,0
R01468,H00902,B14,P012,2024-09-28,3,0,flavour depth,,0
R01469,H00903,B02,P012,2024-09-28,4,1,aftertaste,,1
R01470,H00903,B08,P012,2024-09-28,5,1,packaging,,0
R01471,H00910,B11,,2024-09-28,4,1,taste,,0
R01472,H00124,B16,,2024-09-29,5,1,versatility,,1
R01473,H00226,B08,,2024-09-29,4,1,saltiness,,1
R01474,H00366,B15,,2024-09-29,4,1,texture,heat,1
R01475,H00511,B10,,2024-09-29,5,1,packaging,,1
R01476,H00662,B05,,2024-09-29,4,1,crunch,price,1
R01477,H00722,B18,,2024-09-29,3,1,,taste,0
R01478,H00850,B18,,2024-09-29,2,0,,portability,1
R01479,H00886,B14,P012,2024-09-29,4,0,heat,,0
R01480,H00888,B08,P012,2024-09-29,3,0,,crunch,0
R01481,H00892,B02,P012,2024-09-29,5,0,aftertaste,taste,0
R01482,H00897,B14,P012,2024-09-29,3,1,jar size,,1
R01483,H00898,B13,P012,2024-09-29,4,1,versatility,,0
R01484,H00906,B02,P012,2024-09-29,5,1,can design,,0
R01485,H00910,B08,P012,2024-09-29,4,1,packaging,,0
R01486,H00911,B06,P012,2024-09-29,5,1,packaging,,0
R01487,H00918,B06,P012,2024-09-29,5,1,portion size,,0
R01488,H00074,B04,,2024-09-30,5,1,refreshing,,1
R01489,H00099,B11,,2024-09-30,5,1,sweetness,,1
R01490,H00174,B04,,2024-09-30,3,1,can design,,0
R01491,H00211,B09,,2024-09-30,3,0,,price,1
R01492,H00237,B13,,2024-09-30,5,1,flavour depth,,1
R01493,H00826,B19,,2024-09-30,4,1,taste,,1
R01494,H00842,B07,,2024-09-30,3,1,,crunch,1
R01495,H00882,B08,P012,2024-09-30,2,0,,portion size,0
R01496,H00886,B02,P012,2024-09-30,5,1,can design,,1
R01497,H00890,B14,P012,2024-09-30,4,0,texture,,0
R01498,H00893,B14,P012,2024-09-30,3,0,,heat,0
R01499,H00898,B02,P012,2024-09-30,5,1,taste,,1
R01500,H00900,B08,P012,2024-09-30,5,1,packaging,,0
R01501,H00906,B14,P012,2024-09-30,4,1,texture,versatility,1
R01502,H00907,B02,P012,2024-09-30,5,1,can design,refreshing,1
R01503,H00553,B10,,2024-10-01,4,1,price,,0
R01504,H00583,B06,,2024-10-01,4,0,price,,1
R01505,H00789,B10,,2024-10-01,5,1,ingredients,,1
R01506,H00793,B06,,2024-10-01,4,1,seasoning,,1
R01507,H00794,B17,,2024-10-01,3,1,ingredients,,1
R01508,H00887,B06,P012,2024-10-01,4,1,price,,0
R01509,H00887,B08,P012,2024-10-01,3,0,saltiness,,0
R01510,H00895,B08,P012,2024-10-01,4,1,seasoning,,0
R01511,H00916,B02,P012,2024-10-01,2,0,,refreshing,1
R01512,H00919,B02,P012,2024-10-01,5,1,refreshing,,1
R01513,H00008,B11,,2024-10-02,5,1,taste,,0
R01514,H00127,B19,,2024-10-02,4,1,portability,,0
R01515,H00161,B11,,2024-10-02,4,1,taste,,0
R01516,H00231,B04,,2024-10-02,4,1,taste,,1
R01517,H00638,B07,,2024-10-02,5,1,crunch,,0
R01518,H00688,B12,,2024-10-02,4,1,taste,sweetness,1
R01519,H00803,B03,,2024-10-02,3,0,,price,1
R01520,H00857,B06,,2024-10-02,2,0,,portion size,0
R01521,H00872,B10,,2024-10-02,3,1,ingredients,,0
R01522,H00887,B13,P012,2024-10-02,5,1,versatility,,0
R01523,H00888,B06,P012,2024-10-02,4,1,portion size,,1
R01524,H00894,B14,P012,2024-10-02,2,1,,price,0
R01525,H00908,B02,P012,2024-10-02,4,0,sweetness,,1
R01526,H00913,B14,P012,2024-10-02,5,0,flavour depth,,0
R01527,H00307,B04,,2024-10-03,4,1,sweetness,aftertaste,1
R01528,H00313,B10,,2024-10-03,4,1,price,,0
R01529,H00448,B03,,2024-10-03,5,1,taste,,1
R01530,H00780,B07,,2024-10-03,5,1,crunch,,1
R01531,H00821,B09,,2024-10-03,3,1,taste,,0
R01532,H00882,B14,P012,2024-10-03,3,0,,flavour depth,0
R01533,H00884,B14,P012,2024-10-03,2,1,,versatility,0
R01534,H00885,B13,P012,2024-10-03,3,0,,flavour depth,0
R01535,H00900,B02,P012,2024-10-03,5,1,aftertaste,,0
R01536,H00902,B06,P012,2024-10-03,4,1,saltiness,,1
R01537,H00904,B08,P012,2024-10-03,4,0,packaging,,0
R01538,H00920,B02,P012,2024-10-03,5,1,aftertaste,,0
R01539,H00929,B18,,2024-10-03,3,1,,energy boost,1
R01540,H00049,B09,,2024-10-04,3,1,,sweetness,0
R01541,H00101,B07,,2024-10-04,3,0,portion size,,0
R01542,H00730,B14,,2024-10-04,3,0,,jar size,0
R01543,H00744,B16,,2024-10-04,4,0,heat,flavour depth,0
R01544,H00883,B02,P012,2024-10-04,5,1,price,,0
R01545,H00884,B08,P012,2024-10-04,3,0,packaging,,0
R01546,H00895,B02,P012,2024-10-04,4,0,sweetness,,1
R01547,H00898,B08,P012,2024-10-04,4,0,saltiness,,0
R01548,H00901,B13,P012,2024-10-04,4,0,texture,,0
R01549,H00915,B02,P012,2024-10-04,5,1,taste,,0
R01550,H00919,B06,P012,2024-10-04,4,1,saltiness,,0
R01551,H00157,B12,,2024-10-05,2,0,,price,0
R01552,H00223,B20,,2024-10-05,4,0,energy boost,,1
R01553,H00307,B20,,2024-10-05,3,1,energy boost,,0
R01554,H00413,B12,,2024-10-05,5,1,ingredients,,1
R01555,H00427,B20,,2024-10-05,4,1,energy boost,,0
R01556,H00631,B20,,2024-10-05,4,1,ingredients,taste,1
R01557,H00643,B15,,2024-10-05,4,1,heat,,1
R01558,H00855,B14,,2024-10-05,5,1,price,,0
R01559,H00903,B06,P012,2024-10-05,3,0,seasoning,,0
R01560,H00908,B13,P012,2024-10-05,3,0,,jar size,0
R01561,H00910,B06,P012,2024-10-05,4,0,crunch,price,1
R01562,H00945,B17,P013,2024-10-05,3,1,,ingredients,0
R01563,H00947,B01,P013,2024-10-05,4,0,aftertaste,,0
R01564,H00950,B11,P013,2024-10-05,3,1,,price,0
R01565,H00950,B17,P013,2024-10-05,3,1,energy boost,,0
R01566,H00968,B01,P013,2024-10-05,4,1,aftertaste,,0
R01567,H00968,B11,P013,2024-10-05,5,1,ingredients,packaging,1
R01568,H00970,B17,P013,2024-10-05,4,1,ingredients,,1
R01569,H00985,B01,P013,2024-10-05,5,1,sweetness,,0
R01570,H00986,B11,P013,2024-10-05,5,1,price,,0
R01571,H00990,B05,P013,2024-10-05,3,1,packaging,,1
R01572,H00997,B01,P013,2024-10-05,4,1,fizz,,1
R01573,H00102,B06,,2024-10-06,5,1,packaging,,1
R01574,H00107,B02,,2024-10-06,5,1,taste,can design,1
R01575,H00163,B19,,2024-10-06,4,1,taste,,1
R01576,H00252,B03,,2024-10-06,3,1,,price,0
R01577,H00541,B14,,2024-10-06,5,1,flavour depth,,1
R01578,H00817,B15,,2024-10-06,3,1,,texture,0
R01579,H00954,B05,P013,2024-10-06,5,1,seasoning,,0
R01580,H00955,B11,P013,2024-10-06,3,0,ingredients,,1
R01581,H00957,B17,P013,2024-10-06,3,0,,portability,1
R01582,H00960,B17,P013,2024-10-06,2,0,,energy boost,0
R01583,H00973,B17,P013,2024-10-06,3,1,,taste,1
R01584,H00974,B01,P013,2024-10-06,4,1,price,taste,1
R01585,H00978,B11,P013,2024-10-06,4,1,price,,0
R01586,H00980,B05,P013,2024-10-06,3,1,price,,1
R01587,H00980,B17,P013,2024-10-06,5,1,price,taste,0
R01588,H00982,B17,P013,2024-10-06,3,0,price,,0
R01589,H00983,B11,P013,2024-10-06,4,1,packaging,,1
R01590,H00989,B17,P013,2024-10-06,3,1,,energy boost,0
R01591,H00990,B11,P013,2024-10-06,5,1,ingredients,price,1
R01592,H00992,B01,P013,2024-10-06,5,1,refreshing,,1
R01593,H00997,B05,P013,2024-10-06,5,1,seasoning,,0
R01594,H00998,B05,P013,2024-10-06,2,0,,packaging,0
R01595,H00108,B07,,2024-10-07,3,0,seasoning,,0
R01596,H00535,B05,,2024-10-07,4,0,portion size,price,1
R01597,H00584,B18,,2024-10-07,5,1,ingredients,,1
R01598,H00724,B06,,2024-10-07,4,0,saltiness,seasoning,1
R01599,H00943,B01,P013,2024-10-07,5,1,refreshing,,0
R01600,H00951,B13,P013,2024-10-07,4,1,flavour depth,,0
R01601,H00964,B13,P013,2024-10-07,4,1,heat,,0
R01602,H00970,B13,P013,2024-10-07,5,1,price,,0
R01603,H00982,B11,P013,2024-10-07,4,1,ingredients,,1
R01604,H00990,B17,P013,2024-10-07,3,0,energy boost,,0
R01605,H00127,B12,,2024-10-08,4,1,texture,,0
R01606,H00164,B08,,2024-10-08,2,0,,crunch,0
R01607,H00326,B19,,2024-10-08,5,1,ingredients,,0
R01608,H00354,B17,,2024-10-08,5,1,price,ingredients,1
R01609,H00400,B07,,2024-10-08,3,1,crunch,,1
R01610,H00473,B07,,2024-10-08,3,0,,packaging,1
R01611,H00729,B07,,2024-10-08,4,0,saltiness,,1
R01612,H00738,B01,,2024-10-08,5,1,price,fizz,1
R01613,H00754,B04,,2024-10-08,4,1,fizz,,1
R01614,H00943,B13,P013,2024-10-08,5,1,flavour depth,,0
R01615,H00944,B11,P013,2024-10-08,4,1,sweetness,texture,0
R01616,H00946,B13,P013,2024-10-08,5,1,price,,0
R01617,H00946,B17,P013,2024-10-08,3,1,,texture,1
R01618,H00954,B11,P013,2024-10-08,4,1,sweetness,,0
R01619,H00960,B05,P013,2024-10-08,5,1,portion size,,0
R01620,H00962,B13,P013,2024-10-08,5,1,versatility,,1
R01621,H00963,B13,P013,2024-10-08,3,0,heat,,0
R01622,H00967,B01,P013,2024-10-08,4,1,taste,,1
R01623,H00967,B13,P013,2024-10-08,3,1,,price,1
R01624,H00975,B13,P013,2024-10-08,5,1,heat,,0
R01625,H00977,B13,P013,2024-10-08,5,1,versatility,,1
R01626,H00979,B13,P013,2024-10-08,4,0,heat,,0
R01627,H00979,B17,P013,2024-10-08,4,1,texture,,1
R01628,H00981,B11,P013,2024-10-08,5,1,taste,,0
R01629,H00984,B01,P013,2024-10-08,4,0,sweetness,,1
R01630,H00993,B05,P013,2024-10-08,4,1,seasoning,,0
R01631,H00997,B13,P013,2024-10-08,5,1,jar size,,1
R01632,H00198,B09,,2024-10-09,2,0,,price,0
R01633,H00375,B10,,2024-10-09,5,1,price,,1
R01634,H00385,B06,,2024-10-09,4,1,saltiness,,1
R01635,H00408,B11,,2024-10-09,5,1,texture,,1
R01636,H00448,B06,,2024-10-09,5,1,saltiness,,1
R01637,H00458,B09,,2024-10-09,5,1,taste,,1
R01638,H00624,B13,,2024-10-09,2,0,,texture,0
R01639,H00946,B11,P013,2024-10-09,5,1,packaging,,1
R01640,H00947,B17,P013,2024-10-09,3,0,taste,,0
R01641,H00948,B05,P013,2024-10-09,3,0,portion size,,1
R01642,H00949,B11,P013,2024-10-09,3,0,taste,,0
R01643,H00959,B11,P013,2024-10-09,5,1,sweetness,price,0
R01644,H00964,B16,,2024-10-09,4,0,versatility,,0
R01645,H00966,B11,P013,2024-10-09,4,1,packaging,,0
R01646,H00969,B05,P013,2024-10-09,2,0,,crunch,0
R01647,H00969,B13,P013,2024-10-09,4,1,price,,1
R01648,H00974,B17,P013,2024-10-09,4,1,ingredients,,1
R01649,H00985,B05,P013,2024-10-09,4,1,packaging,,0
R01650,H00987,B17,P013,2024-10-09,4,1,portability,,1
R01651,H00996,B01,P013,2024-10-09,3,0,,fizz,0
R01652,H00041,B10,,2024-10-10,4,1,texture,,1
R01653,H00162,B05,,2024-10-10,5,1,crunch,,1
R01654,H00418,B17,,2024-10-10,3,0,,ingredients,0
R01655,H00464,B15,,2024-10-10,3,0,,price,0
R01656,H00746,B13,,2024-10-10,2,0,,jar size,0
R01657,H00757,B17,,2024-10-10,3,0,,portability,1
R01658,H00945,B01,P013,2024-10-10,5,0,aftertaste,,1
R01659,H00950,B05,P013,2024-10-10,5,1,saltiness,,0
R01660,H00958,B05,P013,2024-10-10,4,1,packaging,,1
R01661,H00966,B13,P013,2024-10-10,5,1,price,,1
R01662,H00967,B17,P013,2024-10-10,3,0,,texture,0
R01663,H00969,B17,P013,2024-10-10,4,1,energy boost,,0
R01664,H00971,B01,P013,2024-10-10,3,0,aftertaste,,0
R01665,H00979,B11,P013,2024-10-10,4,1,price,,0
R01666,H00980,B13,P013,2024-10-10,2,0,price,versatility,0
R01667,H00986,B01,P013,2024-10-10,3,0,taste,,1
R01668,H00986,B05,P013,2024-10-10,3,0,seasoning,,0
R01669,H00986,B17,P013,2024-10-10,4,1,ingredients,,0
R01670,H00990,B01,P013,2024-10-10,5,1,can design,taste,0
R01671,H00992,B17,P013,2024-10-10,3,1,taste,,0
R01672,H00999,B13,P013,2024-10-10,4,0,heat,,1
R01673,H00107,B20,,2024-10-11,5,1,taste,,1
R01674,H00238,B20,,2024-10-11,3,0,price,,0
R01675,H00496,B06,,2024-10-11,4,0,packaging,crunch,0
R01676,H00693,B18,,2024-10-11,5,1,portability,,1
R01677,H00836,B19,,2024-10-11,4,0,texture,,1
R01678,H00852,B06,,2024-10-11,4,1,saltiness,,1
R01679,H00875,B03,,2024-10-11,3,0,can design,,1
R01680,H00930,B17,,2024-10-11,5,1,texture,,1
R01681,H00949,B05,P013,2024-10-11,3,0,saltiness,,1
R01682,H00953,B01,P013,2024-10-11,5,1,taste,sweetness,1
R01683,H00958,B13,P013,2024-10-11,4,1,flavour depth,,0
R01684,H00962,B05,P013,2024-10-11,4,1,portion size,,1
R01685,H00963,B01,P013,2024-10-11,4,1,taste,,0
R01686,H00966,B16,,2024-10-11,5,1,versatility,,1
R01687,H00981,B05,P013,2024-10-11,4,0,seasoning,,1
R01688,H00996,B13,P013,2024-10-11,5,1,heat,,0
R01689,H00324,B09,,2024-10-12,4,1,texture,,1
R01690,H00817,B09,,2024-10-12,3,0,ingredients,,1
R01691,H00827,B11,,2024-10-12,4,1,ingredients,,0
R01692,H00945,B13,P013,2024-10-12,4,1,versatility,,1
R01693,H00949,B13,P013,2024-10-12,3,0,price,,1
R01694,H00956,B05,P013,2024-10-12,4,0,price,,0
R01695,H00956,B11,P013,2024-10-12,5,1,texture,,0
R01696,H00956,B13,P013,2024-10-12,5,1,texture,jar size,1
R01697,H00957,B13,P013,2024-10-12,4,1,texture,,1
R01698,H00974,B03,,2024-10-12,3,0,fizz,,1
R01699,H00976,B11,P013,2024-10-12,4,1,price,,0
R01700,H00978,B05,P013,2024-10-12,5,1,portion size,price,0
R01701,H00982,B01,P013,2024-10-12,3,1,fizz,,0
R01702,H00993,B13,P013,2024-10-12,5,1,texture,flavour depth,1
R01703,H00996,B05,P013,2024-10-12,4,1,packaging,,1
R01704,H00034,B13,,2024-10-13,5,1,price,,1
R01705,H00081,B05,,2024-10-13,3,0,crunch,,1
R01706,H00209,B04,,2024-10-13,3,0,,fizz,0
R01707,H00399,B12,,2024-10-13,4,0,packaging,,0
R01708,H00426,B08,,2024-10-13,2,0,price,saltiness,0
R01709,H00447,B10,,2024-10-13,5,1,taste,,0
R01710,H00680,B03,,2024-10-13,4,1,can design,,1
R01711,H00965,B01,,2024-10-13,4,1,aftertaste,,1
R01712,H00244,B02,,2024-10-14,5,1,can design,,1
R01713,H00290,B20,,2024-10-14,4,1,taste,,1
R01714,H00477,B03,,2024-10-14,4,0,fizz,,1
R01715,H00670,B19,,2024-10-14,5,1,texture,,1
R01716,H00721,B04,,2024-10-14,2,0,taste,fizz,0
R01717,H00730,B02,,2024-10-14,4,1,aftertaste,sweetness,1
R01718,H00973,B20,,2024-10-14,5,1,taste,,1
R01719,H00068,B12,,2024-10-15,4,0,texture,price,0
R01720,H00149,B05,,2024-10-15,4,1,packaging,portion size,1
R01721,H00154,B16,,2024-10-15,3,0,jar size,,1
R01722,H00180,B01,,2024-10-15,5,1,taste,,1
R01723,H00368,B13,,2024-10-15,4,1,heat,,1
R01724,H00430,B03,,2024-10-15,3,0,,sweetness,1
R01725,H00488,B06,,2024-10-15,4,0,seasoning,,1
R01726,H00542,B07,,2024-10-15,3,1,,saltiness,0
R01727,H00016,B13,,2024-10-16,3,1,,heat,1
R01728,H00502,B08,,2024-10-16,4,1,seasoning,,1
R01729,H00516,B02,,2024-10-16,5,1,fizz,,0
R01730,H00827,B04,,2024-10-16,5,1,refreshing,fizz,1
R01731,H00150,B17,,2024-10-17,4,1,texture,,1
R01732,H00491,B14,,2024-10-17,3,0,,price,0
R01733,H00503,B19,,2024-10-17,5,1,texture,,1
R01734,H00647,B11,,2024-10-17,4,1,sweetness,,1
R01735,H00732,B17,,2024-10-17,4,1,taste,,1
R01736,H00783,B02,,2024-10-17,5,1,aftertaste,,1
R01737,H00792,B05,,2024-10-17,4,1,price,,1
R01738,H00926,B03,,2024-10-17,3,0,aftertaste,,1
R01739,H00283,B07,,2024-10-18,4,1,seasoning,,1
R01740,H00306,B13,,2024-10-18,4,1,heat,,1
R01741,H00341,B19,,2024-10-18,3,0,energy boost,,0
R01742,H00502,B01,,2024-10-18,4,1,fizz,,1
R01743,H00609,B03,,2024-10-18,3,0,fizz,,0
R01744,H00671,B04,,2024-10-18,3,1,,refreshing,1
R01745,H00796,B12,,2024-10-18,5,1,taste,,0
R01746,H00885,B04,,2024-10-18,3,0,,can design,0
R01747,H00997,B07,,2024-10-18,5,1,price,,1
R01748,H00346,B06,,2024-10-19,5,1,saltiness,,1
R01749,H00373,B09,,2024-10-19,3,0,,packaging,0
R01750,H00434,B06,,2024-10-19,4,1,portion size,,1
R01751,H00484,B03,,2024-10-19,3,0,can design,,0
R01752,H00686,B06,,2024-10-19,5,1,saltiness,,0
R01753,H01021,B02,,2024-10-19,4,1,can design,,1
R01754,H01022,B12,,2024-10-19,3,0,price,,1
R01755,H01033,B11,P014,2024-10-19,3,0,,ingredients,1
R01756,H01037,B11,P014,2024-10-19,5,0,sweetness,,0
R01757,H01037,B17,P014,2024-10-19,5,1,price,,1
R01758,H01051,B01,P014,2024-10-19,3,0,fizz,,0
R01759,H00113,B11,,2024-10-20,5,1,sweetness,,1
R01760,H00488,B09,,2024-10-20,3,0,,texture,0
R01761,H00831,B02,,2024-10-20,4,1,taste,,0
R01762,H00901,B02,,2024-10-20,5,1,refreshing,,1
R01763,H00958,B03,,2024-10-20,5,1,price,,1
R01764,H01030,B17,P014,2024-10-20,4,1,energy boost,,1
R01765,H01034,B19,,2024-10-20,5,1,ingredients,,1
R01766,H01039,B11,P014,2024-10-20,4,1,price,,0
R01767,H01042,B01,P014,2024-10-20,3,1,,fizz,0
R01768,H01044,B11,P014,2024-10-20,4,1,taste,,1
R01769,H00169,B09,,2024-10-21,4,0,sweetness,,0
R01770,H00297,B02,,2024-10-21,5,0,sweetness,refreshing,1
R01771,H00349,B08,,2024-10-21,5,1,portion size,crunch,1
R01772,H00382,B09,,2024-10-21,3,1,,price,1
R01773,H00383,B02,,2024-10-21,4,0,can design,,1
R01774,H00517,B20,,2024-10-21,3,1,portability,,0
R01775,H00565,B12,,2024-10-21,4,1,ingredients,,0
R01776,H00782,B08,,2024-10-21,4,1,price,packaging,1
R01777,H00828,B20,,2024-10-21,3,1,ingredients,,1
R01778,H00957,B04,,2024-10-21,5,1,sweetness,,1
R01779,H01036,B01,P014,2024-10-21,4,1,price,,0
R01780,H01041,B05,P014,2024-10-21,2,0,,crunch,1
R01781,H01048,B13,P014,2024-10-21,3,1,,jar size,1
R01782,H01050,B17,P014,2024-10-21,4,1,ingredients,,1
R01783,H00082,B10,,2024-10-22,5,1,texture,,1
R01784,H00162,B06,,2024-10-22,5,1,price,crunch,1
R01785,H00246,B06,,2024-10-22,4,1,portion size,,1
R01786,H00251,B01,,2024-10-22,3,0,,fizz,0
R01787,H00384,B14,,2024-10-22,3,1,,flavour depth,1
R01788,H00493,B07,,2024-10-22,3,0,,seasoning,0
R01789,H00795,B05,,2024-10-22,5,1,crunch,,0
R01790,H00830,B09,,2024-10-22,5,1,texture,,1
R01791,H00891,B09,,2024-10-22,4,1,taste,,0
R01792,H01017,B08,,2024-10-22,5,1,portion size,,1
R01793,H01036,B17,P014,2024-10-22,1,0,ingredients,price,1
R01794,H01037,B01,P014,2024-10-22,5,1,fizz,,0
R01795,H01040,B05,P014,2024-10-22,1,0,,saltiness,0
R01796,H01042,B05,P014,2024-10-22,5,1,portion size,,0
R01797,H01043,B13,P014,2024-10-22,5,1,versatility,,0
R01798,H01044,B01,P014,2024-10-22,5,1,can design,,1
R01799,H01045,B11,P014,2024-10-22,2,0,texture,packaging,0
R01800,H01046,B13,P014,2024-10-22,4,1,texture,flavour depth,1
R01801,H00115,B12,,2024-10-23,3,0,,price,0
R01802,H00376,B12,,2024-10-23,4,0,packaging,ingredients,1
R01803,H00840,B02,,2024-10-23,4,1,sweetness,aftertaste,1
R01804,H01029,B13,P014,2024-10-23,3,1,price,,1
R01805,H01031,B17,P014,2024-10-23,5,1,taste,,1
R01806,H01034,B01,P014,2024-10-23,3,0,,aftertaste,0
R01807,H01035,B17,P014,2024-10-23,4,1,portability,ingredients,1
R01808,H01048,B05,P014,2024-10-23,3,1,packaging,,0
R01809,H01052,B13,P014,2024-10-23,4,1,price,,0
R01810,H00163,B18,,2024-10-24,5,1,texture,,1
R01811,H00281,B16,,2024-10-24,4,1,versatility,,1
R01812,H00593,B02,,2024-10-24,3,0,price,,0
R01813,H00664,B04,,2024-10-24,3,1,taste,,0
R01814,H00665,B02,,2024-10-24,5,1,sweetness,can design,1
R01815,H00764,B06,,2024-10-24,4,1,crunch,,0
R01816,H00786,B03,,2024-10-24,4,1,can design,taste,0
R01817,H00831,B12,,2024-10-24,3,0,,taste,0
R01818,H01032,B11,P014,2024-10-24,5,1,price,,0
R01819,H01044,B05,P014,2024-10-24,3,0,saltiness,,1
R01820,H00004,B14,,2024-10-25,3,1,versatility,,0
R01821,H00033,B05,,2024-10-25,4,1,seasoning,,1
R01822,H00078,B08,,2024-10-25,4,0,seasoning,,1
R01823,H00293,B16,,2024-10-25,4,0,price,,0
R01824,H00366,B01,,2024-10-25,5,1,aftertaste,can design,1
R01825,H00399,B04,,2024-10-25,4,1,aftertaste,,1
R01826,H00909,B13,,2024-10-25,4,1,texture,versatility,1
R01827,H01038,B13,P014,2024-10-25,4,0,versatility,,0
R01828,H01042,B13,P014,2024-10-25,3,1,,versatility,0
R01829,H01047,B17,P014,2024-10-25,3,0,portability,,1
R01830,H01052,B11,P014,2024-10-25,4,1,packaging,,1
R01831,H00049,B01,,2024-10-26,4,0,price,,1
R01832,H00664,B11,,2024-10-26,5,1,packaging,,1
R01833,H00699,B16,,2024-10-26,4,0,heat,,0
R01834,H00876,B01,,2024-10-26,4,1,fizz,,1
R01835,H00894,B10,,2024-10-26,4,0,ingredients,,0
R01836,H00906,B08,,2024-10-26,4,1,packaging,,1
R01837,H00914,B03,,2024-10-26,5,1,can design,taste,1
R01838,H01033,B01,P014,2024-10-26,4,1,price,,1
R01839,H00343,B07,,2024-10-27,5,1,crunch,,1
R01840,H01074,B16,,2024-10-27,5,1,jar size,versatility,1
R01841,H00019,B20,,2024-10-28,3,0,,energy boost,1
R01842,H00034,B19,,2024-10-28,4,1,energy boost,,1
R01843,H00118,B19,,2024-10-28,4,0,ingredients,,0
R01844,H00203,B04,,2024-10-28,3,0,,sweetness,0
R01845,H00409,B04,,2024-10-28,5,1,refreshing,,1
R01846,H00447,B11,,2024-10-28,2,0,,sweetness,0
R01847,H00516,B15,,2024-10-28,3,0,,price,0
R01848,H00530,B09,,2024-10-28,3,1,packaging,,1
R01849,H00549,B04,,2024-10-28,4,1,taste,can design,1
R01850,H00673,B01,,2024-10-28,4,1,aftertaste,,1
R01851,H00858,B06,,2024-10-28,4,0,crunch,,0
R01852,H00988,B13,,2024-10-28,4,1,texture,,0
R01853,H01035,B04,,2024-10-28,2,0,,fizz,0
R01854,H00061,B03,,2024-10-29,4,0,price,,1
R01855,H00174,B05,,2024-10-29,2,0,seasoning,saltiness,0
R01856,H00272,B16,,2024-10-29,2,0,,jar size,0
R01857,H00281,B10,,2024-10-29,3,1,taste,,0
R01858,H00822,B07,,2024-10-29,4,1,portion size,,1
R01859,H00837,B18,,2024-10-29,2,0,,ingredients,0
R01860,H00879,B13,,2024-10-29,3,0,flavour depth,,0
R01861,H00960,B11,,2024-10-29,4,1,ingredients,,0
R01862,H00005,B13,,2024-10-30,4,1,texture,,0
R01863,H00558,B10,,2024-10-30,5,1,ingredients,texture,1
R01864,H00857,B14,,2024-10-30,4,1,versatility,,1
R01865,H01071,B01,,2024-10-30,4,1,price,fizz,1
R01866,H00090,B16,,2024-10-31,5,1,texture,,1
R01867,H00117,B11,,2024-10-31,3,1,ingredients,,0
R01868,H00159,B05,,2024-10-31,4,1,saltiness,,1
R01869,H00649,B03,,2024-10-31,4,1,sweetness,,1
R01870,H01074,B14,,2024-10-31,2,0,jar size,price,0
R01871,H00152,B17,,2024-11-01,4,1,texture,,0
R01872,H00230,B10,,2024-11-01,5,1,ingredients,,1
R01873,H00342,B13,,2024-11-01,4,1,flavour depth,,0
R01874,H00685,B10,,2024-11-01,5,1,packaging,,1
R01875,H00900,B14,,2024-11-01,3,0,,price,0
R01876,H00952,B01,,2024-11-01,4,0,fizz,aftertaste,1
R01877,H00193,B18,,2024-11-02,4,1,ingredients,,0
R01878,H00388,B03,,2024-11-02,5,1,fizz,price,1
R01879,H00420,B19,,2024-11-02,4,1,ingredients,,1
R01880,H00475,B20,,2024-11-02,5,1,portability,,1
R01881,H00664,B17,,2024-11-02,4,1,taste,,1
R01882,H00724,B03,,2024-11-02,4,0,price,,1
R01883,H00755,B08,,2024-11-02,2,1,,seasoning,0
R01884,H00835,B12,,2024-11-02,3,0,,sweetness,0
R01885,H00915,B01,,2024-11-02,3,0,price,,1
R01886,H01005,B14,,2024-11-02,3,1,,flavour depth,0
R01887,H01038,B01,,2024-11-02,5,0,price,,1
R01888,H01054,B02,,2024-11-02,5,1,taste,,1
R01889,H01062,B02,,2024-11-02,3,0,refreshing,,1
R01890,H00034,B10,,2024-11-03,5,1,sweetness,,0
R01891,H00428,B01,,2024-11-03,4,1,sweetness,,1
R01892,H00634,B06,,2024-11-03,4,1,saltiness,,1
R01893,H01026,B07,,2024-11-03,5,1,saltiness,,0
R01894,H01064,B09,,2024-11-03,4,1,texture,,1
R01895,H00370,B03,,2024-11-04,4,0,refreshing,,1
R01896,H00390,B02,,2024-11-04,4,0,refreshing,,0
R01897,H00807,B18,,2024-11-04,4,1,texture,,0
R01898,H00929,B08,,2024-11-04,3,1,,seasoning,0
R01899,H00948,B11,,2024-11-04,5,1,packaging,,1
R01900,H01006,B10,,2024-11-04,5,0,sweetness,,1
R01901,H01009,B06,,2024-11-04,3,0,seasoning,,0
R01902,H00298,B10,,2024-11-05,4,1,ingredients,,1
R01903,H00547,B08,,2024-11-05,2,0,packaging,crunch,0
R01904,H00719,B19,,2024-11-05,4,0,taste,,1
R01905,H00757,B12,,2024-11-05,2,0,,taste,0
R01906,H00967,B16,,2024-11-05,4,1,jar size,,0
R01907,H00425,B17,,2024-11-06,4,0,portability,,1
R01908,H00430,B10,,2024-11-06,4,1,price,,0
R01909,H00463,B09,,2024-11-06,2,0,,packaging,0
R01910,H00511,B19,,2024-11-06,3,0,,texture,0
R01911,H00606,B10,,2024-11-06,4,0,sweetness,,0
R01912,H00655,B06,,2024-11-06,5,1,portion size,,1
R01913,H01076,B09,,2024-11-06,4,1,sweetness,,1
R01914,H00319,B02,,2024-11-07,5,1,can design,,1
R01915,H00421,B08,,2024-11-07,5,1,saltiness,,1
R01916,H00479,B03,,2024-11-07,4,1,refreshing,,1
R01917,H01052,B01,,2024-11-07,5,1,fizz,,1
R01918,H00332,B20,,2024-11-08,3,0,price,,0
R01919,H00556,B18,,2024-11-08,5,1,portability,texture,1
R01920,H00618,B14,,2024-11-08,3,0,texture,,0
R01921,H00680,B11,,2024-11-08,3,0,price,,1
R01922,H00705,B16,,2024-11-08,4,1,price,,0
R01923,H00833,B07,,2024-11-08,3,0,crunch,,1
R01924,H00884,B13,,2024-11-08,3,1,price,,1
R01925,H00895,B03,,2024-11-08,4,1,refreshing,,1
R01926,H00105,B15,,2024-11-09,4,1,versatility,,0
R01927,H00110,B03,,2024-11-09,5,1,taste,,1
R01928,H00190,B07,,2024-11-09,5,1,seasoning,price,1
R01929,H00651,B12,,2024-11-09,4,0,sweetness,,0
R01930,H01067,B11,,2024-11-09,4,1,sweetness,,0
R01931,H01077,B01,,2024-11-09,3,1,aftertaste,,0
R01932,H00046,B14,,2024-11-10,2,0,,heat,0
R01933,H00053,B16,,2024-11-10,5,1,heat,versatility,1
R01934,H00101,B16,,2024-11-10,4,1,versatility,,1
R01935,H00165,B05,,2024-11-10,2,0,,saltiness,0
R01936,H00176,B07,,2024-11-10,5,1,saltiness,crunch,1
R01937,H00378,B11,,2024-11-10,5,1,packaging,,1
R01938,H00002,B04,,2024-11-11,5,1,refreshing,sweetness,1
R01939,H00230,B02,,2024-11-11,3,0,,fizz,0
R01940,H00422,B10,,2024-11-11,4,1,ingredients,price,0
R01941,H00593,B17,,2024-11-11,3,0,energy boost,,0
R01942,H00625,B11,,2024-11-11,4,1,price,,0
R01943,H00658,B18,,2024-11-11,5,1,ingredients,,1
R01944,H00699,B13,,2024-11-11,5,1,jar size,,1
R01945,H00710,B15,,2024-11-11,4,1,flavour depth,,1
R01946,H00771,B12,,2024-11-11,2,0,,taste,0
R01947,H00883,B15,,2024-11-11,5,1,price,jar size,1
R01948,H00997,B06,,2024-11-11,4,1,saltiness,,0
R01949,H00227,B04,,2024-11-12,5,1,taste,,1
R01950,H00361,B16,,2024-11-12,4,1,flavour depth,,1
R01951,H00492,B13,,2024-11-12,5,0,heat,,1
R01952,H00539,B19,,2024-11-12,3,0,,price,1
R01953,H00581,B20,,2024-11-12,3,1,,texture,0
R01954,H00811,B09,,2024-11-12,3,0,price,,1
R01955,H00777,B05,,2024-11-13,3,0,portion size,,1
R01956,H00823,B06,,2024-11-13,3,1,,crunch,1
R01957,H01059,B18,,2024-11-13,4,1,energy boost,,0
R01958,H00001,B05,,2024-11-14,4,1,saltiness,portion size,1
R01959,H00094,B08,,2024-11-14,5,1,portion size,,0
R01960,H00587,B06,,2024-11-14,5,1,saltiness,,1
R01961,H00622,B19,,2024-11-14,3,1,,energy boost,0
R01962,H00724,B10,,2024-11-14,3,1,packaging,,0
R01963,H00913,B03,,2024-11-14,3,0,price,,0
R01964,H00010,B17,,2024-11-15,4,1,price,,1
R01965,H00110,B12,,2024-11-15,3,1,,texture,0
R01966,H00399,B01,,2024-11-15,4,1,price,taste,1
R01967,H00861,B20,,2024-11-15,5,1,texture,,1
R01968,H01041,B19,,2024-11-15,3,0,,taste,1
R01969,H01091,B12,,2024-11-15,4,0,price,,0
R01970,H00063,B13,,2024-11-16,5,1,heat,,1
R01971,H00428,B07,,2024-11-16,3,0,,packaging,1
R01972,H00435,B16,,2024-11-16,2,0,,price,0
R01973,H00792,B06,,2024-11-16,5,1,crunch,seasoning,1
R01974,H01021,B17,,2024-11-16,5,1,energy boost,,1
R01975,H01058,B12,,2024-11-16,3,0,ingredients,,0
R01976,H00108,B08,,2024-11-17,4,0,crunch,packaging,1
R01977,H00442,B16,,2024-11-17,2,0,texture,versatility,0
R01978,H00598,B13,,2024-11-17,3,1,price,,0
R01979,H00676,B05,,2024-11-17,4,1,seasoning,,1
R01980,H00687,B16,,2024-11-17,4,1,versatility,,1
R01981,H01068,B06,,2024-11-17,4,0,seasoning,,1
R01982,H01115,B01,P015,2024-11-17,3,1,fizz,,0
R01983,H01118,B01,P015,2024-11-17,3,0,taste,,1
R01984,H01118,B05,P015,2024-11-17,4,0,crunch,,1
R01985,H01128,B01,P015,2024-11-17,5,1,price,refreshing,1
R01986,H01134,B11,P015,2024-11-17,4,0,packaging,,0
R01987,H01136,B01,P015,2024-11-17,4,0,sweetness,,0
R01988,H01138,B13,P015,2024-11-17,4,1,heat,,1
R01989,H01139,B01,P015,2024-11-17,4,1,fizz,,1
R01990,H01142,B11,P015,2024-11-17,3,1,,texture,0
R01991,H01146,B13,P015,2024-11-17,5,1,heat,,1
R01992,H01154,B13,P015,2024-11-17,5,1,jar size,,1
R01993,H01156,B11,P015,2024-11-17,5,1,packaging,,0
R01994,H00022,B08,,2024-11-18,5,1,saltiness,,1
R01995,H00556,B09,,2024-11-18,3,1,,packaging,0
R01996,H00654,B09,,2024-11-18,3,0,,ingredients,0
R01997,H00900,B12,,2024-11-18,3,1,,sweetness,1
R01998,H00962,B04,,2024-11-18,4,1,refreshing,,1
R01999,H01026,B06,,2024-11-18,5,1,portion size,,1
R02000,H01124,B13,P015,2024-11-18,5,1,versatility,texture,1
R02001,H01127,B17,P015,2024-11-18,4,1,texture,,1
R02002,H01132,B17,P015,2024-11-18,3,0,,taste,1
R02003,H01138,B01,P015,2024-11-18,3,1,,can design,1
R02004,H01149,B11,P015,2024-11-18,3,1,,texture,0
R02005,H01152,B13,P015,2024-11-18,3,1,texture,,1
R02006,H01152,B17,P015,2024-11-18,3,0,,ingredients,0
R02007,H01157,B11,P015,2024-11-18,4,1,price,ingredients,0
R02008,H00460,B07,,2024-11-19,3,1,,price,0
R02009,H00468,B07,,2024-11-19,4,1,packaging,,0
R02010,H00523,B13,,2024-11-19,5,1,versatility,,1
R02011,H00679,B12,,2024-11-19,5,1,texture,,1
R02012,H00705,B15,,2024-11-19,4,0,heat,price,1
R02013,H00844,B15,,2024-11-19,3,0,heat,,0
R02014,H00890,B19,,2024-11-19,4,0,energy boost,,1
R02015,H01114,B17,P015,2024-11-19,3,0,energy boost,,0
R02016,H01115,B13,P015,2024-11-19,4,0,heat,,0
R02017,H01116,B13,P015,2024-11-19,5,1,flavour depth,,1
R02018,H01117,B13,P015,2024-11-19,4,1,price,,1
R02019,H01121,B17,P015,2024-11-19,3,1,taste,,1
R02020,H01123,B05,P015,2024-11-19,4,0,crunch,,1
R02021,H01131,B13,P015,2024-11-19,5,1,texture,,1
R02022,H01132,B01,P015,2024-11-19,3,0,,fizz,1
R02023,H01138,B05,P015,2024-11-19,4,0,portion size,packaging,0
R02024,H01141,B05,P015,2024-11-19,5,1,price,seasoning,0
R02025,H01141,B17,P015,2024-11-19,5,1,price,ingredients,1
R02026,H01142,B13,P015,2024-11-19,5,1,versatility,,0
R02027,H01145,B13,P015,2024-11-19,2,0,,heat,1
R02028,H01148,B13,P015,2024-11-19,4,1,versatility,,0
R02029,H01151,B01,P015,2024-11-19,2,0,refreshing,price,0
R02030,H01158,B14,,2024-11-19,3,0,,jar size,0
R02031,H01160,B17,P015,2024-11-19,4,1,energy boost,,0
R02032,H00069,B02,,2024-11-20,4,1,can design,,1
R02033,H00213,B11,,2024-11-20,2,1,ingredients,texture,0
R02034,H00574,B03,,2024-11-20,4,1,fizz,,1
R02035,H00637,B15,,2024-11-20,4,1,flavour depth,heat,1
R02036,H00794,B09,,2024-11-20,3,0,,packaging,0
R02037,H01116,B05,P015,2024-11-20,5,1,saltiness,,0
R02038,H01119,B01,P015,2024-11-20,5,1,fizz,,0
R02039,H01122,B13,P015,2024-11-20,4,0,heat,,0
R02040,H01132,B11,,2024-11-20,5,1,texture,,1
R02041,H01142,B05,P015,2024-11-20,5,0,seasoning,saltiness,0
R02042,H01145,B01,P015,2024-11-20,3,1,,sweetness,1
R02043,H01145,B05,P015,2024-11-20,4,0,packaging,,0
R02044,H01146,B17,P015,2024-11-20,3,1,,energy boost,1
R02045,H01147,B01,P015,2024-11-20,4,1,can design,,0
R02046,H01150,B05,P015,2024-11-20,3,0,packaging,,1
R02047,H01150,B17,P015,2024-11-20,3,0,portability,,0
R02048,H01155,B01,P015,2024-11-20,4,0,price,,1
R02049,H01155,B13,P015,2024-11-20,4,0,price,versatility,1
R02050,H01157,B17,P015,2024-11-20,4,0,energy boost,portability,0
R02051,H01161,B13,P015,2024-11-20,4,1,versatility,texture,1
R02052,H01162,B17,P015,2024-11-20,3,0,taste,,0
R02053,H00018,B01,,2024-11-21,3,1,,sweetness,1
R02054,H00138,B03,,2024-11-21,5,1,can design,price,1
R02055,H00697,B12,,2024-11-21,2,0,,taste,0
R02056,H00882,B05,,2024-11-21,1,0,,packaging,0
R02057,H00906,B04,,2024-11-21,4,1,price,sweetness,1
R02058,H00931,B13,,2024-11-21,5,1,heat,,1
R02059,H00940,B09,,2024-11-21,3,0,sweetness,,0
R02060,H00950,B03,,2024-11-21,3,0,,fizz,0
R02061,H00969,B08,,2024-11-21,4,1,portion size,saltiness,1
R02062,H01119,B11,P015,2024-11-21,4,1,taste,,0
R02063,H01123,B17,P015,2024-11-21,3,0,ingredients,,1
R02064,H01129,B05,P015,2024-11-21,4,1,crunch,portion size,1
R02065,H01132,B13,P015,2024-11-21,5,1,versatility,flavour depth,0
R02066,H01134,B17,P015,2024-11-21,3,1,,price,1
R02067,H01136,B13,P015,2024-11-21,3,0,jar size,,0
R02068,H01140,B05,P015,2024-11-21,2,0,crunch,seasoning,0
R02069,H01140,B13,P015,2024-11-21,5,1,texture,,1
R02070,H01151,B05,P015,2024-11-21,4,0,portion size,,0
R02071,H01159,B05,P015,2024-11-21,5,1,packaging,,1
R02072,H00012,B04,,2024-11-22,3,0,price,,0
R02073,H00033,B01,,2024-11-22,5,1,sweetness,,1
R02074,H00084,B17,,2024-11-22,4,1,taste,,1
R02075,H00150,B14,,2024-11-22,4,1,price,,0
R02076,H00539,B10,,2024-11-22,4,1,ingredients,taste,0
R02077,H00590,B03,,2024-11-22,5,1,sweetness,,1
R02078,H00604,B12,,2024-11-22,3,0,taste,,0
R02079,H00805,B16,,2024-11-22,4,1,versatility,texture,1
R02080,H01114,B05,P015,2024-11-22,2,0,,saltiness,0
R02081,H01117,B11,P015,2024-11-22,4,1,taste,,0
R02082,H01120,B17,P015,2024-11-22,4,1,energy boost,,0
R02083,H01133,B01,P015,2024-11-22,4,1,sweetness,,1
R02084,H01134,B13,P015,2024-11-22,3,1,,jar size,1
R02085,H01137,B17,P015,2024-11-22,3,1,energy boost,,1
R02086,H01143,B13,P015,2024-11-22,5,1,jar size,,0
R02087,H01145,B17,P015,2024-11-22,3,1,price,,0
R02088,H01147,B05,P015,2024-11-22,2,0,,portion size,1
R02089,H01153,B05,P015,2024-11-22,5,1,saltiness,,1
R02090,H01153,B11,P015,2024-11-22,3,1,,packaging,1
R02091,H01154,B01,P015,2024-11-22,5,1,can design,,1
R02092,H01155,B05,P015,2024-11-22,2,0,,price,0
R02093,H01156,B17,P015,2024-11-22,1,0,,taste,1
R02094,H01157,B13,P015,2024-11-22,5,1,flavour depth,,1
R02095,H00058,B08,,2024-11-23,5,1,portion size,,1
R02096,H00060,B18,,2024-11-23,2,0,ingredients,texture,0
R02097,H00307,B15,,2024-11-23,5,1,versatility,,1
R02098,H00452,B01,,2024-11-23,5,1,price,refreshing,1
R02099,H00548,B12,,2024-11-23,5,1,taste,,1
R02100,H00863,B06,,2024-11-23,5,1,portion size,,1
R02101,H00920,B12,,2024-11-23,4,1,price,,1
R02102,H01114,B13,P015,2024-11-23,5,1,jar size,,1
R02103,H01120,B01,P015,2024-11-23,5,1,fizz,price,0
R02104,H01124,B17,P015,2024-11-23,4,0,portability,,0
R02105,H01126,B01,P015,2024-11-23,4,1,refreshing,,0
R02106,H01132,B05,P015,2024-11-23,4,1,price,,1
R02107,H01133,B11,P015,2024-11-23,4,1,price,,1
R02108,H01144,B13,P015,2024-11-23,4,1,flavour depth,jar size,0
R02109,H01149,B01,P015,2024-11-23,5,1,fizz,,0
R02110,H01154,B17,P015,2024-11-23,4,1,price,portability,1
R02111,H01156,B13,P015,2024-11-23,4,1,price,jar size,1
R02112,H01159,B11,P015,2024-11-23,4,1,taste,,1
R02113,H01159,B13,P015,2024-11-23,3,0,,heat,0
R02114,H00001,B08,,2024-11-24,2,0,,crunch,0
R02115,H00082,B11,,2024-11-24,4,0,taste,,1
R02116,H00374,B15,,2024-11-24,2,0,,heat,0
R02117,H00404,B15,,2024-11-24,3,1,heat,,1
R02118,H00560,B07,,2024-11-24,3,0,,crunch,0
R02119,H00640,B10,,2024-11-24,5,1,price,,1
R02120,H00867,B01,,2024-11-24,4,1,aftertaste,,0
R02121,H00954,B09,,2024-11-24,3,0,price,,1
R02122,H01121,B13,P015,2024-11-24,3,1,,jar size,0
R02123,H01122,B11,P015,2024-11-24,4,1,sweetness,,1
R02124,H01124,B05,P015,2024-11-24,5,1,price,,0
R02125,H01126,B05,P015,2024-11-24,4,1,portion size,packaging,1
R02126,H01127,B11,P015,2024-11-24,2,0,,ingredients,0
R02127,H01128,B05,P015,2024-11-24,3,0,saltiness,,0
R02128,H01136,B05,P015,2024-11-24,3,1,price,,1
R02129,H01137,B13,P015,2024-11-24,4,0,texture,,1
R02130,H01139,B05,P015,2024-11-24,4,1,seasoning,,1
R02131,H01140,B17,P015,2024-11-24,4,1,portability,,0
R02132,H01142,B01,P015,2024-11-24,4,1,refreshing,,0
R02133,H01146,B11,P015,2024-11-24,5,0,sweetness,,0
R02134,H01180,B18,P016,2024-11-24,5,1,ingredients,,0
R02135,H01187,B18,P016,2024-11-24,3,0,portability,,0
R02136,H00416,B02,,2024-11-25,4,1,aftertaste,,1
R02137,H01074,B20,,2024-11-25,5,1,price,,1
R02138,H01176,B03,P016,2024-11-25,3,0,refreshing,,0
R02139,H01177,B09,P016,2024-11-25,3,0,price,,0
R02140,H01184,B18,P016,2024-11-25,3,1,,price,0
R02141,H01190,B09,P016,2024-11-25,4,0,taste,,0
R02142,H01190,B10,P016,2024-11-25,5,0,taste,price,1
R02143,H01191,B18,P016,2024-11-25,3,0,price,,0
R02144,H01192,B09,P016,2024-11-25,5,1,texture,,0
R02145,H00010,B20,,2024-11-26,3,0,,taste,0
R02146,H00517,B01,,2024-11-26,3,0,,price,0
R02147,H00779,B07,,2024-11-26,4,1,saltiness,,1
R02148,H00858,B18,,2024-11-26,5,1,texture,,1
R02149,H01094,B05,,2024-11-26,2,0,,portion size,0
R02150,H01171,B14,,2024-11-26,2,0,,heat,0
R02151,H01181,B17,P016,2024-11-26,5,1,portability,,0
R02152,H01191,B17,P016,2024-11-26,3,0,taste,,1
R02153,H00021,B05,,2024-11-27,3,1,seasoning,,1
R02154,H00029,B13,,2024-11-27,3,0,price,,1
R02155,H00123,B07,,2024-11-27,3,0,saltiness,,1
R02156,H00664,B16,,2024-11-27,4,0,jar size,,1
R02157,H00720,B16,,2024-11-27,4,1,versatility,,1
R02158,H00759,B02,,2024-11-27,2,0,fizz,price,0
R02159,H00772,B06,,2024-11-27,3,1,saltiness,,0
R02160,H00905,B20,,2024-11-27,5,0,price,,1
R02161,H01129,B07,,2024-11-27,3,0,,saltiness,0
R02162,H01177,B03,P016,2024-11-27,3,0,price,,0
R02163,H01178,B17,P016,2024-11-27,4,1,portability,,0
R02164,H01184,B09,P016,2024-11-27,4,1,packaging,,1
R02165,H01188,B17,P016,2024-11-27,4,1,taste,,0
R02166,H00004,B15,,2024-11-28,4,1,price,,0
R02167,H00104,B04,,2024-11-28,3,0,refreshing,,0
R02168,H00342,B09,,2024-11-28,4,1,sweetness,,0
R02169,H00504,B18,,2024-11-28,5,0,price,,0
R02170,H00732,B07,,2024-11-28,5,0,saltiness,seasoning,1
R02171,H00780,B06,,2024-11-28,3,0,,price,1
R02172,H00856,B14,,2024-11-28,3,1,price,,0
R02173,H00867,B11,,2024-11-28,3,1,,taste,1
R02174,H00989,B16,,2024-11-28,4,1,flavour depth,,0
R02175,H01016,B03,,2024-11-28,4,1,can design,,1
R02176,H01051,B18,,2024-11-28,3,1,texture,,0
R02177,H01148,B12,,2024-11-28,3,0,,taste,1
R02178,H01180,B17,P016,2024-11-28,5,1,price,,0
R02179,H01189,B18,P016,2024-11-28,4,1,texture,portability,0
R02180,H01191,B10,P016,2024-11-28,5,1,price,,0
R02181,H01192,B18,P016,2024-11-28,3,1,,energy boost,1
R02182,H00223,B13,,2024-11-29,3,0,,flavour depth,0
R02183,H00240,B07,,2024-11-29,4,1,portion size,,0
R02184,H00380,B03,,2024-11-29,5,1,refreshing,,1
R02185,H00475,B06,,2024-11-29,5,1,packaging,,1
R02186,H00539,B06,,2024-11-29,4,1,packaging,,1
R02187,H00582,B16,,2024-11-29,4,1,heat,,1
R02188,H00732,B18,,2024-11-29,3,0,taste,,0
R02189,H00744,B19,,2024-11-29,3,0,portability,,0
R02190,H00803,B10,,2024-11-29,5,1,price,texture,1
R02191,H01025,B04,,2024-11-29,4,0,fizz,refreshing,1
R02192,H01065,B05,,2024-11-29,5,1,portion size,,1
R02193,H01182,B17,P016,2024-11-29,3,0,portability,,0
R02194,H01187,B03,P016,2024-11-29,5,0,taste,,1
R02195,H01190,B17,P016,2024-11-29,3,1,price,,1
R02196,H00131,B13,,2024-11-30,2,0,,jar size,0
R02197,H00581,B08,,2024-11-30,5,1,crunch,seasoning,1
R02198,H00585,B14,,2024-11-30,3,1,,versatility,0
R02199,H00852,B04,,2024-11-30,3,1,,refreshing,1
R02200,H01049,B19,,2024-11-30,1,0,,taste,0
R02201,H01143,B03,,2024-11-30,5,1,refreshing,,1
R02202,H01181,B09,P016,2024-11-30,5,1,ingredients,,0
R02203,H01185,B03,P016,2024-11-30,2,0,,price,1
R02204,H01185,B17,P016,2024-11-30,4,1,taste,,1
R02205,H01186,B09,P016,2024-11-30,3,0,,ingredients,0
R02206,H01186,B10,P016,2024-11-30,5,1,sweetness,packaging,1
R02207,H00036,B04,,2024-12-01,4,0,refreshing,,1
R02208,H00372,B20,,2024-12-01,3,0,,portability,0
R02209,H00422,B06,,2024-12-01,3,1,portion size,,0
R02210,H00762,B12,,2024-12-01,3,1,taste,,0
R02211,H00922,B08,,2024-12-01,5,1,seasoning,,1
R02212,H01001,B10,,2024-12-01,2,0,,packaging,0
R02213,H01106,B15,,2024-12-01,5,1,jar size,price,1
R02214,H01117,B17,,2024-12-01,4,1,taste,,0
R02215,H01176,B09,P016,2024-12-01,4,1,sweetness,,0
R02216,H01192,B10,P016,2024-12-01,5,1,packaging,sweetness,0
R02217,H00008,B14,,2024-12-02,5,1,jar size,,1
R02218,H00078,B07,,2024-12-02,4,1,price,,0
R02219,H00222,B13,,2024-12-02,4,0,heat,,1
R02220,H00415,B06,,2024-12-02,5,1,packaging,,1
R02221,H00601,B19,,2024-12-02,5,1,energy boost,,1
R02222,H00771,B11,,2024-12-02,5,1,price,packaging,0
R02223,H00808,B16,,2024-12-02,3,1,price,,0
R02224,H00891,B11,,2024-12-02,4,1,price,,0
R02225,H01210,B14,,2024-12-02,5,1,flavour depth,,1
R02226,H00314,B09,,2024-12-03,4,1,taste,,1
R02227,H00347,B10,,2024-12-03,4,1,taste,,1
R02228,H00438,B13,,2024-12-03,3,0,heat,,0
R02229,H00586,B02,,2024-12-03,5,1,sweetness,,1
R02230,H00837,B03,,2024-12-03,4,1,aftertaste,,0
R02231,H01187,B05,,2024-12-03,5,0,price,,1
R02232,H00273,B06,,2024-12-04,4,1,portion size,,1
R02233,H00404,B01,,2024-12-04,5,1,aftertaste,,1
R02234,H00643,B10,,2024-12-04,5,1,packaging,,1
R02235,H00773,B20,,2024-12-04,3,0,energy boost,,1
R02236,H00781,B07,,2024-12-04,5,1,saltiness,,1
R02237,H01036,B06,,2024-12-04,3,0,,crunch,0
R02238,H01038,B09,,2024-12-04,3,0,,sweetness,0
R02239,H01171,B04,,2024-12-04,5,1,sweetness,fizz,1
R02240,H00274,B05,,2024-12-05,3,1,seasoning,,1
R02241,H00329,B16,,2024-12-05,4,1,heat,,1
R02242,H00530,B13,,2024-12-05,5,1,flavour depth,versatility,1
R02243,H00616,B20,,2024-12-05,4,1,price,,0
R02244,H00645,B17,,2024-12-05,4,1,taste,,1
R02245,H00778,B18,,2024-12-05,3,1,energy boost,,0
R02246,H00864,B16,,2024-12-05,4,1,heat,,1
R02247,H00918,B19,,2024-12-05,5,1,price,,1
R02248,H00330,B17,,2024-12-06,4,0,portability,,1
R02249,H00331,B19,,2024-12-06,3,0,,price,0
R02250,H00456,B15,,2024-12-06,5,1,price,,1
R02251,H00057,B08,,2024-12-07,2,0,,saltiness,0
R02252,H00183,B09,,2024-12-07,4,1,taste,,1
R02253,H00211,B14,,2024-12-07,3,0,,texture,0
R02254,H00303,B13,,2024-12-07,3,0,jar size,,0
R02255,H00419,B04,,2024-12-07,3,0,sweetness,,0
R02256,H00763,B19,,2024-12-07,4,0,energy boost,,1
R02257,H00928,B02,,2024-12-07,3,0,,can design,0
R02258,H00952,B20,,2024-12-07,4,1,energy boost,,1
R02259,H01124,B08,,2024-12-07,4,1,saltiness,,1
R02260,H01182,B07,,2024-12-07,5,1,crunch,,1
R02261,H00104,B20,,2024-12-08,3,1,,ingredients,0
R02262,H00227,B05,,2024-12-08,4,0,seasoning,,0
R02263,H00362,B07,,2024-12-08,5,1,saltiness,price,1
R02264,H00770,B04,,2024-12-08,5,1,sweetness,taste,1
R02265,H00771,B03,,2024-12-08,3,1,price,,1
R02266,H00861,B11,,2024-12-08,4,1,packaging,sweetness,0
R02267,H01196,B08,,2024-12-08,3,0,,portion size,0
R02268,H00076,B04,,2024-12-09,5,1,can design,taste,1
R02269,H00265,B09,,2024-12-09,4,1,taste,,1
R02270,H00595,B02,,2024-12-09,3,1,refreshing,,1
R02271,H00613,B03,,2024-12-09,4,1,taste,,1
R02272,H00672,B17,,2024-12-09,3,0,,price,1
R02273,H00785,B06,,2024-12-09,4,1,price,saltiness,1
R02274,H00825,B08,,2024-12-09,3,0,,portion size,1
R02275,H00170,B12,,2024-12-10,1,0,price,packaging,0
R02276,H00267,B12,,2024-12-10,3,0,ingredients,,0
R02277,H00849,B03,,2024-12-10,1,0,,aftertaste,0
R02278,H01017,B04,,2024-12-10,5,1,fizz,,1
R02279,H01100,B04,,2024-12-10,5,1,price,,1
R02280,H01112,B04,,2024-12-10,4,1,sweetness,,1
R02281,H00379,B01,,2024-12-11,5,1,aftertaste,,1
R02282,H00389,B18,,2024-12-11,3,0,,texture,0
R02283,H00499,B15,,2024-12-11,4,0,versatility,,0
R02284,H00539,B02,,2024-12-11,5,1,fizz,,1
R02285,H00649,B06,,2024-12-11,5,1,price,,1
R02286,H00720,B02,,2024-12-11,4,1,sweetness,,0
R02287,H00872,B19,,2024-12-11,3,0,taste,,1
R02288,H01203,B11,,2024-12-11,3,1,sweetness,,0
R02289,H00245,B19,,2024-12-12,1,0,texture,energy boost,0
R02290,H00302,B02,,2024-12-12,4,1,sweetness,,0
R02291,H00415,B07,,2024-12-12,4,1,price,seasoning,0
R02292,H00421,B06,,2024-12-12,5,1,packaging,,1
R02293,H00503,B20,,2024-12-12,3,1,,portability,0
R02294,H00643,B14,,2024-12-12,4,1,versatility,,0
R02295,H01103,B16,,2024-12-12,5,1,price,,0
R02296,H00244,B19,,2024-12-13,5,1,portability,,1
R02297,H00418,B12,,2024-12-13,4,1,packaging,texture,1
R02298,H00682,B03,,2024-12-13,5,1,refreshing,,1
R02299,H00828,B19,,2024-12-13,4,1,price,,1
R02300,H01148,B07,,2024-12-13,2,0,,price,0
R02301,H00037,B04,,2024-12-14,3,1,,taste,1
R02302,H00176,B13,,2024-12-14,5,1,price,,1
R02303,H00176,B20,,2024-12-14,3,0,taste,,1
R02304,H00267,B03,,2024-12-14,4,1,taste,,0
R02305,H00354,B10,,2024-12-14,3,1,,sweetness,0
R02306,H00379,B16,,2024-12-14,4,1,jar size,price,1
R02307,H00541,B10,,2024-12-14,3,0,texture,,0
R02308,H00560,B04,,2024-12-14,3,0,sweetness,,0
R02309,H00662,B02,,2024-12-14,4,1,sweetness,,0
R02310,H00665,B04,,2024-12-14,3,0,can design,,0
R02311,H00700,B03,,2024-12-14,4,1,taste,,0
R02312,H00793,B05,,2024-12-14,5,1,price,,1
R02313,H00803,B18,,2024-12-14,3,0,ingredients,,1
R02314,H00826,B06,,2024-12-14,5,1,price,,1
R02315,H01167,B19,,2024-12-14,3,1,,taste,1
R02316,H00181,B08,,2024-12-15,5,1,packaging,,1
R02317,H00400,B02,,2024-12-15,5,1,aftertaste,,1
R02318,H00527,B13,,2024-12-15,5,1,price,,1
R02319,H00550,B12,,2024-12-15,3,0,sweetness,,0
R02320,H00753,B10,,2024-12-15,4,0,ingredients,,1
R02321,H00783,B18,,2024-12-15,3,0,texture,,1
R02322,H00021,B20,,2024-12-16,4,1,taste,,1
R02323,H00032,B15,,2024-12-16,3,0,,price,0
R02324,H00042,B18,,2024-12-16,3,0,energy boost,,0
R02325,H00085,B06,,2024-12-16,5,1,packaging,,1
R02326,H00141,B13,,2024-12-16,5,1,flavour depth,,1
R02327,H00186,B16,,2024-12-16,5,1,price,texture,1
R02328,H00211,B20,,2024-12-16,5,1,portability,,1
R02329,H00263,B13,,2024-12-16,5,1,heat,,1
R02330,H00478,B07,,2024-12-16,4,1,packaging,,1
R02331,H00540,B03,,2024-12-16,4,0,can design,aftertaste,0
R02332,H00776,B02,,2024-12-16,3,0,,taste,0
R02333,H01109,B15,,2024-12-16,3,0,,versatility,0
R02334,H01188,B06,,2024-12-16,3,0,price,,0
R02335,H01188,B16,,2024-12-16,4,1,price,,0
R02336,H00010,B12,,2024-12-17,1,0,,price,0
R02337,H00233,B02,,2024-12-17,4,1,sweetness,,1
R02338,H00317,B03,,2024-12-17,3,1,refreshing,,0
R02339,H00322,B04,,2024-12-17,4,1,fizz,,1
R02340,H00462,B18,,2024-12-17,5,1,energy boost,portability,1
R02341,H00507,B12,,2024-12-17,4,1,ingredients,sweetness,0
R02342,H00860,B09,,2024-12-17,4,1,sweetness,ingredients,1
R02343,H00993,B01,,2024-12-17,5,1,sweetness,price,1
R02344,H01099,B17,,2024-12-17,4,1,portability,ingredients,1
R02345,H01158,B11,,2024-12-17,5,1,taste,,1
R02346,H00284,B16,,2024-12-18,4,1,texture,,0
R02347,H00615,B11,,2024-12-18,3,0,,packaging,0
R02348,H00943,B08,,2024-12-18,2,0,,packaging,0
R02349,H01151,B04,,2024-12-18,3,0,,can design,0
R02350,H00259,B08,,2024-12-19,4,1,seasoning,,0
R02351,H00322,B09,,2024-12-19,4,1,ingredients,,1
R02352,H00445,B14,,2024-12-19,3,1,jar size,,0
R02353,H01038,B03,,2024-12-19,5,1,can design,,1
R02354,H00018,B09,,2024-12-20,5,1,price,ingredients,1
R02355,H00315,B20,,2024-12-20,4,1,price,,1
R02356,H00337,B04,,2024-12-20,3,0,fizz,,0
R02357,H00594,B09,,2024-12-20,3,0,ingredients,,0
R02358,H01190,B06,,2024-12-20,5,1,saltiness,,1
R02359,H01248,B13,P017,2024-12-20,4,0,price,,1
R02360,H01248,B17,P017,2024-12-20,4,0,energy boost,,1
R02361,H01249,B05,P017,2024-12-20,2,0,,packaging,1
R02362,H00019,B03,,2024-12-21,3,0,,aftertaste,1
R02363,H00486,B13,,2024-12-21,5,1,flavour depth,,1
R02364,H00511,B12,,2024-12-21,5,0,taste,,1
R02365,H00346,B03,,2024-12-22,5,1,sweetness,taste,1
R02366,H00380,B16,,2024-12-22,4,1,heat,price,1
R02367,H00413,B13,,2024-12-22,4,1,jar size,,0
R02368,H00598,B01,,2024-12-22,4,1,sweetness,,0
R02369,H00667,B15,,2024-12-22,5,1,price,,1
R02370,H01250,B01,P017,2024-12-22,4,1,taste,price,1
R02371,H00368,B12,,2024-12-23,4,1,taste,ingredients,0
R02372,H00676,B03,,2024-12-23,5,1,sweetness,price,1
R02373,H00735,B11,,2024-12-23,4,0,sweetness,,1
R02374,H00778,B10,,2024-12-23,5,1,price,,0
R02375,H00922,B13,,2024-12-23,2,0,,versatility,0
R02376,H01159,B08,,2024-12-23,5,1,saltiness,,1
R02377,H01248,B11,P017,2024-12-23,5,1,texture,price,0
R02378,H01250,B05,P017,2024-12-23,4,0,price,,1
R02379,H00026,B04,,2024-12-24,3,0,,can design,0
R02380,H00204,B11,,2024-12-24,3,0,price,,1
R02381,H00239,B16,,2024-12-24,4,1,price,,1
R02382,H00246,B14,,2024-12-24,3,0,,texture,0
R02383,H00320,B18,,2024-12-24,3,0,texture,,0
R02384,H00366,B05,,2024-12-24,3,0,,portion size,0
R02385,H00924,B06,,2024-12-24,5,1,portion size,,1
R02386,H00969,B11,,2024-12-24,4,1,texture,price,0
R02387,H01250,B11,P017,2024-12-24,4,0,ingredients,,0
R02388,H00035,B15,,2024-12-25,4,1,versatility,,0
R02389,H00090,B04,,2024-12-25,4,1,refreshing,,1
R02390,H00276,B14,,2024-12-25,4,1,heat,,1
R02391,H00426,B05,,2024-12-25,2,0,seasoning,crunch,1
R02392,H00429,B02,,2024-12-25,5,1,aftertaste,,1
R02393,H00469,B15,,2024-12-25,3,0,texture,,0
R02394,H00621,B08,,2024-12-25,3,0,price,,0
R02395,H00678,B02,,2024-12-25,3,0,refreshing,,0
R02396,H00693,B14,,2024-12-25,3,0,,flavour depth,0
R02397,H00712,B05,,2024-12-25,4,1,seasoning,packaging,1
R02398,H00838,B12,,2024-12-25,4,1,packaging,,0
R02399,H00881,B04,,2024-12-25,4,1,taste,,0
R02400,H01024,B04,,2024-12-25,3,0,can design,,0
R02401,H01028,B04,,2024-12-25,4,1,sweetness,,1
R02402,H00236,B19,,2024-12-26,5,1,energy boost,,1
R02403,H00301,B20,,2024-12-26,4,1,portability,,0
R02404,H00569,B08,,2024-12-26,2,0,,seasoning,1
R02405,H00784,B08,,2024-12-26,4,1,seasoning,,1
R02406,H00791,B20,,2024-12-26,5,1,price,,1
R02407,H00874,B19,,2024-12-26,5,1,ingredients,energy boost,1
R02408,H01144,B11,,2024-12-26,4,1,ingredients,,1
R02409,H01274,B05,P018,2024-12-26,5,1,portion size,,0
R02410,H01276,B01,P018,2024-12-26,4,1,price,can design,1
R02411,H01276,B05,P018,2024-12-26,4,0,packaging,,1
R02412,H01280,B13,P018,2024-12-26,4,1,jar size,versatility,1
R02413,H01282,B05,P018,2024-12-26,4,1,packaging,,0
R02414,H01283,B01,P018,2024-12-26,5,1,refreshing,,1
R02415,H01283,B05,P018,2024-12-26,3,0,saltiness,,1
R02416,H00095,B16,,2024-12-27,4,0,texture,,1
R02417,H00139,B08,,2024-12-27,5,1,packaging,,1
R02418,H00466,B05,,2024-12-27,3,0,packaging,,1
R02419,H00539,B01,,2024-12-27,4,0,aftertaste,,1
R02420,H00600,B04,,2024-12-27,4,1,taste,fizz,1
R02421,H00700,B19,,2024-12-27,3,1,,taste,1
R02422,H01102,B04,,2024-12-27,4,1,price,,1
R02423,H01250,B13,P017,2024-12-27,3,0,versatility,,1
R02424,H01272,B05,P018,2024-12-27,4,0,price,,0
R02425,H01275,B01,P018,2024-12-27,5,1,can design,,1
R02426,H01275,B13,P018,2024-12-27,4,0,flavour depth,,1
R02427,H01280,B01,P018,2024-12-27,5,1,fizz,,1
R02428,H01280,B11,P018,2024-12-27,3,1,,packaging,0
R02429,H01282,B17,P018,2024-12-27,2,0,,energy boost,0
R02430,H01284,B13,P018,2024-12-27,4,1,texture,,1
R02431,H00189,B04,,2024-12-28,3,0,,fizz,1
R02432,H00433,B03,,2024-12-28,4,1,can design,price,0
R02433,H00632,B15,,2024-12-28,4,1,heat,,1
R02434,H01046,B07,,2024-12-28,3,1,,portion size,1
R02435,H00236,B20,,2024-12-29,5,0,energy boost,,1
R02436,H00350,B08,,2024-12-29,2,1,,crunch,0
R02437,H00666,B14,,2024-12-29,4,1,flavour depth,,0
R02438,H00667,B02,,2024-12-29,4,1,taste,,0
R02439,H00689,B10,,2024-12-29,5,0,taste,price,1
R02440,H00694,B08,,2024-12-29,5,1,seasoning,,1
R02441,H00754,B13,,2024-12-29,5,1,jar size,,1
R02442,H00783,B16,,2024-12-29,3,1,,flavour depth,0
R02443,H00817,B07,,2024-12-29,4,1,saltiness,,1
R02444,H01172,B18,,2024-12-29,3,0,ingredients,,0
R02445,H01273,B01,P018,2024-12-29,5,1,price,,1
R02446,H01277,B17,P018,2024-12-29,4,1,texture,,1
R02447,H01282,B01,P018,2024-12-29,5,1,refreshing,price,1
R02448,H00306,B04,,2024-12-30,4,1,sweetness,,1
R02449,H00313,B02,,2024-12-30,4,1,can design,,1
R02450,H00326,B17,,2024-12-30,3,0,taste,,1
R02451,H00491,B09,,2024-12-30,4,1,price,,0
R02452,H00499,B10,,2024-12-30,2,0,sweetness,texture,0
R02453,H00576,B15,,2024-12-30,3,0,,flavour depth,1
R02454,H00760,B17,,2024-12-30,4,1,taste,,0
R02455,H01274,B17,P018,2024-12-30,4,1,energy boost,,0
R02456,H01278,B01,P018,2024-12-30,4,1,price,,1
R02457,H01278,B13,P018,2024-12-30,4,1,versatility,,1
R02458,H01278,B17,P018,2024-12-30,2,0,portability,texture,1
R02459,H01279,B13,P018,2024-12-30,4,0,versatility,,0
R02460,H00350,B15,,2024-12-31,4,1,jar size,,1
R02461,H00363,B18,,2024-12-31,4,0,portability,,1
R02462,H00452,B05,,2024-12-31,5,1,seasoning,,1
R02463,H00459,B19,,2024-12-31,4,1,texture,,1
R02464,H00699,B15,,2024-12-31,4,1,price,,1
R02465,H00715,B01,,2024-12-31,3,0,,sweetness,0
R02466,H00766,B07,,2024-12-31,2,0,,saltiness,0
R02467,H00917,B15,,2024-12-31,3,0,jar size,,0
R02468,H01205,B08,,2024-12-31,4,0,saltiness,,1
R02469,H01274,B13,P018,2024-12-31,3,0,heat,,1
R02470,H01281,B05,P018,2024-12-31,4,1,crunch,packaging,1
R02471,H00342,B19,,2025-01-01,5,1,portability,,0
R02472,H00410,B09,,2025-01-01,4,1,taste,,0
R02473,H01173,B19,,2025-01-01,3,0,,portability,0
R02474,H01245,B01,,2025-01-01,4,0,refreshing,,1
R02475,H01273,B13,P018,2025-01-01,5,1,texture,heat,1
R02476,H01275,B11,P018,2025-01-01,4,1,texture,,0
R02477,H01276,B13,P018,2025-01-01,5,1,texture,,0
R02478,H00047,B18,,2025-01-02,3,1,,texture,0
R02479,H00208,B14,,2025-01-02,5,1,texture,,0
R02480,H00226,B14,,2025-01-02,4,1,heat,jar size,1
R02481,H00478,B19,,2025-01-02,3,0,,ingredients,0
R02482,H00574,B11,,2025-01-02,5,1,price,sweetness,1
R02483,H00675,B02,,2025-01-02,4,1,can design,,1
R02484,H00955,B05,,2025-01-02,4,0,packaging,,1
R02485,H01056,B01,,2025-01-02,3,0,refreshing,,0
R02486,H01275,B05,P018,2025-01-02,3,0,,saltiness,1
R02487,H01278,B11,P018,2025-01-02,4,0,ingredients,texture,0
R02488,H00059,B20,,2025-01-03,5,1,ingredients,,1
R02489,H00208,B05,,2025-01-03,5,1,price,,1
R02490,H00623,B09,,2025-01-03,4,1,packaging,,0
R02491,H00438,B11,,2025-01-04,2,1,,sweetness,0
R02492,H00449,B01,,2025-01-04,5,1,fizz,,1
R02493,H00777,B03,,2025-01-04,5,1,refreshing,taste,1
R02494,H00877,B19,,2025-01-04,3,1,energy boost,,1
R02495,H00158,B10,,2025-01-05,5,1,sweetness,,1
R02496,H00159,B12,,2025-01-05,3,1,ingredients,,0
R02497,H00304,B20,,2025-01-05,4,1,price,,1
R02498,H00565,B09,,2025-01-05,5,1,texture,,1
R02499,H00610,B07,,2025-01-05,4,1,portion size,,1
R02500,H00644,B14,,2025-01-05,3,0,versatility,,1
R02501,H00670,B04,,2025-01-05,5,1,can design,,1
R02502,H00685,B15,,2025-01-05,3,1,,jar size,0
R02503,H00837,B09,,2025-01-05,3,0,texture,,1
R02504,H00896,B17,,2025-01-05,4,1,ingredients,,1
R02505,H00898,B18,,2025-01-05,5,1,price,,1
R02506,H01252,B18,,2025-01-05,3,0,portability,,1
R02507,H01274,B20,,2025-01-05,4,1,price,,0
R02508,H01304,B13,P019,2025-01-05,4,1,texture,,1
R02509,H01310,B01,P019,2025-01-05,3,0,,refreshing,1
R02510,H01312,B01,P019,2025-01-05,4,0,fizz,,0
R02511,H01316,B05,P019,2025-01-05,4,1,crunch,,1
R02512,H01316,B11,P019,2025-01-05,5,1,sweetness,,1
R02513,H01323,B13,P019,2025-01-05,4,1,heat,,0
R02514,H01327,B13,P019,2025-01-05,4,0,price,,0
R02515,H01331,B11,P019,2025-01-05,4,1,texture,,0
R02516,H00085,B08,,2025-01-06,4,1,price,,1
R02517,H00564,B14,,2025-01-06,3,1,,texture,0
R02518,H00726,B06,,2025-01-06,5,1,seasoning,,1
R02519,H00765,B15,,2025-01-06,2,0,,versatility,0
R02520,H00962,B17,,2025-01-06,4,1,price,,1
R02521,H01269,B20,,2025-01-06,3,0,energy boost,,1
R02522,H01302,B05,,2025-01-06,2,0,,portion size,0
R02523,H01310,B13,P019,2025-01-06,3,0,jar size,,1
R02524,H01311,B11,P019,2025-01-06,4,1,sweetness,packaging,0
R02525,H01312,B11,P019,2025-01-06,3,0,taste,,1
R02526,H01315,B11,P019,2025-01-06,4,1,texture,,1
R02527,H01328,B05,P019,2025-01-06,4,1,price,saltiness,1
R02528,H01331,B17,P019,2025-01-06,2,0,,ingredients,0
R02529,H00294,B06,,2025-01-07,2,1,,crunch,0
R02530,H00434,B07,,2025-01-07,4,0,packaging,,1
R02531,H00541,B15,,2025-01-07,4,1,flavour depth,,1
R02532,H00752,B06,,2025-01-07,2,0,,packaging,0
R02533,H00797,B01,,2025-01-07,4,0,refreshing,,1
R02534,H00935,B06,,2025-01-07,4,1,portion size,,1
R02535,H01054,B15,,2025-01-07,2,0,price,versatility,0
R02536,H01156,B09,,2025-01-07,3,1,,ingredients,1
R02537,H01214,B13,,2025-01-07,5,1,heat,,1
R02538,H01305,B05,P019,2025-01-07,5,1,seasoning,,0
R02539,H01306,B11,P019,2025-01-07,4,1,sweetness,,0
R02540,H01308,B11,P019,2025-01-07,5,1,sweetness,price,1
R02541,H01312,B13,P019,2025-01-07,3,0,price,,0
R02542,H01316,B13,P019,2025-01-07,4,1,heat,,0
R02543,H01318,B17,P019,2025-01-07,4,1,energy boost,price,1
R02544,H01325,B13,P019,2025-01-07,4,1,flavour depth,,0
R02545,H01326,B01,P019,2025-01-07,5,1,price,,1
R02546,H01330,B17,P019,2025-01-07,4,1,energy boost,texture,0
R02547,H00286,B15,,2025-01-08,3,0,texture,,1
R02548,H00361,B09,,2025-01-08,4,0,packaging,,0
R02549,H00400,B18,,2025-01-08,3,1,,portability,0
R02550,H00543,B10,,2025-01-08,4,1,sweetness,taste,0
R02551,H00579,B07,,2025-01-08,4,1,portion size,,0
R02552,H00753,B16,,2025-01-08,5,1,heat,,1
R02553,H00800,B16,,2025-01-08,4,1,jar size,,0
R02554,H00974,B16,,2025-01-08,5,1,jar size,,1
R02555,H01123,B14,,2025-01-08,2,0,,jar size,0
R02556,H01159,B01,,2025-01-08,4,0,price,,1
R02557,H01205,B05,,2025-01-08,4,1,price,,1
R02558,H01308,B05,P019,2025-01-08,4,1,saltiness,,1
R02559,H01311,B05,P019,2025-01-08,4,0,portion size,,1
R02560,H01311,B17,P019,2025-01-08,2,0,texture,energy boost,1
R02561,H01318,B11,P019,2025-01-08,5,1,ingredients,packaging,0
R02562,H01321,B05,P019,2025-01-08,3,1,,seasoning,0
R02563,H01323,B05,P019,2025-01-08,4,1,price,,1
R02564,H01325,B01,P019,2025-01-08,4,1,price,,1
R02565,H01327,B11,P019,2025-01-08,4,1,texture,,1
R02566,H00297,B15,,2025-01-09,3,0,,texture,0
R02567,H00533,B02,,2025-01-09,4,1,sweetness,fizz,1
R02568,H00701,B20,,2025-01-09,4,0,texture,,1
R02569,H01229,B16,,2025-01-09,5,1,versatility,,1
R02570,H01302,B20,,2025-01-09,4,0,texture,,0
R02571,H01307,B11,P019,2025-01-09,3,0,price,,0
R02572,H01316,B01,P019,2025-01-09,4,1,fizz,,0
R02573,H01320,B01,P019,2025-01-09,5,1,refreshing,,0
R02574,H01321,B13,P019,2025-01-09,4,1,versatility,,1
R02575,H01323,B11,P019,2025-01-09,5,1,taste,,1
R02576,H01328,B11,P019,2025-01-09,4,1,packaging,,0
R02577,H00352,B05,,2025-01-10,4,1,price,,1
R02578,H00455,B12,,2025-01-10,5,1,ingredients,,0
R02579,H00559,B10,,2025-01-10,5,1,sweetness,texture,1
R02580,H00595,B04,,2025-01-10,2,0,,sweetness,0
R02581,H00759,B15,,2025-01-10,3,0,flavour depth,,1
R02582,H00857,B07,,2025-01-10,4,1,packaging,,1
R02583,H00887,B03,,2025-01-10,4,1,aftertaste,can design,0
R02584,H01167,B06,,2025-01-10,3,1,portion size,,1
R02585,H01309,B01,P019,2025-01-10,3,0,,can design,0
R02586,H01314,B13,P019,2025-01-10,5,1,flavour depth,,1
R02587,H01317,B05,P019,2025-01-10,5,1,saltiness,,0
R02588,H01319,B11,P019,2025-01-10,5,1,price,,0
R02589,H01319,B13,P019,2025-01-10,5,1,heat,,1
R02590,H01320,B11,P019,2025-01-10,5,1,taste,,0
R02591,H01327,B05,P019,2025-01-10,4,0,saltiness,,1
R02592,H01328,B01,P019,2025-01-10,4,1,fizz,refreshing,1
R02593,H00064,B20,,2025-01-11,3,0,,taste,0
R02594,H00068,B18,,2025-01-11,5,1,ingredients,,0
R02595,H00467,B13,,2025-01-11,2,0,,flavour depth,0
R02596,H00620,B06,,2025-01-11,4,1,seasoning,,1
R02597,H00630,B12,,2025-01-11,3,0,texture,,0
R02598,H00674,B04,,2025-01-11,4,1,taste,,1
R02599,H01307,B18,,2025-01-11,3,0,,taste,0
R02600,H01317,B13,P019,2025-01-11,3,1,,flavour depth,1
R02601,H01323,B01,P019,2025-01-11,5,1,can design,,0
R02602,H01344,B01,P020,2025-01-11,3,0,refreshing,,1
R02603,H01345,B01,P020,2025-01-11,5,0,fizz,,1
R02604,H01346,B01,P020,2025-01-11,5,1,aftertaste,,1
R02605,H01356,B17,P020,2025-01-11,5,1,price,,1
R02606,H01363,B17,P020,2025-01-11,4,1,texture,,1
R02607,H01371,B01,P020,2025-01-11,4,1,refreshing,,1
R02608,H00126,B10,,2025-01-12,5,1,sweetness,,1
R02609,H00154,B17,,2025-01-12,3,0,portability,,1
R02610,H00247,B14,,2025-01-12,4,1,heat,,1
R02611,H00726,B08,,2025-01-12,5,1,packaging,,1
R02612,H00731,B05,,2025-01-12,2,0,portion size,price,0
R02613,H00927,B16,,2025-01-12,5,1,price,,1
R02614,H00958,B07,,2025-01-12,4,1,seasoning,,0
R02615,H01069,B03,,2025-01-12,4,1,can design,,1
R02616,H01073,B18,,2025-01-12,5,0,taste,,0
R02617,H01165,B14,,2025-01-12,4,1,versatility,,1
R02618,H01289,B05,,2025-01-12,4,0,price,,0
R02619,H01309,B13,P019,2025-01-12,4,1,texture,heat,0
R02620,H01314,B11,P019,2025-01-12,5,1,taste,,0
R02621,H01315,B05,P019,2025-01-12,5,1,crunch,,1
R02622,H01326,B11,P019,2025-01-12,4,1,sweetness,,0
R02623,H01350,B01,P020,2025-01-12,5,1,taste,,1
R02624,H01353,B01,P020,2025-01-12,5,1,price,,1
R02625,H01356,B13,P020,2025-01-12,4,0,heat,,0
R02626,H01361,B17,P020,2025-01-12,4,1,price,texture,1
R02627,H01363,B01,P020,2025-01-12,4,0,fizz,,1
R02628,H01370,B05,P020,2025-01-12,4,1,portion size,price,1
R02629,H00234,B20,,2025-01-13,3,1,,ingredients,0
R02630,H00374,B09,,2025-01-13,3,0,,ingredients,0
R02631,H00377,B06,,2025-01-13,4,1,crunch,,1
R02632,H00623,B02,,2025-01-13,4,1,taste,sweetness,0
R02633,H00662,B17,,2025-01-13,5,1,portability,,1
R02634,H00670,B06,,2025-01-13,5,1,seasoning,,1
R02635,H00905,B03,,2025-01-13,3,0,price,,1
R02636,H01084,B07,,2025-01-13,4,1,price,,1
R02637,H01283,B16,,2025-01-13,5,1,flavour depth,versatility,1
R02638,H01347,B01,P020,2025-01-13,5,1,refreshing,can design,1
R02639,H01350,B17,P020,2025-01-13,4,1,taste,,1
R02640,H01366,B01,P020,2025-01-13,5,1,can design,taste,1
R02641,H01368,B01,P020,2025-01-13,4,1,sweetness,,1
R02642,H00483,B07,,2025-01-14,5,1,saltiness,,1
R02643,H00517,B17,,2025-01-14,4,1,energy boost,texture,1
R02644,H00550,B05,,2025-01-14,4,1,saltiness,crunch,1
R02645,H00774,B14,,2025-01-14,3,0,,jar size,0
R02646,H00821,B07,,2025-01-14,3,1,portion size,,0
R02647,H00839,B01,,2025-01-14,4,1,sweetness,,1
R02648,H01066,B01,,2025-01-14,5,1,aftertaste,,1
R02649,H01257,B20,,2025-01-14,4,0,ingredients,,0
R02650,H01291,B11,,2025-01-14,3,1,,sweetness,0
R02651,H01299,B19,,2025-01-14,4,1,energy boost,portability,1
R02652,H01346,B05,P020,2025-01-14,2,0,,packaging,1
R02653,H01346,B17,P020,2025-01-14,5,1,ingredients,,1
R02654,H01351,B11,P020,2025-01-14,5,1,sweetness,,1
R02655,H01351,B17,P020,2025-01-14,3,0,price,,1
R02656,H01358,B13,P020,2025-01-14,4,1,texture,,1
R02657,H01366,B05,P020,2025-01-14,4,1,portion size,,1
R02658,H01367,B01,P020,2025-01-14,5,1,aftertaste,,1
R02659,H01370,B01,P020,2025-01-14,5,0,sweetness,,1
R02660,H01372,B13,P020,2025-01-14,4,1,versatility,,1
R02661,H00065,B14,,2025-01-15,2,0,,flavour depth,0
R02662,H00075,B17,,2025-01-15,4,1,taste,,1
R02663,H00333,B09,,2025-01-15,3,0,taste,,0
R02664,H00443,B19,,2025-01-15,4,1,ingredients,,1
R02665,H00488,B03,,2025-01-15,4,1,fizz,,1
R02666,H00592,B13,,2025-01-15,3,1,,price,1
R02667,H00772,B14,,2025-01-15,4,1,texture,,1
R02668,H00778,B19,,2025-01-15,2,0,,price,0
R02669,H00899,B20,,2025-01-15,3,1,texture,,0
R02670,H01159,B06,,2025-01-15,5,1,price,,1
R02671,H01270,B04,,2025-01-15,4,1,can design,price,0
R02672,H01282,B15,,2025-01-15,5,1,heat,,1
R02673,H01345,B13,P020,2025-01-15,4,1,flavour depth,,1
R02674,H01347,B13,P020,2025-01-15,4,1,heat,,1
R02675,H01350,B11,P020,2025-01-15,5,1,price,,0
R02676,H01352,B17,P020,2025-01-15,4,1,portability,energy boost,1
R02677,H01353,B13,P020,2025-01-15,4,1,versatility,,1
R02678,H01357,B05,P020,2025-01-15,3,0,seasoning,,1
R02679,H01359,B01,P020,2025-01-15,5,1,can design,,1
R02680,H01359,B05,P020,2025-01-15,4,0,seasoning,,1
R02681,H01359,B04,,2025-01-15,5,1,can design,,0
R02682,H01360,B17,P020,2025-01-15,3,0,,price,1
R02683,H01361,B05,P020,2025-01-15,4,1,portion size,,1
R02684,H01361,B13,P020,2025-01-15,3,1,,flavour depth,1
R02685,H01364,B01,P020,2025-01-15,4,1,price,,1
R02686,H01365,B17,P020,2025-01-15,5,1,texture,price,1
R02687,H01367,B05,P020,2025-01-15,3,1,saltiness,,1
R02688,H01370,B11,P020,2025-01-15,4,1,ingredients,,1
R02689,H00145,B13,,2025-01-16,4,1,flavour depth,heat,1
R02690,H00261,B16,,2025-01-16,3,0,,price,0
R02691,H00511,B11,,2025-01-16,5,1,sweetness,,1
R02692,H00811,B03,,2025-01-16,4,1,can design,,0
R02693,H00815,B14,,2025-01-16,3,0,jar size,,0
R02694,H01066,B04,,2025-01-16,3,1,refreshing,,0
R02695,H01073,B11,,2025-01-16,5,1,packaging,,0
R02696,H01094,B17,,2025-01-16,4,1,price,,1
R02697,H01149,B18,,2025-01-16,4,1,portability,,1
R02698,H01164,B04,,2025-01-16,5,1,fizz,,1
R02699,H01343,B11,P020,2025-01-16,5,1,price,,0
R02700,H01344,B11,P020,2025-01-16,4,1,taste,ingredients,0
R02701,H01344,B17,P020,2025-01-16,5,1,taste,,0
R02702,H01348,B13,P020,2025-01-16,1,0,,price,1
R02703,H01354,B05,P020,2025-01-16,4,1,packaging,,0
R02704,H01358,B11,P020,2025-01-16,4,1,price,ingredients,0
R02705,H01362,B05,P020,2025-01-16,4,1,saltiness,,1
R02706,H01368,B05,P020,2025-01-16,5,1,crunch,,1
R02707,H01371,B17,P020,2025-01-16,4,1,portability,,1
R02708,H00190,B19,,2025-01-17,4,1,taste,price,1
R02709,H00231,B02,,2025-01-17,5,1,aftertaste,price,1
R02710,H00464,B11,,2025-01-17,5,1,ingredients,,1
R02711,H00491,B11,,2025-01-17,4,1,packaging,,1
R02712,H01209,B11,,2025-01-17,2,0,,taste,0
R02713,H01224,B13,,2025-01-17,4,1,price,,1
R02714,H01330,B11,,2025-01-17,4,0,taste,sweetness,0
R02715,H01344,B05,P020,2025-01-17,3,0,,crunch,0
R02716,H01345,B17,P020,2025-01-17,3,1,taste,,1
R02717,H01351,B01,P020,2025-01-17,5,1,sweetness,,1
R02718,H01353,B17,P020,2025-01-17,3,1,price,,1
R02719,H01354,B17,P020,2025-01-17,3,0,price,,0
R02720,H01355,B01,P020,2025-01-17,5,1,sweetness,,1
R02721,H01355,B05,,2025-01-17,4,1,portion size,,1
R02722,H01356,B05,P020,2025-01-17,5,0,portion size,crunch,1
R02723,H01364,B13,P020,2025-01-17,3,0,,versatility,0
R02724,H01365,B13,P020,2025-01-17,5,0,flavour depth,,0
R02725,H01367,B13,P020,2025-01-17,4,1,texture,price,1
R02726,H01368,B13,P020,2025-01-17,1,0,,jar size,1
R02727,H00094,B20,,2025-01-18,5,1,portability,,1
R02728,H00159,B08,,2025-01-18,5,1,packaging,,1
R02729,H00372,B01,,2025-01-18,3,0,,aftertaste,1
R02730,H00696,B12,,2025-01-18,4,0,packaging,price,1
R02731,H00817,B16,,2025-01-18,5,1,heat,,1
R02732,H00937,B02,,2025-01-18,4,1,taste,can design,1
R02733,H01041,B11,,2025-01-18,3,1,sweetness,,0
R02734,H01194,B18,,2025-01-18,4,1,energy boost,,0
R02735,H01320,B14,,2025-01-18,3,0,,versatility,0
R02736,H01351,B05,P020,2025-01-18,3,0,price,,1
R02737,H01358,B01,P020,2025-01-18,4,1,sweetness,aftertaste,1
R02738,H01361,B01,P020,2025-01-18,4,0,refreshing,,1
R02739,H01364,B11,P020,2025-01-18,3,0,,sweetness,1
R02740,H01368,B17,P020,2025-01-18,3,0,taste,,1
R02741,H01369,B17,P020,2025-01-18,4,1,price,,1
R02742,H01370,B13,P020,2025-01-18,4,1,versatility,,0
R02743,H00006,B14,,2025-01-19,5,1,price,texture,1
R02744,H00335,B09,,2025-01-19,4,1,ingredients,,0
R02745,H00889,B08,,2025-01-19,2,0,portion size,packaging,0
R02746,H00890,B09,,2025-01-19,5,1,texture,,1
R02747,H01317,B14,,2025-01-19,4,1,jar size,,1
R02748,H01326,B02,,2025-01-19,3,0,,aftertaste,0
R02749,H00634,B03,,2025-01-20,4,1,price,,1
R02750,H00751,B06,,2025-01-20,4,1,saltiness,,0
R02751,H00784,B19,,2025-01-20,3,0,energy boost,,0
R02752,H00847,B17,,2025-01-20,5,1,portability,,1
R02753,H01191,B01,,2025-01-20,4,0,aftertaste,can design,1
R02754,H01389,B09,,2025-01-20,3,1,,texture,1
R02755,H00110,B08,,2025-01-21,3,1,,portion size,0
R02756,H00252,B14,,2025-01-21,4,0,jar size,,1
R02757,H00524,B03,,2025-01-21,4,0,sweetness,,1
R02758,H00803,B09,,2025-01-21,2,0,ingredients,texture,0
R02759,H01078,B04,,2025-01-21,2,0,,aftertaste,0
R02760,H01295,B08,,2025-01-21,3,1,packaging,,0
R02761,H00181,B03,,2025-01-22,5,1,sweetness,,1
R02762,H00510,B07,,2025-01-22,3,0,portion size,,0
R02763,H00573,B02,,2025-01-22,4,1,sweetness,,0
R02764,H00656,B04,,2025-01-22,5,1,taste,,1
R02765,H00778,B08,,2025-01-22,4,1,price,,1
R02766,H00870,B03,,2025-01-22,4,1,aftertaste,,1
R02767,H00870,B08,,2025-01-22,4,0,saltiness,,1
R02768,H01368,B20,,2025-01-22,3,0,,taste,1
R02769,H00275,B06,,2025-01-23,5,1,packaging,,1
R02770,H00551,B13,,2025-01-23,4,1,heat,,1
R02771,H00771,B09,,2025-01-23,3,1,,sweetness,1
R02772,H00043,B17,,2025-01-24,4,0,taste,,0
R02773,H00193,B13,,2025-01-24,3,1,,flavour depth,1
R02774,H00234,B19,,2025-01-24,3,1,,texture,0
R02775,H00267,B13,,2025-01-24,2,0,,heat,0
R02776,H00489,B12,,2025-01-24,2,0,,price,0
R02777,H00541,B02,,2025-01-24,3,0,refreshing,,0
R02778,H00608,B12,,2025-01-24,1,0,,ingredients,0
R02779,H00753,B09,,2025-01-24,3,1,packaging,,0
R02780,H01141,B18,,2025-01-24,5,1,energy boost,portability,1
R02781,H01306,B09,,2025-01-24,5,1,sweetness,,1
R02782,H00147,B04,,2025-01-25,2,0,price,can design,1
R02783,H00164,B15,,2025-01-25,4,1,jar size,,0
R02784,H00526,B13,,2025-01-25,5,0,jar size,,1
R02785,H00656,B09,,2025-01-25,5,1,packaging,ingredients,1
R02786,H00736,B11,,2025-01-25,4,0,price,,1
R02787,H00785,B04,,2025-01-25,4,1,fizz,,1
R02788,H00959,B06,,2025-01-25,4,0,packaging,seasoning,1
R02789,H00980,B08,,2025-01-25,4,1,seasoning,saltiness,0
R02790,H01304,B03,,2025-01-25,4,1,refreshing,,1
R02791,H01367,B17,,2025-01-25,3,0,,energy boost,1
R02792,H00035,B06,,2025-01-26,3,1,seasoning,,1
R02793,H00070,B07,,2025-01-26,4,1,crunch,,0
R02794,H00346,B19,,2025-01-26,3,0,taste,,1
R02795,H00668,B12,,2025-01-26,3,0,taste,,0
R02796,H00848,B07,,2025-01-26,5,1,seasoning,price,1
R02797,H00863,B16,,2025-01-26,5,1,heat,,1
R02798,H00915,B08,,2025-01-26,4,1,price,,1
R02799,H01026,B16,,2025-01-26,5,0,price,,1
R02800,H01190,B01,,2025-01-26,5,0,refreshing,,1
R02801,H01272,B11,,2025-01-26,4,1,texture,,0
R02802,H01396,B01,,2025-01-26,4,1,aftertaste,refreshing,1
R02803,H00173,B18,,2025-01-27,3,0,,ingredients,0
R02804,H00389,B17,,2025-01-27,4,1,texture,,1
R02805,H00404,B10,,2025-01-27,4,1,ingredients,,0
R02806,H00469,B20,,2025-01-27,4,1,taste,,0
R02807,H00579,B18,,2025-01-27,5,1,price,energy boost,1
R02808,H00902,B03,,2025-01-27,4,0,refreshing,,1
R02809,H00936,B02,,2025-01-27,4,0,taste,,0
R02810,H01155,B11,,2025-01-27,4,0,ingredients,,0
R02811,H01221,B11,,2025-01-27,5,1,ingredients,packaging,1
R02812,H01240,B02,,2025-01-27,5,1,refreshing,sweetness,1
R02813,H01333,B13,,2025-01-27,2,0,versatility,price,0
R02814,H01404,B14,,2025-01-27,3,0,,versatility,0
R02815,H00055,B14,,2025-01-28,5,1,heat,,1
R02816,H00257,B13,,2025-01-28,3,0,flavour depth,,0
R02817,H00529,B13,,2025-01-28,3,0,flavour depth,,1
R02818,H00562,B19,,2025-01-28,3,1,,ingredients,1
R02819,H00596,B14,,2025-01-28,3,1,,versatility,0
R02820,H00711,B02,,2025-01-28,4,1,fizz,,1
R02821,H00746,B17,,2025-01-28,2,1,,texture,1
R02822,H00849,B14,,2025-01-28,5,1,versatility,texture,1
R02823,H00931,B04,,2025-01-28,4,1,aftertaste,,1
R02824,H01083,B07,,2025-01-28,5,1,packaging,,1
R02825,H01093,B12,,2025-01-28,3,1,,sweetness,0
R02826,H01095,B07,,2025-01-28,4,1,portion size,,1
R02827,H01186,B19,,2025-01-28,3,0,,price,0
R02828,H01259,B08,,2025-01-28,4,1,portion size,,0
R02829,H01338,B01,,2025-01-28,4,1,sweetness,,1
R02830,H00056,B13,,2025-01-29,3,0,,heat,1
R02831,H00175,B16,,2025-01-29,4,1,flavour depth,,1
R02832,H00213,B02,,2025-01-29,3,1,fizz,,0
R02833,H00292,B02,,2025-01-29,4,1,sweetness,,1
R02834,H00669,B16,,2025-01-29,4,0,heat,,1
R02835,H00707,B20,,2025-01-29,4,1,ingredients,,1
R02836,H00767,B10,,2025-01-29,5,1,price,,1
R02837,H01376,B16,,2025-01-29,3,0,,versatility,0
R02838,H00291,B11,,2025-01-30,5,0,price,,1
R02839,H00445,B04,,2025-01-30,4,0,refreshing,sweetness,0
R02840,H00531,B15,,2025-01-30,3,1,texture,,0
R02841,H00539,B03,,2025-01-30,4,1,refreshing,,1
R02842,H00540,B02,,2025-01-30,2,1,sweetness,taste,0
R02843,H00665,B07,,2025-01-30,3,0,crunch,,0
R02844,H00814,B16,,2025-01-30,4,1,texture,,0
R02845,H00841,B01,,2025-01-30,5,1,aftertaste,,1
R02846,H01286,B14,,2025-01-30,4,1,jar size,texture,0
R02847,H01304,B04,,2025-01-30,5,0,taste,,1
R02848,H00443,B17,,2025-01-31,4,1,taste,ingredients,1
R02849,H00585,B09,,2025-01-31,5,1,packaging,,1
R02850,H00758,B10,,2025-01-31,4,1,ingredients,,1
R02851,H00770,B18,,2025-01-31,3,0,texture,,0
R02852,H00845,B02,,2025-01-31,3,0,,fizz,0
R02853,H01162,B18,,2025-01-31,3,1,,ingredients,0
R02854,H01347,B05,,2025-01-31,3,1,,seasoning,1
R02855,H00639,B02,,2025-02-01,4,0,taste,,1
R02856,H00864,B18,,2025-02-01,4,0,price,,1
R02857,H00942,B16,,2025-02-01,4,1,texture,flavour depth,1
R02858,H01025,B13,,2025-02-01,4,1,texture,,1
R02859,H01043,B06,,2025-02-01,4,1,saltiness,,1
R02860,H01356,B10,,2025-02-01,5,1,texture,,1
R02861,H01380,B12,,2025-02-01,1,0,,price,0
R02862,H01421,B01,P021,2025-02-01,5,0,taste,,1
R02863,H01421,B05,P021,2025-02-01,3,0,,price,1
R02864,H01424,B05,P021,2025-02-01,4,1,portion size,,0
R02865,H01433,B05,P021,2025-02-01,3,0,,seasoning,1
R02866,H01433,B11,P021,2025-02-01,5,1,packaging,,0
R02867,H01434,B05,P021,2025-02-01,5,1,seasoning,,1
R02868,H01434,B17,P021,2025-02-01,3,0,texture,,1
R02869,H01436,B17,P021,2025-02-01,3,1,,taste,1
R02870,H01437,B01,P021,2025-02-01,4,0,aftertaste,fizz,1
R02871,H01438,B17,P021,2025-02-01,4,1,energy boost,texture,1
R02872,H01441,B01,P021,2025-02-01,5,1,taste,sweetness,1
R02873,H01449,B11,P021,2025-02-01,4,1,texture,,0
R02874,H01452,B11,,2025-02-01,4,1,texture,,0
R02875,H01458,B05,P021,2025-02-01,3,0,seasoning,,1
R02876,H01461,B17,P021,2025-02-01,3,0,ingredients,,0
R02877,H01465,B11,P021,2025-02-01,4,1,ingredients,taste,0
R02878,H01470,B13,P021,2025-02-01,5,1,texture,flavour depth,0
R02879,H01472,B13,P021,2025-02-01,4,1,flavour depth,,1
R02880,H01478,B17,P021,2025-02-01,5,1,price,,0
R02881,H01481,B05,P021,2025-02-01,4,0,price,,1
R02882,H00193,B16,,2025-02-02,3,1,price,,1
R02883,H00406,B14,,2025-02-02,4,1,flavour depth,,1
R02884,H00439,B15,,2025-02-02,5,1,versatility,,1
R02885,H00613,B01,,2025-02-02,5,1,taste,sweetness,1
R02886,H00666,B10,,2025-02-02,3,0,,packaging,0
R02887,H00701,B05,,2025-02-02,3,0,crunch,,1
R02888,H00801,B15,,2025-02-02,5,1,jar size,,1
R02889,H01186,B15,,2025-02-02,2,0,,versatility,0
R02890,H01252,B03,,2025-02-02,2,0,,sweetness,0
R02891,H01272,B08,,2025-02-02,4,1,price,,1
R02892,H01286,B04,,2025-02-02,3,0,,taste,1
R02893,H01426,B05,P021,2025-02-02,4,1,seasoning,,1
R02894,H01427,B11,P021,2025-02-02,4,1,sweetness,,0
R02895,H01429,B11,P021,2025-02-02,4,1,price,,0
R02896,H01430,B01,P021,2025-02-02,5,1,aftertaste,,0
R02897,H01438,B11,P021,2025-02-02,3,0,,price,0
R02898,H01447,B17,P021,2025-02-02,4,1,energy boost,,1
R02899,H01450,B11,P021,2025-02-02,4,1,taste,,1
R02900,H01454,B19,,2025-02-02,2,0,,texture,0
R02901,H01455,B13,P021,2025-02-02,5,1,flavour depth,,0
R02902,H01458,B17,P021,2025-02-02,4,1,price,,1
R02903,H01460,B05,P021,2025-02-02,3,0,portion size,,1
R02904,H01463,B13,P021,2025-02-02,5,1,flavour depth,,1
R02905,H01465,B01,P021,2025-02-02,4,0,sweetness,price,1
R02906,H01472,B11,P021,2025-02-02,5,0,packaging,,0
R02907,H01484,B17,P021,2025-02-02,3,1,,texture,1
R02908,H01486,B01,P021,2025-02-02,4,0,aftertaste,taste,0
R02909,H00138,B07,,2025-02-03,4,1,saltiness,,1
R02910,H00180,B05,,2025-02-03,2,0,,price,1
R02911,H00186,B17,,2025-02-03,3,1,,taste,1
R02912,H00360,B06,,2025-02-03,5,1,seasoning,portion size,1
R02913,H00573,B15,,2025-02-03,3,0,,jar size,0
R02914,H00650,B20,,2025-02-03,4,1,texture,,1
R02915,H00811,B10,,2025-02-03,5,1,sweetness,,0
R02916,H00828,B06,,2025-02-03,4,0,portion size,crunch,1
R02917,H00851,B05,,2025-02-03,3,0,,packaging,0
R02918,H01073,B12,,2025-02-03,4,1,taste,,0
R02919,H01080,B07,,2025-02-03,4,1,portion size,,1
R02920,H01311,B04,,2025-02-03,4,1,refreshing,,1
R02921,H01369,B07,,2025-02-03,3,0,price,,0
R02922,H01370,B02,,2025-02-03,2,0,,taste,0
R02923,H01427,B13,P021,2025-02-03,4,1,versatility,,1
R02924,H01427,B17,P021,2025-02-03,3,1,price,,1
R02925,H01428,B05,P021,2025-02-03,3,1,,portion size,1
R02926,H01433,B17,P021,2025-02-03,4,1,ingredients,,1
R02927,H01438,B05,P021,2025-02-03,5,1,saltiness,,1
R02928,H01445,B17,P021,2025-02-03,4,0,price,,0
R02929,H01453,B13,P021,2025-02-03,3,0,,texture,0
R02930,H01457,B01,P021,2025-02-03,3,1,price,,1
R02931,H01457,B17,,2025-02-03,3,1,,portability,0
R02932,H01459,B15,,2025-02-03,4,1,heat,,1
R02933,H01462,B11,P021,2025-02-03,4,1,price,,0
R02934,H01467,B01,P021,2025-02-03,3,1,,taste,1
R02935,H01467,B17,P021,2025-02-03,5,1,price,,1
R02936,H01470,B17,P021,2025-02-03,4,0,energy boost,,1
R02937,H01474,B14,,2025-02-03,5,1,versatility,,1
R02938,H01478,B11,P021,2025-02-03,3,0,,ingredients,0
R02939,H01486,B11,P021,2025-02-03,3,0,,texture,0
R02940,H01486,B17,P021,2025-02-03,4,0,energy boost,,1
R02941,H00005,B04,,2025-02-04,5,1,price,,0
R02942,H00104,B10,,2025-02-04,4,1,ingredients,,1
R02943,H00192,B07,,2025-02-04,5,1,saltiness,,1
R02944,H00533,B16,,2025-02-04,3,0,,heat,1
R02945,H00575,B03,,2025-02-04,3,0,taste,,1
R02946,H00845,B04,,2025-02-04,3,1,refreshing,,1
R02947,H00894,B19,,2025-02-04,3,1,texture,,1
R02948,H00941,B10,,2025-02-04,5,1,packaging,sweetness,1
R02949,H01285,B06,,2025-02-04,4,1,price,,0
R02950,H01390,B05,,2025-02-04,4,1,portion size,,1
R02951,H01422,B05,P021,2025-02-04,3,1,seasoning,,0
R02952,H01423,B17,P021,2025-02-04,3,1,,portability,0
R02953,H01429,B05,P021,2025-02-04,4,0,crunch,,0
R02954,H01429,B13,P021,2025-02-04,3,0,price,,1
R02955,H01435,B01,P021,2025-02-04,5,1,taste,,1
R02956,H01435,B17,P021,2025-02-04,3,1,price,,0
R02957,H01438,B19,,2025-02-04,5,1,portability,,1
R02958,H01448,B05,P021,2025-02-04,5,0,portion size,,1
R02959,H01452,B17,P021,2025-02-04,4,1,ingredients,,1
R02960,H01460,B01,P021,2025-02-04,5,1,sweetness,,0
R02961,H01462,B17,P021,2025-02-04,4,1,texture,,1
R02962,H01463,B01,P021,2025-02-04,3,0,aftertaste,,1
R02963,H01470,B01,P021,2025-02-04,4,1,refreshing,,1
R02964,H01470,B19,,2025-02-04,2,0,,energy boost,0
R02965,H01472,B01,P021,2025-02-04,4,0,fizz,,1
R02966,H01472,B05,P021,2025-02-04,4,1,seasoning,,1
R02967,H01474,B11,P021,2025-02-04,4,1,taste,,0
R02968,H00100,B16,,2025-02-05,2,0,texture,flavour depth,0
R02969,H00154,B06,,2025-02-05,5,1,crunch,,1
R02970,H00447,B20,,2025-02-05,3,0,,taste,0
R02971,H00631,B17,,2025-02-05,5,1,ingredients,,1
R02972,H00838,B11,,2025-02-05,5,0,taste,,1
R02973,H01275,B17,,2025-02-05,4,0,price,,1
R02974,H01400,B10,,2025-02-05,3,0,,packaging,1
R02975,H01404,B16,,2025-02-05,3,0,heat,,0
R02976,H01423,B01,P021,2025-02-05,2,0,,taste,1
R02977,H01426,B01,P021,2025-02-05,3,1,,refreshing,0
R02978,H01431,B05,P021,2025-02-05,4,0,seasoning,price,0
R02979,H01433,B13,P021,2025-02-05,4,1,price,texture,1
R02980,H01434,B13,P021,2025-02-05,4,1,flavour depth,,0
R02981,H01440,B05,P021,2025-02-05,4,1,seasoning,,1
R02982,H01443,B17,P021,2025-02-05,4,1,portability,ingredients,1
R02983,H01448,B01,P021,2025-02-05,4,1,sweetness,,1
R02984,H01455,B08,,2025-02-05,4,0,seasoning,,1
R02985,H01456,B11,P021,2025-02-05,4,1,packaging,,0
R02986,H01461,B05,P021,2025-02-05,4,1,price,,1
R02987,H01462,B01,P021,2025-02-05,4,0,fizz,,1
R02988,H01469,B13,P021,2025-02-05,4,1,heat,,0
R02989,H01470,B05,P021,2025-02-05,3,0,,packaging,1
R02990,H01473,B01,P021,2025-02-05,3,0,can design,,1
R02991,H01475,B06,,2025-02-05,5,1,packaging,,1
R02992,H01477,B11,P021,2025-02-05,4,0,price,sweetness,0
R02993,H01477,B13,P021,2025-02-05,4,1,flavour depth,,1
R02994,H01477,B17,P021,2025-02-05,3,0,,price,0
R02995,H01478,B05,P021,2025-02-05,4,1,portion size,,0
R02996,H00053,B11,,2025-02-06,3,0,,ingredients,0
R02997,H00054,B06,,2025-02-06,4,1,seasoning,,1
R02998,H00082,B15,,2025-02-06,3,0,flavour depth,,0
R02999,H00343,B04,,2025-02-06,5,1,price,,1
R03000,H00412,B17,,2025-02-06,5,1,ingredients,,1
R03001,H00667,B01,,2025-02-06,4,0,fizz,,1
R03002,H00884,B12,,2025-02-06,3,1,texture,,0
R03003,H01003,B11,,2025-02-06,2,0,,sweetness,0
R03004,H01084,B20,,2025-02-06,4,1,taste,,1
R03005,H01249,B02,,2025-02-06,3,0,,can design,0
R03006,H01352,B03,,2025-02-06,2,0,,sweetness,0
R03007,H01421,B13,P021,2025-02-06,3,0,flavour depth,,1
R03008,H01429,B01,P021,2025-02-06,3,0,,can design,1
R03009,H01430,B05,P021,2025-02-06,5,1,portion size,,0
R03010,H01431,B11,P021,2025-02-06,4,1,price,,0
R03011,H01439,B01,P021,2025-02-06,5,1,sweetness,aftertaste,1
R03012,H01442,B11,P021,2025-02-06,5,1,texture,,1
R03013,H01445,B13,P021,2025-02-06,3,0,,jar size,1
R03014,H01448,B17,P021,2025-02-06,5,1,texture,,1
R03015,H01451,B13,P021,2025-02-06,3,0,,jar size,0
R03016,H01455,B17,P021,2025-02-06,2,0,,portability,1
R03017,H01463,B11,P021,2025-02-06,5,1,texture,,0
R03018,H01465,B05,P021,2025-02-06,3,1,crunch,,0
R03019,H01479,B13,P021,2025-02-06,4,0,heat,texture,0
R03020,H00156,B08,,2025-02-07,4,0,crunch,,1
R03021,H00172,B11,,2025-02-07,5,1,sweetness,,1
R03022,H00183,B20,,2025-02-07,5,1,price,ingredients,1
R03023,H00673,B12,,2025-02-07,2,0,,sweetness,0
R03024,H00731,B02,,2025-02-07,5,1,taste,,1
R03025,H00910,B17,,2025-02-07,4,0,portability,,1
R03026,H00972,B14,,2025-02-07,3,1,jar size,,1
R03027,H01000,B11,,2025-02-07,5,1,texture,,1
R03028,H01096,B11,,2025-02-07,4,1,ingredients,sweetness,0
R03029,H01190,B11,,2025-02-07,5,1,sweetness,,1
R03030,H01202,B09,,2025-02-07,5,1,texture,,0
R03031,H01432,B01,P021,2025-02-07,5,1,taste,sweetness,0
R03032,H01436,B11,P021,2025-02-07,5,1,price,,0
R03033,H01437,B05,P021,2025-02-07,5,1,portion size,,1
R03034,H01437,B13,P021,2025-02-07,4,1,flavour depth,,0
R03035,H01443,B01,P021,2025-02-07,5,1,can design,,1
R03036,H01466,B11,P021,2025-02-07,3,1,,sweetness,0
R03037,H01468,B01,P021,2025-02-07,3,1,fizz,,1
R03038,H01471,B01,P021,2025-02-07,3,0,,refreshing,1
R03039,H01476,B05,P021,2025-02-07,4,1,seasoning,,1
R03040,H01476,B13,P021,2025-02-07,5,1,texture,,0
R03041,H01480,B01,P021,2025-02-07,3,0,,refreshing,0
R03042,H01489,B18,,2025-02-07,5,1,portability,,1
R03043,H00100,B18,,2025-02-08,5,1,texture,,1
R03044,H00490,B06,,2025-02-08,5,1,saltiness,,1
R03045,H00624,B03,,2025-02-08,3,0,price,,1
R03046,H00739,B12,,2025-02-08,3,1,,price,0
R03047,H00850,B06,,2025-02-08,4,0,saltiness,,1
R03048,H01014,B04,,2025-02-08,5,1,price,,1
R03049,H01154,B09,,2025-02-08,4,1,ingredients,,1
R03050,H01426,B13,P021,2025-02-08,5,1,heat,,0
R03051,H01431,B01,P021,2025-02-08,3,1,fizz,,1
R03052,H01432,B05,P021,2025-02-08,3,0,saltiness,,1
R03053,H01434,B11,P021,2025-02-08,4,0,packaging,texture,1
R03054,H01440,B01,P021,2025-02-08,4,1,fizz,sweetness,1
R03055,H01441,B05,P021,2025-02-08,3,1,saltiness,,0
R03056,H01443,B13,P021,2025-02-08,2,0,,flavour depth,1
R03057,H01444,B05,P021,2025-02-08,4,1,price,,0
R03058,H01447,B13,P021,2025-02-08,4,0,jar size,,0
R03059,H01448,B13,P021,2025-02-08,4,1,flavour depth,,1
R03060,H01451,B01,P021,2025-02-08,5,0,taste,,0
R03061,H01460,B11,P021,2025-02-08,4,1,sweetness,,1
R03062,H01461,B11,P021,2025-02-08,5,1,price,,1
R03063,H01466,B05,P021,2025-02-08,3,0,,price,1
R03064,H01467,B13,P021,2025-02-08,3,0,jar size,,1
R03065,H01473,B11,P021,2025-02-08,4,1,packaging,,0
R03066,H01476,B11,P021,2025-02-08,4,1,taste,,1
R03067,H01503,B13,P022,2025-02-08,4,1,versatility,texture,1
R03068,H01509,B05,P022,2025-02-08,4,0,saltiness,,1
R03069,H01512,B17,P022,2025-02-08,4,1,portability,,0
R03070,H01519,B11,P022,2025-02-08,5,1,price,,1
R03071,H01519,B13,P022,2025-02-08,4,1,versatility,jar size,0
R03072,H01541,B05,P022,2025-02-08,3,0,,packaging,1
R03073,H01547,B07,,2025-02-08,4,0,packaging,,1
R03074,H00005,B05,,2025-02-09,3,0,,crunch,1
R03075,H00147,B02,,2025-02-09,4,1,fizz,,0
R03076,H00246,B19,,2025-02-09,3,0,,ingredients,0
R03077,H00487,B18,,2025-02-09,4,0,energy boost,,1
R03078,H00730,B20,,2025-02-09,3,1,,ingredients,1
R03079,H00911,B19,,2025-02-09,5,1,portability,,1
R03080,H00942,B07,,2025-02-09,4,1,seasoning,,1
R03081,H01021,B07,,2025-02-09,4,1,price,,1
R03082,H01023,B09,,2025-02-09,4,1,ingredients,,1
R03083,H01063,B14,,2025-02-09,2,0,,flavour depth,0
R03084,H01091,B18,,2025-02-09,4,0,ingredients,taste,1
R03085,H01107,B13,,2025-02-09,4,1,versatility,,1
R03086,H01415,B15,,2025-02-09,5,1,flavour depth,,1
R03087,H01512,B11,P022,2025-02-09,5,0,texture,,0
R03088,H01517,B13,P022,2025-02-09,3,1,versatility,,1
R03089,H01519,B01,P022,2025-02-09,5,1,taste,,0
R03090,H01526,B01,P022,2025-02-09,3,1,fizz,,0
R03091,H01544,B01,P022,2025-02-09,2,0,,can design,1
R03092,H01547,B05,P022,2025-02-09,4,1,price,seasoning,1
R03093,H00085,B16,,2025-02-10,4,1,jar size,,1
R03094,H00162,B20,,2025-02-10,3,1,,price,1
R03095,H00300,B09,,2025-02-10,5,1,sweetness,,1
R03096,H00949,B15,,2025-02-10,4,1,price,,0
R03097,H00979,B16,,2025-02-10,3,0,,texture,0
R03098,H01103,B08,,2025-02-10,4,1,price,,1
R03099,H01167,B14,,2025-02-10,4,1,versatility,heat,0
R03100,H01180,B07,,2025-02-10,4,1,price,,1
R03101,H01251,B04,,2025-02-10,4,1,fizz,,1
R03102,H01410,B17,,2025-02-10,4,1,energy boost,,1
R03103,H01475,B14,,2025-02-10,4,1,texture,flavour depth,0
R03104,H01506,B07,,2025-02-10,4,1,packaging,,1
R03105,H01507,B01,P022,2025-02-10,4,1,can design,aftertaste,1
R03106,H01514,B01,P022,2025-02-10,4,1,price,,1
R03107,H01520,B05,P022,2025-02-10,4,0,seasoning,,1
R03108,H01525,B11,P022,2025-02-10,5,1,texture,,0
R03109,H01532,B01,P022,2025-02-10,3,1,price,,1
R03110,H01538,B13,P022,2025-02-10,4,1,texture,jar size,0
R03111,H01539,B13,P022,2025-02-10,5,1,jar size,,1
R03112,H01546,B05,P022,2025-02-10,3,0,,crunch,1
R03113,H01548,B13,P022,2025-02-10,4,0,texture,,0
R03114,H00138,B06,,2025-02-11,5,1,portion size,,1
R03115,H00838,B04,,2025-02-11,2,0,refreshing,aftertaste,0
R03116,H00875,B04,,2025-02-11,2,0,,aftertaste,0
R03117,H01111,B17,,2025-02-11,4,1,portability,taste,1
R03118,H01129,B08,,2025-02-11,4,1,crunch,,0
R03119,H01221,B18,,2025-02-11,3,1,ingredients,,0
R03120,H01500,B05,P022,2025-02-11,4,1,packaging,,0
R03121,H01502,B17,P022,2025-02-11,2,0,,price,0
R03122,H01511,B13,P022,2025-02-11,3,0,,flavour depth,1
R03123,H01518,B01,P022,2025-02-11,4,1,fizz,,1
R03124,H01523,B13,P022,2025-02-11,4,1,jar size,,0
R03125,H01524,B13,P022,2025-02-11,5,0,flavour depth,,1
R03126,H01525,B05,P022,2025-02-11,4,1,saltiness,price,0
R03127,H01535,B13,P022,2025-02-11,4,1,jar size,,1
R03128,H01536,B17,P022,2025-02-11,3,0,,energy boost,1
R03129,H01540,B11,P022,2025-02-11,3,0,,price,1
R03130,H01544,B13,P022,2025-02-11,4,0,jar size,,0
R03131,H01548,B17,P022,2025-02-11,4,0,texture,,1
R03132,H00138,B05,,2025-02-12,3,1,,price,1
R03133,H00260,B12,,2025-02-12,4,1,texture,,1
R03134,H00545,B05,,2025-02-12,4,0,crunch,,1
R03135,H00687,B08,,2025-02-12,4,1,seasoning,,0
R03136,H00726,B04,,2025-02-12,4,1,aftertaste,,0
R03137,H00859,B09,,2025-02-12,2,0,,ingredients,0
R03138,H01096,B18,,2025-02-12,3,0,,ingredients,0
R03139,H01216,B07,,2025-02-12,4,1,saltiness,,0
R03140,H01440,B07,,2025-02-12,5,1,saltiness,,1
R03141,H01499,B01,P022,2025-02-12,3,0,fizz,,1
R03142,H01502,B13,P022,2025-02-12,5,1,price,,1
R03143,H01511,B05,P022,2025-02-12,3,1,portion size,,1
R03144,H01513,B05,P022,2025-02-12,4,0,saltiness,,1
R03145,H01518,B17,P022,2025-02-12,4,1,portability,,1
R03146,H01522,B17,P022,2025-02-12,5,0,ingredients,texture,0
R03147,H01530,B01,P022,2025-02-12,4,1,fizz,,0
R03148,H01530,B05,P022,2025-02-12,4,1,saltiness,,0
R03149,H01531,B13,P022,2025-02-12,5,1,heat,,1
R03150,H01533,B13,P022,2025-02-12,4,1,price,jar size,0
R03151,H01539,B01,P022,2025-02-12,5,1,refreshing,,1
R03152,H01545,B05,P022,2025-02-12,3,0,,crunch,1
R03153,H00010,B04,,2025-02-13,1,0,,aftertaste,0
R03154,H00057,B17,,2025-02-13,5,1,portability,,0
R03155,H00068,B13,,2025-02-13,3,1,versatility,,1
R03156,H00393,B17,,2025-02-13,4,1,ingredients,texture,1
R03157,H00463,B20,,2025-02-13,3,0,texture,,0
R03158,H00497,B05,,2025-02-13,4,0,crunch,,1
R03159,H00518,B18,,2025-02-13,5,1,price,ingredients,1
R03160,H00866,B14,,2025-02-13,4,1,flavour depth,,1
R03161,H00964,B08,,2025-02-13,3,0,,saltiness,0
R03162,H01364,B15,,2025-02-13,2,0,,heat,0
R03163,H01420,B20,,2025-02-13,4,0,portability,,1
R03164,H01498,B13,P022,2025-02-13,3,0,texture,,0
R03165,H01499,B17,P022,2025-02-13,4,0,ingredients,,1
R03166,H01508,B13,P022,2025-02-13,3,0,jar size,,1
R03167,H01509,B11,P022,2025-02-13,5,1,taste,,1
R03168,H01510,B05,P022,2025-02-13,3,0,,price,0
R03169,H01513,B13,P022,2025-02-13,5,0,jar size,flavour depth,0
R03170,H01516,B05,P022,2025-02-13,4,1,packaging,,1
R03171,H01518,B11,P022,2025-02-13,4,1,price,,0
R03172,H01519,B05,P022,2025-02-13,3,0,,packaging,1
R03173,H01521,B13,P022,2025-02-13,4,1,heat,,1
R03174,H01529,B17,P022,2025-02-13,2,0,,texture,1
R03175,H01533,B11,P022,2025-02-13,3,0,,taste,1
R03176,H01541,B01,P022,2025-02-13,5,1,fizz,,1
R03177,H00050,B07,,2025-02-14,4,1,seasoning,,1
R03178,H00052,B03,,2025-02-14,3,1,taste,,0
R03179,H00077,B07,,2025-02-14,3,1,,packaging,1
R03180,H00122,B18,,2025-02-14,2,0,,ingredients,1
R03181,H00244,B20,,2025-02-14,4,1,taste,,1
R03182,H00682,B10,,2025-02-14,5,1,ingredients,packaging,1
R03183,H00725,B12,,2025-02-14,3,1,,taste,0
R03184,H00778,B15,,2025-02-14,4,1,price,,1
R03185,H01240,B01,,2025-02-14,4,1,refreshing,,1
R03186,H01496,B05,,2025-02-14,3,1,,price,1
R03187,H01499,B05,P022,2025-02-14,4,1,saltiness,,1
R03188,H01500,B17,P022,2025-02-14,3,0,,energy boost,1
R03189,H01501,B17,P022,2025-02-14,5,1,ingredients,,1
R03190,H01504,B11,P022,2025-02-14,5,1,texture,,1
R03191,H01505,B05,P022,2025-02-14,4,0,saltiness,,0
R03192,H01506,B05,P022,2025-02-14,5,1,seasoning,,0
R03193,H01506,B17,P022,2025-02-14,3,0,ingredients,,0
R03194,H01519,B17,P022,2025-02-14,5,0,ingredients,,0
R03195,H01523,B01,P022,2025-02-14,4,1,taste,,0
R03196,H01524,B05,P022,2025-02-14,5,1,crunch,,0
R03197,H01525,B17,P022,2025-02-14,1,0,,energy boost,0
R03198,H01537,B05,P022,2025-02-14,4,0,price,,0
R03199,H01538,B17,P022,2025-02-14,2,0,,ingredients,0
R03200,H01541,B13,P022,2025-02-14,5,1,flavour depth,,1
R03201,H01545,B13,P022,2025-02-14,5,0,versatility,,0
R03202,H00075,B15,,2025-02-15,3,0,,price,0
R03203,H00181,B20,,2025-02-15,2,0,,price,0
R03204,H00515,B03,,2025-02-15,2,0,,sweetness,0
R03205,H00599,B03,,2025-02-15,2,0,,can design,0
R03206,H00838,B09,,2025-02-15,2,0,texture,ingredients,0
R03207,H01013,B02,,2025-02-15,5,1,price,,1
R03208,H01199,B20,,2025-02-15,3,0,texture,,0
R03209,H01505,B01,P022,2025-02-15,2,0,sweetness,taste,0
R03210,H01505,B11,P022,2025-02-15,4,1,packaging,,0
R03211,H01506,B20,,2025-02-15,3,0,price,,0
R03212,H01507,B11,P022,2025-02-15,5,1,packaging,ingredients,0
R03213,H01510,B01,P022,2025-02-15,5,0,price,,1
R03214,H01513,B01,P022,2025-02-15,4,1,taste,,1
R03215,H01514,B13,P022,2025-02-15,5,1,heat,,1
R03216,H01516,B11,P022,2025-02-15,5,1,ingredients,,1
R03217,H01520,B01,P022,2025-02-15,4,1,price,aftertaste,1
R03218,H01539,B05,P022,2025-02-15,5,0,portion size,,0
R03219,H01544,B11,P022,2025-02-15,5,1,price,sweetness,1
R03220,H00373,B03,,2025-02-16,5,1,taste,,1
R03221,H00640,B08,,2025-02-16,5,1,saltiness,price,1
R03222,H00654,B07,,2025-02-16,4,0,saltiness,,0
R03223,H00863,B11,,2025-02-16,5,1,taste,packaging,0
R03224,H01057,B15,,2025-02-16,4,0,texture,jar size,0
R03225,H01090,B11,,2025-02-16,5,1,price,,1
R03226,H01254,B01,,2025-02-16,4,0,aftertaste,,1
R03227,H01397,B13,,2025-02-16,5,1,texture,,1
R03228,H01459,B13,,2025-02-16,5,1,price,,1
R03229,H01463,B15,,2025-02-16,4,1,texture,,1
R03230,H01557,B18,,2025-02-16,3,1,price,,0
R03231,H00085,B19,,2025-02-17,4,1,portability,,0
R03232,H00392,B20,,2025-02-17,4,1,energy boost,texture,0
R03233,H00408,B15,,2025-02-17,5,1,versatility,heat,1
R03234,H00597,B20,,2025-02-17,3,1,,ingredients,0
R03235,H00773,B10,,2025-02-17,4,0,sweetness,,1
R03236,H00783,B15,,2025-02-17,2,0,flavour depth,jar size,0
R03237,H01152,B10,,2025-02-17,2,0,,taste,0
R03238,H01155,B07,,2025-02-17,5,1,packaging,,1
R03239,H01286,B09,,2025-02-17,5,1,texture,,1
R03240,H01437,B03,,2025-02-17,4,1,can design,,1
R03241,H00026,B09,,2025-02-18,3,1,,texture,0
R03242,H00032,B18,,2025-02-18,3,1,,portability,0
R03243,H00051,B01,,2025-02-18,4,1,aftertaste,refreshing,1
R03244,H00160,B14,,2025-02-18,3,0,texture,,1
R03245,H00402,B06,,2025-02-18,4,0,price,,1
R03246,H00458,B19,,2025-02-18,3,0,taste,,0
R03247,H00642,B04,,2025-02-18,3,0,can design,,0
R03248,H00699,B02,,2025-02-18,3,0,refreshing,,0
R03249,H00736,B20,,2025-02-18,3,1,,price,0
R03250,H00848,B03,,2025-02-18,4,1,can design,,1
R03251,H00860,B15,,2025-02-18,5,1,texture,,1
R03252,H01088,B17,,2025-02-18,5,1,taste,,1
R03253,H00018,B15,,2025-02-19,4,0,heat,,1
R03254,H00063,B02,,2025-02-19,5,1,refreshing,,1
R03255,H00145,B08,,2025-02-19,5,1,price,,1
R03256,H00146,B05,,2025-02-19,4,1,crunch,,1
R03257,H00218,B12,,2025-02-19,3,0,,ingredients,0
R03258,H00370,B10,,2025-02-19,4,0,sweetness,price,1
R03259,H00453,B08,,2025-02-19,5,1,portion size,,1
R03260,H00509,B18,,2025-02-19,4,1,energy boost,,1
R03261,H00650,B13,,2025-02-19,4,1,heat,,1
R03262,H00743,B02,,2025-02-19,4,1,can design,,1
R03263,H00805,B15,,2025-02-19,3,1,versatility,,0
R03264,H00918,B11,,2025-02-19,3,0,,taste,0
R03265,H01256,B14,,2025-02-19,4,1,texture,flavour depth,1
R03266,H01398,B02,,2025-02-19,3,0,refreshing,,0
R03267,H01502,B15,,2025-02-19,5,1,flavour depth,,1
R03268,H00030,B15,,2025-02-20,5,1,heat,,1
R03269,H00780,B05,,2025-02-20,5,1,price,,1
R03270,H00842,B20,,2025-02-20,5,1,taste,,1
R03271,H00859,B07,,2025-02-20,2,0,,seasoning,0
R03272,H00969,B12,,2025-02-20,2,0,price,texture,0
R03273,H01137,B20,,2025-02-20,4,0,taste,price,1
R03274,H01277,B04,,2025-02-20,5,1,can design,,1
R03275,H00544,B19,,2025-02-21,3,0,portability,,0
R03276,H00602,B11,,2025-02-21,3,1,,ingredients,0
R03277,H00682,B06,,2025-02-21,4,1,price,,1
R03278,H00693,B10,,2025-02-21,3,0,taste,,0
R03279,H00827,B20,,2025-02-21,4,1,texture,taste,1
R03280,H01009,B17,,2025-02-21,3,0,,texture,0
R03281,H01454,B06,,2025-02-21,4,1,crunch,,0
R03282,H00227,B07,,2025-02-22,4,1,crunch,,1
R03283,H00443,B02,,2025-02-22,5,1,can design,sweetness,1
R03284,H00499,B14,,2025-02-22,3,0,flavour depth,,0
R03285,H00664,B03,,2025-02-22,5,1,fizz,,1
R03286,H01005,B03,,2025-02-22,4,1,fizz,,0
R03287,H01039,B08,,2025-02-22,3,0,,price,0
R03288,H01068,B12,,2025-02-22,4,1,price,,0
R03289,H01168,B06,,2025-02-22,4,1,saltiness,,1
R03290,H01171,B06,,2025-02-22,4,1,crunch,,1
R03291,H01254,B09,,2025-02-22,3,0,sweetness,,1
R03292,H01446,B17,,2025-02-22,5,1,price,,1
R03293,H01517,B10,,2025-02-22,4,1,taste,,0
R03294,H01589,B12,,2025-02-22,3,1,,packaging,0
R03295,H00053,B01,,2025-02-23,5,1,taste,fizz,1
R03296,H00147,B20,,2025-02-23,2,0,,taste,0
R03297,H00163,B02,,2025-02-23,4,1,refreshing,,1
R03298,H00535,B19,,2025-02-23,3,0,energy boost,,0
R03299,H00815,B17,,2025-02-23,5,1,price,,1
R03300,H00849,B20,,2025-02-23,3,1,,ingredients,0
R03301,H01040,B17,,2025-02-23,5,1,ingredients,,1
R03302,H01121,B10,,2025-02-23,5,1,price,,1
R03303,H01341,B15,,2025-02-23,3,0,,flavour depth,0
R03304,H01446,B06,,2025-02-23,4,1,seasoning,,0
R03305,H00098,B10,,2025-02-24,4,1,ingredients,,0
R03306,H00105,B07,,2025-02-24,4,1,crunch,,0
R03307,H00213,B20,,2025-02-24,4,1,texture,,0
R03308,H00609,B10,,2025-02-24,4,1,ingredients,,1
R03309,H00641,B15,,2025-02-24,5,1,flavour depth,,0
R03310,H00676,B07,,2025-02-24,3,0,packaging,,1
R03311,H00787,B07,,2025-02-24,4,0,price,,0
R03312,H00946,B03,,2025-02-24,5,1,taste,,1
R03313,H01075,B04,,2025-02-24,5,1,aftertaste,,1
R03314,H01076,B14,,2025-02-24,3,1,,flavour depth,0
R03315,H01225,B19,,2025-02-24,4,1,price,,1
R03316,H01413,B02,,2025-02-24,3,1,,fizz,1
R03317,H01523,B15,,2025-02-24,4,1,jar size,,0
R03318,H01525,B06,,2025-02-24,3,0,packaging,,0
R03319,H00299,B13,,2025-02-25,4,1,versatility,,1
R03320,H00473,B08,,2025-02-25,5,1,price,saltiness,1
R03321,H00569,B16,,2025-02-25,4,1,texture,versatility,1
R03322,H01033,B20,,2025-02-25,1,0,ingredients,taste,0
R03323,H01319,B09,,2025-02-25,4,1,texture,,1
R03324,H01446,B01,,2025-02-25,3,1,,fizz,0
R03325,H01483,B09,,2025-02-25,5,1,sweetness,,0
R03326,H00011,B05,,2025-02-26,3,0,packaging,,1
R03327,H00296,B20,,2025-02-26,4,1,portability,,1
R03328,H00557,B17,,2025-02-26,4,1,taste,,1
R03329,H00636,B14,,2025-02-26,5,1,jar size,texture,1
R03330,H00657,B14,,2025-02-26,4,1,versatility,,1
R03331,H01146,B09,,2025-02-26,4,1,ingredients,,1
R03332,H01333,B12,,2025-02-26,2,0,,price,0
R03333,H01368,B07,,2025-02-26,3,0,price,,1
R03334,H01480,B10,,2025-02-26,5,1,price,texture,1
R03335,H01577,B08,,2025-02-26,4,1,price,,0
R03336,H00087,B15,,2025-02-27,4,0,flavour depth,versatility,1
R03337,H00129,B18,,2025-02-27,5,1,ingredients,,0
R03338,H00206,B05,,2025-02-27,4,1,portion size,,1
R03339,H00340,B03,,2025-02-27,5,1,price,,1
R03340,H00497,B11,,2025-02-27,5,0,packaging,,1
R03341,H00518,B06,,2025-02-27,4,1,seasoning,,0
R03342,H00524,B06,,2025-02-27,5,1,price,,1
R03343,H00584,B02,,2025-02-27,3,0,sweetness,,1
R03344,H00672,B18,,2025-02-27,2,0,,price,0
R03345,H00793,B09,,2025-02-27,4,1,price,,0
R03346,H00897,B04,,2025-02-27,4,0,can design,taste,1
R03347,H01077,B07,,2025-02-27,3,0,price,,0
R03348,H01215,B02,,2025-02-27,3,0,,fizz,1
R03349,H00102,B07,,2025-02-28,2,1,,seasoning,0
R03350,H00194,B19,,2025-02-28,3,0,taste,,0
R03351,H00268,B18,,2025-02-28,2,0,,texture,0
R03352,H00758,B11,,2025-02-28,4,1,taste,,1
R03353,H00808,B09,,2025-02-28,3,1,,sweetness,1
R03354,H01061,B10,,2025-02-28,5,1,ingredients,sweetness,0
R03355,H01438,B16,,2025-02-28,5,1,versatility,jar size,1
R03356,H01579,B03,,2025-02-28,4,0,refreshing,sweetness,0
R03357,H00053,B14,,2025-03-01,3,0,,texture,0
R03358,H00068,B20,,2025-03-01,5,1,energy boost,,1
R03359,H00171,B04,,2025-03-01,4,1,price,,1
R03360,H00557,B08,,2025-03-01,4,0,crunch,,1
R03361,H00959,B20,,2025-03-01,4,0,energy boost,,1
R03362,H01267,B06,,2025-03-01,4,0,portion size,,1
R03363,H01405,B07,,2025-03-01,4,0,packaging,,1
R03364,H01452,B07,,2025-03-01,5,1,saltiness,seasoning,1
R03365,H01452,B13,,2025-03-01,4,1,flavour depth,,1
R03366,H01589,B15,,2025-03-01,4,1,jar size,,1
R03367,H01604,B08,P023,2025-03-01,5,1,seasoning,price,0
R03368,H01606,B08,P023,2025-03-01,5,1,saltiness,,0
R03369,H01609,B07,P023,2025-03-01,4,1,saltiness,,1
R03370,H01610,B07,P023,2025-03-01,4,1,portion size,,0
R03371,H01624,B19,P023,2025-03-01,3,0,,texture,0
R03372,H01627,B02,P023,2025-03-01,2,0,,price,0
R03373,H01634,B08,P023,2025-03-01,5,1,portion size,,0
R03374,H01640,B02,P023,2025-03-01,3,0,taste,,1
R03375,H01643,B08,P023,2025-03-01,4,1,packaging,price,0
R03376,H00076,B11,,2025-03-02,3,0,price,,0
R03377,H00133,B03,,2025-03-02,4,1,refreshing,,1
R03378,H00414,B01,,2025-03-02,3,0,can design,,1
R03379,H00497,B07,,2025-03-02,4,1,portion size,,0
R03380,H00578,B14,,2025-03-02,3,0,texture,,0
R03381,H00663,B06,,2025-03-02,3,0,,packaging,0
R03382,H00691,B01,,2025-03-02,2,0,,sweetness,0
R03383,H00719,B14,,2025-03-02,3,0,versatility,,0
R03384,H00986,B19,,2025-03-02,4,1,energy boost,,0
R03385,H01052,B05,,2025-03-02,3,0,seasoning,,1
R03386,H01109,B02,,2025-03-02,4,1,taste,,0
R03387,H01116,B16,,2025-03-02,5,1,texture,heat,0
R03388,H01141,B20,,2025-03-02,4,1,ingredients,,0
R03389,H01232,B10,,2025-03-02,4,1,sweetness,,1
R03390,H01399,B13,,2025-03-02,5,1,texture,versatility,1
R03391,H01605,B19,P023,2025-03-02,4,1,texture,,0
R03392,H01611,B19,P023,2025-03-02,4,1,taste,,1
R03393,H01616,B07,P023,2025-03-02,4,1,crunch,,0
R03394,H01622,B02,P023,2025-03-02,4,1,sweetness,,0
R03395,H01623,B02,P023,2025-03-02,3,1,,aftertaste,1
R03396,H01624,B02,P023,2025-03-02,4,0,taste,,0
R03397,H01626,B19,P023,2025-03-02,3,0,energy boost,,0
R03398,H01629,B07,P023,2025-03-02,5,1,crunch,packaging,0
R03399,H01630,B08,P023,2025-03-02,5,1,packaging,saltiness,0
R03400,H01634,B19,P023,2025-03-02,5,1,portability,,1
R03401,H01635,B17,P023,2025-03-02,3,1,energy boost,,0
R03402,H01643,B17,P023,2025-03-02,4,0,portability,,0
R03403,H00305,B16,,2025-03-03,5,1,versatility,,1
R03404,H00401,B19,,2025-03-03,4,0,price,texture,1
R03405,H00447,B17,,2025-03-03,5,1,energy boost,price,1
R03406,H00557,B20,,2025-03-03,2,0,,price,0
R03407,H00721,B08,,2025-03-03,4,1,portion size,,0
R03408,H00803,B11,,2025-03-03,5,1,sweetness,taste,1
R03409,H00866,B20,,2025-03-03,3,1,,price,0
R03410,H00883,B12,,2025-03-03,4,1,ingredients,sweetness,1
R03411,H01024,B07,,2025-03-03,5,1,price,,0
R03412,H01123,B08,,2025-03-03,4,0,saltiness,,1
R03413,H01608,B02,P023,2025-03-03,4,1,fizz,,1
R03414,H01608,B08,P023,2025-03-03,4,1,crunch,,0
R03415,H01610,B08,P023,2025-03-03,3,0,seasoning,,0
R03416,H01612,B08,P023,2025-03-03,5,1,seasoning,,0
R03417,H01612,B19,P023,2025-03-03,4,1,ingredients,,1
R03418,H01613,B07,P023,2025-03-03,4,1,portion size,,0
R03419,H01632,B02,P023,2025-03-03,5,1,taste,refreshing,0
R03420,H01636,B07,P023,2025-03-03,5,1,saltiness,,0
R03421,H01636,B08,P023,2025-03-03,5,1,crunch,,0
R03422,H01637,B19,P023,2025-03-03,3,0,texture,,1
R03423,H01644,B17,P023,2025-03-03,5,1,taste,portability,0
R03424,H00072,B18,,2025-03-04,3,0,,portability,1
R03425,H00087,B04,,2025-03-04,4,1,can design,refreshing,1
R03426,H00092,B02,,2025-03-04,5,0,fizz,aftertaste,1
R03427,H00186,B14,,2025-03-04,3,0,price,,0
R03428,H00383,B03,,2025-03-04,3,1,aftertaste,,0
R03429,H00394,B05,,2025-03-04,3,1,,packaging,1
R03430,H00655,B19,,2025-03-04,4,1,texture,,1
R03431,H00748,B07,,2025-03-04,4,0,packaging,,0
R03432,H01066,B08,,2025-03-04,5,1,seasoning,,1
R03433,H01244,B06,,2025-03-04,4,0,packaging,,1
R03434,H01246,B01,,2025-03-04,4,1,taste,,1
R03435,H01338,B13,,2025-03-04,4,0,texture,,1
R03436,H01376,B01,,2025-03-04,3,1,,sweetness,1
R03437,H01495,B11,,2025-03-04,2,0,,texture,0
R03438,H01534,B03,,2025-03-04,3,1,,refreshing,0
R03439,H01544,B04,,2025-03-04,4,0,price,,0
R03440,H01601,B17,P023,2025-03-04,2,0,,price,0
R03441,H01608,B17,P023,2025-03-04,4,1,energy boost,,1
R03442,H01625,B19,P023,2025-03-04,4,1,taste,,0
R03443,H01631,B08,P023,2025-03-04,4,0,seasoning,,0
R03444,H01648,B08,P023,2025-03-04,4,1,crunch,,1
R03445,H00136,B15,,2025-03-05,4,1,versatility,,1
R03446,H00205,B04,,2025-03-05,3,0,can design,,0
R03447,H00479,B08,,2025-03-05,4,1,crunch,packaging,1
R03448,H00888,B15,,2025-03-05,5,1,price,,0
R03449,H00910,B18,,2025-03-05,3,0,,ingredients,0
R03450,H01036,B19,,2025-03-05,5,1,energy boost,,1
R03451,H01244,B09,,2025-03-05,3,0,,sweetness,0
R03452,H01505,B06,,2025-03-05,4,1,packaging,,0
R03453,H01612,B18,,2025-03-05,3,1,,portability,0
R03454,H01614,B02,P023,2025-03-05,2,0,,taste,1
R03455,H01627,B08,P023,2025-03-05,3,0,,saltiness,1
R03456,H01639,B02,P023,2025-03-05,4,1,can design,,0
R03457,H00173,B15,,2025-03-06,3,1,,jar size,1
R03458,H00182,B10,,2025-03-06,4,0,texture,,1
R03459,H00199,B02,,2025-03-06,5,1,can design,taste,1
R03460,H00318,B14,,2025-03-06,4,0,texture,,0
R03461,H00336,B02,,2025-03-06,4,1,fizz,,1
R03462,H00361,B11,,2025-03-06,4,0,taste,,1
R03463,H00568,B11,,2025-03-06,4,1,texture,,0
R03464,H00929,B17,,2025-03-06,5,1,energy boost,ingredients,1
R03465,H01020,B15,,2025-03-06,3,0,texture,,0
R03466,H01216,B19,,2025-03-06,3,0,ingredients,,0
R03467,H01373,B18,,2025-03-06,4,1,ingredients,,1
R03468,H01428,B10,,2025-03-06,4,0,texture,,1
R03469,H01438,B04,,2025-03-06,5,1,sweetness,,1
R03470,H01454,B10,,2025-03-06,4,1,packaging,,0
R03471,H01605,B17,P023,2025-03-06,2,0,,texture,0
R03472,H01611,B02,P023,2025-03-06,3,0,,taste,1
R03473,H01616,B08,P023,2025-03-06,5,1,price,,0
R03474,H01619,B02,P023,2025-03-06,5,1,taste,,0
R03475,H01620,B07,P023,2025-03-06,4,1,saltiness,,0
R03476,H01625,B02,P023,2025-03-06,3,0,aftertaste,,0
R03477,H01625,B08,P023,2025-03-06,5,1,packaging,seasoning,1
R03478,H01628,B08,P023,2025-03-06,5,1,crunch,,1
R03479,H01629,B19,P023,2025-03-06,4,0,ingredients,,1
R03480,H01631,B02,P023,2025-03-06,2,0,,price,1
R03481,H01632,B19,P023,2025-03-06,4,1,energy boost,,0
R03482,H01634,B07,P023,2025-03-06,4,1,portion size,,1
R03483,H01646,B07,P023,2025-03-06,4,1,crunch,,0
R03484,H01646,B08,P023,2025-03-06,5,1,saltiness,,0
R03485,H01647,B17,P023,2025-03-06,3,0,portability,,0
R03486,H01649,B07,P023,2025-03-06,5,1,portion size,packaging,1
R03487,H00475,B03,,2025-03-07,5,1,taste,,1
R03488,H00499,B02,,2025-03-07,5,1,can design,,1
R03489,H01371,B18,,2025-03-07,5,1,portability,price,0
R03490,H01495,B05,,2025-03-07,3,1,,price,0
R03491,H01498,B01,,2025-03-07,5,1,price,refreshing,1
R03492,H01500,B18,,2025-03-07,5,1,portability,energy boost,1
R03493,H01600,B03,,2025-03-07,5,1,sweetness,,1
R03494,H01605,B02,P023,2025-03-07,4,1,can design,,0
R03495,H01609,B19,P023,2025-03-07,3,0,price,,1
R03496,H01617,B02,P023,2025-03-07,3,0,,price,1
R03497,H01618,B17,P023,2025-03-07,4,0,energy boost,taste,0
R03498,H01618,B19,P023,2025-03-07,3,1,,texture,0
R03499,H01626,B07,P023,2025-03-07,4,0,seasoning,,1
R03500,H01638,B08,P023,2025-03-07,4,1,price,,0
R03501,H01638,B17,P023,2025-03-07,2,0,price,texture,1
R03502,H01638,B19,P023,2025-03-07,4,0,energy boost,,1
R03503,H01641,B07,P023,2025-03-07,3,0,,portion size,0
R03504,H01644,B08,P023,2025-03-07,4,0,crunch,,1
R03505,H01645,B08,P023,2025-03-07,4,0,seasoning,,0
R03506,H01647,B19,P023,2025-03-07,1,0,,energy boost,0
R03507,H01649,B02,P023,2025-03-07,5,1,can design,,1
R03508,H01649,B19,P023,2025-03-07,3,1,,energy boost,1
R03509,H00113,B05,,2025-03-08,5,1,portion size,,1
R03510,H00338,B05,,2025-03-08,4,1,saltiness,,1
R03511,H00436,B12,,2025-03-08,4,0,taste,,0
R03512,H00503,B14,,2025-03-08,3,0,,heat,0
R03513,H00766,B05,,2025-03-08,3,0,,saltiness,1
R03514,H01196,B04,,2025-03-08,3,0,can design,,0
R03515,H01207,B14,,2025-03-08,4,0,texture,flavour depth,1
R03516,H01216,B03,,2025-03-08,3,0,fizz,,1
R03517,H01609,B08,P023,2025-03-08,4,1,portion size,,0
R03518,H01609,B17,P023,2025-03-08,3,0,,taste,1
R03519,H01611,B17,,2025-03-08,5,1,texture,price,1
R03520,H01618,B02,P023,2025-03-08,4,1,sweetness,,0
R03521,H01620,B08,P023,2025-03-08,4,1,saltiness,,0
R03522,H01631,B17,P023,2025-03-08,3,0,,ingredients,1
R03523,H01638,B02,P023,2025-03-08,3,1,,fizz,1
R03524,H01642,B02,P023,2025-03-08,2,0,,refreshing,0
R03525,H01644,B02,P023,2025-03-08,4,1,refreshing,,0
R03526,H00040,B02,,2025-03-09,5,1,aftertaste,,1
R03527,H00090,B10,,2025-03-09,3,0,,texture,0
R03528,H00201,B20,,2025-03-09,3,1,,texture,0
R03529,H00331,B11,,2025-03-09,5,1,taste,,1
R03530,H00433,B19,,2025-03-09,4,1,ingredients,,1
R03531,H00507,B08,,2025-03-09,5,0,price,saltiness,1
R03532,H00583,B10,,2025-03-09,5,1,texture,,1
R03533,H00592,B16,,2025-03-09,4,1,versatility,,1
R03534,H00754,B14,,2025-03-09,4,1,heat,price,1
R03535,H00772,B04,,2025-03-09,4,1,aftertaste,fizz,1
R03536,H00841,B12,,2025-03-09,3,0,price,,0
R03537,H00872,B16,,2025-03-09,3,1,,heat,1
R03538,H00989,B12,,2025-03-09,1,0,,price,0
R03539,H01169,B13,,2025-03-09,3,0,price,,1
R03540,H01169,B17,,2025-03-09,3,1,,energy boost,0
R03541,H01330,B14,,2025-03-09,5,1,texture,,1
R03542,H01361,B07,,2025-03-09,5,1,price,,1
R03543,H01666,B05,P024,2025-03-09,4,1,seasoning,,0
R03544,H01666,B13,P024,2025-03-09,4,1,jar size,,0
R03545,H01668,B01,P024,2025-03-09,5,1,aftertaste,,1
R03546,H01669,B11,P024,2025-03-09,5,1,texture,,0
R03547,H01672,B01,P024,2025-03-09,5,1,aftertaste,,0
R03548,H01676,B17,P024,2025-03-09,4,1,energy boost,,1
R03549,H01677,B13,P024,2025-03-09,3,1,,jar size,1
R03550,H01680,B05,P024,2025-03-09,3,0,,seasoning,1
R03551,H01694,B11,P024,2025-03-09,3,1,,price,0
R03552,H01694,B17,P024,2025-03-09,4,1,portability,,1
R03553,H01696,B13,P024,2025-03-09,5,1,jar size,,1
R03554,H00216,B16,,2025-03-10,4,1,price,,0
R03555,H00513,B11,,2025-03-10,5,1,sweetness,,1
R03556,H00557,B07,,2025-03-10,2,0,crunch,packaging,0
R03557,H00599,B02,,2025-03-10,2,0,,refreshing,0
R03558,H00605,B09,,2025-03-10,4,1,taste,,1
R03559,H00648,B05,,2025-03-10,5,1,packaging,,1
R03560,H00725,B09,,2025-03-10,4,1,packaging,,1
R03561,H01340,B03,,2025-03-10,4,1,can design,price,1
R03562,H01668,B05,P024,2025-03-10,3,0,saltiness,,1
R03563,H01669,B01,P024,2025-03-10,4,1,fizz,,1
R03564,H01671,B05,P024,2025-03-10,3,0,,packaging,1
R03565,H01673,B01,P024,2025-03-10,5,1,taste,,0
R03566,H01674,B01,P024,2025-03-10,5,0,price,,1
R03567,H01685,B11,P024,2025-03-10,4,0,texture,,0
R03568,H01686,B01,P024,2025-03-10,4,1,refreshing,,1
R03569,H01692,B01,P024,2025-03-10,3,0,sweetness,,1
R03570,H01693,B17,P024,2025-03-10,4,1,energy boost,,0
R03571,H01696,B01,P024,2025-03-10,3,1,can design,,1
R03572,H00197,B16,,2025-03-11,5,1,jar size,,1
R03573,H00342,B15,,2025-03-11,2,0,,texture,0
R03574,H00589,B13,,2025-03-11,5,1,flavour depth,,1
R03575,H00686,B09,,2025-03-11,5,1,texture,,1
R03576,H01069,B13,,2025-03-11,4,1,flavour depth,,1
R03577,H01354,B14,,2025-03-11,5,1,jar size,,1
R03578,H01358,B17,,2025-03-11,4,0,portability,,0
R03579,H01455,B07,,2025-03-11,4,1,crunch,,0
R03580,H01674,B05,P024,2025-03-11,5,1,seasoning,,0
R03581,H01674,B13,P024,2025-03-11,3,1,flavour depth,,1
R03582,H01681,B01,P024,2025-03-11,4,0,aftertaste,,1
R03583,H01684,B05,P024,2025-03-11,5,1,price,crunch,1
R03584,H01684,B11,P024,2025-03-11,4,0,price,,1
R03585,H01694,B05,P024,2025-03-11,5,0,packaging,,0
R03586,H01695,B17,P024,2025-03-11,3,0,texture,,1
R03587,H01700,B11,,2025-03-11,5,1,sweetness,,1
R03588,H00102,B10,,2025-03-12,5,1,packaging,taste,1
R03589,H00152,B19,,2025-03-12,2,0,,texture,0
R03590,H00214,B10,,2025-03-12,3,1,,sweetness,1
R03591,H00371,B10,,2025-03-12,5,1,texture,ingredients,1
R03592,H00454,B03,,2025-03-12,3,1,taste,,1
R03593,H00937,B17,,2025-03-12,5,1,portability,,1
R03594,H01083,B01,,2025-03-12,5,1,fizz,,1
R03595,H01131,B09,,2025-03-12,5,1,packaging,,1
R03596,H01169,B18,,2025-03-12,4,1,texture,,0
R03597,H01315,B16,,2025-03-12,2,0,,versatility,0
R03598,H01482,B13,,2025-03-12,4,1,jar size,,1
R03599,H01580,B12,,2025-03-12,2,1,packaging,price,0
R03600,H01670,B05,P024,2025-03-12,2,0,portion size,seasoning,0
R03601,H01670,B11,P024,2025-03-12,4,1,texture,,0
R03602,H01670,B13,P024,2025-03-12,4,1,versatility,,1
R03603,H01672,B05,P024,2025-03-12,3,0,,saltiness,1
R03604,H01675,B13,P024,2025-03-12,5,0,heat,,1
R03605,H01679,B11,P024,2025-03-12,4,0,price,,1
R03606,H01680,B17,P024,2025-03-12,3,0,,price,1
R03607,H01683,B17,P024,2025-03-12,4,1,ingredients,,0
R03608,H01688,B13,P024,2025-03-12,5,1,price,flavour depth,0
R03609,H00027,B08,,2025-03-13,3,1,,saltiness,0
R03610,H00137,B03,,2025-03-13,3,0,taste,,0
R03611,H00276,B02,,2025-03-13,4,1,price,,0
R03612,H00417,B15,,2025-03-13,4,1,texture,,0
R03613,H00445,B03,,2025-03-13,3,0,,refreshing,1
R03614,H00471,B03,,2025-03-13,4,0,taste,,0
R03615,H00725,B16,,2025-03-13,3,1,,jar size,0
R03616,H00838,B06,,2025-03-13,5,1,packaging,,1
R03617,H00879,B02,,2025-03-13,3,0,can design,,0
R03618,H00912,B05,,2025-03-13,2,0,saltiness,price,0
R03619,H01070,B15,,2025-03-13,4,1,price,,0
R03620,H01228,B10,,2025-03-13,3,1,,sweetness,0
R03621,H01232,B07,,2025-03-13,4,1,price,,0
R03622,H01339,B01,,2025-03-13,4,0,aftertaste,,1
R03623,H01631,B06,,2025-03-13,5,1,saltiness,,1
R03624,H01666,B01,P024,2025-03-13,5,1,fizz,,0
R03625,H01667,B13,P024,2025-03-13,5,1,flavour depth,,0
R03626,H01667,B15,,2025-03-13,4,1,flavour depth,jar size,1
R03627,H01670,B01,P024,2025-03-13,4,1,aftertaste,refreshing,1
R03628,H01675,B11,P024,2025-03-13,5,1,price,,0
R03629,H01676,B13,P024,2025-03-13,5,1,price,,0
R03630,H01677,B05,P024,2025-03-13,3,0,saltiness,,0
R03631,H01677,B17,P024,2025-03-13,4,1,price,,0
R03632,H01679,B05,P024,2025-03-13,3,1,,crunch,1
R03633,H01681,B17,P024,2025-03-13,4,1,price,,1
R03634,H01682,B17,P024,2025-03-13,4,1,ingredients,taste,0
R03635,H01686,B13,P024,2025-03-13,3,1,versatility,,1
R03636,H01689,B13,P024,2025-03-13,4,1,jar size,versatility,0
R03637,H00187,B10,,2025-03-14,2,0,ingredients,taste,0
R03638,H00214,B12,,2025-03-14,5,1,texture,,1
R03639,H00267,B18,,2025-03-14,5,1,texture,,1
R03640,H00289,B15,,2025-03-14,2,1,,texture,1
R03641,H00495,B09,,2025-03-14,2,1,,texture,0
R03642,H00693,B17,,2025-03-14,3,0,ingredients,,1
R03643,H01084,B09,,2025-03-14,4,0,ingredients,,1
R03644,H01182,B10,,2025-03-14,4,1,texture,,0
R03645,H01201,B13,,2025-03-14,5,0,jar size,,1
R03646,H01323,B18,,2025-03-14,3,0,,price,0
R03647,H01364,B08,,2025-03-14,4,0,crunch,,1
R03648,H01451,B02,,2025-03-14,4,0,sweetness,price,0
R03649,H01456,B18,,2025-03-14,3,0,energy boost,,0
R03650,H01630,B03,,2025-03-14,3,0,can design,,0
R03651,H01647,B05,,2025-03-14,3,0,price,,0
R03652,H01667,B01,P024,2025-03-14,3,0,,taste,0
R03653,H01671,B01,P024,2025-03-14,4,0,aftertaste,can design,0
R03654,H01696,B11,P024,2025-03-14,4,1,sweetness,,0
R03655,H00025,B15,,2025-03-15,5,1,jar size,price,1
R03656,H00158,B19,,2025-03-15,3,1,,energy boost,0
R03657,H00582,B01,,2025-03-15,4,1,can design,taste,1
R03658,H00658,B17,,2025-03-15,4,0,taste,energy boost,1
R03659,H00771,B14,,2025-03-15,3,0,,jar size,0
R03660,H00885,B18,,2025-03-15,2,0,energy boost,ingredients,1
R03661,H01042,B02,,2025-03-15,5,0,refreshing,fizz,1
R03662,H01168,B20,,2025-03-15,4,1,taste,ingredients,0
R03663,H01611,B07,,2025-03-15,2,1,,portion size,0
R03664,H01669,B13,P024,2025-03-15,5,1,jar size,,1
R03665,H01673,B11,P024,2025-03-15,5,1,sweetness,,1
R03666,H01673,B17,P024,2025-03-15,3,0,energy boost,,0
R03667,H01686,B05,P024,2025-03-15,5,1,packaging,,1
R03668,H01691,B05,P024,2025-03-15,3,0,seasoning,,1
R03669,H01696,B17,P024,2025-03-15,2,0,,price,0
R03670,H00212,B18,,2025-03-16,5,1,texture,,1
R03671,H00380,B08,,2025-03-16,5,1,portion size,,1
R03672,H00493,B13,,2025-03-16,4,1,texture,,0
R03673,H00554,B08,,2025-03-16,4,1,portion size,,0
R03674,H00564,B03,,2025-03-16,4,0,can design,,1
R03675,H00842,B18,,2025-03-16,3,0,,taste,0
R03676,H01015,B15,,2025-03-16,3,0,price,,0
R03677,H01163,B09,,2025-03-16,3,1,taste,,1
R03678,H01526,B08,,2025-03-16,3,0,,seasoning,0
R03679,H01618,B07,,2025-03-16,5,1,price,,1
R03680,H01673,B13,P024,2025-03-16,2,0,,price,0
R03681,H01675,B17,P024,2025-03-16,3,0,,energy boost,1
R03682,H01678,B01,P024,2025-03-16,3,0,aftertaste,,1
R03683,H01689,B05,P024,2025-03-16,4,0,seasoning,,1
R03684,H01692,B17,P024,2025-03-16,4,1,taste,,1
R03685,H01694,B01,P024,2025-03-16,4,1,aftertaste,,0
R03686,H01703,B09,,2025-03-16,4,1,packaging,,1
R03687,H00168,B08,,2025-03-17,4,1,packaging,,1
R03688,H00183,B19,,2025-03-17,4,1,price,,1
R03689,H00241,B06,,2025-03-17,5,1,crunch,packaging,1
R03690,H00337,B10,,2025-03-17,4,0,packaging,price,1
R03691,H00550,B01,,2025-03-17,5,1,can design,,1
R03692,H00846,B16,,2025-03-17,4,1,texture,,1
R03693,H01051,B17,,2025-03-17,2,0,,price,0
R03694,H01093,B06,,2025-03-17,5,1,portion size,,0
R03695,H01612,B06,,2025-03-17,3,0,price,,1
R03696,H00016,B11,,2025-03-18,4,1,taste,,0
R03697,H00052,B01,,2025-03-18,5,1,taste,,1
R03698,H00820,B04,,2025-03-18,4,0,fizz,,1
R03699,H01036,B02,,2025-03-18,5,1,sweetness,,1
R03700,H01088,B19,,2025-03-18,5,1,texture,price,1
R03701,H01102,B20,,2025-03-18,3,0,,taste,0
R03702,H01206,B13,,2025-03-18,4,1,jar size,,1
R03703,H01388,B15,,2025-03-18,4,1,jar size,price,0
R03704,H01607,B14,,2025-03-18,5,1,jar size,,1
R03705,H01614,B09,,2025-03-18,5,0,taste,,1
R03706,H00390,B01,,2025-03-19,5,1,taste,price,1
R03707,H00613,B13,,2025-03-19,5,1,flavour depth,,1
R03708,H00678,B16,,2025-03-19,4,1,texture,versatility,0
R03709,H00794,B12,,2025-03-19,2,0,,taste,0
R03710,H00829,B15,,2025-03-19,3,0,,texture,0
R03711,H00955,B08,,2025-03-19,5,1,price,,1
R03712,H00988,B11,,2025-03-19,5,1,texture,packaging,1
R03713,H01033,B02,,2025-03-19,4,1,refreshing,,0
R03714,H01136,B10,,2025-03-19,5,1,packaging,,1
R03715,H01266,B16,,2025-03-19,5,1,heat,,1
R03716,H01340,B06,,2025-03-19,3,0,,portion size,1
R03717,H01362,B14,,2025-03-19,4,1,price,,0
R03718,H01509,B08,,2025-03-19,4,1,price,,1
R03719,H01663,B01,,2025-03-19,5,1,fizz,,1
R03720,H01668,B11,,2025-03-19,4,1,price,,1
R03721,H01692,B13,,2025-03-19,4,0,heat,flavour depth,1
R03722,H00065,B16,,2025-03-20,5,0,price,,1
R03723,H00100,B19,,2025-03-20,4,1,energy boost,,1
R03724,H00197,B08,,2025-03-20,4,0,crunch,,0
R03725,H00395,B03,,2025-03-20,4,0,taste,,0
R03726,H00440,B02,,2025-03-20,5,1,price,,1
R03727,H00452,B19,,2025-03-20,4,0,taste,,0
R03728,H00527,B06,,2025-03-20,4,0,portion size,seasoning,0
R03729,H00869,B07,,2025-03-20,4,0,price,crunch,1
R03730,H00880,B17,,2025-03-20,5,1,texture,,1
R03731,H01074,B02,,2025-03-20,5,1,sweetness,,1
R03732,H01298,B07,,2025-03-20,3,1,portion size,,1
R03733,H01330,B04,,2025-03-20,5,1,can design,,1
R03734,H01449,B14,,2025-03-20,5,1,price,,1
R03735,H01475,B08,,2025-03-20,4,1,portion size,,1
R03736,H00400,B04,,2025-03-21,5,1,sweetness,,1
R03737,H00620,B17,,2025-03-21,5,1,portability,taste,1
R03738,H00623,B05,,2025-03-21,4,0,saltiness,,1
R03739,H00771,B16,,2025-03-21,5,1,jar size,texture,1
R03740,H00179,B11,,2025-03-22,5,1,price,,0
R03741,H00315,B12,,2025-03-22,3,0,,ingredients,0
R03742,H00381,B19,,2025-03-22,4,1,price,,1
R03743,H00405,B17,,2025-03-22,5,1,texture,,1
R03744,H00603,B03,,2025-03-22,5,1,can design,,1
R03745,H00869,B04,,2025-03-22,4,0,fizz,,1
R03746,H00896,B05,,2025-03-22,4,1,portion size,,1
R03747,H01052,B07,,2025-03-22,4,1,seasoning,saltiness,0
R03748,H01594,B08,,2025-03-22,5,1,price,portion size,1
R03749,H01631,B05,,2025-03-22,4,0,packaging,,1
R03750,H00025,B01,,2025-03-23,4,1,price,,1
R03751,H00261,B01,,2025-03-23,3,0,fizz,,0
R03752,H00263,B17,,2025-03-23,4,1,energy boost,,0
R03753,H00490,B04,,2025-03-23,3,1,refreshing,,1
R03754,H00569,B13,,2025-03-23,3,0,flavour depth,,0
R03755,H00691,B20,,2025-03-23,4,1,texture,,0
R03756,H00854,B04,,2025-03-23,4,1,taste,,0
R03757,H00872,B18,,2025-03-23,3,0,,price,0
R03758,H01155,B08,,2025-03-23,4,0,crunch,,1
R03759,H01166,B02,,2025-03-23,4,1,sweetness,,0
R03760,H01202,B04,,2025-03-23,3,0,fizz,,0
R03761,H01203,B05,,2025-03-23,5,1,portion size,,0
R03762,H01514,B02,,2025-03-23,3,0,refreshing,,0
R03763,H01517,B08,,2025-03-23,5,1,packaging,,1
R03764,H01528,B01,,2025-03-23,3,1,can design,,0
R03765,H01598,B07,,2025-03-23,4,1,saltiness,,0
R03766,H01645,B03,,2025-03-23,2,0,,taste,0
R03767,H00012,B12,,2025-03-24,4,0,taste,,0
R03768,H00029,B19,,2025-03-24,3,0,taste,,0
R03769,H00188,B07,,2025-03-24,4,1,crunch,,0
R03770,H00189,B12,,2025-03-24,2,0,,price,0
R03771,H00316,B04,,2025-03-24,4,1,taste,,0
R03772,H00421,B11,,2025-03-24,3,1,sweetness,,1
R03773,H00439,B05,,2025-03-24,4,1,price,,0
R03774,H00875,B13,,2025-03-24,2,0,texture,price,0
R03775,H01096,B12,,2025-03-24,1,0,,texture,0
R03776,H01158,B01,,2025-03-24,3,1,,sweetness,0
R03777,H01342,B13,,2025-03-24,1,0,,jar size,0
R03778,H01367,B19,,2025-03-24,5,1,texture,,1
R03779,H01408,B08,,2025-03-24,5,1,price,portion size,1
R03780,H01497,B17,,2025-03-24,4,1,taste,,1
R03781,H01513,B20,,2025-03-24,1,0,,portability,0
R03782,H01593,B09,,2025-03-24,2,0,,packaging,0
R03783,H00091,B04,,2025-03-25,5,1,taste,,1
R03784,H00109,B03,,2025-03-25,5,1,refreshing,,1
R03785,H00469,B04,,2025-03-25,3,1,,taste,0
R03786,H00597,B02,,2025-03-25,5,0,refreshing,aftertaste,1
R03787,H00795,B06,,2025-03-25,4,1,price,,0
R03788,H01297,B03,,2025-03-25,3,0,can design,,1
R03789,H01312,B12,,2025-03-25,5,1,ingredients,,1
R03790,H01324,B03,,2025-03-25,5,1,price,fizz,1
R03791,H01727,B02,,2025-03-25,3,1,price,,0
R03792,H00157,B14,,2025-03-26,3,0,jar size,,0
R03793,H00165,B19,,2025-03-26,5,0,portability,,1
R03794,H00226,B06,,2025-03-26,4,1,portion size,,0
R03795,H00388,B05,,2025-03-26,3,0,,saltiness,1
R03796,H00469,B16,,2025-03-26,4,1,texture,heat,1
R03797,H00681,B05,,2025-03-26,5,1,price,,1
R03798,H01042,B04,,2025-03-26,2,1,,can design,0
R03799,H01503,B02,,2025-03-26,3,0,,sweetness,0
R03800,H00184,B04,,2025-03-27,3,1,,aftertaste,0
R03801,H00203,B20,,2025-03-27,4,0,ingredients,,1
R03802,H00246,B15,,2025-03-27,4,1,versatility,,0
R03803,H00425,B05,,2025-03-27,4,1,price,,1
R03804,H00568,B13,,2025-03-27,4,1,versatility,,1
R03805,H00596,B07,,2025-03-27,2,0,packaging,price,0
R03806,H00619,B05,,2025-03-27,5,1,packaging,,1
R03807,H00636,B15,,2025-03-27,5,1,heat,,1
R03808,H00691,B18,,2025-03-27,4,0,energy boost,,1
R03809,H00836,B09,,2025-03-27,3,1,,texture,1
R03810,H01172,B08,,2025-03-27,4,1,crunch,,1
R03811,H01262,B15,,2025-03-27,3,0,jar size,,0
R03812,H01406,B05,,2025-03-27,4,0,packaging,,1
R03813,H01622,B09,,2025-03-27,4,1,texture,,0
R03814,H00101,B02,,2025-03-28,4,1,taste,,0
R03815,H00560,B16,,2025-03-28,5,1,price,heat,1
R03816,H00956,B07,,2025-03-28,3,0,,price,1
R03817,H00089,B15,,2025-03-29,4,1,flavour depth,price,0
R03818,H00164,B20,,2025-03-29,4,1,price,taste,1
R03819,H00278,B12,,2025-03-29,5,1,ingredients,,1
R03820,H00724,B02,,2025-03-29,5,1,refreshing,,1
R03821,H00765,B11,,2025-03-29,2,0,,ingredients,0
R03822,H00804,B07,,2025-03-29,3,1,,price,0
R03823,H00909,B12,,2025-03-29,1,0,,sweetness,0
R03824,H01219,B09,,2025-03-29,4,1,price,ingredients,1
R03825,H01407,B02,,2025-03-29,3,1,taste,,0
R03826,H01527,B09,,2025-03-29,4,1,price,,1
R03827,H01612,B09,,2025-03-29,5,1,packaging,,1
R03828,H01659,B08,,2025-03-29,4,1,packaging,portion size,0
R03829,H00065,B02,,2025-03-30,4,0,refreshing,price,1
R03830,H00156,B18,,2025-03-30,4,1,ingredients,,1
R03831,H00210,B07,,2025-03-30,2,1,portion size,packaging,1
R03832,H00525,B06,,2025-03-30,5,1,packaging,portion size,0
R03833,H00749,B06,,2025-03-30,3,0,portion size,,0
R03834,H01223,B10,,2025-03-30,5,1,taste,,1
R03835,H01227,B09,,2025-03-30,3,0,,packaging,0
R03836,H01237,B18,,2025-03-30,4,1,energy boost,,0
R03837,H01244,B18,,2025-03-30,5,1,price,,1
R03838,H01338,B15,,2025-03-30,4,0,price,jar size,0
R03839,H01369,B13,,2025-03-30,4,1,versatility,,0
R03840,H01454,B09,,2025-03-30,3,0,,packaging,1
R03841,H01517,B16,,2025-03-30,4,1,versatility,texture,0
R03842,H01596,B09,,2025-03-30,5,1,ingredients,,1
R03843,H00124,B19,,2025-03-31,5,0,energy boost,,1
R03844,H00372,B03,,2025-03-31,4,0,fizz,,1
R03845,H00396,B17,,2025-03-31,4,0,texture,,0
R03846,H00550,B07,,2025-03-31,5,1,seasoning,,1
R03847,H00744,B05,,2025-03-31,2,0,seasoning,price,0
R03848,H00853,B09,,2025-03-31,4,1,packaging,taste,1
R03849,H01045,B13,,2025-03-31,3,0,,heat,1
R03850,H01082,B02,,2025-03-31,3,0,,taste,0
R03851,H01160,B03,,2025-03-31,2,0,,fizz,0
R03852,H01276,B09,,2025-03-31,4,1,ingredients,,0
R03853,H01470,B02,,2025-03-31,3,1,,taste,0
R03854,H00194,B11,,2025-04-01,3,1,,price,0
R03855,H00387,B07,,2025-04-01,4,0,price,,0
R03856,H00391,B07,,2025-04-01,4,1,price,,0
R03857,H00517,B12,,2025-04-01,2,0,,price,0
R03858,H00526,B09,,2025-04-01,4,1,taste,price,1
R03859,H00559,B04,,2025-04-01,3,1,,can design,0
R03860,H00619,B15,,2025-04-01,5,0,jar size,,0
R03861,H00811,B07,,2025-04-01,4,1,seasoning,,1
R03862,H00868,B11,,2025-04-01,5,1,taste,ingredients,0
R03863,H00887,B02,,2025-04-01,5,1,refreshing,,1
R03864,H01107,B01,,2025-04-01,5,1,price,,1
R03865,H01215,B19,,2025-04-01,5,1,portability,taste,1
R03866,H01309,B06,,2025-04-01,4,1,packaging,,0
R03867,H01384,B05,,2025-04-01,4,1,portion size,,1
R03868,H01415,B08,,2025-04-01,5,1,portion size,crunch,1
R03869,H01467,B18,,2025-04-01,4,1,energy boost,,0
R03870,H01478,B12,,2025-04-01,3,1,,price,0
R03871,H01673,B12,,2025-04-01,5,1,packaging,,1
R03872,H01728,B10,,2025-04-01,3,0,,taste,0
R03873,H00286,B18,,2025-04-02,2,0,,taste,0
R03874,H00545,B12,,2025-04-02,2,0,,taste,0
R03875,H00971,B19,,2025-04-02,5,1,taste,portability,1
R03876,H01090,B18,,2025-04-02,5,0,taste,,1
R03877,H01112,B06,,2025-04-02,4,0,seasoning,,1
R03878,H01223,B14,,2025-04-02,5,1,versatility,,0
R03879,H01459,B10,,2025-04-02,2,0,,ingredients,0
R03880,H01485,B11,,2025-04-02,2,0,,sweetness,0
R03881,H01739,B03,,2025-04-02,3,1,,price,1
R03882,H00137,B17,,2025-04-03,3,1,texture,,1
R03883,H00189,B13,,2025-04-03,5,1,heat,flavour depth,1
R03884,H00194,B09,,2025-04-03,4,1,ingredients,texture,1
R03885,H00200,B08,,2025-04-03,4,1,packaging,,1
R03886,H00236,B16,,2025-04-03,5,1,heat,,1
R03887,H00276,B16,,2025-04-03,3,0,heat,,0
R03888,H00666,B13,,2025-04-03,5,1,price,,0
R03889,H01417,B12,,2025-04-03,4,1,sweetness,,0
R03890,H01497,B03,,2025-04-03,4,0,can design,,0
R03891,H01589,B06,,2025-04-03,4,1,packaging,,0
R03892,H01591,B08,,2025-04-03,4,0,seasoning,,0
R03893,H01700,B10,,2025-04-03,4,1,texture,,1
R03894,H01712,B04,,2025-04-03,5,1,price,,1
R03895,H00167,B06,,2025-04-04,4,0,portion size,packaging,1
R03896,H00655,B12,,2025-04-04,3,0,texture,,0
R03897,H00818,B12,,2025-04-04,4,1,taste,texture,1
R03898,H00901,B16,,2025-04-04,4,1,jar size,,0
R03899,H01057,B11,,2025-04-04,4,0,sweetness,,0
R03900,H01186,B02,,2025-04-04,4,0,price,can design,0
R03901,H01383,B17,,2025-04-04,5,1,portability,,1
R03902,H01498,B18,,2025-04-04,4,0,portability,,1
R03903,H00069,B04,,2025-04-05,4,1,sweetness,,1
R03904,H00355,B08,,2025-04-05,3,0,,crunch,1
R03905,H00543,B02,,2025-04-05,4,1,taste,,1
R03906,H00907,B05,,2025-04-05,4,1,packaging,,1
R03907,H01165,B13,,2025-04-05,5,1,heat,,1
R03908,H01357,B04,,2025-04-05,5,0,fizz,can design,1
R03909,H01474,B07,,2025-04-05,4,1,crunch,packaging,1
R03910,H01523,B18,,2025-04-05,5,1,ingredients,,1
R03911,H01654,B04,,2025-04-05,2,0,,can design,0
R03912,H01739,B20,,2025-04-05,4,1,price,,1
R03913,H00107,B03,,2025-04-06,5,1,can design,,1
R03914,H00162,B02,,2025-04-06,4,0,price,fizz,1
R03915,H00570,B15,,2025-04-06,3,1,versatility,,1
R03916,H00922,B07,,2025-04-06,3,0,,packaging,0
R03917,H01053,B08,,2025-04-06,4,1,packaging,,1
R03918,H01095,B16,,2025-04-06,2,0,,price,0
R03919,H01207,B15,,2025-04-06,4,1,flavour depth,,1
R03920,H01585,B02,,2025-04-06,3,1,,price,0
R03921,H01631,B16,,2025-04-06,4,1,versatility,jar size,1
R03922,H01660,B13,,2025-04-06,4,0,versatility,texture,1
R03923,H00092,B04,,2025-04-07,4,1,can design,,1
R03924,H00098,B19,,2025-04-07,4,0,portability,,1
R03925,H00178,B11,,2025-04-07,4,0,sweetness,,1
R03926,H00359,B16,,2025-04-07,5,1,jar size,,1
R03927,H00447,B19,,2025-04-07,3,0,,texture,1
R03928,H00787,B18,,2025-04-07,5,1,ingredients,,1
R03929,H00991,B20,,2025-04-07,3,0,texture,,1
R03930,H01057,B13,,2025-04-07,4,1,jar size,heat,1
R03931,H01242,B01,,2025-04-07,4,1,taste,,1
R03932,H00035,B02,,2025-04-08,4,0,aftertaste,,1
R03933,H00055,B08,,2025-04-08,5,1,portion size,,1
R03934,H00101,B03,,2025-04-08,4,1,can design,,1
R03935,H00349,B12,,2025-04-08,2,0,ingredients,taste,0
R03936,H00557,B01,,2025-04-08,5,1,fizz,,1
R03937,H00749,B14,,2025-04-08,5,1,heat,,1
R03938,H00923,B14,,2025-04-08,3,1,texture,,0
R03939,H00933,B10,,2025-04-08,4,1,packaging,,1
R03940,H00972,B16,,2025-04-08,5,1,texture,,0
R03941,H01008,B15,,2025-04-08,2,0,,jar size,0
R03942,H01241,B09,,2025-04-08,4,1,ingredients,,1
R03943,H01558,B14,,2025-04-08,4,1,jar size,,1
R03944,H00063,B10,,2025-04-09,3,0,texture,,0
R03945,H00319,B10,,2025-04-09,3,0,,ingredients,0
R03946,H00475,B12,,2025-04-09,3,1,ingredients,,0
R03947,H00888,B01,,2025-04-09,4,1,taste,,1
R03948,H00903,B14,,2025-04-09,4,0,versatility,,0
R03949,H01011,B20,,2025-04-09,5,0,price,,0
R03950,H01204,B19,,2025-04-09,5,1,taste,,1
R03951,H01390,B16,,2025-04-09,5,1,jar size,versatility,1
R03952,H01393,B01,,2025-04-09,5,1,fizz,,0
R03953,H01503,B16,,2025-04-09,3,1,,texture,0
R03954,H01524,B06,,2025-04-09,3,0,packaging,,0
R03955,H01612,B07,,2025-04-09,4,1,portion size,,1
R03956,H01747,B01,P025,2025-04-09,5,1,taste,,1
R03957,H01754,B13,P025,2025-04-09,3,1,flavour depth,,1
R03958,H01755,B05,P025,2025-04-09,2,0,saltiness,crunch,1
R03959,H01758,B11,P025,2025-04-09,3,0,,sweetness,1
R03960,H01760,B17,P025,2025-04-09,5,1,price,portability,1
R03961,H01762,B05,P025,2025-04-09,3,0,,seasoning,0
R03962,H01764,B05,P025,2025-04-09,3,1,,seasoning,1
R03963,H00107,B11,,2025-04-10,4,1,taste,,0
R03964,H00221,B01,,2025-04-10,4,1,aftertaste,,0
R03965,H00536,B17,,2025-04-10,5,1,taste,,0
R03966,H00577,B20,,2025-04-10,3,0,,price,1
R03967,H00624,B11,,2025-04-10,5,1,price,,1
R03968,H00679,B03,,2025-04-10,3,0,price,,0
R03969,H00824,B15,,2025-04-10,3,0,heat,,1
R03970,H01051,B10,,2025-04-10,5,1,price,,1
R03971,H01128,B10,,2025-04-10,4,1,texture,,0
R03972,H01189,B15,,2025-04-10,4,1,jar size,,0
R03973,H01209,B02,,2025-04-10,5,1,can design,,1
R03974,H01230,B08,,2025-04-10,2,0,,seasoning,0
R03975,H01521,B16,,2025-04-10,5,1,heat,,0
R03976,H01610,B09,,2025-04-10,4,1,price,,0
R03977,H01748,B17,P025,2025-04-10,5,1,ingredients,,1
R03978,H01771,B17,P025,2025-04-10,5,1,ingredients,,1
R03979,H00264,B03,,2025-04-11,4,0,aftertaste,,1
R03980,H00550,B18,,2025-04-11,4,1,portability,price,0
R03981,H00586,B07,,2025-04-11,4,1,portion size,,1
R03982,H00836,B04,,2025-04-11,3,1,can design,,1
R03983,H00847,B04,,2025-04-11,4,1,price,,1
R03984,H00894,B02,,2025-04-11,5,1,price,,1
R03985,H01428,B01,,2025-04-11,2,0,,price,0
R03986,H01752,B01,P025,2025-04-11,3,1,,refreshing,1
R03987,H01753,B05,P025,2025-04-11,3,0,,saltiness,1
R03988,H01758,B13,P025,2025-04-11,4,1,heat,,0
R03989,H01759,B13,P025,2025-04-11,2,0,,heat,1
R03990,H01763,B05,P025,2025-04-11,5,1,portion size,,1
R03991,H01771,B13,P025,2025-04-11,4,1,jar size,,1
R03992,H00024,B07,,2025-04-12,4,1,crunch,,0
R03993,H00034,B16,,2025-04-12,5,1,price,flavour depth,1
R03994,H00269,B05,,2025-04-12,5,1,saltiness,,1
R03995,H00352,B03,,2025-04-12,5,1,taste,can design,1
R03996,H00508,B19,,2025-04-12,3,1,price,,0
R03997,H00568,B06,,2025-04-12,4,1,packaging,,0
R03998,H00632,B14,,2025-04-12,5,1,flavour depth,,1
R03999,H01132,B10,,2025-04-12,4,1,packaging,ingredients,1
R04000,H01306,B05,,2025-04-12,4,1,saltiness,price,0
R04001,H01358,B20,,2025-04-12,3,0,ingredients,,0
R04002,H01669,B02,,2025-04-12,4,0,can design,,1
R04003,H01746,B13,P025,2025-04-12,4,1,jar size,price,0
R04004,H01749,B11,P025,2025-04-12,4,0,price,,0
R04005,H01752,B05,P025,2025-04-12,3,1,portion size,,1
R04006,H01753,B01,P025,2025-04-12,3,1,fizz,,1
R04007,H01757,B11,P025,2025-04-12,3,0,taste,,1
R04008,H01759,B11,P025,2025-04-12,4,0,texture,,0
R04009,H01760,B05,P025,2025-04-12,3,0,,crunch,1
R04010,H00001,B18,,2025-04-13,3,1,,ingredients,0
R04011,H00323,B13,,2025-04-13,5,1,texture,,0
R04012,H00552,B19,,2025-04-13,4,1,energy boost,,1
R04013,H00999,B08,,2025-04-13,2,0,saltiness,seasoning,0
R04014,H01297,B09,,2025-04-13,4,1,packaging,,0
R04015,H01715,B12,,2025-04-13,4,0,taste,,1
R04016,H01753,B17,P025,2025-04-13,4,1,price,portability,1
R04017,H01754,B05,P025,2025-04-13,4,1,portion size,,0
R04018,H01756,B01,P025,2025-04-13,3,0,aftertaste,,1
R04019,H01756,B11,P025,2025-04-13,5,1,price,,1
R04020,H01757,B05,P025,2025-04-13,5,1,seasoning,,1
R04021,H01766,B05,P025,2025-04-13,4,0,packaging,,1
R04022,H01766,B11,P025,2025-04-13,3,1,,sweetness,0
R04023,H01768,B17,P025,2025-04-13,5,1,taste,,1
R04024,H01769,B13,P025,2025-04-13,2,0,jar size,price,0
R04025,H01769,B17,P025,2025-04-13,4,1,portability,,1
R04026,H01770,B11,P025,2025-04-13,4,0,packaging,,1
R04027,H01788,B05,P026,2025-04-13,3,1,portion size,,1
R04028,H01788,B11,P026,2025-04-13,4,1,packaging,,0
R04029,H01790,B01,P026,2025-04-13,3,0,price,,1
R04030,H01804,B13,P026,2025-04-13,3,1,flavour depth,,0
R04031,H01807,B01,P026,2025-04-13,4,1,can design,aftertaste,1
R04032,H01808,B13,P026,2025-04-13,3,0,,jar size,1
R04033,H01812,B05,P026,2025-04-13,4,1,saltiness,,1
R04034,H01815,B17,P026,2025-04-13,5,1,portability,,1
R04035,H01816,B11,P026,2025-04-13,4,0,ingredients,,0
R04036,H01824,B17,P026,2025-04-13,5,0,energy boost,ingredients,1
R04037,H01825,B01,P026,2025-04-13,3,0,,aftertaste,1
R04038,H01829,B11,P026,2025-04-13,4,0,sweetness,texture,0
R04039,H01832,B11,P026,2025-04-13,3,1,texture,,0
R04040,H01833,B13,P026,2025-04-13,3,0,,flavour depth,0
R04041,H01834,B01,P026,2025-04-13,5,1,taste,,1
R04042,H01836,B17,P026,2025-04-13,5,1,portability,,1
R04043,H01841,B05,P026,2025-04-13,4,1,price,,1
R04044,H01845,B11,P026,2025-04-13,4,0,sweetness,,0
R04045,H01848,B01,P026,2025-04-13,5,1,can design,,1
R04046,H01855,B13,P026,2025-04-13,2,0,,versatility,1
R04047,H01856,B01,P026,2025-04-13,5,0,price,,1
R04048,H01862,B11,P026,2025-04-13,4,1,price,,1
R04049,H01863,B05,P026,2025-04-13,4,1,seasoning,,1
R04050,H01864,B13,P026,2025-04-13,3,0,,texture,0
R04051,H00019,B02,,2025-04-14,4,1,price,,1
R04052,H00460,B01,,2025-04-14,3,1,,sweetness,1
R04053,H00593,B14,,2025-04-14,5,1,jar size,,1
R04054,H00904,B20,,2025-04-14,4,1,texture,,1
R04055,H00928,B03,,2025-04-14,3,0,can design,,1
R04056,H01003,B13,,2025-04-14,4,1,flavour depth,,1
R04057,H01081,B08,,2025-04-14,5,1,portion size,,0
R04058,H01293,B06,,2025-04-14,5,1,packaging,crunch,1
R04059,H01425,B02,,2025-04-14,1,0,refreshing,aftertaste,0
R04060,H01470,B04,,2025-04-14,4,0,fizz,refreshing,0
R04061,H01588,B13,,2025-04-14,4,1,jar size,versatility,1
R04062,H01746,B16,,2025-04-14,4,0,jar size,,1
R04063,H01759,B01,P025,2025-04-14,3,0,aftertaste,,1
R04064,H01763,B11,P025,2025-04-14,5,1,sweetness,,0
R04065,H01770,B01,P025,2025-04-14,5,1,sweetness,,1
R04066,H01788,B01,P026,2025-04-14,3,0,can design,,1
R04067,H01789,B17,P026,2025-04-14,4,1,portability,,1
R04068,H01793,B05,P026,2025-04-14,4,1,crunch,,1
R04069,H01797,B17,P026,2025-04-14,5,1,price,taste,1
R04070,H01799,B11,P026,2025-04-14,5,0,packaging,,0
R04071,H01806,B05,P026,2025-04-14,5,1,saltiness,,1
R04072,H01807,B05,P026,2025-04-14,2,0,,saltiness,1
R04073,H01807,B11,P026,2025-04-14,5,1,texture,,0
R04074,H01812,B13,P026,2025-04-14,2,0,price,flavour depth,0
R04075,H01813,B01,P026,2025-04-14,5,1,taste,,1
R04076,H01820,B05,P026,2025-04-14,4,1,seasoning,,1
R04077,H01821,B11,P026,2025-04-14,4,1,packaging,,0
R04078,H01823,B13,P026,2025-04-14,4,1,versatility,,1
R04079,H01827,B11,P026,2025-04-14,4,1,price,,0
R04080,H01835,B05,P026,2025-04-14,4,1,portion size,price,1
R04081,H01837,B17,P026,2025-04-14,3,0,,price,1
R04082,H01839,B17,P026,2025-04-14,4,0,portability,,1
R04083,H01842,B13,P026,2025-04-14,3,0,texture,,0
R04084,H01844,B17,P026,2025-04-14,4,0,portability,,1
R04085,H01865,B17,P026,2025-04-14,4,1,energy boost,,1
R04086,H01867,B13,P026,2025-04-14,4,1,flavour depth,,0
R04087,H00019,B14,,2025-04-15,3,0,texture,,0
R04088,H00045,B12,,2025-04-15,2,0,,ingredients,0
R04089,H00497,B02,,2025-04-15,4,0,aftertaste,,0
R04090,H00931,B09,,2025-04-15,4,0,sweetness,,1
R04091,H00981,B18,,2025-04-15,4,1,price,,0
R04092,H01129,B03,,2025-04-15,2,0,,can design,0
R04093,H01208,B06,,2025-04-15,5,1,portion size,,1
R04094,H01380,B13,,2025-04-15,3,0,,price,0
R04095,H01388,B05,,2025-04-15,3,0,,crunch,1
R04096,H01592,B12,,2025-04-15,3,1,,ingredients,0
R04097,H01749,B17,P025,2025-04-15,5,1,price,,1
R04098,H01751,B17,P025,2025-04-15,3,1,,price,1
R04099,H01754,B11,P025,2025-04-15,4,1,packaging,,0
R04100,H01757,B13,P025,2025-04-15,3,0,price,,0
R04101,H01757,B17,P025,2025-04-15,3,0,energy boost,,1
R04102,H01761,B17,P025,2025-04-15,5,1,texture,,1
R04103,H01762,B01,P025,2025-04-15,5,1,can design,aftertaste,0
R04104,H01772,B01,P025,2025-04-15,5,1,sweetness,refreshing,1
R04105,H01785,B01,P026,2025-04-15,5,1,fizz,,1
R04106,H01785,B05,P026,2025-04-15,3,1,crunch,,1
R04107,H01786,B13,P026,2025-04-15,3,1,versatility,,1
R04108,H01794,B13,P026,2025-04-15,3,0,,heat,1
R04109,H01796,B11,P026,2025-04-15,3,0,ingredients,,0
R04110,H01797,B13,P026,2025-04-15,4,1,texture,,1
R04111,H01799,B05,P026,2025-04-15,4,1,portion size,,0
R04112,H01802,B13,P026,2025-04-15,3,0,flavour depth,,0
R04113,H01805,B17,P026,2025-04-15,5,1,texture,,1
R04114,H01811,B11,P026,2025-04-15,5,1,sweetness,,0
R04115,H01811,B17,P026,2025-04-15,3,0,,portability,1
R04116,H01814,B13,P026,2025-04-15,4,1,jar size,,1
R04117,H01819,B20,,2025-04-15,3,1,taste,,0
R04118,H01823,B01,P026,2025-04-15,3,1,aftertaste,,1
R04119,H01827,B01,P026,2025-04-15,5,0,refreshing,,1
R04120,H01831,B11,P026,2025-04-15,2,0,,sweetness,1
R04121,H01833,B05,P026,2025-04-15,5,1,packaging,,1
R04122,H01834,B13,P026,2025-04-15,3,0,flavour depth,,0
R04123,H01836,B01,P026,2025-04-15,4,1,sweetness,fizz,1
R04124,H01837,B11,P026,2025-04-15,4,1,ingredients,,1
R04125,H01841,B13,P026,2025-04-15,3,1,versatility,,1
R04126,H01843,B17,P026,2025-04-15,5,1,taste,,1
R04127,H01848,B05,P026,2025-04-15,3,0,,portion size,1
R04128,H01860,B11,P026,2025-04-15,4,1,texture,,0
R04129,H01863,B13,P026,2025-04-15,4,1,versatility,heat,0
R04130,H01864,B11,P026,2025-04-15,4,1,taste,,1
R04131,H00405,B19,,2025-04-16,5,1,portability,,1
R04132,H00461,B15,,2025-04-16,3,0,heat,,1
R04133,H00633,B15,,2025-04-16,3,1,jar size,,0
R04134,H00728,B04,,2025-04-16,3,1,price,,1
R04135,H00768,B11,,2025-04-16,3,0,sweetness,,1
R04136,H01079,B15,,2025-04-16,5,1,price,,0
R04137,H01348,B02,,2025-04-16,3,1,,price,0
R04138,H01503,B15,,2025-04-16,4,0,jar size,,1
R04139,H01746,B17,P025,2025-04-16,3,0,portability,,1
R04140,H01747,B17,P025,2025-04-16,5,1,energy boost,,1
R04141,H01753,B13,P025,2025-04-16,4,0,versatility,,1
R04142,H01760,B01,P025,2025-04-16,5,1,taste,,1
R04143,H01764,B17,P025,2025-04-16,4,1,texture,,1
R04144,H01765,B13,P025,2025-04-16,3,0,price,,1
R04145,H01766,B17,P025,2025-04-16,5,1,energy boost,taste,1
R04146,H01768,B05,P025,2025-04-16,3,0,,crunch,1
R04147,H01771,B01,P025,2025-04-16,4,1,can design,,1
R04148,H01785,B17,P026,2025-04-16,4,1,texture,,1
R04149,H01789,B01,P026,2025-04-16,4,0,sweetness,,1
R04150,H01792,B05,P026,2025-04-16,4,1,price,crunch,1
R04151,H01793,B01,P026,2025-04-16,5,1,refreshing,,1
R04152,H01805,B11,P026,2025-04-16,3,1,,ingredients,0
R04153,H01817,B13,P026,2025-04-16,3,0,jar size,,0
R04154,H01818,B05,P026,2025-04-16,4,1,portion size,,1
R04155,H01820,B11,P026,2025-04-16,5,1,sweetness,,0
R04156,H01824,B01,P026,2025-04-16,5,0,fizz,can design,1
R04157,H01828,B13,P026,2025-04-16,3,0,texture,,1
R04158,H01836,B05,P026,2025-04-16,5,0,crunch,,1
R04159,H01838,B05,P026,2025-04-16,4,1,price,,1
R04160,H01838,B17,P026,2025-04-16,4,1,portability,,1
R04161,H01849,B01,P026,2025-04-16,3,0,refreshing,,1
R04162,H01849,B13,P026,2025-04-16,5,1,texture,heat,0
R04163,H01855,B05,P026,2025-04-16,4,1,seasoning,,1
R04164,H01860,B01,P026,2025-04-16,5,1,refreshing,,1
R04165,H01864,B01,P026,2025-04-16,3,0,,price,1
R04166,H01865,B01,P026,2025-04-16,5,1,refreshing,,1
R04167,H01867,B17,P026,2025-04-16,3,0,,texture,1
R04168,H01875,B13,,2025-04-16,4,1,jar size,,1
R04169,H00026,B05,,2025-04-17,2,0,,price,0
R04170,H00084,B15,,2025-04-17,4,0,versatility,,0
R04171,H00269,B20,,2025-04-17,2,0,,taste,0
R04172,H00585,B18,,2025-04-17,3,0,,energy boost,0
R04173,H00655,B05,,2025-04-17,4,1,crunch,,1
R04174,H00672,B03,,2025-04-17,5,1,sweetness,aftertaste,1
R04175,H00784,B07,,2025-04-17,4,1,packaging,,1
R04176,H00997,B14,,2025-04-17,5,1,price,,1
R04177,H01118,B07,,2025-04-17,4,1,saltiness,,1
R04178,H01163,B07,,2025-04-17,4,1,seasoning,crunch,1
R04179,H01466,B10,,2025-04-17,5,1,texture,,0
R04180,H01486,B19,,2025-04-17,4,1,portability,,1
R04181,H01618,B04,,2025-04-17,3,0,taste,,1
R04182,H01696,B07,,2025-04-17,4,1,packaging,price,1
R04183,H01746,B05,,2025-04-17,5,1,portion size,price,1
R04184,H01784,B11,P026,2025-04-17,5,1,price,,0
R04185,H01787,B11,P026,2025-04-17,4,1,price,,0
R04186,H01792,B17,P026,2025-04-17,5,1,energy boost,,1
R04187,H01795,B01,P026,2025-04-17,5,1,refreshing,,1
R04188,H01801,B01,P026,2025-04-17,4,1,price,,1
R04189,H01803,B17,P026,2025-04-17,5,1,taste,energy boost,1
R04190,H01818,B17,P026,2025-04-17,5,1,taste,,1
R04191,H01819,B13,P026,2025-04-17,3,1,,heat,0
R04192,H01821,B13,P026,2025-04-17,4,1,texture,,1
R04193,H01821,B17,P026,2025-04-17,5,1,taste,,1
R04194,H01824,B11,P026,2025-04-17,5,1,ingredients,,1
R04195,H01828,B05,P026,2025-04-17,3,0,,packaging,1
R04196,H01829,B13,P026,2025-04-17,3,0,,price,1
R04197,H01830,B17,P026,2025-04-17,4,1,ingredients,,0
R04198,H01833,B11,P026,2025-04-17,4,1,packaging,,1
R04199,H01836,B13,P026,2025-04-17,2,0,versatility,heat,1
R04200,H01837,B13,P026,2025-04-17,3,0,price,,0
R04201,H01839,B05,P026,2025-04-17,3,0,,seasoning,0
R04202,H01840,B05,P026,2025-04-17,3,1,,seasoning,1
R04203,H01845,B17,P026,2025-04-17,5,1,texture,,1
R04204,H01849,B05,P026,2025-04-17,4,1,seasoning,,1
R04205,H01855,B01,P026,2025-04-17,4,1,taste,,1
R04206,H01858,B13,P026,2025-04-17,3,0,heat,,0
R04207,H01862,B13,P026,2025-04-17,5,1,price,,0
R04208,H01865,B05,P026,2025-04-17,4,1,saltiness,,1
R04209,H01878,B17,,2025-04-17,5,1,ingredients,,1
R04210,H00049,B16,,2025-04-18,3,0,price,,1
R04211,H00102,B02,,2025-04-18,3,0,aftertaste,,0
R04212,H00185,B18,,2025-04-18,4,0,ingredients,,1
R04213,H00227,B13,,2025-04-18,3,0,,versatility,1
R04214,H00298,B09,,2025-04-18,1,0,,taste,0
R04215,H00579,B01,,2025-04-18,4,1,refreshing,,1
R04216,H00700,B02,,2025-04-18,5,1,taste,,1
R04217,H00871,B01,,2025-04-18,5,1,price,,1
R04218,H00972,B08,,2025-04-18,5,1,packaging,,1
R04219,H00984,B08,,2025-04-18,4,1,saltiness,,1
R04220,H01303,B04,,2025-04-18,5,1,refreshing,,1
R04221,H01459,B04,,2025-04-18,5,1,refreshing,,1
R04222,H01655,B01,,2025-04-18,4,1,sweetness,,1
R04223,H01792,B11,P026,2025-04-18,3,0,,price,1
R04224,H01794,B11,P026,2025-04-18,4,1,ingredients,,0
R04225,H01798,B05,P026,2025-04-18,5,1,crunch,,1
R04226,H01798,B17,P026,2025-04-18,3,0,,portability,1
R04227,H01799,B13,P026,2025-04-18,5,1,jar size,,0
R04228,H01802,B05,P026,2025-04-18,3,0,price,,0
R04229,H01806,B17,P026,2025-04-18,4,1,portability,,1
R04230,H01808,B11,P026,2025-04-18,5,1,taste,,0
R04231,H01810,B01,P026,2025-04-18,5,1,can design,,1
R04232,H01814,B17,P026,2025-04-18,5,1,price,,1
R04233,H01816,B05,P026,2025-04-18,4,1,price,,1
R04234,H01817,B01,P026,2025-04-18,5,1,sweetness,,1
R04235,H01819,B17,P026,2025-04-18,4,1,portability,,1
R04236,H01821,B01,P026,2025-04-18,5,1,taste,,1
R04237,H01827,B13,P026,2025-04-18,3,1,,versatility,1
R04238,H01829,B01,P026,2025-04-18,2,0,,refreshing,1
R04239,H01829,B05,P026,2025-04-18,4,1,price,,1
R04240,H01833,B17,P026,2025-04-18,4,0,energy boost,,1
R04241,H01834,B17,P026,2025-04-18,5,1,texture,,1
R04242,H01835,B17,P026,2025-04-18,5,1,portability,,1
R04243,H01843,B11,P026,2025-04-18,4,1,packaging,,0
R04244,H01843,B13,P026,2025-04-18,3,0,versatility,,1
R04245,H01858,B11,P026,2025-04-18,3,0,price,,0
R04246,H01860,B17,P026,2025-04-18,5,1,portability,,1
R04247,H00145,B15,,2025-04-19,5,1,texture,,1
R04248,H00172,B14,,2025-04-19,4,1,texture,,0
R04249,H00227,B14,,2025-04-19,5,1,price,,1
R04250,H00316,B11,,2025-04-19,4,1,packaging,,1
R04251,H00412,B06,,2025-04-19,4,1,portion size,,0
R04252,H00482,B08,,2025-04-19,5,1,crunch,,1
R04253,H01049,B15,,2025-04-19,4,1,texture,,1
R04254,H01085,B10,,2025-04-19,5,1,packaging,,0
R04255,H01409,B03,,2025-04-19,3,1,,taste,1
R04256,H01420,B19,,2025-04-19,3,0,,portability,1
R04257,H01592,B17,,2025-04-19,4,1,taste,portability,1
R04258,H01634,B01,,2025-04-19,4,1,sweetness,,1
R04259,H01786,B11,P026,2025-04-19,3,0,,price,0
R04260,H01799,B01,P026,2025-04-19,5,1,taste,,0
R04261,H01802,B11,P026,2025-04-19,4,0,packaging,,0
R04262,H01802,B17,P026,2025-04-19,3,0,,texture,1
R04263,H01804,B17,P026,2025-04-19,4,1,ingredients,,1
R04264,H01807,B17,P026,2025-04-19,5,1,taste,,1
R04265,H01808,B17,P026,2025-04-19,4,1,texture,,1
R04266,H01809,B11,P026,2025-04-19,3,0,price,,1
R04267,H01810,B17,P026,2025-04-19,5,1,taste,,1
R04268,H01812,B01,P026,2025-04-19,5,1,refreshing,,0
R04269,H01816,B01,P026,2025-04-19,4,1,taste,,1
R04270,H01825,B05,P026,2025-04-19,3,1,,crunch,1
R04271,H01826,B05,P026,2025-04-19,5,1,seasoning,,1
R04272,H01833,B01,P026,2025-04-19,5,1,can design,,1
R04273,H01837,B01,P026,2025-04-19,5,1,can design,,1
R04274,H01839,B11,P026,2025-04-19,5,1,ingredients,,0
R04275,H01843,B01,P026,2025-04-19,5,1,can design,,1
R04276,H01844,B01,P026,2025-04-19,4,0,taste,,1
R04277,H01846,B13,P026,2025-04-19,4,1,versatility,,1
R04278,H01849,B11,P026,2025-04-19,3,1,sweetness,,1
R04279,H01849,B17,P026,2025-04-19,4,0,portability,,1
R04280,H01851,B05,P026,2025-04-19,2,0,price,portion size,0
R04281,H01851,B17,P026,2025-04-19,4,1,price,portability,1
R04282,H01855,B17,P026,2025-04-19,5,1,ingredients,,1
R04283,H01862,B05,P026,2025-04-19,4,0,packaging,,1
R04284,H01866,B17,P026,2025-04-19,5,1,energy boost,ingredients,1
R04285,H01867,B05,P026,2025-04-19,5,0,portion size,seasoning,1
R04286,H01867,B11,P026,2025-04-19,4,1,price,,1
R04287,H00054,B10,,2025-04-20,5,1,texture,,1
R04288,H00184,B08,,2025-04-20,2,0,,price,0
R04289,H00186,B04,,2025-04-20,3,1,,sweetness,1
R04290,H00506,B10,,2025-04-20,5,1,taste,,1
R04291,H00526,B15,,2025-04-20,5,1,texture,,1
R04292,H00529,B08,,2025-04-20,5,1,seasoning,,1
R04293,H01233,B06,,2025-04-20,4,1,crunch,,1
R04294,H01453,B18,,2025-04-20,5,1,portability,,1
R04295,H01474,B04,,2025-04-20,4,1,can design,refreshing,1
R04296,H01497,B08,,2025-04-20,2,0,packaging,seasoning,0
R04297,H01522,B03,,2025-04-20,2,0,,can design,0
R04298,H01651,B16,,2025-04-20,3,0,,flavour depth,0
R04299,H01725,B16,,2025-04-20,4,1,price,,1
R04300,H01788,B17,P026,2025-04-20,5,1,ingredients,,1
R04301,H01791,B01,P026,2025-04-20,3,0,taste,,1
R04302,H01794,B17,P026,2025-04-20,4,1,taste,energy boost,1
R04303,H01795,B11,P026,2025-04-20,3,0,texture,,1
R04304,H01796,B05,P026,2025-04-20,3,1,,crunch,1
R04305,H01803,B05,P026,2025-04-20,4,0,portion size,,1
R04306,H01803,B13,P026,2025-04-20,3,0,,price,0
R04307,H01804,B05,P026,2025-04-20,5,1,price,,1
R04308,H01806,B01,P026,2025-04-20,4,1,can design,aftertaste,1
R04309,H01806,B13,P026,2025-04-20,3,0,,jar size,1
R04310,H01809,B17,P026,2025-04-20,4,0,price,,1
R04311,H01811,B05,P026,2025-04-20,2,0,price,packaging,1
R04312,H01815,B05,P026,2025-04-20,4,1,seasoning,,1
R04313,H01815,B13,P026,2025-04-20,4,1,heat,,1
R04314,H01818,B11,P026,2025-04-20,4,0,taste,,1
R04315,H01821,B05,P026,2025-04-20,4,1,crunch,saltiness,1
R04316,H01826,B01,P026,2025-04-20,5,1,taste,,1
R04317,H01832,B01,P026,2025-04-20,5,1,aftertaste,,1
R04318,H01832,B13,P026,2025-04-20,4,1,heat,,1
R04319,H01841,B11,P026,2025-04-20,4,1,price,,0
R04320,H01843,B05,P026,2025-04-20,2,1,,saltiness,1
R04321,H01848,B17,P026,2025-04-20,5,1,portability,,1
R04322,H01852,B05,P026,2025-04-20,4,1,saltiness,,1
R04323,H01855,B11,P026,2025-04-20,3,0,,packaging,0
R04324,H01859,B17,P026,2025-04-20,2,0,,portability,1
R04325,H01862,B17,P026,2025-04-20,4,1,price,,1
R04326,H00385,B01,,2025-04-21,5,1,sweetness,,1
R04327,H00404,B13,,2025-04-21,5,1,texture,,1
R04328,H00512,B06,,2025-04-21,5,1,portion size,crunch,1
R04329,H00769,B18,,2025-04-21,3,0,energy boost,,0
R04330,H01108,B06,,2025-04-21,4,1,portion size,,0
R04331,H01349,B08,,2025-04-21,4,1,crunch,,1
R04332,H01419,B08,,2025-04-21,4,1,seasoning,,0
R04333,H01434,B20,,2025-04-21,4,1,ingredients,,0
R04334,H01760,B06,,2025-04-21,5,1,packaging,,1
R04335,H00530,B08,,2025-04-22,3,1,,saltiness,0
R04336,H00967,B07,,2025-04-22,5,1,saltiness,,1
R04337,H01030,B08,,2025-04-22,4,1,seasoning,packaging,0
R04338,H01099,B11,,2025-04-22,2,0,,taste,1
R04339,H01284,B11,,2025-04-22,4,1,texture,,0
R04340,H01330,B10,,2025-04-22,4,1,price,,0
R04341,H01657,B18,,2025-04-22,5,1,texture,,1
R04342,H00154,B13,,2025-04-23,5,1,texture,,1
R04343,H00182,B08,,2025-04-23,5,1,crunch,,1
R04344,H00508,B15,,2025-04-23,4,1,price,texture,1
R04345,H00578,B20,,2025-04-23,4,1,portability,,0
R04346,H01071,B05,,2025-04-23,5,1,packaging,,1
R04347,H01261,B20,,2025-04-23,4,1,energy boost,,1
R04348,H01377,B07,,2025-04-23,5,1,packaging,,1
R04349,H01407,B07,,2025-04-23,5,1,price,portion size,1
R04350,H01544,B10,,2025-04-23,4,1,ingredients,,1
R04351,H01713,B05,,2025-04-23,4,1,crunch,portion size,1
R04352,H01775,B14,,2025-04-23,3,0,flavour depth,,1
R04353,H00101,B04,,2025-04-24,4,1,price,,0
R04354,H00265,B04,,2025-04-24,4,1,fizz,,1
R04355,H00280,B11,,2025-04-24,5,1,sweetness,texture,0
R04356,H00339,B02,,2025-04-24,2,0,,taste,0
R04357,H00673,B10,,2025-04-24,4,1,ingredients,,0
R04358,H00684,B09,,2025-04-24,3,1,ingredients,,0
R04359,H00993,B07,,2025-04-24,5,0,price,,1
R04360,H01062,B14,,2025-04-24,5,0,jar size,,0
R04361,H01079,B07,,2025-04-24,2,0,saltiness,price,0
R04362,H01263,B08,,2025-04-24,4,1,portion size,packaging,1
R04363,H01347,B08,,2025-04-24,4,1,crunch,,0
R04364,H00265,B03,,2025-04-25,4,0,aftertaste,fizz,1
R04365,H00504,B06,,2025-04-25,5,0,seasoning,,1
R04366,H00872,B09,,2025-04-25,4,1,texture,,1
R04367,H00909,B04,,2025-04-25,4,1,sweetness,taste,1
R04368,H01018,B17,,2025-04-25,4,1,texture,,1
R04369,H01041,B09,,2025-04-25,5,1,texture,,1
R04370,H01211,B05,,2025-04-25,3,0,crunch,,1
R04371,H01294,B05,,2025-04-25,4,1,price,,0
R04372,H01362,B01,,2025-04-25,5,1,refreshing,,1
R04373,H01585,B07,,2025-04-25,3,0,,seasoning,1
R04374,H00059,B18,,2025-04-26,1,0,,price,0
R04375,H00103,B03,,2025-04-26,5,1,can design,,1
R04376,H00200,B10,,2025-04-26,4,1,texture,,1
R04377,H00221,B12,,2025-04-26,5,1,sweetness,,1
R04378,H00363,B04,,2025-04-26,4,1,price,taste,0
R04379,H00382,B04,,2025-04-26,5,0,taste,,1
R04380,H00433,B20,,2025-04-26,2,1,,texture,0
R04381,H00583,B15,,2025-04-26,4,1,price,,0
R04382,H00611,B18,,2025-04-26,4,0,texture,,1
R04383,H00693,B09,,2025-04-26,3,0,,sweetness,0
R04384,H00805,B14,,2025-04-26,3,1,,jar size,0
R04385,H00909,B02,,2025-04-26,4,1,price,,1
R04386,H00989,B03,,2025-04-26,4,1,sweetness,,0
R04387,H01207,B03,,2025-04-26,3,1,fizz,,0
R04388,H01328,B06,,2025-04-26,4,0,crunch,,1
R04389,H01764,B04,,2025-04-26,5,1,price,,1
R04390,H01870,B12,,2025-04-26,3,1,,sweetness,0
R04391,H00033,B14,,2025-04-27,2,0,,jar size,0
R04392,H00172,B20,,2025-04-27,3,0,portability,,0
R04393,H00550,B13,,2025-04-27,4,1,price,,1
R04394,H00556,B01,,2025-04-27,3,0,,aftertaste,1
R04395,H00814,B01,,2025-04-27,4,0,fizz,,1
R04396,H01166,B05,,2025-04-27,4,1,price,,1
R04397,H01328,B07,,2025-04-27,3,1,crunch,,1
R04398,H01348,B08,,2025-04-27,5,1,portion size,,1
R04399,H01557,B06,,2025-04-27,4,0,portion size,,1
R04400,H01615,B05,,2025-04-27,4,1,crunch,,0
R04401,H01671,B11,,2025-04-27,5,0,ingredients,,1
R04402,H01773,B04,,2025-04-27,5,1,taste,,1
R04403,H01775,B16,,2025-04-27,5,1,price,,0
R04404,H01837,B04,,2025-04-27,4,1,aftertaste,fizz,0
R04405,H01872,B09,,2025-04-27,4,1,price,texture,1
R04406,H00215,B07,,2025-04-28,4,1,saltiness,crunch,0
R04407,H00240,B17,,2025-04-28,2,0,,energy boost,0
R04408,H00339,B12,,2025-04-28,2,0,,texture,0
R04409,H00543,B13,,2025-04-28,4,1,versatility,,1
R04410,H00767,B11,,2025-04-28,5,1,price,,1
R04411,H00792,B08,,2025-04-28,3,1,,crunch,0
R04412,H01124,B03,,2025-04-28,2,0,sweetness,aftertaste,0
R04413,H01394,B15,,2025-04-28,5,1,jar size,,1
R04414,H01705,B09,,2025-04-28,3,0,,texture,0
R04415,H01788,B07,,2025-04-28,3,0,saltiness,,1
R04416,H00142,B05,,2025-04-29,4,1,saltiness,,1
R04417,H00170,B03,,2025-04-29,5,1,price,,1
R04418,H00702,B11,,2025-04-29,5,1,texture,,1
R04419,H00723,B14,,2025-04-29,5,1,price,,0
R04420,H00725,B07,,2025-04-29,5,1,saltiness,crunch,1
R04421,H00729,B15,,2025-04-29,2,0,,heat,0
R04422,H00918,B18,,2025-04-29,4,1,ingredients,,1
R04423,H00985,B13,,2025-04-29,4,1,versatility,,0
R04424,H01417,B04,,2025-04-29,4,1,refreshing,fizz,0
R04425,H01498,B16,,2025-04-29,4,1,texture,,1
R04426,H01533,B04,,2025-04-29,3,0,,taste,0
R04427,H01620,B12,,2025-04-29,5,1,price,,1
R04428,H01703,B03,,2025-04-29,4,0,can design,,1
R04429,H01756,B08,,2025-04-29,4,1,portion size,,1
R04430,H01859,B15,,2025-04-29,4,1,flavour depth,,0
R04431,H01859,B19,,2025-04-29,5,1,energy boost,,1
R04432,H00075,B16,,2025-04-30,5,1,price,heat,1
R04433,H00508,B12,,2025-04-30,5,0,price,,1
R04434,H00716,B09,,2025-04-30,3,1,taste,,0
R04435,H00809,B18,,2025-04-30,3,1,price,,0
R04436,H00823,B09,,2025-04-30,4,1,ingredients,,1
R04437,H01014,B02,,2025-04-30,4,1,sweetness,,1
R04438,H01229,B17,,2025-04-30,4,1,texture,,1
R04439,H01315,B06,,2025-04-30,5,0,seasoning,,1
R04440,H01361,B11,,2025-04-30,3,1,packaging,,0
R04441,H01551,B05,,2025-04-30,4,1,seasoning,,0
R04442,H01553,B04,,2025-04-30,3,0,sweetness,,1
R04443,H00013,B09,,2025-05-01,4,1,price,,0
R04444,H00088,B15,,2025-05-01,2,0,,price,0
R04445,H00515,B02,,2025-05-01,5,1,can design,,1
R04446,H00657,B05,,2025-05-01,3,0,crunch,,0
R04447,H00742,B16,,2025-05-01,5,0,texture,,1
R04448,H00961,B03,,2025-05-01,3,0,,sweetness,1
R04449,H01146,B02,,2025-05-01,4,1,fizz,,1
R04450,H01422,B07,,2025-05-01,4,1,crunch,,1
R04451,H01685,B06,,2025-05-01,4,0,saltiness,,1
R04452,H01716,B10,,2025-05-01,3,1,,packaging,0
R04453,H01789,B15,,2025-05-01,3,0,,flavour depth,0
R04454,H01790,B12,,2025-05-01,1,0,,texture,0
R04455,H01890,B07,,2025-05-01,4,0,portion size,,0
R04456,H00195,B19,,2025-05-02,4,1,energy boost,ingredients,0
R04457,H00347,B01,,2025-05-02,4,1,fizz,,1
R04458,H00540,B18,,2025-05-02,4,1,price,,0
R04459,H00590,B08,,2025-05-02,2,0,seasoning,crunch,0
R04460,H00856,B08,,2025-05-02,5,1,crunch,,0
R04461,H01129,B12,,2025-05-02,5,1,ingredients,,1
R04462,H01279,B09,,2025-05-02,4,1,price,,0
R04463,H01424,B04,,2025-05-02,5,1,aftertaste,,1
R04464,H01509,B19,,2025-05-02,4,1,taste,,0
R04465,H01550,B09,,2025-05-02,3,0,packaging,,0
R04466,H01731,B06,,2025-05-02,4,1,portion size,,1
R04467,H01862,B02,,2025-05-02,3,1,,price,0
R04468,H01864,B08,,2025-05-02,4,0,price,,1
R04469,H01866,B18,,2025-05-02,5,1,portability,taste,1
R04470,H00321,B04,,2025-05-03,3,1,,price,1
R04471,H00408,B13,,2025-05-03,3,1,jar size,,0
R04472,H00468,B15,,2025-05-03,5,1,jar size,versatility,1
R04473,H00510,B06,,2025-05-03,5,1,price,,0
R04474,H00824,B12,,2025-05-03,5,1,packaging,price,1
R04475,H01006,B14,,2025-05-03,3,1,heat,,0
R04476,H01126,B14,,2025-05-03,1,0,flavour depth,versatility,0
R04477,H01224,B05,,2025-05-03,3,0,saltiness,,1
R04478,H01439,B08,,2025-05-03,5,1,price,,1
R04479,H01461,B14,,2025-05-03,4,1,price,,0
R04480,H01525,B08,,2025-05-03,5,1,packaging,,1
R04481,H01542,B18,,2025-05-03,5,1,price,,0
R04482,H01585,B06,,2025-05-03,4,0,saltiness,,0
R04483,H01696,B09,,2025-05-03,4,1,packaging,,1
R04484,H01705,B20,,2025-05-03,2,0,texture,energy boost,0
R04485,H01721,B18,,2025-05-03,4,1,portability,,1
R04486,H01835,B08,,2025-05-03,3,1,,seasoning,0
R04487,H00302,B16,,2025-05-04,3,0,,flavour depth,0
R04488,H00697,B07,,2025-05-04,5,1,packaging,,0
R04489,H00885,B10,,2025-05-04,5,1,taste,,1
R04490,H01077,B08,,2025-05-04,3,0,,packaging,0
R04491,H01197,B05,,2025-05-04,4,1,price,,1
R04492,H01218,B03,,2025-05-04,4,1,refreshing,sweetness,1
R04493,H01244,B10,,2025-05-04,5,1,ingredients,,1
R04494,H01337,B13,,2025-05-04,5,1,price,texture,1
R04495,H01356,B02,,2025-05-04,4,1,aftertaste,taste,0
R04496,H01607,B19,,2025-05-04,3,1,,texture,0
R04497,H01746,B02,,2025-05-04,5,1,aftertaste,refreshing,0
R04498,H00019,B17,,2025-05-05,5,1,portability,,1
R04499,H00321,B12,,2025-05-05,4,0,taste,packaging,0
R04500,H00326,B10,,2025-05-05,5,1,ingredients,,1
R04501,H00335,B12,,2025-05-05,3,0,,price,0
R04502,H00452,B20,,2025-05-05,3,0,,texture,0
R04503,H00622,B16,,2025-05-05,4,1,texture,versatility,0
R04504,H00645,B03,,2025-05-05,5,1,can design,,1
R04505,H00659,B02,,2025-05-05,5,1,price,,1
R04506,H00803,B08,,2025-05-05,4,1,crunch,,1
R04507,H00069,B01,,2025-05-06,5,1,price,,1
R04508,H00202,B08,,2025-05-06,4,0,packaging,,0
R04509,H00225,B09,,2025-05-06,5,1,texture,,1
R04510,H00387,B01,,2025-05-06,5,1,fizz,,1
R04511,H00443,B10,,2025-05-06,3,0,sweetness,,0
R04512,H00549,B02,,2025-05-06,3,0,,refreshing,0
R04513,H00623,B11,,2025-05-06,5,1,texture,,1
R04514,H00681,B12,,2025-05-06,4,0,packaging,,1
R04515,H00732,B06,,2025-05-06,5,1,saltiness,,1
R04516,H00769,B17,,2025-05-06,4,1,texture,,1
R04517,H00853,B04,,2025-05-06,3,0,fizz,,1
R04518,H00985,B02,,2025-05-06,4,1,can design,,1
R04519,H01168,B02,,2025-05-06,4,1,taste,,0
R04520,H01237,B03,,2025-05-06,5,1,aftertaste,,1
R04521,H01718,B08,,2025-05-06,5,1,seasoning,,1
R04522,H00031,B04,,2025-05-07,5,1,can design,fizz,1
R04523,H00066,B08,,2025-05-07,3,0,crunch,,1
R04524,H00218,B10,,2025-05-07,4,0,packaging,,1
R04525,H00375,B04,,2025-05-07,2,0,,fizz,0
R04526,H00469,B09,,2025-05-07,4,1,packaging,,0
R04527,H01278,B02,,2025-05-07,5,1,price,,1
R04528,H01412,B06,,2025-05-07,5,1,price,,1
R04529,H01759,B16,,2025-05-07,4,1,jar size,,1
R04530,H01794,B01,,2025-05-07,5,1,aftertaste,,1
R04531,H00120,B03,,2025-05-08,5,1,refreshing,,1
R04532,H00443,B07,,2025-05-08,3,0,price,,1
R04533,H00831,B18,,2025-05-08,2,0,,price,0
R04534,H00910,B02,,2025-05-08,5,1,sweetness,,1
R04535,H01072,B02,,2025-05-08,5,0,can design,sweetness,1
R04536,H01174,B04,,2025-05-08,3,0,price,,1
R04537,H01418,B17,,2025-05-08,4,1,ingredients,,1
R04538,H01738,B06,,2025-05-08,5,1,packaging,,1
R04539,H00040,B17,,2025-05-09,4,1,texture,,1
R04540,H00116,B08,,2025-05-09,5,1,seasoning,,1
R04541,H00160,B11,,2025-05-09,3,0,sweetness,,0
R04542,H00207,B06,,2025-05-09,4,0,seasoning,,1
R04543,H00293,B02,,2025-05-09,5,1,price,,1
R04544,H00320,B12,,2025-05-09,3,1,sweetness,,0
R04545,H00368,B03,,2025-05-09,4,1,aftertaste,,0
R04546,H00414,B03,,2025-05-09,5,1,refreshing,,1
R04547,H00540,B06,,2025-05-09,3,0,,saltiness,0
R04548,H00550,B02,,2025-05-09,4,1,can design,,1
R04549,H00846,B14,,2025-05-09,2,0,flavour depth,heat,0
R04550,H00892,B04,,2025-05-09,4,0,sweetness,,0
R04551,H00967,B02,,2025-05-09,4,1,fizz,,0
R04552,H01087,B07,,2025-05-09,5,0,price,,1
R04553,H01169,B08,,2025-05-09,5,1,crunch,,1
R04554,H01172,B11,,2025-05-09,3,0,packaging,,0
R04555,H01302,B14,,2025-05-09,3,1,jar size,,0
R04556,H01347,B10,,2025-05-09,2,0,,ingredients,0
R04557,H01582,B09,,2025-05-09,4,1,texture,,0
R04558,H01881,B01,,2025-05-09,4,1,can design,,1
R04559,H00244,B07,,2025-05-10,5,1,crunch,,1
R04560,H00802,B20,,2025-05-10,5,1,energy boost,,1
R04561,H01286,B19,,2025-05-10,5,1,taste,ingredients,1
R04562,H01416,B18,,2025-05-10,5,1,price,,1
R04563,H01588,B03,,2025-05-10,5,1,aftertaste,,1
R04564,H01649,B17,,2025-05-10,3,0,,texture,1
R04565,H01924,B02,,2025-05-10,3,0,,refreshing,1
R04566,H00192,B17,,2025-05-11,5,1,price,ingredients,1
R04567,H00232,B15,,2025-05-11,4,0,price,,0
R04568,H00841,B08,,2025-05-11,5,1,price,,1
R04569,H01185,B08,,2025-05-11,3,0,price,,0
R04570,H01380,B01,,2025-05-11,4,0,fizz,,0
R04571,H00005,B16,,2025-05-12,4,0,heat,texture,1
R04572,H00076,B18,,2025-05-12,4,1,taste,,0
R04573,H00381,B18,,2025-05-12,3,1,,portability,0
R04574,H00381,B01,,2025-05-12,4,1,aftertaste,,1
R04575,H00483,B16,,2025-05-12,3,0,texture,,1
R04576,H00522,B14,,2025-05-12,4,1,flavour depth,versatility,0
R04577,H00602,B06,,2025-05-12,4,1,price,saltiness,0
R04578,H01269,B16,,2025-05-12,4,1,versatility,,1
R04579,H01308,B15,,2025-05-12,2,0,,price,0
R04580,H01353,B10,,2025-05-12,4,0,price,,0
R04581,H01515,B04,,2025-05-12,3,1,,price,0
R04582,H00300,B18,,2025-05-13,4,1,taste,,0
R04583,H00437,B01,,2025-05-13,5,1,fizz,price,1
R04584,H00442,B08,,2025-05-13,4,1,crunch,seasoning,1
R04585,H00543,B16,,2025-05-13,5,1,heat,,1
R04586,H00640,B11,,2025-05-13,4,1,texture,,1
R04587,H00732,B04,,2025-05-13,5,1,can design,,1
R04588,H00736,B09,,2025-05-13,3,1,,price,0
R04589,H00790,B06,,2025-05-13,4,1,crunch,price,1
R04590,H00889,B10,,2025-05-13,4,1,taste,,0
R04591,H01078,B03,,2025-05-13,3,1,sweetness,,0
R04592,H01195,B15,,2025-05-13,3,1,versatility,,1
R04593,H01257,B05,,2025-05-13,3,1,price,,0
R04594,H01290,B17,,2025-05-13,4,1,portability,,0
R04595,H01556,B04,,2025-05-13,2,0,,can design,0
R04596,H00189,B16,,2025-05-14,3,1,,price,0
R04597,H00231,B11,,2025-05-14,5,1,price,,0
R04598,H00342,B06,,2025-05-14,5,1,price,,1
R04599,H00489,B04,,2025-05-14,3,0,price,,0
R04600,H00606,B19,,2025-05-14,4,1,energy boost,,1
R04601,H00722,B20,,2025-05-14,4,0,taste,,1
R04602,H00798,B14,,2025-05-14,3,1,,heat,0
R04603,H00880,B05,,2025-05-14,4,0,crunch,,1
R04604,H00946,B10,,2025-05-14,4,1,texture,,1
R04605,H01160,B09,,2025-05-14,4,0,price,,0
R04606,H01686,B16,,2025-05-14,5,1,versatility,texture,1
R04607,H01743,B13,,2025-05-14,5,1,price,,1
R04608,H01757,B03,,2025-05-14,4,0,sweetness,,1
R04609,H01892,B03,,2025-05-14,5,1,refreshing,,1
R04610,H01905,B09,,2025-05-14,4,0,taste,,1
R04611,H00123,B12,,2025-05-15,2,0,,price,0
R04612,H00224,B14,,2025-05-15,4,0,heat,,1
R04613,H00302,B13,,2025-05-15,4,1,texture,,1
R04614,H00395,B02,,2025-05-15,5,1,price,,1
R04615,H00555,B01,,2025-05-15,5,1,fizz,,1
R04616,H00804,B20,,2025-05-15,5,1,energy boost,,0
R04617,H00904,B06,,2025-05-15,5,0,packaging,,1
R04618,H00937,B07,,2025-05-15,4,1,seasoning,,0
R04619,H01001,B14,,2025-05-15,5,1,texture,,1
R04620,H01025,B12,,2025-05-15,3,1,taste,,0
R04621,H01128,B06,,2025-05-15,5,1,price,,0
R04622,H01227,B17,,2025-05-15,3,0,,ingredients,1
R04623,H01344,B10,,2025-05-15,5,1,price,,0
R04624,H01441,B10,,2025-05-15,4,1,texture,,0
R04625,H01691,B17,,2025-05-15,4,1,texture,,1
R04626,H01911,B13,,2025-05-15,4,1,price,,1
R04627,H00058,B02,,2025-05-16,3,1,taste,,0
R04628,H00231,B16,,2025-05-16,4,1,versatility,price,1
R04629,H00248,B17,,2025-05-16,3,0,ingredients,,0
R04630,H00476,B06,,2025-05-16,4,1,crunch,,1
R04631,H00959,B18,,2025-05-16,3,0,,energy boost,0
R04632,H01121,B03,,2025-05-16,4,1,taste,,1
R04633,H01189,B02,,2025-05-16,3,0,price,,1
R04634,H01265,B04,,2025-05-16,5,1,price,can design,1
R04635,H01492,B16,,2025-05-16,3,1,,texture,1
R04636,H01647,B09,,2025-05-16,4,1,ingredients,,1
R04637,H00002,B10,,2025-05-17,3,1,price,,0
R04638,H00091,B06,,2025-05-17,5,1,saltiness,,1
R04639,H00152,B13,,2025-05-17,5,1,texture,,1
R04640,H00190,B16,,2025-05-17,5,1,price,,1
R04641,H00233,B08,,2025-05-17,4,1,packaging,,0
R04642,H00246,B01,,2025-05-17,4,1,sweetness,,1
R04643,H00274,B12,,2025-05-17,4,1,packaging,price,1
R04644,H00378,B05,,2025-05-17,4,1,packaging,,1
R04645,H00611,B20,,2025-05-17,3,0,,portability,0
R04646,H00977,B02,,2025-05-17,3,0,sweetness,,1
R04647,H01472,B16,,2025-05-17,3,1,,jar size,1
R04648,H01582,B06,,2025-05-17,4,0,price,packaging,1
R04649,H01828,B14,,2025-05-17,3,1,price,,0
R04650,H01926,B06,,2025-05-17,4,1,seasoning,,1
R04651,H01942,B13,P027,2025-05-17,4,0,texture,flavour depth,1
R04652,H01944,B13,P027,2025-05-17,4,1,jar size,heat,0
R04653,H01946,B05,P027,2025-05-17,3,1,,price,1
R04654,H01954,B11,P027,2025-05-17,4,0,packaging,,1
R04655,H01961,B01,P027,2025-05-17,5,1,can design,,1
R04656,H01962,B13,P027,2025-05-17,3,0,,jar size,0
R04657,H01966,B11,P027,2025-05-17,5,1,price,,0
R04658,H01967,B15,,2025-05-17,3,1,flavour depth,,1
R04659,H01968,B13,P027,2025-05-17,5,1,flavour depth,,1
R04660,H01976,B11,P027,2025-05-17,3,0,,price,1
R04661,H01977,B05,P027,2025-05-17,2,0,,portion size,1
R04662,H01977,B13,P027,2025-05-17,2,0,,price,0
R04663,H01979,B01,P027,2025-05-17,5,1,refreshing,,1
R04664,H01983,B17,P027,2025-05-17,5,1,taste,,1
R04665,H01990,B05,P027,2025-05-17,3,0,,packaging,1
R04666,H01993,B17,P027,2025-05-17,4,0,price,,1
R04667,H01995,B05,P027,2025-05-17,4,1,seasoning,,1
R04668,H01995,B17,P027,2025-05-17,4,1,texture,,1
R04669,H01997,B05,P027,2025-05-17,3,0,portion size,,1
R04670,H02004,B01,P027,2025-05-17,5,1,can design,,1
R04671,H02005,B13,P027,2025-05-17,3,1,flavour depth,,1
R04672,H02010,B20,,2025-05-17,1,0,,taste,0
R04673,H02011,B01,P027,2025-05-17,5,1,aftertaste,,1
R04674,H02019,B17,P027,2025-05-17,3,0,energy boost,,1
R04675,H02023,B13,P027,2025-05-17,4,0,texture,,0
R04676,H02024,B13,P027,2025-05-17,4,1,texture,versatility,1
R04677,H02030,B01,P027,2025-05-17,5,1,aftertaste,,1
R04678,H02037,B11,P027,2025-05-17,3,0,,packaging,1
R04679,H02037,B13,P027,2025-05-17,4,1,heat,,0
R04680,H02040,B13,P027,2025-05-17,5,1,heat,,1
R04681,H02041,B05,P027,2025-05-17,2,0,,saltiness,1
R04682,H02044,B17,P027,2025-05-17,3,0,,portability,1
R04683,H02046,B01,P027,2025-05-17,5,1,refreshing,aftertaste,1
R04684,H02046,B11,P027,2025-05-17,4,1,taste,packaging,0
R04685,H02047,B11,P027,2025-05-17,3,0,texture,,0
R04686,H02051,B01,P027,2025-05-17,4,0,can design,,1
R04687,H02051,B11,P027,2025-05-17,3,0,,sweetness,1
R04688,H02051,B13,P027,2025-05-17,4,0,versatility,,0
R04689,H02060,B05,P027,2025-05-17,4,0,price,,1
R04690,H02060,B11,P027,2025-05-17,5,1,taste,,1
R04691,H02064,B11,P027,2025-05-17,5,1,ingredients,price,0
R04692,H02066,B17,P027,2025-05-17,5,1,texture,,1
R04693,H02070,B11,P027,2025-05-17,4,0,taste,price,1
R04694,H02071,B13,P027,2025-05-17,4,1,versatility,,0
R04695,H02076,B11,P027,2025-05-17,5,1,texture,,1
R04696,H02087,B17,P027,2025-05-17,3,1,ingredients,,0
R04697,H02090,B05,P027,2025-05-17,3,1,,packaging,1
R04698,H02094,B11,P027,2025-05-17,4,1,ingredients,,0
R04699,H02096,B17,P027,2025-05-17,3,0,texture,,1
R04700,H02097,B05,P027,2025-05-17,5,1,crunch,,0
R04701,H02102,B10,,2025-05-17,5,1,ingredients,,1
R04702,H02103,B05,P027,2025-05-17,5,1,packaging,price,0
R04703,H02111,B05,P027,2025-05-17,4,1,price,,1
R04704,H02111,B11,P027,2025-05-17,4,1,taste,,0
R04705,H02116,B13,P027,2025-05-17,3,1,heat,,1
R04706,H02117,B11,P027,2025-05-17,4,1,ingredients,sweetness,1
R04707,H02120,B17,P027,2025-05-17,4,0,texture,,0
R04708,H02125,B01,P027,2025-05-17,5,1,can design,sweetness,1
R04709,H02132,B13,P027,2025-05-17,3,1,jar size,,0
R04710,H02133,B11,P027,2025-05-17,4,1,sweetness,,0
R04711,H02134,B05,P027,2025-05-17,3,0,,crunch,1
R04712,H00236,B17,,2025-05-18,5,1,ingredients,,1
R04713,H00247,B07,,2025-05-18,5,1,price,,1
R04714,H00311,B17,,2025-05-18,5,1,price,,1
R04715,H00461,B07,,2025-05-18,4,0,price,,0
R04716,H00791,B19,,2025-05-18,5,1,portability,,1
R04717,H00983,B13,,2025-05-18,4,1,flavour depth,,0
R04718,H01331,B08,,2025-05-18,5,1,crunch,,1
R04719,H01875,B03,,2025-05-18,3,0,,price,0
R04720,H01908,B17,,2025-05-18,5,1,portability,,1
R04721,H01937,B04,,2025-05-18,3,0,,price,1
R04722,H01939,B17,P027,2025-05-18,3,1,,texture,1
R04723,H01942,B11,P027,2025-05-18,5,1,price,,0
R04724,H01945,B05,P027,2025-05-18,4,1,seasoning,,1
R04725,H01947,B17,P027,2025-05-18,3,1,,portability,0
R04726,H01950,B17,P027,2025-05-18,4,1,energy boost,,1
R04727,H01951,B13,P027,2025-05-18,3,1,price,,1
R04728,H01952,B05,P027,2025-05-18,3,0,seasoning,,1
R04729,H01953,B05,P027,2025-05-18,4,0,price,,1
R04730,H01955,B11,P027,2025-05-18,5,1,packaging,,1
R04731,H01968,B01,P027,2025-05-18,5,1,taste,,1
R04732,H01971,B13,P027,2025-05-18,5,1,versatility,texture,0
R04733,H01972,B01,P027,2025-05-18,5,1,sweetness,,1
R04734,H01975,B11,P027,2025-05-18,4,1,texture,,0
R04735,H01976,B01,P027,2025-05-18,4,0,can design,price,1
R04736,H01981,B01,P027,2025-05-18,4,1,fizz,,0
R04737,H01981,B05,P027,2025-05-18,1,0,,crunch,1
R04738,H01989,B11,P027,2025-05-18,3,0,,packaging,0
R04739,H01991,B05,P027,2025-05-18,4,1,saltiness,portion size,0
R04740,H01991,B11,P027,2025-05-18,4,1,ingredients,,0
R04741,H01998,B01,P027,2025-05-18,5,1,fizz,,1
R04742,H02001,B01,P027,2025-05-18,4,1,can design,,1
R04743,H02001,B05,P027,2025-05-18,4,1,seasoning,,1
R04744,H02006,B01,P027,2025-05-18,4,0,sweetness,can design,1
R04745,H02010,B13,P027,2025-05-18,2,0,,heat,0
R04746,H02013,B11,P027,2025-05-18,5,1,taste,,1
R04747,H02014,B01,P027,2025-05-18,5,1,fizz,aftertaste,1
R04748,H02014,B05,P027,2025-05-18,5,0,portion size,seasoning,1
R04749,H02014,B13,P027,2025-05-18,4,1,heat,,0
R04750,H02016,B13,P027,2025-05-18,4,1,versatility,jar size,0
R04751,H02021,B01,P027,2025-05-18,5,1,can design,,1
R04752,H02025,B13,P027,2025-05-18,2,0,,texture,1
R04753,H02031,B17,P027,2025-05-18,4,0,energy boost,texture,1
R04754,H02041,B01,P027,2025-05-18,3,0,refreshing,,1
R04755,H02047,B05,P027,2025-05-18,3,0,,saltiness,1
R04756,H02047,B13,P027,2025-05-18,3,1,texture,,1
R04757,H02048,B11,P027,2025-05-18,4,1,texture,,1
R04758,H02049,B11,P027,2025-05-18,4,0,taste,ingredients,1
R04759,H02051,B05,P027,2025-05-18,4,0,seasoning,portion size,1
R04760,H02060,B17,P027,2025-05-18,5,1,energy boost,taste,1
R04761,H02062,B11,P027,2025-05-18,4,0,packaging,,1
R04762,H02064,B17,P027,2025-05-18,4,1,taste,,1
R04763,H02065,B05,P027,2025-05-18,5,1,price,,1
R04764,H02086,B17,P027,2025-05-18,4,1,texture,,1
R04765,H02088,B11,P027,2025-05-18,5,1,texture,ingredients,1
R04766,H02091,B17,P027,2025-05-18,4,1,taste,portability,1
R04767,H02096,B11,P027,2025-05-18,4,0,price,,1
R04768,H02115,B05,P027,2025-05-18,5,1,saltiness,,1
R04769,H02116,B01,P027,2025-05-18,3,0,,sweetness,1
R04770,H02119,B17,P027,2025-05-18,5,1,price,,1
R04771,H02120,B05,P027,2025-05-18,4,1,saltiness,,0
R04772,H02123,B11,P027,2025-05-18,4,0,taste,,1
R04773,H02128,B05,P027,2025-05-18,4,1,saltiness,,1
R04774,H02129,B11,P027,2025-05-18,4,0,taste,,0
R04775,H02130,B13,P027,2025-05-18,4,0,flavour depth,versatility,1
R04776,H02132,B01,P027,2025-05-18,5,1,fizz,,1
R04777,H02134,B17,P027,2025-05-18,3,0,texture,,1
R04778,H02136,B01,P027,2025-05-18,4,0,sweetness,,1
R04779,H00655,B07,,2025-05-19,5,1,packaging,portion size,1
R04780,H00679,B06,,2025-05-19,4,0,price,,1
R04781,H01004,B20,,2025-05-19,4,1,texture,ingredients,1
R04782,H01004,B08,,2025-05-19,4,0,seasoning,,0
R04783,H01206,B16,,2025-05-19,4,1,jar size,,0
R04784,H01305,B03,,2025-05-19,3,0,,aftertaste,0
R04785,H01638,B18,,2025-05-19,3,1,ingredients,,0
R04786,H01653,B14,,2025-05-19,3,1,,versatility,0
R04787,H01741,B03,,2025-05-19,5,1,price,,1
R04788,H01775,B08,,2025-05-19,5,1,packaging,saltiness,1
R04789,H01937,B01,P027,2025-05-19,4,1,taste,,1
R04790,H01940,B01,P027,2025-05-19,5,1,can design,,1
R04791,H01942,B17,P027,2025-05-19,3,0,portability,,0
R04792,H01943,B01,P027,2025-05-19,4,1,refreshing,,1
R04793,H01944,B11,P027,2025-05-19,3,0,,texture,1
R04794,H01946,B01,P027,2025-05-19,5,1,can design,fizz,1
R04795,H01946,B13,P027,2025-05-19,4,0,jar size,,0
R04796,H01953,B11,P027,2025-05-19,4,0,packaging,,1
R04797,H01961,B11,P027,2025-05-19,5,1,sweetness,,1
R04798,H01966,B17,P027,2025-05-19,5,1,price,,1
R04799,H01969,B05,P027,2025-05-19,2,0,,seasoning,0
R04800,H01974,B05,P027,2025-05-19,3,0,crunch,,0
R04801,H01976,B13,P027,2025-05-19,3,1,texture,,0
R04802,H01981,B13,P027,2025-05-19,5,1,price,,0
R04803,H01982,B05,P027,2025-05-19,3,0,,price,1
R04804,H01987,B11,P027,2025-05-19,4,1,packaging,,0
R04805,H01988,B13,P027,2025-05-19,5,1,heat,,0
R04806,H01989,B17,P027,2025-05-19,4,1,texture,,0
R04807,H01993,B01,P027,2025-05-19,5,1,price,,1
R04808,H01998,B05,P027,2025-05-19,4,1,price,crunch,1
R04809,H02005,B01,P027,2025-05-19,4,1,sweetness,price,1
R04810,H02005,B05,P027,2025-05-19,5,1,packaging,,1
R04811,H02013,B05,P027,2025-05-19,3,0,seasoning,,1
R04812,H02021,B05,P027,2025-05-19,4,1,price,,1
R04813,H02022,B13,P027,2025-05-19,4,1,heat,,0
R04814,H02022,B17,P027,2025-05-19,4,1,texture,taste,1
R04815,H02026,B05,P027,2025-05-19,5,1,portion size,,1
R04816,H02027,B13,P027,2025-05-19,3,0,flavour depth,,1
R04817,H02030,B13,P027,2025-05-19,4,1,flavour depth,,0
R04818,H02033,B11,P027,2025-05-19,5,1,taste,,1
R04819,H02044,B13,P027,2025-05-19,3,0,jar size,,0
R04820,H02052,B11,P027,2025-05-19,4,1,texture,,0
R04821,H02053,B11,P027,2025-05-19,5,1,ingredients,,0
R04822,H02053,B17,P027,2025-05-19,4,0,taste,,1
R04823,H02057,B17,P027,2025-05-19,4,1,portability,,1
R04824,H02063,B11,P027,2025-05-19,5,1,taste,packaging,0
R04825,H02064,B01,P027,2025-05-19,5,1,aftertaste,,1
R04826,H02065,B01,P027,2025-05-19,3,0,,refreshing,1
R04827,H02065,B11,P027,2025-05-19,3,1,texture,,1
R04828,H02065,B17,P027,2025-05-19,4,1,texture,taste,1
R04829,H02067,B01,P027,2025-05-19,5,1,price,,1
R04830,H02067,B05,P027,2025-05-19,3,1,,crunch,1
R04831,H02069,B13,P027,2025-05-19,4,1,jar size,,0
R04832,H02071,B11,P027,2025-05-19,5,0,taste,,1
R04833,H02072,B13,P027,2025-05-19,3,0,heat,,0
R04834,H02079,B11,P027,2025-05-19,4,1,sweetness,ingredients,1
R04835,H02079,B17,P027,2025-05-19,5,1,price,,1
R04836,H02080,B01,P027,2025-05-19,4,1,taste,,1
R04837,H02087,B11,P027,2025-05-19,4,1,ingredients,,1
R04838,H02096,B05,P027,2025-05-19,2,0,,seasoning,1
R04839,H02098,B11,P027,2025-05-19,5,1,ingredients,texture,1
R04840,H02101,B17,P027,2025-05-19,4,1,energy boost,,0
R04841,H02107,B04,,2025-05-19,4,0,aftertaste,,1
R04842,H02108,B05,P027,2025-05-19,5,1,price,,1
R04843,H02109,B17,P027,2025-05-19,5,1,portability,,1
R04844,H02112,B17,P027,2025-05-19,4,1,price,,1
R04845,H02118,B01,P027,2025-05-19,4,1,aftertaste,,1
R04846,H02118,B05,P027,2025-05-19,4,0,price,,1
R04847,H02118,B17,P027,2025-05-19,4,1,price,,1
R04848,H02124,B17,P027,2025-05-19,3,1,texture,,0
R04849,H00192,B12,,2025-05-20,3,0,price,,0
R04850,H00343,B20,,2025-05-20,4,1,taste,,1
R04851,H00397,B20,,2025-05-20,4,1,ingredients,portability,1
R04852,H00624,B17,,2025-05-20,4,0,portability,taste,1
R04853,H00960,B10,,2025-05-20,4,0,price,,0
R04854,H01471,B16,,2025-05-20,3,0,,heat,0
R04855,H01512,B16,,2025-05-20,3,1,jar size,,0
R04856,H01642,B13,,2025-05-20,4,1,price,,1
R04857,H01647,B04,,2025-05-20,4,0,taste,,1
R04858,H01724,B18,,2025-05-20,5,1,price,,0
R04859,H01752,B16,,2025-05-20,3,0,jar size,,1
R04860,H01936,B01,P027,2025-05-20,3,1,aftertaste,,1
R04861,H01936,B11,P027,2025-05-20,4,1,price,,1
R04862,H01939,B11,P027,2025-05-20,5,1,packaging,,1
R04863,H01948,B11,P027,2025-05-20,3,0,texture,,0
R04864,H01952,B17,P027,2025-05-20,3,0,,texture,0
R04865,H01956,B11,P027,2025-05-20,5,1,sweetness,,0
R04866,H01966,B13,P027,2025-05-20,4,1,texture,,1
R04867,H01971,B11,P027,2025-05-20,2,0,,ingredients,1
R04868,H01972,B11,P027,2025-05-20,4,1,packaging,sweetness,0
R04869,H01980,B13,P027,2025-05-20,4,1,flavour depth,,1
R04870,H01983,B11,P027,2025-05-20,5,1,taste,,1
R04871,H01986,B01,P027,2025-05-20,5,1,refreshing,,1
R04872,H01996,B05,P027,2025-05-20,5,1,saltiness,,1
R04873,H01998,B11,P027,2025-05-20,4,0,packaging,sweetness,1
R04874,H02002,B17,P027,2025-05-20,5,1,taste,,0
R04875,H02006,B05,P027,2025-05-20,2,0,,seasoning,1
R04876,H02007,B17,P027,2025-05-20,3,0,energy boost,,0
R04877,H02018,B05,P027,2025-05-20,3,1,,portion size,1
R04878,H02019,B11,P027,2025-05-20,5,1,packaging,,1
R04879,H02020,B11,P027,2025-05-20,4,1,sweetness,ingredients,0
R04880,H02028,B17,P027,2025-05-20,4,0,taste,,1
R04881,H02029,B05,P027,2025-05-20,4,0,price,,1
R04882,H02031,B05,P027,2025-05-20,2,1,,portion size,1
R04883,H02032,B01,P027,2025-05-20,5,0,fizz,,0
R04884,H02039,B01,P027,2025-05-20,4,1,aftertaste,,1
R04885,H02048,B17,P027,2025-05-20,4,0,portability,energy boost,1
R04886,H02054,B11,P027,2025-05-20,3,0,sweetness,,1
R04887,H02069,B17,P027,2025-05-20,4,0,texture,,1
R04888,H02071,B05,P027,2025-05-20,2,0,,saltiness,1
R04889,H02079,B13,P027,2025-05-20,4,1,versatility,heat,0
R04890,H02083,B05,P027,2025-05-20,4,0,crunch,,1
R04891,H02086,B05,P027,2025-05-20,3,1,seasoning,,1
R04892,H02089,B01,P027,2025-05-20,5,1,taste,,0
R04893,H02093,B13,P027,2025-05-20,4,0,heat,,0
R04894,H02093,B17,P027,2025-05-20,3,1,texture,,1
R04895,H02100,B17,P027,2025-05-20,4,1,texture,,1
R04896,H02102,B11,P027,2025-05-20,4,0,price,,1
R04897,H02102,B13,P027,2025-05-20,3,0,flavour depth,,0
R04898,H02103,B11,P027,2025-05-20,5,1,taste,,0
R04899,H02107,B05,P027,2025-05-20,3,1,seasoning,,1
R04900,H02107,B11,P027,2025-05-20,4,1,taste,,0
R04901,H02107,B13,P027,2025-05-20,4,1,jar size,,1
R04902,H02110,B11,P027,2025-05-20,5,1,ingredients,,0
R04903,H02120,B13,P027,2025-05-20,4,1,heat,,1
R04904,H02125,B17,P027,2025-05-20,3,0,,energy boost,1
R04905,H02128,B11,P027,2025-05-20,4,1,taste,ingredients,0
R04906,H02133,B01,P027,2025-05-20,5,1,fizz,,1
R04907,H02135,B05,P027,2025-05-20,2,1,,seasoning,1
R04908,H00312,B03,,2025-05-21,5,1,sweetness,,1
R04909,H00321,B02,,2025-05-21,3,1,aftertaste,,1
R04910,H00745,B08,,2025-05-21,4,1,crunch,,1
R04911,H00909,B06,,2025-05-21,4,1,price,crunch,1
R04912,H01141,B12,,2025-05-21,3,1,,texture,0
R04913,H01183,B07,,2025-05-21,5,1,packaging,,1
R04914,H01198,B02,,2025-05-21,3,0,,aftertaste,1
R04915,H01334,B03,,2025-05-21,4,1,refreshing,can design,0
R04916,H01509,B18,,2025-05-21,3,0,,price,1
R04917,H01636,B15,,2025-05-21,5,1,texture,,1
R04918,H01649,B13,,2025-05-21,5,1,price,,1
R04919,H01771,B09,,2025-05-21,4,1,packaging,,1
R04920,H01861,B04,,2025-05-21,5,1,refreshing,,1
R04921,H01936,B17,P027,2025-05-21,4,1,texture,,1
R04922,H01942,B01,P027,2025-05-21,3,0,,aftertaste,1
R04923,H01942,B05,P027,2025-05-21,4,0,packaging,,0
R04924,H01943,B11,P027,2025-05-21,4,1,ingredients,price,0
R04925,H01945,B13,P027,2025-05-21,5,1,jar size,,0
R04926,H01945,B17,P027,2025-05-21,4,1,ingredients,,1
R04927,H01950,B01,P027,2025-05-21,4,1,taste,,1
R04928,H01952,B01,P027,2025-05-21,4,0,aftertaste,,0
R04929,H01952,B20,,2025-05-21,3,0,ingredients,,1
R04930,H01958,B05,P027,2025-05-21,5,1,crunch,,1
R04931,H01960,B17,P027,2025-05-21,4,1,portability,,1
R04932,H01963,B05,P027,2025-05-21,4,1,seasoning,,1
R04933,H01966,B05,P027,2025-05-21,3,0,seasoning,,1
R04934,H01967,B17,P027,2025-05-21,3,0,,taste,0
R04935,H01972,B13,P027,2025-05-21,2,1,,versatility,1
R04936,H01972,B17,P027,2025-05-21,5,0,portability,,0
R04937,H01973,B01,P027,2025-05-21,4,1,fizz,,1
R04938,H01973,B05,P027,2025-05-21,5,1,portion size,,1
R04939,H01974,B01,P027,2025-05-21,5,1,aftertaste,,1
R04940,H01975,B05,P027,2025-05-21,3,0,,crunch,1
R04941,H01980,B17,P027,2025-05-21,4,1,ingredients,,0
R04942,H01985,B11,P027,2025-05-21,5,0,ingredients,,1
R04943,H01988,B05,P027,2025-05-21,3,0,,portion size,1
R04944,H01989,B05,P027,2025-05-21,4,0,saltiness,price,0
R04945,H01993,B13,P027,2025-05-21,3,0,,heat,0
R04946,H01995,B01,P027,2025-05-21,5,1,taste,,1
R04947,H01999,B13,P027,2025-05-21,4,1,versatility,,1
R04948,H02007,B11,P027,2025-05-21,3,0,price,,0
R04949,H02013,B01,P027,2025-05-21,4,1,refreshing,can design,1
R04950,H02016,B17,P027,2025-05-21,3,0,,taste,1
R04951,H02017,B05,P027,2025-05-21,2,0,,seasoning,1
R04952,H02024,B11,P027,2025-05-21,5,1,taste,,0
R04953,H02026,B11,P027,2025-05-21,4,0,taste,,1
R04954,H02035,B05,P027,2025-05-21,4,0,crunch,,1
R04955,H02037,B01,P027,2025-05-21,5,1,taste,,0
R04956,H02052,B03,,2025-05-21,4,1,fizz,,1
R04957,H02055,B01,P027,2025-05-21,5,1,sweetness,,1
R04958,H02056,B17,P027,2025-05-21,4,1,price,,0
R04959,H02058,B11,P027,2025-05-21,4,0,price,taste,1
R04960,H02070,B05,P027,2025-05-21,4,1,crunch,,1
R04961,H02072,B05,P027,2025-05-21,3,0,price,,1
R04962,H02083,B01,P027,2025-05-21,3,0,fizz,,1
R04963,H02083,B11,P027,2025-05-21,4,1,packaging,ingredients,1
R04964,H02084,B01,P027,2025-05-21,4,1,fizz,,1
R04965,H02089,B05,P027,2025-05-21,4,1,seasoning,,0
R04966,H02090,B17,P027,2025-05-21,3,0,ingredients,,1
R04967,H02095,B01,P027,2025-05-21,3,1,taste,,1
R04968,H02102,B05,P027,2025-05-21,4,1,price,,1
R04969,H02105,B11,P027,2025-05-21,4,0,ingredients,,0
R04970,H02106,B05,P027,2025-05-21,3,0,,crunch,1
R04971,H02108,B01,P027,2025-05-21,5,1,can design,,1
R04972,H02110,B01,P027,2025-05-21,4,0,fizz,,1
R04973,H02111,B17,P027,2025-05-21,5,1,texture,,1
R04974,H02112,B11,P027,2025-05-21,5,1,taste,,1
R04975,H02117,B05,P027,2025-05-21,3,1,packaging,,1
R04976,H02119,B13,P027,2025-05-21,4,1,flavour depth,,0
R04977,H02122,B01,P027,2025-05-21,5,1,sweetness,fizz,0
R04978,H02127,B11,P027,2025-05-21,4,1,texture,,0
R04979,H02127,B13,P027,2025-05-21,2,0,heat,versatility,1
R04980,H02129,B01,P027,2025-05-21,5,1,refreshing,,1
R04981,H02129,B05,P027,2025-05-21,3,0,crunch,,0
R04982,H02131,B17,P027,2025-05-21,5,1,portability,,1
R04983,H00110,B18,,2025-05-22,3,1,,ingredients,0
R04984,H00487,B11,,2025-05-22,4,0,taste,packaging,1
R04985,H00508,B11,,2025-05-22,5,1,taste,,1
R04986,H00670,B09,,2025-05-22,4,1,taste,price,1
R04987,H00885,B07,,2025-05-22,3,1,seasoning,,0
R04988,H00885,B06,,2025-05-22,4,1,crunch,,1
R04989,H01137,B02,,2025-05-22,3,0,price,,1
R04990,H01307,B07,,2025-05-22,5,1,saltiness,,1
R04991,H01485,B18,,2025-05-22,2,0,taste,ingredients,0
R04992,H01688,B04,,2025-05-22,4,1,taste,,0
R04993,H01701,B16,,2025-05-22,3,1,heat,,0
R04994,H01736,B17,,2025-05-22,3,0,,texture,1
R04995,H01941,B05,P027,2025-05-22,4,1,crunch,,1
R04996,H01941,B11,P027,2025-05-22,5,1,taste,,1
R04997,H01946,B11,P027,2025-05-22,5,1,packaging,,1
R04998,H01950,B05,P027,2025-05-22,4,1,portion size,,1
R04999,H01954,B09,,2025-05-22,4,0,sweetness,,0
R05000,H01955,B01,P027,2025-05-22,5,1,taste,,1
R05001,H01955,B13,P027,2025-05-22,4,1,flavour depth,,0
R05002,H01958,B01,P027,2025-05-22,3,0,,price,1
R05003,H01962,B01,P027,2025-05-22,4,0,price,,1
R05004,H01969,B01,P027,2025-05-22,5,1,price,,0
R05005,H01970,B13,P027,2025-05-22,4,1,jar size,,0
R05006,H01973,B11,P027,2025-05-22,4,0,sweetness,,0
R05007,H01975,B17,P027,2025-05-22,5,1,ingredients,,1
R05008,H01978,B01,P027,2025-05-22,5,1,can design,,1
R05009,H01978,B11,P027,2025-05-22,4,1,ingredients,,1
R05010,H01981,B17,P027,2025-05-22,3,0,taste,,0
R05011,H01988,B11,P027,2025-05-22,2,0,,sweetness,1
R05012,H01992,B11,P027,2025-05-22,3,1,taste,,0
R05013,H02002,B01,P027,2025-05-22,4,1,aftertaste,,0
R05014,H02007,B13,P027,2025-05-22,4,1,versatility,,1
R05015,H02010,B01,P027,2025-05-22,4,1,refreshing,,1
R05016,H02011,B05,P027,2025-05-22,4,1,packaging,,1
R05017,H02015,B05,P027,2025-05-22,3,1,,price,1
R05018,H02015,B04,,2025-05-22,4,1,taste,,1
R05019,H02018,B11,P027,2025-05-22,4,0,packaging,,1
R05020,H02019,B05,P027,2025-05-22,4,1,crunch,,1
R05021,H02028,B11,P027,2025-05-22,4,0,packaging,sweetness,0
R05022,H02031,B13,P027,2025-05-22,3,1,,jar size,0
R05023,H02032,B17,P027,2025-05-22,3,0,taste,,0
R05024,H02035,B13,P027,2025-05-22,3,0,flavour depth,,0
R05025,H02042,B05,P027,2025-05-22,4,1,crunch,,0
R05026,H02042,B17,P027,2025-05-22,5,1,taste,,0
R05027,H02043,B05,P027,2025-05-22,4,1,portion size,,1
R05028,H02058,B13,P027,2025-05-22,3,1,,heat,0
R05029,H02066,B11,P027,2025-05-22,5,1,sweetness,,0
R05030,H02067,B11,P027,2025-05-22,3,0,,sweetness,1
R05031,H02076,B17,P027,2025-05-22,5,1,energy boost,,0
R05032,H02081,B01,P027,2025-05-22,5,1,aftertaste,,1
R05033,H02091,B05,P027,2025-05-22,5,1,crunch,,1
R05034,H02091,B11,P027,2025-05-22,4,0,price,,1
R05035,H02092,B01,P027,2025-05-22,5,1,price,,1
R05036,H02092,B13,P027,2025-05-22,4,0,heat,,0
R05037,H02094,B01,P027,2025-05-22,5,1,fizz,,1
R05038,H02100,B11,P027,2025-05-22,3,0,packaging,,1
R05039,H02106,B17,P027,2025-05-22,4,1,texture,,0
R05040,H02109,B01,P027,2025-05-22,4,0,fizz,price,1
R05041,H02114,B07,,2025-05-22,4,0,crunch,,1
R05042,H02115,B17,P027,2025-05-22,4,1,portability,ingredients,1
R05043,H02119,B01,P027,2025-05-22,4,1,can design,,1
R05044,H02123,B13,P027,2025-05-22,3,0,,jar size,0
R05045,H02123,B17,P027,2025-05-22,2,0,,ingredients,1
R05046,H02128,B01,P027,2025-05-22,5,1,taste,,1
R05047,H02128,B17,P027,2025-05-22,5,1,portability,,1
R05048,H02134,B01,P027,2025-05-22,4,0,refreshing,,1
R05049,H00078,B03,,2025-05-23,5,1,fizz,,1
R05050,H00116,B18,,2025-05-23,4,1,taste,,1
R05051,H00213,B09,,2025-05-23,5,1,taste,,1
R05052,H00258,B08,,2025-05-23,4,1,packaging,,1
R05053,H00621,B12,,2025-05-23,5,1,texture,,1
R05054,H00901,B04,,2025-05-23,3,1,,sweetness,0
R05055,H01030,B01,,2025-05-23,5,1,can design,,1
R05056,H01198,B03,,2025-05-23,4,0,can design,,0
R05057,H01337,B03,,2025-05-23,4,0,can design,,1
R05058,H01551,B15,,2025-05-23,5,1,heat,,1
R05059,H01590,B01,,2025-05-23,5,1,aftertaste,,1
R05060,H01663,B09,,2025-05-23,3,1,,taste,1
R05061,H01744,B03,,2025-05-23,3,0,,price,0
R05062,H01936,B05,P027,2025-05-23,3,0,packaging,,1
R05063,H01938,B01,P027,2025-05-23,3,1,refreshing,,1
R05064,H01939,B01,P027,2025-05-23,5,1,price,sweetness,1
R05065,H01952,B13,P027,2025-05-23,5,1,jar size,versatility,0
R05066,H01954,B17,P027,2025-05-23,5,1,texture,ingredients,1
R05067,H01956,B01,P027,2025-05-23,4,1,fizz,,1
R05068,H01960,B05,P027,2025-05-23,4,1,saltiness,,1
R05069,H01961,B17,P027,2025-05-23,3,0,price,,1
R05070,H01962,B05,P027,2025-05-23,3,0,,packaging,1
R05071,H01964,B17,P027,2025-05-23,5,0,ingredients,,1
R05072,H01965,B11,P027,2025-05-23,3,0,texture,,1
R05073,H01971,B05,P027,2025-05-23,4,1,packaging,,1
R05074,H01976,B17,P027,2025-05-23,3,0,taste,,1
R05075,H01977,B01,P027,2025-05-23,5,1,taste,sweetness,1
R05076,H01981,B11,P027,2025-05-23,5,1,sweetness,price,1
R05077,H01984,B11,P027,2025-05-23,4,0,taste,,1
R05078,H01984,B13,P027,2025-05-23,3,0,,heat,0
R05079,H01994,B17,P027,2025-05-23,5,1,taste,texture,1
R05080,H01996,B01,P027,2025-05-23,4,1,fizz,,1
R05081,H01998,B17,P027,2025-05-23,4,0,energy boost,,1
R05082,H02002,B05,P027,2025-05-23,4,0,crunch,packaging,1
R05083,H02002,B13,P027,2025-05-23,5,1,flavour depth,,0
R05084,H02008,B13,P027,2025-05-23,3,0,,versatility,0
R05085,H02009,B01,P027,2025-05-23,4,1,fizz,,1
R05086,H02009,B05,P027,2025-05-23,4,1,packaging,,1
R05087,H02014,B17,P027,2025-05-23,5,1,price,,1
R05088,H02018,B13,P027,2025-05-23,3,1,,flavour depth,0
R05089,H02020,B17,P027,2025-05-23,4,1,ingredients,,1
R05090,H02023,B11,P027,2025-05-23,5,1,packaging,,1
R05091,H02024,B17,P027,2025-05-23,4,1,taste,,1
R05092,H02033,B17,P027,2025-05-23,3,1,,texture,1
R05093,H02040,B01,P027,2025-05-23,5,1,price,,1
R05094,H02043,B01,P027,2025-05-23,5,1,refreshing,,1
R05095,H02045,B11,P027,2025-05-23,5,1,packaging,,1
R05096,H02050,B13,P027,2025-05-23,4,0,texture,,1
R05097,H02056,B05,P027,2025-05-23,3,0,portion size,,0
R05098,H02057,B13,P027,2025-05-23,2,0,,price,0
R05099,H02058,B01,P027,2025-05-23,5,1,price,,1
R05100,H02063,B17,P027,2025-05-23,4,0,energy boost,,1
R05101,H02067,B13,P027,2025-05-23,4,0,texture,,0
R05102,H02074,B13,P027,2025-05-23,4,0,heat,,0
R05103,H02085,B01,P027,2025-05-23,5,0,refreshing,,1
R05104,H02086,B11,P027,2025-05-23,4,1,price,,1
R05105,H02087,B13,P027,2025-05-23,3,0,flavour depth,,0
R05106,H02088,B15,,2025-05-23,2,0,,price,0
R05107,H02092,B17,P027,2025-05-23,4,1,taste,,1
R05108,H02093,B11,P027,2025-05-23,5,1,texture,,1
R05109,H02105,B17,P027,2025-05-23,4,1,texture,,0
R05110,H02106,B13,P027,2025-05-23,4,1,heat,price,0
R05111,H02114,B13,P027,2025-05-23,3,0,jar size,,1
R05112,H02115,B01,P027,2025-05-23,5,1,sweetness,,1
R05113,H02120,B11,P027,2025-05-23,5,1,taste,,0
R05114,H02126,B01,P027,2025-05-23,4,1,taste,can design,1
R05115,H02127,B17,P027,2025-05-23,5,1,ingredients,,0
R05116,H02130,B05,P027,2025-05-23,3,0,seasoning,,1
R05117,H02132,B06,,2025-05-23,4,1,seasoning,,1
R05118,H00066,B03,,2025-05-24,4,1,sweetness,aftertaste,1
R05119,H00388,B17,,2025-05-24,3,0,ingredients,,1
R05120,H00391,B04,,2025-05-24,3,0,price,,0
R05121,H00820,B18,,2025-05-24,5,1,taste,,0
R05122,H00964,B02,,2025-05-24,5,1,sweetness,,1
R05123,H00975,B08,,2025-05-24,3,1,seasoning,,0
R05124,H01059,B09,,2025-05-24,3,0,,packaging,1
R05125,H01395,B08,,2025-05-24,4,0,seasoning,,0
R05126,H01403,B06,,2025-05-24,5,1,price,,1
R05127,H01425,B05,,2025-05-24,4,1,portion size,,1
R05128,H01614,B07,,2025-05-24,5,1,crunch,,1
R05129,H01718,B16,,2025-05-24,4,0,jar size,,1
R05130,H01720,B04,,2025-05-24,3,0,,aftertaste,0
R05131,H01720,B03,,2025-05-24,5,1,price,,1
R05132,H01937,B11,P027,2025-05-24,5,1,sweetness,,0
R05133,H01938,B13,P027,2025-05-24,3,1,heat,,0
R05134,H01938,B15,,2025-05-24,3,1,flavour depth,,0
R05135,H01940,B13,P027,2025-05-24,3,0,price,,0
R05136,H01949,B01,P027,2025-05-24,4,1,sweetness,,1
R05137,H01951,B17,P027,2025-05-24,4,1,ingredients,,0
R05138,H01954,B05,P027,2025-05-24,4,1,saltiness,,1
R05139,H01956,B17,P027,2025-05-24,4,0,taste,,1
R05140,H01959,B11,P027,2025-05-24,5,1,price,taste,0
R05141,H01962,B17,P027,2025-05-24,4,0,taste,,1
R05142,H01968,B11,P027,2025-05-24,4,0,price,,0
R05143,H01969,B13,P027,2025-05-24,5,1,versatility,,0
R05144,H01985,B17,P027,2025-05-24,4,0,price,,1
R05145,H01987,B01,P027,2025-05-24,5,1,price,refreshing,1
R05146,H01989,B01,P027,2025-05-24,4,0,price,can design,1
R05147,H01992,B05,P027,2025-05-24,4,1,saltiness,,1
R05148,H02001,B13,P027,2025-05-24,2,0,heat,flavour depth,0
R05149,H02003,B01,P027,2025-05-24,4,1,can design,sweetness,1
R05150,H02004,B13,P027,2025-05-24,4,1,price,,1
R05151,H02006,B13,P027,2025-05-24,4,0,jar size,,0
R05152,H02011,B11,P027,2025-05-24,3,0,sweetness,,0
R05153,H02016,B11,P027,2025-05-24,3,0,,price,1
R05154,H02019,B08,,2025-05-24,5,1,price,,1
R05155,H02020,B01,P027,2025-05-24,4,1,aftertaste,,1
R05156,H02023,B01,P027,2025-05-24,5,1,aftertaste,refreshing,1
R05157,H02025,B11,P027,2025-05-24,4,1,price,,0
R05158,H02031,B01,P027,2025-05-24,4,1,aftertaste,,1
R05159,H02035,B17,P027,2025-05-24,3,1,taste,,1
R05160,H02038,B01,P027,2025-05-24,5,1,refreshing,,1
R05161,H02046,B17,P027,2025-05-24,4,1,ingredients,,0
R05162,H02048,B05,P027,2025-05-24,5,1,price,,1
R05163,H02050,B05,P027,2025-05-24,4,1,portion size,,1
R05164,H02052,B05,P027,2025-05-24,3,0,,crunch,1
R05165,H02054,B01,P027,2025-05-24,3,0,fizz,,1
R05166,H02059,B11,P027,2025-05-24,4,1,sweetness,price,0
R05167,H02062,B01,P027,2025-05-24,4,0,sweetness,,1
R05168,H02064,B13,P027,2025-05-24,4,1,flavour depth,,1
R05169,H02066,B01,P027,2025-05-24,4,1,refreshing,,1
R05170,H02070,B17,P027,2025-05-24,4,0,portability,texture,1
R05171,H02078,B01,P027,2025-05-24,4,1,fizz,sweetness,1
R05172,H02079,B05,P027,2025-05-24,2,0,,saltiness,1
R05173,H02082,B11,P027,2025-05-24,5,1,taste,,1
R05174,H02084,B17,P027,2025-05-24,4,0,energy boost,,1
R05175,H02090,B11,P027,2025-05-24,3,0,,ingredients,0
R05176,H02090,B13,P027,2025-05-24,5,1,price,texture,1
R05177,H02093,B01,P027,2025-05-24,5,1,price,,1
R05178,H02093,B05,P027,2025-05-24,3,0,,seasoning,1
R05179,H02099,B05,P027,2025-05-24,4,0,packaging,,1
R05180,H02099,B17,P027,2025-05-24,5,1,taste,,1
R05181,H02104,B17,P027,2025-05-24,5,1,energy boost,,1
R05182,H02108,B13,P027,2025-05-24,3,1,,jar size,1
R05183,H02108,B17,P027,2025-05-24,3,0,ingredients,,1
R05184,H02109,B11,P027,2025-05-24,4,1,ingredients,,1
R05185,H02110,B17,P027,2025-05-24,5,1,taste,,0
R05186,H02114,B05,P027,2025-05-24,3,0,,crunch,1
R05187,H02119,B05,P027,2025-05-24,4,0,crunch,,1
R05188,H02121,B01,P027,2025-05-24,4,1,taste,,1
R05189,H02126,B17,P027,2025-05-24,5,1,energy boost,,1
R05190,H02127,B05,P027,2025-05-24,4,1,seasoning,packaging,0
R05191,H02130,B01,P027,2025-05-24,5,1,fizz,,1
R05192,H00227,B09,,2025-05-25,3,0,,sweetness,1
R05193,H00240,B13,,2025-05-25,3,0,,flavour depth,0
R05194,H00255,B07,,2025-05-25,3,0,crunch,,0
R05195,H00337,B06,,2025-05-25,5,1,price,,1
R05196,H00367,B09,,2025-05-25,4,1,ingredients,taste,0
R05197,H00545,B14,,2025-05-25,4,1,flavour depth,,0
R05198,H00769,B04,,2025-05-25,5,1,sweetness,refreshing,1
R05199,H00974,B19,,2025-05-25,3,1,portability,,1
R05200,H01235,B07,,2025-05-25,5,1,portion size,,1
R05201,H01336,B15,,2025-05-25,4,1,price,,1
R05202,H01411,B05,,2025-05-25,3,1,saltiness,,0
R05203,H01425,B14,,2025-05-25,5,1,price,,0
R05204,H01737,B01,,2025-05-25,5,1,fizz,,1
R05205,H01750,B10,,2025-05-25,5,1,ingredients,,1
R05206,H02011,B03,,2025-05-25,5,0,price,,1
R05207,H02170,B08,P028,2025-05-25,2,0,,saltiness,0
R05208,H02173,B06,P028,2025-05-25,4,1,portion size,,0
R05209,H02175,B06,P028,2025-05-25,5,1,seasoning,price,0
R05210,H02177,B08,P028,2025-05-25,3,1,packaging,,1
R05211,H02179,B06,P028,2025-05-25,4,1,portion size,seasoning,1
R05212,H02179,B13,P028,2025-05-25,3,1,,versatility,1
R05213,H02181,B08,P028,2025-05-25,4,1,seasoning,packaging,0
R05214,H00121,B07,,2025-05-26,5,1,seasoning,,1
R05215,H00156,B19,,2025-05-26,5,1,texture,,0
R05216,H00292,B16,,2025-05-26,4,1,versatility,,1
R05217,H00392,B08,,2025-05-26,4,0,price,,1
R05218,H00496,B15,,2025-05-26,5,1,jar size,,1
R05219,H00686,B08,,2025-05-26,5,1,price,,1
R05220,H00767,B19,,2025-05-26,2,0,,texture,0
R05221,H00967,B06,,2025-05-26,4,1,saltiness,,0
R05222,H01033,B17,,2025-05-26,5,1,taste,texture,1
R05223,H01198,B19,,2025-05-26,5,1,texture,,1
R05224,H01243,B17,,2025-05-26,4,1,price,,1
R05225,H01248,B04,,2025-05-26,5,1,sweetness,fizz,1
R05226,H01249,B20,,2025-05-26,2,0,,energy boost,0
R05227,H01258,B06,,2025-05-26,5,1,seasoning,,1
R05228,H01707,B07,,2025-05-26,4,0,saltiness,,1
R05229,H02104,B03,,2025-05-26,5,0,price,,1
R05230,H02162,B03,P028,2025-05-26,3,0,taste,,0
R05231,H02166,B08,P028,2025-05-26,3,0,,portion size,1
R05232,H02167,B06,P028,2025-05-26,5,1,crunch,,1
R05233,H02168,B03,P028,2025-05-26,2,0,,sweetness,1
R05234,H02168,B11,P028,2025-05-26,5,1,texture,,0
R05235,H02171,B08,P028,2025-05-26,5,1,saltiness,,0
R05236,H02171,B11,P028,2025-05-26,5,1,price,,0
R05237,H02171,B13,P028,2025-05-26,4,1,jar size,,0
R05238,H02180,B08,P028,2025-05-26,5,1,crunch,,0
R05239,H02182,B06,P028,2025-05-26,5,1,packaging,price,1
R05240,H00083,B02,,2025-05-27,4,1,price,,1
R05241,H00141,B14,,2025-05-27,5,1,heat,,1
R05242,H00212,B04,,2025-05-27,3,0,sweetness,,0
R05243,H00282,B10,,2025-05-27,5,1,packaging,,1
R05244,H00359,B03,,2025-05-27,4,1,sweetness,taste,1
R05245,H00378,B01,,2025-05-27,3,1,,fizz,1
R05246,H00396,B18,,2025-05-27,3,0,energy boost,,0
R05247,H00596,B08,,2025-05-27,4,0,price,,1
R05248,H00709,B20,,2025-05-27,4,1,energy boost,,1
R05249,H00842,B13,,2025-05-27,4,0,jar size,,1
R05250,H01003,B10,,2025-05-27,3,1,,texture,0
R05251,H01096,B09,,2025-05-27,4,1,packaging,,1
R05252,H01270,B20,,2025-05-27,3,0,,portability,0
R05253,H01275,B18,,2025-05-27,3,0,,energy boost,0
R05254,H01482,B19,,2025-05-27,3,1,,taste,1
R05255,H01546,B17,,2025-05-27,4,0,ingredients,,1
R05256,H01722,B04,,2025-05-27,2,0,refreshing,price,0
R05257,H01846,B17,,2025-05-27,5,1,energy boost,,1
R05258,H01849,B06,,2025-05-27,5,1,packaging,,1
R05259,H02036,B16,,2025-05-27,5,0,price,,1
R05260,H02055,B16,,2025-05-27,4,1,heat,,0
R05261,H02158,B11,P028,2025-05-27,4,1,texture,,0
R05262,H02172,B08,P028,2025-05-27,3,1,,seasoning,0
R05263,H02178,B03,P028,2025-05-27,3,1,,fizz,1
R05264,H02180,B11,P028,2025-05-27,5,1,packaging,,1
R05265,H00061,B08,,2025-05-28,4,0,saltiness,,1
R05266,H00089,B08,,2025-05-28,5,1,packaging,,0
R05267,H00414,B12,,2025-05-28,3,0,sweetness,,0
R05268,H00462,B03,,2025-05-28,4,1,price,refreshing,1
R05269,H00876,B03,,2025-05-28,4,1,refreshing,,1
R05270,H00944,B14,,2025-05-28,3,0,flavour depth,,1
R05271,H01047,B10,,2025-05-28,3,0,packaging,,0
R05272,H01091,B17,,2025-05-28,3,0,texture,,1
R05273,H01092,B12,,2025-05-28,3,1,ingredients,,0
R05274,H01119,B19,,2025-05-28,5,1,price,,1
R05275,H01310,B16,,2025-05-28,4,1,flavour depth,jar size,0
R05276,H01385,B12,,2025-05-28,4,0,sweetness,,1
R05277,H01419,B20,,2025-05-28,3,1,,texture,1
R05278,H01552,B08,,2025-05-28,3,0,,price,0
R05279,H01556,B20,,2025-05-28,3,0,energy boost,,0
R05280,H02164,B03,P028,2025-05-28,3,0,can design,,1
R05281,H02170,B13,P028,2025-05-28,3,1,flavour depth,,1
R05282,H00271,B17,,2025-05-29,2,0,,energy boost,0
R05283,H00292,B20,,2025-05-29,4,1,energy boost,taste,1
R05284,H00313,B05,,2025-05-29,5,1,packaging,,1
R05285,H00339,B09,,2025-05-29,4,1,sweetness,,1
R05286,H00513,B05,,2025-05-29,3,0,,saltiness,1
R05287,H00707,B01,,2025-05-29,5,1,aftertaste,refreshing,1
R05288,H01334,B13,,2025-05-29,3,0,flavour depth,,1
R05289,H01455,B09,,2025-05-29,4,0,ingredients,,0
R05290,H01466,B04,,2025-05-29,5,1,price,,1
R05291,H01478,B14,,2025-05-29,5,1,heat,texture,1
R05292,H01665,B11,,2025-05-29,2,0,,sweetness,0
R05293,H01698,B06,,2025-05-29,4,1,crunch,,1
R05294,H02039,B05,,2025-05-29,3,0,crunch,,1
R05295,H02164,B13,P028,2025-05-29,5,1,heat,,1
R05296,H02165,B03,P028,2025-05-29,4,0,aftertaste,sweetness,0
R05297,H02169,B08,P028,2025-05-29,5,1,saltiness,,0
R05298,H02170,B03,P028,2025-05-29,4,1,aftertaste,sweetness,1
R05299,H02173,B08,P028,2025-05-29,4,1,seasoning,,0
R05300,H02173,B13,P028,2025-05-29,3,0,,texture,0
R05301,H02175,B11,P028,2025-05-29,5,1,packaging,,0
R05302,H02176,B11,P028,2025-05-29,4,1,price,,1
R05303,H02179,B03,P028,2025-05-29,2,0,aftertaste,refreshing,1
R05304,H02181,B06,P028,2025-05-29,4,1,seasoning,portion size,1
R05305,H00173,B01,,2025-05-30,4,1,price,,1
R05306,H00315,B13,,2025-05-30,5,1,texture,,1
R05307,H00413,B09,,2025-05-30,3,1,,price,0
R05308,H00448,B12,,2025-05-30,5,1,sweetness,,0
R05309,H00566,B02,,2025-05-30,4,1,fizz,,0
R05310,H00642,B08,,2025-05-30,4,1,crunch,,1
R05311,H00675,B19,,2025-05-30,5,1,texture,,1
R05312,H00788,B07,,2025-05-30,5,1,price,seasoning,1
R05313,H00811,B15,,2025-05-30,3,0,jar size,,1
R05314,H00934,B01,,2025-05-30,5,1,can design,fizz,1
R05315,H01050,B18,,2025-05-30,5,1,price,,0
R05316,H01068,B07,,2025-05-30,5,1,packaging,,1
R05317,H01149,B16,,2025-05-30,2,0,,price,0
R05318,H01792,B18,,2025-05-30,4,1,ingredients,,1
R05319,H01886,B03,,2025-05-30,5,1,sweetness,can design,1
R05320,H02157,B13,P028,2025-05-30,4,1,jar size,,1
R05321,H02157,B07,,2025-05-30,5,0,packaging,,1
R05322,H02159,B13,P028,2025-05-30,5,1,versatility,,0
R05323,H02163,B08,P028,2025-05-30,5,0,seasoning,,0
R05324,H02170,B06,P028,2025-05-30,5,1,saltiness,,1
R05325,H02175,B08,P028,2025-05-30,3,0,saltiness,,1
R05326,H02180,B06,P028,2025-05-30,5,1,packaging,crunch,1
R05327,H02182,B13,P028,2025-05-30,5,1,price,,1
R05328,H00018,B04,,2025-05-31,4,1,sweetness,can design,1
R05329,H00224,B03,,2025-05-31,2,0,,fizz,0
R05330,H00496,B02,,2025-05-31,3,0,aftertaste,,0
R05331,H00758,B14,,2025-05-31,3,1,price,,0
R05332,H00840,B08,,2025-05-31,4,0,packaging,,0
R05333,H00904,B09,,2025-05-31,5,1,taste,,1
R05334,H00973,B13,,2025-05-31,4,1,heat,,1
R05335,H01011,B18,,2025-05-31,5,1,ingredients,,1
R05336,H01029,B17,,2025-05-31,4,1,ingredients,price,1
R05337,H01164,B03,,2025-05-31,4,0,fizz,,1
R05338,H01296,B20,,2025-05-31,5,1,portability,,1
R05339,H01303,B05,,2025-05-31,4,1,portion size,packaging,1
R05340,H01475,B12,,2025-05-31,3,0,price,,0
R05341,H01530,B19,,2025-05-31,3,0,,taste,1
R05342,H01635,B01,,2025-05-31,4,1,taste,,1
R05343,H01648,B01,,2025-05-31,5,1,fizz,,1
R05344,H02032,B13,,2025-05-31,4,0,versatility,,0
R05345,H02111,B13,,2025-05-31,5,1,heat,,1
R05346,H02131,B01,,2025-05-31,5,1,taste,,1
R05347,H02159,B03,P028,2025-05-31,5,1,refreshing,,0
R05348,H02160,B13,P028,2025-05-31,4,1,price,,0
R05349,H02161,B11,P028,2025-05-31,3,1,,packaging,1
R05350,H02161,B13,P028,2025-05-31,3,0,texture,,0
R05351,H02162,B13,P028,2025-05-31,4,1,versatility,,0
R05352,H02172,B11,P028,2025-05-31,4,1,texture,price,1
R05353,H02180,B03,P028,2025-05-31,4,1,can design,sweetness,0
R05354,H02181,B11,P028,2025-05-31,4,1,packaging,,1
R05355,H00073,B13,,2025-06-01,2,1,,jar size,0
R05356,H00150,B06,,2025-06-01,4,0,price,,1
R05357,H00159,B01,,2025-06-01,5,1,taste,,1
R05358,H00259,B01,,2025-06-01,4,0,taste,,0
R05359,H00442,B13,,2025-06-01,5,1,heat,,1
R05360,H01209,B03,,2025-06-01,4,0,price,aftertaste,1
R05361,H01244,B20,,2025-06-01,4,0,texture,,0
R05362,H01274,B12,,2025-06-01,2,0,,texture,0
R05363,H01467,B02,,2025-06-01,5,0,sweetness,,1
R05364,H01511,B19,,2025-06-01,4,1,energy boost,texture,1
R05365,H01529,B08,,2025-06-01,5,1,portion size,,0
R05366,H01659,B03,,2025-06-01,4,1,taste,,1
R05367,H01750,B16,,2025-06-01,4,1,heat,,1
R05368,H02119,B19,,2025-06-01,3,0,,energy boost,0
R05369,H02156,B08,P028,2025-06-01,5,1,packaging,,1
R05370,H02157,B03,P028,2025-06-01,5,1,taste,,1
R05371,H02164,B08,P028,2025-06-01,5,1,portion size,,0
R05372,H02166,B03,P028,2025-06-01,1,0,,can design,0
R05373,H02167,B03,P028,2025-06-01,4,1,fizz,aftertaste,1
R05374,H02172,B06,P028,2025-06-01,4,0,seasoning,,1
R05375,H02176,B06,P028,2025-06-01,4,0,price,,1
R05376,H02178,B06,P028,2025-06-01,4,1,crunch,,1
R05377,H02182,B03,P028,2025-06-01,3,1,refreshing,,1
R05378,H00053,B08,,2025-06-02,4,0,price,,0
R05379,H00071,B02,,2025-06-02,3,0,refreshing,,1
R05380,H00125,B09,,2025-06-02,3,0,,packaging,1
R05381,H00150,B01,,2025-06-02,3,1,,price,1
R05382,H00235,B06,,2025-06-02,4,1,saltiness,price,1
R05383,H00580,B08,,2025-06-02,5,1,portion size,,1
R05384,H00708,B01,,2025-06-02,5,1,fizz,,1
R05385,H00731,B19,,2025-06-02,5,1,texture,,1
R05386,H00846,B18,,2025-06-02,2,1,energy boost,ingredients,0
R05387,H00902,B11,,2025-06-02,3,0,,texture,0
R05388,H01159,B09,,2025-06-02,3,0,,price,0
R05389,H01251,B16,,2025-06-02,3,1,,price,1
R05390,H01368,B08,,2025-06-02,4,1,packaging,,0
R05391,H01441,B14,,2025-06-02,5,1,flavour depth,,1
R05392,H01491,B07,,2025-06-02,4,0,portion size,,1
R05393,H01506,B04,,2025-06-02,3,1,aftertaste,,1
R05394,H01536,B01,,2025-06-02,4,0,aftertaste,,1
R05395,H01624,B06,,2025-06-02,5,1,packaging,,0
R05396,H01646,B11,,2025-06-02,3,1,texture,,1
R05397,H01695,B07,,2025-06-02,4,1,price,,0
R05398,H01714,B07,,2025-06-02,2,0,saltiness,price,0
R05399,H01730,B05,,2025-06-02,3,1,price,,0
R05400,H01860,B20,,2025-06-02,3,0,price,,1
R05401,H01977,B08,,2025-06-02,4,0,portion size,,1
R05402,H02061,B13,,2025-06-02,5,1,jar size,,1
R05403,H00171,B13,,2025-06-03,4,1,versatility,,1
R05404,H00546,B01,,2025-06-03,5,1,fizz,,1
R05405,H00656,B16,,2025-06-03,5,1,texture,,1
R05406,H00661,B08,,2025-06-03,4,1,saltiness,,0
R05407,H00668,B15,,2025-06-03,4,1,versatility,,1
R05408,H00735,B03,,2025-06-03,5,1,fizz,,1
R05409,H00789,B01,,2025-06-03,5,1,taste,,1
R05410,H01086,B10,,2025-06-03,5,1,sweetness,,1
R05411,H01088,B18,,2025-06-03,5,1,taste,energy boost,1
R05412,H01223,B09,,2025-06-03,4,1,taste,,0
R05413,H01253,B19,,2025-06-03,5,1,portability,ingredients,1
R05414,H01378,B01,,2025-06-03,5,1,price,,0
R05415,H01426,B12,,2025-06-03,5,1,taste,,1
R05416,H01464,B14,,2025-06-03,2,0,,flavour depth,0
R05417,H01903,B08,,2025-06-03,4,0,packaging,,1
R05418,H02038,B05,,2025-06-03,4,0,price,seasoning,1
R05419,H00120,B15,,2025-06-04,3,0,jar size,,0
R05420,H00370,B09,,2025-06-04,4,1,ingredients,,0
R05421,H00670,B13,,2025-06-04,4,1,texture,,1
R05422,H00951,B06,,2025-06-04,3,0,portion size,,0
R05423,H01016,B07,,2025-06-04,4,1,packaging,crunch,1
R05424,H01115,B11,,2025-06-04,5,1,texture,,1
R05425,H01288,B06,,2025-06-04,5,1,crunch,,1
R05426,H01647,B03,,2025-06-04,3,0,,refreshing,0
R05427,H01756,B17,,2025-06-04,3,0,price,,1
R05428,H01827,B19,,2025-06-04,3,0,,taste,1
R05429,H01844,B20,,2025-06-04,4,1,taste,portability,0
R05430,H02102,B07,,2025-06-04,3,0,,packaging,0
R05431,H00297,B16,,2025-06-05,3,0,versatility,,0
R05432,H00572,B20,,2025-06-05,5,1,energy boost,,1
R05433,H00601,B16,,2025-06-05,4,1,texture,price,1
R05434,H00986,B03,,2025-06-05,3,0,,sweetness,0
R05435,H01194,B06,,2025-06-05,4,0,portion size,,1
R05436,H01206,B07,,2025-06-05,4,1,packaging,crunch,1
R05437,H01211,B02,,2025-06-05,5,1,can design,,1
R05438,H01217,B11,,2025-06-05,4,1,ingredients,taste,0
R05439,H01404,B07,,2025-06-05,4,0,saltiness,,0
R05440,H01551,B04,,2025-06-05,4,0,fizz,,1
R05441,H01828,B09,,2025-06-05,5,1,price,,1
R05442,H01990,B18,,2025-06-05,5,1,energy boost,,1
R05443,H02100,B08,,2025-06-05,3,1,saltiness,,1
R05444,H01053,B11,,2025-06-06,3,1,,packaging,0
R05445,H01154,B02,,2025-06-06,5,1,refreshing,,1
R05446,H01367,B16,,2025-06-06,5,1,versatility,,1
R05447,H01486,B18,,2025-06-06,5,1,energy boost,,1
R05448,H01490,B16,,2025-06-06,4,1,texture,,1
R05449,H01638,B12,,2025-06-06,1,0,,taste,0
R05450,H01672,B12,,2025-06-06,4,1,packaging,,1
R05451,H01833,B08,,2025-06-06,5,1,crunch,packaging,1
R05452,H01989,B10,,2025-06-06,3,0,,price,0
R05453,H02163,B12,,2025-06-06,5,1,taste,,1
R05454,H02208,B19,,2025-06-06,4,1,taste,,1
R05455,H00022,B13,,2025-06-07,3,1,jar size,,1
R05456,H00095,B10,,2025-06-07,4,1,texture,,0
R05457,H00639,B05,,2025-06-07,5,1,portion size,,1
R05458,H01128,B14,,2025-06-07,3,0,versatility,,1
R05459,H01146,B20,,2025-06-07,5,0,portability,,1
R05460,H01433,B02,,2025-06-07,4,0,aftertaste,,1
R05461,H01503,B17,,2025-06-07,2,0,,portability,0
R05462,H01521,B15,,2025-06-07,4,1,jar size,,1
R05463,H01745,B13,,2025-06-07,5,1,flavour depth,,1
R05464,H01904,B13,,2025-06-07,4,0,texture,,1
R05465,H01936,B03,,2025-06-07,4,0,aftertaste,,1
R05466,H02019,B18,,2025-06-07,5,1,portability,,1
R05467,H00222,B06,,2025-06-08,5,1,price,,1
R05468,H00291,B12,,2025-06-08,3,0,sweetness,,1
R05469,H00446,B02,,2025-06-08,3,1,,sweetness,0
R05470,H00547,B01,,2025-06-08,4,1,refreshing,,1
R05471,H00555,B02,,2025-06-08,5,0,taste,,1
R05472,H00667,B07,,2025-06-08,5,1,packaging,,1
R05473,H00856,B11,,2025-06-08,4,1,sweetness,,0
R05474,H01262,B16,,2025-06-08,3,1,versatility,,1
R05475,H01262,B01,,2025-06-08,5,1,price,refreshing,1
R05476,H01352,B16,,2025-06-08,3,0,jar size,,0
R05477,H01408,B02,,2025-06-08,3,0,aftertaste,,0
R05478,H01564,B01,,2025-06-08,4,1,can design,,1
R05479,H01576,B09,,2025-06-08,3,0,taste,,0
R05480,H01828,B01,,2025-06-08,4,1,aftertaste,,1
R05481,H01860,B14,,2025-06-08,2,0,flavour depth,texture,0
R05482,H01897,B13,,2025-06-08,3,0,,texture,0
R05483,H01959,B19,,2025-06-08,5,1,taste,ingredients,1
R05484,H02004,B03,,2025-06-08,4,1,aftertaste,,1
R05485,H02039,B02,,2025-06-08,4,1,refreshing,can design,0
R05486,H02108,B02,,2025-06-08,5,1,sweetness,,1
R05487,H02150,B08,,2025-06-08,3,1,portion size,,0
R05488,H00402,B03,,2025-06-09,3,1,,aftertaste,1
R05489,H00492,B20,,2025-06-09,3,1,,taste,1
R05490,H00575,B14,,2025-06-09,2,0,,flavour depth,0
R05491,H00900,B11,,2025-06-09,4,1,sweetness,,1
R05492,H01307,B17,,2025-06-09,3,1,,price,0
R05493,H01602,B05,,2025-06-09,4,1,crunch,,1
R05494,H01790,B17,,2025-06-09,2,0,,texture,1
R05495,H01848,B03,,2025-06-09,4,1,aftertaste,,1
R05496,H01926,B08,,2025-06-09,3,0,,price,0
R05497,H01948,B05,,2025-06-09,5,1,seasoning,saltiness,1
R05498,H00278,B20,,2025-06-10,4,1,price,,1
R05499,H00439,B02,,2025-06-10,4,1,sweetness,taste,0
R05500,H01321,B01,,2025-06-10,5,1,refreshing,,1
R05501,H01740,B01,,2025-06-10,3,0,,refreshing,0
R05502,H01876,B20,,2025-06-10,3,0,,energy boost,0
R05503,H01961,B18,,2025-06-10,4,0,price,,1
R05504,H02130,B02,,2025-06-10,5,1,refreshing,,1
R05505,H02195,B12,,2025-06-10,2,0,,sweetness,0
R05506,H00241,B17,,2025-06-11,4,1,portability,,1
R05507,H00280,B20,,2025-06-11,4,1,ingredients,,1
R05508,H00595,B20,,2025-06-11,4,1,taste,,0
R05509,H00604,B19,,2025-06-11,3,1,texture,,1
R05510,H00747,B05,,2025-06-11,4,1,crunch,,1
R05511,H00856,B04,,2025-06-11,5,1,refreshing,,1
R05512,H00942,B14,,2025-06-11,3,1,texture,,0
R05513,H01171,B07,,2025-06-11,4,1,seasoning,,1
R05514,H01264,B07,,2025-06-11,4,1,saltiness,,0
R05515,H01351,B12,,2025-06-11,2,1,,texture,0
R05516,H01473,B15,,2025-06-11,5,1,versatility,,1
R05517,H01656,B16,,2025-06-11,2,0,,heat,0
R05518,H01657,B04,,2025-06-11,4,1,can design,,0
R05519,H01928,B03,,2025-06-11,5,1,refreshing,,1
R05520,H02207,B20,,2025-06-11,4,0,energy boost,,1
R05521,H02222,B03,P029,2025-06-11,3,1,,can design,1
R05522,H02222,B19,P029,2025-06-11,5,1,texture,,1
R05523,H02228,B06,P029,2025-06-11,5,1,crunch,price,1
R05524,H02228,B11,P029,2025-06-11,4,0,price,,1
R05525,H02232,B11,P029,2025-06-11,4,1,packaging,,0
R05526,H02232,B19,P029,2025-06-11,4,0,texture,,1
R05527,H02236,B03,P029,2025-06-11,4,1,fizz,can design,1
R05528,H02242,B18,P029,2025-06-11,5,1,price,,1
R05529,H02243,B11,P029,2025-06-11,4,0,texture,,0
R05530,H02245,B03,P029,2025-06-11,3,1,,fizz,1
R05531,H02247,B03,P029,2025-06-11,4,0,price,,0
R05532,H02248,B19,P029,2025-06-11,4,0,texture,,1
R05533,H02260,B19,P029,2025-06-11,4,1,texture,,1
R05534,H02263,B19,P029,2025-06-11,4,1,texture,,1
R05535,H02264,B11,P029,2025-06-11,4,1,price,,0
R05536,H02265,B19,P029,2025-06-11,4,1,texture,,1
R05537,H02270,B19,P029,2025-06-11,4,1,energy boost,taste,1
R05538,H02276,B19,P029,2025-06-11,3,1,portability,,1
R05539,H02277,B06,P029,2025-06-11,3,1,crunch,,1
R05540,H02280,B18,P029,2025-06-11,3,0,,price,0
R05541,H02285,B18,P029,2025-06-11,5,1,ingredients,,0
R05542,H02288,B06,P029,2025-06-11,4,1,price,,1
R05543,H02290,B19,P029,2025-06-11,4,1,portability,,0
R05544,H02291,B06,P029,2025-06-11,2,0,price,packaging,1
R05545,H02294,B03,P029,2025-06-11,3,0,,price,1
R05546,H02294,B06,P029,2025-06-11,4,1,price,,1
R05547,H02295,B18,P029,2025-06-11,3,0,,ingredients,0
R05548,H02298,B18,P029,2025-06-11,3,0,,portability,1
R05549,H02304,B06,P029,2025-06-11,4,1,packaging,,1
R05550,H02305,B11,P029,2025-06-11,3,0,,sweetness,0
R05551,H00016,B16,,2025-06-12,4,1,versatility,,1
R05552,H00516,B17,,2025-06-12,4,1,energy boost,,1
R05553,H00825,B02,,2025-06-12,4,1,price,,0
R05554,H00848,B02,,2025-06-12,4,1,sweetness,,1
R05555,H00939,B13,,2025-06-12,4,1,price,,1
R05556,H00973,B06,,2025-06-12,4,1,packaging,,1
R05557,H00979,B03,,2025-06-12,4,1,fizz,aftertaste,0
R05558,H01037,B03,,2025-06-12,3,0,can design,,0
R05559,H01168,B08,,2025-06-12,4,0,saltiness,seasoning,1
R05560,H01382,B07,,2025-06-12,5,1,seasoning,,1
R05561,H01549,B08,,2025-06-12,5,1,price,,1
R05562,H01783,B09,,2025-06-12,4,1,texture,taste,1
R05563,H02105,B18,,2025-06-12,4,1,portability,,0
R05564,H02163,B04,,2025-06-12,2,0,,taste,0
R05565,H02229,B18,P029,2025-06-12,5,1,texture,,1
R05566,H02230,B11,P029,2025-06-12,4,0,texture,,0
R05567,H02233,B06,P029,2025-06-12,3,0,seasoning,,0
R05568,H02241,B18,P029,2025-06-12,4,0,texture,portability,0
R05569,H02242,B11,P029,2025-06-12,3,1,taste,,0
R05570,H02245,B11,P029,2025-06-12,3,1,,sweetness,0
R05571,H02248,B11,P029,2025-06-12,5,1,price,,0
R05572,H02251,B11,P029,2025-06-12,3,0,sweetness,,0
R05573,H02266,B11,P029,2025-06-12,3,1,price,,0
R05574,H02268,B11,P029,2025-06-12,4,1,packaging,,0
R05575,H02273,B06,P029,2025-06-12,4,1,saltiness,,0
R05576,H02277,B03,P029,2025-06-12,4,0,sweetness,,1
R05577,H02292,B18,P029,2025-06-12,3,1,ingredients,,0
R05578,H00004,B20,,2025-06-13,3,0,,texture,1
R05579,H00335,B05,,2025-06-13,3,0,price,,1
R05580,H00349,B18,,2025-06-13,5,1,energy boost,,1
R05581,H00587,B12,,2025-06-13,4,1,texture,,1
R05582,H00965,B19,,2025-06-13,5,1,energy boost,portability,1
R05583,H01217,B20,,2025-06-13,3,0,,texture,0
R05584,H01339,B05,,2025-06-13,5,1,crunch,,1
R05585,H01575,B09,,2025-06-13,3,0,,ingredients,1
R05586,H02009,B16,,2025-06-13,4,1,heat,,1
R05587,H02077,B01,,2025-06-13,5,1,taste,sweetness,1
R05588,H02226,B18,P029,2025-06-13,5,1,price,,1
R05589,H02233,B18,P029,2025-06-13,5,1,energy boost,,1
R05590,H02242,B06,P029,2025-06-13,4,1,packaging,,0
R05591,H02247,B11,P029,2025-06-13,4,0,taste,price,0
R05592,H02249,B03,P029,2025-06-13,4,1,taste,,0
R05593,H02256,B18,P029,2025-06-13,4,0,portability,,0
R05594,H02269,B18,P029,2025-06-13,3,0,,energy boost,0
R05595,H02276,B03,P029,2025-06-13,4,0,price,,0
R05596,H02284,B06,P029,2025-06-13,4,1,saltiness,,1
R05597,H02290,B18,P029,2025-06-13,5,1,ingredients,,1
R05598,H02303,B06,P029,2025-06-13,4,1,price,,0
R05599,H02305,B18,P029,2025-06-13,4,1,energy boost,,1
R05600,H00136,B05,,2025-06-14,4,1,crunch,,0
R05601,H00224,B13,,2025-06-14,4,1,texture,,1
R05602,H00496,B18,,2025-06-14,3,1,,texture,0
R05603,H01069,B14,,2025-06-14,5,1,price,,0
R05604,H01343,B04,,2025-06-14,5,1,fizz,,1
R05605,H01524,B14,,2025-06-14,4,1,flavour depth,versatility,1
R05606,H01545,B10,,2025-06-14,4,1,texture,,1
R05607,H01582,B08,,2025-06-14,4,1,crunch,,1
R05608,H02223,B18,P029,2025-06-14,4,1,taste,,1
R05609,H02238,B18,P029,2025-06-14,4,1,taste,ingredients,0
R05610,H02238,B19,P029,2025-06-14,4,1,energy boost,,0
R05611,H02254,B11,P029,2025-06-14,4,1,ingredients,,0
R05612,H02260,B11,P029,2025-06-14,4,1,packaging,,0
R05613,H02260,B18,P029,2025-06-14,4,0,portability,,1
R05614,H02268,B18,P029,2025-06-14,4,0,texture,,0
R05615,H02274,B11,P029,2025-06-14,3,0,,price,0
R05616,H02274,B18,,2025-06-14,5,1,texture,portability,1
R05617,H02277,B13,,2025-06-14,5,1,heat,,1
R05618,H02284,B03,P029,2025-06-14,4,1,can design,,1
R05619,H02295,B19,P029,2025-06-14,5,1,energy boost,,1
R05620,H02300,B18,P029,2025-06-14,3,1,,taste,0
R05621,H02301,B03,P029,2025-06-14,2,0,taste,can design,0
R05622,H02304,B19,P029,2025-06-14,4,1,texture,,1
R05623,H02306,B19,P029,2025-06-14,4,1,price,,1
R05624,H02307,B18,P029,2025-06-14,3,1,energy boost,,0
R05625,H02309,B15,,2025-06-14,5,1,versatility,,1
R05626,H00256,B09,,2025-06-15,4,1,texture,,1
R05627,H00347,B05,,2025-06-15,4,1,seasoning,,1
R05628,H00529,B02,,2025-06-15,5,1,fizz,,0
R05629,H00571,B12,,2025-06-15,3,1,taste,,0
R05630,H00843,B20,,2025-06-15,4,1,ingredients,price,0
R05631,H00859,B18,,2025-06-15,5,1,price,,1
R05632,H00916,B03,,2025-06-15,4,1,can design,,0
R05633,H00980,B15,,2025-06-15,4,0,versatility,price,1
R05634,H01030,B04,,2025-06-15,5,1,refreshing,price,1
R05635,H01294,B03,,2025-06-15,3,0,,fizz,0
R05636,H01315,B14,,2025-06-15,1,0,,price,0
R05637,H01482,B11,,2025-06-15,3,0,,packaging,0
R05638,H01543,B18,,2025-06-15,5,1,ingredients,,0
R05639,H01839,B19,,2025-06-15,5,1,portability,,1
R05640,H02024,B06,,2025-06-15,5,1,crunch,saltiness,1
R05641,H02160,B17,,2025-06-15,4,0,texture,,0
R05642,H02223,B11,P029,2025-06-15,3,0,ingredients,,0
R05643,H02230,B06,P029,2025-06-15,3,0,,packaging,1
R05644,H02230,B19,P029,2025-06-15,3,1,,price,1
R05645,H02236,B06,P029,2025-06-15,4,1,seasoning,crunch,1
R05646,H02240,B03,P029,2025-06-15,4,0,fizz,,0
R05647,H02250,B11,P029,2025-06-15,4,1,price,,0
R05648,H02252,B03,P029,2025-06-15,3,0,fizz,,0
R05649,H02254,B18,P029,2025-06-15,5,1,taste,,0
R05650,H02261,B18,P029,2025-06-15,5,1,ingredients,portability,0
R05651,H02262,B18,P029,2025-06-15,4,1,taste,,1
R05652,H02265,B06,P029,2025-06-15,5,1,crunch,,1
R05653,H02278,B18,P029,2025-06-15,5,1,portability,,1
R05654,H02297,B11,P029,2025-06-15,4,1,ingredients,,0
R05655,H00084,B03,,2025-06-16,4,0,sweetness,,1
R05656,H00462,B15,,2025-06-16,3,0,,texture,0
R05657,H00465,B18,,2025-06-16,4,1,taste,,0
R05658,H00860,B14,,2025-06-16,5,1,flavour depth,versatility,1
R05659,H01107,B07,,2025-06-16,5,1,portion size,,1
R05660,H01224,B19,,2025-06-16,5,1,price,,1
R05661,H01269,B11,,2025-06-16,4,0,packaging,price,0
R05662,H01347,B03,,2025-06-16,4,1,sweetness,,1
R05663,H01355,B08,,2025-06-16,4,1,seasoning,,0
R05664,H01428,B06,,2025-06-16,5,0,saltiness,,1
R05665,H01464,B18,,2025-06-16,5,1,texture,,1
R05666,H01464,B16,,2025-06-16,5,1,heat,,0
R05667,H01681,B19,,2025-06-16,4,1,price,ingredients,1
R05668,H01731,B20,,2025-06-16,4,0,portability,,0
R05669,H01837,B18,,2025-06-16,4,1,ingredients,,1
R05670,H02026,B17,,2025-06-16,5,1,taste,,1
R05671,H02042,B13,,2025-06-16,4,1,heat,,1
R05672,H02221,B19,P029,2025-06-16,3,0,energy boost,,0
R05673,H02234,B06,P029,2025-06-16,2,0,,crunch,1
R05674,H02251,B18,P029,2025-06-16,3,0,portability,,1
R05675,H02255,B06,P029,2025-06-16,4,1,seasoning,,0
R05676,H02263,B18,P029,2025-06-16,4,1,energy boost,,0
R05677,H02264,B19,P029,2025-06-16,4,1,taste,,1
R05678,H02266,B19,P029,2025-06-16,4,1,ingredients,,1
R05679,H02270,B03,P029,2025-06-16,3,1,,aftertaste,0
R05680,H02277,B19,P029,2025-06-16,2,0,,texture,1
R05681,H02282,B06,P029,2025-06-16,5,1,saltiness,,0
R05682,H02286,B18,P029,2025-06-16,4,1,taste,,0
R05683,H02299,B19,P029,2025-06-16,3,0,,taste,1
R05684,H02300,B03,P029,2025-06-16,2,0,,sweetness,0
R05685,H00039,B02,,2025-06-17,5,0,taste,sweetness,0
R05686,H00173,B17,,2025-06-17,3,1,texture,,0
R05687,H00414,B02,,2025-06-17,3,0,,fizz,1
R05688,H00573,B08,,2025-06-17,5,0,portion size,,1
R05689,H00698,B15,,2025-06-17,4,1,versatility,,1
R05690,H00712,B14,,2025-06-17,3,0,,heat,0
R05691,H00987,B02,,2025-06-17,4,0,taste,,1
R05692,H01042,B10,,2025-06-17,2,0,,texture,0
R05693,H01284,B14,,2025-06-17,5,1,heat,,1
R05694,H01300,B13,,2025-06-17,4,1,jar size,versatility,1
R05695,H01364,B07,,2025-06-17,3,0,,packaging,0
R05696,H01559,B13,,2025-06-17,5,1,flavour depth,,1
R05697,H01596,B01,,2025-06-17,5,1,price,,1
R05698,H01724,B20,,2025-06-17,5,1,portability,,1
R05699,H01781,B09,,2025-06-17,4,1,price,packaging,0
R05700,H01899,B08,,2025-06-17,4,1,seasoning,portion size,1
R05701,H02034,B14,,2025-06-17,4,1,heat,versatility,0
R05702,H02222,B18,P029,2025-06-17,4,0,ingredients,,0
R05703,H02224,B18,P029,2025-06-17,3,0,,taste,0
R05704,H02225,B18,P029,2025-06-17,5,1,portability,texture,0
R05705,H02235,B11,P029,2025-06-17,3,0,,sweetness,0
R05706,H02243,B03,P029,2025-06-17,3,0,can design,,1
R05707,H02248,B06,P029,2025-06-17,4,1,portion size,,0
R05708,H02253,B18,P029,2025-06-17,5,1,energy boost,ingredients,0
R05709,H02255,B18,P029,2025-06-17,4,1,portability,ingredients,0
R05710,H02261,B11,P029,2025-06-17,3,0,,price,0
R05711,H02276,B06,P029,2025-06-17,4,1,packaging,,0
R05712,H02282,B14,,2025-06-17,2,0,texture,versatility,0
R05713,H02287,B18,P029,2025-06-17,5,1,portability,,1
R05714,H02293,B06,P029,2025-06-17,3,0,seasoning,,1
R05715,H02306,B18,P029,2025-06-17,5,1,price,,0
R05716,H00075,B18,,2025-06-18,5,1,taste,,0
R05717,H00090,B07,,2025-06-18,5,1,seasoning,,1
R05718,H00424,B18,,2025-06-18,5,1,ingredients,,1
R05719,H00446,B09,,2025-06-18,5,1,packaging,,1
R05720,H00533,B18,,2025-06-18,3,1,energy boost,,0
R05721,H00564,B19,,2025-06-18,3,0,energy boost,,0
R05722,H00707,B10,,2025-06-18,3,1,,ingredients,0
R05723,H01012,B05,,2025-06-18,4,1,packaging,saltiness,1
R05724,H01206,B08,,2025-06-18,4,1,price,,1
R05725,H01228,B16,,2025-06-18,4,1,flavour depth,texture,1
R05726,H01233,B20,,2025-06-18,5,0,ingredients,,1
R05727,H01266,B06,,2025-06-18,4,1,crunch,,1
R05728,H01288,B03,,2025-06-18,4,1,sweetness,,1
R05729,H01402,B16,,2025-06-18,5,1,versatility,,1
R05730,H01471,B14,,2025-06-18,4,1,heat,,1
R05731,H01481,B10,,2025-06-18,5,1,packaging,,1
R05732,H01675,B16,,2025-06-18,4,1,flavour depth,price,1
R05733,H01708,B09,,2025-06-18,3,0,,taste,0
R05734,H01731,B10,,2025-06-18,5,1,ingredients,,1
R05735,H01905,B13,,2025-06-18,5,1,flavour depth,price,1
R05736,H02085,B20,,2025-06-18,3,0,,ingredients,0
R05737,H02221,B18,P029,2025-06-18,3,0,ingredients,,0
R05738,H02223,B12,,2025-06-18,4,0,ingredients,,0
R05739,H02228,B19,P029,2025-06-18,4,1,taste,texture,0
R05740,H02230,B18,P029,2025-06-18,4,0,energy boost,,0
R05741,H02237,B03,P029,2025-06-18,2,0,,fizz,0
R05742,H02245,B19,P029,2025-06-18,4,1,texture,,1
R05743,H02255,B19,P029,2025-06-18,5,1,portability,taste,0
R05744,H02269,B03,P029,2025-06-18,2,0,,sweetness,1
R05745,H02270,B06,P029,2025-06-18,5,1,packaging,,0
R05746,H02274,B19,P029,2025-06-18,4,1,taste,,1
R05747,H02282,B18,P029,2025-06-18,2,1,price,energy boost,1
R05748,H02287,B06,P029,2025-06-18,5,1,packaging,,0
R05749,H02302,B19,P029,2025-06-18,4,0,ingredients,portability,1
R05750,H02303,B03,P029,2025-06-18,3,0,,refreshing,0
R05751,H00059,B16,,2025-06-19,4,1,texture,,1
R05752,H00304,B02,,2025-06-19,5,1,fizz,taste,1
R05753,H00376,B05,,2025-06-19,2,1,crunch,packaging,1
R05754,H00656,B13,,2025-06-19,4,1,jar size,,1
R05755,H00814,B10,,2025-06-19,3,1,price,,0
R05756,H00824,B06,,2025-06-19,3,0,seasoning,,1
R05757,H00993,B15,,2025-06-19,4,1,heat,,1
R05758,H01348,B16,,2025-06-19,4,0,texture,,0
R05759,H01404,B17,,2025-06-19,5,1,ingredients,,1
R05760,H01616,B05,,2025-06-19,3,1,seasoning,,1
R05761,H01682,B11,,2025-06-19,4,1,packaging,,1
R05762,H01771,B06,,2025-06-19,5,1,saltiness,,1
R05763,H02031,B07,,2025-06-19,3,1,,saltiness,0
R05764,H02180,B15,,2025-06-19,4,1,flavour depth,,1
R05765,H02302,B13,,2025-06-19,5,1,heat,,1
R05766,H00049,B08,,2025-06-20,5,1,seasoning,crunch,1
R05767,H00314,B02,,2025-06-20,4,1,sweetness,taste,0
R05768,H00541,B19,,2025-06-20,3,1,,ingredients,0
R05769,H00720,B03,,2025-06-20,5,1,taste,,1
R05770,H00853,B13,,2025-06-20,4,1,versatility,,1
R05771,H00912,B17,,2025-06-20,4,1,ingredients,,1
R05772,H00924,B17,,2025-06-20,4,1,portability,,1
R05773,H01246,B16,,2025-06-20,3,1,flavour depth,,0
R05774,H01590,B04,,2025-06-20,2,1,price,taste,1
R05775,H01702,B13,,2025-06-20,4,0,versatility,,1
R05776,H02030,B05,,2025-06-20,5,0,seasoning,,1
R05777,H02045,B12,,2025-06-20,3,0,,taste,0
R05778,H02046,B04,,2025-06-20,5,1,refreshing,,1
R05779,H00253,B18,,2025-06-21,3,0,energy boost,,0
R05780,H00551,B11,,2025-06-21,4,1,sweetness,,0
R05781,H00741,B13,,2025-06-21,5,0,price,,1
R05782,H00756,B02,,2025-06-21,5,1,can design,,1
R05783,H00855,B04,,2025-06-21,5,1,price,,0
R05784,H00985,B15,,2025-06-21,4,1,versatility,,0
R05785,H01074,B03,,2025-06-21,4,1,aftertaste,,1
R05786,H01141,B19,,2025-06-21,4,1,texture,,1
R05787,H01303,B10,,2025-06-21,3,1,ingredients,,0
R05788,H01539,B20,,2025-06-21,4,1,texture,,0
R05789,H01594,B06,,2025-06-21,4,0,crunch,,1
R05790,H01765,B16,,2025-06-21,5,1,price,,1
R05791,H01833,B12,,2025-06-21,4,1,texture,,0
R05792,H01954,B16,,2025-06-21,3,1,,jar size,1
R05793,H02004,B08,,2025-06-21,4,1,packaging,,0
R05794,H02006,B04,,2025-06-21,2,0,,aftertaste,0
R05795,H02332,B10,P030,2025-06-21,5,1,packaging,,0
R05796,H02333,B20,P030,2025-06-21,5,1,texture,,0
R05797,H02342,B15,P030,2025-06-21,3,1,,price,1
R05798,H02343,B15,P030,2025-06-21,4,1,jar size,versatility,1
R05799,H02354,B20,P030,2025-06-21,5,1,energy boost,,1
R05800,H02357,B20,P030,2025-06-21,3,0,,taste,0
R05801,H02361,B13,P030,2025-06-21,4,1,price,,0
R05802,H02364,B01,P030,2025-06-21,5,1,aftertaste,price,1
R05803,H02373,B15,P030,2025-06-21,3,0,,versatility,1
R05804,H02375,B10,P030,2025-06-21,4,1,taste,,1
R05805,H02376,B13,P030,2025-06-21,4,0,versatility,,1
R05806,H00353,B07,,2025-06-22,5,1,price,,1
R05807,H00955,B17,,2025-06-22,5,1,price,,1
R05808,H00962,B12,,2025-06-22,4,1,taste,packaging,0
R05809,H01293,B03,,2025-06-22,4,1,refreshing,,1
R05810,H01403,B04,,2025-06-22,5,1,fizz,,1
R05811,H01594,B02,,2025-06-22,5,1,refreshing,,0
R05812,H01606,B19,,2025-06-22,4,1,portability,,1
R05813,H01959,B01,,2025-06-22,3,1,fizz,,1
R05814,H02177,B04,,2025-06-22,5,1,sweetness,,1
R05815,H02209,B14,,2025-06-22,3,0,texture,,0
R05816,H02326,B10,P030,2025-06-22,4,0,ingredients,,0
R05817,H02329,B01,P030,2025-06-22,5,1,aftertaste,,0
R05818,H02329,B15,P030,2025-06-22,4,1,price,,0
R05819,H02331,B01,P030,2025-06-22,4,0,can design,,0
R05820,H02336,B20,P030,2025-06-22,3,1,taste,,0
R05821,H02341,B01,P030,2025-06-22,5,1,aftertaste,,1
R05822,H02341,B20,P030,2025-06-22,5,1,portability,,0
R05823,H02342,B13,P030,2025-06-22,3,0,heat,,1
R05824,H02350,B01,P030,2025-06-22,4,1,refreshing,price,0
R05825,H02362,B13,P030,2025-06-22,4,1,jar size,,0
R05826,H02372,B15,P030,2025-06-22,4,0,flavour depth,jar size,0
R05827,H02373,B10,P030,2025-06-22,4,0,taste,,0
R05828,H00066,B01,,2025-06-23,4,1,fizz,can design,1
R05829,H00322,B19,,2025-06-23,4,1,price,,1
R05830,H01033,B03,,2025-06-23,3,0,,refreshing,1
R05831,H01105,B18,,2025-06-23,4,1,energy boost,,0
R05832,H01152,B11,,2025-06-23,2,0,,taste,0
R05833,H01352,B02,,2025-06-23,5,0,taste,price,1
R05834,H01637,B15,,2025-06-23,3,0,,price,0
R05835,H01980,B20,,2025-06-23,3,1,,portability,0
R05836,H02254,B13,,2025-06-23,4,1,price,,1
R05837,H02326,B20,P030,2025-06-23,4,1,taste,,0
R05838,H02328,B10,P030,2025-06-23,5,1,sweetness,,1
R05839,H02337,B20,P030,2025-06-23,3,1,,energy boost,1
R05840,H02339,B15,P030,2025-06-23,5,1,jar size,flavour depth,1
R05841,H02344,B10,P030,2025-06-23,3,0,packaging,,1
R05842,H02350,B10,P030,2025-06-23,4,1,ingredients,,0
R05843,H02353,B15,P030,2025-06-23,4,1,price,,0
R05844,H02355,B01,P030,2025-06-23,4,1,aftertaste,,0
R05845,H02357,B13,P030,2025-06-23,4,1,heat,,0
R05846,H02371,B13,P030,2025-06-23,4,0,flavour depth,,0
R05847,H02375,B20,P030,2025-06-23,5,1,energy boost,,1
R05848,H02376,B01,P030,2025-06-23,3,1,,fizz,1
R05849,H00099,B12,,2025-06-24,4,0,packaging,,0
R05850,H00110,B07,,2025-06-24,2,0,,portion size,1
R05851,H00221,B15,,2025-06-24,4,0,versatility,,1
R05852,H00339,B15,,2025-06-24,5,1,price,,1
R05853,H00545,B17,,2025-06-24,5,1,ingredients,,1
R05854,H00756,B01,,2025-06-24,4,1,taste,,1
R05855,H00976,B13,,2025-06-24,5,1,jar size,,1
R05856,H01556,B02,,2025-06-24,4,1,price,,0
R05857,H01652,B08,,2025-06-24,5,1,price,,1
R05858,H01667,B19,,2025-06-24,3,1,,portability,0
R05859,H01681,B04,,2025-06-24,4,1,refreshing,,1
R05860,H01755,B01,,2025-06-24,4,1,fizz,,1
R05861,H01809,B10,,2025-06-24,5,0,taste,,1
R05862,H01897,B07,,2025-06-24,4,1,crunch,,0
R05863,H02250,B19,,2025-06-24,4,0,energy boost,,1
R05864,H02251,B20,,2025-06-24,4,1,ingredients,,0
R05865,H02326,B01,P030,2025-06-24,4,0,refreshing,fizz,1
R05866,H02330,B10,P030,2025-06-24,5,1,taste,,0
R05867,H02338,B20,P030,2025-06-24,5,1,portability,,1
R05868,H02343,B20,P030,2025-06-24,3,1,,energy boost,1
R05869,H02346,B01,P030,2025-06-24,5,1,price,,0
R05870,H02347,B15,P030,2025-06-24,5,1,jar size,,1
R05871,H02356,B13,P030,2025-06-24,4,0,versatility,,0
R05872,H02361,B15,P030,2025-06-24,4,0,jar size,,1
R05873,H02362,B10,P030,2025-06-24,4,1,packaging,,1
R05874,H02363,B10,P030,2025-06-24,4,0,texture,,0
R05875,H02365,B15,P030,2025-06-24,5,1,jar size,,0
R05876,H02365,B20,P030,2025-06-24,5,1,portability,energy boost,1
R05877,H02366,B01,P030,2025-06-24,3,0,,fizz,1
R05878,H02373,B01,P030,2025-06-24,4,1,can design,,1
R05879,H02374,B13,P030,2025-06-24,3,0,,versatility,0
R05880,H00138,B08,,2025-06-25,4,1,packaging,,0
R05881,H00161,B06,,2025-06-25,3,0,saltiness,,0
R05882,H00497,B10,,2025-06-25,4,1,sweetness,,1
R05883,H00786,B19,,2025-06-25,3,1,,energy boost,1
R05884,H01082,B13,,2025-06-25,5,1,price,,1
R05885,H01351,B16,,2025-06-25,5,1,price,flavour depth,1
R05886,H01458,B20,,2025-06-25,4,1,ingredients,,1
R05887,H01603,B11,,2025-06-25,3,0,,packaging,0
R05888,H01611,B15,,2025-06-25,3,0,texture,,0
R05889,H01628,B13,,2025-06-25,5,1,heat,,1
R05890,H01697,B19,,2025-06-25,3,0,portability,,0
R05891,H01907,B15,,2025-06-25,4,1,flavour depth,,0
R05892,H01914,B04,,2025-06-25,4,1,can design,sweetness,1
R05893,H01998,B07,,2025-06-25,2,0,,saltiness,0
R05894,H02170,B17,,2025-06-25,4,1,ingredients,energy boost,1
R05895,H02325,B10,,2025-06-25,4,1,price,,0
R05896,H02329,B10,P030,2025-06-25,3,0,,sweetness,0
R05897,H02329,B20,P030,2025-06-25,4,1,portability,,0
R05898,H02332,B13,P030,2025-06-25,3,1,flavour depth,,1
R05899,H02332,B20,P030,2025-06-25,3,0,energy boost,,0
R05900,H02333,B01,P030,2025-06-25,4,1,can design,,1
R05901,H02348,B01,P030,2025-06-25,5,1,fizz,,1
R05902,H02348,B15,P030,2025-06-25,3,0,,versatility,0
R05903,H02355,B15,P030,2025-06-25,3,1,,versatility,0
R05904,H02356,B20,P030,2025-06-25,4,1,energy boost,portability,1
R05905,H02358,B20,P030,2025-06-25,3,0,,taste,0
R05906,H02360,B01,P030,2025-06-25,4,1,fizz,,0
R05907,H02360,B19,,2025-06-25,5,0,ingredients,,1
R05908,H02366,B13,P030,2025-06-25,3,0,,flavour depth,1
R05909,H02366,B15,P030,2025-06-25,4,1,flavour depth,price,0
R05910,H02367,B01,P030,2025-06-25,3,0,aftertaste,,1
R05911,H02368,B13,P030,2025-06-25,5,1,texture,price,0
R05912,H02369,B15,P030,2025-06-25,5,1,versatility,flavour depth,1
R05913,H02370,B20,P030,2025-06-25,3,0,,portability,1
R05914,H00119,B20,,2025-06-26,3,0,energy boost,,1
R05915,H00207,B17,,2025-06-26,4,1,ingredients,,1
R05916,H00529,B12,,2025-06-26,3,1,sweetness,,0
R05917,H00768,B04,,2025-06-26,2,0,,price,0
R05918,H00921,B02,,2025-06-26,3,0,,price,0
R05919,H00955,B12,,2025-06-26,4,1,price,,0
R05920,H01193,B03,,2025-06-26,5,1,aftertaste,,1
R05921,H01292,B07,,2025-06-26,3,0,,packaging,0
R05922,H01543,B03,,2025-06-26,2,0,,taste,0
R05923,H01546,B01,,2025-06-26,4,0,taste,can design,1
R05924,H01770,B03,,2025-06-26,3,0,,aftertaste,1
R05925,H02068,B19,,2025-06-26,4,0,ingredients,,0
R05926,H02283,B18,,2025-06-26,4,1,portability,energy boost,1
R05927,H02336,B15,P030,2025-06-26,4,1,heat,price,0
R05928,H02340,B13,P030,2025-06-26,4,0,jar size,,1
R05929,H02349,B20,P030,2025-06-26,3,0,ingredients,,1
R05930,H02352,B01,P030,2025-06-26,5,0,price,,0
R05931,H02353,B03,,2025-06-26,5,1,can design,aftertaste,1
R05932,H02355,B06,,2025-06-26,3,0,price,,0
R05933,H02356,B15,P030,2025-06-26,4,0,texture,,1
R05934,H02357,B01,P030,2025-06-26,5,1,sweetness,price,1
R05935,H02358,B10,P030,2025-06-26,5,0,sweetness,packaging,0
R05936,H02358,B13,P030,2025-06-26,4,1,price,,1
R05937,H02367,B15,P030,2025-06-26,5,1,jar size,texture,0
R05938,H02373,B13,P030,2025-06-26,4,0,texture,,1
R05939,H02376,B15,P030,2025-06-26,4,1,price,,0
R05940,H00136,B14,,2025-06-27,4,0,heat,,1
R05941,H00443,B09,,2025-06-27,4,0,price,,1
R05942,H00526,B02,,2025-06-27,3,0,aftertaste,,0
R05943,H00979,B19,,2025-06-27,5,1,texture,,1
R05944,H01026,B12,,2025-06-27,4,0,packaging,,0
R05945,H01055,B03,,2025-06-27,4,1,taste,,1
R05946,H01151,B19,,2025-06-27,5,1,texture,,1
R05947,H01372,B14,,2025-06-27,4,1,versatility,,0
R05948,H01899,B01,,2025-06-27,4,0,aftertaste,,1
R05949,H02146,B03,,2025-06-27,4,1,price,,1
R05950,H02327,B01,P030,2025-06-27,5,1,fizz,,1
R05951,H02328,B15,P030,2025-06-27,4,1,texture,versatility,1
R05952,H02335,B01,P030,2025-06-27,5,1,taste,,1
R05953,H02346,B10,P030,2025-06-27,4,0,packaging,,1
R05954,H02346,B15,P030,2025-06-27,3,0,jar size,,1
R05955,H02353,B01,P030,2025-06-27,4,1,can design,sweetness,1
R05956,H02358,B01,P030,2025-06-27,3,0,taste,,1
R05957,H02372,B01,P030,2025-06-27,4,1,taste,,1
R05958,H00330,B07,,2025-06-28,4,1,saltiness,,1
R05959,H00447,B06,,2025-06-28,3,1,,crunch,0
R05960,H00457,B08,,2025-06-28,4,0,saltiness,,1
R05961,H00587,B09,,2025-06-28,4,1,ingredients,packaging,0
R05962,H00641,B18,,2025-06-28,3,1,,taste,0
R05963,H00726,B03,,2025-06-28,5,1,refreshing,,1
R05964,H00781,B10,,2025-06-28,4,0,taste,,0
R05965,H01008,B06,,2025-06-28,5,1,price,,1
R05966,H01164,B19,,2025-06-28,4,1,taste,,1
R05967,H01224,B08,,2025-06-28,2,0,,seasoning,0
R05968,H01664,B12,,2025-06-28,3,0,,sweetness,1
R05969,H01776,B14,,2025-06-28,4,1,jar size,,1
R05970,H01915,B01,,2025-06-28,3,0,refreshing,,0
R05971,H02325,B01,P030,2025-06-28,5,1,sweetness,,1
R05972,H02327,B10,P030,2025-06-28,4,1,ingredients,,0
R05973,H02331,B13,P030,2025-06-28,5,1,flavour depth,,0
R05974,H02334,B15,P030,2025-06-28,5,1,price,flavour depth,1
R05975,H02340,B20,P030,2025-06-28,4,1,ingredients,,1
R05976,H02341,B04,,2025-06-28,3,1,,refreshing,0
R05977,H02348,B10,P030,2025-06-28,5,1,texture,,0
R05978,H02350,B13,P030,2025-06-28,4,1,heat,,0
R05979,H02357,B15,P030,2025-06-28,3,0,heat,,0
R05980,H02369,B01,P030,2025-06-28,4,1,fizz,,0
R05981,H02369,B20,P030,2025-06-28,5,1,energy boost,,1
R05982,H02375,B01,P030,2025-06-28,4,1,can design,,0
R05983,H02375,B13,P030,2025-06-28,4,1,versatility,,0
R05984,H02395,B04,,2025-06-28,4,1,sweetness,,1
R05985,H00019,B10,,2025-06-29,3,0,sweetness,,0
R05986,H00115,B07,,2025-06-29,4,1,saltiness,,0
R05987,H00263,B11,,2025-06-29,3,1,price,,0
R05988,H00284,B12,,2025-06-29,4,0,packaging,taste,1
R05989,H00464,B18,,2025-06-29,5,1,energy boost,,1
R05990,H00559,B19,,2025-06-29,2,0,taste,ingredients,0
R05991,H00635,B15,,2025-06-29,4,1,jar size,,0
R05992,H00749,B17,,2025-06-29,2,0,taste,price,0
R05993,H01019,B16,,2025-06-29,5,1,versatility,,1
R05994,H01254,B19,,2025-06-29,4,1,portability,,1
R05995,H01295,B20,,2025-06-29,4,0,portability,,1
R05996,H01297,B04,,2025-06-29,3,1,,taste,0
R05997,H01402,B20,,2025-06-29,5,1,texture,,1
R05998,H01531,B06,,2025-06-29,4,1,crunch,,1
R05999,H02118,B15,,2025-06-29,5,1,price,,0
R06000,H00046,B13,,2025-06-30,4,1,heat,jar size,1
R06001,H00449,B10,,2025-06-30,4,0,sweetness,packaging,1
R06002,H00486,B14,,2025-06-30,5,1,flavour depth,,1
R06003,H00945,B10,,2025-06-30,4,0,sweetness,taste,0
R06004,H01184,B04,,2025-06-30,4,0,can design,,1
R06005,H01216,B09,,2025-06-30,5,1,packaging,,0
R06006,H01401,B15,,2025-06-30,4,0,jar size,,0
R06007,H01565,B03,,2025-06-30,1,0,sweetness,price,0
R06008,H01719,B11,,2025-06-30,3,0,,packaging,0
R06009,H02244,B06,,2025-06-30,3,1,,portion size,0
R06010,H00422,B04,,2025-07-01,4,1,can design,,1
R06011,H00581,B02,,2025-07-01,3,1,sweetness,,0
R06012,H00707,B18,,2025-07-01,4,1,energy boost,,0
R06013,H00739,B10,,2025-07-01,5,1,price,,1
R06014,H00750,B15,,2025-07-01,3,0,jar size,,1
R06015,H01031,B04,,2025-07-01,5,1,refreshing,,1
R06016,H01062,B11,,2025-07-01,3,0,,taste,0
R06017,H01202,B15,,2025-07-01,2,0,,price,0
R06018,H01706,B19,,2025-07-01,5,1,texture,,1
R06019,H01758,B17,,2025-07-01,4,0,price,,1
R06020,H01761,B12,,2025-07-01,4,1,packaging,taste,0
R06021,H01858,B19,,2025-07-01,4,0,taste,texture,1
R06022,H01946,B17,,2025-07-01,5,1,energy boost,,1
R06023,H02051,B16,,2025-07-01,5,1,jar size,,1
R06024,H02059,B14,,2025-07-01,4,1,heat,,1
R06025,H00177,B02,,2025-07-02,5,1,can design,,1
R06026,H00230,B08,,2025-07-02,5,1,seasoning,,1
R06027,H00324,B08,,2025-07-02,3,0,,crunch,1
R06028,H00352,B16,,2025-07-02,4,1,price,heat,1
R06029,H00511,B07,,2025-07-02,2,0,,crunch,0
R06030,H00579,B11,,2025-07-02,5,1,sweetness,,1
R06031,H00851,B10,,2025-07-02,5,1,ingredients,,0
R06032,H01029,B11,,2025-07-02,3,0,texture,,0
R06033,H01036,B15,,2025-07-02,1,0,,price,0
R06034,H01593,B16,,2025-07-02,3,1,versatility,,1
R06035,H01597,B17,,2025-07-02,3,0,portability,,0
R06036,H01688,B14,,2025-07-02,4,0,flavour depth,price,0
R06037,H02295,B02,,2025-07-02,3,0,aftertaste,,1
R06038,H00123,B19,,2025-07-03,4,1,price,,1
R06039,H00256,B19,,2025-07-03,3,1,,price,1
R06040,H00449,B02,,2025-07-03,3,1,,price,0
R06041,H00508,B05,,2025-07-03,3,0,,saltiness,1
R06042,H00576,B07,,2025-07-03,4,1,saltiness,,1
R06043,H00619,B18,,2025-07-03,4,1,ingredients,,1
R06044,H00742,B18,,2025-07-03,4,1,portability,,0
R06045,H00750,B02,,2025-07-03,2,0,,price,0
R06046,H00903,B03,,2025-07-03,2,1,,refreshing,0
R06047,H01316,B12,,2025-07-03,5,1,texture,,1
R06048,H01894,B20,,2025-07-03,4,1,ingredients,,0
R06049,H02020,B16,,2025-07-03,4,0,flavour depth,,1
R06050,H00370,B08,,2025-07-04,5,1,saltiness,,1
R06051,H00450,B04,,2025-07-04,4,1,price,,0
R06052,H00769,B20,,2025-07-04,5,0,energy boost,,1
R06053,H01350,B12,,2025-07-04,5,1,sweetness,,0
R06054,H01395,B18,,2025-07-04,4,1,texture,,1
R06055,H01553,B19,,2025-07-04,3,1,energy boost,,1
R06056,H01565,B07,,2025-07-04,3,1,,packaging,1
R06057,H01756,B10,,2025-07-04,3,0,,taste,1
R06058,H01779,B04,,2025-07-04,2,0,,sweetness,0
R06059,H01862,B03,,2025-07-04,4,1,sweetness,,1
R06060,H01984,B10,,2025-07-04,4,1,taste,,1
R06061,H02058,B19,,2025-07-04,2,0,,energy boost,0
R06062,H02059,B15,,2025-07-04,5,1,price,,1
R06063,H02324,B16,,2025-07-04,3,1,jar size,,1
R06064,H00066,B20,,2025-07-05,3,1,ingredients,,0
R06065,H00325,B04,,2025-07-05,5,1,fizz,,1
R06066,H00341,B06,,2025-07-05,5,1,seasoning,saltiness,1
R06067,H00447,B08,,2025-07-05,3,1,,crunch,0
R06068,H00554,B12,,2025-07-05,5,1,sweetness,,1
R06069,H00612,B14,,2025-07-05,5,1,flavour depth,,1
R06070,H00865,B19,,2025-07-05,5,1,portability,,1
R06071,H00940,B03,,2025-07-05,4,1,aftertaste,price,0
R06072,H01238,B09,,2025-07-05,3,1,,sweetness,1
R06073,H01343,B09,,2025-07-05,4,0,packaging,ingredients,1
R06074,H01403,B15,,2025-07-05,3,0,flavour depth,,0
R06075,H01553,B17,,2025-07-05,4,1,portability,,1
R06076,H01601,B11,,2025-07-05,4,0,ingredients,,0
R06077,H01616,B15,,2025-07-05,4,1,flavour depth,,1
R06078,H01631,B03,,2025-07-05,4,1,price,,1
R06079,H01900,B02,,2025-07-05,3,1,price,,0
R06080,H01951,B06,,2025-07-05,4,1,packaging,,0
R06081,H02028,B19,,2025-07-05,5,1,portability,,1
R06082,H02198,B09,,2025-07-05,3,0,taste,,1
R06083,H02403,B20,,2025-07-05,5,1,texture,price,1
R06084,H00244,B14,,2025-07-06,3,0,,versatility,0
R06085,H00329,B17,,2025-07-06,3,0,ingredients,,1
R06086,H00666,B06,,2025-07-06,3,1,,saltiness,0
R06087,H00795,B03,,2025-07-06,3,0,,sweetness,0
R06088,H01222,B10,,2025-07-06,4,0,packaging,texture,0
R06089,H01549,B10,,2025-07-06,2,0,,price,0
R06090,H01623,B12,,2025-07-06,3,0,,ingredients,0
R06091,H01907,B05,,2025-07-06,2,0,,crunch,1
R06092,H02026,B10,,2025-07-06,5,1,taste,,1
R06093,H02108,B03,,2025-07-06,4,0,taste,,1
R06094,H02200,B02,,2025-07-06,3,0,can design,,0
R06095,H02260,B08,,2025-07-06,2,0,,portion size,0
R06096,H02282,B12,,2025-07-06,3,0,sweetness,,0
R06097,H02321,B09,,2025-07-06,3,0,ingredients,,1
R06098,H02323,B01,,2025-07-06,4,0,sweetness,,1
R06099,H00021,B10,,2025-07-07,4,0,texture,,1
R06100,H00032,B17,,2025-07-07,2,0,,price,1
R06101,H00171,B10,,2025-07-07,5,1,price,ingredients,0
R06102,H00554,B06,,2025-07-07,5,0,crunch,,1
R06103,H00700,B06,,2025-07-07,3,0,,price,0
R06104,H01010,B19,,2025-07-07,5,1,ingredients,,1
R06105,H01573,B20,,2025-07-07,4,0,texture,,1
R06106,H01627,B01,,2025-07-07,5,1,can design,,1
R06107,H01749,B18,,2025-07-07,3,0,,portability,0
R06108,H01898,B14,,2025-07-07,4,1,jar size,,0
R06109,H02041,B02,,2025-07-07,5,1,can design,,1
R06110,H02071,B04,,2025-07-07,4,1,refreshing,,0
R06111,H02073,B03,,2025-07-07,3,0,fizz,,1
R06112,H02109,B05,,2025-07-07,3,0,,price,1
R06113,H02137,B19,,2025-07-07,5,1,texture,energy boost,1
R06114,H02371,B09,,2025-07-07,3,0,packaging,,0
R06115,H02420,B01,,2025-07-07,5,1,refreshing,,1
R06116,H00007,B19,,2025-07-08,5,1,taste,,1
R06117,H00028,B17,,2025-07-08,3,1,,price,1
R06118,H00058,B17,,2025-07-08,4,1,portability,,1
R06119,H00066,B16,,2025-07-08,5,1,jar size,flavour depth,1
R06120,H00277,B01,,2025-07-08,2,0,,price,0
R06121,H00283,B13,,2025-07-08,5,1,price,texture,1
R06122,H00573,B06,,2025-07-08,5,1,packaging,,1
R06123,H00641,B12,,2025-07-08,2,0,,packaging,0
R06124,H00789,B18,,2025-07-08,5,1,energy boost,,1
R06125,H00827,B05,,2025-07-08,3,0,seasoning,,1
R06126,H00843,B05,,2025-07-08,4,1,price,,1
R06127,H01294,B04,,2025-07-08,3,1,,aftertaste,1
R06128,H01328,B02,,2025-07-08,5,1,taste,,1
R06129,H01498,B07,,2025-07-08,4,1,price,,0
R06130,H01648,B10,,2025-07-08,3,0,,sweetness,1
R06131,H01847,B14,,2025-07-08,3,0,,price,0
R06132,H02074,B19,,2025-07-08,2,0,,ingredients,0
R06133,H02206,B14,,2025-07-08,3,0,price,,1
R06134,H02301,B04,,2025-07-08,4,1,aftertaste,,0
R06135,H00063,B19,,2025-07-09,5,0,texture,,1
R06136,H00194,B15,,2025-07-09,5,1,flavour depth,,1
R06137,H00265,B18,,2025-07-09,4,1,price,,0
R06138,H00323,B18,,2025-07-09,4,1,energy boost,texture,0
R06139,H00413,B17,,2025-07-09,2,0,,portability,0
R06140,H00492,B05,,2025-07-09,3,0,packaging,,1
R06141,H00507,B01,,2025-07-09,4,1,can design,aftertaste,1
R06142,H00799,B18,,2025-07-09,2,0,,portability,0
R06143,H01003,B08,,2025-07-09,3,0,,portion size,0
R06144,H01051,B05,,2025-07-09,4,1,price,saltiness,1
R06145,H01088,B01,,2025-07-09,4,1,sweetness,,0
R06146,H01108,B04,,2025-07-09,4,0,sweetness,,1
R06147,H01178,B08,,2025-07-09,4,1,packaging,price,1
R06148,H01268,B14,,2025-07-09,4,0,texture,price,1
R06149,H01275,B02,,2025-07-09,4,1,refreshing,,1
R06150,H01391,B17,,2025-07-09,3,0,,texture,1
R06151,H01662,B05,,2025-07-09,3,0,packaging,,1
R06152,H01701,B14,,2025-07-09,3,0,,versatility,1
R06153,H01810,B15,,2025-07-09,3,0,flavour depth,,0
R06154,H02152,B14,,2025-07-09,3,0,jar size,,0
R06155,H00123,B09,,2025-07-10,3,0,,packaging,1
R06156,H00256,B14,,2025-07-10,3,1,flavour depth,,0
R06157,H00274,B17,,2025-07-10,2,0,,price,0
R06158,H00452,B08,,2025-07-10,4,0,crunch,,1
R06159,H00610,B14,,2025-07-10,4,0,price,,1
R06160,H00769,B07,,2025-07-10,4,0,crunch,,1
R06161,H00866,B17,,2025-07-10,3,1,,taste,0
R06162,H00924,B08,,2025-07-10,4,0,saltiness,portion size,0
R06163,H01029,B02,,2025-07-10,5,0,taste,,1
R06164,H01448,B07,,2025-07-10,4,0,price,,1
R06165,H01514,B15,,2025-07-10,3,1,texture,,1
R06166,H01547,B19,,2025-07-10,5,1,texture,,1
R06167,H01707,B20,,2025-07-10,3,1,portability,,0
R06168,H01909,B07,,2025-07-10,4,1,seasoning,,1
R06169,H02109,B12,,2025-07-10,3,0,,packaging,0
R06170,H00072,B10,,2025-07-11,5,1,texture,,1
R06171,H00084,B19,,2025-07-11,3,1,portability,,0
R06172,H00244,B05,,2025-07-11,3,1,seasoning,,1
R06173,H00409,B07,,2025-07-11,5,1,price,,1
R06174,H00547,B10,,2025-07-11,3,0,,taste,0
R06175,H00748,B01,,2025-07-11,5,1,taste,,1
R06176,H01250,B17,,2025-07-11,4,1,portability,,1
R06177,H01279,B12,,2025-07-11,4,0,texture,,1
R06178,H01664,B02,,2025-07-11,3,0,refreshing,,0
R06179,H01777,B04,,2025-07-11,2,0,,price,0
R06180,H01939,B10,,2025-07-11,5,1,sweetness,,1
R06181,H02062,B04,,2025-07-11,2,0,,taste,0
R06182,H02148,B19,,2025-07-11,5,1,texture,,1
R06183,H02325,B08,,2025-07-11,4,1,saltiness,seasoning,1
R06184,H02406,B10,,2025-07-11,5,1,sweetness,price,1
R06185,H02419,B06,,2025-07-11,5,1,portion size,,1
R06186,H00139,B10,,2025-07-12,4,1,ingredients,,0
R06187,H00336,B11,,2025-07-12,3,1,ingredients,,0
R06188,H00483,B13,,2025-07-12,5,1,versatility,,1
R06189,H00707,B19,,2025-07-12,5,1,taste,ingredients,1
R06190,H00717,B12,,2025-07-12,5,0,texture,,1
R06191,H00981,B16,,2025-07-12,5,1,flavour depth,versatility,1
R06192,H01081,B19,,2025-07-12,5,1,energy boost,,1
R06193,H01417,B01,,2025-07-12,5,1,sweetness,,1
R06194,H01447,B01,,2025-07-12,4,1,price,can design,1
R06195,H01515,B12,,2025-07-12,5,0,taste,,1
R06196,H01597,B14,,2025-07-12,5,1,jar size,,1
R06197,H01967,B20,,2025-07-12,3,1,texture,,0
R06198,H02029,B06,,2025-07-12,5,0,seasoning,packaging,1
R06199,H02056,B04,,2025-07-12,3,0,,taste,1
R06200,H02133,B18,,2025-07-12,3,1,,taste,0
R06201,H02444,B11,P031,2025-07-12,3,0,texture,,1
R06202,H02447,B11,P031,2025-07-12,3,1,sweetness,,0
R06203,H02448,B13,P031,2025-07-12,5,1,texture,versatility,0
R06204,H02448,B06,,2025-07-12,4,0,portion size,packaging,0
R06205,H02452,B13,P031,2025-07-12,4,1,jar size,,1
R06206,H02465,B17,P031,2025-07-12,5,1,energy boost,ingredients,0
R06207,H02469,B11,P031,2025-07-12,4,1,taste,,0
R06208,H02469,B17,P031,2025-07-12,5,1,taste,,0
R06209,H02474,B03,,2025-07-12,3,1,refreshing,,1
R06210,H00071,B18,,2025-07-13,4,1,portability,,1
R06211,H00218,B01,,2025-07-13,4,0,sweetness,,1
R06212,H00238,B17,,2025-07-13,4,1,portability,,1
R06213,H00244,B03,,2025-07-13,5,1,price,,1
R06214,H00586,B04,,2025-07-13,4,0,refreshing,,1
R06215,H00781,B19,,2025-07-13,5,1,taste,,1
R06216,H00857,B09,,2025-07-13,5,1,taste,,1
R06217,H00891,B16,,2025-07-13,3,0,,texture,0
R06218,H01008,B05,,2025-07-13,4,1,seasoning,,1
R06219,H01062,B06,,2025-07-13,5,1,price,saltiness,1
R06220,H01178,B09,,2025-07-13,4,1,taste,,1
R06221,H01204,B13,,2025-07-13,4,0,price,,1
R06222,H01427,B16,,2025-07-13,3,1,,texture,1
R06223,H01725,B05,,2025-07-13,4,1,seasoning,packaging,1
R06224,H01781,B01,,2025-07-13,4,1,taste,,1
R06225,H01965,B13,,2025-07-13,4,1,jar size,texture,0
R06226,H02129,B08,,2025-07-13,5,1,packaging,,1
R06227,H02155,B18,,2025-07-13,4,1,ingredients,,1
R06228,H02185,B01,,2025-07-13,4,1,sweetness,,1
R06229,H02436,B05,P031,2025-07-13,4,1,portion size,,0
R06230,H02457,B05,P031,2025-07-13,2,0,,packaging,0
R06231,H02461,B11,P031,2025-07-13,4,1,texture,,0
R06232,H02466,B11,P031,2025-07-13,4,0,sweetness,,0
R06233,H02468,B11,P031,2025-07-13,4,1,texture,,0
R06234,H02470,B05,P031,2025-07-13,3,0,price,,1
R06235,H02471,B01,P031,2025-07-13,5,1,price,,1
R06236,H02473,B05,P031,2025-07-13,3,0,price,,1
R06237,H02474,B11,P031,2025-07-13,5,1,texture,,0
R06238,H02478,B11,P031,2025-07-13,4,1,ingredients,,1
R06239,H02478,B13,P031,2025-07-13,3,1,price,,0
R06240,H00080,B18,,2025-07-14,3,1,,price,1
R06241,H00170,B01,,2025-07-14,4,0,can design,,1
R06242,H00328,B10,,2025-07-14,5,1,price,,1
R06243,H00446,B14,,2025-07-14,4,1,price,,1
R06244,H00816,B03,,2025-07-14,3,0,taste,,1
R06245,H00824,B17,,2025-07-14,2,0,,price,0
R06246,H00851,B15,,2025-07-14,4,1,versatility,,1
R06247,H01745,B15,,2025-07-14,3,1,,texture,1
R06248,H01767,B01,,2025-07-14,4,1,taste,,1
R06249,H01936,B15,,2025-07-14,3,0,versatility,,0
R06250,H02072,B16,,2025-07-14,4,1,jar size,heat,1
R06251,H02167,B19,,2025-07-14,3,0,price,,1
R06252,H02316,B17,,2025-07-14,4,1,energy boost,taste,1
R06253,H02374,B04,,2025-07-14,3,1,,sweetness,0
R06254,H02379,B06,,2025-07-14,3,1,saltiness,,1
R06255,H02434,B05,P031,2025-07-14,5,0,seasoning,,1
R06256,H02437,B11,P031,2025-07-14,4,1,packaging,,0
R06257,H02443,B13,P031,2025-07-14,2,0,,versatility,0
R06258,H02449,B13,P031,2025-07-14,5,1,versatility,,1
R06259,H02453,B01,P031,2025-07-14,3,0,,aftertaste,0
R06260,H02454,B13,P031,2025-07-14,5,1,versatility,,1
R06261,H02456,B01,P031,2025-07-14,5,1,taste,,1
R06262,H02457,B13,P031,2025-07-14,3,0,versatility,,1
R06263,H02471,B17,P031,2025-07-14,3,1,,taste,0
R06264,H00011,B08,,2025-07-15,4,1,portion size,,0
R06265,H00065,B03,,2025-07-15,3,0,,refreshing,1
R06266,H00210,B13,,2025-07-15,5,1,jar size,,1
R06267,H00220,B06,,2025-07-15,3,0,,portion size,1
R06268,H00414,B14,,2025-07-15,5,1,versatility,,0
R06269,H00458,B16,,2025-07-15,2,0,,heat,0
R06270,H00566,B08,,2025-07-15,5,1,saltiness,packaging,1
R06271,H00682,B08,,2025-07-15,5,1,crunch,seasoning,1
R06272,H00955,B18,,2025-07-15,5,1,taste,,1
R06273,H01395,B17,,2025-07-15,3,1,,price,1
R06274,H01510,B15,,2025-07-15,4,1,price,,1
R06275,H01729,B01,,2025-07-15,4,1,sweetness,,1
R06276,H01747,B15,,2025-07-15,3,0,,flavour depth,0
R06277,H01748,B18,,2025-07-15,2,1,,energy boost,0
R06278,H01859,B20,,2025-07-15,4,1,energy boost,,0
R06279,H01885,B03,,2025-07-15,3,1,price,,0
R06280,H02065,B09,,2025-07-15,5,1,packaging,,0
R06281,H02438,B17,P031,2025-07-15,4,1,taste,,1
R06282,H02441,B01,P031,2025-07-15,5,1,can design,price,0
R06283,H02444,B05,P031,2025-07-15,3,0,packaging,,1
R06284,H02445,B01,P031,2025-07-15,5,0,can design,refreshing,1
R06285,H02446,B13,P031,2025-07-15,4,1,price,,0
R06286,H02455,B16,,2025-07-15,4,1,versatility,,0
R06287,H02460,B11,P031,2025-07-15,4,1,sweetness,,1
R06288,H02461,B17,P031,2025-07-15,3,0,texture,,1
R06289,H02462,B13,P031,2025-07-15,4,1,jar size,price,0
R06290,H02468,B05,P031,2025-07-15,3,0,,portion size,0
R06291,H00026,B17,,2025-07-16,5,1,texture,portability,1
R06292,H00234,B09,,2025-07-16,5,1,packaging,,1
R06293,H00334,B19,,2025-07-16,3,1,taste,,1
R06294,H00864,B19,,2025-07-16,3,0,portability,,0
R06295,H00894,B05,,2025-07-16,4,1,price,,1
R06296,H00910,B12,,2025-07-16,3,0,sweetness,,0
R06297,H01126,B09,,2025-07-16,2,0,,price,0
R06298,H01156,B03,,2025-07-16,5,1,refreshing,,1
R06299,H01172,B06,,2025-07-16,4,0,packaging,,0
R06300,H01277,B07,,2025-07-16,4,0,crunch,seasoning,1
R06301,H01335,B03,,2025-07-16,4,0,sweetness,,1
R06302,H01474,B13,,2025-07-16,5,1,heat,,1
R06303,H01503,B11,,2025-07-16,3,0,ingredients,,0
R06304,H01597,B19,,2025-07-16,1,0,,texture,0
R06305,H01731,B05,,2025-07-16,3,0,seasoning,,1
R06306,H01759,B05,,2025-07-16,4,1,price,,1
R06307,H01795,B02,,2025-07-16,3,0,,price,0
R06308,H01802,B18,,2025-07-16,5,1,portability,,1
R06309,H02275,B19,,2025-07-16,4,1,texture,portability,1
R06310,H02343,B14,,2025-07-16,4,1,price,,0
R06311,H02432,B11,P031,2025-07-16,4,1,ingredients,,0
R06312,H02432,B17,P031,2025-07-16,1,0,,ingredients,1
R06313,H02434,B17,P031,2025-07-16,3,0,,price,1
R06314,H02437,B01,P031,2025-07-16,5,1,aftertaste,sweetness,1
R06315,H02441,B05,P031,2025-07-16,4,1,seasoning,,1
R06316,H02451,B17,P031,2025-07-16,3,0,,portability,1
R06317,H02461,B01,P031,2025-07-16,5,1,fizz,sweetness,1
R06318,H02464,B17,P031,2025-07-16,3,1,taste,,1
R06319,H02467,B01,P031,2025-07-16,5,1,can design,,0
R06320,H02472,B13,P031,2025-07-16,4,1,versatility,,1
R06321,H02476,B01,P031,2025-07-16,5,1,taste,,1
R06322,H02480,B01,P031,2025-07-16,5,1,price,,1
R06323,H00340,B05,,2025-07-17,5,1,portion size,,1
R06324,H00436,B07,,2025-07-17,5,1,price,,1
R06325,H00452,B12,,2025-07-17,2,0,,price,0
R06326,H00794,B05,,2025-07-17,4,0,saltiness,,1
R06327,H01115,B12,,2025-07-17,4,1,price,,1
R06328,H01431,B13,,2025-07-17,5,1,flavour depth,,1
R06329,H01691,B12,,2025-07-17,3,0,taste,,0
R06330,H01885,B09,,2025-07-17,3,0,,ingredients,0
R06331,H01916,B10,,2025-07-17,4,1,sweetness,,0
R06332,H02003,B18,,2025-07-17,4,1,ingredients,,1
R06333,H02435,B11,P031,2025-07-17,5,1,price,,1
R06334,H02444,B01,P031,2025-07-17,5,1,fizz,,1
R06335,H02445,B05,P031,2025-07-17,3,1,crunch,,1
R06336,H02446,B05,P031,2025-07-17,5,1,price,saltiness,0
R06337,H02449,B17,P031,2025-07-17,3,0,energy boost,,1
R06338,H02452,B05,P031,2025-07-17,2,0,,seasoning,1
R06339,H02453,B13,P031,2025-07-17,3,1,flavour depth,,0
R06340,H02458,B13,P031,2025-07-17,4,1,price,,0
R06341,H02458,B17,P031,2025-07-17,3,0,,energy boost,1
R06342,H02467,B17,P031,2025-07-17,5,0,taste,,0
R06343,H02469,B05,P031,2025-07-17,5,1,saltiness,,0
R06344,H02474,B05,P031,2025-07-17,3,1,portion size,,1
R06345,H02476,B11,P031,2025-07-17,5,0,packaging,,1
R06346,H02479,B05,P031,2025-07-17,4,1,crunch,,0
R06347,H00096,B03,,2025-07-18,5,1,taste,can design,1
R06348,H00115,B08,,2025-07-18,4,1,crunch,,1
R06349,H00729,B09,,2025-07-18,5,1,texture,packaging,1
R06350,H00733,B17,,2025-07-18,5,1,price,,1
R06351,H00770,B11,,2025-07-18,5,1,sweetness,,0
R06352,H00896,B07,,2025-07-18,3,1,,portion size,1
R06353,H01112,B03,,2025-07-18,5,1,sweetness,,1
R06354,H01382,B09,,2025-07-18,4,1,packaging,,1
R06355,H01418,B03,,2025-07-18,3,1,can design,,0
R06356,H01522,B10,,2025-07-18,4,0,packaging,,0
R06357,H01891,B13,,2025-07-18,5,1,texture,,1
R06358,H02160,B12,,2025-07-18,4,1,taste,,1
R06359,H02217,B14,,2025-07-18,5,1,flavour depth,,1
R06360,H02370,B17,,2025-07-18,5,1,energy boost,,1
R06361,H02439,B17,P031,2025-07-18,4,1,portability,,1
R06362,H02450,B11,P031,2025-07-18,3,0,,texture,1
R06363,H02452,B17,P031,2025-07-18,5,1,texture,ingredients,1
R06364,H02462,B05,P031,2025-07-18,3,0,,seasoning,1
R06365,H02466,B13,P031,2025-07-18,3,0,,heat,0
R06366,H02478,B05,P031,2025-07-18,4,1,price,,1
R06367,H02479,B11,P031,2025-07-18,4,1,texture,,0
R06368,H00020,B01,,2025-07-19,3,0,,taste,0
R06369,H00315,B18,,2025-07-19,3,0,,price,0
R06370,H00437,B05,,2025-07-19,3,0,,seasoning,0
R06371,H00472,B01,,2025-07-19,4,0,taste,,1
R06372,H00520,B03,,2025-07-19,3,0,,price,0
R06373,H00782,B18,,2025-07-19,4,1,taste,,1
R06374,H01190,B03,,2025-07-19,4,0,taste,,1
R06375,H01227,B02,,2025-07-19,5,1,refreshing,sweetness,1
R06376,H01307,B15,,2025-07-19,5,1,texture,,1
R06377,H01689,B11,,2025-07-19,3,1,,packaging,1
R06378,H02082,B16,,2025-07-19,5,0,flavour depth,heat,1
R06379,H02276,B01,,2025-07-19,3,0,price,,0
R06380,H02431,B01,P031,2025-07-19,5,1,fizz,,0
R06381,H02437,B05,P031,2025-07-19,3,0,,crunch,1
R06382,H02439,B11,P031,2025-07-19,4,1,ingredients,,1
R06383,H02440,B01,P031,2025-07-19,5,1,taste,,1
R06384,H02441,B11,P031,2025-07-19,4,1,packaging,,1
R06385,H02448,B05,P031,2025-07-19,2,0,,packaging,0
R06386,H02461,B13,P031,2025-07-19,3,1,,price,1
R06387,H02465,B11,P031,2025-07-19,5,1,price,,1
R06388,H02475,B01,P031,2025-07-19,5,1,taste,,1
R06389,H02477,B17,P031,2025-07-19,5,1,taste,price,1
R06390,H02480,B11,P031,2025-07-19,4,1,sweetness,texture,1
R06391,H00044,B12,,2025-07-20,4,0,ingredients,,0
R06392,H00199,B04,,2025-07-20,2,0,,price,0
R06393,H00437,B19,,2025-07-20,4,1,energy boost,,0
R06394,H00525,B07,,2025-07-20,4,1,price,,1
R06395,H00567,B04,,2025-07-20,2,0,,taste,0
R06396,H00619,B17,,2025-07-20,3,1,,energy boost,1
R06397,H00934,B10,,2025-07-20,3,1,,price,0
R06398,H00962,B20,,2025-07-20,4,1,texture,,1
R06399,H01007,B15,,2025-07-20,1,0,,texture,0
R06400,H01023,B16,,2025-07-20,5,1,price,,1
R06401,H01386,B08,,2025-07-20,5,1,saltiness,,0
R06402,H01778,B19,,2025-07-20,4,1,taste,,1
R06403,H02125,B09,,2025-07-20,2,1,,packaging,0
R06404,H02440,B04,,2025-07-20,4,1,sweetness,,1
R06405,H00097,B03,,2025-07-21,4,1,sweetness,,1
R06406,H00106,B02,,2025-07-21,4,1,taste,,1
R06407,H00191,B07,,2025-07-21,3,0,,portion size,1
R06408,H00329,B12,,2025-07-21,3,1,,taste,0
R06409,H00521,B12,,2025-07-21,5,1,texture,,1
R06410,H00524,B08,,2025-07-21,4,1,packaging,,0
R06411,H01027,B20,,2025-07-21,5,1,texture,energy boost,1
R06412,H01041,B02,,2025-07-21,5,1,refreshing,,1
R06413,H01217,B04,,2025-07-21,4,1,can design,,0
R06414,H01340,B05,,2025-07-21,3,1,,saltiness,1
R06415,H01447,B10,,2025-07-21,4,0,price,,1
R06416,H01919,B08,,2025-07-21,4,1,saltiness,,1
R06417,H02104,B18,,2025-07-21,5,0,energy boost,taste,1
R06418,H02167,B13,,2025-07-21,5,0,versatility,,1
R06419,H02377,B07,,2025-07-21,4,1,seasoning,price,1
R06420,H00003,B14,,2025-07-22,2,0,price,heat,0
R06421,H00059,B01,,2025-07-22,4,1,taste,sweetness,1
R06422,H00217,B07,,2025-07-22,5,1,crunch,saltiness,1
R06423,H00358,B13,,2025-07-22,4,1,texture,,1
R06424,H00376,B04,,2025-07-22,3,0,price,,0
R06425,H00435,B13,,2025-07-22,3,0,flavour depth,,0
R06426,H00544,B15,,2025-07-22,4,1,versatility,,1
R06427,H00706,B11,,2025-07-22,4,1,sweetness,,1
R06428,H00850,B12,,2025-07-22,2,0,,price,0
R06429,H00852,B10,,2025-07-22,4,1,taste,,0
R06430,H00902,B07,,2025-07-22,3,0,crunch,,1
R06431,H01050,B04,,2025-07-22,4,1,can design,,1
R06432,H01133,B06,,2025-07-22,5,1,saltiness,,1
R06433,H01342,B01,,2025-07-22,5,1,aftertaste,,1
R06434,H01730,B15,,2025-07-22,5,1,heat,,1
R06435,H01744,B14,,2025-07-22,5,1,flavour depth,price,1
R06436,H01843,B03,,2025-07-22,4,0,taste,,1
R06437,H02391,B07,,2025-07-22,3,0,portion size,,0
R06438,H00117,B09,,2025-07-23,4,1,taste,sweetness,1
R06439,H00121,B14,,2025-07-23,2,0,,heat,0
R06440,H00902,B13,,2025-07-23,4,1,texture,jar size,1
R06441,H00920,B16,,2025-07-23,2,0,,jar size,0
R06442,H01062,B08,,2025-07-23,4,1,portion size,,0
R06443,H01109,B10,,2025-07-23,5,1,packaging,,1
R06444,H01137,B19,,2025-07-23,4,1,texture,,1
R06445,H01285,B14,,2025-07-23,5,1,flavour depth,,1
R06446,H01325,B04,,2025-07-23,4,1,taste,,0
R06447,H01970,B08,,2025-07-23,4,1,crunch,seasoning,1
R06448,H02070,B15,,2025-07-23,5,1,jar size,,0
R06449,H02207,B18,,2025-07-23,4,1,ingredients,energy boost,0
R06450,H02496,B09,,2025-07-23,3,0,,taste,0
R06451,H00055,B13,,2025-07-24,5,1,texture,,1
R06452,H00099,B05,,2025-07-24,4,1,saltiness,,1
R06453,H00266,B10,,2025-07-24,4,1,texture,,1
R06454,H00282,B07,,2025-07-24,4,0,price,,0
R06455,H00303,B12,,2025-07-24,5,1,packaging,,1
R06456,H00476,B18,,2025-07-24,4,1,price,,1
R06457,H00725,B02,,2025-07-24,3,1,,sweetness,0
R06458,H00889,B16,,2025-07-24,5,1,price,,1
R06459,H01033,B04,,2025-07-24,2,0,,sweetness,0
R06460,H01040,B02,,2025-07-24,4,0,fizz,,1
R06461,H01283,B07,,2025-07-24,4,1,crunch,,1
R06462,H01287,B02,,2025-07-24,4,1,fizz,,1
R06463,H01794,B03,,2025-07-24,5,1,refreshing,,1
R06464,H01797,B16,,2025-07-24,3,1,flavour depth,,1
R06465,H02202,B01,,2025-07-24,2,0,,aftertaste,1
R06466,H02405,B14,,2025-07-24,4,1,texture,,1
R06467,H02416,B11,,2025-07-24,2,0,,texture,0
R06468,H02452,B15,,2025-07-24,4,1,versatility,,0
R06469,H00024,B02,,2025-07-25,5,1,can design,,1
R06470,H00038,B02,,2025-07-25,3,1,,refreshing,0
R06471,H00089,B10,,2025-07-25,3,0,packaging,,0
R06472,H00110,B02,,2025-07-25,3,0,,fizz,1
R06473,H00349,B19,,2025-07-25,4,1,portability,,0
R06474,H00498,B09,,2025-07-25,3,1,packaging,,0
R06475,H00723,B09,,2025-07-25,3,1,,ingredients,0
R06476,H01074,B18,,2025-07-25,2,0,,ingredients,0
R06477,H01172,B09,,2025-07-25,4,1,sweetness,,1
R06478,H01240,B04,,2025-07-25,4,0,refreshing,,1
R06479,H02005,B17,,2025-07-25,4,1,portability,,1
R06480,H02024,B16,,2025-07-25,3,1,jar size,,1
R06481,H02140,B08,,2025-07-25,2,0,,saltiness,0
R06482,H02226,B10,,2025-07-25,5,1,ingredients,,1
R06483,H00069,B08,,2025-07-26,2,0,,price,0
R06484,H00098,B03,,2025-07-26,4,1,fizz,,1
R06485,H00649,B01,,2025-07-26,5,1,can design,,1
R06486,H00842,B16,,2025-07-26,4,1,texture,,1
R06487,H00866,B09,,2025-07-26,4,1,packaging,price,1
R06488,H01027,B05,,2025-07-26,5,1,packaging,,1
R06489,H01062,B03,,2025-07-26,4,1,fizz,,1
R06490,H01592,B20,,2025-07-26,5,1,texture,,1
R06491,H01623,B07,,2025-07-26,5,0,portion size,,1
R06492,H01756,B03,,2025-07-26,4,1,fizz,refreshing,1
R06493,H02084,B13,,2025-07-26,4,0,texture,,1
R06494,H02116,B16,,2025-07-26,4,0,versatility,,1
R06495,H02136,B19,,2025-07-26,1,0,,energy boost,0
R06496,H02187,B20,,2025-07-26,4,1,taste,,0
R06497,H02294,B09,,2025-07-26,4,1,price,,0
R06498,H02303,B01,,2025-07-26,3,0,,refreshing,0
R06499,H02490,B19,,2025-07-26,4,0,energy boost,,1
R06500,H02515,B05,P032,2025-07-26,4,1,portion size,,1
R06501,H02531,B03,P032,2025-07-26,3,0,,can design,0
R06502,H02542,B11,P032,2025-07-26,3,0,ingredients,,1
R06503,H02546,B02,P032,2025-07-26,3,1,,fizz,0
R06504,H02549,B01,,2025-07-26,5,1,fizz,,1
R06505,H00050,B16,,2025-07-27,5,1,texture,,1
R06506,H00346,B11,,2025-07-27,3,0,,ingredients,0
R06507,H00809,B16,,2025-07-27,5,1,price,jar size,1
R06508,H01096,B10,,2025-07-27,3,0,price,,0
R06509,H01257,B08,,2025-07-27,3,1,price,,0
R06510,H01287,B12,,2025-07-27,3,0,texture,,0
R06511,H01467,B15,,2025-07-27,3,1,versatility,,0
R06512,H01653,B01,,2025-07-27,5,1,aftertaste,,1
R06513,H02038,B03,,2025-07-27,3,0,can design,,1
R06514,H02116,B02,,2025-07-27,4,1,can design,,1
R06515,H02202,B11,,2025-07-27,5,1,packaging,price,1
R06516,H02269,B19,,2025-07-27,5,1,ingredients,,1
R06517,H02511,B05,P032,2025-07-27,4,1,seasoning,,0
R06518,H02513,B03,,2025-07-27,4,1,taste,sweetness,1
R06519,H02515,B03,P032,2025-07-27,3,1,refreshing,,0
R06520,H02517,B07,,2025-07-27,5,1,packaging,,0
R06521,H02523,B03,P032,2025-07-27,4,1,taste,,0
R06522,H02523,B18,P032,2025-07-27,4,1,price,,0
R06523,H02527,B03,P032,2025-07-27,2,0,can design,price,1
R06524,H02528,B03,P032,2025-07-27,2,0,,can design,1
R06525,H02530,B11,P032,2025-07-27,5,1,packaging,,1
R06526,H02531,B11,P032,2025-07-27,5,1,packaging,,0
R06527,H02536,B07,,2025-07-27,3,0,crunch,,0
R06528,H02541,B11,P032,2025-07-27,3,1,,taste,1
R06529,H02547,B18,P032,2025-07-27,2,0,,texture,0
R06530,H00110,B06,,2025-07-28,5,1,packaging,,1
R06531,H00135,B12,,2025-07-28,2,0,,sweetness,0
R06532,H00390,B05,,2025-07-28,4,1,price,seasoning,0
R06533,H00453,B03,,2025-07-28,5,1,fizz,,1
R06534,H00799,B19,,2025-07-28,4,1,ingredients,,1
R06535,H00832,B19,,2025-07-28,3,0,portability,,1
R06536,H01017,B07,,2025-07-28,4,1,price,,1
R06537,H01681,B14,,2025-07-28,3,1,,texture,0
R06538,H01684,B12,,2025-07-28,5,1,packaging,,1
R06539,H01903,B12,,2025-07-28,5,1,packaging,,0
R06540,H01971,B14,,2025-07-28,2,0,jar size,flavour depth,0
R06541,H01990,B04,,2025-07-28,3,0,,aftertaste,0
R06542,H02026,B06,,2025-07-28,5,1,seasoning,,1
R06543,H02124,B13,,2025-07-28,4,1,price,,1
R06544,H02152,B02,,2025-07-28,3,0,sweetness,,0
R06545,H02382,B04,,2025-07-28,5,1,taste,,1
R06546,H02520,B03,P032,2025-07-28,2,0,,taste,0
R06547,H02521,B11,P032,2025-07-28,5,1,texture,,1
R06548,H02525,B02,P032,2025-07-28,5,1,fizz,can design,0
R06549,H02528,B11,P032,2025-07-28,4,1,sweetness,,0
R06550,H02534,B03,P032,2025-07-28,4,1,taste,,0
R06551,H02535,B05,P032,2025-07-28,4,1,price,,1
R06552,H00265,B16,,2025-07-29,5,1,price,,1
R06553,H00624,B20,,2025-07-29,4,1,texture,,0
R06554,H00675,B03,,2025-07-29,5,1,taste,can design,0
R06555,H00677,B12,,2025-07-29,3,0,,taste,0
R06556,H00941,B11,,2025-07-29,4,0,ingredients,,1
R06557,H01092,B05,,2025-07-29,4,1,packaging,,1
R06558,H01678,B15,,2025-07-29,2,0,,flavour depth,0
R06559,H02057,B12,,2025-07-29,3,0,packaging,,0
R06560,H02242,B02,,2025-07-29,4,1,sweetness,,1
R06561,H02288,B11,,2025-07-29,4,0,ingredients,,1
R06562,H02405,B19,,2025-07-29,3,0,,taste,0
R06563,H02431,B15,,2025-07-29,4,1,versatility,,1
R06564,H02511,B03,P032,2025-07-29,3,1,,price,0
R06565,H02514,B05,P032,2025-07-29,3,0,,price,1
R06566,H02518,B05,P032,2025-07-29,3,0,crunch,,1
R06567,H02528,B05,P032,2025-07-29,4,1,crunch,,1
R06568,H02543,B02,P032,2025-07-29,4,1,aftertaste,,0
R06569,H02545,B18,P032,2025-07-29,4,1,texture,,0
R06570,H00012,B05,,2025-07-30,3,0,,saltiness,1
R06571,H00042,B02,,2025-07-30,3,1,aftertaste,,1
R06572,H00096,B08,,2025-07-30,3,0,,portion size,0
R06573,H00296,B04,,2025-07-30,2,0,,fizz,0
R06574,H00569,B14,,2025-07-30,3,1,versatility,,0
R06575,H00638,B11,,2025-07-30,5,1,price,,1
R06576,H00668,B06,,2025-07-30,3,0,,saltiness,0
R06577,H00913,B18,,2025-07-30,5,1,price,,1
R06578,H00924,B14,,2025-07-30,2,0,,jar size,0
R06579,H00939,B19,,2025-07-30,2,0,,texture,0
R06580,H01016,B12,,2025-07-30,4,0,ingredients,,0
R06581,H01125,B16,,2025-07-30,3,0,heat,,0
R06582,H01660,B03,,2025-07-30,3,0,sweetness,,0
R06583,H01729,B16,,2025-07-30,5,1,jar size,flavour depth,1
R06584,H01803,B03,,2025-07-30,3,0,sweetness,,1
R06585,H01829,B09,,2025-07-30,5,1,ingredients,sweetness,1
R06586,H01997,B10,,2025-07-30,5,0,price,,1
R06587,H02082,B03,,2025-07-30,4,0,refreshing,,1
R06588,H02156,B14,,2025-07-30,5,0,heat,jar size,1
R06589,H02259,B17,,2025-07-30,4,1,taste,portability,1
R06590,H02279,B17,,2025-07-30,4,1,price,taste,1
R06591,H02437,B02,,2025-07-30,5,1,price,sweetness,1
R06592,H02478,B20,,2025-07-30,5,1,texture,ingredients,1
R06593,H02513,B11,P032,2025-07-30,3,0,,price,0
R06594,H02514,B03,P032,2025-07-30,3,0,aftertaste,,0
R06595,H02519,B05,P032,2025-07-30,5,1,packaging,,1
R06596,H02526,B02,P032,2025-07-30,3,1,aftertaste,,1
R06597,H02527,B02,P032,2025-07-30,4,1,fizz,,1
R06598,H02527,B11,P032,2025-07-30,3,0,sweetness,,0
R06599,H02528,B02,P032,2025-07-30,5,1,sweetness,,1
R06600,H02535,B02,P032,2025-07-30,5,1,aftertaste,,1
R06601,H02536,B02,P032,2025-07-30,4,1,refreshing,,1
R06602,H02541,B02,P032,2025-07-30,4,1,price,,0
R06603,H02541,B05,P032,2025-07-30,4,1,portion size,,1
R06604,H02543,B11,P032,2025-07-30,4,1,sweetness,,1
R06605,H00561,B17,,2025-07-31,5,1,energy boost,,1
R06606,H00653,B14,,2025-07-31,4,0,flavour depth,,1
R06607,H00934,B18,,2025-07-31,5,1,texture,,0
R06608,H01150,B12,,2025-07-31,5,1,packaging,,1
R06609,H01316,B06,,2025-07-31,4,1,crunch,price,1
R06610,H01528,B05,,2025-07-31,3,0,crunch,,0
R06611,H01985,B10,,2025-07-31,4,0,price,,1
R06612,H02019,B10,,2025-07-31,5,1,packaging,,1
R06613,H02376,B18,,2025-07-31,4,1,energy boost,,0
R06614,H02524,B05,P032,2025-07-31,4,0,portion size,,0
R06615,H02538,B11,P032,2025-07-31,4,0,ingredients,,0
R06616,H02539,B11,P032,2025-07-31,4,0,price,,1
R06617,H02542,B02,P032,2025-07-31,3,0,,fizz,0
R06618,H02545,B03,P032,2025-07-31,3,1,,price,1
R06619,H00050,B03,,2025-08-01,5,1,taste,can design,1
R06620,H00079,B12,,2025-08-01,3,1,,price,1
R06621,H00636,B11,,2025-08-01,5,1,taste,,0
R06622,H00667,B05,,2025-08-01,2,0,,saltiness,0
R06623,H00873,B14,,2025-08-01,4,1,jar size,,0
R06624,H01061,B13,,2025-08-01,4,1,jar size,,1
R06625,H01582,B13,,2025-08-01,3,1,,price,0
R06626,H01710,B20,,2025-08-01,4,1,energy boost,,1
R06627,H01843,B19,,2025-08-01,3,0,ingredients,,1
R06628,H01997,B04,,2025-08-01,4,1,price,,0
R06629,H02008,B01,,2025-08-01,4,0,refreshing,taste,1
R06630,H02142,B05,,2025-08-01,3,1,saltiness,,1
R06631,H02225,B04,,2025-08-01,3,0,,sweetness,1
R06632,H02491,B10,,2025-08-01,4,1,sweetness,,0
R06633,H02512,B02,P032,2025-08-01,3,1,,fizz,0
R06634,H02530,B03,P032,2025-08-01,4,0,taste,refreshing,1
R06635,H02530,B05,P032,2025-08-01,4,1,crunch,,1
R06636,H02531,B18,P032,2025-08-01,3,0,price,,0
R06637,H02532,B03,P032,2025-08-01,3,1,,refreshing,0
R06638,H02540,B02,P032,2025-08-01,3,0,,sweetness,1
R06639,H02543,B03,P032,2025-08-01,5,1,fizz,can design,1
R06640,H00606,B04,,2025-08-02,5,1,price,,1
R06641,H00667,B11,,2025-08-02,5,1,packaging,sweetness,0
R06642,H01162,B13,,2025-08-02,3,1,flavour depth,,1
R06643,H01736,B10,,2025-08-02,5,1,ingredients,,1
R06644,H01930,B02,,2025-08-02,3,1,,refreshing,0
R06645,H02074,B05,,2025-08-02,4,0,portion size,,1
R06646,H02157,B09,,2025-08-02,5,1,price,,1
R06647,H02189,B04,,2025-08-02,3,0,can design,,1
R06648,H02192,B08,,2025-08-02,4,0,portion size,,1
R06649,H02261,B19,,2025-08-02,5,1,price,energy boost,1
R06650,H02305,B02,,2025-08-02,5,1,fizz,,1
R06651,H02513,B05,P032,2025-08-02,3,1,,crunch,1
R06652,H02513,B04,,2025-08-02,5,1,aftertaste,,1
R06653,H02517,B18,P032,2025-08-02,4,1,ingredients,,0
R06654,H02525,B05,P032,2025-08-02,3,0,saltiness,,0
R06655,H02535,B03,P032,2025-08-02,4,1,refreshing,taste,1
R06656,H02535,B11,P032,2025-08-02,5,1,sweetness,,0
R06657,H02536,B03,P032,2025-08-02,2,0,sweetness,refreshing,0
R06658,H00012,B06,,2025-08-03,5,1,seasoning,,1
R06659,H00392,B12,,2025-08-03,3,0,,price,0
R06660,H00425,B16,,2025-08-03,3,0,flavour depth,,1
R06661,H01617,B07,,2025-08-03,5,1,price,,1
R06662,H01997,B17,,2025-08-03,5,1,energy boost,taste,1
R06663,H02185,B08,,2025-08-03,5,1,seasoning,,1
R06664,H02190,B05,,2025-08-03,2,0,,seasoning,0
R06665,H02523,B12,,2025-08-03,4,1,price,packaging,1
R06666,H00019,B18,,2025-08-04,4,0,price,,0
R06667,H00339,B11,,2025-08-04,4,0,taste,,0
R06668,H00434,B16,,2025-08-04,3,1,,versatility,1
R06669,H00523,B05,,2025-08-04,5,1,price,,1
R06670,H00868,B05,,2025-08-04,4,1,seasoning,saltiness,1
R06671,H00914,B09,,2025-08-04,4,1,price,,1
R06672,H01127,B19,,2025-08-04,5,1,price,,1
R06673,H01341,B17,,2025-08-04,4,0,texture,,1
R06674,H01415,B11,,2025-08-04,5,1,texture,,0
R06675,H01568,B08,,2025-08-04,4,1,crunch,,1
R06676,H01593,B08,,2025-08-04,5,1,seasoning,,1
R06677,H01612,B03,,2025-08-04,5,1,price,,1
R06678,H01866,B16,,2025-08-04,5,1,jar size,,1
R06679,H01925,B16,,2025-08-04,5,1,texture,,0
R06680,H01932,B17,,2025-08-04,3,1,,taste,0
R06681,H01949,B03,,2025-08-04,3,0,fizz,,1
R06682,H01979,B04,,2025-08-04,4,0,fizz,,1
R06683,H02091,B04,,2025-08-04,3,0,price,,0
R06684,H02203,B12,,2025-08-04,5,1,price,,0
R06685,H02512,B11,,2025-08-04,5,1,ingredients,,1
R06686,H00242,B07,,2025-08-05,5,1,crunch,,1
R06687,H00366,B06,,2025-08-05,4,0,crunch,,0
R06688,H00507,B05,,2025-08-05,4,1,packaging,,1
R06689,H00538,B02,,2025-08-05,1,0,,sweetness,0
R06690,H00692,B09,,2025-08-05,4,1,sweetness,,1
R06691,H00736,B16,,2025-08-05,5,1,flavour depth,price,1
R06692,H00812,B03,,2025-08-05,5,0,refreshing,,1
R06693,H01204,B03,,2025-08-05,5,1,sweetness,,1
R06694,H01240,B08,,2025-08-05,4,1,price,saltiness,0
R06695,H01329,B07,,2025-08-05,5,1,price,,1
R06696,H01442,B16,,2025-08-05,4,0,jar size,,0
R06697,H01498,B20,,2025-08-05,3,0,ingredients,,0
R06698,H01699,B07,,2025-08-05,4,1,crunch,,1
R06699,H01878,B18,,2025-08-05,5,1,ingredients,,1
R06700,H02388,B07,,2025-08-05,4,1,price,,1
R06701,H02504,B11,,2025-08-05,4,0,ingredients,,0
R06702,H00229,B03,,2025-08-06,5,1,can design,price,1
R06703,H00316,B16,,2025-08-06,4,0,heat,,1
R06704,H00548,B17,,2025-08-06,2,0,,texture,0
R06705,H01356,B11,,2025-08-06,5,1,texture,ingredients,1
R06706,H01364,B17,,2025-08-06,3,0,ingredients,,1
R06707,H01521,B14,,2025-08-06,4,1,versatility,,1
R06708,H01549,B07,,2025-08-06,4,0,saltiness,,1
R06709,H01569,B13,,2025-08-06,4,1,texture,jar size,1
R06710,H01675,B04,,2025-08-06,5,1,can design,,1
R06711,H01743,B19,,2025-08-06,5,1,texture,,1
R06712,H01893,B01,,2025-08-06,5,1,sweetness,refreshing,1
R06713,H02212,B08,,2025-08-06,4,1,price,,1
R06714,H02327,B04,,2025-08-06,4,0,price,,1
R06715,H02535,B15,,2025-08-06,3,0,heat,,0
R06716,H00371,B08,,2025-08-07,3,1,seasoning,,0
R06717,H00477,B18,,2025-08-07,5,1,price,,1
R06718,H00594,B12,,2025-08-07,4,0,texture,,1
R06719,H00735,B17,,2025-08-07,5,1,texture,,1
R06720,H01049,B20,,2025-08-07,3,0,texture,,0
R06721,H01454,B07,,2025-08-07,4,1,crunch,price,1
R06722,H01872,B02,,2025-08-07,5,1,can design,,1
R06723,H02290,B17,,2025-08-07,5,1,energy boost,,1
R06724,H00079,B17,,2025-08-08,2,0,,texture,0
R06725,H00394,B02,,2025-08-08,2,0,,refreshing,0
R06726,H00640,B06,,2025-08-08,5,1,crunch,seasoning,1
R06727,H00668,B07,,2025-08-08,5,1,seasoning,,1
R06728,H00703,B04,,2025-08-08,5,1,fizz,,1
R06729,H00885,B17,,2025-08-08,3,0,,ingredients,1
R06730,H00906,B09,,2025-08-08,4,1,packaging,,1
R06731,H01068,B13,,2025-08-08,4,1,price,,1
R06732,H01112,B07,,2025-08-08,4,1,seasoning,,1
R06733,H01322,B04,,2025-08-08,4,1,fizz,,1
R06734,H01485,B06,,2025-08-08,5,1,price,packaging,1
R06735,H01676,B03,,2025-08-08,4,1,sweetness,,1
R06736,H01719,B15,,2025-08-08,4,0,heat,,1
R06737,H01784,B17,,2025-08-08,5,1,energy boost,,1
R06738,H01786,B15,,2025-08-08,2,1,,jar size,0
R06739,H02079,B14,,2025-08-08,3,1,,texture,0
R06740,H02427,B11,,2025-08-08,3,1,texture,,0
R06741,H01050,B13,,2025-08-09,3,0,,versatility,1
R06742,H01120,B06,,2025-08-09,5,1,seasoning,,1
R06743,H01440,B14,,2025-08-09,3,0,heat,,0
R06744,H01592,B15,,2025-08-09,4,1,versatility,,0
R06745,H01615,B02,,2025-08-09,4,1,refreshing,,0
R06746,H01648,B15,,2025-08-09,1,0,,texture,0
R06747,H01668,B09,,2025-08-09,4,1,sweetness,,0
R06748,H02064,B14,,2025-08-09,2,0,,flavour depth,0
R06749,H02256,B05,,2025-08-09,5,1,saltiness,,1
R06750,H02494,B02,,2025-08-09,5,1,refreshing,,1
R06751,H02522,B20,,2025-08-09,4,0,energy boost,price,0
R06752,H02528,B20,,2025-08-09,5,1,taste,,1
R06753,H00313,B18,,2025-08-10,3,0,,portability,0
R06754,H00328,B17,,2025-08-10,4,1,taste,,1
R06755,H00445,B19,,2025-08-10,3,1,,texture,0
R06756,H00930,B02,,2025-08-10,5,1,price,,1
R06757,H01246,B02,,2025-08-10,5,1,price,,0
R06758,H01619,B10,,2025-08-10,5,1,ingredients,,1
R06759,H01635,B13,,2025-08-10,3,0,,texture,1
R06760,H01742,B10,,2025-08-10,3,1,packaging,,0
R06761,H01827,B18,,2025-08-10,3,1,texture,,0
R06762,H01993,B11,,2025-08-10,4,1,sweetness,,1
R06763,H02019,B09,,2025-08-10,3,0,,texture,0
R06764,H02306,B04,,2025-08-10,5,1,can design,,1
R06765,H02388,B18,,2025-08-10,5,1,ingredients,,0
R06766,H00047,B02,,2025-08-11,5,1,price,,1
R06767,H00061,B05,,2025-08-11,4,0,seasoning,,1
R06768,H00309,B13,,2025-08-11,5,1,price,,1
R06769,H00725,B04,,2025-08-11,5,1,taste,,1
R06770,H00738,B12,,2025-08-11,3,0,,sweetness,0
R06771,H01150,B03,,2025-08-11,3,0,,can design,0
R06772,H01212,B10,,2025-08-11,2,0,,price,0
R06773,H01370,B07,,2025-08-11,4,1,crunch,,0
R06774,H01449,B13,,2025-08-11,5,1,jar size,price,1
R06775,H01560,B05,,2025-08-11,2,1,saltiness,price,0
R06776,H01873,B13,,2025-08-11,3,0,,heat,0
R06777,H02329,B18,,2025-08-11,5,1,texture,,1
R06778,H02365,B11,,2025-08-11,3,0,,texture,0
R06779,H02568,B04,,2025-08-11,5,1,fizz,,1
R06780,H00181,B19,,2025-08-12,4,1,ingredients,,0
R06781,H00233,B17,,2025-08-12,4,1,ingredients,,1
R06782,H00473,B09,,2025-08-12,4,1,sweetness,,1
R06783,H00513,B09,,2025-08-12,4,1,texture,,0
R06784,H00609,B15,,2025-08-12,2,0,price,versatility,1
R06785,H00812,B19,,2025-08-12,5,1,ingredients,,1
R06786,H00862,B20,,2025-08-12,4,0,energy boost,,1
R06787,H01006,B08,,2025-08-12,5,1,seasoning,,1
R06788,H01039,B02,,2025-08-12,5,1,price,,1
R06789,H01040,B19,,2025-08-12,5,1,energy boost,,1
R06790,H01191,B06,,2025-08-12,5,1,crunch,,1
R06791,H01225,B04,,2025-08-12,4,1,refreshing,,0
R06792,H01323,B08,,2025-08-12,4,1,price,,0
R06793,H01325,B02,,2025-08-12,4,0,refreshing,,0
R06794,H01352,B07,,2025-08-12,3,0,,price,0
R06795,H01547,B02,,2025-08-12,5,1,price,aftertaste,1
R06796,H01576,B12,,2025-08-12,3,0,,packaging,0
R06797,H01718,B01,,2025-08-12,4,1,sweetness,,1
R06798,H01780,B18,,2025-08-12,4,1,price,texture,1
R06799,H02036,B18,,2025-08-12,3,1,,ingredients,1
R06800,H02302,B09,,2025-08-12,3,1,taste,,1
R06801,H02348,B07,,2025-08-12,4,1,portion size,crunch,1
R06802,H02366,B14,,2025-08-12,2,0,,texture,0
R06803,H02446,B04,,2025-08-12,1,0,,taste,0
R06804,H02472,B16,,2025-08-12,5,1,price,,1
R06805,H02571,B09,,2025-08-12,3,0,taste,,0
R06806,H00093,B12,,2025-08-13,5,1,packaging,,0
R06807,H00127,B07,,2025-08-13,3,0,,crunch,0
R06808,H00169,B15,,2025-08-13,2,0,,versatility,0
R06809,H00328,B03,,2025-08-13,4,1,price,aftertaste,1
R06810,H00463,B17,,2025-08-13,2,0,,taste,1
R06811,H00540,B13,,2025-08-13,5,1,texture,,1
R06812,H00787,B04,,2025-08-13,2,0,,price,0
R06813,H01098,B17,,2025-08-13,4,1,ingredients,,1
R06814,H01279,B11,,2025-08-13,5,1,price,,1
R06815,H01492,B05,,2025-08-13,4,1,portion size,,1
R06816,H01654,B18,,2025-08-13,4,1,portability,,1
R06817,H01847,B10,,2025-08-13,5,1,texture,,1
R06818,H01889,B02,,2025-08-13,5,1,sweetness,refreshing,0
R06819,H01894,B18,,2025-08-13,3,0,,portability,1
R06820,H02075,B19,,2025-08-13,3,1,,texture,0
R06821,H02141,B08,,2025-08-13,4,1,crunch,,1
R06822,H02212,B11,,2025-08-13,5,1,packaging,texture,1
R06823,H02357,B05,,2025-08-13,4,0,packaging,,1
R06824,H02418,B15,,2025-08-13,3,0,,price,0
R06825,H02520,B19,,2025-08-13,3,0,portability,,0
R06826,H02523,B02,,2025-08-13,5,0,refreshing,,0
R06827,H02557,B16,,2025-08-13,5,1,price,texture,1
R06828,H00038,B04,,2025-08-14,3,0,,can design,1
R06829,H00980,B06,,2025-08-14,4,0,price,,1
R06830,H01086,B07,,2025-08-14,3,0,packaging,,0
R06831,H01105,B07,,2025-08-14,3,0,portion size,,1
R06832,H01107,B03,,2025-08-14,4,1,sweetness,,1
R06833,H01398,B10,,2025-08-14,5,1,sweetness,,1
R06834,H01421,B18,,2025-08-14,3,0,,ingredients,0
R06835,H01533,B12,,2025-08-14,4,1,taste,sweetness,1
R06836,H01891,B20,,2025-08-14,3,0,,taste,1
R06837,H01948,B12,,2025-08-14,1,0,,packaging,0
R06838,H02072,B03,,2025-08-14,3,0,fizz,,1
R06839,H02116,B03,,2025-08-14,4,1,refreshing,price,1
R06840,H02215,B16,,2025-08-14,4,0,flavour depth,,1
R06841,H02291,B10,,2025-08-14,5,1,texture,ingredients,1
R06842,H02293,B19,,2025-08-14,4,1,ingredients,,1
R06843,H02427,B16,,2025-08-14,3,0,versatility,,0
R06844,H00032,B07,,2025-08-15,5,1,seasoning,,1
R06845,H00208,B12,,2025-08-15,3,0,,taste,0
R06846,H00292,B04,,2025-08-15,3,1,,aftertaste,1
R06847,H00486,B07,,2025-08-15,4,1,price,,1
R06848,H00547,B05,,2025-08-15,3,1,,price,1
R06849,H00610,B16,,2025-08-15,4,1,price,,0
R06850,H00767,B20,,2025-08-15,3,0,portability,,0
R06851,H00924,B09,,2025-08-15,4,1,sweetness,,1
R06852,H01137,B11,,2025-08-15,4,1,packaging,taste,0
R06853,H01179,B20,,2025-08-15,5,1,energy boost,,1
R06854,H01584,B16,,2025-08-15,4,0,price,,1
R06855,H01606,B20,,2025-08-15,3,0,ingredients,,0
R06856,H02018,B18,,2025-08-15,5,1,energy boost,,1
R06857,H02519,B19,,2025-08-15,4,0,portability,,1
R06858,H00010,B16,,2025-08-16,4,0,heat,,1
R06859,H00068,B16,,2025-08-16,5,1,jar size,,1
R06860,H00104,B18,,2025-08-16,5,1,energy boost,,1
R06861,H00349,B07,,2025-08-16,5,0,saltiness,,0
R06862,H00425,B07,,2025-08-16,4,1,price,seasoning,0
R06863,H00461,B16,,2025-08-16,3,0,texture,,0
R06864,H00642,B05,,2025-08-16,4,1,portion size,price,1
R06865,H00649,B16,,2025-08-16,5,1,jar size,,1
R06866,H00717,B02,,2025-08-16,3,1,taste,,0
R06867,H00854,B05,,2025-08-16,1,0,,portion size,0
R06868,H00880,B20,,2025-08-16,5,1,taste,,1
R06869,H00911,B02,,2025-08-16,5,1,fizz,,1
R06870,H01109,B05,,2025-08-16,4,1,saltiness,,1
R06871,H02047,B02,,2025-08-16,5,1,aftertaste,,1
R06872,H02268,B10,,2025-08-16,3,0,,price,0
R06873,H02313,B10,,2025-08-16,4,0,ingredients,,0
R06874,H02435,B08,,2025-08-16,4,0,seasoning,,1
R06875,H02458,B02,,2025-08-16,5,1,sweetness,price,0
R06876,H02532,B09,,2025-08-16,5,1,texture,,0
R06877,H02570,B01,,2025-08-16,3,1,,taste,1
R06878,H02570,B17,,2025-08-16,5,1,ingredients,energy boost,1
R06879,H00036,B09,,2025-08-17,4,1,packaging,,1
R06880,H00154,B12,,2025-08-17,1,0,,price,0
R06881,H00324,B05,,2025-08-17,2,0,,seasoning,0
R06882,H00325,B19,,2025-08-17,2,0,texture,ingredients,1
R06883,H00391,B05,,2025-08-17,4,0,crunch,,1
R06884,H00406,B07,,2025-08-17,4,0,saltiness,packaging,1
R06885,H00510,B01,,2025-08-17,3,0,,refreshing,0
R06886,H00683,B15,,2025-08-17,5,1,price,,1
R06887,H01057,B03,,2025-08-17,5,1,aftertaste,,1
R06888,H01264,B19,,2025-08-17,5,1,energy boost,,1
R06889,H01548,B01,,2025-08-17,4,1,refreshing,,1
R06890,H01850,B08,,2025-08-17,3,0,price,,0
R06891,H01934,B05,,2025-08-17,5,1,seasoning,,1
R06892,H02156,B15,,2025-08-17,3,1,versatility,,1
R06893,H02263,B16,,2025-08-17,4,1,price,,1
R06894,H02357,B04,,2025-08-17,3,0,sweetness,,0
R06895,H02470,B06,,2025-08-17,5,1,portion size,,1
R06896,H02537,B08,,2025-08-17,3,1,,price,0
R06897,H00001,B13,,2025-08-18,4,1,jar size,,1
R06898,H00007,B12,,2025-08-18,3,0,texture,,0
R06899,H00100,B12,,2025-08-18,3,0,,sweetness,0
R06900,H00124,B03,,2025-08-18,4,1,can design,,1
R06901,H00262,B18,,2025-08-18,4,1,price,,0
R06902,H00272,B11,,2025-08-18,3,0,sweetness,,1
R06903,H00440,B09,,2025-08-18,4,0,taste,price,1
R06904,H00488,B02,,2025-08-18,2,0,,refreshing,0
R06905,H00499,B16,,2025-08-18,5,1,versatility,,1
R06906,H00636,B05,,2025-08-18,2,0,,packaging,0
R06907,H00690,B14,,2025-08-18,3,1,texture,,1
R06908,H01019,B12,,2025-08-18,3,0,taste,,0
R06909,H01019,B14,,2025-08-18,3,0,texture,,0
R06910,H01165,B15,,2025-08-18,5,1,jar size,,1
R06911,H01294,B07,,2025-08-18,5,1,crunch,,1
R06912,H01870,B20,,2025-08-18,5,1,price,,0
R06913,H01996,B19,,2025-08-18,5,1,price,,1
R06914,H02072,B19,,2025-08-18,3,0,taste,,0
R06915,H02378,B15,,2025-08-18,3,0,,flavour depth,1
R06916,H00014,B07,,2025-08-19,5,1,packaging,,1
R06917,H00077,B03,,2025-08-19,4,1,taste,,1
R06918,H00498,B11,,2025-08-19,4,1,sweetness,,1
R06919,H00601,B11,,2025-08-19,3,0,sweetness,,0
R06920,H00766,B18,,2025-08-19,4,1,taste,,0
R06921,H01139,B08,,2025-08-19,4,1,packaging,seasoning,1
R06922,H01237,B20,,2025-08-19,5,1,ingredients,,1
R06923,H01452,B19,,2025-08-19,4,0,price,,1
R06924,H01509,B20,,2025-08-19,2,0,,price,0
R06925,H01671,B03,,2025-08-19,3,0,,aftertaste,0
R06926,H01676,B09,,2025-08-19,2,0,,sweetness,0
R06927,H01713,B14,,2025-08-19,2,0,,heat,0
R06928,H01735,B15,,2025-08-19,4,1,price,,1
R06929,H01833,B19,,2025-08-19,5,1,texture,,0
R06930,H02281,B20,,2025-08-19,5,1,ingredients,,0
R06931,H02591,B17,,2025-08-19,4,1,ingredients,,1
R06932,H00014,B09,,2025-08-20,4,1,taste,,1
R06933,H00174,B06,,2025-08-20,2,0,,seasoning,0
R06934,H00310,B04,,2025-08-20,5,1,aftertaste,,1
R06935,H00709,B17,,2025-08-20,5,0,energy boost,,1
R06936,H01340,B02,,2025-08-20,3,1,fizz,,0
R06937,H01444,B19,,2025-08-20,4,1,portability,,1
R06938,H01699,B13,,2025-08-20,5,1,price,,1
R06939,H01872,B13,,2025-08-20,3,0,,texture,1
R06940,H01979,B16,,2025-08-20,5,1,flavour depth,,1
R06941,H02009,B17,,2025-08-20,5,1,portability,,1
R06942,H02144,B05,,2025-08-20,4,0,seasoning,,1
R06943,H02259,B18,,2025-08-20,4,1,price,,1
R06944,H02295,B04,,2025-08-20,4,1,taste,,1
R06945,H02381,B03,,2025-08-20,3,0,sweetness,,1
R06946,H02491,B04,,2025-08-20,5,0,sweetness,,1
R06947,H00319,B05,,2025-08-21,4,1,crunch,,1
R06948,H00341,B18,,2025-08-21,5,1,texture,,1
R06949,H00423,B14,,2025-08-21,3,0,texture,,0
R06950,H00575,B09,,2025-08-21,4,0,packaging,,0
R06951,H00792,B03,,2025-08-21,4,1,aftertaste,,1
R06952,H00818,B20,,2025-08-21,3,1,energy boost,,1
R06953,H00935,B20,,2025-08-21,4,1,portability,,1
R06954,H01078,B19,,2025-08-21,3,0,taste,,0
R06955,H01361,B14,,2025-08-21,3,1,,flavour depth,0
R06956,H01750,B02,,2025-08-21,4,1,taste,,0
R06957,H02175,B14,,2025-08-21,5,1,price,,1
R06958,H02462,B16,,2025-08-21,4,1,versatility,,1
R06959,H00151,B01,,2025-08-22,5,1,aftertaste,,1
R06960,H00267,B06,,2025-08-22,4,1,portion size,,0
R06961,H00277,B03,,2025-08-22,4,1,can design,,0
R06962,H00771,B08,,2025-08-22,3,0,portion size,,0
R06963,H00894,B17,,2025-08-22,4,1,taste,ingredients,1
R06964,H01190,B18,,2025-08-22,4,1,taste,portability,1
R06965,H01403,B20,,2025-08-22,4,0,ingredients,,1
R06966,H01442,B15,,2025-08-22,4,0,texture,,1
R06967,H02006,B18,,2025-08-22,3,0,,energy boost,1
R06968,H02074,B15,,2025-08-22,2,0,,texture,0
R06969,H02105,B04,,2025-08-22,4,1,sweetness,,1
R06970,H02296,B08,,2025-08-22,5,1,crunch,,1
R06971,H02502,B02,,2025-08-22,3,0,,price,1
R06972,H02547,B14,,2025-08-22,5,1,jar size,,1
R06973,H02572,B13,,2025-08-22,4,1,heat,price,1
R06974,H02574,B08,,2025-08-22,4,1,saltiness,,0
R06975,H00078,B20,,2025-08-23,2,0,,taste,0
R06976,H00251,B02,,2025-08-23,4,1,taste,fizz,0
R06977,H00469,B18,,2025-08-23,5,1,energy boost,,1
R06978,H00558,B16,,2025-08-23,4,1,texture,,1
R06979,H00870,B17,,2025-08-23,4,0,portability,,1
R06980,H00896,B08,,2025-08-23,4,1,saltiness,,0
R06981,H00994,B05,,2025-08-23,3,0,portion size,,1
R06982,H01043,B10,,2025-08-23,4,1,taste,,1
R06983,H01281,B17,,2025-08-23,4,0,portability,,0
R06984,H01787,B02,,2025-08-23,4,1,can design,,0
R06985,H01885,B18,,2025-08-23,4,1,energy boost,,1
R06986,H01941,B08,,2025-08-23,4,0,portion size,,1
R06987,H02314,B20,,2025-08-23,4,1,energy boost,ingredients,1
R06988,H02613,B04,P033,2025-08-23,3,1,taste,,0
R06989,H02617,B02,P033,2025-08-23,5,1,price,,1
R06990,H02617,B06,P033,2025-08-23,5,1,crunch,,0
R06991,H02626,B06,P033,2025-08-23,5,1,seasoning,,1
R06992,H02628,B15,P033,2025-08-23,4,1,price,,0
R06993,H02647,B11,P033,2025-08-23,4,1,ingredients,,0
R06994,H00517,B15,,2025-08-24,1,0,,jar size,0
R06995,H00726,B10,,2025-08-24,5,1,ingredients,,1
R06996,H00808,B08,,2025-08-24,4,1,portion size,seasoning,1
R06997,H00820,B14,,2025-08-24,3,1,price,,0
R06998,H00956,B08,,2025-08-24,3,0,crunch,,1
R06999,H01130,B14,,2025-08-24,3,0,,flavour depth,1
R07000,H01212,B09,,2025-08-24,4,1,packaging,,1
R07001,H01249,B06,,2025-08-24,5,1,crunch,seasoning,1
R07002,H01275,B08,,2025-08-24,4,1,crunch,,0
R07003,H01496,B11,,2025-08-24,5,1,texture,,1
R07004,H01884,B02,,2025-08-24,5,1,sweetness,can design,1
R07005,H01917,B08,,2025-08-24,3,1,,price,0
R07006,H02230,B20,,2025-08-24,4,1,price,,1
R07007,H02489,B10,,2025-08-24,4,1,taste,,0
R07008,H02612,B04,P033,2025-08-24,4,1,fizz,,0
R07009,H02626,B04,P033,2025-08-24,5,1,taste,fizz,1
R07010,H02628,B06,P033,2025-08-24,5,0,portion size,,1
R07011,H02629,B04,P033,2025-08-24,3,0,,taste,0
R07012,H02630,B02,P033,2025-08-24,4,0,sweetness,taste,0
R07013,H02646,B04,P033,2025-08-24,5,1,fizz,,1
R07014,H00759,B19,,2025-08-25,2,1,,energy boost,0
R07015,H01345,B16,,2025-08-25,4,1,price,,1
R07016,H01598,B20,,2025-08-25,4,1,ingredients,,1
R07017,H01791,B04,,2025-08-25,3,1,,price,1
R07018,H01842,B12,,2025-08-25,3,0,packaging,,0
R07019,H02044,B09,,2025-08-25,3,0,,ingredients,0
R07020,H02281,B02,,2025-08-25,4,1,aftertaste,price,1
R07021,H02368,B20,,2025-08-25,5,1,energy boost,price,1
R07022,H02609,B06,P033,2025-08-25,4,1,price,,1
R07023,H02614,B11,P033,2025-08-25,4,1,taste,,0
R07024,H02616,B15,P033,2025-08-25,5,1,heat,,1
R07025,H02619,B04,P033,2025-08-25,4,0,fizz,aftertaste,1
R07026,H02620,B06,P033,2025-08-25,5,1,saltiness,,1
R07027,H02624,B04,P033,2025-08-25,5,1,price,can design,1
R07028,H02625,B02,P033,2025-08-25,5,1,refreshing,,1
R07029,H02627,B06,P033,2025-08-25,5,1,seasoning,price,1
R07030,H02629,B06,P033,2025-08-25,4,1,price,,1
R07031,H02641,B15,P033,2025-08-25,3,0,,versatility,0
R07032,H02645,B02,P033,2025-08-25,4,1,sweetness,refreshing,0
R07033,H02645,B04,P033,2025-08-25,4,1,price,,1
R07034,H02645,B06,P033,2025-08-25,5,1,packaging,,0
R07035,H02647,B06,P033,2025-08-25,4,1,seasoning,,0
R07036,H00007,B18,,2025-08-26,4,1,price,,0
R07037,H00253,B14,,2025-08-26,5,1,texture,versatility,1
R07038,H00282,B12,,2025-08-26,3,1,taste,,1
R07039,H00480,B11,,2025-08-26,5,1,texture,,1
R07040,H00493,B11,,2025-08-26,5,1,texture,,1
R07041,H00808,B14,,2025-08-26,3,0,,price,1
R07042,H01112,B02,,2025-08-26,5,1,sweetness,,1
R07043,H01177,B20,,2025-08-26,4,1,texture,ingredients,0
R07044,H01337,B15,,2025-08-26,3,0,jar size,,0
R07045,H01664,B11,,2025-08-26,4,1,ingredients,,1
R07046,H01713,B20,,2025-08-26,5,1,energy boost,,1
R07047,H01761,B09,,2025-08-26,3,0,,sweetness,1
R07048,H01881,B13,,2025-08-26,4,1,jar size,,0
R07049,H01994,B14,,2025-08-26,4,1,texture,flavour depth,0
R07050,H02038,B06,,2025-08-26,5,1,seasoning,,1
R07051,H02222,B04,,2025-08-26,5,1,fizz,,1
R07052,H02364,B19,,2025-08-26,3,1,energy boost,,1
R07053,H02582,B14,,2025-08-26,5,1,texture,,1
R07054,H02610,B11,P033,2025-08-26,3,0,,taste,0
R07055,H02615,B06,P033,2025-08-26,4,1,saltiness,,1
R07056,H02616,B11,P033,2025-08-26,5,1,price,ingredients,0
R07057,H02623,B06,P033,2025-08-26,5,1,seasoning,,1
R07058,H02627,B02,P033,2025-08-26,4,1,fizz,,1
R07059,H02634,B04,P033,2025-08-26,3,0,,price,1
R07060,H02637,B15,P033,2025-08-26,5,1,versatility,,0
R07061,H02641,B02,P033,2025-08-26,5,1,aftertaste,,1
R07062,H00145,B14,,2025-08-27,5,1,jar size,texture,1
R07063,H00358,B20,,2025-08-27,5,1,texture,,1
R07064,H00711,B12,,2025-08-27,4,0,ingredients,,0
R07065,H01038,B11,,2025-08-27,5,1,price,,1
R07066,H01101,B03,,2025-08-27,2,0,,can design,0
R07067,H01177,B11,,2025-08-27,3,0,,price,0
R07068,H01189,B05,,2025-08-27,4,1,portion size,,1
R07069,H01252,B04,,2025-08-27,4,1,aftertaste,,0
R07070,H01446,B15,,2025-08-27,2,0,,flavour depth,0
R07071,H01485,B12,,2025-08-27,3,1,,price,0
R07072,H01517,B14,,2025-08-27,4,1,heat,,1
R07073,H01527,B19,,2025-08-27,5,1,ingredients,,1
R07074,H01742,B15,,2025-08-27,3,1,versatility,,0
R07075,H01824,B16,,2025-08-27,4,0,heat,,1
R07076,H02024,B09,,2025-08-27,4,1,taste,,1
R07077,H02054,B10,,2025-08-27,4,0,price,taste,1
R07078,H02331,B19,,2025-08-27,4,1,price,portability,1
R07079,H02380,B08,,2025-08-27,4,1,price,,1
R07080,H02470,B08,,2025-08-27,5,1,portion size,,1
R07081,H02484,B03,,2025-08-27,4,1,aftertaste,,1
R07082,H02609,B02,P033,2025-08-27,3,1,,can design,0
R07083,H02610,B02,P033,2025-08-27,4,0,refreshing,,0
R07084,H02610,B06,P033,2025-08-27,5,1,price,,0
R07085,H02614,B02,P033,2025-08-27,4,0,taste,,0
R07086,H02617,B01,,2025-08-27,4,1,fizz,,0
R07087,H02624,B15,P033,2025-08-27,4,1,versatility,jar size,0
R07088,H02635,B02,P033,2025-08-27,3,0,,can design,0
R07089,H02636,B11,P033,2025-08-27,5,1,taste,,1
R07090,H02638,B04,P033,2025-08-27,4,0,sweetness,,0
R07091,H02638,B15,,2025-08-27,2,0,,heat,0
R07092,H02639,B06,P033,2025-08-27,3,0,portion size,,1
R07093,H02641,B04,P033,2025-08-27,3,0,fizz,,1
R07094,H00145,B04,,2025-08-28,5,1,taste,,1
R07095,H00343,B14,,2025-08-28,4,1,jar size,,0
R07096,H00420,B16,,2025-08-28,4,1,flavour depth,,1
R07097,H01367,B10,,2025-08-28,4,1,sweetness,,0
R07098,H01600,B01,,2025-08-28,4,1,aftertaste,,1
R07099,H01608,B05,,2025-08-28,4,1,portion size,,0
R07100,H01751,B20,,2025-08-28,4,0,texture,energy boost,1
R07101,H01888,B04,,2025-08-28,3,1,refreshing,,0
R07102,H02044,B10,,2025-08-28,5,1,packaging,,1
R07103,H02147,B11,,2025-08-28,4,1,sweetness,,0
R07104,H02309,B10,,2025-08-28,4,1,taste,,0
R07105,H02371,B10,,2025-08-28,5,1,sweetness,,1
R07106,H02401,B13,,2025-08-28,5,1,price,versatility,1
R07107,H02589,B02,,2025-08-28,4,0,can design,,1
R07108,H02612,B11,P033,2025-08-28,5,1,taste,,1
R07109,H02617,B11,P033,2025-08-28,3,1,,taste,0
R07110,H02622,B04,P033,2025-08-28,4,1,taste,fizz,0
R07111,H02624,B13,,2025-08-28,5,1,jar size,,1
R07112,H02625,B15,P033,2025-08-28,4,0,texture,,0
R07113,H02626,B11,P033,2025-08-28,5,1,ingredients,,0
R07114,H02629,B15,P033,2025-08-28,1,0,,jar size,0
R07115,H02630,B04,P033,2025-08-28,4,1,aftertaste,,0
R07116,H02635,B04,P033,2025-08-28,4,0,taste,,0
R07117,H02643,B15,P033,2025-08-28,4,0,flavour depth,,0
R07118,H02644,B02,P033,2025-08-28,5,1,aftertaste,,1
R07119,H02644,B04,P033,2025-08-28,5,1,sweetness,,0
R07120,H00132,B02,,2025-08-29,3,0,taste,,0
R07121,H00225,B03,,2025-08-29,5,1,fizz,,1
R07122,H00712,B03,,2025-08-29,4,1,sweetness,,1
R07123,H00822,B20,,2025-08-29,4,1,texture,,1
R07124,H00828,B12,,2025-08-29,3,0,texture,,0
R07125,H00882,B07,,2025-08-29,4,1,saltiness,,0
R07126,H00972,B01,,2025-08-29,4,1,can design,,1
R07127,H01176,B20,,2025-08-29,3,1,texture,,0
R07128,H01344,B07,,2025-08-29,4,1,portion size,,1
R07129,H01483,B05,,2025-08-29,4,1,portion size,,1
R07130,H01619,B18,,2025-08-29,3,0,,ingredients,0
R07131,H01817,B07,,2025-08-29,4,0,portion size,,0
R07132,H01896,B01,,2025-08-29,3,0,,fizz,1
R07133,H01898,B16,,2025-08-29,3,0,,heat,1
R07134,H01963,B04,,2025-08-29,4,0,price,taste,0
R07135,H01979,B02,,2025-08-29,5,1,price,,1
R07136,H02128,B19,,2025-08-29,4,1,price,taste,1
R07137,H02509,B18,,2025-08-29,5,1,portability,,1
R07138,H02563,B03,,2025-08-29,5,1,refreshing,,1
R07139,H02614,B04,P033,2025-08-29,5,1,can design,aftertaste,1
R07140,H02614,B15,P033,2025-08-29,4,1,heat,,1
R07141,H02615,B02,P033,2025-08-29,4,1,refreshing,,1
R07142,H02622,B02,P033,2025-08-29,4,1,can design,,1
R07143,H02622,B11,P033,2025-08-29,4,1,price,ingredients,0
R07144,H02624,B06,P033,2025-08-29,3,1,,portion size,1
R07145,H02631,B02,P033,2025-08-29,4,1,price,,1
R07146,H02631,B04,P033,2025-08-29,5,1,aftertaste,,1
R07147,H02633,B11,P033,2025-08-29,2,1,,taste,0
R07148,H02643,B04,P033,2025-08-29,4,1,can design,,0
R07149,H02643,B06,P033,2025-08-29,5,0,seasoning,portion size,1
R07150,H02645,B11,P033,2025-08-29,4,1,texture,,0
R07151,H00139,B09,,2025-08-30,5,1,taste,,1
R07152,H00371,B20,,2025-08-30,4,1,ingredients,,1
R07153,H00391,B11,,2025-08-30,5,1,ingredients,sweetness,1
R07154,H00454,B10,,2025-08-30,4,1,sweetness,,1
R07155,H00873,B20,,2025-08-30,3,0,,taste,1
R07156,H00919,B01,,2025-08-30,3,1,,aftertaste,0
R07157,H01191,B08,,2025-08-30,3,1,,portion size,0
R07158,H01295,B06,,2025-08-30,5,1,seasoning,,1
R07159,H01380,B06,,2025-08-30,3,0,,packaging,0
R07160,H01392,B02,,2025-08-30,4,1,refreshing,,1
R07161,H01720,B06,,2025-08-30,5,1,saltiness,,1
R07162,H01758,B16,,2025-08-30,4,1,price,texture,1
R07163,H01801,B20,,2025-08-30,4,1,taste,,1
R07164,H01840,B10,,2025-08-30,5,1,ingredients,,1
R07165,H02012,B06,,2025-08-30,5,1,price,,1
R07166,H02155,B12,,2025-08-30,4,1,texture,,0
R07167,H02234,B13,,2025-08-30,5,1,jar size,,1
R07168,H02300,B10,,2025-08-30,5,1,texture,,1
R07169,H02402,B08,,2025-08-30,4,1,seasoning,,0
R07170,H02621,B02,P033,2025-08-30,5,1,can design,,1
R07171,H02624,B02,P033,2025-08-30,4,0,sweetness,,1
R07172,H02632,B15,P033,2025-08-30,4,1,price,,0
R07173,H02633,B04,P033,2025-08-30,4,1,fizz,,1
R07174,H02640,B04,P033,2025-08-30,3,1,,taste,0
R07175,H02642,B11,P033,2025-08-30,3,0,,taste,1
R07176,H02648,B14,,2025-08-30,5,1,price,,1
R07177,H02668,B03,P034,2025-08-30,2,1,,sweetness,0
R07178,H02668,B13,P034,2025-08-30,5,1,flavour depth,,1
R07179,H02673,B13,P034,2025-08-30,5,1,texture,,1
R07180,H02676,B02,P034,2025-08-30,4,1,can design,,0
R07181,H02680,B03,P034,2025-08-30,3,0,,can design,0
R07182,H02682,B13,P034,2025-08-30,3,1,,versatility,1
R07183,H02688,B02,P034,2025-08-30,3,1,,taste,0
R07184,H02706,B06,,2025-08-30,5,1,saltiness,crunch,1
R07185,H02709,B13,P034,2025-08-30,5,1,texture,,1
R07186,H02714,B02,P034,2025-08-30,3,0,can design,,0
R07187,H00027,B06,,2025-08-31,5,1,saltiness,,1
R07188,H00181,B13,,2025-08-31,3,1,versatility,,0
R07189,H00411,B05,,2025-08-31,5,1,portion size,,1
R07190,H00562,B09,,2025-08-31,4,1,ingredients,,1
R07191,H00800,B04,,2025-08-31,5,1,price,,1
R07192,H01075,B13,,2025-08-31,4,1,price,,1
R07193,H01240,B20,,2025-08-31,5,1,taste,portability,1
R07194,H01269,B09,,2025-08-31,4,1,price,,1
R07195,H01289,B02,,2025-08-31,4,1,refreshing,,1
R07196,H01666,B11,,2025-08-31,3,1,price,,0
R07197,H01686,B07,,2025-08-31,5,1,crunch,,1
R07198,H01786,B02,,2025-08-31,5,1,taste,,1
R07199,H01806,B04,,2025-08-31,4,1,price,,1
R07200,H01807,B19,,2025-08-31,4,1,ingredients,,1
R07201,H01826,B14,,2025-08-31,3,1,jar size,,0
R07202,H01912,B01,,2025-08-31,3,1,,can design,0
R07203,H01945,B01,,2025-08-31,4,1,taste,,1
R07204,H02449,B19,,2025-08-31,5,1,taste,,1
R07205,H02462,B12,,2025-08-31,4,1,sweetness,,0
R07206,H02665,B19,P034,2025-08-31,4,1,portability,,0
R07207,H02669,B02,P034,2025-08-31,4,1,fizz,,1
R07208,H02674,B13,P034,2025-08-31,4,1,texture,,1
R07209,H02675,B19,P034,2025-08-31,4,1,energy boost,portability,1
R07210,H02676,B13,P034,2025-08-31,5,1,heat,versatility,1
R07211,H02677,B20,P034,2025-08-31,3,1,ingredients,,0
R07212,H02687,B13,P034,2025-08-31,4,0,jar size,texture,0
R07213,H02689,B03,P034,2025-08-31,1,0,,aftertaste,0
R07214,H02697,B03,P034,2025-08-31,4,0,refreshing,,0
R07215,H02700,B19,P034,2025-08-31,4,1,ingredients,,1
R07216,H02712,B02,P034,2025-08-31,3,1,,refreshing,0
R07217,H02714,B20,P034,2025-08-31,3,1,energy boost,,0
R07218,H02721,B20,,2025-08-31,4,1,texture,,1
R07219,H00295,B12,,2025-09-01,4,1,taste,,1
R07220,H00357,B12,,2025-09-01,5,1,sweetness,,1
R07221,H01182,B08,,2025-09-01,5,1,saltiness,,1
R07222,H01272,B15,,2025-09-01,4,0,heat,,1
R07223,H01327,B20,,2025-09-01,5,1,portability,,1
R07224,H01383,B06,,2025-09-01,5,1,price,,1
R07225,H01496,B03,,2025-09-01,4,1,price,,1
R07226,H01693,B01,,2025-09-01,4,1,sweetness,,1
R07227,H02032,B16,,2025-09-01,5,1,jar size,texture,0
R07228,H02063,B09,,2025-09-01,5,1,taste,,1
R07229,H02138,B15,,2025-09-01,3,0,,price,0
R07230,H02394,B17,,2025-09-01,5,1,price,,1
R07231,H02436,B01,,2025-09-01,5,1,sweetness,,1
R07232,H02576,B08,,2025-09-01,4,1,crunch,,0
R07233,H02666,B13,P034,2025-09-01,4,1,versatility,,1
R07234,H02673,B20,P034,2025-09-01,3,0,,taste,1
R07235,H02691,B02,P034,2025-09-01,3,0,taste,,1
R07236,H02692,B03,P034,2025-09-01,3,0,price,,1
R07237,H02692,B13,P034,2025-09-01,3,0,flavour depth,,1
R07238,H02694,B13,P034,2025-09-01,5,1,price,,0
R07239,H02704,B20,P034,2025-09-01,4,1,price,,0
R07240,H02705,B03,P034,2025-09-01,4,1,fizz,,1
R07241,H02705,B20,P034,2025-09-01,5,1,texture,energy boost,1
R07242,H02711,B13,P034,2025-09-01,4,1,texture,,0
R07243,H02711,B19,P034,2025-09-01,2,0,,energy boost,0
R07244,H02713,B19,P034,2025-09-01,3,0,,texture,0
R07245,H00177,B11,,2025-09-02,4,0,taste,,0
R07246,H00314,B12,,2025-09-02,4,1,packaging,,0
R07247,H00349,B05,,2025-09-02,3,1,saltiness,,1
R07248,H00354,B09,,2025-09-02,3,0,,packaging,0
R07249,H00387,B12,,2025-09-02,3,1,,ingredients,0
R07250,H00515,B20,,2025-09-02,3,1,,taste,0
R07251,H00816,B20,,2025-09-02,5,1,price,energy boost,1
R07252,H00999,B02,,2025-09-02,5,1,aftertaste,,1
R07253,H01082,B07,,2025-09-02,4,0,saltiness,,1
R07254,H01107,B10,,2025-09-02,3,1,,taste,0
R07255,H01329,B08,,2025-09-02,4,0,price,,1
R07256,H01478,B03,,2025-09-02,2,1,,fizz,0
R07257,H01641,B10,,2025-09-02,4,1,sweetness,,1
R07258,H02031,B19,,2025-09-02,3,0,,energy boost,0
R07259,H02416,B05,,2025-09-02,4,1,saltiness,,1
R07260,H02459,B18,,2025-09-02,2,0,,price,0
R07261,H02494,B07,,2025-09-02,5,1,packaging,,1
R07262,H02600,B17,,2025-09-02,5,1,ingredients,,1
R07263,H02665,B03,P034,2025-09-02,4,1,can design,,0
R07264,H02672,B13,P034,2025-09-02,4,1,texture,,1
R07265,H02677,B03,P034,2025-09-02,1,0,,price,0
R07266,H02677,B13,P034,2025-09-02,2,0,,versatility,1
R07267,H02686,B02,P034,2025-09-02,4,1,aftertaste,,1
R07268,H02689,B02,P034,2025-09-02,4,1,fizz,,0
R07269,H02693,B13,P034,2025-09-02,4,1,heat,,0
R07270,H02693,B20,P034,2025-09-02,5,1,energy boost,,1
R07271,H02694,B19,P034,2025-09-02,4,0,taste,,0
R07272,H02712,B13,P034,2025-09-02,5,1,flavour depth,,1
R07273,H02712,B20,P034,2025-09-02,5,1,portability,,0
R07274,H00247,B06,,2025-09-03,3,1,portion size,,0
R07275,H00338,B01,,2025-09-03,4,1,taste,,1
R07276,H00540,B17,,2025-09-03,4,1,ingredients,,0
R07277,H00542,B20,,2025-09-03,5,1,taste,,0
R07278,H00643,B11,,2025-09-03,5,1,packaging,,1
R07279,H00911,B16,,2025-09-03,3,0,,price,0
R07280,H01270,B18,,2025-09-03,5,1,price,ingredients,1
R07281,H01825,B12,,2025-09-03,3,1,packaging,,0
R07282,H01850,B16,,2025-09-03,5,1,versatility,,1
R07283,H02235,B18,,2025-09-03,4,1,energy boost,,1
R07284,H02404,B12,,2025-09-03,5,1,packaging,,1
R07285,H02453,B08,,2025-09-03,3,1,,portion size,0
R07286,H02555,B19,,2025-09-03,4,1,ingredients,,1
R07287,H02664,B19,P034,2025-09-03,3,0,,taste,0
R07288,H02671,B13,P034,2025-09-03,4,1,texture,versatility,1
R07289,H02672,B19,P034,2025-09-03,5,1,texture,portability,0
R07290,H02678,B03,P034,2025-09-03,4,0,can design,,1
R07291,H02683,B20,P034,2025-09-03,4,1,texture,,0
R07292,H02695,B20,P034,2025-09-03,5,1,portability,texture,1
R07293,H02703,B20,P034,2025-09-03,5,1,energy boost,portability,0
R07294,H02725,B14,,2025-09-03,3,0,versatility,,0
R07295,H00253,B07,,2025-09-04,4,1,saltiness,,1
R07296,H00331,B12,,2025-09-04,4,1,ingredients,,1
R07297,H00474,B02,,2025-09-04,4,1,taste,,1
R07298,H00672,B04,,2025-09-04,3,1,fizz,,1
R07299,H00752,B19,,2025-09-04,5,1,portability,,1
R07300,H00772,B20,,2025-09-04,4,1,texture,,0
R07301,H00819,B12,,2025-09-04,2,0,,packaging,0
R07302,H00999,B20,,2025-09-04,3,1,ingredients,,1
R07303,H01149,B05,,2025-09-04,3,0,portion size,,0
R07304,H01269,B19,,2025-09-04,3,0,,energy boost,1
R07305,H01538,B15,,2025-09-04,3,0,,flavour depth,1
R07306,H02079,B07,,2025-09-04,4,0,crunch,,0
R07307,H02124,B14,,2025-09-04,5,1,price,,1
R07308,H02272,B14,,2025-09-04,4,1,price,flavour depth,0
R07309,H02598,B04,,2025-09-04,5,1,taste,,1
R07310,H02629,B11,,2025-09-04,4,1,price,,1
R07311,H02647,B03,,2025-09-04,1,0,can design,aftertaste,0
R07312,H02657,B14,,2025-09-04,5,1,texture,,1
R07313,H02670,B19,P034,2025-09-04,5,1,ingredients,texture,0
R07314,H02695,B03,P034,2025-09-04,4,1,fizz,price,0
R07315,H02696,B20,P034,2025-09-04,5,1,portability,,0
R07316,H02696,B08,,2025-09-04,5,1,portion size,,1
R07317,H02705,B13,P034,2025-09-04,5,1,heat,,1
R07318,H02707,B02,P034,2025-09-04,4,0,refreshing,sweetness,1
R07319,H02710,B02,P034,2025-09-04,4,1,fizz,price,0
R07320,H02713,B03,P034,2025-09-04,5,1,aftertaste,,1
R07321,H00004,B17,,2025-09-05,4,1,ingredients,,1
R07322,H00413,B07,,2025-09-05,5,0,seasoning,saltiness,0
R07323,H00616,B08,,2025-09-05,4,0,packaging,price,0
R07324,H00653,B08,,2025-09-05,4,1,crunch,portion size,1
R07325,H00701,B11,,2025-09-05,5,1,sweetness,,1
R07326,H00816,B01,,2025-09-05,5,1,fizz,,1
R07327,H01178,B20,,2025-09-05,2,1,,portability,0
R07328,H01280,B04,,2025-09-05,3,0,sweetness,,1
R07329,H01328,B17,,2025-09-05,5,1,price,,1
R07330,H01550,B04,,2025-09-05,2,0,,taste,0
R07331,H01573,B10,,2025-09-05,4,1,packaging,,0
R07332,H01741,B13,,2025-09-05,3,0,,texture,0
R07333,H01858,B10,,2025-09-05,3,0,packaging,,0
R07334,H01924,B04,,2025-09-05,3,1,,price,0
R07335,H01931,B13,,2025-09-05,4,1,flavour depth,heat,1
R07336,H02038,B13,,2025-09-05,4,0,jar size,,0
R07337,H02044,B12,,2025-09-05,2,0,,taste,0
R07338,H02079,B10,,2025-09-05,5,1,packaging,,1
R07339,H02113,B15,,2025-09-05,5,1,heat,,1
R07340,H02231,B08,,2025-09-05,5,1,packaging,,1
R07341,H02373,B12,,2025-09-05,4,1,ingredients,,0
R07342,H02479,B07,,2025-09-05,3,0,seasoning,,1
R07343,H02522,B01,,2025-09-05,3,0,taste,,1
R07344,H02664,B02,P034,2025-09-05,5,0,sweetness,,0
R07345,H02670,B02,P034,2025-09-05,3,1,aftertaste,,0
R07346,H02678,B19,P034,2025-09-05,3,0,,portability,0
R07347,H02686,B20,P034,2025-09-05,4,1,portability,,0
R07348,H02689,B13,P034,2025-09-05,5,1,texture,,1
R07349,H02689,B20,P034,2025-09-05,4,0,energy boost,,0
R07350,H02694,B20,P034,2025-09-05,5,1,energy boost,price,1
R07351,H02703,B03,P034,2025-09-05,3,1,,can design,0
R07352,H02707,B08,,2025-09-05,3,0,,price,0
R07353,H02708,B13,P034,2025-09-05,3,0,heat,,1
R07354,H02711,B03,P034,2025-09-05,4,0,fizz,,1
R07355,H02712,B10,,2025-09-05,2,0,,price,0
R07356,H00102,B04,,2025-09-06,3,0,,can design,0
R07357,H00257,B12,,2025-09-06,5,0,ingredients,packaging,1
R07358,H00506,B03,,2025-09-06,4,1,sweetness,refreshing,1
R07359,H00697,B06,,2025-09-06,4,1,price,,1
R07360,H00977,B08,,2025-09-06,3,1,,seasoning,0
R07361,H01328,B14,,2025-09-06,5,1,flavour depth,,0
R07362,H01349,B20,,2025-09-06,3,1,ingredients,,0
R07363,H01443,B02,,2025-09-06,3,1,,price,1
R07364,H01536,B08,,2025-09-06,5,1,seasoning,,1
R07365,H01580,B01,,2025-09-06,3,0,refreshing,,1
R07366,H01792,B02,,2025-09-06,4,1,refreshing,,0
R07367,H01923,B20,,2025-09-06,5,1,energy boost,,1
R07368,H02136,B07,,2025-09-06,4,1,crunch,,0
R07369,H02393,B18,,2025-09-06,3,0,taste,,0
R07370,H02441,B15,,2025-09-06,3,1,jar size,,1
R07371,H02551,B08,,2025-09-06,4,1,saltiness,,0
R07372,H02622,B01,,2025-09-06,4,1,fizz,,0
R07373,H02669,B13,P034,2025-09-06,3,0,,jar size,1
R07374,H02671,B07,,2025-09-06,5,1,crunch,,1
R07375,H02674,B20,P034,2025-09-06,2,1,,portability,0
R07376,H02684,B19,P034,2025-09-06,4,1,taste,,0
R07377,H02685,B13,P034,2025-09-06,4,0,price,,0
R07378,H02687,B03,P034,2025-09-06,3,0,aftertaste,,0
R07379,H02687,B19,P034,2025-09-06,4,1,price,,0
R07380,H02688,B20,P034,2025-09-06,4,0,ingredients,,0
R07381,H02691,B13,P034,2025-09-06,4,1,price,,1
R07382,H02691,B19,P034,2025-09-06,3,1,price,,1
R07383,H02692,B02,P034,2025-09-06,3,0,,aftertaste,1
R07384,H02701,B13,P034,2025-09-06,2,0,heat,versatility,0
R07385,H02702,B02,P034,2025-09-06,4,0,aftertaste,,1
R07386,H02704,B19,P034,2025-09-06,4,1,energy boost,,1
R07387,H02707,B19,P034,2025-09-06,2,0,,ingredients,1
R07388,H00025,B04,,2025-09-07,3,1,taste,,1
R07389,H00068,B04,,2025-09-07,4,0,refreshing,,1
R07390,H00096,B09,,2025-09-07,3,0,,price,1
R07391,H00163,B07,,2025-09-07,3,0,,packaging,0
R07392,H00178,B01,,2025-09-07,4,1,taste,,0
R07393,H00234,B02,,2025-09-07,4,1,refreshing,can design,0
R07394,H00361,B03,,2025-09-07,5,1,fizz,,1
R07395,H00618,B05,,2025-09-07,4,1,price,,1
R07396,H00702,B16,,2025-09-07,3,0,,flavour depth,0
R07397,H00842,B04,,2025-09-07,5,1,can design,aftertaste,1
R07398,H00893,B20,,2025-09-07,5,1,taste,texture,1
R07399,H01026,B17,,2025-09-07,5,0,price,,1
R07400,H01179,B03,,2025-09-07,2,0,,aftertaste,1
R07401,H01199,B14,,2025-09-07,5,1,texture,,1
R07402,H01220,B13,,2025-09-07,2,0,,versatility,0
R07403,H01235,B19,,2025-09-07,5,1,price,,1
R07404,H01321,B04,,2025-09-07,4,0,price,,1
R07405,H01549,B20,,2025-09-07,2,0,,portability,0
R07406,H01787,B17,,2025-09-07,2,0,,price,0
R07407,H01876,B04,,2025-09-07,3,0,sweetness,,0
R07408,H02100,B20,,2025-09-07,2,0,,texture,0
R07409,H02114,B01,,2025-09-07,5,0,price,,1
R07410,H02151,B18,,2025-09-07,4,1,taste,,0
R07411,H02652,B05,,2025-09-07,1,0,,seasoning,0
R07412,H00042,B14,,2025-09-08,4,1,price,,0
R07413,H00413,B15,,2025-09-08,4,1,price,,1
R07414,H00666,B07,,2025-09-08,3,0,packaging,,0
R07415,H00669,B15,,2025-09-08,3,0,,price,0
R07416,H00729,B05,,2025-09-08,5,1,crunch,,1
R07417,H00820,B06,,2025-09-08,4,1,seasoning,,1
R07418,H01466,B12,,2025-09-08,4,1,ingredients,,0
R07419,H01539,B14,,2025-09-08,4,1,price,,1
R07420,H01573,B14,,2025-09-08,4,1,texture,,0
R07421,H01647,B01,,2025-09-08,5,1,can design,price,1
R07422,H01973,B04,,2025-09-08,4,1,taste,,1
R07423,H02147,B19,,2025-09-08,4,1,texture,,1
R07424,H02470,B01,,2025-09-08,3,0,aftertaste,,1
R07425,H02495,B15,,2025-09-08,5,1,price,heat,1
R07426,H02506,B05,,2025-09-08,4,1,crunch,,1
R07427,H00397,B17,,2025-09-09,5,1,ingredients,portability,1
R07428,H00415,B17,,2025-09-09,3,0,ingredients,,1
R07429,H00473,B04,,2025-09-09,5,1,fizz,,1
R07430,H00479,B05,,2025-09-09,5,1,price,,1
R07431,H00678,B14,,2025-09-09,5,1,flavour depth,,1
R07432,H00761,B18,,2025-09-09,2,1,,taste,0
R07433,H00936,B14,,2025-09-09,3,1,,price,0
R07434,H00967,B11,,2025-09-09,3,1,packaging,,0
R07435,H00971,B06,,2025-09-09,4,1,saltiness,,0
R07436,H01147,B17,,2025-09-09,3,0,taste,,0
R07437,H01340,B15,,2025-09-09,2,0,flavour depth,texture,0
R07438,H01390,B06,,2025-09-09,5,1,portion size,seasoning,1
R07439,H01715,B15,,2025-09-09,3,1,,jar size,1
R07440,H01788,B15,,2025-09-09,4,1,heat,,0
R07441,H01865,B02,,2025-09-09,5,1,taste,,1
R07442,H02247,B17,,2025-09-09,4,1,taste,,1
R07443,H02297,B15,,2025-09-09,4,1,jar size,,0
R07444,H02417,B10,,2025-09-09,2,0,,ingredients,0
R07445,H02558,B15,,2025-09-09,3,0,jar size,,1
R07446,H02582,B20,,2025-09-09,4,1,portability,,0
R07447,H00126,B03,,2025-09-10,5,1,price,,1
R07448,H00451,B12,,2025-09-10,3,1,,price,0
R07449,H00659,B11,,2025-09-10,4,0,sweetness,,0
R07450,H00683,B01,,2025-09-10,4,1,sweetness,,0
R07451,H00902,B17,,2025-09-10,3,0,texture,,1
R07452,H00985,B20,,2025-09-10,3,0,,ingredients,0
R07453,H01047,B07,,2025-09-10,5,1,portion size,,1
R07454,H01489,B20,,2025-09-10,5,1,ingredients,,0
R07455,H01559,B06,,2025-09-10,5,1,price,seasoning,0
R07456,H01945,B03,,2025-09-10,5,1,refreshing,,1
R07457,H02022,B18,,2025-09-10,5,1,energy boost,,1
R07458,H02098,B03,,2025-09-10,3,0,fizz,,1
R07459,H02384,B20,,2025-09-10,4,1,texture,portability,1
R07460,H02558,B01,,2025-09-10,5,1,fizz,,1
R07461,H00507,B11,,2025-09-11,4,1,taste,,1
R07462,H00521,B16,,2025-09-11,2,0,,versatility,0
R07463,H00643,B12,,2025-09-11,4,0,price,sweetness,1
R07464,H00707,B02,,2025-09-11,5,1,fizz,,1
R07465,H00720,B19,,2025-09-11,4,1,price,,0
R07466,H00966,B19,,2025-09-11,5,1,ingredients,,1
R07467,H01185,B06,,2025-09-11,4,1,portion size,,1
R07468,H01241,B12,,2025-09-11,5,1,price,,0
R07469,H01594,B14,,2025-09-11,2,0,,price,0
R07470,H01723,B10,,2025-09-11,5,1,price,,1
R07471,H01810,B08,,2025-09-11,3,1,crunch,,0
R07472,H01938,B10,,2025-09-11,4,1,packaging,,1
R07473,H02005,B18,,2025-09-11,4,1,energy boost,taste,0
R07474,H02426,B10,,2025-09-11,4,1,texture,sweetness,0
R07475,H02584,B08,,2025-09-11,4,1,portion size,crunch,1
R07476,H00020,B19,,2025-09-12,4,1,portability,ingredients,1
R07477,H00110,B09,,2025-09-12,4,1,texture,,1
R07478,H00382,B07,,2025-09-12,2,0,,price,1
R07479,H00435,B08,,2025-09-12,2,0,,packaging,0
R07480,H00458,B08,,2025-09-12,4,1,packaging,,1
R07481,H00555,B05,,2025-09-12,4,1,saltiness,,1
R07482,H00796,B11,,2025-09-12,4,1,ingredients,,0
R07483,H01054,B04,,2025-09-12,4,0,sweetness,,1
R07484,H01103,B20,,2025-09-12,2,0,,taste,0
R07485,H01139,B09,,2025-09-12,4,1,packaging,,0
R07486,H01290,B13,,2025-09-12,5,1,jar size,,1
R07487,H01446,B13,,2025-09-12,3,0,price,,0
R07488,H01478,B16,,2025-09-12,3,0,flavour depth,,0
R07489,H01520,B13,,2025-09-12,3,0,flavour depth,,1
R07490,H01809,B09,,2025-09-12,2,0,,texture,0
R07491,H01943,B07,,2025-09-12,5,1,portion size,,1
R07492,H01990,B20,,2025-09-12,1,0,,price,0
R07493,H02098,B13,,2025-09-12,5,1,versatility,,0
R07494,H02651,B05,,2025-09-12,4,1,portion size,,0
R07495,H02728,B13,,2025-09-12,5,1,versatility,flavour depth,1
R07496,H00101,B05,,2025-09-13,4,1,crunch,,1
R07497,H00309,B10,,2025-09-13,3,0,,ingredients,0
R07498,H00329,B10,,2025-09-13,4,1,sweetness,taste,1
R07499,H00373,B04,,2025-09-13,1,0,,sweetness,0
R07500,H00622,B14,,2025-09-13,5,1,versatility,,1
R07501,H00697,B18,,2025-09-13,3,0,,texture,1
R07502,H01087,B20,,2025-09-13,4,1,price,texture,1
R07503,H01229,B20,,2025-09-13,4,0,price,,1
R07504,H01402,B09,,2025-09-13,4,1,ingredients,,1
R07505,H01892,B04,,2025-09-13,4,1,refreshing,,1
R07506,H01933,B08,,2025-09-13,4,0,crunch,,0
R07507,H02017,B18,,2025-09-13,4,1,ingredients,,1
R07508,H02183,B09,,2025-09-13,3,0,,texture,1
R07509,H02352,B09,,2025-09-13,3,0,,taste,0
R07510,H02555,B11,,2025-09-13,3,0,,texture,0
R07511,H02618,B14,,2025-09-13,4,1,flavour depth,,0
R07512,H00076,B12,,2025-09-14,2,1,packaging,texture,0
R07513,H00501,B11,,2025-09-14,5,1,ingredients,,1
R07514,H00762,B03,,2025-09-14,4,0,refreshing,,0
R07515,H01017,B17,,2025-09-14,4,1,price,energy boost,0
R07516,H01114,B04,,2025-09-14,3,1,fizz,,1
R07517,H01332,B09,,2025-09-14,3,1,,ingredients,1
R07518,H01528,B17,,2025-09-14,4,0,energy boost,,1
R07519,H01630,B06,,2025-09-14,3,0,packaging,,1
R07520,H01988,B08,,2025-09-14,5,1,packaging,saltiness,1
R07521,H02246,B19,,2025-09-14,3,0,taste,,0
R07522,H02415,B06,,2025-09-14,3,0,,seasoning,0
R07523,H02420,B10,,2025-09-14,4,1,packaging,,0
R07524,H02747,B08,,2025-09-14,5,0,packaging,portion size,1
R07525,H00501,B04,,2025-09-15,4,0,fizz,sweetness,0
R07526,H00730,B05,,2025-09-15,2,0,seasoning,price,1
R07527,H00797,B03,,2025-09-15,4,0,price,,1
R07528,H00845,B14,,2025-09-15,4,1,texture,,1
R07529,H01125,B11,,2025-09-15,5,1,sweetness,,1
R07530,H01368,B02,,2025-09-15,4,1,can design,,1
R07531,H01769,B08,,2025-09-15,5,1,crunch,,1
R07532,H01788,B19,,2025-09-15,4,0,price,,1
R07533,H01967,B02,,2025-09-15,4,0,aftertaste,,0
R07534,H02170,B19,,2025-09-15,5,1,taste,,1
R07535,H02197,B17,,2025-09-15,5,1,texture,,1
R07536,H02281,B19,,2025-09-15,4,1,price,taste,1
R07537,H02342,B06,,2025-09-15,4,1,packaging,crunch,0
R07538,H02434,B09,,2025-09-15,3,0,price,,0
R07539,H02563,B02,,2025-09-15,4,1,sweetness,,1
R07540,H02623,B11,,2025-09-15,3,0,,texture,0
R07541,H02686,B09,,2025-09-15,2,0,,ingredients,0
R07542,H00146,B11,,2025-09-16,5,1,taste,texture,1
R07543,H00332,B03,,2025-09-16,4,0,sweetness,,1
R07544,H00347,B20,,2025-09-16,2,0,,energy boost,0
R07545,H00534,B07,,2025-09-16,4,1,crunch,,1
R07546,H00732,B02,,2025-09-16,4,0,can design,,1
R07547,H00849,B04,,2025-09-16,4,1,sweetness,,1
R07548,H01033,B07,,2025-09-16,4,1,seasoning,portion size,0
R07549,H01069,B04,,2025-09-16,4,1,sweetness,,1
R07550,H01127,B18,,2025-09-16,4,1,taste,,1
R07551,H01158,B04,,2025-09-16,3,0,sweetness,,0
R07552,H01171,B10,,2025-09-16,4,1,price,,0
R07553,H01382,B10,,2025-09-16,4,0,taste,,0
R07554,H01634,B14,,2025-09-16,3,0,,texture,0
R07555,H01786,B01,,2025-09-16,5,1,can design,price,1
R07556,H01958,B08,,2025-09-16,5,1,crunch,seasoning,1
R07557,H01980,B02,,2025-09-16,3,1,price,,0
R07558,H02044,B16,,2025-09-16,4,0,price,,1
R07559,H02115,B03,,2025-09-16,4,1,fizz,,1
R07560,H02222,B13,,2025-09-16,5,1,heat,,1
R07561,H02386,B09,,2025-09-16,4,1,packaging,price,1
R07562,H02432,B13,,2025-09-16,5,1,jar size,,1
R07563,H02486,B02,,2025-09-16,4,1,taste,,1
R07564,H00524,B19,,2025-09-17,3,0,,price,1
R07565,H00571,B01,,2025-09-17,4,0,price,taste,1
R07566,H00595,B19,,2025-09-17,2,0,,price,1
R07567,H00866,B12,,2025-09-17,4,0,sweetness,,0
R07568,H01018,B18,,2025-09-17,4,0,energy boost,,0
R07569,H01070,B07,,2025-09-17,4,1,crunch,,1
R07570,H01083,B02,,2025-09-17,5,1,aftertaste,refreshing,1
R07571,H01216,B08,,2025-09-17,4,1,portion size,,1
R07572,H01348,B03,,2025-09-17,3,1,,refreshing,0
R07573,H01538,B10,,2025-09-17,5,0,sweetness,,1
R07574,H01659,B13,,2025-09-17,3,0,,heat,1
R07575,H01832,B04,,2025-09-17,4,1,refreshing,,1
R07576,H01855,B14,,2025-09-17,4,0,jar size,,0
R07577,H01910,B09,,2025-09-17,4,0,price,ingredients,0
R07578,H02277,B20,,2025-09-17,5,1,energy boost,,1
R07579,H02434,B04,,2025-09-17,2,0,,price,0
R07580,H02481,B07,,2025-09-17,5,1,packaging,,1
R07581,H02521,B07,,2025-09-17,2,0,,portion size,0
R07582,H02656,B17,,2025-09-17,5,1,ingredients,,1
R07583,H02712,B07,,2025-09-17,4,0,portion size,,1
R07584,H02720,B09,,2025-09-17,3,0,,packaging,0
R07585,H02757,B17,P035,2025-09-17,4,1,energy boost,,1
R07586,H02758,B12,P035,2025-09-17,5,1,ingredients,taste,0
R07587,H02759,B05,P035,2025-09-17,5,1,seasoning,,1
R07588,H02772,B17,P035,2025-09-17,5,0,price,,0
R07589,H02773,B05,P035,2025-09-17,4,1,portion size,,1
R07590,H02775,B03,P035,2025-09-17,5,1,fizz,,1
R07591,H02777,B17,P035,2025-09-17,4,0,ingredients,,1
R07592,H02786,B12,P035,2025-09-17,5,1,sweetness,,0
R07593,H02789,B05,P035,2025-09-17,4,0,packaging,,1
R07594,H02789,B12,P035,2025-09-17,4,0,sweetness,packaging,0
R07595,H02799,B03,P035,2025-09-17,3,1,,fizz,1
R07596,H02804,B05,P035,2025-09-17,4,0,saltiness,,1
R07597,H02805,B03,P035,2025-09-17,5,1,taste,,0
R07598,H02813,B17,P035,2025-09-17,3,0,texture,,1
R07599,H02820,B09,P035,2025-09-17,4,0,ingredients,,0
R07600,H02821,B09,P035,2025-09-17,3,0,,texture,1
R07601,H02826,B05,P035,2025-09-17,4,1,packaging,,1
R07602,H02829,B03,P035,2025-09-17,5,1,taste,,1
R07603,H02835,B09,P035,2025-09-17,2,1,,texture,1
R07604,H02839,B17,P035,2025-09-17,4,1,price,,1
R07605,H02842,B05,P035,2025-09-17,4,1,price,,1
R07606,H02843,B03,P035,2025-09-17,3,0,sweetness,,1
R07607,H02843,B02,,2025-09-17,3,1,,fizz,0
R07608,H02849,B04,,2025-09-17,4,1,aftertaste,,0
R07609,H02851,B17,P035,2025-09-17,3,1,price,,0
R07610,H02853,B09,P035,2025-09-17,4,1,ingredients,,0
R07611,H02865,B05,P035,2025-09-17,3,0,,packaging,1
R07612,H02871,B09,P035,2025-09-17,3,0,,packaging,0
R07613,H00261,B13,,2025-09-18,4,0,flavour depth,,0
R07614,H00504,B10,,2025-09-18,4,1,texture,,1
R07615,H00811,B13,,2025-09-18,5,1,heat,,1
R07616,H01076,B06,,2025-09-18,5,1,packaging,,1
R07617,H01213,B17,,2025-09-18,4,1,ingredients,,1
R07618,H01959,B08,,2025-09-18,3,0,portion size,,0
R07619,H02016,B16,,2025-09-18,3,0,,heat,1
R07620,H02131,B04,,2025-09-18,5,1,can design,,0
R07621,H02574,B17,,2025-09-18,4,0,portability,energy boost,1
R07622,H02749,B15,,2025-09-18,3,1,flavour depth,,0
R07623,H02757,B03,P035,2025-09-18,3,0,,taste,1
R07624,H02758,B05,P035,2025-09-18,4,1,price,,1
R07625,H02770,B09,P035,2025-09-18,5,1,taste,,1
R07626,H02771,B03,P035,2025-09-18,3,1,,taste,1
R07627,H02772,B09,P035,2025-09-18,5,1,texture,,1
R07628,H02774,B09,P035,2025-09-18,5,1,packaging,taste,1
R07629,H02777,B05,P035,2025-09-18,3,0,,seasoning,1
R07630,H02779,B17,P035,2025-09-18,4,1,taste,,1
R07631,H02784,B09,P035,2025-09-18,5,1,packaging,,0
R07632,H02788,B05,P035,2025-09-18,4,1,packaging,,1
R07633,H02789,B03,P035,2025-09-18,4,1,aftertaste,,1
R07634,H02798,B12,P035,2025-09-18,3,0,texture,,0
R07635,H02800,B09,P035,2025-09-18,3,0,,price,1
R07636,H02817,B12,P035,2025-09-18,3,0,,packaging,0
R07637,H02823,B17,P035,2025-09-18,3,0,,portability,1
R07638,H02830,B09,P035,2025-09-18,3,1,,sweetness,1
R07639,H02831,B17,P035,2025-09-18,4,1,taste,,0
R07640,H02832,B03,P035,2025-09-18,4,1,price,,1
R07641,H02835,B03,P035,2025-09-18,3,1,,aftertaste,1
R07642,H02836,B17,P035,2025-09-18,5,1,texture,,1
R07643,H02836,B07,,2025-09-18,3,1,price,,0
R07644,H02848,B09,P035,2025-09-18,4,1,packaging,,0
R07645,H02850,B17,P035,2025-09-18,4,0,ingredients,,1
R07646,H02855,B03,P035,2025-09-18,4,0,price,,1
R07647,H02855,B09,P035,2025-09-18,4,0,ingredients,,0
R07648,H02857,B03,P035,2025-09-18,5,0,refreshing,sweetness,1
R07649,H02857,B05,P035,2025-09-18,5,1,crunch,price,1
R07650,H02862,B05,P035,2025-09-18,4,1,crunch,,0
R07651,H02865,B17,P035,2025-09-18,5,1,texture,,1
R07652,H02867,B17,P035,2025-09-18,3,1,,price,0
R07653,H02870,B03,P035,2025-09-18,5,1,can design,,1
R07654,H02872,B12,P035,2025-09-18,3,0,ingredients,,0
R07655,H00062,B12,,2025-09-19,4,1,sweetness,,0
R07656,H01048,B09,,2025-09-19,3,0,,packaging,1
R07657,H01195,B19,,2025-09-19,4,0,energy boost,,0
R07658,H01688,B10,,2025-09-19,5,0,texture,,1
R07659,H01718,B04,,2025-09-19,3,1,taste,,0
R07660,H02025,B04,,2025-09-19,5,1,refreshing,taste,1
R07661,H02116,B06,,2025-09-19,4,0,crunch,,1
R07662,H02162,B05,,2025-09-19,3,1,,crunch,1
R07663,H02172,B10,,2025-09-19,5,1,ingredients,,1
R07664,H02502,B06,,2025-09-19,5,1,packaging,price,1
R07665,H02582,B19,,2025-09-19,2,0,,portability,0
R07666,H02753,B09,P035,2025-09-19,4,1,sweetness,,0
R07667,H02755,B09,P035,2025-09-19,5,1,price,,1
R07668,H02757,B05,P035,2025-09-19,3,0,,seasoning,1
R07669,H02764,B03,P035,2025-09-19,4,1,sweetness,,1
R07670,H02767,B03,P035,2025-09-19,5,1,price,,0
R07671,H02773,B17,P035,2025-09-19,4,0,taste,,1
R07672,H02774,B17,P035,2025-09-19,5,1,ingredients,,1
R07673,H02776,B12,P035,2025-09-19,3,1,,texture,0
R07674,H02776,B17,P035,2025-09-19,3,0,,energy boost,0
R07675,H02776,B08,,2025-09-19,5,1,seasoning,,1
R07676,H02789,B17,P035,2025-09-19,5,1,texture,,1
R07677,H02791,B05,P035,2025-09-19,3,1,,crunch,1
R07678,H02793,B03,P035,2025-09-19,3,0,,aftertaste,0
R07679,H02795,B09,P035,2025-09-19,4,1,sweetness,,0
R07680,H02799,B05,,2025-09-19,4,1,price,saltiness,1
R07681,H02804,B03,P035,2025-09-19,5,1,aftertaste,,1
R07682,H02805,B17,P035,2025-09-19,3,0,energy boost,,1
R07683,H02808,B05,P035,2025-09-19,4,0,portion size,packaging,1
R07684,H02824,B17,P035,2025-09-19,4,1,portability,,0
R07685,H02836,B05,P035,2025-09-19,4,0,price,,1
R07686,H02836,B09,P035,2025-09-19,4,1,sweetness,,0
R07687,H02837,B05,P035,2025-09-19,5,1,packaging,,1
R07688,H02838,B17,P035,2025-09-19,5,1,energy boost,,1
R07689,H02845,B17,P035,2025-09-19,2,0,taste,energy boost,1
R07690,H02848,B03,P035,2025-09-19,5,1,sweetness,,0
R07691,H02852,B03,P035,2025-09-19,4,1,refreshing,,1
R07692,H02858,B03,P035,2025-09-19,4,0,aftertaste,,1
R07693,H02859,B05,P035,2025-09-19,4,1,seasoning,packaging,0
R07694,H02859,B17,P035,2025-09-19,5,0,ingredients,,1
R07695,H02861,B03,P035,2025-09-19,5,1,can design,,1
R07696,H02862,B09,P035,2025-09-19,4,1,sweetness,packaging,1
R07697,H02868,B17,P035,2025-09-19,3,0,,texture,1
R07698,H00387,B19,,2025-09-20,4,1,texture,,0
R07699,H00571,B02,,2025-09-20,3,0,,taste,1
R07700,H00601,B06,,2025-09-20,4,0,portion size,,1
R07701,H00710,B16,,2025-09-20,3,0,,price,0
R07702,H00875,B17,,2025-09-20,4,1,portability,,1
R07703,H01696,B20,,2025-09-20,4,0,portability,energy boost,0
R07704,H02152,B05,,2025-09-20,4,1,saltiness,,1
R07705,H02379,B09,,2025-09-20,3,1,,packaging,1
R07706,H02547,B17,,2025-09-20,4,1,portability,ingredients,0
R07707,H02670,B08,,2025-09-20,2,0,,saltiness,1
R07708,H02682,B18,,2025-09-20,4,1,taste,,0
R07709,H02753,B05,P035,2025-09-20,4,0,portion size,,1
R07710,H02754,B05,P035,2025-09-20,4,1,price,,1
R07711,H02754,B12,P035,2025-09-20,4,1,taste,,0
R07712,H02755,B05,P035,2025-09-20,2,0,,portion size,1
R07713,H02757,B12,P035,2025-09-20,4,0,price,sweetness,0
R07714,H02762,B09,P035,2025-09-20,5,1,price,,0
R07715,H02764,B09,P035,2025-09-20,5,1,ingredients,,0
R07716,H02770,B03,P035,2025-09-20,3,0,sweetness,,1
R07717,H02772,B05,P035,2025-09-20,3,1,crunch,,0
R07718,H02779,B03,P035,2025-09-20,4,1,can design,refreshing,1
R07719,H02779,B05,P035,2025-09-20,3,0,saltiness,,1
R07720,H02783,B17,P035,2025-09-20,5,1,taste,price,1
R07721,H02784,B05,P035,2025-09-20,2,0,,price,1
R07722,H02785,B09,P035,2025-09-20,5,0,taste,,0
R07723,H02785,B17,P035,2025-09-20,4,1,energy boost,,1
R07724,H02790,B03,P035,2025-09-20,3,0,price,,0
R07725,H02792,B17,P035,2025-09-20,5,1,texture,taste,1
R07726,H02793,B12,P035,2025-09-20,4,1,packaging,taste,1
R07727,H02796,B05,P035,2025-09-20,3,1,price,,1
R07728,H02802,B03,P035,2025-09-20,5,1,can design,,1
R07729,H02805,B05,P035,2025-09-20,3,1,,seasoning,0
R07730,H02813,B03,P035,2025-09-20,4,1,price,,1
R07731,H02819,B03,P035,2025-09-20,4,0,aftertaste,price,1
R07732,H02828,B05,P035,2025-09-20,4,1,crunch,,1
R07733,H02828,B09,P035,2025-09-20,3,0,,taste,0
R07734,H02833,B17,P035,2025-09-20,4,1,ingredients,,1
R07735,H02835,B17,P035,2025-09-20,3,0,,taste,1
R07736,H02836,B03,P035,2025-09-20,5,1,taste,,1
R07737,H02837,B09,P035,2025-09-20,5,1,packaging,,1
R07738,H02843,B05,P035,2025-09-20,5,1,price,,1
R07739,H02844,B17,P035,2025-09-20,4,1,energy boost,,1
R07740,H02845,B05,P035,2025-09-20,4,0,price,,1
R07741,H02846,B09,P035,2025-09-20,4,1,taste,,0
R07742,H02852,B09,P035,2025-09-20,4,1,price,,1
R07743,H02854,B03,P035,2025-09-20,5,1,fizz,,0
R07744,H02855,B12,P035,2025-09-20,3,1,,packaging,0
R07745,H02856,B12,P035,2025-09-20,4,0,taste,,0
R07746,H02856,B17,P035,2025-09-20,3,0,,price,1
R07747,H02858,B12,P035,2025-09-20,4,1,packaging,texture,0
R07748,H02863,B09,P035,2025-09-20,3,0,,sweetness,0
R07749,H02868,B12,P035,2025-09-20,4,1,taste,,0
R07750,H02869,B05,P035,2025-09-20,4,1,seasoning,,1
R07751,H00170,B08,,2025-09-21,4,1,packaging,,0
R07752,H00583,B09,,2025-09-21,3,0,texture,,0
R07753,H00660,B12,,2025-09-21,2,0,price,packaging,0
R07754,H00664,B09,,2025-09-21,3,0,,packaging,0
R07755,H00794,B02,,2025-09-21,3,1,,can design,0
R07756,H01024,B09,,2025-09-21,4,0,price,,0
R07757,H01044,B06,,2025-09-21,4,1,portion size,,1
R07758,H01305,B10,,2025-09-21,3,0,taste,,0
R07759,H01419,B16,,2025-09-21,3,0,,flavour depth,1
R07760,H02128,B09,,2025-09-21,4,0,taste,,1
R07761,H02135,B19,,2025-09-21,5,1,texture,,1
R07762,H02209,B15,,2025-09-21,5,1,heat,,1
R07763,H02225,B20,,2025-09-21,5,1,portability,,1
R07764,H02257,B14,,2025-09-21,3,1,heat,,0
R07765,H02325,B14,,2025-09-21,5,1,jar size,texture,1
R07766,H02357,B17,,2025-09-21,5,1,taste,portability,1
R07767,H02443,B20,,2025-09-21,4,1,price,,0
R07768,H02469,B15,,2025-09-21,4,0,versatility,jar size,1
R07769,H02657,B04,,2025-09-21,4,1,can design,,1
R07770,H02753,B12,P035,2025-09-21,4,0,packaging,,0
R07771,H02756,B09,P035,2025-09-21,3,1,,texture,0
R07772,H02756,B12,P035,2025-09-21,2,0,,taste,0
R07773,H02760,B17,P035,2025-09-21,3,1,texture,,1
R07774,H02765,B05,P035,2025-09-21,4,0,saltiness,,1
R07775,H02768,B05,P035,2025-09-21,4,0,packaging,,1
R07776,H02768,B17,P035,2025-09-21,3,0,,texture,1
R07777,H02770,B05,P035,2025-09-21,3,1,,saltiness,1
R07778,H02775,B09,P035,2025-09-21,4,1,texture,,0
R07779,H02778,B03,P035,2025-09-21,3,0,,taste,1
R07780,H02787,B05,P035,2025-09-21,3,0,crunch,,1
R07781,H02788,B03,P035,2025-09-21,4,0,aftertaste,,1
R07782,H02791,B03,P035,2025-09-21,3,0,aftertaste,,1
R07783,H02792,B09,P035,2025-09-21,5,1,packaging,,0
R07784,H02796,B03,P035,2025-09-21,5,1,aftertaste,taste,1
R07785,H02810,B05,P035,2025-09-21,4,0,saltiness,portion size,1
R07786,H02816,B05,P035,2025-09-21,5,0,price,,1
R07787,H02816,B09,,2025-09-21,1,0,,packaging,0
R07788,H02822,B05,P035,2025-09-21,4,1,crunch,,1
R07789,H02822,B09,P035,2025-09-21,4,1,price,taste,0
R07790,H02825,B09,P035,2025-09-21,5,1,ingredients,,1
R07791,H02828,B03,P035,2025-09-21,5,1,aftertaste,,1
R07792,H02833,B09,P035,2025-09-21,4,0,taste,,0
R07793,H02834,B03,P035,2025-09-21,5,1,aftertaste,taste,1
R07794,H02841,B05,P035,2025-09-21,3,0,portion size,,1
R07795,H02841,B17,P035,2025-09-21,2,0,,portability,0
R07796,H02849,B09,P035,2025-09-21,4,1,packaging,,0
R07797,H02851,B12,P035,2025-09-21,3,0,taste,,0
R07798,H02856,B05,P035,2025-09-21,4,1,packaging,,1
R07799,H02866,B12,P035,2025-09-21,2,0,,texture,0
R07800,H02870,B09,P035,2025-09-21,4,1,taste,,1
R07801,H02872,B09,P035,2025-09-21,5,1,ingredients,,0
R07802,H00288,B02,,2025-09-22,1,0,,refreshing,0
R07803,H00319,B20,,2025-09-22,5,1,energy boost,,1
R07804,H00458,B15,,2025-09-22,5,1,flavour depth,price,1
R07805,H00477,B15,,2025-09-22,3,0,price,,0
R07806,H00643,B05,,2025-09-22,4,1,packaging,,1
R07807,H01100,B05,,2025-09-22,4,1,crunch,,1
R07808,H01184,B20,,2025-09-22,4,1,portability,,1
R07809,H01332,B15,,2025-09-22,2,0,,price,0
R07810,H01410,B01,,2025-09-22,4,1,aftertaste,,0
R07811,H01581,B14,,2025-09-22,3,1,versatility,,1
R07812,H01587,B14,,2025-09-22,5,1,jar size,,1
R07813,H01783,B04,,2025-09-22,5,1,price,,1
R07814,H01992,B19,,2025-09-22,5,1,price,,1
R07815,H02220,B02,,2025-09-22,5,1,fizz,,1
R07816,H02546,B14,,2025-09-22,5,1,jar size,,1
R07817,H02583,B07,,2025-09-22,4,1,packaging,,1
R07818,H02627,B10,,2025-09-22,3,0,,packaging,0
R07819,H02754,B17,P035,2025-09-22,4,1,portability,,1
R07820,H02762,B05,P035,2025-09-22,4,0,seasoning,,1
R07821,H02762,B12,P035,2025-09-22,2,0,,packaging,0
R07822,H02763,B09,P035,2025-09-22,2,0,texture,taste,0
R07823,H02766,B03,P035,2025-09-22,5,1,sweetness,aftertaste,0
R07824,H02766,B17,P035,2025-09-22,4,1,texture,,0
R07825,H02768,B03,P035,2025-09-22,5,1,refreshing,,1
R07826,H02771,B05,P035,2025-09-22,5,1,saltiness,,1
R07827,H02775,B05,P035,2025-09-22,4,0,price,,1
R07828,H02781,B03,P035,2025-09-22,3,0,,price,1
R07829,H02782,B05,P035,2025-09-22,5,1,crunch,,0
R07830,H02786,B09,P035,2025-09-22,3,0,,price,0
R07831,H02790,B17,P035,2025-09-22,4,1,energy boost,,0
R07832,H02791,B09,P035,2025-09-22,3,0,,ingredients,0
R07833,H02794,B05,P035,2025-09-22,4,1,price,,1
R07834,H02795,B17,P035,2025-09-22,4,0,taste,portability,0
R07835,H02799,B09,P035,2025-09-22,3,1,,sweetness,0
R07836,H02802,B05,P035,2025-09-22,4,0,seasoning,,1
R07837,H02809,B12,,2025-09-22,3,1,sweetness,,0
R07838,H02810,B12,P035,2025-09-22,3,1,,packaging,0
R07839,H02811,B09,P035,2025-09-22,4,1,texture,,0
R07840,H02812,B12,P035,2025-09-22,4,0,sweetness,,0
R07841,H02815,B09,P035,2025-09-22,5,1,texture,,0
R07842,H02818,B17,P035,2025-09-22,3,0,,texture,1
R07843,H02819,B17,P035,2025-09-22,5,1,energy boost,taste,1
R07844,H02824,B05,P035,2025-09-22,3,1,,saltiness,0
R07845,H02833,B03,P035,2025-09-22,5,1,aftertaste,,1
R07846,H02835,B12,P035,2025-09-22,3,1,texture,,0
R07847,H02840,B17,P035,2025-09-22,4,1,energy boost,,0
R07848,H02841,B03,P035,2025-09-22,3,1,,can design,0
R07849,H02846,B17,P035,2025-09-22,5,1,energy boost,,1
R07850,H02847,B09,P035,2025-09-22,4,1,price,,0
R07851,H02849,B03,P035,2025-09-22,4,1,can design,,1
R07852,H02850,B05,P035,2025-09-22,2,0,,seasoning,1
R07853,H02858,B17,P035,2025-09-22,3,1,,portability,1
R07854,H02859,B09,P035,2025-09-22,4,1,sweetness,,0
R07855,H02859,B12,P035,2025-09-22,5,1,ingredients,,0
R07856,H02861,B05,P035,2025-09-22,5,1,saltiness,crunch,1
R07857,H02863,B05,P035,2025-09-22,4,1,portion size,,1
R07858,H02867,B03,P035,2025-09-22,3,0,price,,0
R07859,H02871,B05,P035,2025-09-22,4,1,crunch,saltiness,1
R07860,H00080,B03,,2025-09-23,5,1,aftertaste,,1
R07861,H00256,B12,,2025-09-23,3,1,texture,,0
R07862,H00356,B04,,2025-09-23,5,0,refreshing,,0
R07863,H00445,B10,,2025-09-23,3,0,,taste,1
R07864,H00497,B06,,2025-09-23,5,1,saltiness,,1
R07865,H00749,B19,,2025-09-23,2,0,price,taste,0
R07866,H00775,B02,,2025-09-23,5,1,refreshing,,1
R07867,H00845,B16,,2025-09-23,2,0,heat,jar size,0
R07868,H00878,B05,,2025-09-23,4,1,portion size,,0
R07869,H00987,B08,,2025-09-23,5,1,portion size,,0
R07870,H01100,B03,,2025-09-23,4,0,price,,1
R07871,H01156,B15,,2025-09-23,3,1,,flavour depth,0
R07872,H01228,B05,,2025-09-23,4,0,portion size,,1
R07873,H01286,B02,,2025-09-23,4,1,can design,,1
R07874,H01405,B20,,2025-09-23,5,1,texture,,1
R07875,H01589,B04,,2025-09-23,5,1,refreshing,,1
R07876,H01862,B04,,2025-09-23,4,0,can design,,0
R07877,H01935,B15,,2025-09-23,5,1,flavour depth,,0
R07878,H02565,B01,,2025-09-23,4,1,refreshing,,1
R07879,H02601,B14,,2025-09-23,3,1,jar size,,1
R07880,H02650,B01,,2025-09-23,4,1,price,aftertaste,1
R07881,H02683,B11,,2025-09-23,4,1,packaging,,0
R07882,H02753,B17,P035,2025-09-23,5,1,texture,portability,1
R07883,H02755,B03,P035,2025-09-23,4,1,aftertaste,taste,1
R07884,H02756,B03,P035,2025-09-23,4,1,fizz,,1
R07885,H02757,B09,P035,2025-09-23,3,0,taste,,0
R07886,H02759,B09,P035,2025-09-23,4,1,texture,,0
R07887,H02762,B17,,2025-09-23,4,0,portability,,1
R07888,H02763,B05,P035,2025-09-23,3,1,packaging,,1
R07889,H02765,B03,P035,2025-09-23,5,1,price,,1
R07890,H02771,B09,P035,2025-09-23,3,0,,packaging,1
R07891,H02776,B09,P035,2025-09-23,3,1,,taste,1
R07892,H02778,B19,,2025-09-23,5,1,price,,1
R07893,H02781,B09,P035,2025-09-23,5,1,texture,,0
R07894,H02783,B12,P035,2025-09-23,4,0,ingredients,packaging,0
R07895,H02794,B03,P035,2025-09-23,4,1,can design,price,1
R07896,H02797,B09,P035,2025-09-23,4,0,taste,,0
R07897,H02798,B09,P035,2025-09-23,5,1,price,,1
R07898,H02803,B09,P035,2025-09-23,3,0,texture,,0
R07899,H02809,B09,P035,2025-09-23,3,0,texture,,1
R07900,H02810,B03,P035,2025-09-23,5,1,can design,sweetness,1
R07901,H02814,B03,P035,2025-09-23,5,1,sweetness,,0
R07902,H02821,B17,P035,2025-09-23,4,1,energy boost,portability,1
R07903,H02823,B05,P035,2025-09-23,3,0,,seasoning,1
R07904,H02824,B12,P035,2025-09-23,5,1,ingredients,,0
R07905,H02827,B03,P035,2025-09-23,4,0,can design,,1
R07906,H02827,B05,P035,2025-09-23,2,0,,packaging,1
R07907,H02827,B09,P035,2025-09-23,5,1,packaging,ingredients,0
R07908,H02838,B03,P035,2025-09-23,4,1,aftertaste,,1
R07909,H02846,B03,P035,2025-09-23,2,0,,taste,1
R07910,H02850,B03,P035,2025-09-23,5,1,price,aftertaste,1
R07911,H02852,B12,P035,2025-09-23,3,1,,sweetness,0
R07912,H02860,B09,P035,2025-09-23,3,0,,sweetness,1
R07913,H02863,B03,P035,2025-09-23,3,0,fizz,,1
R07914,H02866,B17,P035,2025-09-23,5,1,energy boost,,1
R07915,H02872,B03,P035,2025-09-23,4,1,can design,,1
R07916,H00306,B06,,2025-09-24,4,1,seasoning,,1
R07917,H00340,B16,,2025-09-24,4,0,texture,,1
R07918,H00384,B13,,2025-09-24,5,1,versatility,,1
R07919,H00609,B11,,2025-09-24,4,1,ingredients,,1
R07920,H00613,B17,,2025-09-24,4,1,ingredients,,1
R07921,H00629,B15,,2025-09-24,2,0,versatility,flavour depth,0
R07922,H00731,B17,,2025-09-24,5,1,ingredients,energy boost,1
R07923,H00978,B12,,2025-09-24,3,0,,packaging,0
R07924,H01149,B13,,2025-09-24,3,0,texture,,0
R07925,H01576,B04,,2025-09-24,2,0,,price,0
R07926,H01666,B19,,2025-09-24,4,1,ingredients,,1
R07927,H01846,B02,,2025-09-24,3,0,refreshing,,1
R07928,H01871,B19,,2025-09-24,3,0,,portability,0
R07929,H01908,B08,,2025-09-24,4,0,crunch,portion size,1
R07930,H02024,B19,,2025-09-24,3,0,portability,,1
R07931,H02043,B04,,2025-09-24,4,1,aftertaste,,1
R07932,H02112,B18,,2025-09-24,5,1,energy boost,,1
R07933,H02253,B11,,2025-09-24,1,0,,texture,0
R07934,H02282,B02,,2025-09-24,5,1,fizz,,1
R07935,H02339,B11,,2025-09-24,3,1,,sweetness,0
R07936,H02694,B10,,2025-09-24,5,1,sweetness,,1
R07937,H02760,B03,P035,2025-09-24,4,1,aftertaste,taste,1
R07938,H02761,B05,P035,2025-09-24,3,0,portion size,,1
R07939,H02774,B12,P035,2025-09-24,3,1,,ingredients,0
R07940,H02776,B05,P035,2025-09-24,3,1,,portion size,0
R07941,H02780,B05,P035,2025-09-24,4,0,packaging,,1
R07942,H02780,B09,P035,2025-09-24,4,1,ingredients,,0
R07943,H02782,B12,P035,2025-09-24,4,1,ingredients,price,0
R07944,H02784,B03,P035,2025-09-24,5,1,price,,1
R07945,H02786,B05,P035,2025-09-24,5,1,packaging,,1
R07946,H02793,B05,P035,2025-09-24,4,1,seasoning,,1
R07947,H02797,B17,P035,2025-09-24,5,0,energy boost,,1
R07948,H02798,B05,P035,2025-09-24,3,0,crunch,,0
R07949,H02799,B17,P035,2025-09-24,3,0,price,,1
R07950,H02801,B03,P035,2025-09-24,3,0,fizz,,1
R07951,H02802,B12,P035,2025-09-24,2,0,,price,0
R07952,H02802,B17,P035,2025-09-24,3,0,portability,,1
R07953,H02804,B12,P035,2025-09-24,4,1,price,,0
R07954,H02807,B03,P035,2025-09-24,4,1,price,,1
R07955,H02807,B17,P035,2025-09-24,3,0,,ingredients,1
R07956,H02808,B09,P035,2025-09-24,3,0,packaging,,0
R07957,H02813,B05,P035,2025-09-24,5,1,price,,1
R07958,H02816,B17,P035,2025-09-24,5,1,texture,portability,1
R07959,H02817,B09,P035,2025-09-24,4,0,ingredients,,0
R07960,H02823,B09,P035,2025-09-24,3,0,,ingredients,0
R07961,H02825,B12,P035,2025-09-24,3,0,packaging,,0
R07962,H02828,B12,P035,2025-09-24,2,0,,packaging,0
R07963,H02834,B17,P035,2025-09-24,3,0,,texture,1
R07964,H02840,B05,P035,2025-09-24,4,1,packaging,,0
R07965,H02841,B09,P035,2025-09-24,4,0,ingredients,,0
R07966,H02842,B03,P035,2025-09-24,4,1,taste,,1
R07967,H02847,B11,,2025-09-24,4,1,sweetness,texture,1
R07968,H02849,B05,P035,2025-09-24,3,0,price,,1
R07969,H02854,B05,P035,2025-09-24,2,1,,saltiness,0
R07970,H02857,B17,P035,2025-09-24,3,0,,taste,1
R07971,H02870,B12,P035,2025-09-24,2,0,,price,0
R07972,H02871,B03,P035,2025-09-24,4,0,taste,,1
R07973,H02889,B05,P036,2025-09-24,3,0,,packaging,1
R07974,H02906,B01,P036,2025-09-24,5,1,sweetness,,1
R07975,H02906,B17,P036,2025-09-24,2,0,,ingredients,1
R07976,H02910,B17,P036,2025-09-24,4,1,texture,,0
R07977,H02916,B11,P036,2025-09-24,5,1,price,taste,0
R07978,H02917,B17,P036,2025-09-24,3,0,,taste,1
R07979,H02918,B13,P036,2025-09-24,4,1,heat,versatility,1
R07980,H02926,B11,P036,2025-09-24,4,0,texture,,1
R07981,H02932,B17,P036,2025-09-24,4,1,ingredients,price,1
R07982,H02935,B17,P036,2025-09-24,3,0,,energy boost,1
R07983,H02937,B11,P036,2025-09-24,3,0,taste,,1
R07984,H02941,B05,P036,2025-09-24,3,1,portion size,,1
R07985,H02941,B17,P036,2025-09-24,4,0,taste,,1
R07986,H02942,B05,P036,2025-09-24,3,0,,crunch,1
R07987,H02944,B13,P036,2025-09-24,4,1,heat,versatility,1
R07988,H02944,B17,P036,2025-09-24,5,1,portability,,1
R07989,H02946,B01,P036,2025-09-24,4,1,price,,1
R07990,H02948,B17,P036,2025-09-24,4,1,taste,,1
R07991,H02949,B05,P036,2025-09-24,3,0,,saltiness,1
R07992,H02950,B13,P036,2025-09-24,3,0,jar size,,0
R07993,H02953,B13,P036,2025-09-24,4,1,jar size,heat,1
R07994,H00055,B16,,2025-09-25,5,0,jar size,,0
R07995,H00086,B02,,2025-09-25,5,0,fizz,,1
R07996,H00125,B20,,2025-09-25,5,1,price,ingredients,1
R07997,H00194,B08,,2025-09-25,4,1,seasoning,,1
R07998,H00503,B18,,2025-09-25,5,1,ingredients,,1
R07999,H00855,B11,,2025-09-25,5,1,price,,1
R08000,H00893,B19,,2025-09-25,5,1,taste,,1
R08001,H01066,B09,,2025-09-25,3,0,,taste,0
R08002,H01257,B18,,2025-09-25,4,0,ingredients,,1
R08003,H01730,B12,,2025-09-25,3,0,sweetness,,0
R08004,H01754,B14,,2025-09-25,4,1,flavour depth,,1
R08005,H01960,B15,,2025-09-25,2,0,,texture,0
R08006,H02073,B13,,2025-09-25,4,1,flavour depth,heat,0
R08007,H02085,B05,,2025-09-25,4,0,price,,1
R08008,H02305,B01,,2025-09-25,2,0,,price,0
R08009,H02599,B15,,2025-09-25,3,0,jar size,,1
R08010,H02613,B07,,2025-09-25,2,0,,packaging,0
R08011,H02892,B17,P036,2025-09-25,4,1,price,,1
R08012,H02895,B01,P036,2025-09-25,5,0,aftertaste,,1
R08013,H02896,B01,P036,2025-09-25,4,1,fizz,,1
R08014,H02896,B05,P036,2025-09-25,4,1,seasoning,,1
R08015,H02897,B17,P036,2025-09-25,5,1,portability,,1
R08016,H02898,B05,P036,2025-09-25,2,1,,price,1
R08017,H02900,B11,P036,2025-09-25,4,0,packaging,,1
R08018,H02905,B01,P036,2025-09-25,4,0,can design,,1
R08019,H02907,B01,P036,2025-09-25,5,1,can design,,1
R08020,H02914,B13,P036,2025-09-25,2,0,,versatility,0
R08021,H02925,B17,P036,2025-09-25,4,1,taste,,1
R08022,H02927,B05,P036,2025-09-25,4,1,portion size,,1
R08023,H02932,B01,P036,2025-09-25,5,1,sweetness,,1
R08024,H02938,B17,P036,2025-09-25,5,1,texture,energy boost,0
R08025,H02941,B11,P036,2025-09-25,3,0,sweetness,,1
R08026,H02942,B13,P036,2025-09-25,3,1,flavour depth,,0
R08027,H02943,B17,P036,2025-09-25,5,1,texture,,1
R08028,H02945,B17,P036,2025-09-25,5,1,price,,1
R08029,H02946,B05,P036,2025-09-25,4,0,portion size,,1
R08030,H02951,B05,P036,2025-09-25,5,1,crunch,saltiness,1
R08031,H00234,B16,,2025-09-26,4,1,versatility,,0
R08032,H00309,B15,,2025-09-26,4,1,flavour depth,,1
R08033,H00548,B19,,2025-09-26,2,0,,price,0
R08034,H00596,B05,,2025-09-26,4,0,price,,1
R08035,H00825,B13,,2025-09-26,5,1,versatility,,1
R08036,H00883,B10,,2025-09-26,5,1,sweetness,,1
R08037,H00999,B04,,2025-09-26,4,1,refreshing,sweetness,1
R08038,H01063,B07,,2025-09-26,4,1,crunch,,0
R08039,H01100,B08,,2025-09-26,3,0,,saltiness,0
R08040,H01723,B02,,2025-09-26,4,1,taste,,0
R08041,H01742,B19,,2025-09-26,4,1,texture,,1
R08042,H02131,B18,,2025-09-26,5,1,price,,1
R08043,H02137,B06,,2025-09-26,5,1,seasoning,,0
R08044,H02138,B17,,2025-09-26,5,1,price,,1
R08045,H02264,B18,,2025-09-26,5,1,energy boost,portability,1
R08046,H02287,B01,,2025-09-26,4,0,fizz,,0
R08047,H02403,B15,,2025-09-26,5,1,versatility,,0
R08048,H02556,B01,,2025-09-26,4,1,taste,,1
R08049,H02661,B10,,2025-09-26,5,1,taste,,1
R08050,H02668,B20,,2025-09-26,3,1,portability,,0
R08051,H02880,B03,,2025-09-26,4,1,taste,can design,1
R08052,H02889,B01,P036,2025-09-26,4,1,taste,,1
R08053,H02890,B01,P036,2025-09-26,5,1,fizz,,0
R08054,H02893,B13,P036,2025-09-26,4,0,heat,,0
R08055,H02895,B17,P036,2025-09-26,3,1,texture,,1
R08056,H02907,B13,P036,2025-09-26,4,1,heat,price,0
R08057,H02909,B11,P036,2025-09-26,3,0,price,,0
R08058,H02910,B01,P036,2025-09-26,4,0,aftertaste,,1
R08059,H02912,B13,P036,2025-09-26,4,1,texture,,1
R08060,H02917,B13,P036,2025-09-26,2,0,flavour depth,jar size,1
R08061,H02918,B11,P036,2025-09-26,4,0,sweetness,,0
R08062,H02920,B17,P036,2025-09-26,5,1,portability,,1
R08063,H02925,B01,P036,2025-09-26,4,1,price,,1
R08064,H02928,B11,P036,2025-09-26,5,1,packaging,,0
R08065,H02931,B01,P036,2025-09-26,4,0,fizz,,1
R08066,H02934,B17,P036,2025-09-26,3,0,taste,,1
R08067,H02937,B10,,2025-09-26,5,1,sweetness,,1
R08068,H02942,B17,P036,2025-09-26,3,0,,price,1
R08069,H02944,B01,P036,2025-09-26,5,1,taste,,1
R08070,H02944,B11,P036,2025-09-26,3,1,sweetness,,0
R08071,H02949,B11,P036,2025-09-26,4,1,ingredients,texture,1
R08072,H02951,B17,P036,2025-09-26,5,1,energy boost,,1
R08073,H02952,B13,P036,2025-09-26,3,1,,versatility,1
R08074,H02953,B11,P036,2025-09-26,3,1,,taste,0
R08075,H00056,B04,,2025-09-27,5,1,sweetness,,1
R08076,H00575,B20,,2025-09-27,3,0,,portability,0
R08077,H00748,B18,,2025-09-27,5,1,price,,1
R08078,H01044,B10,,2025-09-27,4,1,ingredients,,1
R08079,H01059,B17,,2025-09-27,4,1,portability,,1
R08080,H01285,B15,,2025-09-27,4,0,heat,,1
R08081,H01289,B20,,2025-09-27,4,0,taste,,0
R08082,H01338,B18,,2025-09-27,4,1,ingredients,portability,0
R08083,H01508,B19,,2025-09-27,4,0,portability,,0
R08084,H01564,B13,,2025-09-27,4,1,texture,versatility,1
R08085,H02033,B05,,2025-09-27,4,1,packaging,,1
R08086,H02095,B14,,2025-09-27,3,0,versatility,,1
R08087,H02215,B08,,2025-09-27,5,1,saltiness,,0
R08088,H02220,B13,,2025-09-27,4,0,price,heat,1
R08089,H02528,B12,,2025-09-27,1,0,,texture,0
R08090,H02602,B13,,2025-09-27,2,0,heat,versatility,0
R08091,H02722,B01,,2025-09-27,4,1,taste,,1
R08092,H02847,B16,,2025-09-27,4,1,versatility,,1
R08093,H02892,B11,P036,2025-09-27,4,1,texture,,0
R08094,H02894,B11,P036,2025-09-27,4,1,sweetness,,0
R08095,H02898,B17,P036,2025-09-27,3,1,,portability,1
R08096,H02902,B05,P036,2025-09-27,5,1,packaging,portion size,1
R08097,H02904,B11,P036,2025-09-27,5,1,taste,,0
R08098,H02919,B05,P036,2025-09-27,3,0,,price,1
R08099,H02922,B17,P036,2025-09-27,2,0,texture,ingredients,1
R08100,H02923,B05,P036,2025-09-27,4,1,packaging,,1
R08101,H02925,B11,P036,2025-09-27,5,1,taste,,0
R08102,H02925,B13,P036,2025-09-27,4,0,flavour depth,,1
R08103,H02931,B17,P036,2025-09-27,4,1,taste,,1
R08104,H02935,B05,P036,2025-09-27,2,0,,seasoning,1
R08105,H02941,B01,P036,2025-09-27,4,0,refreshing,taste,1
R08106,H02941,B13,P036,2025-09-27,3,1,jar size,,0
R08107,H02946,B17,P036,2025-09-27,5,0,texture,,1
R08108,H02948,B13,P036,2025-09-27,4,1,texture,,1
R08109,H02949,B17,P036,2025-09-27,5,0,energy boost,,1
R08110,H02950,B05,P036,2025-09-27,5,1,price,,1
R08111,H00028,B14,,2025-09-28,2,0,,flavour depth,0
R08112,H00034,B01,,2025-09-28,5,1,price,taste,1
R08113,H00055,B11,,2025-09-28,2,0,,price,0
R08114,H00270,B14,,2025-09-28,2,0,,texture,0
R08115,H00310,B07,,2025-09-28,5,0,saltiness,crunch,1
R08116,H00347,B06,,2025-09-28,5,1,portion size,seasoning,1
R08117,H00370,B04,,2025-09-28,3,0,,refreshing,0
R08118,H00507,B17,,2025-09-28,3,0,portability,,1
R08119,H00738,B17,,2025-09-28,4,1,texture,,1
R08120,H00913,B16,,2025-09-28,4,1,jar size,,0
R08121,H00975,B19,,2025-09-28,5,1,energy boost,price,1
R08122,H01020,B20,,2025-09-28,4,1,portability,,0
R08123,H01238,B01,,2025-09-28,5,1,can design,,1
R08124,H01240,B03,,2025-09-28,4,0,price,,1
R08125,H01464,B13,,2025-09-28,2,0,,texture,0
R08126,H01499,B09,,2025-09-28,4,1,packaging,,1
R08127,H01704,B11,,2025-09-28,5,0,sweetness,,1
R08128,H01765,B09,,2025-09-28,3,0,,ingredients,1
R08129,H01961,B05,,2025-09-28,3,1,,saltiness,1
R08130,H02045,B03,,2025-09-28,3,0,taste,,1
R08131,H02314,B15,,2025-09-28,4,1,texture,,0
R08132,H02549,B04,,2025-09-28,4,1,taste,,1
R08133,H02611,B14,,2025-09-28,3,0,texture,,0
R08134,H02673,B15,,2025-09-28,4,1,flavour depth,,0
R08135,H02693,B11,,2025-09-28,4,1,price,texture,1
R08136,H02892,B01,P036,2025-09-28,5,1,taste,,1
R08137,H02899,B11,P036,2025-09-28,4,1,packaging,,0
R08138,H02902,B13,P036,2025-09-28,3,0,heat,,0
R08139,H02902,B17,P036,2025-09-28,4,1,energy boost,,1
R08140,H02904,B01,P036,2025-09-28,3,0,sweetness,,1
R08141,H02906,B13,P036,2025-09-28,4,1,price,,0
R08142,H02908,B01,P036,2025-09-28,5,1,fizz,,1
R08143,H02908,B17,P036,2025-09-28,3,0,,texture,1
R08144,H02909,B05,P036,2025-09-28,3,0,seasoning,,1
R08145,H02914,B11,P036,2025-09-28,5,1,taste,,1
R08146,H02914,B17,P036,2025-09-28,4,1,texture,,1
R08147,H02921,B05,P036,2025-09-28,2,0,,portion size,1
R08148,H02927,B11,P036,2025-09-28,3,1,,packaging,0
R08149,H02940,B17,P036,2025-09-28,4,1,taste,price,1
R08150,H02942,B11,P036,2025-09-28,5,1,ingredients,,1
R08151,H02943,B01,P036,2025-09-28,5,1,sweetness,,1
R08152,H02945,B01,P036,2025-09-28,5,1,fizz,,1
R08153,H02948,B05,P036,2025-09-28,4,1,seasoning,,1
R08154,H02951,B11,P036,2025-09-28,4,1,sweetness,ingredients,1
R08155,H02952,B01,P036,2025-09-28,5,1,fizz,,1
R08156,H00792,B07,,2025-09-29,4,1,seasoning,,1
R08157,H00854,B19,,2025-09-29,3,1,,portability,1
R08158,H01144,B05,,2025-09-29,4,0,price,,1
R08159,H01260,B16,,2025-09-29,5,1,jar size,,1
R08160,H01330,B15,,2025-09-29,4,1,heat,,1
R08161,H01520,B15,,2025-09-29,2,0,texture,price,0
R08162,H01550,B11,,2025-09-29,5,1,ingredients,,1
R08163,H01861,B06,,2025-09-29,5,1,saltiness,,1
R08164,H02038,B12,,2025-09-29,4,1,price,,0
R08165,H02058,B08,,2025-09-29,5,1,portion size,,1
R08166,H02127,B07,,2025-09-29,5,1,crunch,,1
R08167,H02433,B03,,2025-09-29,4,1,fizz,refreshing,0
R08168,H02551,B03,,2025-09-29,5,1,sweetness,,1
R08169,H02888,B01,P036,2025-09-29,4,1,price,,1
R08170,H02893,B17,P036,2025-09-29,5,1,price,,1
R08171,H02899,B17,P036,2025-09-29,5,1,portability,,1
R08172,H02902,B11,P036,2025-09-29,3,0,,ingredients,1
R08173,H02903,B01,P036,2025-09-29,4,1,refreshing,,1
R08174,H02908,B13,P036,2025-09-29,4,1,heat,,1
R08175,H02910,B13,P036,2025-09-29,3,0,texture,,1
R08176,H02913,B17,P036,2025-09-29,4,1,energy boost,,1
R08177,H02915,B05,P036,2025-09-29,3,0,,portion size,0
R08178,H02920,B11,P036,2025-09-29,5,1,ingredients,price,0
R08179,H02921,B13,P036,2025-09-29,4,1,texture,,1
R08180,H02924,B01,P036,2025-09-29,4,0,fizz,,1
R08181,H02929,B11,P036,2025-09-29,2,1,,taste,1
R08182,H02935,B11,P036,2025-09-29,4,1,sweetness,,1
R08183,H02943,B11,P036,2025-09-29,4,1,taste,,0
R08184,H02947,B05,P036,2025-09-29,3,0,,saltiness,1
R08185,H02947,B17,P036,2025-09-29,3,0,texture,,1
R08186,H02953,B17,P036,2025-09-29,3,0,texture,,1
R08187,H00498,B10,,2025-09-30,5,1,packaging,ingredients,1
R08188,H00606,B09,,2025-09-30,4,1,price,sweetness,1
R08189,H00728,B17,,2025-09-30,2,0,,energy boost,0
R08190,H01070,B03,,2025-09-30,5,1,taste,,1
R08191,H01288,B11,,2025-09-30,4,1,texture,,1
R08192,H01346,B19,,2025-09-30,2,0,,taste,0
R08193,H01648,B19,,2025-09-30,4,1,texture,,0
R08194,H02046,B12,,2025-09-30,2,0,,texture,0
R08195,H02116,B17,,2025-09-30,3,1,,taste,1
R08196,H02322,B05,,2025-09-30,3,1,seasoning,,0
R08197,H02451,B13,,2025-09-30,3,0,jar size,,1
R08198,H02832,B08,,2025-09-30,4,1,price,,1
R08199,H02851,B05,,2025-09-30,4,1,saltiness,,0
R08200,H02890,B11,P036,2025-09-30,4,1,price,,1
R08201,H02894,B13,P036,2025-09-30,4,1,texture,,1
R08202,H02900,B17,P036,2025-09-30,5,0,price,portability,1
R08203,H02901,B17,P036,2025-09-30,5,1,texture,taste,0
R08204,H02905,B05,P036,2025-09-30,4,0,crunch,,1
R08205,H02905,B11,P036,2025-09-30,5,0,taste,,0
R08206,H02913,B05,P036,2025-09-30,4,1,saltiness,,1
R08207,H02919,B11,P036,2025-09-30,4,1,packaging,taste,1
R08208,H02923,B01,P036,2025-09-30,5,1,sweetness,,0
R08209,H02923,B17,P036,2025-09-30,5,1,portability,,0
R08210,H02928,B01,P036,2025-09-30,4,1,price,fizz,1
R08211,H02930,B05,P036,2025-09-30,5,1,portion size,,1
R08212,H02936,B17,P036,2025-09-30,5,1,energy boost,,1
R08213,H02937,B05,P036,2025-09-30,3,0,,seasoning,1
R08214,H02941,B18,,2025-09-30,4,0,energy boost,,1
R08215,H00190,B04,,2025-10-01,4,0,aftertaste,can design,1
R08216,H00263,B06,,2025-10-01,4,1,price,,0
R08217,H00282,B04,,2025-10-01,4,1,sweetness,,0
R08218,H00661,B16,,2025-10-01,4,1,heat,,0
R08219,H00795,B20,,2025-10-01,4,1,portability,,0
R08220,H00873,B04,,2025-10-01,4,1,sweetness,,1
R08221,H01343,B16,,2025-10-01,3,0,heat,,1
R08222,H01375,B03,,2025-10-01,5,1,refreshing,,1
R08223,H02055,B09,,2025-10-01,4,0,packaging,,1
R08224,H02582,B01,,2025-10-01,5,1,can design,,1
R08225,H02587,B03,,2025-10-01,3,0,,aftertaste,0
R08226,H02682,B05,,2025-10-01,4,0,price,,1
R08227,H02836,B16,,2025-10-01,3,1,,price,1
R08228,H02888,B17,P036,2025-10-01,3,0,,taste,0
R08229,H02891,B05,P036,2025-10-01,3,1,packaging,,1
R08230,H02895,B05,P036,2025-10-01,4,1,portion size,,1
R08231,H02901,B13,P036,2025-10-01,3,1,,texture,1
R08232,H02902,B01,P036,2025-10-01,4,1,taste,,1
R08233,H02903,B05,P036,2025-10-01,4,1,crunch,saltiness,1
R08234,H02903,B17,P036,2025-10-01,4,1,energy boost,,1
R08235,H02918,B15,,2025-10-01,4,1,heat,,1
R08236,H02922,B05,P036,2025-10-01,4,1,crunch,price,1
R08237,H02924,B17,P036,2025-10-01,4,0,energy boost,,1
R08238,H02928,B17,P036,2025-10-01,3,0,energy boost,,1
R08239,H02931,B11,P036,2025-10-01,5,1,sweetness,,1
R08240,H02931,B13,P036,2025-10-01,3,0,jar size,,0
R08241,H02936,B11,P036,2025-10-01,5,1,sweetness,,1
R08242,H02938,B01,P036,2025-10-01,3,0,taste,,0
R08243,H02943,B05,P036,2025-10-01,5,1,seasoning,crunch,1
R08244,H02968,B11,,2025-10-01,4,0,texture,,0
R08245,H00046,B17,,2025-10-02,4,1,portability,ingredients,1
R08246,H00047,B14,,2025-10-02,2,0,flavour depth,price,0
R08247,H00249,B18,,2025-10-02,5,1,taste,ingredients,1
R08248,H00372,B11,,2025-10-02,5,1,sweetness,,1
R08249,H00372,B15,,2025-10-02,3,0,price,,0
R08250,H00561,B05,,2025-10-02,4,1,price,,1
R08251,H00636,B03,,2025-10-02,3,0,fizz,,0
R08252,H00811,B02,,2025-10-02,3,0,aftertaste,,0
R08253,H00880,B11,,2025-10-02,5,1,texture,,0
R08254,H00917,B14,,2025-10-02,3,1,,texture,0
R08255,H01055,B20,,2025-10-02,2,0,,portability,0
R08256,H01163,B02,,2025-10-02,5,1,fizz,price,1
R08257,H01171,B19,,2025-10-02,3,1,,price,1
R08258,H01257,B15,,2025-10-02,2,1,,heat,0
R08259,H01467,B19,,2025-10-02,4,0,taste,texture,1
R08260,H01659,B19,,2025-10-02,5,1,price,,1
R08261,H01858,B04,,2025-10-02,1,0,,price,0
R08262,H01872,B04,,2025-10-02,5,1,taste,,1
R08263,H01919,B05,,2025-10-02,3,1,,seasoning,0
R08264,H01971,B08,,2025-10-02,5,1,price,,1
R08265,H02232,B01,,2025-10-02,4,1,sweetness,,1
R08266,H02339,B16,,2025-10-02,4,0,versatility,,0
R08267,H02634,B19,,2025-10-02,4,1,taste,,1
R08268,H02970,B15,,2025-10-02,4,1,versatility,flavour depth,1
R08269,H00450,B20,,2025-10-03,5,1,portability,,0
R08270,H00493,B04,,2025-10-03,3,0,aftertaste,,0
R08271,H00522,B07,,2025-10-03,3,0,saltiness,,1
R08272,H00769,B02,,2025-10-03,4,1,aftertaste,fizz,1
R08273,H01035,B16,,2025-10-03,2,0,,price,0
R08274,H01044,B09,,2025-10-03,2,0,sweetness,packaging,0
R08275,H01119,B13,,2025-10-03,1,0,,price,0
R08276,H01270,B02,,2025-10-03,5,1,refreshing,fizz,1
R08277,H01764,B02,,2025-10-03,5,1,fizz,,1
R08278,H01775,B03,,2025-10-03,3,1,,fizz,0
R08279,H02213,B01,,2025-10-03,2,0,,sweetness,0
R08280,H02223,B04,,2025-10-03,3,0,price,,0
R08281,H02882,B11,,2025-10-03,4,1,sweetness,,1
R08282,H02911,B02,,2025-10-03,5,1,sweetness,,1
R08283,H02928,B07,,2025-10-03,4,1,seasoning,,1
R08284,H02940,B07,,2025-10-03,4,1,packaging,,0
R08285,H02962,B03,,2025-10-03,4,1,refreshing,,1
R08286,H00573,B05,,2025-10-04,5,1,seasoning,crunch,1
R08287,H00693,B20,,2025-10-04,4,1,portability,,0
R08288,H00800,B10,,2025-10-04,5,0,sweetness,,0
R08289,H00810,B06,,2025-10-04,5,1,portion size,,1
R08290,H00852,B19,,2025-10-04,4,0,texture,,1
R08291,H00921,B10,,2025-10-04,4,1,price,,1
R08292,H01097,B09,,2025-10-04,4,0,texture,price,1
R08293,H01143,B14,,2025-10-04,1,0,,versatility,0
R08294,H01222,B17,,2025-10-04,4,0,texture,,1
R08295,H01264,B01,,2025-10-04,3,0,,price,0
R08296,H01327,B03,,2025-10-04,4,1,taste,,0
R08297,H01335,B02,,2025-10-04,3,1,aftertaste,,0
R08298,H01447,B05,,2025-10-04,5,1,portion size,,1
R08299,H01477,B14,,2025-10-04,4,0,jar size,heat,1
R08300,H01494,B12,,2025-10-04,3,0,,ingredients,0
R08301,H01642,B07,,2025-10-04,4,1,seasoning,,1
R08302,H01953,B09,,2025-10-04,2,0,,packaging,0
R08303,H02112,B19,,2025-10-04,2,0,,ingredients,0
R08304,H02315,B18,,2025-10-04,4,1,portability,,0
R08305,H02334,B09,,2025-10-04,3,0,,texture,1
R08306,H02396,B03,,2025-10-04,4,0,fizz,can design,1
R08307,H02457,B07,,2025-10-04,4,0,seasoning,,1
R08308,H02693,B19,,2025-10-04,4,0,energy boost,price,0
R08309,H02924,B04,,2025-10-04,4,1,sweetness,,1
R08310,H00226,B13,,2025-10-05,4,1,jar size,,1
R08311,H00365,B04,,2025-10-05,3,0,,price,0
R08312,H00648,B14,,2025-10-05,3,1,texture,,0
R08313,H00688,B04,,2025-10-05,3,1,,taste,0
R08314,H00879,B03,,2025-10-05,4,0,sweetness,,1
R08315,H01049,B08,,2025-10-05,5,1,seasoning,,1
R08316,H01343,B17,,2025-10-05,2,0,,ingredients,1
R08317,H01748,B15,,2025-10-05,3,0,jar size,,0
R08318,H02014,B03,,2025-10-05,4,1,refreshing,fizz,1
R08319,H02175,B10,,2025-10-05,4,1,taste,,0
R08320,H02254,B20,,2025-10-05,5,1,ingredients,price,1
R08321,H02263,B06,,2025-10-05,5,1,saltiness,,1
R08322,H00323,B14,,2025-10-06,2,0,price,flavour depth,0
R08323,H00482,B06,,2025-10-06,5,1,saltiness,,1
R08324,H00549,B07,,2025-10-06,5,1,price,,1
R08325,H00563,B03,,2025-10-06,5,1,taste,,1
R08326,H00854,B07,,2025-10-06,4,1,seasoning,,0
R08327,H00934,B02,,2025-10-06,4,1,price,,1
R08328,H01380,B02,,2025-10-06,5,1,refreshing,,1
R08329,H01484,B20,,2025-10-06,3,1,,ingredients,1
R08330,H01486,B20,,2025-10-06,3,0,ingredients,,0
R08331,H01988,B18,,2025-10-06,4,1,price,,1
R08332,H02034,B18,,2025-10-06,5,1,energy boost,,1
R08333,H02153,B12,,2025-10-06,5,1,ingredients,sweetness,1
R08334,H02173,B12,,2025-10-06,3,0,,ingredients,0
R08335,H02201,B07,,2025-10-06,4,1,crunch,,1
R08336,H02326,B13,,2025-10-06,5,1,jar size,,1
R08337,H02521,B05,,2025-10-06,4,1,saltiness,,1
R08338,H02899,B02,,2025-10-06,4,1,refreshing,,1
R08339,H00088,B02,,2025-10-07,4,1,sweetness,,1
R08340,H00232,B16,,2025-10-07,5,1,heat,,1
R08341,H00417,B04,,2025-10-07,5,1,refreshing,fizz,1
R08342,H00630,B14,,2025-10-07,3,0,,flavour depth,0
R08343,H00654,B15,,2025-10-07,3,1,,jar size,0
R08344,H00825,B07,,2025-10-07,2,0,,crunch,1
R08345,H01286,B15,,2025-10-07,3,0,flavour depth,,0
R08346,H01304,B17,,2025-10-07,4,1,texture,,1
R08347,H01439,B02,,2025-10-07,3,1,price,,0
R08348,H01507,B02,,2025-10-07,4,1,sweetness,,1
R08349,H01565,B06,,2025-10-07,3,1,,crunch,0
R08350,H01632,B15,,2025-10-07,4,0,flavour depth,,1
R08351,H01638,B09,,2025-10-07,4,1,texture,,1
R08352,H02249,B02,,2025-10-07,5,1,refreshing,sweetness,1
R08353,H02809,B04,,2025-10-07,5,1,price,taste,1
R08354,H00066,B15,,2025-10-08,3,0,heat,,0
R08355,H00100,B03,,2025-10-08,3,0,fizz,,0
R08356,H00295,B10,,2025-10-08,5,1,taste,,1
R08357,H00336,B04,,2025-10-08,4,1,refreshing,,1
R08358,H00416,B19,,2025-10-08,4,1,ingredients,,1
R08359,H00685,B07,,2025-10-08,2,0,,seasoning,0
R08360,H00867,B09,,2025-10-08,3,0,price,,0
R08361,H01201,B11,,2025-10-08,3,0,packaging,,0
R08362,H01313,B04,,2025-10-08,4,1,refreshing,,1
R08363,H01396,B19,,2025-10-08,4,0,ingredients,,1
R08364,H01514,B16,,2025-10-08,4,1,jar size,,0
R08365,H01524,B20,,2025-10-08,2,0,price,energy boost,0
R08366,H01557,B03,,2025-10-08,4,0,refreshing,,1
R08367,H01573,B03,,2025-10-08,4,1,price,,1
R08368,H01620,B19,,2025-10-08,2,0,,taste,0
R08369,H01805,B14,,2025-10-08,3,0,versatility,,0
R08370,H01842,B06,,2025-10-08,4,1,saltiness,,0
R08371,H01901,B12,,2025-10-08,3,0,taste,,0
R08372,H01990,B11,,2025-10-08,4,0,packaging,,1
R08373,H02451,B03,,2025-10-08,3,0,,can design,1
R08374,H02527,B17,,2025-10-08,4,1,ingredients,,1
R08375,H02619,B08,,2025-10-08,4,1,packaging,,1
R08376,H02683,B03,,2025-10-08,3,0,,price,0
R08377,H02761,B16,,2025-10-08,5,1,heat,,1
R08378,H02769,B13,,2025-10-08,5,1,jar size,,1
R08379,H02772,B15,,2025-10-08,4,1,price,,1
R08380,H02775,B18,,2025-10-08,5,1,texture,,1
R08381,H02906,B10,,2025-10-08,5,1,price,,1
R08382,H00352,B08,,2025-10-09,4,1,crunch,,0
R08383,H00367,B03,,2025-10-09,4,0,fizz,aftertaste,1
R08384,H00458,B04,,2025-10-09,4,1,taste,,1
R08385,H00562,B16,,2025-10-09,5,1,heat,,1
R08386,H00674,B14,,2025-10-09,5,1,heat,,1
R08387,H00734,B20,,2025-10-09,4,1,portability,,0
R08388,H00895,B19,,2025-10-09,5,1,ingredients,,1
R08389,H01181,B15,,2025-10-09,4,1,heat,price,1
R08390,H01217,B15,,2025-10-09,3,0,flavour depth,,0
R08391,H01459,B02,,2025-10-09,3,1,,fizz,0
R08392,H01477,B09,,2025-10-09,4,1,price,ingredients,1
R08393,H01820,B03,,2025-10-09,4,1,aftertaste,,1
R08394,H02088,B08,,2025-10-09,5,1,packaging,,1
R08395,H02172,B12,,2025-10-09,4,1,packaging,,1
R08396,H02511,B18,,2025-10-09,4,1,energy boost,,0
R08397,H02688,B12,,2025-10-09,4,1,ingredients,,0
R08398,H02738,B19,,2025-10-09,5,1,energy boost,,1
R08399,H02750,B05,,2025-10-09,5,1,seasoning,,1
R08400,H02764,B08,,2025-10-09,5,1,seasoning,,1
R08401,H02825,B01,,2025-10-09,4,1,fizz,,1
R08402,H00283,B08,,2025-10-10,3,0,,price,1
R08403,H00306,B08,,2025-10-10,3,1,,saltiness,0
R08404,H00613,B15,,2025-10-10,2,0,,price,0
R08405,H00630,B20,,2025-10-10,4,0,ingredients,,0
R08406,H00703,B05,,2025-10-10,4,0,price,,1
R08407,H00709,B02,,2025-10-10,5,1,aftertaste,,1
R08408,H00809,B19,,2025-10-10,4,0,price,,1
R08409,H00999,B15,,2025-10-10,3,0,heat,,0
R08410,H01164,B07,,2025-10-10,3,1,,packaging,1
R08411,H01169,B14,,2025-10-10,4,1,heat,,1
R08412,H01267,B12,,2025-10-10,4,1,sweetness,,0
R08413,H01542,B02,,2025-10-10,3,0,,aftertaste,0
R08414,H01674,B11,,2025-10-10,3,1,,price,0
R08415,H01896,B08,,2025-10-10,3,1,price,,1
R08416,H02048,B03,,2025-10-10,4,1,price,,1
R08417,H02504,B09,,2025-10-10,4,1,sweetness,,1
R08418,H02631,B17,,2025-10-10,3,0,taste,,1
R08419,H02841,B12,,2025-10-10,4,0,taste,,1
R08420,H02855,B08,,2025-10-10,4,1,packaging,,1
R08421,H02945,B15,,2025-10-10,4,0,jar size,heat,0
R08422,H00213,B08,,2025-10-11,5,1,saltiness,packaging,1
R08423,H00288,B16,,2025-10-11,3,0,versatility,,0
R08424,H00394,B16,,2025-10-11,2,0,,texture,0
R08425,H00473,B19,,2025-10-11,3,0,portability,,0
R08426,H00501,B06,,2025-10-11,5,1,saltiness,packaging,1
R08427,H00511,B08,,2025-10-11,4,1,price,,0
R08428,H00599,B07,,2025-10-11,4,1,saltiness,,0
R08429,H00809,B03,,2025-10-11,4,1,refreshing,,1
R08430,H01250,B15,,2025-10-11,3,0,,jar size,0
R08431,H01566,B14,,2025-10-11,4,1,flavour depth,,0
R08432,H01729,B13,,2025-10-11,4,1,flavour depth,jar size,1
R08433,H01780,B15,,2025-10-11,4,1,price,,0
R08434,H01798,B20,,2025-10-11,4,1,portability,,1
R08435,H01893,B14,,2025-10-11,4,1,jar size,versatility,0
R08436,H01947,B14,,2025-10-11,5,1,jar size,,1
R08437,H01947,B15,,2025-10-11,4,1,flavour depth,,1
R08438,H02017,B16,,2025-10-11,4,1,versatility,,1
R08439,H02175,B20,,2025-10-11,2,0,,price,0
R08440,H02280,B12,,2025-10-11,4,1,packaging,,0
R08441,H02339,B09,,2025-10-11,3,0,sweetness,,1
R08442,H02362,B16,,2025-10-11,3,0,texture,,0
R08443,H02915,B14,,2025-10-11,4,1,heat,,1
R08444,H00074,B07,,2025-10-12,4,1,saltiness,,1
R08445,H00553,B14,,2025-10-12,4,1,versatility,,1
R08446,H00586,B15,,2025-10-12,3,1,heat,,0
R08447,H01021,B04,,2025-10-12,4,1,taste,sweetness,1
R08448,H01025,B08,,2025-10-12,5,1,packaging,seasoning,1
R08449,H01064,B04,,2025-10-12,3,1,refreshing,,1
R08450,H01105,B02,,2025-10-12,5,1,sweetness,,1
R08451,H01112,B16,,2025-10-12,4,0,heat,,1
R08452,H01216,B01,,2025-10-12,5,1,taste,,1
R08453,H01391,B05,,2025-10-12,3,0,,saltiness,1
R08454,H01657,B08,,2025-10-12,5,1,seasoning,,1
R08455,H01907,B02,,2025-10-12,4,1,refreshing,sweetness,0
R08456,H02402,B05,,2025-10-12,3,0,packaging,,1
R08457,H02999,B09,P037,2025-10-12,5,1,price,,0
R08458,H02999,B18,P037,2025-10-12,5,1,texture,,1
R08459,H03000,B03,P037,2025-10-12,4,1,price,,1
R08460,H03005,B03,P037,2025-10-12,5,1,sweetness,,1
R08461,H03005,B09,P037,2025-10-12,4,1,ingredients,,0
R08462,H03007,B15,P037,2025-10-12,5,1,flavour depth,,0
R08463,H03008,B18,P037,2025-10-12,5,1,taste,,0
R08464,H03009,B09,P037,2025-10-12,4,0,taste,,1
R08465,H03013,B03,P037,2025-10-12,5,0,price,can design,1
R08466,H03014,B15,P037,2025-10-12,3,1,,versatility,0
R08467,H03014,B17,,2025-10-12,4,1,taste,,1
R08468,H03015,B09,P037,2025-10-12,4,1,ingredients,,1
R08469,H03020,B16,P037,2025-10-12,3,1,price,,1
R08470,H03025,B09,P037,2025-10-12,4,0,ingredients,,1
R08471,H03030,B03,P037,2025-10-12,5,0,aftertaste,,1
R08472,H03030,B16,P037,2025-10-12,4,1,price,,1
R08473,H03032,B16,P037,2025-10-12,4,0,flavour depth,,0
R08474,H03033,B16,P037,2025-10-12,5,1,heat,,1
R08475,H03041,B03,P037,2025-10-12,4,1,can design,,1
R08476,H03043,B15,P037,2025-10-12,3,0,versatility,,0
R08477,H03045,B03,P037,2025-10-12,4,1,taste,,0
R08478,H03047,B16,P037,2025-10-12,3,0,price,,1
R08479,H03050,B09,P037,2025-10-12,5,1,sweetness,,1
R08480,H03051,B16,P037,2025-10-12,5,1,jar size,,1
R08481,H03052,B18,P037,2025-10-12,5,1,portability,,0
R08482,H03053,B18,P037,2025-10-12,5,1,portability,,0
R08483,H03057,B09,P037,2025-10-12,5,1,texture,,1
R08484,H03061,B03,P037,2025-10-12,4,0,sweetness,,1
R08485,H03072,B09,P037,2025-10-12,4,1,sweetness,,1
R08486,H03073,B03,P037,2025-10-12,3,0,,can design,1
R08487,H03078,B15,P037,2025-10-12,3,1,,price,0
R08488,H03086,B18,P037,2025-10-12,3,0,portability,,1
R08489,H03087,B03,P037,2025-10-12,4,1,taste,sweetness,1
R08490,H03088,B15,P037,2025-10-12,4,0,price,,0
R08491,H03089,B03,P037,2025-10-12,5,1,fizz,refreshing,1
R08492,H03090,B15,P037,2025-10-12,3,0,,jar size,0
R08493,H03090,B18,P037,2025-10-12,5,1,price,,0
R08494,H03092,B16,P037,2025-10-12,4,1,heat,price,1
R08495,H03094,B18,P037,2025-10-12,3,0,texture,,0
R08496,H03097,B16,P037,2025-10-12,5,0,versatility,,1
R08497,H03099,B09,P037,2025-10-12,4,1,ingredients,,1
R08498,H00054,B08,,2025-10-13,5,1,price,saltiness,1
R08499,H00139,B02,,2025-10-13,2,0,,aftertaste,0
R08500,H00316,B10,,2025-10-13,4,1,sweetness,,1
R08501,H00594,B06,,2025-10-13,3,1,,saltiness,1
R08502,H00610,B11,,2025-10-13,4,1,price,,0
R08503,H01105,B17,,2025-10-13,3,0,ingredients,,1
R08504,H01158,B15,,2025-10-13,4,0,price,,1
R08505,H01186,B03,,2025-10-13,5,1,taste,,1
R08506,H01735,B01,,2025-10-13,3,0,can design,,0
R08507,H01861,B15,,2025-10-13,4,0,versatility,,0
R08508,H01866,B20,,2025-10-13,4,1,portability,,0
R08509,H01963,B10,,2025-10-13,4,1,sweetness,,1
R08510,H02131,B10,,2025-10-13,5,1,sweetness,,1
R08511,H02256,B08,,2025-10-13,3,0,seasoning,,0
R08512,H02418,B10,,2025-10-13,4,1,price,,0
R08513,H02683,B06,,2025-10-13,4,1,portion size,seasoning,0
R08514,H02753,B06,,2025-10-13,4,1,saltiness,,1
R08515,H02960,B07,,2025-10-13,5,0,price,,1
R08516,H03003,B09,P037,2025-10-13,5,1,taste,,0
R08517,H03003,B15,P037,2025-10-13,2,0,,flavour depth,0
R08518,H03010,B03,P037,2025-10-13,5,1,fizz,,1
R08519,H03014,B09,P037,2025-10-13,3,0,,packaging,0
R08520,H03020,B03,P037,2025-10-13,3,1,taste,,1
R08521,H03022,B03,P037,2025-10-13,5,1,taste,aftertaste,1
R08522,H03027,B18,P037,2025-10-13,5,1,texture,,0
R08523,H03033,B03,P037,2025-10-13,4,1,taste,can design,1
R08524,H03035,B03,P037,2025-10-13,5,1,refreshing,,1
R08525,H03036,B09,P037,2025-10-13,4,0,texture,,0
R08526,H03039,B15,P037,2025-10-13,3,1,,price,0
R08527,H03040,B03,P037,2025-10-13,4,0,sweetness,,1
R08528,H03043,B16,P037,2025-10-13,5,1,price,heat,1
R08529,H03047,B09,P037,2025-10-13,3,0,,texture,0
R08530,H03055,B09,P037,2025-10-13,3,0,,texture,0
R08531,H03063,B09,P037,2025-10-13,4,0,sweetness,taste,0
R08532,H03067,B09,P037,2025-10-13,3,0,,sweetness,1
R08533,H03069,B15,P037,2025-10-13,2,0,versatility,flavour depth,0
R08534,H03078,B03,P037,2025-10-13,5,1,price,,1
R08535,H03081,B18,P037,2025-10-13,4,1,portability,,0
R08536,H03084,B06,,2025-10-13,4,1,packaging,,1
R08537,H03086,B09,P037,2025-10-13,3,0,taste,,0
R08538,H03087,B16,P037,2025-10-13,5,1,heat,texture,1
R08539,H03088,B09,P037,2025-10-13,3,1,,taste,0
R08540,H00265,B17,,2025-10-14,4,1,ingredients,taste,1
R08541,H00297,B18,,2025-10-14,4,1,price,texture,1
R08542,H00620,B16,,2025-10-14,4,1,heat,,1
R08543,H01261,B09,,2025-10-14,3,0,,packaging,1
R08544,H01374,B01,,2025-10-14,4,1,price,,1
R08545,H01407,B20,,2025-10-14,3,1,,texture,0
R08546,H01838,B11,,2025-10-14,5,0,taste,texture,1
R08547,H01918,B20,,2025-10-14,2,0,,ingredients,0
R08548,H02220,B11,,2025-10-14,4,0,price,packaging,0
R08549,H02417,B02,,2025-10-14,3,0,,price,1
R08550,H02428,B10,,2025-10-14,5,1,price,ingredients,1
R08551,H02499,B04,,2025-10-14,2,0,,refreshing,0
R08552,H02501,B04,,2025-10-14,2,0,,fizz,0
R08553,H02503,B15,,2025-10-14,4,0,jar size,,1
R08554,H02528,B16,,2025-10-14,4,1,heat,jar size,1
R08555,H03014,B03,P037,2025-10-14,5,1,sweetness,,1
R08556,H03017,B03,P037,2025-10-14,5,1,aftertaste,,1
R08557,H03021,B15,P037,2025-10-14,4,1,texture,,1
R08558,H03029,B18,P037,2025-10-14,5,1,energy boost,,0
R08559,H03030,B15,P037,2025-10-14,3,1,,jar size,0
R08560,H03031,B16,P037,2025-10-14,5,1,price,,1
R08561,H03034,B09,P037,2025-10-14,3,0,sweetness,,0
R08562,H03034,B18,P037,2025-10-14,4,1,taste,portability,1
R08563,H03035,B09,P037,2025-10-14,5,1,price,,0
R08564,H03038,B03,P037,2025-10-14,5,1,fizz,,1
R08565,H03038,B18,P037,2025-10-14,4,1,taste,,0
R08566,H03044,B03,P037,2025-10-14,4,1,fizz,,1
R08567,H03047,B15,P037,2025-10-14,3,0,,versatility,0
R08568,H03049,B16,P037,2025-10-14,5,1,texture,versatility,0
R08569,H03065,B09,P037,2025-10-14,5,1,taste,,0
R08570,H03067,B18,P037,2025-10-14,5,1,portability,,0
R08571,H03070,B09,P037,2025-10-14,5,0,packaging,,0
R08572,H03074,B09,P037,2025-10-14,4,0,sweetness,,1
R08573,H03076,B08,,2025-10-14,3,1,,seasoning,0
R08574,H03080,B06,,2025-10-14,4,1,price,,1
R08575,H03082,B09,P037,2025-10-14,3,0,,packaging,1
R08576,H03085,B16,P037,2025-10-14,4,0,texture,jar size,1
R08577,H03087,B09,P037,2025-10-14,4,0,packaging,,0
R08578,H03097,B18,P037,2025-10-14,5,1,energy boost,,1
R08579,H00416,B04,,2025-10-15,4,1,price,,1
R08580,H00445,B15,,2025-10-15,3,0,,jar size,0
R08581,H00516,B01,,2025-10-15,4,0,aftertaste,,1
R08582,H00570,B01,,2025-10-15,4,1,price,,1
R08583,H00577,B08,,2025-10-15,4,0,seasoning,,0
R08584,H00897,B13,,2025-10-15,4,1,jar size,,1
R08585,H00988,B10,,2025-10-15,3,1,,packaging,1
R08586,H01249,B11,,2025-10-15,3,0,taste,,1
R08587,H01263,B10,,2025-10-15,4,0,sweetness,,1
R08588,H01324,B02,,2025-10-15,5,1,sweetness,taste,1
R08589,H01331,B07,,2025-10-15,4,0,portion size,,1
R08590,H01528,B02,,2025-10-15,5,1,refreshing,taste,1
R08591,H01750,B01,,2025-10-15,4,1,can design,,1
R08592,H01793,B10,,2025-10-15,4,1,packaging,,0
R08593,H01911,B20,,2025-10-15,4,1,price,,1
R08594,H01928,B09,,2025-10-15,3,1,packaging,,0
R08595,H01959,B12,,2025-10-15,4,1,texture,,0
R08596,H01972,B03,,2025-10-15,3,0,,price,0
R08597,H02158,B04,,2025-10-15,3,0,,sweetness,0
R08598,H02522,B14,,2025-10-15,5,1,versatility,,1
R08599,H02908,B06,,2025-10-15,5,1,saltiness,,1
R08600,H03000,B18,P037,2025-10-15,4,1,portability,energy boost,1
R08601,H03001,B09,P037,2025-10-15,2,0,,ingredients,0
R08602,H03003,B16,P037,2025-10-15,3,1,versatility,,1
R08603,H03006,B09,P037,2025-10-15,5,1,sweetness,,0
R08604,H03010,B09,P037,2025-10-15,3,0,,texture,1
R08605,H03011,B15,P037,2025-10-15,3,1,heat,,0
R08606,H03013,B16,P037,2025-10-15,5,1,price,,1
R08607,H03016,B16,P037,2025-10-15,5,1,jar size,,1
R08608,H03021,B03,P037,2025-10-15,4,0,sweetness,,0
R08609,H03023,B03,P037,2025-10-15,5,1,sweetness,,0
R08610,H03023,B16,P037,2025-10-15,4,1,versatility,,0
R08611,H03027,B03,P037,2025-10-15,5,1,aftertaste,,1
R08612,H03028,B16,P037,2025-10-15,4,1,versatility,flavour depth,1
R08613,H03029,B15,P037,2025-10-15,4,1,texture,,0
R08614,H03035,B16,P037,2025-10-15,4,1,price,,1
R08615,H03041,B09,P037,2025-10-15,3,1,taste,,1
R08616,H03043,B18,P037,2025-10-15,4,0,price,,0
R08617,H03045,B18,P037,2025-10-15,3,1,,price,0
R08618,H03046,B15,P037,2025-10-15,3,0,,versatility,0
R08619,H03052,B03,P037,2025-10-15,5,1,price,,1
R08620,H03054,B15,P037,2025-10-15,3,1,jar size,,0
R08621,H03063,B16,P037,2025-10-15,4,0,texture,,1
R08622,H03064,B18,P037,2025-10-15,4,0,energy boost,,0
R08623,H03065,B03,P037,2025-10-15,4,1,refreshing,,1
R08624,H03065,B16,P037,2025-10-15,4,1,texture,,1
R08625,H03071,B03,P037,2025-10-15,5,1,refreshing,,1
R08626,H03071,B09,P037,2025-10-15,5,1,packaging,,1
R08627,H03073,B18,P037,2025-10-15,5,1,ingredients,,0
R08628,H03078,B18,P037,2025-10-15,4,1,texture,,0
R08629,H03079,B03,P037,2025-10-15,5,1,taste,,1
R08630,H03079,B16,P037,2025-10-15,4,0,jar size,,1
R08631,H03082,B03,P037,2025-10-15,4,1,can design,,1
R08632,H03092,B09,P037,2025-10-15,4,0,taste,packaging,0
R08633,H03093,B15,P037,2025-10-15,3,1,,texture,1
R08634,H03096,B15,P037,2025-10-15,4,1,heat,flavour depth,0
R08635,H03098,B15,P037,2025-10-15,2,0,,texture,0
R08636,H03099,B18,P037,2025-10-15,4,1,portability,,0
R08637,H00068,B09,,2025-10-16,4,1,price,,1
R08638,H00087,B09,,2025-10-16,5,1,price,,1
R08639,H00252,B20,,2025-10-16,3,0,,portability,0
R08640,H00427,B08,,2025-10-16,3,0,portion size,,1
R08641,H00483,B02,,2025-10-16,4,1,can design,,1
R08642,H00519,B20,,2025-10-16,5,1,portability,,1
R08643,H00547,B07,,2025-10-16,4,0,portion size,,1
R08644,H00602,B14,,2025-10-16,5,1,heat,,1
R08645,H01117,B06,,2025-10-16,5,1,saltiness,,0
R08646,H01129,B11,,2025-10-16,5,1,price,texture,1
R08647,H01173,B04,,2025-10-16,4,1,can design,refreshing,1
R08648,H01256,B13,,2025-10-16,5,1,jar size,,1
R08649,H01277,B03,,2025-10-16,4,1,taste,,1
R08650,H01285,B09,,2025-10-16,4,1,sweetness,,1
R08651,H01312,B06,,2025-10-16,5,1,seasoning,,1
R08652,H01338,B07,,2025-10-16,3,1,seasoning,,1
R08653,H01437,B09,,2025-10-16,4,1,packaging,,0
R08654,H02116,B19,,2025-10-16,3,0,,price,1
R08655,H02224,B11,,2025-10-16,1,0,,texture,0
R08656,H02252,B20,,2025-10-16,3,0,,taste,1
R08657,H02482,B01,,2025-10-16,5,1,taste,,1
R08658,H02544,B15,,2025-10-16,4,1,price,,0
R08659,H02800,B13,,2025-10-16,4,1,jar size,,1
R08660,H02811,B01,,2025-10-16,4,1,price,,1
R08661,H02972,B17,,2025-10-16,4,1,price,ingredients,1
R08662,H03010,B16,P037,2025-10-16,3,0,,texture,1
R08663,H03012,B09,P037,2025-10-16,4,1,texture,,0
R08664,H03019,B16,P037,2025-10-16,4,1,flavour depth,,1
R08665,H03023,B09,P037,2025-10-16,4,0,ingredients,taste,0
R08666,H03027,B15,P037,2025-10-16,4,1,jar size,,0
R08667,H03028,B03,P037,2025-10-16,4,1,can design,,1
R08668,H03038,B15,P037,2025-10-16,3,1,,flavour depth,0
R08669,H03041,B15,P037,2025-10-16,4,0,price,,0
R08670,H03041,B16,P037,2025-10-16,5,1,jar size,,1
R08671,H03045,B09,P037,2025-10-16,4,1,sweetness,,1
R08672,H03046,B16,P037,2025-10-16,5,1,texture,,1
R08673,H03048,B03,P037,2025-10-16,5,1,aftertaste,,1
R08674,H03048,B16,P037,2025-10-16,4,1,price,,1
R08675,H03049,B18,P037,2025-10-16,4,0,ingredients,,0
R08676,H03053,B15,P037,2025-10-16,3,1,jar size,,0
R08677,H03058,B09,P037,2025-10-16,4,1,taste,,0
R08678,H03059,B16,P037,2025-10-16,2,0,,price,1
R08679,H03060,B18,P037,2025-10-16,4,1,portability,,1
R08680,H03064,B09,P037,2025-10-16,5,1,sweetness,,1
R08681,H03068,B20,,2025-10-16,5,1,ingredients,,1
R08682,H03069,B18,P037,2025-10-16,4,0,energy boost,,1
R08683,H03074,B16,P037,2025-10-16,4,1,versatility,,1
R08684,H03075,B18,P037,2025-10-16,5,1,portability,,1
R08685,H03076,B09,P037,2025-10-16,3,0,texture,,1
R08686,H03079,B18,P037,2025-10-16,5,1,price,,1
R08687,H03087,B18,P037,2025-10-16,5,1,price,,1
R08688,H03090,B03,P037,2025-10-16,3,1,price,,1
R08689,H03092,B03,P037,2025-10-16,4,1,aftertaste,sweetness,1
R08690,H03099,B15,P037,2025-10-16,2,0,,texture,0
R08691,H03099,B16,P037,2025-10-16,5,1,heat,price,1
R08692,H00017,B01,,2025-10-17,5,1,can design,,1
R08693,H00180,B04,,2025-10-17,3,0,sweetness,,0
R08694,H00409,B01,,2025-10-17,3,1,,sweetness,1
R08695,H00447,B13,,2025-10-17,3,0,flavour depth,,0
R08696,H01157,B16,,2025-10-17,5,1,flavour depth,,0
R08697,H01200,B19,,2025-10-17,3,1,,ingredients,1
R08698,H01287,B17,,2025-10-17,3,0,,texture,1
R08699,H01305,B13,,2025-10-17,4,1,texture,,1
R08700,H01386,B05,,2025-10-17,3,0,,crunch,0
R08701,H01453,B17,,2025-10-17,5,1,taste,,1
R08702,H01720,B02,,2025-10-17,4,1,can design,,0
R08703,H01891,B05,,2025-10-17,5,1,portion size,,1
R08704,H01919,B13,,2025-10-17,4,1,versatility,heat,1
R08705,H01919,B15,,2025-10-17,5,1,jar size,,1
R08706,H02189,B10,,2025-10-17,4,0,ingredients,,0
R08707,H02504,B07,,2025-10-17,3,1,crunch,,1
R08708,H02536,B19,,2025-10-17,5,1,ingredients,,1
R08709,H02711,B04,,2025-10-17,2,0,price,can design,0
R08710,H02953,B10,,2025-10-17,3,1,,packaging,0
R08711,H02998,B18,P037,2025-10-17,4,1,ingredients,,0
R08712,H03000,B09,P037,2025-10-17,4,0,packaging,,0
R08713,H03004,B03,P037,2025-10-17,4,1,fizz,,1
R08714,H03009,B16,P037,2025-10-17,5,1,heat,versatility,1
R08715,H03010,B15,P037,2025-10-17,3,0,,flavour depth,0
R08716,H03013,B15,P037,2025-10-17,3,1,,price,0
R08717,H03018,B03,P037,2025-10-17,5,1,can design,,1
R08718,H03020,B09,P037,2025-10-17,4,1,price,,1
R08719,H03022,B18,P037,2025-10-17,4,1,portability,texture,0
R08720,H03028,B18,P037,2025-10-17,4,0,taste,,0
R08721,H03037,B15,P037,2025-10-17,4,1,heat,,0
R08722,H03042,B03,P037,2025-10-17,4,1,fizz,,1
R08723,H03054,B18,P037,2025-10-17,4,0,texture,taste,0
R08724,H03056,B15,P037,2025-10-17,3,1,texture,,0
R08725,H03059,B15,P037,2025-10-17,3,1,,jar size,0
R08726,H03063,B18,P037,2025-10-17,5,0,texture,,1
R08727,H03069,B03,P037,2025-10-17,5,1,taste,,1
R08728,H03078,B16,P037,2025-10-17,4,1,heat,texture,1
R08729,H03094,B09,P037,2025-10-17,3,0,,packaging,1
R08730,H00174,B03,,2025-10-18,3,0,price,,0
R08731,H00371,B16,,2025-10-18,3,1,,flavour depth,0
R08732,H01090,B09,,2025-10-18,4,1,taste,,0
R08733,H01459,B07,,2025-10-18,4,1,seasoning,,1
R08734,H01685,B14,,2025-10-18,3,0,,versatility,0
R08735,H01721,B16,,2025-10-18,3,1,,heat,1
R08736,H01858,B03,,2025-10-18,4,1,sweetness,,0
R08737,H02008,B18,,2025-10-18,5,1,taste,,1
R08738,H02062,B18,,2025-10-18,4,0,price,,1
R08739,H02553,B09,,2025-10-18,4,0,sweetness,,0
R08740,H02598,B18,,2025-10-18,4,1,portability,,0
R08741,H02659,B20,,2025-10-18,3,1,,portability,0
R08742,H02884,B03,,2025-10-18,4,1,refreshing,,1
R08743,H02937,B20,,2025-10-18,3,0,texture,,0
R08744,H03005,B16,P037,2025-10-18,4,1,price,,1
R08745,H03005,B18,P037,2025-10-18,3,0,ingredients,,1
R08746,H03006,B03,P037,2025-10-18,5,1,refreshing,,1
R08747,H03007,B03,P037,2025-10-18,4,1,refreshing,,1
R08748,H03007,B18,P037,2025-10-18,5,1,taste,,0
R08749,H03013,B09,P037,2025-10-18,4,1,taste,,0
R08750,H03014,B18,P037,2025-10-18,5,1,ingredients,,1
R08751,H03016,B03,P037,2025-10-18,5,1,aftertaste,,1
R08752,H03026,B09,P037,2025-10-18,3,0,,price,0
R08753,H03026,B18,P037,2025-10-18,3,0,,price,1
R08754,H03031,B15,P037,2025-10-18,3,0,,texture,0
R08755,H03034,B03,P037,2025-10-18,4,1,sweetness,,1
R08756,H03034,B15,P037,2025-10-18,3,0,price,,0
R08757,H03036,B16,P037,2025-10-18,5,1,flavour depth,,1
R08758,H03039,B03,P037,2025-10-18,5,1,refreshing,,1
R08759,H03045,B16,P037,2025-10-18,4,1,texture,versatility,0
R08760,H03046,B09,P037,2025-10-18,4,1,price,,1
R08761,H03046,B18,P037,2025-10-18,3,0,taste,,0
R08762,H03055,B16,P037,2025-10-18,5,1,price,,1
R08763,H03059,B18,P037,2025-10-18,5,1,portability,,0
R08764,H03062,B18,P037,2025-10-18,3,1,price,,1
R08765,H03066,B09,P037,2025-10-18,4,1,texture,,1
R08766,H03066,B15,P037,2025-10-18,5,0,jar size,texture,0
R08767,H03071,B16,P037,2025-10-18,4,0,versatility,,1
R08768,H03071,B18,P037,2025-10-18,5,1,portability,price,0
R08769,H03076,B03,P037,2025-10-18,5,0,fizz,,1
R08770,H03080,B09,P037,2025-10-18,4,1,texture,taste,1
R08771,H03086,B03,P037,2025-10-18,5,1,fizz,,1
R08772,H03088,B16,P037,2025-10-18,3,0,,heat,1
R08773,H03090,B16,P037,2025-10-18,5,1,versatility,,1
R08774,H03093,B16,P037,2025-10-18,4,0,flavour depth,,0
R08775,H03094,B03,P037,2025-10-18,4,1,sweetness,,1
R08776,H03098,B16,P037,2025-10-18,3,0,,flavour depth,1
R08777,H00009,B17,,2025-10-19,4,0,ingredients,,1
R08778,H00201,B04,,2025-10-19,3,0,price,,0
R08779,H00223,B02,,2025-10-19,3,0,,refreshing,0
R08780,H00284,B10,,2025-10-19,5,1,ingredients,,1
R08781,H00421,B18,,2025-10-19,5,1,texture,,1
R08782,H00438,B17,,2025-10-19,5,1,taste,,1
R08783,H00836,B20,,2025-10-19,3,0,,taste,1
R08784,H00986,B13,,2025-10-19,4,0,jar size,,1
R08785,H01138,B11,,2025-10-19,4,1,taste,,0
R08786,H01237,B09,,2025-10-19,2,0,,sweetness,1
R08787,H01339,B13,,2025-10-19,4,1,jar size,,1
R08788,H01429,B02,,2025-10-19,3,0,sweetness,,0
R08789,H01580,B20,,2025-10-19,4,1,energy boost,portability,1
R08790,H01586,B03,,2025-10-19,4,1,can design,,1
R08791,H01640,B18,,2025-10-19,4,0,texture,,0
R08792,H01803,B12,,2025-10-19,4,1,sweetness,,0
R08793,H01832,B03,,2025-10-19,4,1,fizz,,1
R08794,H01949,B02,,2025-10-19,4,1,taste,,1
R08795,H01964,B20,,2025-10-19,2,0,,texture,0
R08796,H01964,B11,,2025-10-19,5,1,packaging,,1
R08797,H02231,B03,,2025-10-19,5,1,price,,1
R08798,H02243,B04,,2025-10-19,5,1,fizz,can design,1
R08799,H02363,B07,,2025-10-19,5,1,price,,0
R08800,H02388,B20,,2025-10-19,4,1,price,energy boost,1
R08801,H02396,B13,,2025-10-19,4,1,heat,,1
R08802,H02480,B10,,2025-10-19,5,1,taste,,1
R08803,H02585,B06,,2025-10-19,4,0,portion size,packaging,1
R08804,H02689,B11,,2025-10-19,4,0,texture,,0
R08805,H02695,B10,,2025-10-19,4,1,sweetness,taste,1
R08806,H02880,B07,,2025-10-19,3,0,,crunch,0
R08807,H02905,B14,,2025-10-19,4,1,heat,,0
R08808,H02916,B12,,2025-10-19,3,1,price,,0
R08809,H02998,B03,P037,2025-10-19,4,1,refreshing,,1
R08810,H03001,B16,P037,2025-10-19,4,1,texture,,1
R08811,H03009,B18,P037,2025-10-19,4,1,energy boost,,0
R08812,H03015,B03,P037,2025-10-19,3,0,refreshing,,1
R08813,H03026,B16,P037,2025-10-19,4,1,jar size,,1
R08814,H03033,B09,P037,2025-10-19,4,1,price,,1
R08815,H03033,B15,P037,2025-10-19,4,0,price,,0
R08816,H03036,B15,P037,2025-10-19,3,1,versatility,,0
R08817,H03040,B15,P037,2025-10-19,3,0,versatility,,0
R08818,H03043,B09,P037,2025-10-19,4,1,price,texture,1
R08819,H03051,B15,P037,2025-10-19,4,1,heat,,0
R08820,H03054,B03,P037,2025-10-19,5,1,taste,aftertaste,1
R08821,H03055,B03,P037,2025-10-19,4,1,price,,1
R08822,H03061,B09,P037,2025-10-19,5,1,texture,,1
R08823,H03062,B16,P037,2025-10-19,3,0,,jar size,1
R08824,H03066,B18,P037,2025-10-19,4,1,texture,,0
R08825,H03069,B09,P037,2025-10-19,5,1,sweetness,,0
R08826,H03073,B09,P037,2025-10-19,4,1,packaging,,1
R08827,H03073,B15,P037,2025-10-19,3,0,,texture,0
R08828,H03076,B18,P037,2025-10-19,5,1,ingredients,,0
R08829,H03080,B15,P037,2025-10-19,5,1,heat,,0
R08830,H03088,B18,P037,2025-10-19,5,1,texture,energy boost,1
R08831,H03089,B18,P037,2025-10-19,5,1,texture,,1
R08832,H03092,B15,P037,2025-10-19,3,0,flavour depth,,0
R08833,H03095,B03,P037,2025-10-19,5,1,sweetness,,1
R08834,H03095,B09,P037,2025-10-19,4,1,price,sweetness,1
R08835,H03095,B15,P037,2025-10-19,4,0,texture,price,0
R08836,H03096,B09,P037,2025-10-19,5,1,taste,price,1
R08837,H03098,B18,P037,2025-10-19,4,1,price,,0
R08838,H00322,B01,,2025-10-20,5,1,taste,,1
R08839,H00446,B16,,2025-10-20,4,0,price,,0
R08840,H00533,B04,,2025-10-20,5,1,sweetness,,1
R08841,H00750,B20,,2025-10-20,3,0,texture,,1
R08842,H00835,B20,,2025-10-20,4,1,ingredients,,0
R08843,H01517,B15,,2025-10-20,4,1,heat,texture,1
R08844,H01535,B17,,2025-10-20,5,1,taste,,1
R08845,H01571,B07,,2025-10-20,4,1,price,saltiness,1
R08846,H01717,B07,,2025-10-20,2,0,,portion size,0
R08847,H01783,B03,,2025-10-20,5,1,sweetness,,1
R08848,H01932,B18,,2025-10-20,3,0,,price,0
R08849,H02218,B04,,2025-10-20,3,0,aftertaste,,0
R08850,H02409,B07,,2025-10-20,3,0,packaging,,1
R08851,H02546,B07,,2025-10-20,4,1,packaging,,1
R08852,H02634,B10,,2025-10-20,4,1,ingredients,,0
R08853,H02781,B20,,2025-10-20,3,1,,price,0
R08854,H03004,B18,,2025-10-20,3,0,price,,0
R08855,H00398,B07,,2025-10-21,4,1,portion size,packaging,0
R08856,H00540,B19,,2025-10-21,3,1,,ingredients,0
R08857,H00884,B07,,2025-10-21,5,1,seasoning,saltiness,1
R08858,H01091,B15,,2025-10-21,4,1,jar size,,0
R08859,H01145,B18,,2025-10-21,4,1,price,,0
R08860,H01268,B19,,2025-10-21,2,0,,texture,0
R08861,H01298,B04,,2025-10-21,3,0,taste,,1
R08862,H01391,B08,,2025-10-21,3,0,seasoning,,1
R08863,H01685,B09,,2025-10-21,5,1,ingredients,,1
R08864,H01704,B01,,2025-10-21,4,1,sweetness,fizz,1
R08865,H01735,B10,,2025-10-21,4,1,taste,,1
R08866,H01819,B18,,2025-10-21,5,1,texture,,1
R08867,H01914,B11,,2025-10-21,4,1,ingredients,texture,0
R08868,H02298,B17,,2025-10-21,5,1,ingredients,,1
R08869,H02443,B12,,2025-10-21,3,0,ingredients,,0
R08870,H02462,B06,,2025-10-21,4,0,crunch,price,1
R08871,H02591,B13,,2025-10-21,3,1,texture,,0
R08872,H02891,B08,,2025-10-21,3,0,portion size,,0
R08873,H02903,B16,,2025-10-21,5,1,jar size,,1
R08874,H00143,B20,,2025-10-22,2,0,,taste,0
R08875,H00153,B15,,2025-10-22,2,0,price,flavour depth,0
R08876,H00187,B12,,2025-10-22,3,0,,ingredients,0
R08877,H00234,B18,,2025-10-22,2,0,texture,ingredients,0
R08878,H00540,B14,,2025-10-22,5,1,jar size,,1
R08879,H00590,B09,,2025-10-22,5,1,price,,1
R08880,H01844,B16,,2025-10-22,5,1,jar size,,1
R08881,H01848,B19,,2025-10-22,5,0,taste,energy boost,1
R08882,H01896,B02,,2025-10-22,2,0,,price,0
R08883,H02116,B09,,2025-10-22,3,0,,texture,1
R08884,H02733,B20,,2025-10-22,5,1,taste,,1
R08885,H02930,B01,,2025-10-22,5,1,sweetness,taste,1
R08886,H02972,B08,,2025-10-22,3,1,price,,0
R08887,H00068,B03,,2025-10-23,4,1,can design,fizz,1
R08888,H00205,B09,,2025-10-23,4,0,texture,taste,0
R08889,H00254,B05,,2025-10-23,5,1,crunch,,1
R08890,H00314,B14,,2025-10-23,5,1,versatility,,1
R08891,H00589,B10,,2025-10-23,2,0,,packaging,0
R08892,H00966,B18,,2025-10-23,5,1,energy boost,,0
R08893,H01706,B04,,2025-10-23,5,1,taste,refreshing,1
R08894,H01819,B09,,2025-10-23,4,1,taste,texture,0
R08895,H02112,B02,,2025-10-23,4,1,fizz,,0
R08896,H02223,B19,,2025-10-23,4,0,portability,,1
R08897,H02407,B04,,2025-10-23,5,1,fizz,,1
R08898,H02459,B06,,2025-10-23,4,0,price,saltiness,1
R08899,H02488,B14,,2025-10-23,4,1,flavour depth,,0
R08900,H02646,B13,,2025-10-23,3,1,texture,,1
R08901,H02742,B01,,2025-10-23,5,1,sweetness,,1
R08902,H02820,B12,,2025-10-23,3,1,,price,0
R08903,H02844,B03,,2025-10-23,5,1,sweetness,,1
R08904,H02908,B15,,2025-10-23,4,0,flavour depth,,0
R08905,H03108,B05,,2025-10-23,3,1,,packaging,1
R08906,H00177,B16,,2025-10-24,5,1,versatility,,1
R08907,H00256,B18,,2025-10-24,3,0,price,,0
R08908,H00314,B04,,2025-10-24,5,1,aftertaste,,1
R08909,H00359,B10,,2025-10-24,4,1,sweetness,,0
R08910,H00543,B18,,2025-10-24,4,1,portability,ingredients,0
R08911,H00552,B16,,2025-10-24,3,1,price,,0
R08912,H00844,B18,,2025-10-24,4,0,taste,,0
R08913,H00974,B13,,2025-10-24,5,1,price,,1
R08914,H01332,B17,,2025-10-24,4,1,price,,1
R08915,H01465,B15,,2025-10-24,4,0,heat,,1
R08916,H01535,B08,,2025-10-24,3,0,,price,0
R08917,H01543,B10,,2025-10-24,4,1,sweetness,texture,1
R08918,H01574,B02,,2025-10-24,2,0,,aftertaste,0
R08919,H01646,B20,,2025-10-24,4,1,energy boost,,1
R08920,H01755,B17,,2025-10-24,4,1,portability,,1
R08921,H02151,B08,,2025-10-24,4,1,portion size,,1
R08922,H02211,B02,,2025-10-24,2,0,,taste,0
R08923,H02230,B10,,2025-10-24,3,0,,taste,0
R08924,H02264,B08,,2025-10-24,3,0,crunch,,0
R08925,H02408,B13,,2025-10-24,5,1,flavour depth,,1
R08926,H02518,B06,,2025-10-24,5,1,seasoning,,1
R08927,H02605,B08,,2025-10-24,3,1,packaging,,1
R08928,H00189,B15,,2025-10-25,4,1,texture,versatility,1
R08929,H00250,B18,,2025-10-25,4,1,price,,0
R08930,H00346,B10,,2025-10-25,4,1,packaging,,0
R08931,H00503,B12,,2025-10-25,4,1,ingredients,,0
R08932,H00536,B08,,2025-10-25,4,1,saltiness,,1
R08933,H00657,B06,,2025-10-25,4,1,price,seasoning,0
R08934,H00805,B01,,2025-10-25,5,1,sweetness,refreshing,1
R08935,H00817,B04,,2025-10-25,4,1,fizz,,1
R08936,H00877,B12,,2025-10-25,3,1,,texture,0
R08937,H01063,B09,,2025-10-25,3,0,,sweetness,0
R08938,H01100,B14,,2025-10-25,3,0,,jar size,0
R08939,H01280,B18,,2025-10-25,3,0,ingredients,,0
R08940,H01353,B04,,2025-10-25,5,1,can design,refreshing,1
R08941,H01364,B04,,2025-10-25,4,0,refreshing,can design,0
R08942,H01434,B10,,2025-10-25,4,1,sweetness,,1
R08943,H01714,B06,,2025-10-25,3,1,,saltiness,1
R08944,H02109,B20,,2025-10-25,4,1,price,,0
R08945,H02273,B10,,2025-10-25,3,0,,ingredients,0
R08946,H02281,B14,,2025-10-25,3,0,,jar size,0
R08947,H02784,B17,,2025-10-25,3,0,,energy boost,1
R08948,H02788,B06,,2025-10-25,3,0,crunch,,1
R08949,H02878,B03,,2025-10-25,4,1,aftertaste,refreshing,0
R08950,H00137,B02,,2025-10-26,5,1,can design,sweetness,1
R08951,H00181,B18,,2025-10-26,4,0,texture,,1
R08952,H00216,B13,,2025-10-26,5,1,price,flavour depth,1
R08953,H00431,B12,,2025-10-26,3,1,sweetness,,1
R08954,H00483,B03,,2025-10-26,3,0,,can design,1
R08955,H00513,B18,,2025-10-26,3,0,,texture,0
R08956,H00893,B02,,2025-10-26,4,1,fizz,,1
R08957,H01174,B13,,2025-10-26,4,1,texture,,1
R08958,H01216,B14,,2025-10-26,4,1,texture,,0
R08959,H01557,B02,,2025-10-26,4,0,aftertaste,,1
R08960,H02009,B19,,2025-10-26,3,1,price,,0
R08961,H02175,B05,,2025-10-26,4,1,price,,0
R08962,H02271,B16,,2025-10-26,3,1,,jar size,0
R08963,H02294,B08,,2025-10-26,5,1,packaging,seasoning,1
R08964,H02783,B08,,2025-10-26,5,1,price,,1
R08965,H03012,B05,,2025-10-26,4,1,portion size,crunch,1
R08966,H00097,B12,,2025-10-27,5,1,taste,,0
R08967,H00138,B04,,2025-10-27,4,1,can design,,1
R08968,H00150,B12,,2025-10-27,5,1,packaging,,0
R08969,H00376,B10,,2025-10-27,5,1,packaging,,1
R08970,H00628,B09,,2025-10-27,4,0,price,,1
R08971,H00730,B16,,2025-10-27,5,1,jar size,,1
R08972,H00910,B05,,2025-10-27,4,1,packaging,,1
R08973,H01147,B08,,2025-10-27,3,0,portion size,,0
R08974,H01479,B16,,2025-10-27,3,0,,versatility,0
R08975,H01548,B08,,2025-10-27,4,1,price,,1
R08976,H01581,B16,,2025-10-27,3,0,,flavour depth,0
R08977,H01661,B09,,2025-10-27,4,1,packaging,sweetness,1
R08978,H01664,B10,,2025-10-27,5,1,taste,,1
R08979,H02030,B09,,2025-10-27,3,0,,price,0
R08980,H02035,B18,,2025-10-27,5,1,price,,1
R08981,H02055,B03,,2025-10-27,3,1,,taste,0
R08982,H02077,B06,,2025-10-27,5,1,portion size,crunch,1
R08983,H02094,B20,,2025-10-27,4,1,energy boost,price,1
R08984,H02399,B05,,2025-10-27,3,0,packaging,,1
R08985,H02457,B18,,2025-10-27,4,1,ingredients,,0
R08986,H02496,B12,,2025-10-27,4,0,taste,,0
R08987,H02498,B09,,2025-10-27,3,0,sweetness,,1
R08988,H02645,B13,,2025-10-27,4,1,jar size,,1
R08989,H02648,B07,,2025-10-27,5,1,price,saltiness,1
R08990,H02716,B04,,2025-10-27,4,1,price,sweetness,1
R08991,H02776,B16,,2025-10-27,4,1,versatility,,0
R08992,H02820,B10,,2025-10-27,3,0,,taste,1
R08993,H02860,B10,,2025-10-27,4,1,packaging,,0
R08994,H03023,B10,,2025-10-27,4,0,price,,1
R08995,H00337,B17,,2025-10-28,5,1,taste,,1
R08996,H00442,B15,,2025-10-28,5,1,texture,,1
R08997,H00755,B16,,2025-10-28,4,0,texture,jar size,1
R08998,H00961,B09,,2025-10-28,4,0,packaging,,1
R08999,H00970,B18,,2025-10-28,5,1,taste,,1
R09000,H01162,B04,,2025-10-28,4,1,taste,,1
R09001,H01319,B14,,2025-10-28,5,1,texture,,1
R09002,H02119,B14,,2025-10-28,3,0,,versatility,0
R09003,H02196,B16,,2025-10-28,4,0,price,versatility,1
R09004,H02265,B04,,2025-10-28,4,1,sweetness,,1
R09005,H02338,B08,,2025-10-28,3,1,portion size,,0
R09006,H02450,B20,,2025-10-28,3,0,texture,,0
R09007,H02532,B07,,2025-10-28,3,0,,saltiness,0
R09008,H02550,B07,,2025-10-28,3,0,crunch,,0
R09009,H03000,B06,,2025-10-28,5,1,price,,1
R09010,H00258,B17,,2025-10-29,3,1,,energy boost,0
R09011,H00344,B03,,2025-10-29,4,1,refreshing,price,1
R09012,H00347,B08,,2025-10-29,4,0,crunch,,1
R09013,H00434,B09,,2025-10-29,4,1,price,,1
R09014,H00445,B01,,2025-10-29,3,0,,taste,1
R09015,H00514,B09,,2025-10-29,2,0,,taste,0
R09016,H00564,B20,,2025-10-29,3,0,,portability,0
R09017,H00837,B19,,2025-10-29,2,0,,energy boost,0
R09018,H01120,B11,,2025-10-29,5,1,price,,1
R09019,H01203,B07,,2025-10-29,4,0,packaging,portion size,1
R09020,H01318,B08,,2025-10-29,4,1,price,,0
R09021,H01560,B14,,2025-10-29,5,1,heat,,1
R09022,H01640,B04,,2025-10-29,4,1,aftertaste,,1
R09023,H01709,B11,,2025-10-29,4,1,sweetness,,0
R09024,H01822,B07,,2025-10-29,3,0,,packaging,1
R09025,H01845,B01,,2025-10-29,5,1,aftertaste,,1
R09026,H01924,B20,,2025-10-29,4,1,price,portability,0
R09027,H02319,B04,,2025-10-29,3,1,refreshing,,1
R09028,H02360,B14,,2025-10-29,4,1,price,,0
R09029,H02472,B20,,2025-10-29,5,1,price,,1
R09030,H02489,B05,,2025-10-29,4,1,crunch,,0
R09031,H02572,B08,,2025-10-29,4,1,seasoning,,1
R09032,H03067,B13,,2025-10-29,3,0,price,,1
R09033,H03078,B05,,2025-10-29,4,0,packaging,,1
R09034,H03118,B13,,2025-10-29,4,1,texture,,1
R09035,H03131,B03,P038,2025-10-29,2,0,,sweetness,0
R09036,H03132,B18,P038,2025-10-29,4,0,texture,,1
R09037,H03142,B12,P038,2025-10-29,4,0,price,,0
R09038,H03146,B03,P038,2025-10-29,4,1,fizz,,1
R09039,H03161,B02,P038,2025-10-29,4,1,sweetness,,1
R09040,H03171,B02,P038,2025-10-29,4,1,taste,,1
R09041,H03174,B16,P038,2025-10-29,3,0,price,,1
R09042,H03175,B16,P038,2025-10-29,3,1,,versatility,1
R09043,H03176,B18,P038,2025-10-29,4,1,energy boost,,1
R09044,H03179,B03,P038,2025-10-29,4,0,fizz,,0
R09045,H03198,B16,P038,2025-10-29,5,1,price,flavour depth,0
R09046,H03210,B02,P038,2025-10-29,4,1,taste,,1
R09047,H00216,B07,,2025-10-30,5,1,seasoning,,1
R09048,H00397,B06,,2025-10-30,4,1,portion size,,1
R09049,H01261,B03,,2025-10-30,4,1,aftertaste,,1
R09050,H01435,B14,,2025-10-30,5,1,heat,,1
R09051,H01541,B09,,2025-10-30,5,1,packaging,texture,1
R09052,H01667,B07,,2025-10-30,3,0,,saltiness,0
R09053,H01785,B20,,2025-10-30,3,0,,portability,1
R09054,H02262,B09,,2025-10-30,4,1,packaging,,0
R09055,H02403,B02,,2025-10-30,4,1,price,,1
R09056,H02540,B13,,2025-10-30,4,1,texture,,1
R09057,H02664,B12,,2025-10-30,4,0,taste,,1
R09058,H02671,B08,,2025-10-30,3,1,saltiness,,1
R09059,H02785,B07,,2025-10-30,1,0,,seasoning,0
R09060,H02851,B08,,2025-10-30,5,1,packaging,,1
R09061,H03129,B03,P038,2025-10-30,3,0,can design,,0
R09062,H03131,B18,P038,2025-10-30,4,1,taste,,1
R09063,H03137,B18,P038,2025-10-30,3,1,,energy boost,1
R09064,H03141,B03,P038,2025-10-30,4,1,aftertaste,can design,1
R09065,H03142,B02,P038,2025-10-30,4,1,price,,1
R09066,H03152,B16,P038,2025-10-30,4,1,flavour depth,,1
R09067,H03170,B16,P038,2025-10-30,4,0,heat,,1
R09068,H03174,B12,P038,2025-10-30,3,0,,ingredients,0
R09069,H03190,B13,,2025-10-30,2,1,,jar size,0
R09070,H03191,B16,P038,2025-10-30,3,0,,heat,1
R09071,H03196,B02,P038,2025-10-30,5,1,refreshing,,0
R09072,H03197,B16,P038,2025-10-30,5,1,price,,1
R09073,H00072,B16,,2025-10-31,5,1,price,,1
R09074,H00154,B08,,2025-10-31,4,0,price,,0
R09075,H00223,B11,,2025-10-31,4,0,texture,price,1
R09076,H00266,B15,,2025-10-31,3,0,price,,1
R09077,H00535,B10,,2025-10-31,5,1,sweetness,,1
R09078,H00651,B14,,2025-10-31,5,1,texture,,1
R09079,H00734,B15,,2025-10-31,3,1,heat,,0
R09080,H00739,B03,,2025-10-31,4,1,taste,price,1
R09081,H00816,B09,,2025-10-31,5,1,texture,,1
R09082,H00874,B18,,2025-10-31,5,1,ingredients,,1
R09083,H00984,B04,,2025-10-31,5,1,aftertaste,,1
R09084,H01247,B08,,2025-10-31,5,1,crunch,portion size,1
R09085,H01333,B20,,2025-10-31,2,0,,energy boost,0
R09086,H01344,B12,,2025-10-31,2,0,,ingredients,0
R09087,H01355,B04,,2025-10-31,5,1,sweetness,,1
R09088,H01453,B19,,2025-10-31,5,1,ingredients,,1
R09089,H01565,B05,,2025-10-31,3,0,,seasoning,0
R09090,H01579,B17,,2025-10-31,3,1,energy boost,,1
R09091,H01614,B03,,2025-10-31,5,1,refreshing,price,1
R09092,H01657,B03,,2025-10-31,4,1,sweetness,,1
R09093,H02367,B18,,2025-10-31,2,0,,portability,0
R09094,H02434,B06,,2025-10-31,5,1,seasoning,,1
R09095,H02598,B07,,2025-10-31,5,1,price,,1
R09096,H02617,B18,,2025-10-31,3,0,,taste,1
R09097,H02855,B06,,2025-10-31,3,0,,price,1
R09098,H02859,B01,,2025-10-31,3,1,aftertaste,,0
R09099,H03086,B10,,2025-10-31,5,0,ingredients,sweetness,1
R09100,H03132,B02,P038,2025-10-31,5,1,can design,,1
R09101,H03133,B02,P038,2025-10-31,4,1,sweetness,,0
R09102,H03134,B12,P038,2025-10-31,4,1,ingredients,packaging,0
R09103,H03136,B02,P038,2025-10-31,5,1,sweetness,,0
R09104,H03137,B12,P038,2025-10-31,4,0,price,,0
R09105,H03147,B05,,2025-10-31,4,1,seasoning,,1
R09106,H03153,B12,P038,2025-10-31,3,1,taste,,0
R09107,H03153,B18,P038,2025-10-31,2,0,portability,texture,0
R09108,H03157,B02,P038,2025-10-31,3,1,,sweetness,0
R09109,H03159,B12,P038,2025-10-31,4,1,ingredients,,0
R09110,H03163,B02,P038,2025-10-31,4,1,aftertaste,,1
R09111,H03164,B02,P038,2025-10-31,4,0,taste,,0
R09112,H03167,B02,P038,2025-10-31,5,1,fizz,,1
R09113,H03167,B12,P038,2025-10-31,4,1,taste,,0
R09114,H03170,B02,P038,2025-10-31,4,0,taste,,0
R09115,H03189,B12,P038,2025-10-31,5,1,price,,1
R09116,H03200,B02,P038,2025-10-31,5,0,fizz,,1
R09117,H03200,B12,P038,2025-10-31,3,0,,texture,0
R09118,H03208,B12,P038,2025-10-31,3,0,sweetness,,0
R09119,H03210,B16,P038,2025-10-31,3,0,flavour depth,,0
R09120,H00037,B09,,2025-11-01,3,1,price,,1
R09121,H00198,B20,,2025-11-01,3,0,portability,,1
R09122,H00348,B18,,2025-11-01,5,1,texture,price,1
R09123,H00435,B18,,2025-11-01,5,1,portability,,0
R09124,H00457,B12,,2025-11-01,3,0,,sweetness,0
R09125,H00457,B07,,2025-11-01,4,0,saltiness,,0
R09126,H00787,B10,,2025-11-01,5,0,texture,,1
R09127,H01035,B13,,2025-11-01,3,0,price,,0
R09128,H01414,B16,,2025-11-01,3,0,,jar size,1
R09129,H01579,B08,,2025-11-01,4,0,crunch,saltiness,0
R09130,H01656,B14,,2025-11-01,4,1,flavour depth,,1
R09131,H01683,B16,,2025-11-01,4,1,price,heat,0
R09132,H01890,B10,,2025-11-01,3,0,taste,,0
R09133,H02004,B14,,2025-11-01,4,1,heat,,0
R09134,H02126,B11,,2025-11-01,5,1,packaging,,1
R09135,H02230,B07,,2025-11-01,5,1,crunch,,1
R09136,H02500,B06,,2025-11-01,4,1,price,,1
R09137,H02605,B06,,2025-11-01,3,0,crunch,,0
R09138,H02650,B04,,2025-11-01,5,1,taste,,1
R09139,H02675,B04,,2025-11-01,4,0,can design,,1
R09140,H02732,B07,,2025-11-01,3,1,seasoning,,1
R09141,H03069,B20,,2025-11-01,4,1,portability,,0
R09142,H03151,B03,P038,2025-11-01,4,1,taste,,1
R09143,H03194,B18,P038,2025-11-01,4,1,energy boost,taste,1
R09144,H03204,B18,P038,2025-11-01,3,0,texture,,1
R09145,H03210,B12,P038,2025-11-01,4,1,packaging,,0
R09146,H03223,B01,P039,2025-11-01,3,1,,taste,1
R09147,H03226,B05,P039,2025-11-01,4,0,portion size,,1
R09148,H03228,B01,P039,2025-11-01,5,1,refreshing,,1
R09149,H03230,B13,P039,2025-11-01,4,1,jar size,,1
R09150,H03236,B17,P039,2025-11-01,4,1,energy boost,,1
R09151,H00143,B05,,2025-11-02,4,0,seasoning,,1
R09152,H00183,B02,,2025-11-02,5,1,price,,1
R09153,H00321,B01,,2025-11-02,5,1,sweetness,,1
R09154,H00392,B15,,2025-11-02,4,1,flavour depth,,0
R09155,H00498,B04,,2025-11-02,4,0,sweetness,fizz,0
R09156,H00885,B01,,2025-11-02,4,1,sweetness,,1
R09157,H00904,B03,,2025-11-02,3,1,,fizz,1
R09158,H01080,B14,,2025-11-02,4,1,price,,0
R09159,H01172,B14,,2025-11-02,5,1,texture,,1
R09160,H01298,B13,,2025-11-02,4,0,jar size,,1
R09161,H01536,B09,,2025-11-02,3,0,,taste,0
R09162,H01728,B13,,2025-11-02,2,0,,texture,0
R09163,H01970,B12,,2025-11-02,3,0,taste,,0
R09164,H01989,B04,,2025-11-02,4,1,can design,,1
R09165,H02026,B18,,2025-11-02,3,0,price,,1
R09166,H02285,B11,,2025-11-02,3,1,taste,,0
R09167,H02579,B04,,2025-11-02,3,0,sweetness,,1
R09168,H02600,B03,,2025-11-02,4,1,aftertaste,,1
R09169,H02717,B16,,2025-11-02,3,0,jar size,,0
R09170,H03130,B03,P038,2025-11-02,4,1,refreshing,,0
R09171,H03138,B02,P038,2025-11-02,5,1,taste,,0
R09172,H03144,B12,P038,2025-11-02,4,1,price,,0
R09173,H03150,B02,P038,2025-11-02,5,1,refreshing,,1
R09174,H03153,B02,P038,2025-11-02,5,1,refreshing,,1
R09175,H03157,B12,P038,2025-11-02,3,0,taste,,1
R09176,H03162,B18,P038,2025-11-02,4,1,ingredients,,1
R09177,H03178,B02,P038,2025-11-02,5,1,price,sweetness,1
R09178,H03183,B03,P038,2025-11-02,2,0,,sweetness,0
R09179,H03192,B16,P038,2025-11-02,4,1,price,,0
R09180,H03199,B18,P038,2025-11-02,4,1,taste,,1
R09181,H03201,B02,P038,2025-11-02,5,1,refreshing,,1
R09182,H03204,B16,P038,2025-11-02,3,1,,jar size,0
R09183,H03209,B08,,2025-11-02,3,1,seasoning,,0
R09184,H03211,B12,P038,2025-11-02,3,1,,packaging,0
R09185,H03222,B11,P039,2025-11-02,5,1,ingredients,price,0
R09186,H03224,B01,P039,2025-11-02,5,1,refreshing,can design,1
R09187,H03234,B17,P039,2025-11-02,5,1,energy boost,price,1
R09188,H00237,B19,,2025-11-03,3,0,energy boost,,1
R09189,H00549,B13,,2025-11-03,4,1,flavour depth,versatility,1
R09190,H00617,B08,,2025-11-03,5,1,packaging,,1
R09191,H00891,B19,,2025-11-03,5,1,price,taste,1
R09192,H00975,B20,,2025-11-03,4,1,ingredients,,0
R09193,H01097,B06,,2025-11-03,4,1,crunch,saltiness,1
R09194,H01208,B17,,2025-11-03,5,1,texture,,1
R09195,H01303,B03,,2025-11-03,4,0,aftertaste,sweetness,1
R09196,H01703,B15,,2025-11-03,3,0,jar size,,0
R09197,H01786,B20,,2025-11-03,5,1,ingredients,price,1
R09198,H02041,B03,,2025-11-03,4,1,taste,,1
R09199,H02287,B15,,2025-11-03,4,1,flavour depth,,0
R09200,H02548,B13,,2025-11-03,5,1,jar size,,1
R09201,H02833,B02,,2025-11-03,4,1,aftertaste,,0
R09202,H02932,B13,,2025-11-03,5,1,jar size,heat,1
R09203,H02967,B01,,2025-11-03,4,0,sweetness,,1
R09204,H03124,B17,,2025-11-03,5,1,energy boost,ingredients,1
R09205,H03135,B16,P038,2025-11-03,5,1,heat,,1
R09206,H03136,B11,,2025-11-03,3,1,,ingredients,1
R09207,H03140,B03,P038,2025-11-03,2,0,,fizz,1
R09208,H03146,B12,P038,2025-11-03,2,1,,sweetness,0
R09209,H03158,B03,P038,2025-11-03,5,1,refreshing,,1
R09210,H03159,B18,P038,2025-11-03,4,1,energy boost,,1
R09211,H03160,B03,P038,2025-11-03,2,0,,sweetness,0
R09212,H03169,B18,P038,2025-11-03,4,1,price,,0
R09213,H03173,B16,P038,2025-11-03,2,0,,jar size,0
R09214,H03181,B16,P038,2025-11-03,3,1,,heat,1
R09215,H03181,B18,P038,2025-11-03,3,0,,price,0
R09216,H03187,B18,P038,2025-11-03,4,1,texture,,1
R09217,H03189,B16,P038,2025-11-03,5,1,price,,0
R09218,H03190,B12,P038,2025-11-03,3,1,,taste,0
R09219,H03198,B03,P038,2025-11-03,3,0,,aftertaste,0
R09220,H03202,B12,P038,2025-11-03,4,1,ingredients,,0
R09221,H03208,B02,P038,2025-11-03,5,1,aftertaste,,1
R09222,H03208,B03,P038,2025-11-03,2,0,,price,0
R09223,H03210,B03,P038,2025-11-03,3,0,sweetness,,0
R09224,H03230,B11,P039,2025-11-03,5,1,ingredients,,0
R09225,H03236,B11,P039,2025-11-03,3,0,,packaging,1
R09226,H00106,B16,,2025-11-04,5,1,versatility,,1
R09227,H00205,B06,,2025-11-04,5,1,price,crunch,1
R09228,H00789,B04,,2025-11-04,3,0,,price,0
R09229,H00997,B20,,2025-11-04,3,0,price,,0
R09230,H01277,B14,,2025-11-04,2,0,,price,0
R09231,H01371,B08,,2025-11-04,4,1,portion size,saltiness,0
R09232,H01426,B03,,2025-11-04,3,0,aftertaste,,0
R09233,H01433,B15,,2025-11-04,4,1,flavour depth,,0
R09234,H01447,B19,,2025-11-04,4,1,ingredients,,0
R09235,H01511,B10,,2025-11-04,5,1,sweetness,,0
R09236,H01771,B05,,2025-11-04,3,0,,price,1
R09237,H01865,B07,,2025-11-04,5,1,price,,1
R09238,H02053,B03,,2025-11-04,5,1,aftertaste,fizz,1
R09239,H02098,B09,,2025-11-04,3,0,packaging,,0
R09240,H02140,B13,,2025-11-04,5,1,jar size,,1
R09241,H02421,B16,,2025-11-04,4,0,jar size,,1
R09242,H02427,B13,,2025-11-04,3,0,price,,1
R09243,H03045,B13,,2025-11-04,3,0,,flavour depth,1
R09244,H03131,B12,P038,2025-11-04,4,1,sweetness,price,0
R09245,H03133,B12,P038,2025-11-04,3,0,taste,,0
R09246,H03134,B02,P038,2025-11-04,5,1,fizz,,1
R09247,H03144,B18,P038,2025-11-04,4,0,taste,energy boost,0
R09248,H03150,B18,P038,2025-11-04,3,0,texture,,1
R09249,H03154,B02,P038,2025-11-04,4,0,aftertaste,,0
R09250,H03155,B02,P038,2025-11-04,5,1,fizz,can design,0
R09251,H03176,B02,P038,2025-11-04,4,1,aftertaste,,1
R09252,H03179,B18,P038,2025-11-04,4,1,price,,1
R09253,H03181,B02,P038,2025-11-04,4,1,can design,,1
R09254,H03182,B18,P038,2025-11-04,4,0,texture,portability,0
R09255,H03184,B02,P038,2025-11-04,4,0,refreshing,sweetness,0
R09256,H03189,B03,P038,2025-11-04,4,1,aftertaste,,0
R09257,H03193,B02,P038,2025-11-04,4,1,price,,1
R09258,H03194,B02,P038,2025-11-04,3,0,fizz,,0
R09259,H03199,B12,P038,2025-11-04,4,1,texture,ingredients,0
R09260,H03200,B18,P038,2025-11-04,3,0,,ingredients,1
R09261,H03203,B16,P038,2025-11-04,3,0,versatility,,0
R09262,H03208,B16,P038,2025-11-04,4,1,jar size,,0
R09263,H03211,B02,P038,2025-11-04,5,1,refreshing,,1
R09264,H03223,B13,P039,2025-11-04,4,1,price,,0
R09265,H03227,B17,P039,2025-11-04,4,0,energy boost,,1
R09266,H03229,B01,P039,2025-11-04,4,1,taste,,1
R09267,H03229,B17,P039,2025-11-04,5,1,price,,1
R09268,H03234,B01,P039,2025-11-04,4,0,aftertaste,,1
R09269,H03236,B01,P039,2025-11-04,4,0,refreshing,,1
R09270,H00003,B12,,2025-11-05,3,0,,taste,1
R09271,H00147,B03,,2025-11-05,4,0,can design,,0
R09272,H00415,B18,,2025-11-05,4,0,energy boost,portability,1
R09273,H00438,B05,,2025-11-05,1,0,,packaging,0
R09274,H00760,B04,,2025-11-05,3,0,price,,1
R09275,H00894,B07,,2025-11-05,5,1,seasoning,,1
R09276,H00938,B07,,2025-11-05,5,1,saltiness,,1
R09277,H01026,B20,,2025-11-05,3,0,,texture,0
R09278,H01033,B16,,2025-11-05,4,0,flavour depth,heat,1
R09279,H01471,B07,,2025-11-05,3,1,,crunch,1
R09280,H01507,B09,,2025-11-05,4,1,price,,1
R09281,H01708,B17,,2025-11-05,5,1,texture,energy boost,1
R09282,H01750,B09,,2025-11-05,3,0,taste,,0
R09283,H01753,B09,,2025-11-05,4,0,taste,,1
R09284,H01895,B06,,2025-11-05,4,0,price,,1
R09285,H01898,B05,,2025-11-05,3,0,,crunch,1
R09286,H02003,B09,,2025-11-05,3,0,,price,0
R09287,H02383,B20,,2025-11-05,2,0,,ingredients,0
R09288,H02397,B15,,2025-11-05,5,1,flavour depth,versatility,1
R09289,H02605,B14,,2025-11-05,3,1,,versatility,1
R09290,H02681,B15,,2025-11-05,3,0,,heat,1
R09291,H02724,B20,,2025-11-05,4,1,energy boost,texture,1
R09292,H02835,B05,,2025-11-05,4,0,price,portion size,1
R09293,H02862,B11,,2025-11-05,3,0,taste,,0
R09294,H02923,B10,,2025-11-05,5,1,packaging,,1
R09295,H03058,B12,,2025-11-05,4,0,texture,,0
R09296,H03089,B16,,2025-11-05,2,1,,jar size,1
R09297,H03129,B18,P038,2025-11-05,4,0,portability,,1
R09298,H03147,B18,P038,2025-11-05,4,0,energy boost,,1
R09299,H03148,B12,P038,2025-11-05,3,1,,packaging,0
R09300,H03155,B12,P038,2025-11-05,3,0,texture,,1
R09301,H03176,B12,P038,2025-11-05,3,0,,ingredients,0
R09302,H03183,B02,P038,2025-11-05,5,1,aftertaste,,1
R09303,H03186,B18,P038,2025-11-05,3,0,price,,1
R09304,H03207,B02,P038,2025-11-05,5,1,refreshing,,1
R09305,H00082,B07,,2025-11-06,3,0,portion size,,0
R09306,H00328,B08,,2025-11-06,4,1,saltiness,,1
R09307,H00428,B02,,2025-11-06,4,0,taste,,1
R09308,H00488,B10,,2025-11-06,5,1,price,,1
R09309,H00580,B18,,2025-11-06,4,1,portability,ingredients,1
R09310,H00628,B08,,2025-11-06,2,0,,seasoning,0
R09311,H00893,B04,,2025-11-06,4,1,fizz,,1
R09312,H01166,B06,,2025-11-06,4,0,price,,1
R09313,H01448,B15,,2025-11-06,4,1,heat,jar size,0
R09314,H01796,B19,,2025-11-06,4,1,energy boost,,1
R09315,H01799,B07,,2025-11-06,3,0,,crunch,0
R09316,H01963,B06,,2025-11-06,4,0,price,,1
R09317,H02136,B10,,2025-11-06,5,1,texture,,1
R09318,H02152,B18,,2025-11-06,5,1,energy boost,,1
R09319,H02551,B05,,2025-11-06,4,1,packaging,,1
R09320,H03217,B05,,2025-11-06,4,1,price,,1
R09321,H03221,B13,P039,2025-11-06,3,1,,versatility,1
R09322,H03221,B17,P039,2025-11-06,3,0,,ingredients,0
R09323,H03226,B17,P039,2025-11-06,4,0,texture,,1
R09324,H03231,B17,P039,2025-11-06,2,0,,ingredients,1
R09325,H00027,B13,,2025-11-07,5,1,texture,,1
R09326,H00355,B15,,2025-11-07,5,1,jar size,texture,1
R09327,H00509,B14,,2025-11-07,2,0,,heat,0
R09328,H00561,B08,,2025-11-07,5,1,crunch,,1
R09329,H00728,B18,,2025-11-07,3,0,,portability,0
R09330,H00743,B03,,2025-11-07,4,1,refreshing,can design,1
R09331,H01025,B16,,2025-11-07,3,0,jar size,,0
R09332,H01243,B19,,2025-11-07,3,0,,portability,0
R09333,H01248,B16,,2025-11-07,5,1,flavour depth,,1
R09334,H01345,B04,,2025-11-07,5,1,sweetness,,1
R09335,H01548,B11,,2025-11-07,3,1,,ingredients,1
R09336,H01557,B12,,2025-11-07,3,0,taste,,0
R09337,H01686,B18,,2025-11-07,4,1,ingredients,,0
R09338,H01692,B19,,2025-11-07,4,1,texture,,1
R09339,H02043,B13,,2025-11-07,5,1,versatility,,1
R09340,H02519,B20,,2025-11-07,5,1,taste,ingredients,1
R09341,H02694,B04,,2025-11-07,4,1,aftertaste,fizz,0
R09342,H02999,B08,,2025-11-07,4,1,packaging,,1
R09343,H03221,B01,P039,2025-11-07,4,1,price,,1
R09344,H03226,B01,P039,2025-11-07,5,1,taste,,1
R09345,H03226,B13,P039,2025-11-07,5,1,jar size,flavour depth,0
R09346,H03227,B01,P039,2025-11-07,5,1,sweetness,,1
R09347,H03231,B05,P039,2025-11-07,4,1,price,,1
R09348,H03232,B05,P039,2025-11-07,3,1,,saltiness,1
R09349,H03234,B13,P039,2025-11-07,2,0,versatility,heat,1
R09350,H00168,B10,,2025-11-08,5,1,packaging,,1
R09351,H00510,B15,,2025-11-08,4,0,texture,,0
R09352,H00837,B14,,2025-11-08,5,1,flavour depth,,1
R09353,H00846,B06,,2025-11-08,4,1,saltiness,crunch,1
R09354,H00865,B01,,2025-11-08,5,1,can design,,1
R09355,H00893,B17,,2025-11-08,3,0,ingredients,,1
R09356,H00945,B06,,2025-11-08,3,1,crunch,,0
R09357,H01114,B11,,2025-11-08,3,0,taste,,0
R09358,H01269,B05,,2025-11-08,4,0,crunch,,1
R09359,H01415,B14,,2025-11-08,5,1,flavour depth,heat,1
R09360,H01429,B18,,2025-11-08,5,1,energy boost,,0
R09361,H01458,B09,,2025-11-08,5,1,taste,,1
R09362,H01509,B13,,2025-11-08,3,1,,jar size,0
R09363,H01559,B14,,2025-11-08,4,1,price,,1
R09364,H01656,B09,,2025-11-08,4,0,packaging,,1
R09365,H01676,B14,,2025-11-08,2,0,,texture,0
R09366,H01754,B12,,2025-11-08,3,1,taste,,0
R09367,H01755,B10,,2025-11-08,5,1,sweetness,,1
R09368,H01993,B10,,2025-11-08,3,1,sweetness,,1
R09369,H02476,B02,,2025-11-08,3,0,price,,0
R09370,H02575,B18,,2025-11-08,4,1,ingredients,,1
R09371,H02640,B10,,2025-11-08,4,1,taste,,0
R09372,H02903,B11,,2025-11-08,4,1,sweetness,,1
R09373,H02918,B05,,2025-11-08,4,1,seasoning,,0
R09374,H03079,B02,,2025-11-08,5,0,fizz,,0
R09375,H03223,B17,P039,2025-11-08,4,1,ingredients,taste,1
R09376,H03235,B17,P039,2025-11-08,4,1,taste,,1
R09377,H03240,B03,,2025-11-08,5,0,price,,1
R09378,H00011,B06,,2025-11-09,4,1,saltiness,,1
R09379,H00139,B11,,2025-11-09,4,1,sweetness,,0
R09380,H00361,B08,,2025-11-09,5,1,portion size,,1
R09381,H00642,B18,,2025-11-09,5,0,price,,1
R09382,H00708,B14,,2025-11-09,5,1,flavour depth,jar size,1
R09383,H01000,B15,,2025-11-09,4,1,flavour depth,,1
R09384,H01263,B20,,2025-11-09,5,1,portability,,0
R09385,H01270,B19,,2025-11-09,5,1,taste,,1
R09386,H01349,B18,,2025-11-09,4,0,portability,,1
R09387,H01658,B12,,2025-11-09,5,1,price,sweetness,1
R09388,H01720,B05,,2025-11-09,4,1,price,,1
R09389,H01921,B01,,2025-11-09,5,1,fizz,,1
R09390,H02054,B13,,2025-11-09,2,0,,heat,0
R09391,H02166,B13,,2025-11-09,4,1,texture,,1
R09392,H02186,B19,,2025-11-09,3,1,,texture,1
R09393,H02199,B12,,2025-11-09,5,1,texture,taste,1
R09394,H02314,B17,,2025-11-09,3,1,,taste,1
R09395,H02457,B09,,2025-11-09,5,1,packaging,,1
R09396,H02571,B05,,2025-11-09,3,0,seasoning,,1
R09397,H02601,B01,,2025-11-09,5,0,sweetness,,1
R09398,H02755,B01,,2025-11-09,4,1,sweetness,,1
R09399,H02839,B08,,2025-11-09,5,1,portion size,,1
R09400,H02916,B03,,2025-11-09,5,1,refreshing,,1
R09401,H02947,B18,,2025-11-09,3,0,energy boost,,0
R09402,H02992,B07,,2025-11-09,5,1,portion size,saltiness,1
R09403,H02999,B04,,2025-11-09,3,0,can design,,0
R09404,H00064,B04,,2025-11-10,3,0,,can design,0
R09405,H00177,B03,,2025-11-10,5,0,aftertaste,,1
R09406,H00232,B18,,2025-11-10,3,0,texture,,0
R09407,H00509,B20,,2025-11-10,3,0,,taste,0
R09408,H00532,B04,,2025-11-10,3,0,,fizz,0
R09409,H00815,B11,,2025-11-10,5,1,packaging,texture,0
R09410,H00838,B20,,2025-11-10,4,0,texture,,0
R09411,H00911,B20,,2025-11-10,3,0,ingredients,,0
R09412,H01191,B15,,2025-11-10,4,1,price,,0
R09413,H01294,B16,,2025-11-10,3,0,price,,0
R09414,H01399,B05,,2025-11-10,3,0,,saltiness,1
R09415,H01401,B01,,2025-11-10,4,1,can design,,1
R09416,H01585,B14,,2025-11-10,3,0,,texture,1
R09417,H01763,B07,,2025-11-10,5,1,saltiness,,1
R09418,H01814,B09,,2025-11-10,4,1,packaging,,1
R09419,H02151,B14,,2025-11-10,5,1,flavour depth,,1
R09420,H02410,B08,,2025-11-10,5,1,crunch,,0
R09421,H02558,B12,,2025-11-10,3,0,,ingredients,0
R09422,H02613,B05,,2025-11-10,2,0,,seasoning,1
R09423,H02629,B14,,2025-11-10,3,0,texture,,0
R09424,H02726,B12,,2025-11-10,5,1,texture,,1
R09425,H02853,B03,,2025-11-10,4,0,taste,,1
R09426,H02871,B17,,2025-11-10,5,0,texture,ingredients,1
R09427,H02949,B01,,2025-11-10,4,0,price,,1
R09428,H03160,B06,,2025-11-10,2,0,,seasoning,0
R09429,H00109,B19,,2025-11-11,2,0,,taste,0
R09430,H00571,B13,,2025-11-11,5,1,versatility,,1
R09431,H00617,B11,,2025-11-11,3,1,,packaging,0
R09432,H00651,B07,,2025-11-11,5,1,portion size,,1
R09433,H00654,B16,,2025-11-11,3,1,,versatility,1
R09434,H01313,B03,,2025-11-11,2,0,,fizz,0
R09435,H01370,B04,,2025-11-11,3,0,refreshing,,0
R09436,H01485,B20,,2025-11-11,4,1,portability,,1
R09437,H01487,B03,,2025-11-11,4,1,refreshing,,1
R09438,H01590,B07,,2025-11-11,4,0,portion size,,1
R09439,H01759,B03,,2025-11-11,5,1,taste,,1
R09440,H01977,B11,,2025-11-11,5,1,taste,texture,1
R09441,H02046,B06,,2025-11-11,3,1,,saltiness,0
R09442,H02405,B01,,2025-11-11,5,1,price,,1
R09443,H02431,B08,,2025-11-11,5,1,seasoning,,0
R09444,H02460,B15,,2025-11-11,5,1,versatility,,0
R09445,H02663,B02,,2025-11-11,5,1,fizz,refreshing,1
R09446,H02801,B05,,2025-11-11,4,1,seasoning,price,1
R09447,H02974,B16,,2025-11-11,5,1,texture,,0
R09448,H00024,B17,,2025-11-12,5,1,ingredients,,1
R09449,H00230,B06,,2025-11-12,5,1,crunch,seasoning,1
R09450,H00570,B13,,2025-11-12,4,1,texture,,1
R09451,H00638,B01,,2025-11-12,4,1,aftertaste,,1
R09452,H00787,B03,,2025-11-12,3,0,,refreshing,1
R09453,H01104,B17,,2025-11-12,4,1,energy boost,,0
R09454,H01161,B09,,2025-11-12,5,1,price,,1
R09455,H01181,B10,,2025-11-12,5,1,price,,1
R09456,H01207,B02,,2025-11-12,3,1,,price,0
R09457,H01222,B08,,2025-11-12,3,1,,price,0
R09458,H01232,B08,,2025-11-12,5,1,portion size,,1
R09459,H01334,B01,,2025-11-12,4,0,fizz,price,1
R09460,H01365,B08,,2025-11-12,5,1,portion size,,1
R09461,H01433,B09,,2025-11-12,4,1,packaging,,1
R09462,H01580,B14,,2025-11-12,3,1,texture,,0
R09463,H01870,B06,,2025-11-12,4,1,crunch,,0
R09464,H01871,B16,,2025-11-12,4,0,versatility,,1
R09465,H01960,B03,,2025-11-12,4,1,can design,,1
R09466,H01965,B12,,2025-11-12,2,0,,price,1
R09467,H02122,B14,,2025-11-12,2,0,,versatility,0
R09468,H02145,B11,,2025-11-12,5,1,price,,0
R09469,H02410,B09,,2025-11-12,5,1,sweetness,,1
R09470,H02424,B07,,2025-11-12,5,1,portion size,,1
R09471,H02712,B14,,2025-11-12,4,1,jar size,,1
R09472,H02962,B07,,2025-11-12,4,0,seasoning,,1
R09473,H02973,B17,,2025-11-12,3,0,,price,0
R09474,H00139,B01,,2025-11-13,3,1,,can design,1
R09475,H00193,B20,,2025-11-13,4,1,taste,ingredients,1
R09476,H00196,B07,,2025-11-13,5,1,crunch,,0
R09477,H00332,B06,,2025-11-13,5,1,crunch,,1
R09478,H00566,B03,,2025-11-13,3,1,,price,1
R09479,H00641,B10,,2025-11-13,4,1,taste,,0
R09480,H00663,B16,,2025-11-13,5,1,jar size,price,0
R09481,H00796,B17,,2025-11-13,5,1,energy boost,,1
R09482,H00815,B13,,2025-11-13,5,1,heat,,1
R09483,H01018,B13,,2025-11-13,4,1,flavour depth,texture,1
R09484,H01098,B13,,2025-11-13,3,0,,price,1
R09485,H01589,B03,,2025-11-13,4,1,fizz,,0
R09486,H01982,B08,,2025-11-13,3,0,saltiness,,1
R09487,H02107,B15,,2025-11-13,3,0,heat,,0
R09488,H02386,B01,,2025-11-13,5,1,aftertaste,,1
R09489,H02484,B07,,2025-11-13,3,1,,packaging,1
R09490,H02788,B20,,2025-11-13,4,1,taste,ingredients,0
R09491,H02890,B05,,2025-11-13,4,1,price,,1
R09492,H02910,B14,,2025-11-13,4,1,jar size,,1
R09493,H03077,B14,,2025-11-13,4,0,texture,heat,0
R09494,H03133,B04,,2025-11-13,3,0,refreshing,,1
R09495,H03157,B11,,2025-11-13,5,1,sweetness,,1
R09496,H03198,B08,,2025-11-13,2,0,,portion size,0
R09497,H00056,B16,,2025-11-14,4,1,texture,,1
R09498,H00244,B18,,2025-11-14,3,1,taste,,0
R09499,H00266,B05,,2025-11-14,3,0,,portion size,1
R09500,H00293,B06,,2025-11-14,3,1,saltiness,,0
R09501,H00407,B06,,2025-11-14,2,0,saltiness,seasoning,1
R09502,H00484,B17,,2025-11-14,4,1,energy boost,,1
R09503,H00749,B08,,2025-11-14,3,1,,portion size,1
R09504,H00782,B15,,2025-11-14,2,0,,price,0
R09505,H01145,B14,,2025-11-14,5,1,price,,1
R09506,H01830,B07,,2025-11-14,5,1,crunch,seasoning,1
R09507,H02200,B04,,2025-11-14,1,0,,refreshing,0
R09508,H02216,B19,,2025-11-14,5,1,price,,1
R09509,H02484,B09,,2025-11-14,3,0,,texture,1
R09510,H03145,B15,,2025-11-14,3,0,heat,,0
R09511,H00041,B11,,2025-11-15,5,1,packaging,,1
R09512,H00424,B15,,2025-11-15,3,0,versatility,,0
R09513,H00582,B12,,2025-11-15,3,1,ingredients,,0
R09514,H00597,B17,,2025-11-15,4,1,ingredients,,1
R09515,H00685,B19,,2025-11-15,5,1,texture,,0
R09516,H01014,B03,,2025-11-15,4,1,fizz,,1
R09517,H01292,B03,,2025-11-15,5,1,fizz,,1
R09518,H01469,B01,,2025-11-15,4,1,price,taste,0
R09519,H01566,B02,,2025-11-15,5,1,fizz,price,1
R09520,H01885,B17,,2025-11-15,4,0,portability,,1
R09521,H02125,B08,,2025-11-15,5,1,saltiness,,1
R09522,H02273,B11,,2025-11-15,3,0,,sweetness,0
R09523,H02338,B05,,2025-11-15,4,1,portion size,saltiness,1
R09524,H02879,B02,,2025-11-15,3,1,,sweetness,1
R09525,H02976,B13,,2025-11-15,5,1,flavour depth,,1
R09526,H02976,B07,,2025-11-15,4,1,price,,1
R09527,H03062,B11,,2025-11-15,5,1,price,,1
R09528,H03176,B03,,2025-11-15,5,1,sweetness,price,0
R09529,H00157,B20,,2025-11-16,3,0,energy boost,,0
R09530,H00320,B04,,2025-11-16,5,1,price,,1
R09531,H00626,B17,,2025-11-16,4,1,ingredients,,1
R09532,H00635,B08,,2025-11-16,5,1,crunch,,1
R09533,H00720,B07,,2025-11-16,3,0,seasoning,,0
R09534,H00886,B07,,2025-11-16,4,1,crunch,,1
R09535,H00928,B09,,2025-11-16,3,0,sweetness,,0
R09536,H00939,B16,,2025-11-16,4,1,versatility,,0
R09537,H01251,B10,,2025-11-16,3,0,price,,0
R09538,H01617,B12,,2025-11-16,2,0,,ingredients,0
R09539,H01689,B19,,2025-11-16,2,0,,price,0
R09540,H01761,B04,,2025-11-16,5,1,taste,,1
R09541,H01790,B07,,2025-11-16,4,1,packaging,,1
R09542,H01875,B16,,2025-11-16,5,1,jar size,,0
R09543,H02449,B02,,2025-11-16,4,1,taste,,1
R09544,H02955,B11,,2025-11-16,5,1,price,,0
R09545,H03198,B02,,2025-11-16,5,1,fizz,,0
R09546,H03261,B13,P040,2025-11-16,4,1,jar size,,1
R09547,H03262,B13,P040,2025-11-16,4,1,texture,,0
R09548,H03272,B03,P040,2025-11-16,2,0,,can design,0
R09549,H03284,B03,P040,2025-11-16,3,1,sweetness,,0
R09550,H03286,B13,P040,2025-11-16,5,1,jar size,,0
R09551,H03288,B20,P040,2025-11-16,4,1,taste,price,1
R09552,H03295,B20,P040,2025-11-16,4,1,texture,energy boost,1
R09553,H03298,B13,P040,2025-11-16,3,0,texture,,0
R09554,H03300,B13,P040,2025-11-16,4,0,flavour depth,,0
R09555,H00187,B01,,2025-11-17,4,1,sweetness,,1
R09556,H00345,B13,,2025-11-17,5,1,heat,,1
R09557,H00589,B19,,2025-11-17,5,1,texture,,1
R09558,H00729,B17,,2025-11-17,5,0,energy boost,,1
R09559,H00892,B07,,2025-11-17,2,0,crunch,portion size,0
R09560,H00981,B15,,2025-11-17,3,1,,price,0
R09561,H01021,B18,,2025-11-17,5,0,ingredients,,0
R09562,H01071,B10,,2025-11-17,3,0,ingredients,,0
R09563,H01103,B05,,2025-11-17,2,0,,price,0
R09564,H01258,B02,,2025-11-17,5,1,taste,price,1
R09565,H01493,B19,,2025-11-17,3,1,,price,0
R09566,H01588,B08,,2025-11-17,5,1,packaging,,0
R09567,H01635,B15,,2025-11-17,5,1,heat,,1
R09568,H01782,B08,,2025-11-17,5,0,price,,1
R09569,H01863,B18,,2025-11-17,4,0,energy boost,,1
R09570,H02728,B03,,2025-11-17,4,0,aftertaste,,1
R09571,H02781,B11,,2025-11-17,4,0,taste,,1
R09572,H02806,B07,,2025-11-17,3,1,crunch,,0
R09573,H02815,B18,,2025-11-17,5,1,portability,,1
R09574,H02907,B02,,2025-11-17,3,0,can design,,0
R09575,H03070,B05,,2025-11-17,5,1,crunch,,1
R09576,H03117,B07,,2025-11-17,4,0,portion size,,1
R09577,H03204,B19,,2025-11-17,5,1,portability,,1
R09578,H03260,B12,P040,2025-11-17,4,1,price,,1
R09579,H03263,B20,P040,2025-11-17,4,0,texture,,1
R09580,H03265,B12,P040,2025-11-17,5,1,texture,,1
R09581,H03276,B03,P040,2025-11-17,4,1,price,,0
R09582,H03279,B12,P040,2025-11-17,4,1,taste,,0
R09583,H03280,B01,P040,2025-11-17,4,1,refreshing,,1
R09584,H03280,B13,P040,2025-11-17,3,0,,price,0
R09585,H03291,B03,P040,2025-11-17,1,0,,price,0
R09586,H03299,B13,P040,2025-11-17,5,1,heat,,1
R09587,H00030,B16,,2025-11-18,3,0,,versatility,0
R09588,H00150,B15,,2025-11-18,2,0,,texture,0
R09589,H00576,B02,,2025-11-18,3,1,,taste,0
R09590,H00625,B02,,2025-11-18,5,1,aftertaste,,1
R09591,H00680,B04,,2025-11-18,4,1,taste,,0
R09592,H00732,B14,,2025-11-18,4,1,versatility,,0
R09593,H00815,B12,,2025-11-18,4,1,price,,0
R09594,H01391,B09,,2025-11-18,2,0,price,texture,0
R09595,H01745,B18,,2025-11-18,4,1,taste,,0
R09596,H01830,B15,,2025-11-18,4,1,flavour depth,,1
R09597,H02221,B08,,2025-11-18,2,0,,seasoning,0
R09598,H02258,B03,,2025-11-18,4,0,fizz,,1
R09599,H02403,B05,,2025-11-18,4,1,crunch,,1
R09600,H02498,B10,,2025-11-18,4,1,price,ingredients,0
R09601,H03264,B20,P040,2025-11-18,3,1,,ingredients,0
R09602,H03274,B12,P040,2025-11-18,3,0,,ingredients,0
R09603,H03282,B20,P040,2025-11-18,2,0,portability,energy boost,1
R09604,H03285,B03,P040,2025-11-18,3,1,taste,,0
R09605,H03285,B20,P040,2025-11-18,2,1,portability,energy boost,1
R09606,H03288,B13,P040,2025-11-18,3,0,,flavour depth,0
R09607,H03297,B03,P040,2025-11-18,4,0,aftertaste,,0
R09608,H03297,B12,P040,2025-11-18,4,1,sweetness,taste,0
R09609,H00029,B05,,2025-11-19,2,0,,saltiness,0
R09610,H00226,B18,,2025-11-19,3,1,,portability,0
R09611,H00299,B19,,2025-11-19,4,1,portability,,1
R09612,H00349,B03,,2025-11-19,4,1,can design,,1
R09613,H00632,B11,,2025-11-19,4,1,taste,,0
R09614,H00696,B10,,2025-11-19,5,1,texture,,1
R09615,H00757,B20,,2025-11-19,3,0,,portability,0
R09616,H01153,B12,,2025-11-19,3,1,,sweetness,1
R09617,H01385,B06,,2025-11-19,4,1,saltiness,,1
R09618,H01392,B20,,2025-11-19,3,0,,portability,0
R09619,H01929,B02,,2025-11-19,5,1,fizz,,1
R09620,H02358,B08,,2025-11-19,4,0,price,,1
R09621,H02361,B16,,2025-11-19,5,1,price,heat,0
R09622,H02537,B20,,2025-11-19,3,0,,portability,1
R09623,H02718,B17,,2025-11-19,5,1,texture,,1
R09624,H02792,B06,,2025-11-19,5,1,packaging,,1
R09625,H02996,B06,,2025-11-19,4,1,crunch,portion size,1
R09626,H03260,B20,P040,2025-11-19,4,1,ingredients,,1
R09627,H03266,B12,P040,2025-11-19,4,0,price,,0
R09628,H03266,B13,P040,2025-11-19,4,0,price,,0
R09629,H03272,B12,P040,2025-11-19,5,1,taste,ingredients,0
R09630,H03273,B20,P040,2025-11-19,5,1,portability,,1
R09631,H03276,B13,P040,2025-11-19,5,1,jar size,,0
R09632,H03279,B20,P040,2025-11-19,4,1,energy boost,,1
R09633,H03289,B20,P040,2025-11-19,5,0,ingredients,taste,1
R09634,H03294,B12,P040,2025-11-19,5,0,taste,,0
R09635,H00060,B01,,2025-11-20,4,1,fizz,price,0
R09636,H00095,B18,,2025-11-20,5,1,portability,,0
R09637,H00150,B09,,2025-11-20,5,0,packaging,,0
R09638,H00169,B06,,2025-11-20,4,1,crunch,,0
R09639,H00179,B06,,2025-11-20,5,1,price,seasoning,1
R09640,H00613,B10,,2025-11-20,4,0,texture,sweetness,0
R09641,H00892,B12,,2025-11-20,4,1,ingredients,,1
R09642,H00976,B03,,2025-11-20,4,0,aftertaste,,1
R09643,H01178,B01,,2025-11-20,5,1,taste,refreshing,1
R09644,H01196,B09,,2025-11-20,3,0,ingredients,,0
R09645,H01709,B01,,2025-11-20,5,1,can design,taste,1
R09646,H01759,B07,,2025-11-20,4,1,saltiness,,1
R09647,H01836,B11,,2025-11-20,3,0,,sweetness,0
R09648,H02310,B14,,2025-11-20,3,1,,price,1
R09649,H02432,B16,,2025-11-20,4,1,heat,,1
R09650,H02540,B18,,2025-11-20,4,0,portability,,0
R09651,H03118,B16,,2025-11-20,4,1,texture,flavour depth,0
R09652,H03186,B08,,2025-11-20,5,1,portion size,,1
R09653,H03260,B01,P040,2025-11-20,4,0,can design,refreshing,0
R09654,H03269,B03,P040,2025-11-20,3,0,,aftertaste,0
R09655,H03270,B01,P040,2025-11-20,5,1,price,,1
R09656,H03283,B20,P040,2025-11-20,4,1,energy boost,,0
R09657,H03290,B12,,2025-11-20,3,0,packaging,,0
R09658,H03291,B20,P040,2025-11-20,4,1,portability,,1
R09659,H03295,B12,P040,2025-11-20,3,0,packaging,,0
R09660,H03300,B03,P040,2025-11-20,3,1,can design,,0
R09661,H00291,B02,,2025-11-21,3,0,can design,,0
R09662,H00922,B05,,2025-11-21,5,1,price,,1
R09663,H01593,B14,,2025-11-21,2,0,,jar size,0
R09664,H01777,B16,,2025-11-21,3,1,,jar size,1
R09665,H01878,B19,,2025-11-21,3,0,,energy boost,1
R09666,H01915,B02,,2025-11-21,3,0,taste,,0
R09667,H02040,B03,,2025-11-21,2,0,,sweetness,1
R09668,H02202,B13,,2025-11-21,4,1,jar size,,0
R09669,H02685,B15,,2025-11-21,4,1,jar size,,1
R09670,H02870,B11,,2025-11-21,4,1,price,ingredients,0
R09671,H03014,B12,,2025-11-21,2,0,,packaging,0
R09672,H03066,B20,,2025-11-21,4,1,texture,energy boost,1
R09673,H03259,B12,P040,2025-11-21,3,0,texture,,0
R09674,H03260,B13,P040,2025-11-21,3,1,,price,0
R09675,H03262,B20,P040,2025-11-21,4,0,taste,,0
R09676,H03264,B01,P040,2025-11-21,3,0,aftertaste,,0
R09677,H03264,B13,P040,2025-11-21,5,1,heat,flavour depth,0
R09678,H03266,B01,P040,2025-11-21,4,1,price,,0
R09679,H03268,B03,P040,2025-11-21,5,1,taste,fizz,0
R09680,H03272,B20,P040,2025-11-21,3,0,,ingredients,0
R09681,H03294,B20,P040,2025-11-21,4,1,price,,0
R09682,H00012,B13,,2025-11-22,2,0,texture,flavour depth,0
R09683,H00137,B04,,2025-11-22,2,1,,can design,0
R09684,H00497,B17,,2025-11-22,5,1,price,energy boost,1
R09685,H00568,B07,,2025-11-22,5,1,seasoning,crunch,1
R09686,H00595,B18,,2025-11-22,4,1,energy boost,,1
R09687,H00717,B13,,2025-11-22,4,1,flavour depth,,0
R09688,H00810,B04,,2025-11-22,4,1,sweetness,aftertaste,1
R09689,H00881,B02,,2025-11-22,5,1,can design,fizz,1
R09690,H00905,B17,,2025-11-22,4,1,ingredients,portability,1
R09691,H01076,B16,,2025-11-22,4,1,texture,flavour depth,1
R09692,H01168,B11,,2025-11-22,5,1,texture,,1
R09693,H01354,B09,,2025-11-22,4,1,taste,,1
R09694,H01379,B10,,2025-11-22,4,1,sweetness,,1
R09695,H02289,B04,,2025-11-22,4,0,fizz,price,1
R09696,H02786,B16,,2025-11-22,3,1,,heat,1
R09697,H02867,B11,,2025-11-22,4,1,packaging,,0
R09698,H02914,B02,,2025-11-22,3,0,,can design,0
R09699,H02974,B01,,2025-11-22,5,1,price,taste,1
R09700,H03163,B06,,2025-11-22,3,1,,price,0
R09701,H03261,B12,P040,2025-11-22,3,1,,ingredients,0
R09702,H03263,B13,P040,2025-11-22,3,0,price,,1
R09703,H03270,B12,P040,2025-11-22,3,0,,packaging,0
R09704,H03271,B01,P040,2025-11-22,4,1,price,,0
R09705,H03278,B03,P040,2025-11-22,5,1,price,,0
R09706,H03282,B01,P040,2025-11-22,5,1,refreshing,can design,1
R09707,H03285,B01,P040,2025-11-22,5,1,taste,fizz,0
R09708,H03286,B01,P040,2025-11-22,5,0,sweetness,,0
R09709,H03287,B12,P040,2025-11-22,4,1,packaging,,0
R09710,H03295,B13,P040,2025-11-22,4,1,heat,,1
R09711,H00036,B16,,2025-11-23,5,1,texture,,1
R09712,H00112,B07,,2025-11-23,4,1,portion size,,1
R09713,H00194,B02,,2025-11-23,2,0,,refreshing,0
R09714,H00245,B11,,2025-11-23,5,1,sweetness,,0
R09715,H00324,B03,,2025-11-23,4,1,refreshing,sweetness,0
R09716,H00466,B18,,2025-11-23,3,0,,taste,1
R09717,H00622,B11,,2025-11-23,3,1,,price,0
R09718,H00804,B10,,2025-11-23,4,1,sweetness,,0
R09719,H01063,B08,,2025-11-23,3,1,,packaging,1
R09720,H01194,B04,,2025-11-23,5,1,can design,,1
R09721,H01576,B06,,2025-11-23,4,1,crunch,,1
R09722,H01636,B18,,2025-11-23,3,0,,texture,0
R09723,H01962,B06,,2025-11-23,5,1,packaging,,1
R09724,H01982,B13,,2025-11-23,2,0,flavour depth,price,0
R09725,H02605,B07,,2025-11-23,5,1,portion size,,1
R09726,H02892,B09,,2025-11-23,2,0,,price,1
R09727,H03004,B07,,2025-11-23,4,0,crunch,,1
R09728,H03026,B06,,2025-11-23,3,0,price,,1
R09729,H03263,B03,P040,2025-11-23,2,1,,taste,1
R09730,H03271,B13,P040,2025-11-23,3,0,heat,,0
R09731,H03273,B03,P040,2025-11-23,4,1,fizz,,1
R09732,H03276,B20,P040,2025-11-23,5,1,taste,portability,1
R09733,H03278,B20,P040,2025-11-23,3,0,texture,,1
R09734,H03291,B01,P040,2025-11-23,5,1,fizz,,0
R09735,H03291,B12,P040,2025-11-23,3,0,ingredients,,1
R09736,H03293,B13,P040,2025-11-23,4,1,jar size,,1
R09737,H03299,B12,P040,2025-11-23,3,0,,packaging,0
R09738,H00054,B05,,2025-11-24,4,1,crunch,,1
R09739,H00157,B03,,2025-11-24,4,1,can design,taste,0
R09740,H00405,B01,,2025-11-24,4,0,sweetness,,0
R09741,H00746,B02,,2025-11-24,5,1,fizz,,1
R09742,H00814,B04,,2025-11-24,5,1,price,sweetness,1
R09743,H00860,B13,,2025-11-24,4,1,heat,jar size,1
R09744,H00893,B15,,2025-11-24,4,0,versatility,,0
R09745,H01379,B17,,2025-11-24,4,0,energy boost,,1
R09746,H01512,B19,,2025-11-24,4,1,price,,0
R09747,H01651,B18,,2025-11-24,3,1,energy boost,,0
R09748,H01657,B12,,2025-11-24,3,1,,texture,0
R09749,H01930,B04,,2025-11-24,5,1,price,fizz,1
R09750,H02000,B11,,2025-11-24,5,1,ingredients,,1
R09751,H02029,B09,,2025-11-24,2,0,,ingredients,0
R09752,H02176,B01,,2025-11-24,4,0,price,,0
R09753,H02237,B04,,2025-11-24,3,0,can design,,0
R09754,H02265,B13,,2025-11-24,4,1,jar size,,1
R09755,H02484,B15,,2025-11-24,4,1,price,,0
R09756,H02813,B15,,2025-11-24,3,0,,jar size,0
R09757,H02872,B10,,2025-11-24,5,1,price,,1
R09758,H03065,B04,,2025-11-24,3,1,refreshing,,0
R09759,H03187,B11,,2025-11-24,4,1,ingredients,,0
R09760,H03196,B06,,2025-11-24,3,1,,price,1
R09761,H03299,B06,,2025-11-24,5,1,crunch,,1
R09762,H00247,B13,,2025-11-25,4,1,texture,,1
R09763,H00693,B06,,2025-11-25,4,1,saltiness,,0
R09764,H01027,B18,,2025-11-25,4,1,taste,,0
R09765,H01047,B08,,2025-11-25,3,0,,portion size,0
R09766,H01187,B17,,2025-11-25,4,1,price,,1
R09767,H01219,B02,,2025-11-25,5,1,taste,,1
R09768,H01329,B14,,2025-11-25,5,1,texture,,1
R09769,H01579,B20,,2025-11-25,4,1,texture,,0
R09770,H01662,B12,,2025-11-25,3,0,texture,,0
R09771,H01757,B16,,2025-11-25,5,1,price,,1
R09772,H01864,B02,,2025-11-25,5,1,refreshing,,0
R09773,H01990,B17,,2025-11-25,5,1,price,,1
R09774,H02003,B20,,2025-11-25,4,0,energy boost,,0
R09775,H02295,B09,,2025-11-25,3,0,,packaging,1
R09776,H02661,B09,,2025-11-25,3,0,price,,0
R09777,H02969,B06,,2025-11-25,3,0,portion size,,1
R09778,H03057,B08,,2025-11-25,3,0,,crunch,0
R09779,H03197,B07,,2025-11-25,3,0,,price,1
R09780,H03260,B08,,2025-11-25,1,0,,seasoning,0
R09781,H00188,B10,,2025-11-26,4,0,taste,,1
R09782,H00348,B03,,2025-11-26,3,0,price,,0
R09783,H00523,B06,,2025-11-26,4,1,seasoning,,1
R09784,H01037,B08,,2025-11-26,4,1,seasoning,,0
R09785,H01055,B07,,2025-11-26,4,1,portion size,,0
R09786,H01294,B11,,2025-11-26,4,0,taste,packaging,0
R09787,H01387,B16,,2025-11-26,4,1,heat,price,1
R09788,H01425,B10,,2025-11-26,5,1,taste,,1
R09789,H01578,B20,,2025-11-26,4,1,texture,,1
R09790,H01582,B19,,2025-11-26,4,1,ingredients,,0
R09791,H01821,B04,,2025-11-26,3,0,taste,,1
R09792,H02059,B13,,2025-11-26,4,1,jar size,,1
R09793,H02286,B07,,2025-11-26,5,1,saltiness,,1
R09794,H02352,B04,,2025-11-26,3,1,fizz,,0
R09795,H02398,B08,,2025-11-26,4,1,portion size,,1
R09796,H02475,B07,,2025-11-26,2,0,,portion size,0
R09797,H02771,B20,,2025-11-26,4,1,portability,,1
R09798,H02869,B06,,2025-11-26,4,1,seasoning,,1
R09799,H03220,B11,,2025-11-26,5,1,packaging,,1
R09800,H00296,B05,,2025-11-27,2,1,,packaging,1
R09801,H00506,B16,,2025-11-27,4,0,price,,1
R09802,H00642,B17,,2025-11-27,5,1,price,,1
R09803,H00888,B04,,2025-11-27,4,1,fizz,aftertaste,1
R09804,H00996,B09,,2025-11-27,3,0,,texture,0
R09805,H01064,B01,,2025-11-27,4,1,taste,,1
R09806,H01181,B07,,2025-11-27,5,1,saltiness,,0
R09807,H01219,B17,,2025-11-27,4,0,price,,1
R09808,H01587,B11,,2025-11-27,3,1,ingredients,,0
R09809,H01627,B14,,2025-11-27,4,0,jar size,,0
R09810,H01758,B03,,2025-11-27,3,0,taste,,1
R09811,H01810,B18,,2025-11-27,3,0,,texture,0
R09812,H02082,B12,,2025-11-27,4,1,packaging,,0
R09813,H02272,B19,,2025-11-27,4,1,ingredients,,1
R09814,H02323,B14,,2025-11-27,3,0,,jar size,0
R09815,H02346,B06,,2025-11-27,4,1,crunch,,1
R09816,H02447,B04,,2025-11-27,4,1,price,,1
R09817,H02548,B14,,2025-11-27,3,0,,price,1
R09818,H02578,B06,,2025-11-27,5,1,portion size,,1
R09819,H02661,B17,,2025-11-27,4,1,portability,,1
R09820,H02928,B18,,2025-11-27,2,0,,taste,0
R09821,H03150,B20,,2025-11-27,4,1,energy boost,,0
R09822,H03152,B07,,2025-11-27,4,0,portion size,,0
R09823,H03192,B19,,2025-11-27,3,1,energy boost,,1
R09824,H00806,B15,,2025-11-28,4,0,versatility,,1
R09825,H00995,B01,,2025-11-28,4,1,can design,,1
R09826,H01020,B05,,2025-11-28,5,1,crunch,,1
R09827,H01058,B17,,2025-11-28,4,1,ingredients,,1
R09828,H01243,B02,,2025-11-28,4,0,aftertaste,,0
R09829,H01287,B09,,2025-11-28,5,1,texture,,1
R09830,H01295,B11,,2025-11-28,4,1,texture,price,0
R09831,H01295,B04,,2025-11-28,5,1,can design,refreshing,1
R09832,H01488,B10,,2025-11-28,5,1,taste,ingredients,1
R09833,H01499,B10,,2025-11-28,4,1,packaging,,0
R09834,H01736,B06,,2025-11-28,4,1,portion size,,1
R09835,H01829,B16,,2025-11-28,3,1,flavour depth,,1
R09836,H01918,B09,,2025-11-28,4,0,taste,,0
R09837,H01977,B07,,2025-11-28,5,1,portion size,,0
R09838,H01979,B06,,2025-11-28,4,1,packaging,,1
R09839,H02025,B01,,2025-11-28,5,1,sweetness,,1
R09840,H02148,B06,,2025-11-28,4,0,portion size,,1
R09841,H02399,B03,,2025-11-28,5,1,refreshing,,1
R09842,H02489,B18,,2025-11-28,3,1,texture,,0
R09843,H02566,B08,,2025-11-28,3,1,portion size,,0
R09844,H02581,B08,,2025-11-28,5,1,saltiness,,1
R09845,H02670,B15,,2025-11-28,3,1,,versatility,1
R09846,H02899,B19,,2025-11-28,4,1,price,,1
R09847,H03156,B11,,2025-11-28,3,0,,price,0
R09848,H03164,B12,,2025-11-28,5,1,texture,sweetness,1
R09849,H03249,B15,,2025-11-28,5,1,price,,1
R09850,H00025,B19,,2025-11-29,3,0,,price,0
R09851,H00119,B02,,2025-11-29,5,1,aftertaste,can design,1
R09852,H00158,B04,,2025-11-29,2,0,,refreshing,0
R09853,H00342,B10,,2025-11-29,5,1,ingredients,,1
R09854,H00408,B12,,2025-11-29,4,0,sweetness,,1
R09855,H00491,B16,,2025-11-29,5,1,price,,1
R09856,H00539,B11,,2025-11-29,4,1,price,,0
R09857,H00663,B10,,2025-11-29,4,1,price,texture,0
R09858,H00668,B05,,2025-11-29,4,1,crunch,,0
R09859,H00779,B19,,2025-11-29,3,0,portability,,1
R09860,H00876,B17,,2025-11-29,5,1,taste,,1
R09861,H01155,B14,,2025-11-29,4,0,texture,,1
R09862,H01760,B08,,2025-11-29,5,1,saltiness,,1
R09863,H01791,B16,,2025-11-29,2,0,jar size,price,0
R09864,H01821,B02,,2025-11-29,5,0,fizz,,1
R09865,H01990,B12,,2025-11-29,4,0,ingredients,,0
R09866,H02150,B02,,2025-11-29,5,1,aftertaste,,1
R09867,H02303,B17,,2025-11-29,4,1,ingredients,,1
R09868,H02426,B20,,2025-11-29,3,1,,taste,0
R09869,H02521,B04,,2025-11-29,2,0,,aftertaste,0
R09870,H02698,B08,,2025-11-29,5,1,packaging,,0
R09871,H02700,B04,,2025-11-29,4,1,can design,,1
R09872,H02712,B15,,2025-11-29,3,0,,versatility,1
R09873,H02944,B19,,2025-11-29,4,0,portability,taste,1
R09874,H03003,B07,,2025-11-29,3,0,crunch,,0
R09875,H03302,B03,,2025-11-29,5,0,price,,1
R09876,H00301,B18,,2025-11-30,5,1,ingredients,,1
R09877,H00316,B07,,2025-11-30,3,0,,saltiness,0
R09878,H00372,B07,,2025-11-30,3,0,packaging,,0
R09879,H00609,B12,,2025-11-30,5,0,price,,1
R09880,H00617,B05,,2025-11-30,3,1,packaging,,0
R09881,H00774,B13,,2025-11-30,3,1,flavour depth,,1
R09882,H00846,B04,,2025-11-30,5,1,aftertaste,,1
R09883,H00946,B05,,2025-11-30,4,1,seasoning,,1
R09884,H01051,B12,,2025-11-30,5,1,texture,,1
R09885,H01660,B09,,2025-11-30,4,1,price,texture,1
R09886,H02369,B12,,2025-11-30,5,1,packaging,texture,1
R09887,H02869,B03,,2025-11-30,4,0,price,,1
R09888,H02895,B11,,2025-11-30,3,0,,sweetness,0
R09889,H02974,B13,,2025-11-30,4,0,texture,,1
R09890,H03079,B04,,2025-11-30,5,1,fizz,,0
R09891,H03331,B12,,2025-11-30,2,0,,ingredients,0
R09892,H00002,B13,,2025-12-01,4,1,price,,1
R09893,H00018,B08,,2025-12-01,5,1,price,,1
R09894,H00080,B06,,2025-12-01,5,1,crunch,,1
R09895,H00225,B19,,2025-12-01,5,1,ingredients,taste,1
R09896,H00374,B14,,2025-12-01,3,1,jar size,,0
R09897,H00462,B09,,2025-12-01,5,1,packaging,,0
R09898,H01060,B12,,2025-12-01,3,0,,ingredients,0
R09899,H01283,B14,,2025-12-01,3,0,,jar size,0
R09900,H01338,B08,,2025-12-01,2,0,,price,0
R09901,H01748,B05,,2025-12-01,3,0,seasoning,,1
R09902,H01986,B18,,2025-12-01,5,1,ingredients,,0
R09903,H02113,B11,,2025-12-01,5,1,sweetness,,0
R09904,H02130,B06,,2025-12-01,5,1,price,,1
R09905,H02209,B03,,2025-12-01,3,0,,aftertaste,0
R09906,H02431,B07,,2025-12-01,4,1,saltiness,portion size,0
R09907,H02741,B06,,2025-12-01,5,1,seasoning,,1
R09908,H02960,B06,,2025-12-01,3,1,portion size,,0
R09909,H03095,B06,,2025-12-01,4,0,seasoning,price,1
R09910,H03294,B17,,2025-12-01,2,0,,ingredients,0
R09911,H03307,B08,,2025-12-01,3,0,,packaging,0
R09912,H00579,B20,,2025-12-02,2,0,,energy boost,0
R09913,H00833,B15,,2025-12-02,2,0,,texture,0
R09914,H01111,B10,,2025-12-02,4,1,price,,0
R09915,H01579,B05,,2025-12-02,3,0,packaging,,0
R09916,H01590,B20,,2025-12-02,4,1,ingredients,,1
R09917,H01850,B05,,2025-12-02,4,0,seasoning,,1
R09918,H02095,B16,,2025-12-02,4,0,flavour depth,,0
R09919,H02189,B19,,2025-12-02,4,1,energy boost,,1
R09920,H02235,B02,,2025-12-02,4,0,price,,1
R09921,H02312,B17,,2025-12-02,4,1,ingredients,,0
R09922,H02426,B19,,2025-12-02,4,1,taste,,1
R09923,H02621,B17,,2025-12-02,4,1,portability,,1
R09924,H02645,B08,,2025-12-02,4,1,portion size,seasoning,1
R09925,H02821,B13,,2025-12-02,4,0,heat,,1
R09926,H03205,B17,,2025-12-02,3,0,,taste,1
R09927,H00213,B04,,2025-12-03,5,1,fizz,,1
R09928,H00222,B03,,2025-12-03,5,1,can design,,1
R09929,H00396,B01,,2025-12-03,4,1,aftertaste,,1
R09930,H00859,B01,,2025-12-03,4,1,sweetness,,0
R09931,H00925,B02,,2025-12-03,5,1,price,,1
R09932,H01260,B13,,2025-12-03,4,1,price,,1
R09933,H01427,B05,,2025-12-03,3,1,saltiness,,1
R09934,H01666,B06,,2025-12-03,4,0,saltiness,packaging,0
R09935,H01704,B17,,2025-12-03,3,0,,portability,1
R09936,H02027,B16,,2025-12-03,3,0,,price,1
R09937,H02048,B20,,2025-12-03,2,1,,ingredients,0
R09938,H02186,B17,,2025-12-03,5,1,portability,,1
R09939,H02198,B14,,2025-12-03,5,1,flavour depth,,1
R09940,H02272,B02,,2025-12-03,5,1,aftertaste,,1
R09941,H02309,B09,,2025-12-03,4,1,texture,,1
R09942,H02438,B14,,2025-12-03,3,0,,texture,0
R09943,H02804,B10,,2025-12-03,5,1,packaging,,1
R09944,H02942,B07,,2025-12-03,3,0,,crunch,0
R09945,H03024,B13,,2025-12-03,5,1,versatility,,1
R09946,H03035,B10,,2025-12-03,5,1,ingredients,,1
R09947,H03121,B19,,2025-12-03,4,1,price,ingredients,1
R09948,H03213,B05,,2025-12-03,5,1,seasoning,,1
R09949,H00545,B09,,2025-12-04,5,1,packaging,,1
R09950,H00761,B19,,2025-12-04,5,1,price,,1
R09951,H00942,B20,,2025-12-04,5,0,texture,,1
R09952,H01143,B06,,2025-12-04,2,0,,seasoning,1
R09953,H01164,B01,,2025-12-04,4,1,aftertaste,,1
R09954,H01212,B20,,2025-12-04,4,1,ingredients,portability,1
R09955,H01254,B08,,2025-12-04,2,0,saltiness,price,0
R09956,H01724,B19,,2025-12-04,3,0,,energy boost,1
R09957,H01844,B10,,2025-12-04,4,0,ingredients,,1
R09958,H02033,B12,,2025-12-04,3,0,,ingredients,0
R09959,H02360,B04,,2025-12-04,4,1,refreshing,,0
R09960,H03083,B03,,2025-12-04,2,0,,fizz,1
R09961,H03112,B08,,2025-12-04,4,0,seasoning,,0
R09962,H03206,B18,,2025-12-04,2,0,,price,0
R09963,H03305,B18,,2025-12-04,5,0,energy boost,texture,1
R09964,H00320,B15,,2025-12-05,3,0,,versatility,0
R09965,H00359,B07,,2025-12-05,4,0,packaging,,1
R09966,H00360,B12,,2025-12-05,2,0,,texture,0
R09967,H00437,B17,,2025-12-05,1,0,taste,ingredients,0
R09968,H00536,B14,,2025-12-05,5,1,versatility,,1
R09969,H00728,B15,,2025-12-05,4,0,versatility,,1
R09970,H01086,B03,,2025-12-05,3,1,,price,0
R09971,H01226,B08,,2025-12-05,3,0,price,,0
R09972,H01384,B02,,2025-12-05,4,0,price,fizz,1
R09973,H01432,B13,,2025-12-05,4,1,heat,flavour depth,0
R09974,H01483,B15,,2025-12-05,3,0,versatility,,1
R09975,H01632,B14,,2025-12-05,4,0,jar size,,1
R09976,H01691,B01,,2025-12-05,4,1,refreshing,,1
R09977,H01754,B10,,2025-12-05,4,1,price,,0
R09978,H01939,B04,,2025-12-05,3,1,,aftertaste,0
R09979,H01964,B06,,2025-12-05,4,1,packaging,portion size,1
R09980,H01997,B06,,2025-12-05,5,1,packaging,portion size,1
R09981,H02517,B05,,2025-12-05,4,1,packaging,,1
R09982,H02564,B12,,2025-12-05,5,1,packaging,ingredients,1
R09983,H02583,B04,,2025-12-05,5,1,price,,1
R09984,H02825,B14,,2025-12-05,5,1,flavour depth,,1
R09985,H02912,B10,,2025-12-05,4,1,sweetness,,0
R09986,H03014,B06,,2025-12-05,5,1,packaging,,1
R09987,H03201,B14,,2025-12-05,4,1,price,,0
R09988,H03303,B12,,2025-12-05,4,1,price,ingredients,1
R09989,H03328,B09,,2025-12-05,4,1,sweetness,,1
R09990,H00021,B11,,2025-12-06,4,1,price,,1
R09991,H00448,B02,,2025-12-06,2,0,,refreshing,0
R09992,H00753,B08,,2025-12-06,4,1,crunch,,1
R09993,H00905,B09,,2025-12-06,1,1,,ingredients,1
R09994,H01002,B14,,2025-12-06,5,1,heat,,0
R09995,H01564,B04,,2025-12-06,3,0,aftertaste,,1
R09996,H01763,B03,,2025-12-06,3,1,price,,1
R09997,H02532,B15,,2025-12-06,4,1,versatility,,1
R09998,H02612,B01,,2025-12-06,4,0,aftertaste,,1
R09999,H02666,B08,,2025-12-06,4,1,seasoning,,1
R10000,H02739,B04,,2025-12-06,4,1,price,,1
R10001,H02892,B14,,2025-12-06,3,0,price,,0
R10002,H03091,B03,,2025-12-06,4,1,refreshing,can design,1
R10003,H03133,B20,,2025-12-06,3,0,ingredients,,0
R10004,H00114,B01,,2025-12-07,4,0,fizz,,1
R10005,H00145,B16,,2025-12-07,5,1,jar size,,0
R10006,H00897,B12,,2025-12-07,3,0,,ingredients,0
R10007,H00908,B06,,2025-12-07,4,0,packaging,,0
R10008,H01024,B18,,2025-12-07,4,0,texture,ingredients,1
R10009,H01065,B11,,2025-12-07,5,1,taste,sweetness,1
R10010,H01103,B14,,2025-12-07,5,1,heat,,1
R10011,H01144,B12,,2025-12-07,5,1,ingredients,,1
R10012,H01841,B17,,2025-12-07,4,1,price,,1
R10013,H01852,B01,,2025-12-07,4,0,sweetness,fizz,1
R10014,H01904,B01,,2025-12-07,5,1,refreshing,,1
R10015,H01914,B07,,2025-12-07,3,1,saltiness,,1
R10016,H02325,B11,,2025-12-07,4,1,sweetness,,0
R10017,H02769,B12,,2025-12-07,4,1,texture,,0
R10018,H02786,B02,,2025-12-07,3,1,,refreshing,0
R10019,H02808,B08,,2025-12-07,4,0,price,,1
R10020,H03012,B10,,2025-12-07,5,1,price,ingredients,1
R10021,H03069,B08,,2025-12-07,5,1,packaging,,1
R10022,H03092,B08,,2025-12-07,3,0,,saltiness,1
R10023,H03311,B02,,2025-12-07,5,1,aftertaste,,1
R10024,H00193,B07,,2025-12-08,4,1,crunch,,1
R10025,H00367,B08,,2025-12-08,5,1,saltiness,,1
R10026,H00395,B04,,2025-12-08,3,1,,refreshing,0
R10027,H00404,B05,,2025-12-08,4,1,portion size,,0
R10028,H00957,B15,,2025-12-08,2,0,price,heat,0
R10029,H01091,B10,,2025-12-08,5,1,price,sweetness,1
R10030,H01327,B17,,2025-12-08,2,0,,portability,0
R10031,H01334,B15,,2025-12-08,4,1,flavour depth,,1
R10032,H01469,B20,,2025-12-08,4,0,portability,,0
R10033,H01527,B16,,2025-12-08,5,1,flavour depth,,1
R10034,H01560,B04,,2025-12-08,3,0,refreshing,,1
R10035,H01710,B05,,2025-12-08,4,1,portion size,seasoning,1
R10036,H01800,B14,,2025-12-08,4,1,price,,0
R10037,H01926,B18,,2025-12-08,3,1,,taste,0
R10038,H02017,B19,,2025-12-08,3,0,portability,,0
R10039,H02061,B12,,2025-12-08,3,0,,texture,0
R10040,H02074,B20,,2025-12-08,3,0,,ingredients,0
R10041,H02176,B20,,2025-12-08,4,1,taste,,1
R10042,H02201,B14,,2025-12-08,3,0,,heat,0
R10043,H02737,B02,,2025-12-08,4,0,sweetness,,0
R10044,H02856,B03,,2025-12-08,5,1,fizz,,1
R10045,H02946,B20,,2025-12-08,3,0,,energy boost,0
R10046,H03223,B08,,2025-12-08,5,1,seasoning,,1
R10047,H00129,B06,,2025-12-09,5,1,saltiness,,1
R10048,H00285,B05,,2025-12-09,4,1,crunch,,1
R10049,H00372,B04,,2025-12-09,4,1,refreshing,sweetness,0
R10050,H00580,B11,,2025-12-09,4,1,taste,,1
R10051,H00897,B16,,2025-12-09,5,1,heat,,0
R10052,H01095,B14,,2025-12-09,4,1,versatility,,1
R10053,H01261,B13,,2025-12-09,5,1,price,,1
R10054,H01463,B03,,2025-12-09,4,1,can design,,0
R10055,H01489,B15,,2025-12-09,3,1,texture,,0
R10056,H01729,B05,,2025-12-09,4,0,portion size,,1
R10057,H02110,B04,,2025-12-09,4,1,price,,1
R10058,H02288,B05,,2025-12-09,5,1,saltiness,,1
R10059,H02406,B01,,2025-12-09,5,1,taste,fizz,0
R10060,H02525,B04,,2025-12-09,3,0,price,,1
R10061,H02715,B17,,2025-12-09,2,0,,ingredients,0
R10062,H02774,B16,,2025-12-09,5,1,heat,,1
R10063,H02777,B01,,2025-12-09,4,1,price,refreshing,1
R10064,H03089,B05,,2025-12-09,4,1,price,,1
R10065,H03220,B06,,2025-12-09,5,1,price,,1
R10066,H03224,B11,,2025-12-09,4,1,texture,,0
R10067,H03243,B02,,2025-12-09,5,1,fizz,sweetness,0
R10068,H00065,B08,,2025-12-10,4,1,packaging,,0
R10069,H00757,B11,,2025-12-10,5,1,texture,,1
R10070,H00779,B16,,2025-12-10,4,1,texture,,1
R10071,H01106,B11,,2025-12-10,5,1,texture,packaging,1
R10072,H01274,B16,,2025-12-10,4,1,texture,,0
R10073,H01428,B11,,2025-12-10,4,1,texture,sweetness,1
R10074,H01531,B19,,2025-12-10,5,1,portability,,1
R10075,H01710,B04,,2025-12-10,5,1,aftertaste,refreshing,1
R10076,H02373,B11,,2025-12-10,3,1,ingredients,,0
R10077,H02446,B02,,2025-12-10,5,1,refreshing,,1
R10078,H02538,B14,,2025-12-10,4,1,texture,,1
R10079,H02762,B15,,2025-12-10,2,0,heat,texture,0
R10080,H02996,B07,,2025-12-10,3,0,,crunch,1
R10081,H03082,B20,,2025-12-10,3,0,,taste,1
R10082,H03220,B07,,2025-12-10,2,1,,packaging,0
R10083,H03243,B09,,2025-12-10,1,0,,taste,0
R10084,H03257,B03,,2025-12-10,4,1,fizz,,1
R10085,H00481,B18,,2025-12-11,2,0,,texture,1
R10086,H00540,B12,,2025-12-11,3,1,sweetness,,0
R10087,H00557,B03,,2025-12-11,5,1,taste,,1
R10088,H00751,B19,,2025-12-11,5,1,price,,1
R10089,H01014,B18,,2025-12-11,3,1,,taste,0
R10090,H01096,B05,,2025-12-11,3,0,,seasoning,1
R10091,H01215,B07,,2025-12-11,5,1,seasoning,saltiness,1
R10092,H01384,B17,,2025-12-11,4,1,price,,1
R10093,H01413,B16,,2025-12-11,5,1,heat,,1
R10094,H01489,B19,,2025-12-11,5,1,ingredients,price,1
R10095,H01597,B03,,2025-12-11,3,0,,aftertaste,0
R10096,H01674,B17,,2025-12-11,3,0,,texture,0
R10097,H01743,B05,,2025-12-11,4,1,seasoning,saltiness,1
R10098,H01966,B20,,2025-12-11,5,1,price,taste,1
R10099,H02142,B15,,2025-12-11,3,0,,heat,0
R10100,H02234,B20,,2025-12-11,4,1,energy boost,,1
R10101,H02272,B17,,2025-12-11,5,1,energy boost,,1
R10102,H02277,B14,,2025-12-11,1,0,,flavour depth,0
R10103,H02285,B07,,2025-12-11,5,1,seasoning,,1
R10104,H02478,B16,,2025-12-11,3,0,jar size,,0
R10105,H02615,B12,,2025-12-11,3,0,ingredients,,0
R10106,H02952,B02,,2025-12-11,5,1,price,,1
R10107,H03186,B03,,2025-12-11,5,1,taste,sweetness,1
R10108,H03191,B14,,2025-12-11,3,1,jar size,,0
R10109,H03246,B05,,2025-12-11,2,0,,packaging,0
R10110,H00038,B14,,2025-12-12,3,0,,heat,1
R10111,H00102,B11,,2025-12-12,5,1,packaging,,1
R10112,H00163,B20,,2025-12-12,2,0,,price,0
R10113,H00326,B15,,2025-12-12,4,1,heat,price,0
R10114,H00466,B12,,2025-12-12,4,0,texture,,0
R10115,H00619,B12,,2025-12-12,5,1,sweetness,,0
R10116,H00961,B06,,2025-12-12,5,1,crunch,,1
R10117,H01098,B18,,2025-12-12,4,0,taste,,0
R10118,H01123,B09,,2025-12-12,3,0,,packaging,0
R10119,H01390,B12,,2025-12-12,3,1,,sweetness,0
R10120,H01580,B05,,2025-12-12,4,1,price,,1
R10121,H01681,B16,,2025-12-12,4,1,heat,,1
R10122,H02006,B17,,2025-12-12,4,1,taste,,1
R10123,H02019,B03,,2025-12-12,4,1,taste,,1
R10124,H02056,B13,,2025-12-12,5,1,texture,,1
R10125,H02503,B14,,2025-12-12,4,1,flavour depth,,1
R10126,H02520,B11,,2025-12-12,4,1,texture,,1
R10127,H02740,B01,,2025-12-12,3,0,,sweetness,0
R10128,H03019,B18,,2025-12-12,4,1,price,,0
R10129,H03184,B07,,2025-12-12,4,1,seasoning,,1
R10130,H03281,B02,,2025-12-12,5,1,fizz,,1
R10131,H03343,B05,,2025-12-12,3,0,packaging,,1
R10132,H00003,B19,,2025-12-13,4,1,energy boost,,0
R10133,H00205,B08,,2025-12-13,4,0,packaging,portion size,1
R10134,H00303,B15,,2025-12-13,4,1,flavour depth,,1
R10135,H00312,B17,,2025-12-13,4,1,taste,,1
R10136,H00494,B12,,2025-12-13,3,0,packaging,,1
R10137,H00608,B02,,2025-12-13,5,1,price,taste,1
R10138,H01034,B03,,2025-12-13,4,1,sweetness,,0
R10139,H01202,B17,,2025-12-13,3,0,,taste,1
R10140,H01229,B06,,2025-12-13,4,1,saltiness,,1
R10141,H01240,B05,,2025-12-13,5,1,price,crunch,1
R10142,H01566,B19,,2025-12-13,4,0,portability,,1
R10143,H01674,B07,,2025-12-13,4,0,crunch,,1
R10144,H01724,B07,,2025-12-13,4,1,portion size,,1
R10145,H01814,B20,,2025-12-13,4,0,portability,,1
R10146,H02062,B15,,2025-12-13,4,1,texture,,0
R10147,H02342,B16,,2025-12-13,4,1,texture,,0
R10148,H02377,B12,,2025-12-13,1,0,ingredients,texture,0
R10149,H02785,B08,,2025-12-13,5,0,portion size,,1
R10150,H02907,B03,,2025-12-13,5,1,sweetness,,1
R10151,H02948,B12,,2025-12-13,4,1,packaging,,0
R10152,H02971,B15,,2025-12-13,4,1,versatility,,1
R10153,H03098,B02,,2025-12-13,4,1,refreshing,,1
R10154,H03274,B13,,2025-12-13,3,1,,heat,1
R10155,H00103,B08,,2025-12-14,5,1,saltiness,,0
R10156,H00195,B13,,2025-12-14,3,0,flavour depth,,0
R10157,H00353,B08,,2025-12-14,4,1,portion size,saltiness,1
R10158,H00430,B07,,2025-12-14,5,1,portion size,,1
R10159,H01083,B09,,2025-12-14,4,0,packaging,,1
R10160,H01090,B19,,2025-12-14,3,0,texture,,0
R10161,H01130,B03,,2025-12-14,4,1,aftertaste,,0
R10162,H01171,B16,,2025-12-14,5,1,flavour depth,,1
R10163,H01272,B18,,2025-12-14,4,1,taste,,0
R10164,H01283,B12,,2025-12-14,5,1,taste,,0
R10165,H01344,B13,,2025-12-14,4,1,versatility,,1
R10166,H01390,B01,,2025-12-14,5,1,fizz,,1
R10167,H01441,B08,,2025-12-14,4,1,crunch,,1
R10168,H01446,B02,,2025-12-14,5,1,price,,1
R10169,H01710,B18,,2025-12-14,4,1,taste,texture,0
R10170,H01768,B07,,2025-12-14,5,1,crunch,,1
R10171,H01834,B03,,2025-12-14,4,1,fizz,,1
R10172,H01895,B11,,2025-12-14,5,1,packaging,,1
R10173,H01969,B20,,2025-12-14,5,1,ingredients,,0
R10174,H02163,B20,,2025-12-14,4,1,texture,energy boost,1
R10175,H02190,B09,,2025-12-14,4,1,sweetness,,0
R10176,H02517,B11,,2025-12-14,4,1,texture,,1
R10177,H02822,B11,,2025-12-14,5,1,packaging,price,1
R10178,H02962,B11,,2025-12-14,4,1,ingredients,,0
R10179,H02991,B18,,2025-12-14,5,1,ingredients,energy boost,1
R10180,H03191,B01,,2025-12-14,4,1,aftertaste,,1
R10181,H00232,B14,,2025-12-15,4,0,texture,,0
R10182,H00472,B16,,2025-12-15,5,1,texture,,1
R10183,H00619,B13,,2025-12-15,2,0,,price,0
R10184,H00871,B20,,2025-12-15,3,0,energy boost,,1
R10185,H01055,B02,,2025-12-15,4,0,taste,,0
R10186,H01087,B16,,2025-12-15,5,1,price,,1
R10187,H01111,B09,,2025-12-15,5,1,ingredients,packaging,1
R10188,H01272,B02,,2025-12-15,2,0,,sweetness,0
R10189,H01545,B16,,2025-12-15,2,0,,flavour depth,0
R10190,H01624,B01,,2025-12-15,5,0,aftertaste,,1
R10191,H01650,B02,,2025-12-15,5,1,can design,,1
R10192,H01791,B09,,2025-12-15,4,1,taste,,1
R10193,H01857,B11,,2025-12-15,5,1,price,,1
R10194,H01925,B07,,2025-12-15,4,1,price,crunch,1
R10195,H01928,B05,,2025-12-15,4,1,crunch,,1
R10196,H02010,B06,,2025-12-15,5,1,packaging,,1
R10197,H02036,B11,,2025-12-15,5,1,texture,sweetness,1
R10198,H02067,B03,,2025-12-15,5,1,fizz,,1
R10199,H02384,B02,,2025-12-15,4,0,sweetness,can design,1
R10200,H02779,B13,,2025-12-15,3,0,texture,,0
R10201,H02822,B15,,2025-12-15,3,0,,price,0
R10202,H02925,B19,,2025-12-15,5,1,ingredients,texture,1
R10203,H02969,B20,,2025-12-15,4,1,texture,,1
R10204,H03007,B10,,2025-12-15,3,0,texture,,0
R10205,H03295,B19,,2025-12-15,3,1,,ingredients,1
R10206,H03317,B14,,2025-12-15,4,1,versatility,,1
R10207,H00147,B18,,2025-12-16,2,1,,texture,0
R10208,H00532,B19,,2025-12-16,4,1,texture,,1
R10209,H00686,B14,,2025-12-16,5,1,texture,,1
R10210,H00770,B10,,2025-12-16,3,0,texture,,0
R10211,H00786,B08,,2025-12-16,4,0,packaging,seasoning,0
R10212,H00840,B20,,2025-12-16,5,1,portability,,1
R10213,H00867,B06,,2025-12-16,4,0,packaging,,1
R10214,H00973,B14,,2025-12-16,2,0,,texture,0
R10215,H00991,B10,,2025-12-16,3,1,,price,1
R10216,H01140,B14,,2025-12-16,4,0,versatility,,1
R10217,H01353,B16,,2025-12-16,5,1,price,,1
R10218,H01381,B07,,2025-12-16,3,0,,packaging,0
R10219,H01475,B16,,2025-12-16,3,0,,heat,1
R10220,H02103,B06,,2025-12-16,3,1,,portion size,0
R10221,H02285,B05,,2025-12-16,5,1,portion size,packaging,1
R10222,H02359,B19,,2025-12-16,4,1,ingredients,,1
R10223,H02550,B12,,2025-12-16,4,0,taste,,1
R10224,H02727,B02,,2025-12-16,5,0,fizz,,1
R10225,H02746,B16,,2025-12-16,4,1,jar size,,1
R10226,H02747,B16,,2025-12-16,4,1,flavour depth,versatility,1
R10227,H02844,B01,,2025-12-16,5,1,sweetness,,1
R10228,H03026,B02,,2025-12-16,5,1,refreshing,,0
R10229,H00074,B03,,2025-12-17,3,1,refreshing,,1
R10230,H00868,B14,,2025-12-17,3,0,price,,0
R10231,H00869,B01,,2025-12-17,4,1,taste,fizz,1
R10232,H01005,B13,,2025-12-17,3,1,versatility,,0
R10233,H01039,B01,,2025-12-17,5,1,refreshing,,1
R10234,H01074,B09,,2025-12-17,4,1,ingredients,,1
R10235,H01141,B07,,2025-12-17,3,1,,packaging,0
R10236,H01160,B13,,2025-12-17,3,0,versatility,,0
R10237,H01359,B03,,2025-12-17,4,0,can design,,1
R10238,H01714,B08,,2025-12-17,3,0,,crunch,1
R10239,H01838,B03,,2025-12-17,4,1,aftertaste,,1
R10240,H02035,B19,,2025-12-17,4,1,taste,energy boost,0
R10241,H02359,B07,,2025-12-17,4,0,price,,1
R10242,H02438,B16,,2025-12-17,4,1,texture,versatility,1
R10243,H02769,B15,,2025-12-17,4,1,versatility,heat,1
R10244,H02930,B09,,2025-12-17,4,1,sweetness,texture,1
R10245,H03211,B19,,2025-12-17,5,0,energy boost,,1
R10246,H03254,B06,,2025-12-17,3,0,price,,0
R10247,H00154,B01,,2025-12-18,5,1,can design,,1
R10248,H00204,B07,,2025-12-18,4,1,saltiness,,0
R10249,H00516,B13,,2025-12-18,3,0,,versatility,0
R10250,H00534,B09,,2025-12-18,4,1,sweetness,,1
R10251,H00550,B17,,2025-12-18,4,1,ingredients,texture,1
R10252,H00637,B16,,2025-12-18,3,0,heat,,0
R10253,H01054,B09,,2025-12-18,3,1,price,,1
R10254,H01108,B07,,2025-12-18,3,0,,packaging,1
R10255,H01109,B20,,2025-12-18,4,0,portability,price,0
R10256,H01199,B17,,2025-12-18,2,0,,energy boost,0
R10257,H01305,B14,,2025-12-18,5,1,texture,,1
R10258,H02021,B18,,2025-12-18,5,1,portability,ingredients,1
R10259,H02069,B09,,2025-12-18,5,1,price,,0
R10260,H02096,B04,,2025-12-18,4,0,can design,,0
R10261,H02577,B05,,2025-12-18,4,1,portion size,,1
R10262,H02598,B12,,2025-12-18,4,1,texture,,0
R10263,H02645,B10,,2025-12-18,3,0,sweetness,,0
R10264,H02702,B19,,2025-12-18,4,1,taste,,1
R10265,H02982,B09,,2025-12-18,5,1,ingredients,,1
R10266,H02988,B07,,2025-12-18,3,0,packaging,,0
R10267,H03174,B19,,2025-12-18,3,1,ingredients,,1
R10268,H03318,B15,,2025-12-18,4,1,flavour depth,,1
R10269,H00122,B03,,2025-12-19,4,1,taste,,1
R10270,H00196,B20,,2025-12-19,5,1,portability,,1
R10271,H00245,B14,,2025-12-19,4,1,texture,,1
R10272,H00328,B07,,2025-12-19,3,1,crunch,,0
R10273,H00446,B15,,2025-12-19,3,0,texture,,1
R10274,H00592,B04,,2025-12-19,5,1,sweetness,,1
R10275,H00656,B17,,2025-12-19,5,1,texture,,1
R10276,H00722,B19,,2025-12-19,4,1,portability,,0
R10277,H00815,B19,,2025-12-19,5,1,texture,price,1
R10278,H00970,B07,,2025-12-19,3,1,,price,0
R10279,H01180,B14,,2025-12-19,4,0,texture,,1
R10280,H01200,B13,,2025-12-19,4,1,jar size,,1
R10281,H01404,B20,,2025-12-19,4,0,texture,portability,0
R10282,H01473,B13,,2025-12-19,5,1,jar size,,1
R10283,H01491,B19,,2025-12-19,5,1,ingredients,,1
R10284,H01597,B04,,2025-12-19,5,1,sweetness,fizz,1
R10285,H01666,B02,,2025-12-19,5,1,fizz,,1
R10286,H01858,B20,,2025-12-19,1,0,,energy boost,0
R10287,H01906,B01,,2025-12-19,5,1,fizz,,1
R10288,H01984,B09,,2025-12-19,3,0,sweetness,,0
R10289,H02808,B10,,2025-12-19,5,1,texture,,1
R10290,H03220,B05,,2025-12-19,4,0,seasoning,,1
R10291,H00184,B06,,2025-12-20,3,0,packaging,,0
R10292,H00377,B07,,2025-12-20,3,1,packaging,,0
R10293,H00624,B08,,2025-12-20,5,1,packaging,,1
R10294,H00648,B02,,2025-12-20,4,1,sweetness,price,1
R10295,H00656,B12,,2025-12-20,2,0,,taste,0
R10296,H01162,B08,,2025-12-20,3,0,saltiness,,1
R10297,H01178,B14,,2025-12-20,3,1,flavour depth,,1
R10298,H01224,B20,,2025-12-20,3,1,,portability,1
R10299,H01774,B16,,2025-12-20,5,1,jar size,texture,1
R10300,H02055,B20,,2025-12-20,4,0,texture,,0
R10301,H02164,B07,,2025-12-20,5,1,saltiness,,1
R10302,H02219,B16,,2025-12-20,4,1,versatility,,1
R10303,H02805,B19,,2025-12-20,5,1,texture,,1
R10304,H03204,B01,,2025-12-20,4,1,price,,0
R10305,H03234,B18,,2025-12-20,4,1,texture,,0
R10306,H03268,B05,,2025-12-20,1,0,seasoning,portion size,0
R10307,H03324,B11,,2025-12-20,3,0,,texture,0
R10308,H03357,B20,,2025-12-20,4,1,texture,,1
R10309,H00070,B11,,2025-12-21,5,0,sweetness,,1
R10310,H00287,B13,,2025-12-21,5,1,flavour depth,jar size,1
R10311,H00512,B17,,2025-12-21,5,1,ingredients,,1
R10312,H00604,B05,,2025-12-21,5,1,seasoning,packaging,0
R10313,H00862,B06,,2025-12-21,3,1,,price,1
R10314,H01024,B19,,2025-12-21,2,0,,price,0
R10315,H01233,B03,,2025-12-21,3,1,,price,1
R10316,H01502,B08,,2025-12-21,5,1,price,saltiness,1
R10317,H01721,B17,,2025-12-21,5,1,texture,,1
R10318,H01839,B02,,2025-12-21,5,1,fizz,aftertaste,1
R10319,H01896,B03,,2025-12-21,3,0,,can design,0
R10320,H01938,B05,,2025-12-21,4,1,portion size,,1
R10321,H02075,B15,,2025-12-21,2,0,,texture,0
R10322,H02958,B13,,2025-12-21,5,1,flavour depth,texture,1
R10323,H03051,B18,,2025-12-21,4,1,price,,0
R10324,H03119,B14,,2025-12-21,2,1,,jar size,0
R10325,H03135,B09,,2025-12-21,3,0,packaging,,1
R10326,H03146,B19,,2025-12-21,3,0,,energy boost,1
R10327,H03376,B12,P041,2025-12-21,2,0,,price,0
R10328,H03379,B09,P041,2025-12-21,5,1,price,ingredients,0
R10329,H03384,B05,P041,2025-12-21,4,1,crunch,price,1
R10330,H03386,B09,P041,2025-12-21,3,1,price,,0
R10331,H03387,B09,P041,2025-12-21,5,1,ingredients,,0
R10332,H03396,B09,P041,2025-12-21,3,1,,sweetness,1
R10333,H03396,B12,P041,2025-12-21,4,1,taste,,0
R10334,H03397,B01,P041,2025-12-21,5,1,sweetness,,0
R10335,H03409,B08,P041,2025-12-21,3,1,saltiness,,1
R10336,H03413,B08,P041,2025-12-21,4,1,saltiness,,0
R10337,H03413,B12,P041,2025-12-21,3,0,,ingredients,1
R10338,H03418,B12,P041,2025-12-21,4,0,ingredients,,0
R10339,H03420,B09,P041,2025-12-21,3,1,taste,,1
R10340,H03427,B08,P041,2025-12-21,4,1,saltiness,,0
R10341,H03434,B05,P041,2025-12-21,3,1,saltiness,,1
R10342,H03435,B12,P041,2025-12-21,5,1,taste,,0
R10343,H03437,B01,P041,2025-12-21,5,1,can design,,1
R10344,H03437,B12,P041,2025-12-21,5,1,sweetness,texture,0
R10345,H03441,B08,P041,2025-12-21,5,1,seasoning,,1
R10346,H00467,B06,,2025-12-22,5,1,saltiness,,1
R10347,H00563,B16,,2025-12-22,4,1,heat,,1
R10348,H00601,B12,,2025-12-22,5,1,sweetness,,0
R10349,H00762,B01,,2025-12-22,3,0,,refreshing,0
R10350,H00764,B14,,2025-12-22,1,0,,heat,0
R10351,H00780,B20,,2025-12-22,4,1,energy boost,,1
R10352,H00930,B15,,2025-12-22,4,0,texture,,0
R10353,H01118,B04,,2025-12-22,5,1,aftertaste,,1
R10354,H01506,B14,,2025-12-22,3,0,,price,1
R10355,H01576,B01,,2025-12-22,5,1,sweetness,refreshing,1
R10356,H01728,B18,,2025-12-22,3,1,texture,,1
R10357,H01826,B09,,2025-12-22,5,1,packaging,,1
R10358,H02206,B01,,2025-12-22,3,0,sweetness,,1
R10359,H02510,B16,,2025-12-22,4,1,versatility,,1
R10360,H02543,B05,,2025-12-22,4,0,portion size,seasoning,1
R10361,H02594,B20,,2025-12-22,2,1,portability,price,0
R10362,H02682,B12,,2025-12-22,3,0,,sweetness,0
R10363,H02756,B02,,2025-12-22,3,1,,price,0
R10364,H02906,B18,,2025-12-22,3,0,,price,1
R10365,H03050,B07,,2025-12-22,4,0,saltiness,,1
R10366,H03145,B19,,2025-12-22,4,1,portability,,1
R10367,H03184,B04,,2025-12-22,4,1,taste,can design,1
R10368,H03328,B05,,2025-12-22,3,1,,packaging,0
R10369,H03373,B12,,2025-12-22,3,0,taste,,0
R10370,H03377,B01,P041,2025-12-22,4,1,price,,0
R10371,H03381,B01,P041,2025-12-22,4,1,sweetness,,1
R10372,H03385,B05,P041,2025-12-22,4,0,crunch,seasoning,1
R10373,H03390,B12,P041,2025-12-22,2,1,,packaging,0
R10374,H03398,B09,P041,2025-12-22,5,1,sweetness,,0
R10375,H03408,B09,P041,2025-12-22,5,1,texture,sweetness,0
R10376,H03411,B12,P041,2025-12-22,2,0,,sweetness,1
R10377,H03416,B01,P041,2025-12-22,4,1,sweetness,,1
R10378,H03418,B09,P041,2025-12-22,5,1,price,,1
R10379,H03432,B09,P041,2025-12-22,4,0,texture,,1
R10380,H03436,B08,P041,2025-12-22,3,0,portion size,,1
R10381,H03443,B08,P041,2025-12-22,3,0,packaging,,0
R10382,H00071,B20,,2025-12-23,3,0,energy boost,,0
R10383,H00108,B12,,2025-12-23,4,1,ingredients,texture,0
R10384,H00155,B18,,2025-12-23,3,0,,ingredients,1
R10385,H00474,B17,,2025-12-23,4,1,portability,,1
R10386,H00493,B12,,2025-12-23,3,1,,texture,0
R10387,H00668,B18,,2025-12-23,4,0,energy boost,,0
R10388,H00690,B01,,2025-12-23,4,1,fizz,can design,1
R10389,H01023,B13,,2025-12-23,4,0,texture,jar size,1
R10390,H01151,B16,,2025-12-23,2,0,jar size,heat,0
R10391,H01160,B01,,2025-12-23,4,1,refreshing,,0
R10392,H01230,B15,,2025-12-23,3,1,flavour depth,,0
R10393,H01274,B01,,2025-12-23,5,1,aftertaste,,1
R10394,H01726,B19,,2025-12-23,5,0,taste,,1
R10395,H01756,B09,,2025-12-23,4,0,texture,,0
R10396,H01786,B07,,2025-12-23,5,1,packaging,portion size,1
R10397,H02117,B08,,2025-12-23,5,1,crunch,seasoning,1
R10398,H02321,B04,,2025-12-23,5,1,aftertaste,taste,1
R10399,H02395,B02,,2025-12-23,5,1,price,fizz,1
R10400,H02584,B11,,2025-12-23,4,0,texture,,1
R10401,H02872,B08,,2025-12-23,5,1,saltiness,price,1
R10402,H03138,B19,,2025-12-23,3,0,price,,0
R10403,H03178,B19,,2025-12-23,5,1,ingredients,texture,1
R10404,H03381,B08,P041,2025-12-23,4,1,portion size,,0
R10405,H03386,B08,P041,2025-12-23,5,1,crunch,,1
R10406,H03389,B12,P041,2025-12-23,3,0,,packaging,1
R10407,H03391,B01,P041,2025-12-23,5,1,refreshing,,1
R10408,H03391,B08,P041,2025-12-23,5,1,seasoning,price,1
R10409,H03404,B05,P041,2025-12-23,4,1,saltiness,,1
R10410,H03407,B09,P041,2025-12-23,2,0,,sweetness,0
R10411,H03410,B09,P041,2025-12-23,4,1,texture,,0
R10412,H03412,B09,P041,2025-12-23,4,0,ingredients,,0
R10413,H03422,B08,P041,2025-12-23,4,1,saltiness,,1
R10414,H03427,B01,P041,2025-12-23,5,1,taste,,0
R10415,H00042,B09,,2025-12-24,3,1,,texture,1
R10416,H00391,B09,,2025-12-24,1,0,,price,0
R10417,H00470,B17,,2025-12-24,3,1,,texture,1
R10418,H00487,B07,,2025-12-24,3,0,seasoning,,0
R10419,H00647,B05,,2025-12-24,5,1,price,,1
R10420,H00796,B09,,2025-12-24,3,0,,sweetness,1
R10421,H00889,B04,,2025-12-24,4,0,taste,,1
R10422,H01304,B10,,2025-12-24,4,0,price,,0
R10423,H01413,B13,,2025-12-24,3,0,,heat,1
R10424,H01911,B15,,2025-12-24,3,1,,jar size,0
R10425,H02266,B06,,2025-12-24,5,0,saltiness,,1
R10426,H02428,B02,,2025-12-24,2,0,price,fizz,0
R10427,H02467,B15,,2025-12-24,5,1,price,,1
R10428,H02502,B13,,2025-12-24,4,0,price,,1
R10429,H02910,B06,,2025-12-24,2,0,,seasoning,0
R10430,H02935,B07,,2025-12-24,4,1,price,,0
R10431,H03121,B09,,2025-12-24,3,1,ingredients,,1
R10432,H03227,B13,,2025-12-24,2,0,,jar size,0
R10433,H03298,B08,,2025-12-24,4,1,portion size,,1
R10434,H03335,B04,,2025-12-24,4,1,price,,0
R10435,H03378,B09,,2025-12-24,5,1,ingredients,taste,1
R10436,H03381,B09,P041,2025-12-24,5,1,ingredients,,1
R10437,H03382,B05,P041,2025-12-24,3,0,portion size,,1
R10438,H03392,B12,P041,2025-12-24,3,0,,packaging,0
R10439,H03397,B08,P041,2025-12-24,5,1,crunch,seasoning,0
R10440,H03408,B05,P041,2025-12-24,3,1,,packaging,0
R10441,H03412,B01,P041,2025-12-24,3,1,can design,,0
R10442,H03417,B12,P041,2025-12-24,3,0,,sweetness,0
R10443,H03419,B08,P041,2025-12-24,4,1,portion size,,1
R10444,H03420,B12,P041,2025-12-24,4,1,price,,0
R10445,H03421,B01,P041,2025-12-24,5,1,fizz,,1
R10446,H03422,B09,P041,2025-12-24,5,1,taste,,1
R10447,H03423,B12,P041,2025-12-24,2,0,price,ingredients,0
R10448,H03430,B12,P041,2025-12-24,3,1,,price,0
R10449,H03438,B01,P041,2025-12-24,4,0,price,aftertaste,0
R10450,H00247,B15,,2025-12-25,4,1,price,,1
R10451,H00413,B08,,2025-12-25,3,0,,packaging,0
R10452,H00497,B09,,2025-12-25,3,1,texture,,0
R10453,H00840,B19,,2025-12-25,5,1,price,,1
R10454,H00926,B14,,2025-12-25,3,0,texture,,0
R10455,H01070,B17,,2025-12-25,5,1,texture,energy boost,1
R10456,H01217,B12,,2025-12-25,3,0,,sweetness,0
R10457,H01265,B16,,2025-12-25,3,0,jar size,,0
R10458,H01292,B01,,2025-12-25,5,1,fizz,,1
R10459,H01346,B18,,2025-12-25,3,0,,texture,1
R10460,H01437,B06,,2025-12-25,5,1,crunch,,1
R10461,H01438,B02,,2025-12-25,5,1,price,,1
R10462,H01653,B07,,2025-12-25,4,1,packaging,,1
R10463,H01712,B09,,2025-12-25,5,1,packaging,,1
R10464,H01754,B04,,2025-12-25,4,1,taste,,1
R10465,H01770,B02,,2025-12-25,3,0,,price,0
R10466,H01777,B09,,2025-12-25,3,1,,texture,0
R10467,H02023,B10,,2025-12-25,4,1,sweetness,texture,1
R10468,H02138,B14,,2025-12-25,5,1,price,,0
R10469,H02314,B02,,2025-12-25,5,1,sweetness,,1
R10470,H02478,B07,,2025-12-25,2,0,,packaging,0
R10471,H02727,B08,,2025-12-25,2,0,,crunch,0
R10472,H02849,B12,,2025-12-25,2,0,,taste,0
R10473,H03037,B01,,2025-12-25,5,1,can design,,1
R10474,H03047,B11,,2025-12-25,5,1,sweetness,,1
R10475,H03168,B20,,2025-12-25,5,0,texture,,1
R10476,H03381,B05,P041,2025-12-25,4,0,price,,1
R10477,H03386,B05,P041,2025-12-25,3,0,,portion size,1
R10478,H03389,B05,P041,2025-12-25,3,0,,saltiness,1
R10479,H03397,B12,P041,2025-12-25,4,0,packaging,,0
R10480,H03401,B09,P041,2025-12-25,5,1,price,,0
R10481,H03407,B08,P041,2025-12-25,4,1,crunch,,0
R10482,H03416,B08,P041,2025-12-25,4,0,seasoning,,1
R10483,H03416,B12,P041,2025-12-25,3,0,,sweetness,0
R10484,H03424,B01,P041,2025-12-25,5,1,fizz,aftertaste,1
R10485,H03428,B05,P041,2025-12-25,3,1,seasoning,,0
R10486,H03428,B08,P041,2025-12-25,4,1,packaging,,1
R10487,H03434,B01,P041,2025-12-25,5,1,fizz,,1
R10488,H03442,B05,P041,2025-12-25,3,1,,packaging,0
R10489,H03442,B09,P041,2025-12-25,4,0,taste,,0
R10490,H00097,B14,,2025-12-26,3,0,jar size,,0
R10491,H00104,B03,,2025-12-26,2,0,fizz,price,1
R10492,H00108,B02,,2025-12-26,3,0,,taste,0
R10493,H00593,B01,,2025-12-26,3,1,,sweetness,1
R10494,H00615,B10,,2025-12-26,4,0,packaging,,0
R10495,H00629,B18,,2025-12-26,4,1,ingredients,,0
R10496,H01076,B03,,2025-12-26,2,0,,fizz,1
R10497,H01387,B06,,2025-12-26,5,1,portion size,,1
R10498,H01673,B20,,2025-12-26,4,1,energy boost,,1
R10499,H01777,B06,,2025-12-26,5,1,seasoning,,1
R10500,H01825,B15,,2025-12-26,4,1,jar size,,0
R10501,H02125,B03,,2025-12-26,4,1,sweetness,,1
R10502,H02477,B08,,2025-12-26,2,0,packaging,saltiness,0
R10503,H02683,B01,,2025-12-26,5,1,sweetness,can design,1
R10504,H02796,B11,,2025-12-26,4,1,ingredients,,1
R10505,H03014,B07,,2025-12-26,3,0,packaging,,0
R10506,H03038,B02,,2025-12-26,5,1,aftertaste,,1
R10507,H03122,B07,,2025-12-26,4,1,packaging,portion size,1
R10508,H03204,B03,,2025-12-26,3,0,,can design,0
R10509,H03219,B08,,2025-12-26,3,0,,crunch,0
R10510,H03318,B07,,2025-12-26,5,1,portion size,,1
R10511,H03383,B05,P041,2025-12-26,5,1,packaging,,0
R10512,H03392,B08,P041,2025-12-26,5,0,seasoning,portion size,1
R10513,H03392,B09,P041,2025-12-26,3,1,,taste,1
R10514,H03393,B01,P041,2025-12-26,4,1,taste,,0
R10515,H03393,B08,P041,2025-12-26,3,0,,saltiness,0
R10516,H03403,B09,P041,2025-12-26,4,1,ingredients,,1
R10517,H03404,B08,P041,2025-12-26,4,1,packaging,,0
R10518,H03417,B05,P041,2025-12-26,3,0,crunch,,1
R10519,H03420,B08,P041,2025-12-26,4,1,portion size,,1
R10520,H03422,B12,P041,2025-12-26,4,1,sweetness,,0
R10521,H03424,B05,P041,2025-12-26,5,1,packaging,,1
R10522,H03424,B09,P041,2025-12-26,2,1,,sweetness,1
R10523,H03424,B12,P041,2025-12-26,3,0,,sweetness,0
R10524,H03425,B08,P041,2025-12-26,5,1,price,crunch,0
R10525,H03428,B09,P041,2025-12-26,4,1,taste,,1
R10526,H03432,B12,P041,2025-12-26,5,1,price,,0
R10527,H03434,B12,P041,2025-12-26,2,1,,packaging,0
R10528,H00023,B06,,2025-12-27,5,1,packaging,,1
R10529,H00348,B08,,2025-12-27,2,0,saltiness,packaging,0
R10530,H00482,B20,,2025-12-27,4,0,portability,,0
R10531,H00677,B16,,2025-12-27,4,1,versatility,price,1
R10532,H00868,B09,,2025-12-27,3,0,,sweetness,1
R10533,H01055,B08,,2025-12-27,5,1,portion size,,1
R10534,H01294,B06,,2025-12-27,2,0,price,saltiness,0
R10535,H01339,B09,,2025-12-27,5,1,taste,,1
R10536,H01462,B07,,2025-12-27,3,0,,price,1
R10537,H01622,B01,,2025-12-27,4,1,price,,1
R10538,H01635,B08,,2025-12-27,3,0,,saltiness,1
R10539,H01684,B09,,2025-12-27,3,0,,taste,0
R10540,H02088,B10,,2025-12-27,5,1,price,sweetness,1
R10541,H02120,B03,,2025-12-27,4,1,refreshing,price,0
R10542,H02122,B02,,2025-12-27,5,1,refreshing,,0
R10543,H02400,B18,,2025-12-27,5,1,ingredients,,1
R10544,H02408,B04,,2025-12-27,4,1,taste,,1
R10545,H02590,B04,,2025-12-27,5,1,aftertaste,,1
R10546,H02685,B10,,2025-12-27,5,1,sweetness,,1
R10547,H02699,B10,,2025-12-27,4,1,packaging,texture,1
R10548,H02822,B08,,2025-12-27,5,1,portion size,crunch,1
R10549,H03375,B08,P041,2025-12-27,4,1,price,,0
R10550,H03383,B09,P041,2025-12-27,4,1,packaging,,1
R10551,H03388,B01,P041,2025-12-27,4,0,sweetness,,1
R10552,H03395,B05,P041,2025-12-27,3,1,price,,1
R10553,H03395,B08,P041,2025-12-27,4,1,saltiness,,0
R10554,H03397,B05,P041,2025-12-27,3,1,,portion size,0
R10555,H03398,B01,P041,2025-12-27,3,0,,price,0
R10556,H03400,B05,P041,2025-12-27,4,1,portion size,,1
R10557,H03412,B04,,2025-12-27,3,0,aftertaste,,0
R10558,H03417,B01,P041,2025-12-27,4,1,price,,1
R10559,H03425,B05,P041,2025-12-27,4,1,seasoning,,1
R10560,H03429,B08,P041,2025-12-27,4,1,seasoning,,0
R10561,H03431,B05,P041,2025-12-27,4,1,saltiness,crunch,1
R10562,H03431,B09,P041,2025-12-27,3,0,sweetness,,1
R10563,H03432,B05,P041,2025-12-27,4,0,crunch,,1
R10564,H03435,B01,P041,2025-12-27,5,1,can design,,0
R10565,H03435,B08,P041,2025-12-27,5,1,seasoning,saltiness,0
R10566,H03436,B12,P041,2025-12-27,5,1,packaging,,0
R10567,H03437,B09,P041,2025-12-27,4,1,packaging,,1
R10568,H03443,B09,P041,2025-12-27,4,1,texture,,1
R10569,H03467,B11,P042,2025-12-27,3,1,,taste,0
R10570,H03469,B10,,2025-12-27,5,1,sweetness,,0
R10571,H03472,B13,P042,2025-12-27,5,1,versatility,texture,0
R10572,H03475,B11,P042,2025-12-27,5,1,price,,0
R10573,H03479,B11,P042,2025-12-27,3,0,price,,0
R10574,H00294,B15,,2025-12-28,4,1,texture,,1
R10575,H00302,B05,,2025-12-28,4,1,price,,0
R10576,H00327,B04,,2025-12-28,5,1,refreshing,,1
R10577,H00362,B11,,2025-12-28,3,0,,ingredients,0
R10578,H00426,B10,,2025-12-28,5,1,packaging,sweetness,1
R10579,H00437,B07,,2025-12-28,4,1,price,,1
R10580,H00491,B06,,2025-12-28,4,1,seasoning,,1
R10581,H00837,B05,,2025-12-28,3,0,seasoning,,0
R10582,H00960,B02,,2025-12-28,3,1,price,,0
R10583,H01097,B17,,2025-12-28,5,1,portability,taste,1
R10584,H01110,B18,,2025-12-28,4,1,taste,,1
R10585,H01219,B05,,2025-12-28,3,0,,price,1
R10586,H01906,B13,,2025-12-28,5,1,heat,,1
R10587,H02001,B11,,2025-12-28,4,1,sweetness,,1
R10588,H02292,B05,,2025-12-28,4,1,crunch,price,1
R10589,H02664,B09,,2025-12-28,4,1,price,,0
R10590,H02756,B15,,2025-12-28,3,0,,jar size,0
R10591,H03038,B05,,2025-12-28,2,0,portion size,saltiness,1
R10592,H03222,B10,,2025-12-28,3,0,ingredients,,0
R10593,H03227,B06,,2025-12-28,5,1,portion size,,1
R10594,H03375,B05,P041,2025-12-28,5,1,crunch,,0
R10595,H03379,B05,P041,2025-12-28,5,1,seasoning,portion size,1
R10596,H03390,B09,P041,2025-12-28,5,1,packaging,ingredients,1
R10597,H03391,B12,P041,2025-12-28,4,1,texture,sweetness,0
R10598,H03393,B12,P041,2025-12-28,4,1,packaging,,0
R10599,H03394,B12,P041,2025-12-28,5,1,ingredients,,0
R10600,H03401,B05,P041,2025-12-28,4,1,saltiness,,1
R10601,H03404,B11,,2025-12-28,5,1,sweetness,,1
R10602,H03413,B01,P041,2025-12-28,5,1,taste,sweetness,0
R10603,H03413,B05,P041,2025-12-28,3,0,,portion size,1
R10604,H03415,B04,,2025-12-28,4,1,sweetness,,1
R10605,H03427,B05,P041,2025-12-28,3,0,,crunch,0
R10606,H03429,B12,P041,2025-12-28,4,1,sweetness,,1
R10607,H03433,B08,P041,2025-12-28,3,0,portion size,,0
R10608,H03437,B08,P041,2025-12-28,4,1,portion size,,0
R10609,H03443,B05,P041,2025-12-28,3,0,portion size,,1
R10610,H03453,B20,,2025-12-28,2,0,taste,energy boost,0
R10611,H03469,B13,P042,2025-12-28,4,1,flavour depth,jar size,1
R10612,H03470,B01,P042,2025-12-28,4,1,taste,,1
R10613,H03474,B13,P042,2025-12-28,5,1,jar size,,0
R10614,H00114,B16,,2025-12-29,4,0,versatility,,1
R10615,H00172,B07,,2025-12-29,3,1,packaging,,0
R10616,H00603,B16,,2025-12-29,4,1,price,versatility,1
R10617,H00956,B14,,2025-12-29,5,0,versatility,,1
R10618,H01140,B08,,2025-12-29,5,1,seasoning,,1
R10619,H01365,B01,,2025-12-29,4,0,fizz,,1
R10620,H01453,B08,,2025-12-29,3,0,,packaging,0
R10621,H01542,B13,,2025-12-29,4,1,jar size,,0
R10622,H01734,B08,,2025-12-29,3,0,crunch,,0
R10623,H01997,B08,,2025-12-29,4,1,portion size,,1
R10624,H02130,B18,,2025-12-29,3,0,ingredients,,0
R10625,H02285,B04,,2025-12-29,5,1,refreshing,price,1
R10626,H02461,B07,,2025-12-29,4,1,seasoning,,1
R10627,H02931,B16,,2025-12-29,5,1,texture,price,1
R10628,H02961,B10,,2025-12-29,2,0,,packaging,0
R10629,H03019,B02,,2025-12-29,4,1,fizz,,1
R10630,H03062,B12,,2025-12-29,4,1,ingredients,,0
R10631,H03253,B13,,2025-12-29,4,1,texture,,1
R10632,H03459,B13,P042,2025-12-29,3,1,,texture,0
R10633,H03465,B01,P042,2025-12-29,3,0,,sweetness,0
R10634,H03466,B13,P042,2025-12-29,4,1,flavour depth,,0
R10635,H03466,B17,P042,2025-12-29,3,1,,energy boost,1
R10636,H03467,B17,P042,2025-12-29,2,0,,portability,0
R10637,H03472,B05,P042,2025-12-29,3,0,portion size,,0
R10638,H03476,B17,P042,2025-12-29,3,0,,portability,0
R10639,H00007,B01,,2025-12-30,5,1,sweetness,can design,1
R10640,H00030,B01,,2025-12-30,4,0,taste,can design,1
R10641,H00060,B15,,2025-12-30,4,1,jar size,,1
R10642,H00150,B08,,2025-12-30,4,1,saltiness,price,1
R10643,H00212,B15,,2025-12-30,5,1,heat,flavour depth,0
R10644,H00299,B03,,2025-12-30,3,0,refreshing,,1
R10645,H00429,B09,,2025-12-30,3,0,,sweetness,1
R10646,H00582,B07,,2025-12-30,4,1,price,,1
R10647,H00631,B05,,2025-12-30,3,1,,packaging,1
R10648,H00814,B12,,2025-12-30,2,0,,price,0
R10649,H00829,B05,,2025-12-30,3,1,,saltiness,1
R10650,H00917,B18,,2025-12-30,5,0,energy boost,,1
R10651,H01050,B08,,2025-12-30,4,1,packaging,seasoning,0
R10652,H01144,B19,,2025-12-30,3,1,taste,,0
R10653,H01268,B06,,2025-12-30,3,0,saltiness,,0
R10654,H01854,B18,,2025-12-30,4,1,texture,,0
R10655,H01952,B10,,2025-12-30,4,0,taste,,1
R10656,H02134,B18,,2025-12-30,4,0,portability,,1
R10657,H02610,B05,,2025-12-30,3,0,seasoning,,0
R10658,H02723,B02,,2025-12-30,4,1,aftertaste,sweetness,1
R10659,H02744,B03,,2025-12-30,5,1,aftertaste,,1
R10660,H03144,B02,,2025-12-30,4,0,fizz,,1
R10661,H03180,B06,,2025-12-30,3,1,portion size,,1
R10662,H03308,B03,,2025-12-30,5,1,price,taste,1
R10663,H03458,B11,P042,2025-12-30,2,0,packaging,sweetness,1
R10664,H03461,B05,P042,2025-12-30,4,1,packaging,,1
R10665,H03462,B17,P042,2025-12-30,5,1,price,,0
R10666,H03469,B01,P042,2025-12-30,3,1,refreshing,,1
R10667,H03479,B13,P042,2025-12-30,5,1,heat,,1
R10668,H00156,B10,,2025-12-31,4,0,price,,1
R10669,H00396,B16,,2025-12-31,5,1,versatility,jar size,0
R10670,H00422,B13,,2025-12-31,4,0,heat,versatility,1
R10671,H00561,B16,,2025-12-31,5,1,versatility,,1
R10672,H00660,B19,,2025-12-31,4,1,ingredients,,1
R10673,H00745,B03,,2025-12-31,5,1,refreshing,,1
R10674,H01175,B10,,2025-12-31,5,1,sweetness,,0
R10675,H01343,B07,,2025-12-31,5,1,saltiness,,1
R10676,H01497,B20,,2025-12-31,5,1,taste,,0
R10677,H01557,B19,,2025-12-31,4,1,ingredients,,1
R10678,H01630,B12,,2025-12-31,5,1,texture,,1
R10679,H01661,B07,,2025-12-31,5,1,saltiness,,1
R10680,H01699,B18,,2025-12-31,3,1,,ingredients,0
R10681,H01961,B04,,2025-12-31,3,0,sweetness,,0
R10682,H01995,B14,,2025-12-31,4,0,jar size,,0
R10683,H02265,B02,,2025-12-31,4,1,price,,1
R10684,H02557,B03,,2025-12-31,5,1,taste,,1
R10685,H02597,B06,,2025-12-31,5,1,crunch,,1
R10686,H02843,B17,,2025-12-31,4,0,portability,energy boost,1
R10687,H03144,B04,,2025-12-31,4,1,aftertaste,,1
R10688,H03196,B17,,2025-12-31,4,0,energy boost,texture,1
R10689,H03351,B12,,2025-12-31,2,0,,ingredients,0
R10690,H03416,B19,,2025-12-31,3,0,energy boost,,0
R10691,H03464,B01,P042,2025-12-31,4,1,taste,sweetness,1
R10692,H03464,B11,P042,2025-12-31,5,1,texture,taste,0
R10693,H03469,B05,P042,2025-12-31,4,0,seasoning,,0
R10694,H03471,B01,P042,2025-12-31,5,1,taste,,1
R10695,H03481,B17,P042,2025-12-31,4,1,taste,,0
R10696,H03488,B01,,2025-12-31,5,0,can design,sweetness,1
R10697,H00036,B13,,2026-01-01,5,1,texture,,1
R10698,H00098,B04,,2026-01-01,4,1,can design,,1
R10699,H00242,B02,,2026-01-01,3,1,,can design,0
R10700,H00276,B15,,2026-01-01,5,1,flavour depth,heat,1
R10701,H00359,B18,,2026-01-01,4,1,texture,ingredients,0
R10702,H00700,B20,,2026-01-01,2,1,ingredients,taste,0
R10703,H00794,B14,,2026-01-01,3,1,,versatility,0
R10704,H01092,B06,,2026-01-01,5,1,saltiness,,1
R10705,H01101,B14,,2026-01-01,5,1,heat,,1
R10706,H01240,B07,,2026-01-01,5,0,packaging,,1
R10707,H01449,B15,,2026-01-01,5,1,texture,,1
R10708,H01548,B10,,2026-01-01,5,1,texture,,1
R10709,H01549,B14,,2026-01-01,5,1,price,,1
R10710,H02026,B12,,2026-01-01,4,1,price,,0
R10711,H02186,B06,,2026-01-01,4,1,packaging,,0
R10712,H02220,B07,,2026-01-01,5,1,portion size,,1
R10713,H02263,B17,,2026-01-01,5,1,energy boost,,1
R10714,H02390,B18,,2026-01-01,3,0,,portability,0
R10715,H02691,B07,,2026-01-01,3,0,price,,1
R10716,H02796,B01,,2026-01-01,5,0,price,,1
R10717,H02891,B01,,2026-01-01,4,1,refreshing,,1
R10718,H02894,B05,,2026-01-01,4,1,packaging,,0
R10719,H02963,B03,,2026-01-01,4,1,refreshing,,1
R10720,H03033,B19,,2026-01-01,3,0,,texture,1
R10721,H03140,B13,,2026-01-01,3,0,texture,,0
R10722,H03195,B06,,2026-01-01,4,1,crunch,,1
R10723,H03283,B14,,2026-01-01,5,1,flavour depth,jar size,1
R10724,H03460,B01,P042,2026-01-01,4,0,can design,,1
R10725,H03461,B17,P042,2026-01-01,4,1,energy boost,,0
R10726,H03465,B05,P042,2026-01-01,5,1,price,,1
R10727,H03472,B11,P042,2026-01-01,3,0,sweetness,,0
R10728,H03479,B01,P042,2026-01-01,5,1,taste,,1
R10729,H03480,B13,P042,2026-01-01,5,1,heat,,0
R10730,H03494,B13,,2026-01-01,4,1,flavour depth,versatility,1
R10731,H00300,B07,,2026-01-02,5,1,saltiness,portion size,1
R10732,H00770,B20,,2026-01-02,3,0,,texture,1
R10733,H00848,B15,,2026-01-02,3,0,flavour depth,,0
R10734,H00914,B11,,2026-01-02,4,1,price,taste,0
R10735,H00986,B09,,2026-01-02,4,0,price,,1
R10736,H01114,B08,,2026-01-02,5,1,portion size,,1
R10737,H01182,B03,,2026-01-02,3,1,,sweetness,0
R10738,H01200,B10,,2026-01-02,4,1,sweetness,,0
R10739,H01232,B13,,2026-01-02,3,0,versatility,,0
R10740,H01342,B07,,2026-01-02,3,0,saltiness,,0
R10741,H01367,B04,,2026-01-02,4,1,can design,,1
R10742,H01452,B09,,2026-01-02,4,0,price,,1
R10743,H01633,B01,,2026-01-02,4,1,price,,1
R10744,H01846,B19,,2026-01-02,4,0,price,,1
R10745,H02334,B04,,2026-01-02,5,1,sweetness,can design,1
R10746,H02349,B02,,2026-01-02,2,0,,price,0
R10747,H02446,B20,,2026-01-02,4,1,price,,0
R10748,H02516,B04,,2026-01-02,5,1,refreshing,fizz,1
R10749,H02534,B12,,2026-01-02,2,0,,packaging,0
R10750,H02662,B20,,2026-01-02,3,1,price,,1
R10751,H02681,B14,,2026-01-02,4,1,price,,1
R10752,H02722,B13,,2026-01-02,5,1,jar size,,1
R10753,H02911,B04,,2026-01-02,5,1,aftertaste,sweetness,1
R10754,H03038,B04,,2026-01-02,4,1,sweetness,,1
R10755,H03462,B05,P042,2026-01-02,3,0,,packaging,1
R10756,H03463,B07,,2026-01-02,3,1,,saltiness,0
R10757,H03470,B05,P042,2026-01-02,3,0,price,,0
R10758,H03471,B11,P042,2026-01-02,3,0,,packaging,0
R10759,H03471,B13,P042,2026-01-02,4,0,price,,1
R10760,H03478,B01,P042,2026-01-02,4,1,refreshing,price,0
R10761,H03480,B11,P042,2026-01-02,5,1,taste,packaging,0
R10762,H03481,B11,P042,2026-01-02,4,1,texture,,1
R10763,H00107,B18,,2026-01-03,2,0,energy boost,price,0
R10764,H00297,B17,,2026-01-03,4,1,energy boost,,1
R10765,H00301,B02,,2026-01-03,5,1,aftertaste,,1
R10766,H00325,B01,,2026-01-03,3,1,,aftertaste,1
R10767,H00510,B18,,2026-01-03,5,1,price,,1
R10768,H00850,B03,,2026-01-03,5,1,aftertaste,,1
R10769,H00891,B05,,2026-01-03,2,0,,seasoning,0
R10770,H00958,B06,,2026-01-03,4,1,packaging,,1
R10771,H01163,B08,,2026-01-03,4,1,portion size,,0
R10772,H01280,B20,,2026-01-03,5,1,energy boost,,1
R10773,H01335,B10,,2026-01-03,4,1,texture,,1
R10774,H01366,B03,,2026-01-03,4,1,price,refreshing,1
R10775,H01506,B06,,2026-01-03,3,0,portion size,,0
R10776,H01678,B11,,2026-01-03,5,1,ingredients,,1
R10777,H01893,B06,,2026-01-03,5,1,seasoning,saltiness,1
R10778,H02176,B05,,2026-01-03,3,0,,packaging,1
R10779,H02236,B08,,2026-01-03,4,1,portion size,,1
R10780,H02526,B19,,2026-01-03,4,1,portability,,1
R10781,H02576,B17,,2026-01-03,5,1,ingredients,,1
R10782,H02631,B20,,2026-01-03,4,1,energy boost,,1
R10783,H02811,B12,,2026-01-03,3,0,price,,0
R10784,H02838,B13,,2026-01-03,4,1,heat,,1
R10785,H02862,B04,,2026-01-03,4,1,taste,price,1
R10786,H02885,B09,,2026-01-03,5,1,ingredients,,1
R10787,H02894,B14,,2026-01-03,5,1,versatility,heat,1
R10788,H02897,B02,,2026-01-03,5,1,taste,refreshing,1
R10789,H02919,B03,,2026-01-03,4,1,can design,,1
R10790,H02961,B07,,2026-01-03,4,1,portion size,packaging,1
R10791,H03027,B07,,2026-01-03,5,1,packaging,price,1
R10792,H03336,B19,,2026-01-03,3,1,taste,,1
R10793,H03462,B13,P042,2026-01-03,5,1,texture,,0
R10794,H03464,B05,P042,2026-01-03,3,1,,packaging,0
R10795,H03466,B05,P042,2026-01-03,4,0,saltiness,,0
R10796,H03467,B01,P042,2026-01-03,4,0,fizz,,1
R10797,H03469,B11,P042,2026-01-03,5,1,texture,,0
R10798,H03473,B01,P042,2026-01-03,4,1,aftertaste,,1
R10799,H03475,B13,P042,2026-01-03,4,1,jar size,,0
R10800,H03477,B01,P042,2026-01-03,3,0,refreshing,,1
R10801,H03482,B13,P042,2026-01-03,4,0,heat,,0
R10802,H03514,B14,P043,2026-01-03,3,0,,heat,0
R10803,H03523,B17,P043,2026-01-03,2,0,price,taste,0
R10804,H03525,B14,P043,2026-01-03,3,0,heat,,0
R10805,H03531,B09,P043,2026-01-03,4,1,price,,0
R10806,H03533,B09,P043,2026-01-03,3,0,packaging,,0
R10807,H03533,B17,P043,2026-01-03,5,1,price,,0
R10808,H03534,B09,P043,2026-01-03,4,1,taste,texture,1
R10809,H00009,B02,,2026-01-04,5,1,can design,,1
R10810,H00070,B06,,2026-01-04,5,1,seasoning,,1
R10811,H00544,B08,,2026-01-04,4,0,crunch,seasoning,1
R10812,H00715,B06,,2026-01-04,5,1,packaging,,1
R10813,H00888,B05,,2026-01-04,5,1,saltiness,,1
R10814,H01183,B14,,2026-01-04,5,1,texture,,0
R10815,H02105,B13,,2026-01-04,5,1,flavour depth,,1
R10816,H02238,B13,,2026-01-04,3,1,,texture,0
R10817,H02283,B10,,2026-01-04,5,1,price,,1
R10818,H02299,B17,,2026-01-04,5,1,portability,,1
R10819,H02314,B03,,2026-01-04,3,1,,fizz,1
R10820,H02685,B02,,2026-01-04,3,0,taste,,0
R10821,H02724,B18,,2026-01-04,5,1,price,,0
R10822,H02753,B11,,2026-01-04,5,1,taste,,1
R10823,H02762,B03,,2026-01-04,4,0,sweetness,,1
R10824,H02780,B07,,2026-01-04,5,1,seasoning,,0
R10825,H03039,B05,,2026-01-04,4,0,packaging,,1
R10826,H03333,B01,,2026-01-04,4,0,can design,,0
R10827,H03349,B01,,2026-01-04,5,0,taste,,1
R10828,H03500,B17,P043,2026-01-04,4,1,energy boost,,1
R10829,H03501,B03,P043,2026-01-04,3,1,,refreshing,0
R10830,H03510,B03,P043,2026-01-04,2,1,,price,0
R10831,H03513,B10,P043,2026-01-04,4,0,texture,,0
R10832,H03518,B09,P043,2026-01-04,5,1,texture,,1
R10833,H03518,B14,P043,2026-01-04,4,1,jar size,,0
R10834,H03521,B14,P043,2026-01-04,4,1,versatility,,1
R10835,H03524,B03,P043,2026-01-04,3,0,,refreshing,0
R10836,H03526,B03,P043,2026-01-04,3,0,,price,1
R10837,H03536,B10,P043,2026-01-04,4,1,price,,0
R10838,H00323,B11,,2026-01-05,5,1,texture,,1
R10839,H00521,B11,,2026-01-05,4,0,packaging,,1
R10840,H01035,B01,,2026-01-05,2,0,price,fizz,0
R10841,H01050,B11,,2026-01-05,2,0,,texture,0
R10842,H01201,B12,,2026-01-05,2,0,,sweetness,0
R10843,H01265,B08,,2026-01-05,5,1,crunch,,1
R10844,H01508,B03,,2026-01-05,4,1,sweetness,,0
R10845,H01588,B07,,2026-01-05,5,1,saltiness,,1
R10846,H01760,B14,,2026-01-05,1,0,,jar size,0
R10847,H01864,B03,,2026-01-05,5,1,refreshing,price,1
R10848,H01989,B08,,2026-01-05,5,1,portion size,price,1
R10849,H01993,B05,,2026-01-05,4,1,seasoning,,1
R10850,H02082,B06,,2026-01-05,5,1,portion size,,1
R10851,H02118,B08,,2026-01-05,5,1,price,portion size,1
R10852,H02287,B09,,2026-01-05,3,1,sweetness,,0
R10853,H02333,B10,,2026-01-05,2,0,,sweetness,0
R10854,H02531,B04,,2026-01-05,4,1,refreshing,,1
R10855,H02706,B05,,2026-01-05,3,1,,packaging,1
R10856,H02715,B01,,2026-01-05,4,1,fizz,taste,0
R10857,H02771,B13,,2026-01-05,3,1,price,,1
R10858,H03001,B01,,2026-01-05,5,1,can design,price,1
R10859,H03012,B15,,2026-01-05,2,0,,texture,0
R10860,H03028,B04,,2026-01-05,4,1,can design,,1
R10861,H03097,B09,,2026-01-05,3,0,,taste,0
R10862,H03110,B10,,2026-01-05,5,1,sweetness,,1
R10863,H03215,B02,,2026-01-05,3,0,,price,0
R10864,H03219,B07,,2026-01-05,5,1,packaging,,1
R10865,H03306,B12,,2026-01-05,3,0,,ingredients,1
R10866,H03318,B20,,2026-01-05,3,1,portability,,0
R10867,H03500,B10,P043,2026-01-05,4,0,texture,,0
R10868,H03502,B14,P043,2026-01-05,5,1,price,,1
R10869,H03505,B09,P043,2026-01-05,3,0,,texture,1
R10870,H03515,B14,P043,2026-01-05,3,0,versatility,,0
R10871,H03528,B03,P043,2026-01-05,2,0,,price,0
R10872,H03533,B10,P043,2026-01-05,3,1,,taste,1
R10873,H03534,B18,,2026-01-05,1,0,portability,ingredients,0
R10874,H03535,B03,P043,2026-01-05,3,0,,sweetness,1
R10875,H00340,B12,,2026-01-06,4,1,sweetness,,0
R10876,H00509,B09,,2026-01-06,5,1,packaging,,0
R10877,H00760,B14,,2026-01-06,5,1,heat,,1
R10878,H00799,B05,,2026-01-06,4,1,seasoning,,1
R10879,H00883,B06,,2026-01-06,4,1,saltiness,crunch,1
R10880,H00938,B17,,2026-01-06,5,1,energy boost,,1
R10881,H01053,B17,,2026-01-06,3,1,,energy boost,0
R10882,H01061,B16,,2026-01-06,3,0,,price,0
R10883,H01252,B05,,2026-01-06,2,0,portion size,packaging,0
R10884,H01283,B17,,2026-01-06,4,1,texture,,1
R10885,H01430,B14,,2026-01-06,1,0,,texture,0
R10886,H01569,B03,,2026-01-06,5,0,can design,,1
R10887,H01655,B20,,2026-01-06,5,1,energy boost,,1
R10888,H01714,B05,,2026-01-06,3,1,,packaging,1
R10889,H01862,B20,,2026-01-06,2,0,,energy boost,0
R10890,H01923,B09,,2026-01-06,4,0,packaging,,1
R10891,H01932,B05,,2026-01-06,3,0,portion size,,0
R10892,H01991,B19,,2026-01-06,5,1,taste,price,0
R10893,H02055,B06,,2026-01-06,4,1,packaging,,0
R10894,H02090,B01,,2026-01-06,4,1,aftertaste,,1
R10895,H02208,B17,,2026-01-06,3,1,texture,,1
R10896,H02298,B02,,2026-01-06,4,0,can design,,1
R10897,H02471,B05,,2026-01-06,3,1,,crunch,0
R10898,H02891,B04,,2026-01-06,5,1,price,taste,1
R10899,H02896,B10,,2026-01-06,3,1,ingredients,,0
R10900,H02951,B20,,2026-01-06,4,0,portability,,0
R10901,H03051,B14,,2026-01-06,3,1,flavour depth,,0
R10902,H03102,B06,,2026-01-06,5,1,price,,1
R10903,H03365,B13,,2026-01-06,5,0,versatility,,1
R10904,H03499,B14,P043,2026-01-06,3,0,texture,,1
R10905,H03503,B09,P043,2026-01-06,4,1,price,,1
R10906,H03504,B03,P043,2026-01-06,4,1,price,,0
R10907,H03507,B03,P043,2026-01-06,4,0,refreshing,,1
R10908,H03509,B14,P043,2026-01-06,3,0,,price,0
R10909,H03511,B17,P043,2026-01-06,4,0,ingredients,,0
R10910,H03528,B10,P043,2026-01-06,3,1,price,,1
R10911,H03529,B09,P043,2026-01-06,4,1,packaging,taste,0
R10912,H03529,B10,P043,2026-01-06,4,0,packaging,,1
R10913,H03533,B03,P043,2026-01-06,3,0,aftertaste,,0
R10914,H00356,B11,,2026-01-07,5,1,ingredients,,1
R10915,H00366,B08,,2026-01-07,5,1,price,,1
R10916,H00559,B02,,2026-01-07,1,0,fizz,taste,0
R10917,H00589,B04,,2026-01-07,4,0,aftertaste,,1
R10918,H00873,B17,,2026-01-07,4,1,texture,,1
R10919,H01061,B14,,2026-01-07,5,1,versatility,,1
R10920,H01076,B05,,2026-01-07,3,1,crunch,,1
R10921,H01184,B06,,2026-01-07,5,1,saltiness,,1
R10922,H01273,B04,,2026-01-07,4,0,aftertaste,,1
R10923,H01391,B11,,2026-01-07,5,1,taste,,1
R10924,H01425,B19,,2026-01-07,3,1,,taste,0
R10925,H01522,B15,,2026-01-07,4,1,versatility,,1
R10926,H01931,B19,,2026-01-07,4,1,portability,,1
R10927,H02065,B10,,2026-01-07,5,1,taste,,1
R10928,H02187,B19,,2026-01-07,4,1,texture,taste,1
R10929,H02209,B07,,2026-01-07,4,1,portion size,packaging,0
R10930,H02535,B07,,2026-01-07,5,1,portion size,,1
R10931,H02578,B19,,2026-01-07,2,0,,price,0
R10932,H02644,B08,,2026-01-07,2,0,portion size,seasoning,0
R10933,H02807,B20,,2026-01-07,4,1,ingredients,,0
R10934,H02893,B02,,2026-01-07,4,1,refreshing,taste,1
R10935,H02960,B18,,2026-01-07,5,1,portability,,0
R10936,H03364,B10,,2026-01-07,3,0,,price,0
R10937,H03471,B16,,2026-01-07,4,1,texture,,1
R10938,H03500,B14,P043,2026-01-07,5,1,jar size,,0
R10939,H03511,B14,P043,2026-01-07,3,0,,texture,1
R10940,H03515,B17,P043,2026-01-07,4,1,texture,,1
R10941,H03519,B03,P043,2026-01-07,3,0,sweetness,,0
R10942,H03519,B10,P043,2026-01-07,4,1,price,,1
R10943,H03522,B10,P043,2026-01-07,3,1,taste,,1
R10944,H03523,B10,P043,2026-01-07,4,1,price,,0
R10945,H00224,B15,,2026-01-08,4,1,flavour depth,,1
R10946,H00447,B02,,2026-01-08,5,1,sweetness,,1
R10947,H00486,B09,,2026-01-08,5,1,taste,packaging,1
R10948,H00534,B05,,2026-01-08,4,1,price,,0
R10949,H00778,B17,,2026-01-08,3,1,,energy boost,0
R10950,H00788,B06,,2026-01-08,3,0,,portion size,0
R10951,H00791,B04,,2026-01-08,5,1,aftertaste,,1
R10952,H00811,B19,,2026-01-08,2,1,,price,0
R10953,H00877,B02,,2026-01-08,4,0,sweetness,price,1
R10954,H00893,B12,,2026-01-08,3,0,,texture,0
R10955,H00915,B17,,2026-01-08,4,1,portability,,1
R10956,H01011,B07,,2026-01-08,4,0,portion size,,0
R10957,H01017,B01,,2026-01-08,5,1,sweetness,,1
R10958,H01405,B03,,2026-01-08,5,1,taste,,1
R10959,H01546,B07,,2026-01-08,5,0,portion size,,1
R10960,H01709,B19,,2026-01-08,4,1,texture,ingredients,1
R10961,H01722,B02,,2026-01-08,4,1,aftertaste,,0
R10962,H01816,B06,,2026-01-08,4,1,price,,1
R10963,H02014,B08,,2026-01-08,4,1,seasoning,crunch,1
R10964,H02458,B11,,2026-01-08,5,0,texture,packaging,1
R10965,H02674,B08,,2026-01-08,4,1,crunch,packaging,1
R10966,H02724,B05,,2026-01-08,3,1,,price,1
R10967,H02961,B16,,2026-01-08,4,0,price,,1
R10968,H03255,B03,,2026-01-08,5,1,sweetness,,1
R10969,H03469,B14,,2026-01-08,3,0,flavour depth,,1
R10970,H03504,B09,P043,2026-01-08,4,1,sweetness,,0
R10971,H03507,B05,,2026-01-08,4,1,seasoning,price,1
R10972,H03510,B14,P043,2026-01-08,4,1,jar size,,0
R10973,H03516,B09,P043,2026-01-08,3,0,,sweetness,0
R10974,H03516,B10,P043,2026-01-08,4,1,ingredients,,1
R10975,H03516,B14,P043,2026-01-08,3,1,versatility,,0
R10976,H03520,B17,P043,2026-01-08,3,0,,ingredients,1
R10977,H03523,B09,P043,2026-01-08,1,0,,texture,1
R10978,H00828,B07,,2026-01-09,5,1,seasoning,,1
R10979,H01396,B11,,2026-01-09,2,1,packaging,taste,0
R10980,H01416,B11,,2026-01-09,5,1,sweetness,,1
R10981,H01522,B16,,2026-01-09,4,1,jar size,,0
R10982,H01602,B11,,2026-01-09,5,0,ingredients,,1
R10983,H01703,B20,,2026-01-09,4,1,energy boost,,1
R10984,H01774,B01,,2026-01-09,3,1,,price,1
R10985,H01805,B01,,2026-01-09,5,1,can design,refreshing,1
R10986,H01887,B13,,2026-01-09,4,1,jar size,,1
R10987,H02428,B12,,2026-01-09,4,0,texture,,1
R10988,H02450,B13,,2026-01-09,2,0,,texture,0
R10989,H02708,B08,,2026-01-09,3,0,,crunch,0
R10990,H03246,B07,,2026-01-09,3,0,,saltiness,1
R10991,H03280,B08,,2026-01-09,5,1,crunch,,1
R10992,H03448,B02,,2026-01-09,5,1,taste,,1
R10993,H03506,B14,P043,2026-01-09,5,1,texture,price,0
R10994,H03507,B10,P043,2026-01-09,5,1,taste,,0
R10995,H03507,B17,P043,2026-01-09,4,1,portability,ingredients,1
R10996,H03517,B10,P043,2026-01-09,4,1,price,,0
R10997,H03517,B14,P043,2026-01-09,4,1,versatility,,0
R10998,H03527,B09,P043,2026-01-09,5,1,packaging,,1
R10999,H03527,B10,P043,2026-01-09,4,1,sweetness,,0
R11000,H03530,B10,P043,2026-01-09,4,1,texture,,0
R11001,H03532,B09,P043,2026-01-09,4,1,texture,,1
R11002,H03533,B14,P043,2026-01-09,2,0,texture,flavour depth,0
R11003,H00004,B12,,2026-01-10,5,1,packaging,,0
R11004,H00037,B15,,2026-01-10,4,1,texture,jar size,1
R11005,H00147,B16,,2026-01-10,4,1,texture,,0
R11006,H00525,B20,,2026-01-10,3,1,,texture,0
R11007,H00738,B04,,2026-01-10,4,1,can design,,0
R11008,H00876,B04,,2026-01-10,4,1,sweetness,refreshing,1
R11009,H01199,B15,,2026-01-10,4,1,heat,,1
R11010,H01351,B03,,2026-01-10,4,1,aftertaste,,1
R11011,H01438,B07,,2026-01-10,4,0,saltiness,,1
R11012,H01555,B14,,2026-01-10,4,0,price,,1
R11013,H01925,B19,,2026-01-10,2,0,,price,0
R11014,H01948,B13,,2026-01-10,4,1,flavour depth,,1
R11015,H02081,B09,,2026-01-10,3,0,texture,,0
R11016,H02087,B15,,2026-01-10,3,1,versatility,,1
R11017,H02165,B17,,2026-01-10,5,1,price,,1
R11018,H02192,B10,,2026-01-10,4,1,price,,1
R11019,H02300,B15,,2026-01-10,3,0,flavour depth,,1
R11020,H02382,B13,,2026-01-10,4,1,texture,,1
R11021,H02618,B07,,2026-01-10,3,0,,saltiness,0
R11022,H03292,B15,,2026-01-10,1,0,texture,heat,0
R11023,H03342,B12,,2026-01-10,4,1,ingredients,texture,0
R11024,H03501,B09,P043,2026-01-10,5,1,packaging,,1
R11025,H03503,B10,P043,2026-01-10,4,1,texture,,0
R11026,H03506,B03,P043,2026-01-10,4,1,fizz,,1
R11027,H03513,B03,P043,2026-01-10,3,1,,fizz,1
R11028,H03514,B10,P043,2026-01-10,3,0,texture,,1
R11029,H03519,B14,P043,2026-01-10,4,1,texture,,0
R11030,H03521,B10,P043,2026-01-10,4,0,packaging,,0
R11031,H00034,B07,,2026-01-11,3,1,,packaging,1
R11032,H00134,B15,,2026-01-11,3,0,heat,,0
R11033,H00153,B12,,2026-01-11,1,0,,price,0
R11034,H00474,B13,,2026-01-11,5,1,texture,,1
R11035,H00501,B18,,2026-01-11,5,1,portability,,1
R11036,H00525,B13,,2026-01-11,5,1,heat,,1
R11037,H00560,B18,,2026-01-11,4,1,texture,energy boost,1
R11038,H00917,B09,,2026-01-11,3,0,price,,0
R11039,H01410,B18,,2026-01-11,5,1,ingredients,,1
R11040,H01508,B12,,2026-01-11,3,0,,taste,0
R11041,H01564,B08,,2026-01-11,5,1,packaging,,1
R11042,H02220,B19,,2026-01-11,5,1,energy boost,,1
R11043,H02238,B08,,2026-01-11,3,0,,portion size,0
R11044,H02319,B08,,2026-01-11,3,1,saltiness,,0
R11045,H02415,B04,,2026-01-11,3,0,,fizz,0
R11046,H02599,B08,,2026-01-11,5,1,packaging,saltiness,1
R11047,H02716,B02,,2026-01-11,3,0,aftertaste,,1
R11048,H03248,B15,,2026-01-11,4,0,price,,0
R11049,H03261,B07,,2026-01-11,4,0,packaging,price,1
R11050,H03270,B11,,2026-01-11,5,0,taste,,1
R11051,H03321,B16,,2026-01-11,5,1,texture,price,1
R11052,H03326,B20,,2026-01-11,2,0,,taste,0
R11053,H03512,B08,,2026-01-11,3,1,,crunch,0
R11054,H03519,B12,,2026-01-11,4,1,price,,1
R11055,H00194,B13,,2026-01-12,4,1,texture,,1
R11056,H00325,B03,,2026-01-12,5,1,refreshing,,1
R11057,H00373,B06,,2026-01-12,4,1,crunch,,1
R11058,H00437,B18,,2026-01-12,2,0,,price,0
R11059,H00537,B15,,2026-01-12,5,1,flavour depth,,1
R11060,H00620,B08,,2026-01-12,5,1,packaging,,0
R11061,H00919,B20,,2026-01-12,3,1,,texture,0
R11062,H01018,B07,,2026-01-12,5,1,portion size,,1
R11063,H01018,B06,,2026-01-12,5,1,crunch,,1
R11064,H01407,B09,,2026-01-12,3,0,,sweetness,1
R11065,H01604,B19,,2026-01-12,5,1,portability,,1
R11066,H01708,B19,,2026-01-12,5,1,taste,,1
R11067,H01713,B02,,2026-01-12,5,1,fizz,,1
R11068,H01994,B16,,2026-01-12,4,1,texture,flavour depth,1
R11069,H02073,B02,,2026-01-12,3,0,sweetness,,0
R11070,H02191,B12,,2026-01-12,5,1,taste,packaging,1
R11071,H02223,B01,,2026-01-12,2,0,price,sweetness,0
R11072,H02440,B06,,2026-01-12,4,1,price,,1
R11073,H02829,B06,,2026-01-12,5,1,seasoning,,1
R11074,H03018,B10,,2026-01-12,5,1,texture,,1
R11075,H03418,B06,,2026-01-12,4,1,price,,0
R11076,H00320,B09,,2026-01-13,5,1,sweetness,,1
R11077,H00544,B03,,2026-01-13,3,0,can design,,0
R11078,H00829,B03,,2026-01-13,3,0,fizz,,1
R11079,H00850,B05,,2026-01-13,5,0,saltiness,,1
R11080,H00889,B01,,2026-01-13,5,1,fizz,,1
R11081,H01565,B17,,2026-01-13,3,1,,energy boost,0
R11082,H01692,B18,,2026-01-13,2,0,taste,texture,0
R11083,H02276,B17,,2026-01-13,4,0,energy boost,,1
R11084,H02640,B14,,2026-01-13,3,0,price,,0
R11085,H02797,B06,,2026-01-13,3,0,seasoning,,1
R11086,H02810,B17,,2026-01-13,5,1,ingredients,taste,1
R11087,H03063,B05,,2026-01-13,4,0,price,,1
R11088,H03122,B01,,2026-01-13,4,1,sweetness,refreshing,1
R11089,H03138,B05,,2026-01-13,2,0,crunch,saltiness,1
R11090,H00030,B03,,2026-01-14,2,1,,price,0
R11091,H00068,B02,,2026-01-14,5,1,refreshing,,1
R11092,H00267,B01,,2026-01-14,4,1,refreshing,sweetness,0
R11093,H00501,B09,,2026-01-14,5,0,price,,0
R11094,H00767,B01,,2026-01-14,3,1,,fizz,1
R11095,H01212,B19,,2026-01-14,4,0,texture,,1
R11096,H01304,B18,,2026-01-14,3,0,,texture,0
R11097,H01481,B02,,2026-01-14,5,1,aftertaste,price,0
R11098,H01797,B04,,2026-01-14,5,1,sweetness,,1
R11099,H01809,B08,,2026-01-14,5,1,saltiness,crunch,1
R11100,H02372,B11,,2026-01-14,4,1,texture,,1
R11101,H02561,B11,,2026-01-14,5,1,taste,,1
R11102,H02660,B12,,2026-01-14,4,1,price,,0
R11103,H02723,B19,,2026-01-14,4,0,energy boost,,1
R11104,H02880,B04,,2026-01-14,4,1,aftertaste,,0
R11105,H02947,B02,,2026-01-14,5,1,price,,1
R11106,H03040,B20,,2026-01-14,5,1,ingredients,,1
R11107,H03191,B19,,2026-01-14,4,1,texture,,1
R11108,H03445,B14,,2026-01-14,5,0,texture,,1
R11109,H00005,B08,,2026-01-15,5,1,seasoning,,1
R11110,H00045,B03,,2026-01-15,5,1,can design,sweetness,1
R11111,H00115,B10,,2026-01-15,5,1,ingredients,price,1
R11112,H00177,B05,,2026-01-15,3,0,seasoning,,1
R11113,H00334,B20,,2026-01-15,5,1,energy boost,,1
R11114,H00697,B09,,2026-01-15,5,1,taste,,0
R11115,H00768,B08,,2026-01-15,3,0,,seasoning,1
R11116,H00956,B18,,2026-01-15,4,0,portability,,0
R11117,H01167,B02,,2026-01-15,4,1,refreshing,,1
R11118,H01206,B04,,2026-01-15,3,0,,price,1
R11119,H01504,B10,,2026-01-15,5,1,ingredients,,1
R11120,H01524,B17,,2026-01-15,2,0,,price,0
R11121,H01639,B07,,2026-01-15,4,1,price,,0
R11122,H01831,B15,,2026-01-15,4,1,versatility,,1
R11123,H02215,B07,,2026-01-15,3,0,,packaging,1
R11124,H02363,B18,,2026-01-15,4,0,portability,,1
R11125,H02829,B05,,2026-01-15,5,1,crunch,,1
R11126,H02830,B11,,2026-01-15,4,1,taste,,0
R11127,H02831,B20,,2026-01-15,2,0,,price,1
R11128,H03039,B20,,2026-01-15,3,0,,ingredients,0
R11129,H03057,B11,,2026-01-15,4,0,packaging,,0
R11130,H03151,B01,,2026-01-15,5,1,can design,aftertaste,1
R11131,H03520,B03,,2026-01-15,4,0,can design,,1
R11132,H03564,B06,,2026-01-15,5,1,portion size,,1
R11133,H00039,B05,,2026-01-16,3,1,saltiness,,1
R11134,H00128,B04,,2026-01-16,3,0,,refreshing,0
R11135,H00178,B09,,2026-01-16,4,0,texture,,0
R11136,H00277,B14,,2026-01-16,3,0,jar size,,0
R11137,H00308,B19,,2026-01-16,3,0,texture,,1
R11138,H00701,B02,,2026-01-16,3,1,,taste,0
R11139,H00729,B06,,2026-01-16,4,1,crunch,,1
R11140,H00733,B13,,2026-01-16,4,1,flavour depth,,1
R11141,H00867,B20,,2026-01-16,5,1,price,,1
R11142,H01121,B18,,2026-01-16,3,0,,energy boost,1
R11143,H01511,B20,,2026-01-16,4,1,texture,,1
R11144,H01565,B12,,2026-01-16,4,1,packaging,,0
R11145,H01594,B07,,2026-01-16,3,0,crunch,,0
R11146,H01729,B20,,2026-01-16,4,0,portability,,1
R11147,H01825,B08,,2026-01-16,3,0,,seasoning,1
R11148,H02066,B08,,2026-01-16,3,1,,price,0
R11149,H02405,B08,,2026-01-16,4,1,seasoning,,1
R11150,H02468,B14,,2026-01-16,3,1,,jar size,0
R11151,H02470,B19,,2026-01-16,5,0,texture,,0
R11152,H02488,B05,,2026-01-16,5,1,saltiness,,1
R11153,H02514,B12,,2026-01-16,3,0,,packaging,1
R11154,H02543,B04,,2026-01-16,3,1,aftertaste,,0
R11155,H02587,B14,,2026-01-16,4,1,flavour depth,,0
R11156,H02829,B20,,2026-01-16,2,0,,portability,0
R11157,H02966,B19,,2026-01-16,3,1,taste,,0
R11158,H03304,B20,,2026-01-16,4,1,energy boost,,0
R11159,H03412,B15,,2026-01-16,5,1,versatility,texture,1
R11160,H00045,B02,,2026-01-17,5,1,sweetness,,1
R11161,H00311,B05,,2026-01-17,5,1,crunch,,1
R11162,H00412,B03,,2026-01-17,4,1,refreshing,,0
R11163,H00618,B04,,2026-01-17,4,1,aftertaste,,1
R11164,H01115,B10,,2026-01-17,4,1,price,,1
R11165,H01411,B19,,2026-01-17,4,1,energy boost,,1
R11166,H01626,B14,,2026-01-17,4,1,price,,1
R11167,H01662,B01,,2026-01-17,5,0,price,,1
R11168,H01987,B10,,2026-01-17,4,1,taste,,0
R11169,H02060,B01,,2026-01-17,3,0,refreshing,,1
R11170,H02199,B05,,2026-01-17,4,1,packaging,,1
R11171,H02201,B08,,2026-01-17,3,1,,seasoning,0
R11172,H02218,B11,,2026-01-17,4,1,packaging,,1
R11173,H02638,B17,,2026-01-17,4,1,texture,,1
R11174,H02769,B10,,2026-01-17,4,0,taste,,0
R11175,H02816,B06,,2026-01-17,5,1,crunch,,1
R11176,H03074,B15,,2026-01-17,3,1,,texture,0
R11177,H03346,B07,,2026-01-17,4,1,packaging,,1
R11178,H03420,B15,,2026-01-17,4,1,flavour depth,,1
R11179,H03550,B04,,2026-01-17,3,1,,sweetness,0
R11180,H00028,B09,,2026-01-18,5,1,ingredients,,1
R11181,H00258,B11,,2026-01-18,5,1,sweetness,,0
R11182,H00354,B19,,2026-01-18,3,0,portability,,1
R11183,H00411,B13,,2026-01-18,4,1,versatility,,1
R11184,H00740,B04,,2026-01-18,5,1,taste,,1
R11185,H00781,B20,,2026-01-18,5,1,portability,,1
R11186,H01608,B19,,2026-01-18,3,0,taste,,1
R11187,H02269,B09,,2026-01-18,3,1,taste,,1
R11188,H02527,B01,,2026-01-18,4,1,fizz,,1
R11189,H02541,B14,,2026-01-18,3,0,,heat,0
R11190,H02690,B14,,2026-01-18,3,0,texture,,0
R11191,H02704,B12,,2026-01-18,2,0,,texture,0
R11192,H02768,B11,,2026-01-18,3,1,,packaging,1
R11193,H02896,B17,,2026-01-18,4,1,price,,1
R11194,H02925,B08,,2026-01-18,2,0,,saltiness,0
R11195,H03098,B14,,2026-01-18,2,0,,texture,0
R11196,H03154,B12,,2026-01-18,4,0,ingredients,,1
R11197,H03191,B12,,2026-01-18,3,1,,sweetness,0
R11198,H00427,B07,,2026-01-19,5,1,portion size,,0
R11199,H00646,B13,,2026-01-19,4,1,flavour depth,,1
R11200,H00782,B19,,2026-01-19,4,0,price,,0
R11201,H00788,B14,,2026-01-19,4,1,jar size,,1
R11202,H01047,B01,,2026-01-19,4,0,refreshing,,1
R11203,H01515,B11,,2026-01-19,5,1,packaging,,1
R11204,H02077,B08,,2026-01-19,3,0,price,,1
R11205,H02173,B05,,2026-01-19,2,0,,seasoning,0
R11206,H02340,B01,,2026-01-19,4,1,refreshing,,1
R11207,H02388,B13,,2026-01-19,4,0,flavour depth,,1
R11208,H02564,B03,,2026-01-19,4,0,refreshing,,0
R11209,H02579,B07,,2026-01-19,5,1,portion size,,1
R11210,H02624,B07,,2026-01-19,3,0,price,,1
R11211,H02625,B18,,2026-01-19,3,1,energy boost,,0
R11212,H02672,B02,,2026-01-19,3,0,,sweetness,0
R11213,H02855,B10,,2026-01-19,3,1,,taste,1
R11214,H02869,B17,,2026-01-19,4,1,texture,,1
R11215,H02955,B07,,2026-01-19,3,1,seasoning,,1
R11216,H03139,B06,,2026-01-19,5,0,price,saltiness,1
R11217,H03211,B04,,2026-01-19,3,1,,sweetness,0
R11218,H03296,B10,,2026-01-19,5,1,texture,,0
R11219,H03522,B09,,2026-01-19,2,0,,texture,0
R11220,H00076,B15,,2026-01-20,3,0,,heat,0
R11221,H00146,B07,,2026-01-20,2,0,,price,0
R11222,H00259,B12,,2026-01-20,5,1,taste,,1
R11223,H00357,B06,,2026-01-20,5,1,price,,1
R11224,H00529,B16,,2026-01-20,3,0,texture,,0
R11225,H00589,B02,,2026-01-20,3,1,,refreshing,1
R11226,H00591,B02,,2026-01-20,2,0,sweetness,fizz,0
R11227,H00635,B05,,2026-01-20,5,1,price,,1
R11228,H00725,B01,,2026-01-20,4,1,aftertaste,,1
R11229,H00729,B11,,2026-01-20,3,1,price,,0
R11230,H01239,B02,,2026-01-20,5,1,refreshing,,1
R11231,H01401,B19,,2026-01-20,4,0,texture,,1
R11232,H01564,B18,,2026-01-20,4,1,ingredients,,0
R11233,H01700,B12,,2026-01-20,4,1,ingredients,,0
R11234,H01721,B03,,2026-01-20,3,0,,price,1
R11235,H01884,B08,,2026-01-20,2,0,,price,0
R11236,H01919,B07,,2026-01-20,5,1,price,,1
R11237,H02112,B03,,2026-01-20,5,1,sweetness,,1
R11238,H02338,B07,,2026-01-20,4,0,packaging,,0
R11239,H03414,B15,,2026-01-20,4,1,flavour depth,,1
R11240,H03570,B06,,2026-01-20,2,0,,price,1
R11241,H00047,B09,,2026-01-21,3,0,taste,,1
R11242,H00214,B16,,2026-01-21,2,0,,heat,0
R11243,H00242,B15,,2026-01-21,5,1,texture,,1
R11244,H00293,B20,,2026-01-21,3,1,energy boost,,0
R11245,H00351,B08,,2026-01-21,5,1,price,,1
R11246,H00462,B06,,2026-01-21,5,1,packaging,,1
R11247,H00501,B17,,2026-01-21,4,1,price,,1
R11248,H00651,B08,,2026-01-21,5,1,packaging,,1
R11249,H00959,B03,,2026-01-21,4,0,taste,,1
R11250,H01017,B16,,2026-01-21,4,0,jar size,texture,0
R11251,H01019,B19,,2026-01-21,5,1,taste,,1
R11252,H01213,B18,,2026-01-21,5,1,texture,,1
R11253,H01401,B05,,2026-01-21,2,1,,saltiness,1
R11254,H01553,B20,,2026-01-21,5,1,energy boost,,1
R11255,H01635,B14,,2026-01-21,4,1,texture,,1
R11256,H01840,B17,,2026-01-21,4,1,texture,,1
R11257,H01879,B01,,2026-01-21,4,0,sweetness,,1
R11258,H02121,B02,,2026-01-21,5,1,fizz,price,1
R11259,H02353,B11,,2026-01-21,4,1,ingredients,price,1
R11260,H02454,B08,,2026-01-21,5,1,crunch,,0
R11261,H02569,B16,,2026-01-21,3,1,versatility,,1
R11262,H02649,B12,,2026-01-21,4,1,sweetness,,0
R11263,H02916,B20,,2026-01-21,4,1,price,,1
R11264,H02927,B06,,2026-01-21,5,1,crunch,,1
R11265,H02948,B10,,2026-01-21,3,0,,price,0
R11266,H03125,B18,,2026-01-21,5,1,portability,ingredients,0
R11267,H03163,B03,,2026-01-21,2,0,,price,0
R11268,H03222,B16,,2026-01-21,4,0,heat,,1
R11269,H03291,B02,,2026-01-21,2,0,,fizz,0
R11270,H03341,B17,,2026-01-21,5,1,taste,,1
R11271,H03469,B03,,2026-01-21,3,0,sweetness,,0
R11272,H00117,B19,,2026-01-22,5,1,portability,energy boost,1
R11273,H00215,B04,,2026-01-22,4,1,aftertaste,,0
R11274,H00315,B07,,2026-01-22,5,1,packaging,,1
R11275,H00451,B03,,2026-01-22,3,1,,price,0
R11276,H00620,B03,,2026-01-22,4,0,can design,sweetness,1
R11277,H00957,B01,,2026-01-22,3,0,refreshing,,1
R11278,H00959,B02,,2026-01-22,5,1,can design,,1
R11279,H00976,B12,,2026-01-22,3,0,,sweetness,0
R11280,H01005,B17,,2026-01-22,5,1,taste,,1
R11281,H01053,B05,,2026-01-22,2,0,,crunch,0
R11282,H01079,B04,,2026-01-22,3,0,,fizz,0
R11283,H01135,B10,,2026-01-22,4,1,ingredients,,1
R11284,H01284,B04,,2026-01-22,5,1,can design,,1
R11285,H01387,B12,,2026-01-22,3,1,,ingredients,0
R11286,H01490,B11,,2026-01-22,5,1,ingredients,,0
R11287,H01685,B01,,2026-01-22,5,1,price,,1
R11288,H01879,B20,,2026-01-22,4,1,taste,,1
R11289,H02022,B07,,2026-01-22,3,0,,portion size,0
R11290,H02096,B15,,2026-01-22,3,0,flavour depth,,0
R11291,H02253,B16,,2026-01-22,4,0,versatility,,1
R11292,H02440,B16,,2026-01-22,4,1,texture,,1
R11293,H02466,B09,,2026-01-22,3,1,texture,,0
R11294,H02514,B11,,2026-01-22,5,0,price,taste,1
R11295,H02690,B01,,2026-01-22,4,1,can design,,1
R11296,H02708,B03,,2026-01-22,5,1,refreshing,,1
R11297,H02970,B06,,2026-01-22,5,1,packaging,,0
R11298,H03063,B15,,2026-01-22,3,0,versatility,,0
R11299,H03110,B11,,2026-01-22,5,1,price,,1
R11300,H03200,B19,,2026-01-22,5,1,price,,1
R11301,H03409,B02,,2026-01-22,2,0,fizz,aftertaste,0
R11302,H03457,B18,,2026-01-22,4,1,price,taste,0
R11303,H03542,B09,,2026-01-22,3,1,,sweetness,1
R11304,H00108,B15,,2026-01-23,3,1,,jar size,0
R11305,H00132,B07,,2026-01-23,3,0,packaging,,0
R11306,H00319,B03,,2026-01-23,5,1,refreshing,,1
R11307,H00457,B19,,2026-01-23,2,0,energy boost,price,0
R11308,H00692,B15,,2026-01-23,4,1,texture,,1
R11309,H00741,B01,,2026-01-23,5,1,fizz,,1
R11310,H00869,B05,,2026-01-23,4,0,packaging,,1
R11311,H00952,B10,,2026-01-23,3,0,packaging,,0
R11312,H01062,B13,,2026-01-23,3,0,,texture,1
R11313,H01262,B06,,2026-01-23,5,1,seasoning,portion size,1
R11314,H01262,B02,,2026-01-23,5,1,price,,0
R11315,H01268,B17,,2026-01-23,4,1,price,,0
R11316,H01369,B01,,2026-01-23,4,1,price,refreshing,0
R11317,H01374,B13,,2026-01-23,4,0,price,,1
R11318,H01429,B16,,2026-01-23,4,1,versatility,,0
R11319,H01452,B04,,2026-01-23,3,1,,aftertaste,1
R11320,H01625,B09,,2026-01-23,4,1,sweetness,,1
R11321,H01643,B09,,2026-01-23,2,0,,texture,0
R11322,H01686,B14,,2026-01-23,3,0,versatility,,0
R11323,H01788,B03,,2026-01-23,4,1,price,,1
R11324,H01922,B20,,2026-01-23,5,1,ingredients,,1
R11325,H01969,B02,,2026-01-23,5,1,can design,,1
R11326,H02240,B12,,2026-01-23,5,1,texture,packaging,1
R11327,H02771,B12,,2026-01-23,3,1,texture,,0
R11328,H02956,B11,,2026-01-23,5,1,texture,,1
R11329,H03180,B01,,2026-01-23,4,1,sweetness,,1
R11330,H03201,B20,,2026-01-23,3,1,,texture,0
R11331,H03278,B09,,2026-01-23,4,1,sweetness,,0
R11332,H03360,B19,,2026-01-23,4,0,portability,ingredients,1
R11333,H03590,B02,P044,2026-01-23,4,1,aftertaste,,1
R11334,H03592,B11,P044,2026-01-23,3,0,taste,,0
R11335,H00036,B02,,2026-01-24,5,1,price,aftertaste,1
R11336,H00086,B07,,2026-01-24,5,1,crunch,,1
R11337,H00345,B16,,2026-01-24,3,1,versatility,,0
R11338,H00503,B07,,2026-01-24,3,1,,crunch,0
R11339,H00508,B13,,2026-01-24,4,1,price,,0
R11340,H00725,B14,,2026-01-24,5,1,jar size,,1
R11341,H00924,B03,,2026-01-24,3,1,aftertaste,,1
R11342,H01159,B18,,2026-01-24,5,1,texture,,1
R11343,H01205,B02,,2026-01-24,4,1,price,,0
R11344,H01590,B19,,2026-01-24,4,1,price,,1
R11345,H01651,B13,,2026-01-24,5,0,heat,,1
R11346,H01783,B13,,2026-01-24,4,1,jar size,,1
R11347,H01792,B03,,2026-01-24,4,1,price,,1
R11348,H01936,B12,,2026-01-24,3,1,,sweetness,0
R11349,H01943,B03,,2026-01-24,4,1,can design,,1
R11350,H01986,B13,,2026-01-24,5,1,versatility,jar size,1
R11351,H02052,B13,,2026-01-24,4,1,flavour depth,,1
R11352,H02149,B12,,2026-01-24,5,1,texture,,0
R11353,H02193,B14,,2026-01-24,5,1,price,,1
R11354,H02327,B13,,2026-01-24,4,1,flavour depth,versatility,1
R11355,H02388,B04,,2026-01-24,4,1,taste,,1
R11356,H02877,B16,,2026-01-24,4,1,texture,,0
R11357,H03029,B02,,2026-01-24,3,0,,fizz,1
R11358,H03315,B16,,2026-01-24,4,1,versatility,,1
R11359,H03441,B16,,2026-01-24,2,0,price,jar size,0
R11360,H03477,B19,,2026-01-24,3,0,,taste,1
R11361,H03581,B11,P044,2026-01-24,4,0,price,,0
R11362,H03582,B12,P044,2026-01-24,4,1,texture,sweetness,0
R11363,H03586,B10,P044,2026-01-24,4,1,sweetness,,0
R11364,H00004,B18,,2026-01-25,2,0,,price,0
R11365,H00059,B02,,2026-01-25,5,1,aftertaste,,1
R11366,H00214,B03,,2026-01-25,1,0,,fizz,0
R11367,H00252,B13,,2026-01-25,5,1,flavour depth,,1
R11368,H00362,B14,,2026-01-25,2,0,,texture,0
R11369,H00474,B16,,2026-01-25,5,1,flavour depth,price,1
R11370,H01033,B08,,2026-01-25,5,1,saltiness,seasoning,1
R11371,H01132,B16,,2026-01-25,5,1,heat,,1
R11372,H01133,B20,,2026-01-25,2,0,taste,ingredients,0
R11373,H01169,B07,,2026-01-25,3,1,,crunch,1
R11374,H01322,B03,,2026-01-25,4,1,taste,,0
R11375,H01573,B07,,2026-01-25,4,1,crunch,,1
R11376,H01614,B08,,2026-01-25,5,1,packaging,,0
R11377,H01953,B16,,2026-01-25,3,0,versatility,,1
R11378,H01979,B09,,2026-01-25,5,1,texture,,1
R11379,H02138,B08,,2026-01-25,4,1,packaging,,1
R11380,H02596,B08,,2026-01-25,3,0,,saltiness,0
R11381,H02673,B02,,2026-01-25,4,1,sweetness,fizz,1
R11382,H02839,B11,,2026-01-25,4,1,texture,,1
R11383,H03094,B14,,2026-01-25,3,1,,flavour depth,0
R11384,H03376,B06,,2026-01-25,4,0,crunch,,0
R11385,H03392,B14,,2026-01-25,4,1,jar size,,1
R11386,H03587,B20,P044,2026-01-25,4,0,ingredients,,0
R11387,H03591,B11,P044,2026-01-25,3,0,,price,0
R11388,H00246,B17,,2026-01-26,4,0,price,,1
R11389,H00642,B15,,2026-01-26,4,1,versatility,,0
R11390,H00823,B04,,2026-01-26,4,1,price,,1
R11391,H00885,B16,,2026-01-26,4,1,versatility,,1
R11392,H00987,B05,,2026-01-26,4,0,price,packaging,1
R11393,H01002,B17,,2026-01-26,3,0,ingredients,,1
R11394,H01013,B13,,2026-01-26,3,0,,price,1
R11395,H01189,B13,,2026-01-26,4,1,versatility,,1
R11396,H01245,B08,,2026-01-26,4,1,seasoning,,1
R11397,H01488,B12,,2026-01-26,3,0,sweetness,,1
R11398,H01865,B14,,2026-01-26,2,1,,heat,0
R11399,H01949,B17,,2026-01-26,4,1,energy boost,,1
R11400,H01952,B12,,2026-01-26,5,1,taste,,1
R11401,H02266,B04,,2026-01-26,4,1,fizz,,1
R11402,H02387,B04,,2026-01-26,4,1,sweetness,,1
R11403,H02483,B17,,2026-01-26,5,1,price,,1
R11404,H02518,B16,,2026-01-26,3,1,,heat,0
R11405,H02532,B06,,2026-01-26,5,1,price,,1
R11406,H02632,B18,,2026-01-26,4,1,ingredients,price,0
R11407,H02677,B01,,2026-01-26,5,1,refreshing,,1
R11408,H02926,B17,,2026-01-26,5,1,ingredients,,1
R11409,H03010,B02,,2026-01-26,3,0,refreshing,,1
R11410,H03020,B04,,2026-01-26,5,1,fizz,,1
R11411,H03053,B02,,2026-01-26,3,1,taste,,1
R11412,H03164,B19,,2026-01-26,3,1,,texture,0
R11413,H03220,B16,,2026-01-26,4,0,jar size,,1
R11414,H03280,B15,,2026-01-26,4,0,versatility,,0
R11415,H03447,B04,,2026-01-26,3,0,fizz,,0
R11416,H03525,B10,,2026-01-26,4,1,ingredients,,1
R11417,H03580,B11,P044,2026-01-26,3,1,,price,0
R11418,H03582,B20,P044,2026-01-26,2,0,,ingredients,1
R11419,H03584,B11,P044,2026-01-26,5,1,taste,,0
R11420,H00285,B12,,2026-01-27,4,0,texture,,0
R11421,H00719,B05,,2026-01-27,4,0,saltiness,,1
R11422,H00741,B15,,2026-01-27,4,1,heat,,1
R11423,H00937,B01,,2026-01-27,3,0,aftertaste,,0
R11424,H01479,B18,,2026-01-27,4,1,ingredients,,0
R11425,H01567,B04,,2026-01-27,4,1,can design,,1
R11426,H01656,B07,,2026-01-27,5,1,packaging,,1
R11427,H01724,B12,,2026-01-27,2,0,,texture,0
R11428,H01729,B07,,2026-01-27,4,0,portion size,,1
R11429,H01758,B12,,2026-01-27,2,0,sweetness,texture,0
R11430,H01861,B16,,2026-01-27,3,0,,texture,1
R11431,H01944,B05,,2026-01-27,5,1,portion size,,1
R11432,H01973,B15,,2026-01-27,3,1,,versatility,0
R11433,H02039,B03,,2026-01-27,4,0,refreshing,,1
R11434,H02179,B08,,2026-01-27,5,1,packaging,,0
R11435,H02568,B17,,2026-01-27,4,1,taste,,0
R11436,H02569,B17,,2026-01-27,4,1,price,,1
R11437,H02743,B05,,2026-01-27,3,0,,price,1
R11438,H02777,B06,,2026-01-27,4,1,packaging,price,1
R11439,H03054,B17,,2026-01-27,4,1,taste,,1
R11440,H03299,B09,,2026-01-27,4,1,texture,price,1
R11441,H03324,B18,,2026-01-27,5,1,energy boost,,0
R11442,H03338,B18,,2026-01-27,3,1,energy boost,,0
R11443,H03364,B19,,2026-01-27,4,1,texture,energy boost,1
R11444,H03380,B19,,2026-01-27,4,1,ingredients,,1
R11445,H03583,B02,P044,2026-01-27,3,1,refreshing,,0
R11446,H03589,B02,P044,2026-01-27,3,0,can design,,1
R11447,H03591,B12,P044,2026-01-27,5,1,ingredients,,0
R11448,H00053,B03,,2026-01-28,5,1,refreshing,,1
R11449,H00074,B02,,2026-01-28,4,1,aftertaste,,1
R11450,H00124,B14,,2026-01-28,5,1,flavour depth,,0
R11451,H00133,B12,,2026-01-28,2,0,,price,0
R11452,H00245,B08,,2026-01-28,5,0,saltiness,,1
R11453,H00345,B04,,2026-01-28,3,1,,taste,1
R11454,H00499,B09,,2026-01-28,4,1,sweetness,,1
R11455,H00823,B07,,2026-01-28,5,1,saltiness,,1
R11456,H01243,B01,,2026-01-28,3,0,,taste,1
R11457,H01295,B09,,2026-01-28,3,0,texture,,1
R11458,H01338,B04,,2026-01-28,4,1,refreshing,,1
R11459,H01522,B14,,2026-01-28,4,1,heat,flavour depth,1
R11460,H01709,B02,,2026-01-28,4,1,sweetness,,1
R11461,H01854,B09,,2026-01-28,4,1,ingredients,,1
R11462,H01898,B08,,2026-01-28,4,1,portion size,,1
R11463,H02108,B14,,2026-01-28,3,0,heat,,0
R11464,H02166,B04,,2026-01-28,3,1,,can design,1
R11465,H02727,B09,,2026-01-28,2,0,,taste,1
R11466,H03580,B20,P044,2026-01-28,4,1,texture,,0
R11467,H03581,B12,P044,2026-01-28,3,0,,ingredients,0
R11468,H03585,B20,P044,2026-01-28,4,0,energy boost,portability,1
R11469,H03588,B11,P044,2026-01-28,3,0,,sweetness,0
R11470,H03600,B12,,2026-01-28,3,0,packaging,,0
R11471,H00109,B18,,2026-01-29,5,1,price,,1
R11472,H00122,B17,,2026-01-29,4,1,ingredients,,1
R11473,H00358,B03,,2026-01-29,5,1,taste,can design,1
R11474,H00524,B07,,2026-01-29,5,1,seasoning,,1
R11475,H00547,B11,,2026-01-29,2,0,,packaging,0
R11476,H01420,B07,,2026-01-29,5,1,seasoning,packaging,1
R11477,H01488,B06,,2026-01-29,5,1,packaging,,1
R11478,H01497,B02,,2026-01-29,5,1,price,,1
R11479,H01675,B03,,2026-01-29,3,0,,price,1
R11480,H01680,B12,,2026-01-29,3,0,ingredients,,0
R11481,H01786,B05,,2026-01-29,4,1,crunch,,1
R11482,H01958,B16,,2026-01-29,4,1,price,,1
R11483,H02325,B16,,2026-01-29,4,1,heat,,0
R11484,H02542,B09,,2026-01-29,3,1,price,,0
R11485,H02670,B20,,2026-01-29,3,1,ingredients,,0
R11486,H02731,B06,,2026-01-29,5,1,packaging,saltiness,1
R11487,H02827,B17,,2026-01-29,5,1,portability,,1
R11488,H02898,B08,,2026-01-29,5,1,packaging,,0
R11489,H02908,B07,,2026-01-29,4,1,crunch,,1
R11490,H03042,B09,,2026-01-29,4,0,price,,1
R11491,H03060,B07,,2026-01-29,5,1,price,portion size,0
R11492,H03068,B15,,2026-01-29,2,1,price,versatility,0
R11493,H03440,B15,,2026-01-29,4,0,texture,,1
R11494,H03580,B02,P044,2026-01-29,4,1,refreshing,,0
R11495,H00393,B15,,2026-01-30,1,0,,versatility,0
R11496,H00606,B16,,2026-01-30,4,0,jar size,,1
R11497,H00677,B04,,2026-01-30,4,0,refreshing,,1
R11498,H00800,B03,,2026-01-30,2,0,,refreshing,0
R11499,H00881,B07,,2026-01-30,4,1,crunch,,0
R11500,H00905,B15,,2026-01-30,3,1,,flavour depth,0
R11501,H01186,B07,,2026-01-30,3,1,crunch,,0
R11502,H01244,B07,,2026-01-30,5,1,packaging,,0
R11503,H01300,B16,,2026-01-30,4,1,heat,,0
R11504,H01425,B20,,2026-01-30,4,1,taste,,0
R11505,H01787,B16,,2026-01-30,4,1,texture,,0
R11506,H02069,B16,,2026-01-30,4,1,versatility,,1
R11507,H02322,B01,,2026-01-30,4,0,taste,,1
R11508,H02540,B04,,2026-01-30,5,1,can design,aftertaste,1
R11509,H02917,B07,,2026-01-30,4,1,crunch,,1
R11510,H02918,B19,,2026-01-30,5,1,price,,0
R11511,H02935,B16,,2026-01-30,4,1,flavour depth,,1
R11512,H02956,B15,,2026-01-30,4,1,flavour depth,,1
R11513,H02989,B08,,2026-01-30,4,1,crunch,,0
R11514,H03004,B02,,2026-01-30,3,1,,fizz,1
R11515,H03231,B07,,2026-01-30,4,1,price,,0
R11516,H03276,B07,,2026-01-30,3,0,,price,0
R11517,H03580,B12,P044,2026-01-30,4,0,price,packaging,0
R11518,H03584,B10,P044,2026-01-30,3,0,,taste,0
R11519,H03587,B02,P044,2026-01-30,3,0,,fizz,1
R11520,H03588,B20,P044,2026-01-30,4,1,ingredients,portability,0
R11521,H00017,B17,,2026-01-31,4,0,energy boost,,1
R11522,H00130,B09,,2026-01-31,3,0,price,,0
R11523,H00191,B16,,2026-01-31,4,0,versatility,,0
R11524,H00200,B20,,2026-01-31,3,0,portability,,0
R11525,H00213,B14,,2026-01-31,4,1,heat,,1
R11526,H00399,B07,,2026-01-31,4,0,crunch,,1
R11527,H00478,B09,,2026-01-31,4,1,ingredients,,1
R11528,H00754,B07,,2026-01-31,5,1,crunch,,1
R11529,H00820,B08,,2026-01-31,3,0,price,,0
R11530,H00930,B03,,2026-01-31,2,0,,refreshing,0
R11531,H00991,B16,,2026-01-31,4,1,price,,0
R11532,H01048,B14,,2026-01-31,5,1,flavour depth,,1
R11533,H01363,B13,,2026-01-31,4,1,jar size,,0
R11534,H01397,B07,,2026-01-31,2,0,,price,1
R11535,H01752,B13,,2026-01-31,4,1,heat,,1
R11536,H01994,B19,,2026-01-31,4,1,price,,1
R11537,H02006,B10,,2026-01-31,5,1,packaging,,1
R11538,H02580,B04,,2026-01-31,3,0,fizz,,1
R11539,H02646,B15,,2026-01-31,4,0,flavour depth,,1
R11540,H02880,B06,,2026-01-31,5,1,crunch,price,1
R11541,H03000,B02,,2026-01-31,4,0,fizz,,0
R11542,H03085,B03,,2026-01-31,4,1,aftertaste,,1
R11543,H03163,B11,,2026-01-31,4,1,packaging,,0
R11544,H03196,B01,,2026-01-31,4,0,sweetness,,1
R11545,H03214,B02,,2026-01-31,4,1,refreshing,aftertaste,1
R11546,H03268,B18,,2026-01-31,4,1,portability,,1
R11547,H03319,B07,,2026-01-31,4,1,crunch,portion size,1
R11548,H03339,B08,,2026-01-31,4,1,packaging,portion size,0
R11549,H00362,B01,,2026-02-01,4,1,fizz,,1
R11550,H00396,B14,,2026-02-01,4,0,texture,,1
R11551,H00525,B01,,2026-02-01,4,1,aftertaste,,1
R11552,H00625,B07,,2026-02-01,4,0,saltiness,,1
R11553,H00828,B03,,2026-02-01,5,1,can design,,1
R11554,H00882,B04,,2026-02-01,4,0,price,sweetness,0
R11555,H01059,B06,,2026-02-01,4,1,packaging,saltiness,1
R11556,H01394,B07,,2026-02-01,3,0,crunch,,1
R11557,H01726,B18,,2026-02-01,3,1,taste,,0
R11558,H01747,B03,,2026-02-01,5,1,can design,,1
R11559,H01802,B19,,2026-02-01,5,1,ingredients,price,1
R11560,H01847,B05,,2026-02-01,5,1,seasoning,,1
R11561,H01970,B14,,2026-02-01,3,1,,heat,0
R11562,H02156,B18,,2026-02-01,4,1,portability,,0
R11563,H02189,B16,,2026-02-01,5,1,versatility,,1
R11564,H02339,B14,,2026-02-01,5,1,price,,1
R11565,H02352,B05,,2026-02-01,2,0,,price,1
R11566,H02536,B15,,2026-02-01,2,0,heat,jar size,0
R11567,H02590,B13,,2026-02-01,5,1,price,,1
R11568,H02677,B08,,2026-02-01,5,1,packaging,,1
R11569,H03456,B20,,2026-02-01,4,1,energy boost,,1
R11570,H00381,B13,,2026-02-02,4,1,texture,,1
R11571,H00552,B03,,2026-02-02,2,0,,aftertaste,0
R11572,H00576,B09,,2026-02-02,5,1,texture,,1
R11573,H00612,B17,,2026-02-02,3,1,portability,,0
R11574,H00625,B03,,2026-02-02,4,1,can design,,1
R11575,H00763,B04,,2026-02-02,3,1,,can design,0
R11576,H00772,B07,,2026-02-02,4,0,saltiness,,1
R11577,H01164,B13,,2026-02-02,4,0,flavour depth,,1
R11578,H01392,B19,,2026-02-02,5,1,texture,energy boost,1
R11579,H02018,B14,,2026-02-02,2,0,,jar size,0
R11580,H02078,B09,,2026-02-02,3,0,,price,1
R11581,H02100,B18,,2026-02-02,4,1,ingredients,,1
R11582,H02117,B02,,2026-02-02,3,0,,aftertaste,0
R11583,H02129,B12,,2026-02-02,2,0,,taste,0
R11584,H02286,B17,,2026-02-02,3,1,,texture,1
R11585,H02312,B08,,2026-02-02,4,0,seasoning,,1
R11586,H02426,B18,,2026-02-02,4,1,taste,,1
R11587,H02500,B18,,2026-02-02,3,0,,price,1
R11588,H02561,B18,,2026-02-02,5,1,price,,1
R11589,H02774,B18,,2026-02-02,4,1,taste,,0
R11590,H02831,B06,,2026-02-02,3,1,saltiness,,1
R11591,H02884,B20,,2026-02-02,3,1,ingredients,,1
R11592,H03485,B13,,2026-02-02,3,1,texture,,1
R11593,H00181,B10,,2026-02-03,5,1,ingredients,,1
R11594,H00210,B04,,2026-02-03,5,1,refreshing,price,1
R11595,H00265,B02,,2026-02-03,5,0,sweetness,,1
R11596,H00292,B12,,2026-02-03,3,0,price,,0
R11597,H00348,B16,,2026-02-03,4,1,price,,0
R11598,H00536,B04,,2026-02-03,5,1,price,,1
R11599,H00698,B19,,2026-02-03,2,0,ingredients,price,0
R11600,H00738,B10,,2026-02-03,5,1,price,,1
R11601,H01038,B08,,2026-02-03,4,1,price,,1
R11602,H01077,B05,,2026-02-03,5,1,portion size,,1
R11603,H01369,B08,,2026-02-03,4,1,saltiness,seasoning,0
R11604,H01421,B14,,2026-02-03,4,1,price,,0
R11605,H01609,B16,,2026-02-03,5,1,jar size,versatility,1
R11606,H02344,B14,,2026-02-03,4,0,heat,,0
R11607,H02424,B19,,2026-02-03,4,1,taste,,1
R11608,H02450,B01,,2026-02-03,4,1,fizz,,1
R11609,H02459,B09,,2026-02-03,5,1,texture,,1
R11610,H02652,B08,,2026-02-03,5,1,portion size,,1
R11611,H02885,B02,,2026-02-03,5,1,price,,1
R11612,H03188,B05,,2026-02-03,4,0,seasoning,,1
R11613,H03235,B06,,2026-02-03,4,1,seasoning,packaging,1
R11614,H03275,B08,,2026-02-03,4,0,saltiness,,1
R11615,H03477,B17,,2026-02-03,3,0,energy boost,,1
R11616,H03618,B03,,2026-02-03,4,0,can design,,1
R11617,H00007,B09,,2026-02-04,4,1,taste,,1
R11618,H00106,B14,,2026-02-04,3,0,versatility,,0
R11619,H00287,B07,,2026-02-04,4,1,seasoning,,1
R11620,H00378,B17,,2026-02-04,4,0,taste,,1
R11621,H00383,B06,,2026-02-04,3,1,,crunch,0
R11622,H00457,B18,,2026-02-04,3,1,texture,,1
R11623,H00516,B18,,2026-02-04,5,1,ingredients,,1
R11624,H00557,B06,,2026-02-04,4,1,price,,1
R11625,H00723,B12,,2026-02-04,4,1,ingredients,,1
R11626,H00925,B03,,2026-02-04,5,1,fizz,,0
R11627,H00991,B12,,2026-02-04,4,1,sweetness,,1
R11628,H01060,B14,,2026-02-04,2,0,,price,0
R11629,H01128,B16,,2026-02-04,4,1,texture,,0
R11630,H01246,B07,,2026-02-04,2,0,,portion size,1
R11631,H01272,B16,,2026-02-04,4,1,jar size,,0
R11632,H01304,B20,,2026-02-04,5,1,energy boost,,1
R11633,H01398,B03,,2026-02-04,4,1,aftertaste,can design,1
R11634,H01587,B15,,2026-02-04,5,1,price,,1
R11635,H01703,B14,,2026-02-04,4,1,versatility,,0
R11636,H01723,B04,,2026-02-04,3,1,fizz,,0
R11637,H01762,B18,,2026-02-04,4,0,energy boost,ingredients,1
R11638,H01972,B10,,2026-02-04,4,1,taste,ingredients,0
R11639,H02060,B07,,2026-02-04,2,0,,saltiness,0
R11640,H02179,B01,,2026-02-04,5,1,fizz,,1
R11641,H02243,B16,,2026-02-04,4,1,price,jar size,1
R11642,H02451,B18,,2026-02-04,3,0,portability,,0
R11643,H02646,B11,,2026-02-04,2,0,,ingredients,0
R11644,H02666,B09,,2026-02-04,4,1,packaging,,1
R11645,H03001,B19,,2026-02-04,2,0,,energy boost,0
R11646,H03048,B13,,2026-02-04,4,1,jar size,,0
R11647,H03251,B04,,2026-02-04,5,0,taste,,1
R11648,H03304,B18,,2026-02-04,4,1,energy boost,,1
R11649,H03401,B13,,2026-02-04,3,1,,texture,0
R11650,H00175,B14,,2026-02-05,4,1,jar size,versatility,0
R11651,H00191,B11,,2026-02-05,3,0,,taste,0
R11652,H00272,B17,,2026-02-05,2,0,,energy boost,0
R11653,H00502,B04,,2026-02-05,5,1,fizz,,1
R11654,H00764,B05,,2026-02-05,3,0,saltiness,,0
R11655,H01047,B16,,2026-02-05,5,1,heat,versatility,1
R11656,H01057,B04,,2026-02-05,5,1,taste,,1
R11657,H01226,B06,,2026-02-05,5,1,crunch,,1
R11658,H01460,B16,,2026-02-05,4,0,jar size,,0
R11659,H01527,B03,,2026-02-05,4,0,taste,,1
R11660,H01702,B12,,2026-02-05,3,1,ingredients,,0
R11661,H01710,B15,,2026-02-05,3,1,price,,0
R11662,H01753,B18,,2026-02-05,3,0,,energy boost,0
R11663,H01768,B04,,2026-02-05,5,1,price,,1
R11664,H01776,B05,,2026-02-05,3,1,packaging,,0
R11665,H02229,B04,,2026-02-05,1,0,,aftertaste,0
R11666,H02233,B19,,2026-02-05,5,0,energy boost,,1
R11667,H02279,B09,,2026-02-05,3,1,taste,,0
R11668,H02492,B16,,2026-02-05,4,1,price,versatility,0
R11669,H02590,B06,,2026-02-05,4,1,packaging,,0
R11670,H02637,B18,,2026-02-05,5,1,price,,1
R11671,H02987,B17,,2026-02-05,5,1,energy boost,,1
R11672,H03036,B01,,2026-02-05,4,1,taste,,1
R11673,H03103,B07,,2026-02-05,5,1,crunch,,1
R11674,H03187,B02,,2026-02-05,5,1,taste,,1
R11675,H03233,B13,,2026-02-05,4,0,versatility,,0
R11676,H03481,B10,,2026-02-05,4,1,price,,1
R11677,H03587,B19,,2026-02-05,4,1,price,,1
R11678,H03624,B20,,2026-02-05,5,1,energy boost,,1
R11679,H00089,B03,,2026-02-06,5,1,refreshing,,1
R11680,H00266,B12,,2026-02-06,4,1,texture,,1
R11681,H00300,B03,,2026-02-06,4,1,taste,,1
R11682,H00417,B11,,2026-02-06,5,1,texture,,0
R11683,H00451,B20,,2026-02-06,4,1,price,,0
R11684,H00537,B16,,2026-02-06,3,1,heat,,0
R11685,H00552,B09,,2026-02-06,3,0,,sweetness,0
R11686,H01225,B06,,2026-02-06,5,1,saltiness,crunch,0
R11687,H01377,B09,,2026-02-06,5,1,texture,,1
R11688,H02395,B06,,2026-02-06,4,1,crunch,,1
R11689,H02533,B12,,2026-02-06,5,1,price,,1
R11690,H02596,B11,,2026-02-06,3,0,sweetness,,0
R11691,H02822,B03,,2026-02-06,4,1,taste,,1
R11692,H02847,B08,,2026-02-06,5,1,portion size,,1
R11693,H02931,B12,,2026-02-06,3,0,,ingredients,0
R11694,H03302,B12,,2026-02-06,2,0,,price,0
R11695,H03496,B02,,2026-02-06,5,1,refreshing,,1
R11696,H03568,B19,,2026-02-06,4,0,portability,ingredients,1
R11697,H00015,B01,,2026-02-07,5,1,can design,,1
R11698,H00307,B16,,2026-02-07,5,1,texture,jar size,0
R11699,H00683,B16,,2026-02-07,3,1,texture,,0
R11700,H00771,B05,,2026-02-07,4,1,packaging,,1
R11701,H01560,B09,,2026-02-07,5,1,packaging,,1
R11702,H01654,B20,,2026-02-07,3,0,ingredients,,0
R11703,H01853,B01,,2026-02-07,3,0,can design,,0
R11704,H02377,B14,,2026-02-07,4,1,flavour depth,,1
R11705,H02418,B03,,2026-02-07,5,1,fizz,,1
R11706,H02542,B06,,2026-02-07,5,1,crunch,price,1
R11707,H02642,B10,,2026-02-07,4,1,price,,1
R11708,H02658,B15,,2026-02-07,4,1,jar size,,1
R11709,H02662,B18,,2026-02-07,4,0,energy boost,,0
R11710,H02698,B17,,2026-02-07,4,0,ingredients,,1
R11711,H02717,B04,,2026-02-07,3,1,fizz,,0
R11712,H02737,B01,,2026-02-07,5,1,refreshing,,1
R11713,H02781,B12,,2026-02-07,3,0,,texture,0
R11714,H02875,B16,,2026-02-07,3,0,,jar size,0
R11715,H03015,B19,,2026-02-07,4,1,portability,,1
R11716,H03447,B08,,2026-02-07,5,1,price,,1
R11717,H03513,B04,,2026-02-07,3,0,fizz,,1
R11718,H03606,B07,,2026-02-07,3,0,,portion size,0
R11719,H00166,B14,,2026-02-08,4,1,flavour depth,,1
R11720,H00209,B09,,2026-02-08,4,1,ingredients,,0
R11721,H00260,B15,,2026-02-08,3,0,,jar size,1
R11722,H00282,B09,,2026-02-08,5,1,sweetness,,0
R11723,H00306,B20,,2026-02-08,5,1,energy boost,taste,1
R11724,H00337,B19,,2026-02-08,3,0,,energy boost,0
R11725,H00435,B14,,2026-02-08,3,0,,texture,0
R11726,H00445,B08,,2026-02-08,4,1,saltiness,,1
R11727,H00680,B16,,2026-02-08,4,1,heat,,1
R11728,H00750,B19,,2026-02-08,3,0,,price,0
R11729,H00764,B20,,2026-02-08,3,0,ingredients,,0
R11730,H00783,B17,,2026-02-08,4,0,portability,,1
R11731,H01132,B15,,2026-02-08,2,0,,texture,0
R11732,H01212,B07,,2026-02-08,5,1,packaging,,1
R11733,H01213,B20,,2026-02-08,3,0,portability,,0
R11734,H01365,B05,,2026-02-08,4,0,seasoning,,1
R11735,H01507,B03,,2026-02-08,5,1,can design,,1
R11736,H01759,B02,,2026-02-08,4,1,fizz,aftertaste,1
R11737,H01773,B07,,2026-02-08,5,1,packaging,seasoning,1
R11738,H01977,B04,,2026-02-08,2,0,,can design,0
R11739,H02215,B20,,2026-02-08,4,0,energy boost,,1
R11740,H02367,B03,,2026-02-08,5,1,aftertaste,taste,1
R11741,H02464,B16,,2026-02-08,4,1,texture,,1
R11742,H02477,B20,,2026-02-08,5,1,portability,,1
R11743,H02649,B13,,2026-02-08,2,0,,flavour depth,1
R11744,H02758,B03,,2026-02-08,5,1,price,,1
R11745,H02830,B02,,2026-02-08,5,1,price,,1
R11746,H02882,B16,,2026-02-08,4,1,texture,,1
R11747,H02910,B15,,2026-02-08,4,1,versatility,,1
R11748,H02926,B10,,2026-02-08,5,1,ingredients,,1
R11749,H02946,B04,,2026-02-08,5,1,can design,,0
R11750,H02971,B14,,2026-02-08,4,1,versatility,,1
R11751,H03356,B16,,2026-02-08,5,1,price,,1
R11752,H00044,B18,,2026-02-09,4,1,taste,,1
R11753,H00229,B06,,2026-02-09,3,1,,crunch,1
R11754,H00366,B13,,2026-02-09,5,1,versatility,,1
R11755,H00367,B01,,2026-02-09,4,1,fizz,refreshing,1
R11756,H00381,B03,,2026-02-09,5,1,can design,,1
R11757,H00629,B16,,2026-02-09,5,1,texture,,1
R11758,H00788,B01,,2026-02-09,4,1,refreshing,,1
R11759,H01201,B04,,2026-02-09,4,1,refreshing,,1
R11760,H01212,B08,,2026-02-09,4,1,seasoning,,0
R11761,H01230,B06,,2026-02-09,5,1,portion size,,1
R11762,H01320,B02,,2026-02-09,3,0,fizz,,1
R11763,H01328,B18,,2026-02-09,3,1,,ingredients,0
R11764,H01439,B15,,2026-02-09,5,1,jar size,flavour depth,1
R11765,H01455,B15,,2026-02-09,2,0,,flavour depth,0
R11766,H01545,B07,,2026-02-09,2,0,,seasoning,0
R11767,H01563,B12,,2026-02-09,3,0,,sweetness,0
R11768,H02034,B02,,2026-02-09,4,0,price,sweetness,0
R11769,H02036,B15,,2026-02-09,4,1,heat,versatility,0
R11770,H02214,B06,,2026-02-09,4,0,seasoning,,1
R11771,H02568,B14,,2026-02-09,3,0,jar size,,1
R11772,H02927,B14,,2026-02-09,2,0,,price,0
R11773,H03062,B06,,2026-02-09,5,1,saltiness,,1
R11774,H03177,B13,,2026-02-09,4,1,heat,,1
R11775,H03270,B18,,2026-02-09,5,1,texture,,1
R11776,H03418,B02,,2026-02-09,3,0,refreshing,,0
R11777,H03631,B12,,2026-02-09,2,0,texture,sweetness,0
R11778,H00147,B14,,2026-02-10,4,1,versatility,,1
R11779,H00250,B09,,2026-02-10,2,0,,price,0
R11780,H00328,B15,,2026-02-10,4,1,jar size,,0
R11781,H00346,B20,,2026-02-10,5,1,texture,,1
R11782,H00570,B03,,2026-02-10,5,1,aftertaste,,0
R11783,H00651,B09,,2026-02-10,4,1,taste,,1
R11784,H00750,B06,,2026-02-10,4,0,saltiness,,1
R11785,H00845,B10,,2026-02-10,3,0,packaging,,0
R11786,H00884,B09,,2026-02-10,3,0,packaging,,1
R11787,H00933,B02,,2026-02-10,3,0,aftertaste,,0
R11788,H01466,B06,,2026-02-10,4,0,saltiness,,1
R11789,H01818,B08,,2026-02-10,4,0,seasoning,,1
R11790,H01823,B20,,2026-02-10,4,1,texture,,1
R11791,H01876,B18,,2026-02-10,5,1,energy boost,,1
R11792,H01891,B04,,2026-02-10,4,1,sweetness,price,1
R11793,H01927,B19,,2026-02-10,5,1,energy boost,taste,1
R11794,H01988,B06,,2026-02-10,5,1,portion size,,1
R11795,H02373,B14,,2026-02-10,5,1,price,,1
R11796,H02420,B20,,2026-02-10,5,1,ingredients,,1
R11797,H02468,B02,,2026-02-10,5,1,price,fizz,1
R11798,H02840,B13,,2026-02-10,5,1,texture,,1
R11799,H02896,B20,,2026-02-10,3,1,texture,,1
R11800,H02980,B14,,2026-02-10,4,1,jar size,,0
R11801,H03032,B15,,2026-02-10,4,1,flavour depth,,1
R11802,H03057,B13,,2026-02-10,5,1,price,,1
R11803,H03363,B14,,2026-02-10,2,0,,versatility,0
R11804,H03423,B14,,2026-02-10,4,1,price,,1
R11805,H00003,B07,,2026-02-11,2,0,,crunch,0
R11806,H00813,B05,,2026-02-11,4,0,seasoning,,0
R11807,H00836,B06,,2026-02-11,4,1,portion size,,1
R11808,H00966,B02,,2026-02-11,3,0,refreshing,,1
R11809,H01105,B14,,2026-02-11,1,0,,heat,0
R11810,H01180,B13,,2026-02-11,5,1,flavour depth,versatility,1
R11811,H01198,B13,,2026-02-11,3,1,,texture,0
R11812,H01242,B05,,2026-02-11,4,1,price,,1
R11813,H01276,B12,,2026-02-11,3,0,,price,0
R11814,H01620,B04,,2026-02-11,4,1,price,sweetness,0
R11815,H01622,B08,,2026-02-11,4,0,saltiness,,1
R11816,H01818,B10,,2026-02-11,5,1,packaging,,1
R11817,H02031,B15,,2026-02-11,1,0,,flavour depth,0
R11818,H02066,B03,,2026-02-11,4,0,sweetness,,1
R11819,H02710,B07,,2026-02-11,5,1,crunch,,0
R11820,H03292,B01,,2026-02-11,3,1,,fizz,1
R11821,H03352,B07,,2026-02-11,4,1,packaging,,1
R11822,H03498,B15,,2026-02-11,3,0,flavour depth,,0
R11823,H03588,B15,,2026-02-11,5,1,jar size,,1
R11824,H00156,B11,,2026-02-12,5,1,packaging,,1
R11825,H00249,B03,,2026-02-12,3,0,taste,,1
R11826,H00290,B17,,2026-02-12,4,1,texture,,0
R11827,H00430,B18,,2026-02-12,4,0,energy boost,ingredients,0
R11828,H00440,B04,,2026-02-12,5,1,aftertaste,,1
R11829,H00892,B05,,2026-02-12,5,1,price,,1
R11830,H00961,B04,,2026-02-12,3,1,,taste,1
R11831,H00969,B16,,2026-02-12,3,1,,jar size,0
R11832,H01024,B12,,2026-02-12,2,0,ingredients,taste,0
R11833,H01305,B04,,2026-02-12,4,1,taste,,1
R11834,H01358,B04,,2026-02-12,3,0,refreshing,,1
R11835,H01365,B10,,2026-02-12,5,1,texture,,1
R11836,H01590,B13,,2026-02-12,5,1,jar size,texture,1
R11837,H01802,B20,,2026-02-12,4,1,portability,texture,0
R11838,H02008,B19,,2026-02-12,3,0,price,,0
R11839,H02219,B13,,2026-02-12,4,1,heat,,1
R11840,H02522,B18,,2026-02-12,3,0,energy boost,,0
R11841,H02827,B08,,2026-02-12,3,0,,crunch,1
R11842,H03170,B03,,2026-02-12,4,1,refreshing,,1
R11843,H03177,B15,,2026-02-12,4,1,heat,,0
R11844,H03407,B20,,2026-02-12,4,0,energy boost,,0
R11845,H03423,B05,,2026-02-12,4,1,saltiness,crunch,0
R11846,H03563,B13,,2026-02-12,4,1,flavour depth,,1
R11847,H03629,B17,,2026-02-12,4,1,ingredients,,1
R11848,H00125,B06,,2026-02-13,5,1,seasoning,,1
R11849,H00192,B06,,2026-02-13,5,1,portion size,,1
R11850,H00330,B13,,2026-02-13,4,1,texture,,1
R11851,H00347,B11,,2026-02-13,4,0,ingredients,,1
R11852,H00520,B14,,2026-02-13,5,1,versatility,,1
R11853,H00575,B08,,2026-02-13,5,1,saltiness,,1
R11854,H00618,B13,,2026-02-13,4,1,versatility,,1
R11855,H00649,B17,,2026-02-13,3,1,,energy boost,1
R11856,H00740,B17,,2026-02-13,5,1,texture,,1
R11857,H00745,B13,,2026-02-13,3,0,versatility,,0
R11858,H00871,B17,,2026-02-13,4,0,texture,,1
R11859,H01282,B08,,2026-02-13,4,1,crunch,,1
R11860,H01783,B17,,2026-02-13,5,1,texture,price,1
R11861,H02055,B12,,2026-02-13,4,1,packaging,price,0
R11862,H02592,B14,,2026-02-13,3,0,versatility,,0
R11863,H02733,B08,,2026-02-13,4,1,saltiness,,0
R11864,H02878,B14,,2026-02-13,5,1,flavour depth,,1
R11865,H02895,B04,,2026-02-13,4,0,refreshing,,1
R11866,H03015,B08,,2026-02-13,2,0,,packaging,0
R11867,H03125,B14,,2026-02-13,2,0,texture,heat,0
R11868,H03137,B06,,2026-02-13,4,1,saltiness,,0
R11869,H03184,B01,,2026-02-13,4,1,aftertaste,,1
R11870,H00146,B03,,2026-02-14,4,1,taste,fizz,1
R11871,H00352,B17,,2026-02-14,4,1,ingredients,,1
R11872,H00683,B20,,2026-02-14,3,0,price,,1
R11873,H00976,B02,,2026-02-14,5,1,taste,,1
R11874,H01166,B15,,2026-02-14,4,0,texture,,1
R11875,H01176,B13,,2026-02-14,4,0,heat,,0
R11876,H01266,B02,,2026-02-14,4,0,refreshing,,1
R11877,H01320,B17,,2026-02-14,4,1,energy boost,,1
R11878,H01321,B07,,2026-02-14,3,0,seasoning,,1
R11879,H01538,B12,,2026-02-14,4,0,taste,,1
R11880,H01879,B14,,2026-02-14,2,0,,heat,0
R11881,H01991,B13,,2026-02-14,5,1,versatility,,1
R11882,H02031,B06,,2026-02-14,5,1,crunch,,1
R11883,H02285,B01,,2026-02-14,4,0,price,can design,1
R11884,H02388,B03,,2026-02-14,5,1,fizz,,1
R11885,H02398,B17,,2026-02-14,4,0,texture,,1
R11886,H02554,B16,,2026-02-14,4,1,flavour depth,,0
R11887,H02744,B13,,2026-02-14,3,0,price,,1
R11888,H03101,B11,,2026-02-14,5,1,texture,,1
R11889,H03193,B09,,2026-02-14,5,1,ingredients,,1
R11890,H03363,B12,,2026-02-14,4,1,sweetness,,1
R11891,H03403,B02,,2026-02-14,4,1,sweetness,fizz,0
R11892,H03591,B08,,2026-02-14,4,1,price,,0
R11893,H03605,B11,,2026-02-14,5,1,taste,,1
R11894,H00124,B15,,2026-02-15,5,0,texture,,0
R11895,H00452,B18,,2026-02-15,4,1,energy boost,,1
R11896,H00483,B17,,2026-02-15,2,0,,texture,1
R11897,H00747,B08,,2026-02-15,4,1,saltiness,,0
R11898,H00789,B02,,2026-02-15,4,0,sweetness,,0
R11899,H00803,B13,,2026-02-15,4,1,versatility,,0
R11900,H01005,B02,,2026-02-15,4,0,aftertaste,,1
R11901,H01288,B10,,2026-02-15,5,1,sweetness,,1
R11902,H01291,B13,,2026-02-15,4,1,jar size,,1
R11903,H01322,B08,,2026-02-15,4,1,packaging,,1
R11904,H01346,B02,,2026-02-15,3,1,fizz,,0
R11905,H01408,B03,,2026-02-15,4,1,aftertaste,,0
R11906,H01469,B19,,2026-02-15,5,1,portability,,1
R11907,H01747,B09,,2026-02-15,3,0,sweetness,,0
R11908,H01751,B06,,2026-02-15,5,1,portion size,,1
R11909,H01810,B13,,2026-02-15,5,0,jar size,,1
R11910,H01818,B18,,2026-02-15,5,1,energy boost,,1
R11911,H01953,B04,,2026-02-15,2,0,,refreshing,0
R11912,H01997,B16,,2026-02-15,5,1,versatility,,1
R11913,H02421,B15,,2026-02-15,3,0,texture,,0
R11914,H02459,B03,,2026-02-15,5,1,can design,,1
R11915,H02550,B20,,2026-02-15,3,1,,energy boost,1
R11916,H02596,B05,,2026-02-15,4,1,crunch,,0
R11917,H02764,B05,,2026-02-15,4,1,saltiness,packaging,1
R11918,H02908,B20,,2026-02-15,5,1,price,texture,1
R11919,H02909,B01,,2026-02-15,5,1,refreshing,,1
R11920,H02913,B02,,2026-02-15,4,0,refreshing,,1
R11921,H02954,B17,,2026-02-15,4,0,ingredients,,1
R11922,H02975,B20,,2026-02-15,4,1,price,,1
R11923,H03529,B11,,2026-02-15,5,1,texture,,1
R11924,H00152,B20,,2026-02-16,2,0,,texture,0
R11925,H00157,B18,,2026-02-16,5,1,taste,energy boost,1
R11926,H00199,B18,,2026-02-16,4,1,texture,,1
R11927,H00400,B20,,2026-02-16,4,0,price,,1
R11928,H00505,B01,,2026-02-16,5,1,sweetness,,1
R11929,H00634,B08,,2026-02-16,3,0,price,,1
R11930,H00819,B18,,2026-02-16,3,1,,texture,0
R11931,H00821,B20,,2026-02-16,3,1,,energy boost,0
R11932,H01437,B08,,2026-02-16,5,1,crunch,price,1
R11933,H01616,B12,,2026-02-16,5,1,packaging,,1
R11934,H01740,B10,,2026-02-16,4,0,texture,,0
R11935,H01974,B14,,2026-02-16,5,1,price,,1
R11936,H02034,B19,,2026-02-16,3,1,,price,0
R11937,H02069,B11,,2026-02-16,3,0,price,,1
R11938,H02183,B10,,2026-02-16,3,1,,ingredients,0
R11939,H02378,B13,,2026-02-16,5,1,flavour depth,,1
R11940,H02427,B01,,2026-02-16,5,1,aftertaste,,1
R11941,H02427,B04,,2026-02-16,3,1,,price,1
R11942,H02549,B05,,2026-02-16,3,0,,crunch,1
R11943,H02739,B11,,2026-02-16,4,1,price,,0
R11944,H02806,B17,,2026-02-16,5,1,portability,,1
R11945,H02824,B14,,2026-02-16,5,1,texture,,1
R11946,H03215,B07,,2026-02-16,3,1,packaging,,0
R11947,H03543,B05,,2026-02-16,3,1,price,,0
R11948,H00111,B11,,2026-02-17,3,0,price,,0
R11949,H00166,B02,,2026-02-17,3,1,sweetness,,0
R11950,H00272,B03,,2026-02-17,2,0,,fizz,0
R11951,H00638,B09,,2026-02-17,3,0,,price,0
R11952,H00803,B15,,2026-02-17,2,0,texture,versatility,0
R11953,H00863,B02,,2026-02-17,3,1,price,,1
R11954,H00955,B01,,2026-02-17,5,1,sweetness,,1
R11955,H00964,B19,,2026-02-17,5,1,energy boost,,1
R11956,H01029,B18,,2026-02-17,5,1,texture,,0
R11957,H01514,B12,,2026-02-17,2,0,,ingredients,0
R11958,H01703,B02,,2026-02-17,4,0,sweetness,refreshing,1
R11959,H01723,B18,,2026-02-17,4,1,taste,,1
R11960,H01842,B05,,2026-02-17,3,1,price,,0
R11961,H01963,B18,,2026-02-17,5,1,taste,,1
R11962,H02109,B15,,2026-02-17,1,0,price,texture,0
R11963,H02255,B05,,2026-02-17,2,0,,crunch,0
R11964,H02290,B10,,2026-02-17,5,1,price,,1
R11965,H02308,B17,,2026-02-17,2,0,,price,0
R11966,H02589,B18,,2026-02-17,3,1,,ingredients,1
R11967,H02596,B20,,2026-02-17,3,0,,price,0
R11968,H02609,B11,,2026-02-17,4,0,price,,1
R11969,H02792,B10,,2026-02-17,4,0,ingredients,,1
R11970,H02937,B09,,2026-02-17,4,0,texture,,0
R11971,H03114,B19,,2026-02-17,4,1,ingredients,,1
R11972,H03473,B05,,2026-02-17,3,0,packaging,,1
R11973,H03584,B14,,2026-02-17,4,1,price,,0
R11974,H00156,B03,,2026-02-18,5,1,fizz,,1
R11975,H00183,B04,,2026-02-18,4,1,taste,fizz,1
R11976,H00387,B09,,2026-02-18,3,0,texture,,0
R11977,H00411,B09,,2026-02-18,3,0,,packaging,1
R11978,H00526,B12,,2026-02-18,3,1,,packaging,0
R11979,H00924,B11,,2026-02-18,3,0,,texture,0
R11980,H01010,B16,,2026-02-18,3,1,,heat,1
R11981,H01121,B11,,2026-02-18,4,0,ingredients,,1
R11982,H01177,B04,,2026-02-18,3,1,,price,0
R11983,H01354,B12,,2026-02-18,3,1,packaging,,0
R11984,H01645,B12,,2026-02-18,4,0,sweetness,,1
R11985,H01657,B17,,2026-02-18,5,1,texture,,1
R11986,H01681,B20,,2026-02-18,4,1,energy boost,,1
R11987,H02127,B14,,2026-02-18,4,0,price,,1
R11988,H02278,B03,,2026-02-18,3,0,,aftertaste,0
R11989,H02350,B20,,2026-02-18,3,1,portability,,0
R11990,H02545,B06,,2026-02-18,3,1,,price,1
R11991,H02575,B03,,2026-02-18,3,1,can design,,0
R11992,H02789,B10,,2026-02-18,5,1,texture,,1
R11993,H02944,B09,,2026-02-18,5,1,price,,1
R11994,H03107,B02,,2026-02-18,5,1,refreshing,fizz,1
R11995,H03165,B04,,2026-02-18,5,1,can design,,1
R11996,H03255,B08,,2026-02-18,5,1,price,seasoning,1
R11997,H03512,B13,,2026-02-18,4,0,jar size,,1
R11998,H00151,B16,,2026-02-19,5,1,price,heat,1
R11999,H00356,B18,,2026-02-19,5,1,taste,,1
R12000,H00380,B04,,2026-02-19,4,1,fizz,,0
R12001,H00560,B10,,2026-02-19,5,1,price,texture,1
R12002,H01009,B01,,2026-02-19,5,1,can design,,1
R12003,H01128,B04,,2026-02-19,4,1,refreshing,,1
R12004,H01186,B13,,2026-02-19,4,1,price,,0
R12005,H01383,B09,,2026-02-19,5,1,taste,,1
R12006,H01401,B04,,2026-02-19,4,0,sweetness,,1
R12007,H01404,B03,,2026-02-19,4,1,aftertaste,,0
R12008,H01607,B04,,2026-02-19,3,1,taste,,1
R12009,H01652,B07,,2026-02-19,5,1,crunch,,1
R12010,H01677,B16,,2026-02-19,3,1,,flavour depth,0
R12011,H01883,B05,,2026-02-19,4,0,packaging,,1
R12012,H01961,B12,,2026-02-19,2,0,texture,packaging,0
R12013,H01968,B16,,2026-02-19,3,1,versatility,,1
R12014,H01995,B08,,2026-02-19,5,1,packaging,,1
R12015,H02060,B08,,2026-02-19,4,1,crunch,packaging,1
R12016,H02379,B07,,2026-02-19,5,1,seasoning,,1
R12017,H02503,B01,,2026-02-19,4,1,can design,,1
R12018,H02827,B01,,2026-02-19,5,1,sweetness,,1
R12019,H02931,B08,,2026-02-19,4,1,portion size,seasoning,1
R12020,H02937,B17,,2026-02-19,3,1,,price,1
R12021,H03073,B16,,2026-02-19,4,1,heat,,1
R12022,H03545,B16,,2026-02-19,4,1,versatility,,0
R12023,H03560,B15,,2026-02-19,4,1,flavour depth,,1
R12024,H00072,B20,,2026-02-20,5,1,price,portability,0
R12025,H00150,B04,,2026-02-20,4,1,sweetness,,0
R12026,H00233,B01,,2026-02-20,3,1,,price,0
R12027,H00392,B02,,2026-02-20,4,0,price,,0
R12028,H00512,B10,,2026-02-20,4,1,taste,,0
R12029,H00788,B13,,2026-02-20,4,1,heat,,1
R12030,H00790,B04,,2026-02-20,5,1,fizz,price,1
R12031,H01176,B06,,2026-02-20,4,1,saltiness,seasoning,0
R12032,H01257,B12,,2026-02-20,2,0,,ingredients,0
R12033,H01306,B01,,2026-02-20,3,0,refreshing,,1
R12034,H01345,B06,,2026-02-20,4,1,seasoning,price,1
R12035,H01355,B03,,2026-02-20,4,1,price,,1
R12036,H01596,B04,,2026-02-20,4,1,price,,1
R12037,H02142,B20,,2026-02-20,3,0,,taste,0
R12038,H02276,B07,,2026-02-20,4,1,packaging,price,0
R12039,H02278,B02,,2026-02-20,5,1,aftertaste,,1
R12040,H02313,B14,,2026-02-20,3,0,jar size,,0
R12041,H02648,B15,,2026-02-20,5,1,jar size,heat,1
R12042,H02969,B17,,2026-02-20,5,1,portability,,1
R12043,H03002,B06,,2026-02-20,5,1,crunch,saltiness,1
R12044,H03024,B02,,2026-02-20,4,1,refreshing,fizz,1
R12045,H03275,B16,,2026-02-20,2,0,,texture,0
R12046,H03391,B02,,2026-02-20,3,0,,refreshing,0
R12047,H00024,B18,,2026-02-21,4,1,energy boost,,1
R12048,H00032,B02,,2026-02-21,3,0,sweetness,,1
R12049,H00331,B09,,2026-02-21,4,0,price,,0
R12050,H00365,B07,,2026-02-21,3,0,portion size,,0
R12051,H00377,B11,,2026-02-21,4,0,packaging,,1
R12052,H00619,B09,,2026-02-21,4,1,packaging,,0
R12053,H00821,B18,,2026-02-21,3,1,ingredients,,1
R12054,H01016,B04,,2026-02-21,4,1,price,aftertaste,1
R12055,H01215,B03,,2026-02-21,4,0,can design,,1
R12056,H01564,B15,,2026-02-21,4,1,flavour depth,,1
R12057,H01749,B02,,2026-02-21,4,0,taste,,1
R12058,H01901,B02,,2026-02-21,5,0,price,,1
R12059,H02353,B18,,2026-02-21,5,1,energy boost,,1
R12060,H02380,B03,,2026-02-21,3,1,,refreshing,1
R12061,H02440,B17,,2026-02-21,3,0,taste,,1
R12062,H02750,B12,,2026-02-21,4,1,price,,1
R12063,H02817,B02,,2026-02-21,3,0,,sweetness,0
R12064,H03084,B03,,2026-02-21,4,1,price,,1
R12065,H03133,B07,,2026-02-21,5,1,packaging,,1
R12066,H03264,B06,,2026-02-21,2,0,crunch,saltiness,0
R12067,H03534,B11,,2026-02-21,4,1,packaging,,0
R12068,H03559,B16,,2026-02-21,4,0,price,,1
R12069,H03591,B17,,2026-02-21,3,0,ingredients,,1
R12070,H00106,B06,,2026-02-22,4,0,saltiness,,1
R12071,H00187,B16,,2026-02-22,4,1,jar size,,0
R12072,H00463,B01,,2026-02-22,4,1,can design,,0
R12073,H00558,B07,,2026-02-22,5,1,price,,0
R12074,H00796,B16,,2026-02-22,5,1,price,,1
R12075,H00920,B06,,2026-02-22,4,1,price,,1
R12076,H01147,B09,,2026-02-22,3,0,,ingredients,0
R12077,H01407,B05,,2026-02-22,2,0,,crunch,0
R12078,H01725,B07,,2026-02-22,3,1,,saltiness,0
R12079,H01732,B13,,2026-02-22,5,1,jar size,,1
R12080,H01913,B10,,2026-02-22,4,1,sweetness,,1
R12081,H02035,B08,,2026-02-22,3,1,saltiness,,1
R12082,H02129,B14,,2026-02-22,5,1,heat,,1
R12083,H02283,B01,,2026-02-22,4,1,price,,1
R12084,H02475,B05,,2026-02-22,3,0,price,,1
R12085,H02914,B18,,2026-02-22,5,1,ingredients,price,1
R12086,H02949,B08,,2026-02-22,5,1,saltiness,,1
R12087,H02959,B16,,2026-02-22,4,1,texture,,1
R12088,H03026,B03,,2026-02-22,4,0,price,,1
R12089,H03035,B17,,2026-02-22,4,1,portability,taste,1
R12090,H03089,B06,,2026-02-22,5,1,price,,1
R12091,H03235,B09,,2026-02-22,5,1,packaging,,1
R12092,H03314,B05,,2026-02-22,4,1,seasoning,,1
R12093,H03587,B08,,2026-02-22,5,1,crunch,,0
R12094,H03595,B18,,2026-02-22,2,0,,taste,0
R12095,H03660,B01,P045,2026-02-22,5,1,taste,,0
R12096,H03670,B13,P045,2026-02-22,5,1,versatility,,1
R12097,H03675,B13,P045,2026-02-22,4,1,heat,,0
R12098,H00176,B01,,2026-02-23,4,1,aftertaste,,1
R12099,H00184,B02,,2026-02-23,5,1,aftertaste,,1
R12100,H00232,B04,,2026-02-23,4,1,fizz,,1
R12101,H00503,B05,,2026-02-23,3,0,,seasoning,0
R12102,H00603,B06,,2026-02-23,5,1,portion size,,1
R12103,H00833,B10,,2026-02-23,3,1,ingredients,,0
R12104,H01290,B11,,2026-02-23,5,1,sweetness,,0
R12105,H01531,B20,,2026-02-23,4,1,energy boost,,1
R12106,H01888,B20,,2026-02-23,4,1,texture,price,0
R12107,H02003,B03,,2026-02-23,4,1,price,can design,1
R12108,H02008,B20,,2026-02-23,3,0,taste,,0
R12109,H02030,B04,,2026-02-23,2,0,refreshing,can design,0
R12110,H02198,B07,,2026-02-23,4,1,saltiness,,1
R12111,H02335,B07,,2026-02-23,4,1,packaging,,0
R12112,H02603,B16,,2026-02-23,4,1,jar size,,1
R12113,H02651,B14,,2026-02-23,5,1,jar size,,1
R12114,H02690,B16,,2026-02-23,5,1,heat,,1
R12115,H02836,B11,,2026-02-23,5,1,texture,,1
R12116,H02994,B02,,2026-02-23,4,1,taste,,1
R12117,H03263,B17,,2026-02-23,4,1,portability,price,1
R12118,H03428,B14,,2026-02-23,4,1,flavour depth,,1
R12119,H03578,B03,,2026-02-23,2,0,,fizz,0
R12120,H03659,B01,P045,2026-02-23,5,1,price,,1
R12121,H03660,B13,P045,2026-02-23,5,1,flavour depth,jar size,0
R12122,H03661,B11,P045,2026-02-23,4,1,ingredients,,1
R12123,H03661,B13,P045,2026-02-23,2,0,,texture,0
R12124,H00291,B10,,2026-02-24,3,0,,packaging,1
R12125,H00305,B04,,2026-02-24,4,1,aftertaste,,1
R12126,H00458,B07,,2026-02-24,3,1,,crunch,1
R12127,H00555,B17,,2026-02-24,5,1,texture,,1
R12128,H00673,B16,,2026-02-24,2,0,,heat,0
R12129,H01062,B05,,2026-02-24,4,0,saltiness,,1
R12130,H01161,B04,,2026-02-24,5,1,fizz,price,1
R12131,H01173,B14,,2026-02-24,3,0,,jar size,1
R12132,H01278,B20,,2026-02-24,4,1,taste,,1
R12133,H01409,B06,,2026-02-24,4,1,crunch,,1
R12134,H01492,B15,,2026-02-24,2,0,,heat,0
R12135,H01627,B12,,2026-02-24,2,1,,packaging,0
R12136,H01760,B11,,2026-02-24,4,1,taste,,1
R12137,H01925,B10,,2026-02-24,5,1,ingredients,,0
R12138,H02049,B13,,2026-02-24,3,1,price,,0
R12139,H02382,B10,,2026-02-24,4,1,sweetness,price,0
R12140,H02499,B18,,2026-02-24,4,1,ingredients,,1
R12141,H02525,B20,,2026-02-24,3,1,portability,,0
R12142,H02573,B03,,2026-02-24,4,1,taste,price,1
R12143,H02883,B01,,2026-02-24,4,1,price,,1
R12144,H02887,B09,,2026-02-24,5,1,sweetness,,1
R12145,H02955,B01,,2026-02-24,3,0,fizz,,1
R12146,H03165,B20,,2026-02-24,4,0,price,,1
R12147,H03236,B13,,2026-02-24,1,0,,texture,0
R12148,H03271,B18,,2026-02-24,4,1,energy boost,,0
R12149,H03663,B01,P045,2026-02-24,5,1,aftertaste,,0
R12150,H03669,B17,P045,2026-02-24,3,0,,taste,0
R12151,H03671,B01,P045,2026-02-24,4,0,sweetness,,1
R12152,H03671,B17,P045,2026-02-24,4,1,taste,,1
R12153,H00018,B17,,2026-02-25,4,1,portability,,0
R12154,H00142,B07,,2026-02-25,5,1,price,,1
R12155,H00148,B08,,2026-02-25,4,1,portion size,,0
R12156,H00179,B12,,2026-02-25,3,1,sweetness,,0
R12157,H00561,B18,,2026-02-25,3,0,ingredients,,1
R12158,H00785,B10,,2026-02-25,4,1,taste,,0
R12159,H00900,B10,,2026-02-25,5,1,sweetness,,1
R12160,H01345,B15,,2026-02-25,3,1,versatility,,0
R12161,H01415,B12,,2026-02-25,1,0,,ingredients,0
R12162,H01437,B10,,2026-02-25,5,1,ingredients,,1
R12163,H01565,B15,,2026-02-25,5,1,flavour depth,,1
R12164,H01722,B10,,2026-02-25,5,1,taste,,1
R12165,H01729,B15,,2026-02-25,2,1,flavour depth,jar size,0
R12166,H01826,B08,,2026-02-25,3,1,portion size,,0
R12167,H01972,B16,,2026-02-25,4,1,versatility,,0
R12168,H02113,B10,,2026-02-25,5,1,texture,,0
R12169,H02124,B15,,2026-02-25,4,1,jar size,,1
R12170,H02287,B02,,2026-02-25,5,1,sweetness,,1
R12171,H02345,B02,,2026-02-25,4,0,refreshing,,0
R12172,H02385,B18,,2026-02-25,4,0,ingredients,,1
R12173,H02450,B12,,2026-02-25,5,1,sweetness,,0
R12174,H02570,B03,,2026-02-25,4,1,price,,1
R12175,H02862,B18,,2026-02-25,4,1,price,,0
R12176,H02900,B19,,2026-02-25,4,1,price,,0
R12177,H03301,B06,,2026-02-25,5,1,saltiness,,0
R12178,H03430,B10,,2026-02-25,2,0,,ingredients,0
R12179,H03661,B01,P045,2026-02-25,5,1,sweetness,,0
R12180,H03664,B01,P045,2026-02-25,4,1,price,,1
R12181,H03664,B11,P045,2026-02-25,4,1,packaging,,0
R12182,H03670,B01,P045,2026-02-25,3,0,can design,,1
R12183,H00135,B01,,2026-02-26,3,1,,refreshing,1
R12184,H00356,B09,,2026-02-26,4,1,sweetness,,0
R12185,H00523,B04,,2026-02-26,4,1,aftertaste,,1
R12186,H01266,B12,,2026-02-26,2,0,,price,0
R12187,H01431,B02,,2026-02-26,5,1,sweetness,,0
R12188,H01700,B02,,2026-02-26,3,0,fizz,,0
R12189,H01884,B12,,2026-02-26,2,0,packaging,taste,0
R12190,H01928,B17,,2026-02-26,3,1,portability,,1
R12191,H02121,B04,,2026-02-26,4,0,taste,refreshing,1
R12192,H02259,B20,,2026-02-26,3,0,,taste,0
R12193,H02618,B02,,2026-02-26,3,0,,fizz,0
R12194,H02738,B13,,2026-02-26,3,0,price,,0
R12195,H03047,B08,,2026-02-26,4,0,saltiness,,1
R12196,H03489,B11,,2026-02-26,5,1,taste,,1
R12197,H03664,B09,,2026-02-26,3,1,,sweetness,1
R12198,H03666,B13,P045,2026-02-26,4,1,texture,heat,1
R12199,H03667,B01,P045,2026-02-26,4,1,can design,,1
R12200,H03668,B11,P045,2026-02-26,4,1,price,,0
R12201,H03671,B11,P045,2026-02-26,3,0,price,,0
R12202,H03673,B13,P045,2026-02-26,5,1,texture,versatility,0
R12203,H03683,B11,P046,2026-02-26,4,1,price,,1
R12204,H03686,B01,P046,2026-02-26,4,1,price,,1
R12205,H03687,B13,P046,2026-02-26,3,0,,jar size,0
R12206,H03689,B05,P046,2026-02-26,3,0,price,,1
R12207,H03690,B13,P046,2026-02-26,5,1,price,,1
R12208,H03702,B13,P046,2026-02-26,5,1,flavour depth,,0
R12209,H03705,B05,P046,2026-02-26,4,1,crunch,saltiness,1
R12210,H03716,B11,P046,2026-02-26,5,1,texture,ingredients,0
R12211,H03718,B13,P046,2026-02-26,2,0,,price,1
R12212,H03720,B05,P046,2026-02-26,4,1,crunch,,0
R12213,H03721,B17,P046,2026-02-26,3,0,,ingredients,0
R12214,H03723,B01,P046,2026-02-26,5,1,fizz,,0
R12215,H03724,B13,P046,2026-02-26,4,1,flavour depth,,0
R12216,H03725,B17,P046,2026-02-26,4,1,ingredients,texture,1
R12217,H03730,B01,P046,2026-02-26,5,1,taste,,1
R12218,H03736,B01,P046,2026-02-26,5,1,fizz,,0
R12219,H03740,B01,P046,2026-02-26,4,1,sweetness,,1
R12220,H03741,B01,P046,2026-02-26,5,1,refreshing,,0
R12221,H03745,B01,P046,2026-02-26,5,0,fizz,,1
R12222,H03745,B11,P046,2026-02-26,5,1,sweetness,,1
R12223,H03746,B05,P046,2026-02-26,4,1,crunch,packaging,1
R12224,H00211,B13,,2026-02-27,4,1,price,texture,1
R12225,H00226,B04,,2026-02-27,3,0,aftertaste,,1
R12226,H00312,B18,,2026-02-27,5,1,portability,,1
R12227,H00320,B14,,2026-02-27,3,1,flavour depth,,0
R12228,H00353,B15,,2026-02-27,4,1,flavour depth,,1
R12229,H00549,B15,,2026-02-27,3,0,,flavour depth,1
R12230,H00748,B15,,2026-02-27,3,0,price,,0
R12231,H00826,B13,,2026-02-27,4,1,versatility,,1
R12232,H00894,B20,,2026-02-27,4,1,energy boost,,1
R12233,H00951,B19,,2026-02-27,5,1,price,,1
R12234,H01607,B09,,2026-02-27,5,1,ingredients,taste,1
R12235,H01897,B10,,2026-02-27,5,1,packaging,sweetness,1
R12236,H02011,B20,,2026-02-27,4,1,price,,1
R12237,H02074,B18,,2026-02-27,5,1,price,,1
R12238,H02092,B20,,2026-02-27,3,1,ingredients,,0
R12239,H02328,B07,,2026-02-27,3,0,,seasoning,0
R12240,H02640,B03,,2026-02-27,4,0,fizz,,0
R12241,H02778,B02,,2026-02-27,4,1,price,,1
R12242,H02797,B20,,2026-02-27,3,1,energy boost,,0
R12243,H03064,B07,,2026-02-27,5,1,crunch,,1
R12244,H03121,B10,,2026-02-27,4,0,packaging,,0
R12245,H03211,B10,,2026-02-27,3,0,,price,0
R12246,H03415,B09,,2026-02-27,3,0,price,,1
R12247,H03438,B17,,2026-02-27,4,0,texture,,1
R12248,H03556,B04,,2026-02-27,2,0,taste,aftertaste,0
R12249,H03658,B17,P045,2026-02-27,4,0,energy boost,,1
R12250,H03665,B01,P045,2026-02-27,4,1,taste,,1
R12251,H03669,B01,P045,2026-02-27,3,0,,sweetness,0
R12252,H03672,B13,P045,2026-02-27,4,1,price,,0
R12253,H03691,B13,P046,2026-02-27,4,0,jar size,,0
R12254,H03691,B17,P046,2026-02-27,5,0,portability,price,1
R12255,H03692,B11,P046,2026-02-27,4,1,taste,,0
R12256,H03696,B01,P046,2026-02-27,3,1,price,,1
R12257,H03700,B17,P046,2026-02-27,4,1,portability,,0
R12258,H03715,B13,P046,2026-02-27,4,0,heat,,0
R12259,H03716,B05,P046,2026-02-27,3,0,packaging,,0
R12260,H03716,B17,P046,2026-02-27,3,0,,portability,1
R12261,H03717,B11,P046,2026-02-27,5,1,taste,sweetness,1
R12262,H03726,B11,P046,2026-02-27,5,1,sweetness,,0
R12263,H03735,B17,P046,2026-02-27,5,1,energy boost,,1
R12264,H03740,B17,P046,2026-02-27,4,1,portability,,1
R12265,H00084,B10,,2026-02-28,5,1,sweetness,ingredients,1
R12266,H00224,B08,,2026-02-28,5,0,packaging,price,1
R12267,H00285,B18,,2026-02-28,4,1,taste,,1
R12268,H00343,B05,,2026-02-28,5,1,portion size,,1
R12269,H00432,B18,,2026-02-28,5,1,portability,,1
R12270,H00472,B07,,2026-02-28,3,1,portion size,,0
R12271,H00749,B01,,2026-02-28,3,0,taste,,1
R12272,H01038,B18,,2026-02-28,5,1,price,,1
R12273,H01066,B10,,2026-02-28,5,1,texture,sweetness,1
R12274,H01102,B17,,2026-02-28,2,0,texture,portability,0
R12275,H01260,B10,,2026-02-28,3,0,,packaging,0
R12276,H01388,B17,,2026-02-28,5,1,texture,,1
R12277,H01864,B14,,2026-02-28,3,1,,flavour depth,0
R12278,H02078,B08,,2026-02-28,5,0,saltiness,,0
R12279,H02230,B15,,2026-02-28,3,0,,flavour depth,0
R12280,H02388,B02,,2026-02-28,5,1,can design,,1
R12281,H02425,B19,,2026-02-28,4,1,portability,,1
R12282,H02483,B08,,2026-02-28,5,0,saltiness,packaging,1
R12283,H02854,B16,,2026-02-28,3,1,texture,,0
R12284,H03232,B02,,2026-02-28,5,1,aftertaste,,1
R12285,H03281,B14,,2026-02-28,2,0,,texture,0
R12286,H03325,B03,,2026-02-28,4,1,fizz,,0
R12287,H03539,B06,,2026-02-28,4,1,price,,1
R12288,H03664,B17,P045,2026-02-28,2,0,,taste,1
R12289,H03668,B05,P045,2026-02-28,3,1,packaging,,0
R12290,H03670,B05,P045,2026-02-28,4,1,price,,1
R12291,H03673,B05,P045,2026-02-28,4,1,portion size,,1
R12292,H03690,B05,P046,2026-02-28,3,0,,seasoning,1
R12293,H03706,B01,P046,2026-02-28,4,1,aftertaste,,1
R12294,H03709,B05,P046,2026-02-28,4,0,saltiness,,1
R12295,H03714,B13,P046,2026-02-28,5,1,jar size,,0
R12296,H03718,B01,P046,2026-02-28,5,1,refreshing,,1
R12297,H03719,B01,P046,2026-02-28,5,1,refreshing,,1
R12298,H03725,B01,P046,2026-02-28,5,1,aftertaste,,1
R12299,H03733,B17,P046,2026-02-28,5,1,price,,1
R12300,H03738,B11,P046,2026-02-28,4,1,price,,0
R12301,H03743,B01,P046,2026-02-28,4,1,can design,,1
R12302,H03743,B13,P046,2026-02-28,5,1,versatility,,0
R12303,H03744,B05,P046,2026-02-28,5,1,saltiness,,1
R12304,H00301,B03,,2026-03-01,3,0,,sweetness,0
R12305,H00325,B06,,2026-03-01,4,1,portion size,packaging,1
R12306,H00421,B16,,2026-03-01,4,0,texture,versatility,1
R12307,H00659,B05,,2026-03-01,5,1,packaging,,1
R12308,H00835,B10,,2026-03-01,5,1,texture,,1
R12309,H00942,B09,,2026-03-01,4,1,sweetness,packaging,1
R12310,H00990,B14,,2026-03-01,3,1,jar size,,0
R12311,H00994,B02,,2026-03-01,5,1,fizz,price,1
R12312,H01056,B10,,2026-03-01,5,1,sweetness,,1
R12313,H01270,B17,,2026-03-01,3,0,ingredients,,1
R12314,H01302,B17,,2026-03-01,4,1,texture,taste,1
R12315,H01571,B02,,2026-03-01,5,1,can design,,1
R12316,H01576,B08,,2026-03-01,5,1,portion size,,1
R12317,H01980,B01,,2026-03-01,5,1,fizz,can design,1
R12318,H02398,B07,,2026-03-01,4,0,packaging,,0
R12319,H02648,B09,,2026-03-01,4,1,ingredients,taste,1
R12320,H02714,B14,,2026-03-01,5,1,jar size,,1
R12321,H02883,B18,,2026-03-01,5,1,price,,1
R12322,H02963,B16,,2026-03-01,3,0,price,,1
R12323,H03222,B03,,2026-03-01,3,0,can design,,1
R12324,H03571,B04,,2026-03-01,4,1,sweetness,,0
R12325,H03657,B17,P045,2026-03-01,3,1,,texture,0
R12326,H03659,B05,P045,2026-03-01,3,1,price,,1
R12327,H03663,B17,P045,2026-03-01,4,1,price,,0
R12328,H03664,B13,P045,2026-03-01,4,1,price,,1
R12329,H03667,B17,P045,2026-03-01,4,0,texture,taste,1
R12330,H03670,B11,P045,2026-03-01,4,1,packaging,,0
R12331,H03674,B05,P045,2026-03-01,4,1,seasoning,,0
R12332,H03684,B05,P046,2026-03-01,5,0,portion size,,1
R12333,H03684,B11,P046,2026-03-01,3,0,price,,0
R12334,H03689,B13,P046,2026-03-01,3,0,flavour depth,,0
R12335,H03696,B08,,2026-03-01,5,1,price,,1
R12336,H03697,B01,P046,2026-03-01,4,0,price,,1
R12337,H03697,B17,P046,2026-03-01,3,1,,ingredients,0
R12338,H03701,B17,P046,2026-03-01,4,1,price,,1
R12339,H03702,B05,P046,2026-03-01,4,1,seasoning,,0
R12340,H03705,B11,P046,2026-03-01,5,1,price,,1
R12341,H03706,B05,P046,2026-03-01,4,1,seasoning,,1
R12342,H03709,B01,P046,2026-03-01,5,1,price,,1
R12343,H03709,B17,P046,2026-03-01,4,1,taste,,1
R12344,H03712,B11,P046,2026-03-01,4,1,taste,sweetness,1
R12345,H03729,B05,P046,2026-03-01,3,1,,packaging,1
R12346,H03736,B17,P046,2026-03-01,4,1,energy boost,portability,0
R12347,H03737,B01,P046,2026-03-01,4,1,sweetness,,1
R12348,H03740,B05,P046,2026-03-01,4,1,portion size,,1
R12349,H00525,B19,,2026-03-02,2,0,energy boost,taste,0
R12350,H00746,B09,,2026-03-02,3,1,sweetness,,0
R12351,H00805,B05,,2026-03-02,4,0,packaging,,1
R12352,H01057,B20,,2026-03-02,3,0,,portability,1
R12353,H01146,B19,,2026-03-02,3,1,texture,,1
R12354,H01162,B14,,2026-03-02,4,0,flavour depth,price,1
R12355,H01305,B12,,2026-03-02,4,1,ingredients,,0
R12356,H01568,B14,,2026-03-02,5,1,flavour depth,,1
R12357,H01966,B01,,2026-03-02,5,1,refreshing,,1
R12358,H02239,B20,,2026-03-02,4,0,taste,,0
R12359,H02297,B05,,2026-03-02,3,0,crunch,,0
R12360,H02537,B01,,2026-03-02,5,1,aftertaste,,1
R12361,H02623,B03,,2026-03-02,5,1,can design,,1
R12362,H02624,B14,,2026-03-02,3,0,,jar size,0
R12363,H03254,B04,,2026-03-02,2,0,,taste,0
R12364,H03266,B02,,2026-03-02,5,1,fizz,,1
R12365,H03454,B18,,2026-03-02,3,1,price,,0
R12366,H03698,B13,P046,2026-03-02,4,1,texture,versatility,1
R12367,H03699,B13,P046,2026-03-02,2,0,,versatility,0
R12368,H03704,B17,P046,2026-03-02,5,1,texture,,1
R12369,H03708,B11,P046,2026-03-02,3,0,,taste,1
R12370,H03711,B05,P046,2026-03-02,4,0,saltiness,,1
R12371,H03713,B05,P046,2026-03-02,4,1,portion size,,1
R12372,H03718,B05,P046,2026-03-02,4,1,saltiness,,0
R12373,H03723,B17,P046,2026-03-02,2,0,,ingredients,1
R12374,H03727,B11,P046,2026-03-02,2,1,packaging,texture,1
R12375,H03728,B05,P046,2026-03-02,4,1,packaging,crunch,1
R12376,H03732,B05,P046,2026-03-02,3,1,crunch,,0
R12377,H03732,B13,P046,2026-03-02,4,1,heat,texture,1
R12378,H03736,B05,P046,2026-03-02,4,0,price,,1
R12379,H03738,B01,P046,2026-03-02,5,1,fizz,,1
R12380,H03740,B13,P046,2026-03-02,4,1,heat,,1
R12381,H03742,B05,P046,2026-03-02,4,0,packaging,,0
R12382,H03744,B13,P046,2026-03-02,4,1,jar size,,0
R12383,H00233,B18,,2026-03-03,5,1,energy boost,,1
R12384,H01089,B06,,2026-03-03,5,0,saltiness,,1
R12385,H01324,B06,,2026-03-03,4,1,seasoning,,1
R12386,H01454,B02,,2026-03-03,3,0,,sweetness,0
R12387,H01459,B18,,2026-03-03,2,0,,ingredients,0
R12388,H01522,B07,,2026-03-03,4,1,price,,1
R12389,H01689,B10,,2026-03-03,5,1,ingredients,,1
R12390,H02255,B15,,2026-03-03,4,0,heat,,1
R12391,H02386,B16,,2026-03-03,5,1,jar size,,1
R12392,H02394,B13,,2026-03-03,3,1,,flavour depth,0
R12393,H02484,B14,,2026-03-03,4,1,price,,0
R12394,H02725,B01,,2026-03-03,5,1,price,,1
R12395,H02770,B20,,2026-03-03,3,1,,taste,1
R12396,H02900,B08,,2026-03-03,4,1,saltiness,,1
R12397,H02968,B02,,2026-03-03,5,1,refreshing,,1
R12398,H02979,B11,,2026-03-03,3,0,ingredients,,0
R12399,H03046,B08,,2026-03-03,3,1,,portion size,0
R12400,H03100,B06,,2026-03-03,4,0,saltiness,,1
R12401,H03383,B15,,2026-03-03,4,1,jar size,,1
R12402,H03390,B01,,2026-03-03,3,0,can design,,1
R12403,H03526,B20,,2026-03-03,4,1,price,,1
R12404,H03682,B05,P046,2026-03-03,4,0,packaging,,1
R12405,H03682,B13,P046,2026-03-03,3,0,price,,0
R12406,H03686,B11,P046,2026-03-03,5,1,sweetness,,1
R12407,H03688,B13,P046,2026-03-03,4,0,flavour depth,,0
R12408,H03695,B01,P046,2026-03-03,5,1,fizz,,1
R12409,H03696,B11,P046,2026-03-03,5,1,taste,price,1
R12410,H03697,B05,P046,2026-03-03,3,1,packaging,,0
R12411,H03698,B05,P046,2026-03-03,4,1,price,,1
R12412,H03702,B17,P046,2026-03-03,5,1,portability,,1
R12413,H03703,B05,P046,2026-03-03,5,1,price,,1
R12414,H03704,B13,P046,2026-03-03,3,0,,versatility,0
R12415,H03706,B17,P046,2026-03-03,3,0,ingredients,,1
R12416,H03707,B11,P046,2026-03-03,5,1,taste,,0
R12417,H03708,B05,P046,2026-03-03,4,0,price,,1
R12418,H03709,B13,P046,2026-03-03,4,1,flavour depth,price,0
R12419,H03712,B13,P046,2026-03-03,5,1,heat,flavour depth,0
R12420,H03713,B17,P046,2026-03-03,3,0,,energy boost,1
R12421,H03720,B17,P046,2026-03-03,5,1,texture,,0
R12422,H03721,B11,P046,2026-03-03,5,1,sweetness,packaging,0
R12423,H03725,B05,P046,2026-03-03,3,0,,seasoning,1
R12424,H03727,B05,P046,2026-03-03,4,1,packaging,,1
R12425,H03727,B13,P046,2026-03-03,4,1,heat,,0
R12426,H03733,B19,,2026-03-03,4,0,texture,,1
R12427,H03738,B13,P046,2026-03-03,5,1,price,,1
R12428,H03741,B11,P046,2026-03-03,5,1,taste,,1
R12429,H00116,B16,,2026-03-04,4,0,versatility,,1
R12430,H00120,B19,,2026-03-04,5,1,price,,1
R12431,H00228,B20,,2026-03-04,4,0,ingredients,,1
R12432,H00390,B06,,2026-03-04,3,1,,packaging,0
R12433,H00464,B03,,2026-03-04,5,0,price,,1
R12434,H00709,B09,,2026-03-04,3,0,,taste,1
R12435,H00834,B06,,2026-03-04,3,1,,crunch,0
R12436,H00995,B13,,2026-03-04,3,1,price,,1
R12437,H01007,B01,,2026-03-04,4,1,aftertaste,taste,0
R12438,H01085,B01,,2026-03-04,4,1,price,,1
R12439,H01151,B06,,2026-03-04,3,0,saltiness,,0
R12440,H01241,B13,,2026-03-04,3,0,,versatility,1
R12441,H01298,B19,,2026-03-04,3,0,ingredients,,0
R12442,H01424,B10,,2026-03-04,4,0,packaging,,0
R12443,H01471,B02,,2026-03-04,5,1,can design,taste,0
R12444,H01626,B06,,2026-03-04,3,0,saltiness,,0
R12445,H01771,B04,,2026-03-04,4,1,sweetness,,1
R12446,H02029,B11,,2026-03-04,3,0,texture,,1
R12447,H02255,B04,,2026-03-04,5,1,fizz,,1
R12448,H02258,B16,,2026-03-04,4,1,versatility,,1
R12449,H02766,B08,,2026-03-04,4,1,packaging,,0
R12450,H02916,B17,,2026-03-04,3,0,price,,1
R12451,H02990,B15,,2026-03-04,5,1,jar size,,1
R12452,H03015,B10,,2026-03-04,4,1,sweetness,,0
R12453,H03115,B02,,2026-03-04,5,0,price,,1
R12454,H03152,B08,,2026-03-04,3,1,crunch,,1
R12455,H03326,B10,,2026-03-04,3,0,packaging,,0
R12456,H03577,B14,,2026-03-04,4,1,texture,,1
R12457,H03617,B06,,2026-03-04,4,1,seasoning,,1
R12458,H03685,B17,P046,2026-03-04,3,0,price,,1
R12459,H03688,B01,P046,2026-03-04,3,0,,refreshing,1
R12460,H03688,B05,P046,2026-03-04,4,1,packaging,,1
R12461,H03688,B17,P046,2026-03-04,5,1,energy boost,texture,1
R12462,H03691,B01,P046,2026-03-04,4,0,sweetness,,1
R12463,H03697,B11,P046,2026-03-04,2,0,,ingredients,0
R12464,H03701,B13,P046,2026-03-04,5,1,heat,,1
R12465,H03703,B11,P046,2026-03-04,4,1,ingredients,texture,1
R12466,H03704,B01,P046,2026-03-04,5,1,refreshing,,1
R12467,H03708,B01,P046,2026-03-04,4,1,can design,,1
R12468,H03711,B13,P046,2026-03-04,2,0,jar size,heat,1
R12469,H03713,B01,P046,2026-03-04,4,1,refreshing,,1
R12470,H03722,B13,P046,2026-03-04,5,1,heat,,1
R12471,H03731,B11,P046,2026-03-04,5,1,ingredients,sweetness,1
R12472,H03732,B11,P046,2026-03-04,5,1,price,packaging,0
R12473,H03734,B17,P046,2026-03-04,4,0,price,,1
R12474,H03737,B13,P046,2026-03-04,4,1,heat,flavour depth,0
R12475,H03737,B17,P046,2026-03-04,4,0,portability,,1
R12476,H03741,B17,P046,2026-03-04,5,1,texture,,0
R12477,H00047,B15,,2026-03-05,3,1,,flavour depth,0
R12478,H00258,B16,,2026-03-05,3,0,versatility,,0
R12479,H00394,B12,,2026-03-05,5,1,texture,,1
R12480,H00687,B09,,2026-03-05,4,0,texture,,1
R12481,H00877,B06,,2026-03-05,3,0,,saltiness,1
R12482,H01048,B07,,2026-03-05,5,1,packaging,portion size,1
R12483,H01143,B10,,2026-03-05,5,1,texture,,1
R12484,H01367,B06,,2026-03-05,1,0,,packaging,1
R12485,H01409,B02,,2026-03-05,5,1,can design,,1
R12486,H01701,B01,,2026-03-05,4,0,aftertaste,can design,1
R12487,H01769,B12,,2026-03-05,3,1,ingredients,,0
R12488,H01827,B17,,2026-03-05,3,0,,portability,1
R12489,H01913,B05,,2026-03-05,4,0,crunch,,1
R12490,H02139,B09,,2026-03-05,3,0,,price,1
R12491,H02139,B19,,2026-03-05,4,1,price,,1
R12492,H02208,B08,,2026-03-05,2,0,,crunch,0
R12493,H02222,B10,,2026-03-05,3,0,price,,0
R12494,H02463,B20,,2026-03-05,4,0,price,,0
R12495,H02569,B10,,2026-03-05,2,0,,price,0
R12496,H02910,B18,,2026-03-05,4,1,texture,ingredients,0
R12497,H02933,B04,,2026-03-05,5,0,taste,,1
R12498,H03057,B05,,2026-03-05,5,1,seasoning,,1
R12499,H03130,B11,,2026-03-05,4,1,sweetness,,0
R12500,H03260,B14,,2026-03-05,3,0,versatility,,0
R12501,H03310,B16,,2026-03-05,3,0,jar size,,0
R12502,H03362,B13,,2026-03-05,3,1,,jar size,1
R12503,H03493,B17,,2026-03-05,3,0,texture,,1
R12504,H03521,B15,,2026-03-05,4,1,versatility,,1
R12505,H03539,B17,,2026-03-05,5,1,texture,,1
R12506,H03568,B06,,2026-03-05,3,0,crunch,,0
R12507,H03687,B05,P046,2026-03-05,4,0,saltiness,portion size,1
R12508,H03707,B05,P046,2026-03-05,4,1,crunch,,0
R12509,H03714,B05,P046,2026-03-05,3,1,seasoning,,1
R12510,H03715,B11,P046,2026-03-05,5,0,sweetness,,1
R12511,H03716,B01,P046,2026-03-05,3,1,,sweetness,0
R12512,H03717,B05,P046,2026-03-05,1,0,,crunch,1
R12513,H03719,B05,P046,2026-03-05,4,1,saltiness,,1
R12514,H03728,B01,P046,2026-03-05,4,0,fizz,,1
R12515,H03728,B11,P046,2026-03-05,5,1,taste,,0
R12516,H03728,B13,P046,2026-03-05,4,0,price,,1
R12517,H03735,B01,P046,2026-03-05,4,1,refreshing,sweetness,0
R12518,H03740,B11,P046,2026-03-05,5,1,price,,0
R12519,H03742,B11,P046,2026-03-05,4,1,price,,0
R12520,H00025,B13,,2026-03-06,3,0,,texture,1
R12521,H00050,B04,,2026-03-06,4,1,price,,1
R12522,H00107,B14,,2026-03-06,2,0,,price,0
R12523,H00346,B02,,2026-03-06,5,1,sweetness,,1
R12524,H00435,B20,,2026-03-06,4,1,energy boost,texture,1
R12525,H00739,B16,,2026-03-06,3,0,,flavour depth,1
R12526,H00820,B02,,2026-03-06,4,1,sweetness,,1
R12527,H00826,B10,,2026-03-06,4,0,ingredients,,0
R12528,H01313,B16,,2026-03-06,4,0,price,texture,0
R12529,H01343,B14,,2026-03-06,1,0,,versatility,0
R12530,H01400,B11,,2026-03-06,4,0,taste,,1
R12531,H01406,B12,,2026-03-06,2,0,,texture,0
R12532,H01854,B01,,2026-03-06,4,1,sweetness,can design,1
R12533,H01864,B17,,2026-03-06,3,0,,ingredients,1
R12534,H01893,B04,,2026-03-06,4,0,refreshing,,1
R12535,H02016,B14,,2026-03-06,3,1,,versatility,0
R12536,H02099,B16,,2026-03-06,5,1,jar size,,1
R12537,H02485,B10,,2026-03-06,4,0,packaging,,0
R12538,H02849,B19,,2026-03-06,5,1,price,,0
R12539,H03007,B19,,2026-03-06,4,1,portability,,1
R12540,H03146,B01,,2026-03-06,4,1,sweetness,,1
R12541,H03224,B13,,2026-03-06,5,1,jar size,,1
R12542,H03403,B12,,2026-03-06,2,0,,ingredients,0
R12543,H03512,B05,,2026-03-06,5,1,crunch,,1
R12544,H03674,B14,,2026-03-06,4,1,jar size,,1
R12545,H00221,B10,,2026-03-07,4,0,packaging,,1
R12546,H00391,B03,,2026-03-07,3,1,aftertaste,,1
R12547,H00675,B06,,2026-03-07,4,1,portion size,,0
R12548,H00753,B06,,2026-03-07,4,1,price,portion size,1
R12549,H00942,B03,,2026-03-07,5,1,sweetness,,1
R12550,H01299,B17,,2026-03-07,5,1,ingredients,texture,1
R12551,H01419,B02,,2026-03-07,5,1,can design,taste,1
R12552,H01540,B12,,2026-03-07,4,1,taste,,1
R12553,H01968,B05,,2026-03-07,4,0,portion size,,1
R12554,H02122,B09,,2026-03-07,3,0,taste,,0
R12555,H02607,B13,,2026-03-07,5,1,texture,,1
R12556,H02713,B18,,2026-03-07,4,1,ingredients,,1
R12557,H02918,B07,,2026-03-07,5,1,seasoning,,1
R12558,H02945,B10,,2026-03-07,2,0,,sweetness,0
R12559,H02964,B08,,2026-03-07,5,1,saltiness,,0
R12560,H03003,B04,,2026-03-07,2,1,,can design,0
R12561,H03067,B11,,2026-03-07,3,1,,packaging,0
R12562,H03285,B09,,2026-03-07,3,0,,ingredients,0
R12563,H03305,B17,,2026-03-07,5,1,texture,price,1
R12564,H03393,B02,,2026-03-07,5,1,fizz,,1
R12565,H03553,B06,,2026-03-07,4,1,crunch,,1
R12566,H03612,B06,,2026-03-07,5,1,seasoning,,1
R12567,H03613,B09,,2026-03-07,4,0,packaging,,1
R12568,H03718,B12,,2026-03-07,4,1,taste,texture,0
R12569,H00234,B05,,2026-03-08,3,1,,saltiness,0
R12570,H00264,B02,,2026-03-08,5,1,sweetness,refreshing,1
R12571,H00364,B13,,2026-03-08,4,1,price,,1
R12572,H00412,B18,,2026-03-08,5,1,energy boost,,1
R12573,H00740,B07,,2026-03-08,4,1,portion size,crunch,1
R12574,H00822,B04,,2026-03-08,5,1,aftertaste,,1
R12575,H00863,B18,,2026-03-08,4,0,price,,0
R12576,H00873,B19,,2026-03-08,4,0,taste,,1
R12577,H01088,B07,,2026-03-08,5,1,crunch,,0
R12578,H01092,B15,,2026-03-08,3,1,,price,0
R12579,H01145,B04,,2026-03-08,3,1,,fizz,1
R12580,H01154,B11,,2026-03-08,5,1,ingredients,,0
R12581,H01252,B17,,2026-03-08,4,0,taste,,1
R12582,H01469,B18,,2026-03-08,3,0,,ingredients,1
R12583,H01699,B04,,2026-03-08,4,1,refreshing,,1
R12584,H01856,B06,,2026-03-08,4,0,saltiness,,1
R12585,H01900,B01,,2026-03-08,2,0,,taste,1
R12586,H02103,B07,,2026-03-08,2,0,portion size,price,0
R12587,H02202,B08,,2026-03-08,3,1,seasoning,,1
R12588,H02387,B03,,2026-03-08,3,1,price,,1
R12589,H02432,B07,,2026-03-08,4,0,packaging,,1
R12590,H02485,B20,,2026-03-08,5,1,price,,1
R12591,H02533,B09,,2026-03-08,2,0,,price,0
R12592,H02728,B05,,2026-03-08,4,0,seasoning,,1
R12593,H02819,B01,,2026-03-08,4,1,refreshing,,1
R12594,H02869,B14,,2026-03-08,2,0,,versatility,0
R12595,H02981,B13,,2026-03-08,3,1,heat,,0
R12596,H03056,B07,,2026-03-08,4,1,portion size,,1
R12597,H03283,B15,,2026-03-08,2,0,texture,versatility,1
R12598,H03295,B07,,2026-03-08,5,1,packaging,saltiness,1
R12599,H03387,B11,,2026-03-08,5,1,packaging,,1
R12600,H03613,B17,,2026-03-08,4,1,taste,,1
R12601,H00411,B04,,2026-03-09,4,1,refreshing,,1
R12602,H00578,B07,,2026-03-09,2,0,,crunch,0
R12603,H00781,B05,,2026-03-09,5,1,crunch,,1
R12604,H00984,B03,,2026-03-09,3,0,,fizz,0
R12605,H01003,B20,,2026-03-09,5,1,portability,price,1
R12606,H01231,B04,,2026-03-09,3,0,taste,,0
R12607,H01507,B16,,2026-03-09,5,1,jar size,,1
R12608,H01647,B08,,2026-03-09,5,1,price,,1
R12609,H01697,B10,,2026-03-09,4,1,price,,1
R12610,H01748,B01,,2026-03-09,4,0,taste,,1
R12611,H01829,B04,,2026-03-09,4,1,refreshing,,1
R12612,H02017,B01,,2026-03-09,5,1,sweetness,,1
R12613,H02411,B01,,2026-03-09,5,1,taste,fizz,1
R12614,H02468,B15,,2026-03-09,1,0,,price,0
R12615,H02531,B14,,2026-03-09,5,1,jar size,,1
R12616,H02552,B16,,2026-03-09,2,0,,texture,0
R12617,H02584,B05,,2026-03-09,4,1,seasoning,saltiness,1
R12618,H02906,B03,,2026-03-09,4,1,sweetness,can design,1
R12619,H02966,B12,,2026-03-09,4,1,texture,,0
R12620,H03070,B16,,2026-03-09,5,1,texture,,1
R12621,H03236,B18,,2026-03-09,5,1,texture,,1
R12622,H03655,B19,,2026-03-09,3,1,ingredients,,0
R12623,H03656,B05,,2026-03-09,4,1,portion size,,1
R12624,H03700,B13,,2026-03-09,5,1,heat,,1
R12625,H03710,B20,,2026-03-09,4,1,portability,,1
R12626,H03762,B03,,2026-03-09,3,0,,refreshing,1
R12627,H00004,B01,,2026-03-10,5,1,taste,,1
R12628,H00050,B06,,2026-03-10,4,1,crunch,,1
R12629,H00509,B07,,2026-03-10,4,0,packaging,seasoning,0
R12630,H00526,B20,,2026-03-10,3,0,portability,,0
R12631,H00546,B20,,2026-03-10,5,1,energy boost,,1
R12632,H00733,B06,,2026-03-10,5,1,saltiness,packaging,1
R12633,H00743,B07,,2026-03-10,4,1,packaging,,1
R12634,H00961,B13,,2026-03-10,4,1,flavour depth,versatility,1
R12635,H01017,B12,,2026-03-10,4,1,packaging,,0
R12636,H01121,B06,,2026-03-10,5,1,portion size,price,1
R12637,H01147,B06,,2026-03-10,5,1,price,,1
R12638,H01171,B05,,2026-03-10,5,1,crunch,portion size,1
R12639,H01252,B20,,2026-03-10,3,0,,taste,0
R12640,H01399,B03,,2026-03-10,4,1,price,,1
R12641,H01427,B07,,2026-03-10,3,0,,packaging,1
R12642,H01685,B05,,2026-03-10,5,1,seasoning,,1
R12643,H01711,B16,,2026-03-10,2,0,,texture,0
R12644,H02034,B07,,2026-03-10,3,0,,price,0
R12645,H02262,B04,,2026-03-10,3,0,price,,0
R12646,H02394,B18,,2026-03-10,4,1,ingredients,,1
R12647,H02517,B19,,2026-03-10,3,1,,energy boost,0
R12648,H02630,B15,,2026-03-10,3,0,,flavour depth,0
R12649,H02630,B18,,2026-03-10,5,0,energy boost,ingredients,1
R12650,H02633,B19,,2026-03-10,4,1,price,,1
R12651,H02911,B05,,2026-03-10,3,0,portion size,,1
R12652,H02936,B04,,2026-03-10,3,1,taste,,0
R12653,H03042,B11,,2026-03-10,3,1,,packaging,0
R12654,H03166,B01,,2026-03-10,4,0,aftertaste,,1
R12655,H03194,B08,,2026-03-10,4,1,packaging,,1
R12656,H03234,B03,,2026-03-10,5,1,taste,,1
R12657,H03394,B19,,2026-03-10,3,0,,ingredients,0
R12658,H03408,B13,,2026-03-10,3,1,jar size,,0
R12659,H03443,B20,,2026-03-10,5,1,taste,,1
R12660,H03696,B06,,2026-03-10,5,1,seasoning,,1
R12661,H03740,B03,,2026-03-10,4,1,taste,,1
R12662,H03759,B05,,2026-03-10,3,0,,seasoning,1
R12663,H00006,B08,,2026-03-11,4,1,portion size,saltiness,1
R12664,H00061,B13,,2026-03-11,3,0,,flavour depth,0
R12665,H00148,B11,,2026-03-11,5,1,sweetness,taste,1
R12666,H00355,B14,,2026-03-11,3,1,,versatility,1
R12667,H00360,B16,,2026-03-11,2,0,,flavour depth,1
R12668,H00680,B15,,2026-03-11,3,1,flavour depth,,0
R12669,H00979,B10,,2026-03-11,2,0,packaging,texture,0
R12670,H01093,B17,,2026-03-11,2,1,,texture,0
R12671,H01114,B18,,2026-03-11,3,0,price,,0
R12672,H01272,B13,,2026-03-11,5,1,jar size,,1
R12673,H01334,B14,,2026-03-11,5,1,jar size,,1
R12674,H01350,B18,,2026-03-11,3,0,price,,0
R12675,H01597,B15,,2026-03-11,4,1,texture,,1
R12676,H01633,B14,,2026-03-11,5,1,jar size,,1
R12677,H01888,B10,,2026-03-11,4,1,sweetness,,0
R12678,H02005,B19,,2026-03-11,4,1,ingredients,,1
R12679,H02025,B14,,2026-03-11,3,1,flavour depth,,0
R12680,H02174,B08,,2026-03-11,5,1,crunch,,1
R12681,H02264,B16,,2026-03-11,2,0,,price,0
R12682,H02471,B15,,2026-03-11,4,1,jar size,,1
R12683,H02537,B13,,2026-03-11,4,1,versatility,,1
R12684,H02649,B06,,2026-03-11,4,1,portion size,,1
R12685,H03031,B09,,2026-03-11,4,1,price,,1
R12686,H03162,B02,,2026-03-11,5,1,taste,sweetness,1
R12687,H03409,B09,,2026-03-11,5,1,price,,1
R12688,H03655,B05,,2026-03-11,3,1,crunch,,1
R12689,H00158,B11,,2026-03-12,3,0,,sweetness,1
R12690,H00334,B12,,2026-03-12,3,1,,texture,0
R12691,H00391,B16,,2026-03-12,3,0,flavour depth,,1
R12692,H00514,B04,,2026-03-12,1,0,,refreshing,0
R12693,H00795,B01,,2026-03-12,4,0,refreshing,,1
R12694,H00822,B15,,2026-03-12,3,0,versatility,,0
R12695,H01057,B19,,2026-03-12,5,1,texture,,1
R12696,H01378,B15,,2026-03-12,4,1,flavour depth,heat,1
R12697,H01390,B08,,2026-03-12,5,1,saltiness,seasoning,1
R12698,H01471,B15,,2026-03-12,5,1,heat,,1
R12699,H01571,B19,,2026-03-12,3,0,,texture,1
R12700,H01662,B14,,2026-03-12,3,0,,price,0
R12701,H01904,B16,,2026-03-12,5,1,jar size,,1
R12702,H01942,B07,,2026-03-12,3,0,,saltiness,1
R12703,H01963,B07,,2026-03-12,3,0,packaging,,0
R12704,H01983,B02,,2026-03-12,5,1,refreshing,,0
R12705,H02240,B14,,2026-03-12,3,0,texture,,0
R12706,H02279,B15,,2026-03-12,2,0,,heat,0
R12707,H02336,B19,,2026-03-12,3,1,taste,,1
R12708,H02376,B02,,2026-03-12,5,1,fizz,,1
R12709,H02545,B02,,2026-03-12,5,1,refreshing,,1
R12710,H02620,B10,,2026-03-12,3,0,,packaging,1
R12711,H02698,B13,,2026-03-12,3,1,,jar size,0
R12712,H02757,B18,,2026-03-12,5,0,taste,,1
R12713,H02767,B12,,2026-03-12,4,1,price,,1
R12714,H02844,B10,,2026-03-12,5,1,packaging,,1
R12715,H02891,B10,,2026-03-12,5,1,texture,sweetness,0
R12716,H02990,B02,,2026-03-12,2,1,,can design,0
R12717,H03183,B07,,2026-03-12,5,1,price,seasoning,0
R12718,H03230,B14,,2026-03-12,4,1,texture,heat,1
R12719,H03436,B01,,2026-03-12,4,1,fizz,,1
R12720,H03484,B03,,2026-03-12,3,1,,price,0
R12721,H03737,B11,,2026-03-12,5,1,sweetness,,1
R12722,H00138,B19,,2026-03-13,4,1,texture,energy boost,1
R12723,H00289,B14,,2026-03-13,5,1,versatility,,1
R12724,H00834,B16,,2026-03-13,2,0,,price,0
R12725,H01232,B03,,2026-03-13,4,0,aftertaste,,1
R12726,H01275,B03,,2026-03-13,3,0,refreshing,,1
R12727,H01575,B05,,2026-03-13,5,1,seasoning,,1
R12728,H01739,B18,,2026-03-13,3,1,energy boost,,0
R12729,H01908,B15,,2026-03-13,3,1,,jar size,0
R12730,H01960,B06,,2026-03-13,3,0,,portion size,1
R12731,H01985,B07,,2026-03-13,3,0,portion size,,0
R12732,H01990,B03,,2026-03-13,4,1,price,,1
R12733,H02196,B08,,2026-03-13,5,1,portion size,packaging,1
R12734,H02359,B05,,2026-03-13,4,0,crunch,,1
R12735,H03078,B13,,2026-03-13,3,1,,jar size,1
R12736,H03145,B18,,2026-03-13,5,1,texture,,1
R12737,H03303,B10,,2026-03-13,4,1,packaging,,1
R12738,H03309,B08,,2026-03-13,3,0,packaging,,0
R12739,H03671,B07,,2026-03-13,5,1,crunch,,1
R12740,H00399,B13,,2026-03-14,4,1,flavour depth,,1
R12741,H00480,B03,,2026-03-14,5,1,can design,,1
R12742,H00493,B19,,2026-03-14,4,1,energy boost,,0
R12743,H00563,B06,,2026-03-14,3,0,,price,1
R12744,H00618,B15,,2026-03-14,3,1,,versatility,0
R12745,H00790,B20,,2026-03-14,5,1,taste,energy boost,1
R12746,H00846,B02,,2026-03-14,4,1,fizz,can design,1
R12747,H01351,B02,,2026-03-14,4,0,refreshing,price,0
R12748,H01422,B10,,2026-03-14,3,0,texture,,0
R12749,H01531,B07,,2026-03-14,5,0,crunch,,1
R12750,H01562,B05,,2026-03-14,4,1,seasoning,saltiness,1
R12751,H01651,B15,,2026-03-14,3,1,flavour depth,,1
R12752,H01832,B09,,2026-03-14,2,0,,price,1
R12753,H01914,B13,,2026-03-14,5,1,versatility,,1
R12754,H01921,B20,,2026-03-14,4,1,energy boost,,1
R12755,H01933,B10,,2026-03-14,5,1,texture,,1
R12756,H02397,B10,,2026-03-14,4,1,taste,,1
R12757,H02802,B11,,2026-03-14,5,0,price,,1
R12758,H02865,B14,,2026-03-14,4,1,texture,,0
R12759,H02998,B12,,2026-03-14,5,1,texture,,0
R12760,H03210,B04,,2026-03-14,3,0,,can design,0
R12761,H03236,B08,,2026-03-14,5,1,packaging,,1
R12762,H03268,B11,,2026-03-14,3,0,,price,0
R12763,H03577,B06,,2026-03-14,3,1,packaging,,0
R12764,H03595,B02,,2026-03-14,3,1,,price,0
R12765,H03698,B02,,2026-03-14,4,1,fizz,,1
R12766,H03764,B10,,2026-03-14,4,1,texture,,0
R12767,H00228,B08,,2026-03-15,4,1,packaging,,0
R12768,H00484,B02,,2026-03-15,5,1,can design,,1
R12769,H00775,B11,,2026-03-15,3,0,,ingredients,0
R12770,H00832,B04,,2026-03-15,4,0,refreshing,,1
R12771,H00967,B08,,2026-03-15,5,1,seasoning,,1
R12772,H00977,B07,,2026-03-15,4,1,price,,1
R12773,H01031,B09,,2026-03-15,5,1,packaging,,1
R12774,H01145,B02,,2026-03-15,4,1,price,,0
R12775,H01236,B06,,2026-03-15,5,1,price,,1
R12776,H01290,B16,,2026-03-15,4,1,heat,,0
R12777,H01506,B16,,2026-03-15,4,1,texture,,0
R12778,H01893,B03,,2026-03-15,3,1,can design,,1
R12779,H01913,B07,,2026-03-15,5,0,seasoning,,0
R12780,H02170,B12,,2026-03-15,5,1,texture,sweetness,0
R12781,H02174,B13,,2026-03-15,3,1,,flavour depth,1
R12782,H02425,B02,,2026-03-15,4,0,refreshing,,1
R12783,H02447,B09,,2026-03-15,3,0,texture,,1
R12784,H02558,B16,,2026-03-15,4,1,texture,,0
R12785,H02568,B08,,2026-03-15,5,1,saltiness,,1
R12786,H02617,B19,,2026-03-15,4,1,taste,,1
R12787,H02647,B14,,2026-03-15,5,1,texture,,1
R12788,H02761,B04,,2026-03-15,2,0,,sweetness,0
R12789,H02908,B16,,2026-03-15,5,1,jar size,,1
R12790,H02930,B20,,2026-03-15,5,1,energy boost,portability,1
R12791,H03068,B02,,2026-03-15,4,0,taste,,1
R12792,H03524,B12,,2026-03-15,4,1,packaging,,1
R12793,H03534,B12,,2026-03-15,4,1,texture,taste,0
R12794,H03577,B15,,2026-03-15,4,1,versatility,,1
R12795,H03591,B16,,2026-03-15,4,1,texture,,1
R12796,H03600,B14,,2026-03-15,4,0,jar size,,0
R12797,H03692,B10,,2026-03-15,4,1,ingredients,,0
R12798,H03739,B18,,2026-03-15,4,1,taste,,1
R12799,H00022,B14,,2026-03-16,4,1,texture,,1
R12800,H00069,B10,,2026-03-16,2,0,ingredients,sweetness,0
R12801,H00432,B02,,2026-03-16,4,1,price,,1
R12802,H00511,B09,,2026-03-16,5,0,taste,,0
R12803,H00585,B07,,2026-03-16,4,1,crunch,,1
R12804,H00616,B13,,2026-03-16,5,1,flavour depth,,0
R12805,H00719,B18,,2026-03-16,3,1,texture,,0
R12806,H00989,B04,,2026-03-16,4,1,taste,,1
R12807,H01006,B15,,2026-03-16,3,1,versatility,,0
R12808,H01110,B03,,2026-03-16,2,0,,price,0
R12809,H01339,B04,,2026-03-16,4,1,can design,,1
R12810,H01778,B03,,2026-03-16,5,1,can design,,1
R12811,H02112,B06,,2026-03-16,4,0,crunch,seasoning,1
R12812,H02131,B12,,2026-03-16,2,0,,sweetness,0
R12813,H02178,B13,,2026-03-16,5,1,price,flavour depth,1
R12814,H02897,B03,,2026-03-16,4,1,refreshing,,1
R12815,H03022,B16,,2026-03-16,3,0,price,,1
R12816,H03030,B19,,2026-03-16,4,0,ingredients,texture,0
R12817,H03152,B18,,2026-03-16,3,1,texture,,1
R12818,H03173,B12,,2026-03-16,4,0,ingredients,,0
R12819,H03472,B12,,2026-03-16,4,1,packaging,,0
R12820,H03538,B19,,2026-03-16,4,0,energy boost,,1
R12821,H03539,B13,,2026-03-16,4,1,heat,,1
R12822,H03645,B03,,2026-03-16,5,1,refreshing,,1
R12823,H03684,B07,,2026-03-16,5,1,price,,1
R12824,H00091,B03,,2026-03-17,5,0,price,,1
R12825,H00174,B09,,2026-03-17,3,0,ingredients,,0
R12826,H00203,B18,,2026-03-17,3,1,price,,0
R12827,H00338,B08,,2026-03-17,5,1,price,,0
R12828,H00345,B08,,2026-03-17,5,1,portion size,price,1
R12829,H00536,B13,,2026-03-17,5,1,texture,,1
R12830,H00591,B08,,2026-03-17,3,0,,saltiness,0
R12831,H00724,B16,,2026-03-17,4,1,versatility,,1
R12832,H00828,B14,,2026-03-17,3,1,flavour depth,,0
R12833,H01092,B10,,2026-03-17,4,1,packaging,texture,0
R12834,H01109,B11,,2026-03-17,4,0,packaging,,1
R12835,H01206,B01,,2026-03-17,5,1,taste,refreshing,1
R12836,H01379,B18,,2026-03-17,4,1,portability,,1
R12837,H01419,B03,,2026-03-17,5,1,taste,,1
R12838,H01827,B16,,2026-03-17,5,1,heat,,1
R12839,H01909,B18,,2026-03-17,3,0,price,,0
R12840,H02039,B04,,2026-03-17,3,1,sweetness,,0
R12841,H02361,B10,,2026-03-17,3,0,,price,1
R12842,H02486,B16,,2026-03-17,4,0,flavour depth,,1
R12843,H02537,B07,,2026-03-17,4,1,portion size,,1
R12844,H02833,B10,,2026-03-17,4,1,packaging,ingredients,1
R12845,H02967,B12,,2026-03-17,2,1,,sweetness,0
R12846,H03050,B12,,2026-03-17,4,1,texture,price,0
R12847,H03212,B12,,2026-03-17,2,0,,ingredients,0
R12848,H03228,B16,,2026-03-17,3,1,jar size,,1
R12849,H03255,B11,,2026-03-17,5,0,sweetness,,1
R12850,H03278,B06,,2026-03-17,4,0,price,,1
R12851,H03462,B01,,2026-03-17,4,1,fizz,,0
R12852,H03479,B02,,2026-03-17,5,1,taste,,1
R12853,H03545,B04,,2026-03-17,5,1,taste,,1
R12854,H03590,B07,,2026-03-17,4,1,crunch,,1
R12855,H03658,B09,,2026-03-17,4,1,price,,1
R12856,H03799,B10,P047,2026-03-17,5,1,texture,packaging,0
R12857,H03803,B10,P047,2026-03-17,3,0,packaging,,1
R12858,H03808,B09,P047,2026-03-17,3,0,,packaging,1
R12859,H03817,B07,P047,2026-03-17,2,0,,crunch,0
R12860,H03820,B10,P047,2026-03-17,4,1,taste,,0
R12861,H03821,B09,P047,2026-03-17,3,1,taste,,0
R12862,H03831,B10,P047,2026-03-17,5,1,ingredients,,0
R12863,H03835,B15,P047,2026-03-17,2,0,,jar size,0
R12864,H03837,B15,P047,2026-03-17,1,0,,flavour depth,0
R12865,H03839,B10,P047,2026-03-17,3,1,ingredients,,0
R12866,H03841,B09,P047,2026-03-17,4,1,taste,packaging,1
R12867,H03842,B10,P047,2026-03-17,5,1,texture,,0
R12868,H03843,B10,P047,2026-03-17,4,1,texture,sweetness,0
R12869,H03849,B15,P047,2026-03-17,3,0,,jar size,0
R12870,H00152,B14,,2026-03-18,5,1,price,,1
R12871,H00623,B18,,2026-03-18,5,0,price,,1
R12872,H00749,B07,,2026-03-18,4,1,portion size,,1
R12873,H00876,B19,,2026-03-18,3,1,portability,,1
R12874,H01031,B13,,2026-03-18,5,1,flavour depth,,1
R12875,H01264,B17,,2026-03-18,3,0,,texture,1
R12876,H01356,B20,,2026-03-18,3,0,ingredients,,0
R12877,H01583,B11,,2026-03-18,4,1,texture,,1
R12878,H01666,B17,,2026-03-18,3,0,texture,,1
R12879,H01732,B01,,2026-03-18,4,1,fizz,price,1
R12880,H01785,B06,,2026-03-18,2,0,,crunch,1
R12881,H01982,B03,,2026-03-18,4,1,refreshing,price,1
R12882,H02124,B07,,2026-03-18,5,1,saltiness,,1
R12883,H02223,B02,,2026-03-18,5,1,sweetness,,1
R12884,H02482,B03,,2026-03-18,4,1,can design,,1
R12885,H02545,B20,,2026-03-18,3,0,,ingredients,1
R12886,H02607,B06,,2026-03-18,4,1,packaging,,1
R12887,H02819,B10,,2026-03-18,5,1,sweetness,,1
R12888,H02933,B19,,2026-03-18,5,1,energy boost,,1
R12889,H03024,B17,,2026-03-18,4,1,energy boost,,1
R12890,H03066,B06,,2026-03-18,4,1,saltiness,,1
R12891,H03083,B01,,2026-03-18,4,1,aftertaste,,1
R12892,H03112,B05,,2026-03-18,4,1,portion size,,1
R12893,H03223,B11,,2026-03-18,4,0,taste,packaging,1
R12894,H03665,B18,,2026-03-18,3,0,,ingredients,0
R12895,H03692,B07,,2026-03-18,4,1,price,,1
R12896,H03818,B09,P047,2026-03-18,3,1,,price,0
R12897,H03823,B10,P047,2026-03-18,5,0,packaging,,1
R12898,H03851,B09,P047,2026-03-18,2,0,,price,1
R12899,H00062,B19,,2026-03-19,2,0,,taste,0
R12900,H00474,B20,,2026-03-19,4,1,texture,,1
R12901,H00576,B14,,2026-03-19,4,1,versatility,,1
R12902,H01170,B03,,2026-03-19,4,0,sweetness,,1
R12903,H01733,B09,,2026-03-19,4,1,texture,,1
R12904,H02452,B12,,2026-03-19,1,0,,texture,0
R12905,H02513,B16,,2026-03-19,5,1,jar size,,1
R12906,H02581,B13,,2026-03-19,4,0,price,,0
R12907,H02633,B13,,2026-03-19,3,0,versatility,,1
R12908,H02876,B02,,2026-03-19,4,1,aftertaste,,1
R12909,H03161,B01,,2026-03-19,4,1,fizz,,1
R12910,H03434,B06,,2026-03-19,5,1,portion size,price,1
R12911,H03738,B10,,2026-03-19,1,0,,price,0
R12912,H03758,B07,,2026-03-19,5,0,seasoning,,1
R12913,H03762,B04,,2026-03-19,3,0,,sweetness,1
R12914,H03803,B07,P047,2026-03-19,5,1,price,seasoning,0
R12915,H03808,B10,P047,2026-03-19,5,1,ingredients,,0
R12916,H03809,B15,P047,2026-03-19,2,0,,texture,1
R12917,H03813,B01,P047,2026-03-19,3,0,aftertaste,,1
R12918,H03815,B09,P047,2026-03-19,4,1,price,,1
R12919,H03817,B01,P047,2026-03-19,3,0,,taste,0
R12920,H03822,B07,P047,2026-03-19,3,1,,portion size,1
R12921,H03836,B10,P047,2026-03-19,4,0,ingredients,,1
R12922,H03841,B15,P047,2026-03-19,4,1,texture,,0
R12923,H03847,B15,P047,2026-03-19,3,0,texture,,1
R12924,H03848,B10,P047,2026-03-19,3,1,,packaging,1
R12925,H03848,B03,,2026-03-19,3,0,,refreshing,0
R12926,H00025,B14,,2026-03-20,5,1,jar size,,1
R12927,H00403,B16,,2026-03-20,4,0,texture,,0
R12928,H00424,B17,,2026-03-20,5,1,taste,,1
R12929,H00461,B08,,2026-03-20,3,0,saltiness,,0
R12930,H00696,B13,,2026-03-20,4,1,versatility,,0
R12931,H00715,B07,,2026-03-20,4,1,seasoning,,0
R12932,H00940,B16,,2026-03-20,3,1,texture,,0
R12933,H00959,B15,,2026-03-20,4,0,price,,0
R12934,H01016,B15,,2026-03-20,4,1,versatility,,0
R12935,H01226,B17,,2026-03-20,4,1,taste,price,1
R12936,H01456,B02,,2026-03-20,4,1,aftertaste,,0
R12937,H01683,B03,,2026-03-20,4,0,sweetness,,0
R12938,H01804,B08,,2026-03-20,5,1,crunch,,1
R12939,H02013,B15,,2026-03-20,2,0,flavour depth,texture,0
R12940,H02087,B08,,2026-03-20,2,0,,price,0
R12941,H02334,B01,,2026-03-20,3,1,refreshing,,1
R12942,H02556,B06,,2026-03-20,2,0,,packaging,0
R12943,H02667,B17,,2026-03-20,3,0,energy boost,,0
R12944,H02742,B04,,2026-03-20,4,1,aftertaste,can design,1
R12945,H02771,B02,,2026-03-20,4,0,fizz,,1
R12946,H03184,B20,,2026-03-20,3,0,energy boost,,0
R12947,H03269,B17,,2026-03-20,4,1,texture,,1
R12948,H03342,B09,,2026-03-20,4,1,sweetness,texture,0
R12949,H03374,B03,,2026-03-20,5,1,sweetness,price,1
R12950,H03439,B02,,2026-03-20,3,0,can design,,0
R12951,H03465,B09,,2026-03-20,3,1,price,,0
R12952,H03502,B02,,2026-03-20,3,1,,can design,0
R12953,H03743,B15,,2026-03-20,2,0,heat,versatility,0
R12954,H03784,B10,,2026-03-20,5,1,ingredients,,1
R12955,H03802,B15,P047,2026-03-20,3,0,texture,,0
R12956,H03821,B07,P047,2026-03-20,2,0,,price,0
R12957,H03851,B01,P047,2026-03-20,5,1,aftertaste,taste,1
R12958,H00077,B16,,2026-03-21,5,1,versatility,,1
R12959,H00182,B01,,2026-03-21,4,1,price,,1
R12960,H00399,B02,,2026-03-21,4,0,sweetness,fizz,1
R12961,H00531,B06,,2026-03-21,4,1,crunch,,1
R12962,H00562,B14,,2026-03-21,4,1,versatility,,0
R12963,H00591,B11,,2026-03-21,4,0,sweetness,texture,1
R12964,H00785,B05,,2026-03-21,4,1,seasoning,,1
R12965,H01325,B06,,2026-03-21,5,1,portion size,saltiness,1
R12966,H01439,B05,,2026-03-21,4,1,crunch,,0
R12967,H01562,B10,,2026-03-21,4,1,sweetness,,0
R12968,H01618,B15,,2026-03-21,4,1,jar size,price,1
R12969,H01967,B13,,2026-03-21,4,0,texture,,1
R12970,H02107,B03,,2026-03-21,5,1,sweetness,,1
R12971,H02152,B09,,2026-03-21,4,0,texture,,0
R12972,H02245,B20,,2026-03-21,5,1,portability,,1
R12973,H02540,B15,,2026-03-21,2,0,,flavour depth,0
R12974,H03811,B01,P047,2026-03-21,5,1,sweetness,,0
R12975,H03846,B15,P047,2026-03-21,4,1,heat,,1
R12976,H03853,B07,P047,2026-03-21,4,0,price,,0
R12977,H03853,B09,P047,2026-03-21,5,1,packaging,,0
R12978,H03866,B01,P048,2026-03-21,5,1,aftertaste,,1
R12979,H03870,B01,P048,2026-03-21,4,1,taste,,1
R12980,H03870,B05,P048,2026-03-21,4,1,portion size,,1
R12981,H03881,B17,P048,2026-03-21,4,1,portability,price,1
R12982,H00107,B08,,2026-03-22,5,1,seasoning,,0
R12983,H00278,B19,,2026-03-22,3,1,,taste,0
R12984,H00375,B01,,2026-03-22,4,1,taste,refreshing,1
R12985,H00642,B11,,2026-03-22,5,1,texture,,1
R12986,H00644,B11,,2026-03-22,4,1,taste,packaging,0
R12987,H00794,B11,,2026-03-22,5,1,texture,ingredients,1
R12988,H00797,B04,,2026-03-22,5,1,aftertaste,taste,1
R12989,H01303,B02,,2026-03-22,5,1,sweetness,,1
R12990,H01351,B10,,2026-03-22,5,1,sweetness,,1
R12991,H01568,B04,,2026-03-22,3,0,aftertaste,,1
R12992,H01594,B05,,2026-03-22,4,0,crunch,,1
R12993,H01765,B12,,2026-03-22,3,0,,sweetness,0
R12994,H01926,B05,,2026-03-22,5,1,portion size,,1
R12995,H01930,B19,,2026-03-22,3,1,price,,0
R12996,H01987,B19,,2026-03-22,5,1,energy boost,,1
R12997,H02030,B12,,2026-03-22,3,0,,texture,0
R12998,H02186,B20,,2026-03-22,4,1,energy boost,,0
R12999,H02239,B15,,2026-03-22,3,0,price,,0
R13000,H02607,B02,,2026-03-22,4,1,can design,,1
R13001,H02723,B18,,2026-03-22,5,1,energy boost,,1
R13002,H03163,B12,,2026-03-22,5,1,taste,,0
R13003,H03213,B06,,2026-03-22,4,1,seasoning,,1
R13004,H03361,B05,,2026-03-22,3,1,packaging,,1
R13005,H03615,B03,,2026-03-22,3,0,,aftertaste,0
R13006,H03626,B01,,2026-03-22,4,1,refreshing,,1
R13007,H03641,B14,,2026-03-22,3,1,,flavour depth,0
R13008,H03645,B01,,2026-03-22,5,1,refreshing,,1
R13009,H03665,B09,,2026-03-22,2,0,,price,1
R13010,H03683,B06,,2026-03-22,5,1,seasoning,packaging,1
R13011,H03770,B01,,2026-03-22,5,1,aftertaste,refreshing,1
R13012,H03777,B13,,2026-03-22,4,0,texture,,1
R13013,H03804,B01,P047,2026-03-22,3,0,,can design,0
R13014,H03805,B07,P047,2026-03-22,5,0,seasoning,,1
R13015,H03811,B07,P047,2026-03-22,5,1,seasoning,,0
R13016,H03811,B09,P047,2026-03-22,5,1,packaging,,0
R13017,H03816,B10,P047,2026-03-22,4,1,price,,0
R13018,H03818,B01,P047,2026-03-22,3,0,,refreshing,0
R13019,H03822,B01,P047,2026-03-22,3,0,refreshing,,1
R13020,H03828,B07,P047,2026-03-22,5,1,seasoning,,1
R13021,H03829,B15,P047,2026-03-22,3,1,flavour depth,,0
R13022,H03830,B07,P047,2026-03-22,3,0,,packaging,0
R13023,H03833,B10,P047,2026-03-22,3,1,,taste,0
R13024,H03845,B10,P047,2026-03-22,5,1,price,,1
R13025,H03847,B01,P047,2026-03-22,4,0,price,,1
R13026,H03865,B11,P048,2026-03-22,4,1,price,,1
R13027,H03874,B17,P048,2026-03-22,5,1,portability,taste,1
R13028,H03877,B01,P048,2026-03-22,5,1,refreshing,,1
R13029,H03879,B17,,2026-03-22,4,0,portability,,1
R13030,H00157,B08,,2026-03-23,4,1,seasoning,,0
R13031,H00173,B13,,2026-03-23,5,1,jar size,flavour depth,1
R13032,H00191,B09,,2026-03-23,5,1,ingredients,,1
R13033,H00291,B14,,2026-03-23,2,1,,texture,0
R13034,H00428,B15,,2026-03-23,3,1,,versatility,0
R13035,H00672,B13,,2026-03-23,5,1,price,,1
R13036,H00878,B01,,2026-03-23,4,1,price,,1
R13037,H00960,B04,,2026-03-23,5,0,aftertaste,,1
R13038,H01193,B09,,2026-03-23,4,1,taste,,1
R13039,H01332,B08,,2026-03-23,3,1,packaging,,0
R13040,H01567,B11,,2026-03-23,3,0,ingredients,,0
R13041,H01695,B08,,2026-03-23,5,1,packaging,,1
R13042,H01765,B03,,2026-03-23,3,0,aftertaste,,1
R13043,H01873,B20,,2026-03-23,4,0,price,,1
R13044,H02000,B15,,2026-03-23,3,0,,flavour depth,0
R13045,H02035,B09,,2026-03-23,4,1,packaging,price,0
R13046,H02348,B19,,2026-03-23,5,1,ingredients,,1
R13047,H02472,B04,,2026-03-23,3,0,refreshing,,1
R13048,H03253,B09,,2026-03-23,5,1,taste,,1
R13049,H03274,B02,,2026-03-23,2,0,,can design,0
R13050,H03329,B01,,2026-03-23,4,0,fizz,,0
R13051,H03607,B05,,2026-03-23,4,1,saltiness,,1
R13052,H03769,B15,,2026-03-23,4,0,heat,,1
R13053,H03808,B01,P047,2026-03-23,4,1,refreshing,,1
R13054,H03809,B09,P047,2026-03-23,2,1,,sweetness,0
R13055,H03825,B15,P047,2026-03-23,3,0,,versatility,0
R13056,H03835,B01,P047,2026-03-23,3,0,can design,,1
R13057,H03844,B10,P047,2026-03-23,3,0,,packaging,1
R13058,H03845,B09,P047,2026-03-23,5,1,price,,0
R13059,H03851,B10,P047,2026-03-23,3,0,packaging,,0
R13060,H03864,B05,P048,2026-03-23,4,1,saltiness,,0
R13061,H03873,B11,P048,2026-03-23,4,1,ingredients,,1
R13062,H03882,B05,P048,2026-03-23,3,1,seasoning,,1
R13063,H03884,B01,P048,2026-03-23,5,1,sweetness,aftertaste,1
R13064,H03886,B01,P048,2026-03-23,3,1,refreshing,,1
R13065,H00271,B06,,2026-03-24,5,0,packaging,,1
R13066,H00448,B16,,2026-03-24,4,1,jar size,,1
R13067,H00469,B03,,2026-03-24,5,1,aftertaste,,1
R13068,H00506,B12,,2026-03-24,3,0,,texture,0
R13069,H00734,B17,,2026-03-24,5,1,taste,,1
R13070,H00748,B08,,2026-03-24,4,1,price,,1
R13071,H00758,B01,,2026-03-24,3,1,aftertaste,,1
R13072,H00759,B08,,2026-03-24,5,0,price,seasoning,1
R13073,H00787,B05,,2026-03-24,5,1,portion size,,1
R13074,H01228,B19,,2026-03-24,4,1,ingredients,,1
R13075,H01300,B05,,2026-03-24,4,1,portion size,,0
R13076,H01358,B14,,2026-03-24,4,1,flavour depth,versatility,1
R13077,H01374,B02,,2026-03-24,4,1,sweetness,,1
R13078,H01444,B18,,2026-03-24,4,1,taste,,1
R13079,H01647,B07,,2026-03-24,5,0,packaging,,1
R13080,H01854,B03,,2026-03-24,5,1,taste,,1
R13081,H01881,B11,,2026-03-24,4,0,texture,,1
R13082,H02099,B09,,2026-03-24,3,1,price,,0
R13083,H02391,B19,,2026-03-24,5,1,price,energy boost,1
R13084,H02849,B18,,2026-03-24,5,1,price,taste,1
R13085,H03351,B15,,2026-03-24,3,0,heat,,0
R13086,H03363,B07,,2026-03-24,4,1,portion size,,0
R13087,H03542,B06,,2026-03-24,5,1,seasoning,portion size,1
R13088,H03562,B04,,2026-03-24,4,1,can design,,1
R13089,H03771,B14,,2026-03-24,4,1,flavour depth,texture,0
R13090,H03774,B07,,2026-03-24,4,0,seasoning,,0
R13091,H03818,B10,P047,2026-03-24,5,0,price,,1
R13092,H03833,B01,P047,2026-03-24,4,1,aftertaste,,1
R13093,H03854,B07,,2026-03-24,2,0,,portion size,0
R13094,H03864,B17,P048,2026-03-24,4,1,ingredients,,0
R13095,H03865,B01,P048,2026-03-24,5,1,refreshing,,1
R13096,H03871,B11,P048,2026-03-24,4,1,ingredients,,0
R13097,H03884,B17,P048,2026-03-24,3,1,texture,,1
R13098,H03885,B01,P048,2026-03-24,5,1,can design,,1
R13099,H00044,B05,,2026-03-25,5,1,crunch,seasoning,1
R13100,H00285,B08,,2026-03-25,4,0,crunch,,1
R13101,H00382,B15,,2026-03-25,5,1,versatility,,1
R13102,H00676,B02,,2026-03-25,4,1,price,,1
R13103,H01252,B19,,2026-03-25,5,1,portability,,1
R13104,H01666,B03,,2026-03-25,5,1,can design,fizz,0
R13105,H01676,B06,,2026-03-25,3,0,seasoning,,1
R13106,H01695,B12,,2026-03-25,3,0,,price,0
R13107,H01814,B03,,2026-03-25,4,1,refreshing,,1
R13108,H02443,B11,,2026-03-25,4,0,price,,1
R13109,H02547,B03,,2026-03-25,4,0,can design,,0
R13110,H02560,B07,,2026-03-25,3,0,,saltiness,0
R13111,H02626,B07,,2026-03-25,4,1,seasoning,,1
R13112,H02652,B10,,2026-03-25,3,0,taste,,0
R13113,H02655,B03,,2026-03-25,5,0,refreshing,fizz,1
R13114,H02664,B13,,2026-03-25,2,0,,flavour depth,0
R13115,H02687,B18,,2026-03-25,2,0,,energy boost,0
R13116,H02843,B06,,2026-03-25,4,0,price,,1
R13117,H02854,B15,,2026-03-25,4,1,jar size,,1
R13118,H03133,B11,,2026-03-25,4,1,price,taste,0
R13119,H03275,B14,,2026-03-25,5,1,heat,,1
R13120,H03339,B12,,2026-03-25,5,0,sweetness,packaging,1
R13121,H03450,B13,,2026-03-25,4,0,versatility,,1
R13122,H03626,B13,,2026-03-25,3,1,,price,0
R13123,H03863,B17,P048,2026-03-25,2,0,,texture,1
R13124,H03870,B17,P048,2026-03-25,5,1,price,,1
R13125,H03873,B01,P048,2026-03-25,5,1,sweetness,,1
R13126,H03874,B01,P048,2026-03-25,4,1,aftertaste,,1
R13127,H03875,B01,P048,2026-03-25,5,1,can design,,1
R13128,H03875,B13,P048,2026-03-25,3,1,flavour depth,,1
R13129,H03876,B05,P048,2026-03-25,4,1,crunch,,0
R13130,H03883,B01,P048,2026-03-25,3,0,refreshing,,1
R13131,H03883,B11,P048,2026-03-25,5,1,price,sweetness,0
R13132,H00012,B09,,2026-03-26,3,1,sweetness,,0
R13133,H00036,B14,,2026-03-26,3,0,versatility,,0
R13134,H00102,B18,,2026-03-26,4,1,portability,,1
R13135,H00155,B05,,2026-03-26,2,0,,portion size,0
R13136,H00270,B19,,2026-03-26,3,1,,taste,1
R13137,H00295,B04,,2026-03-26,3,0,aftertaste,,0
R13138,H00369,B10,,2026-03-26,5,0,sweetness,,1
R13139,H00658,B09,,2026-03-26,4,1,taste,sweetness,0
R13140,H00769,B14,,2026-03-26,2,0,versatility,texture,0
R13141,H00875,B18,,2026-03-26,5,1,taste,,1
R13142,H01079,B03,,2026-03-26,4,1,taste,,1
R13143,H01115,B15,,2026-03-26,5,1,price,,1
R13144,H01875,B14,,2026-03-26,5,1,price,versatility,1
R13145,H01979,B08,,2026-03-26,4,0,saltiness,,0
R13146,H02246,B15,,2026-03-26,4,1,flavour depth,,1
R13147,H02274,B04,,2026-03-26,2,0,,sweetness,0
R13148,H02647,B13,,2026-03-26,4,1,heat,,1
R13149,H02706,B02,,2026-03-26,5,0,aftertaste,,1
R13150,H02811,B10,,2026-03-26,4,0,ingredients,,1
R13151,H02962,B02,,2026-03-26,5,1,price,taste,1
R13152,H03160,B02,,2026-03-26,5,1,fizz,,1
R13153,H03266,B19,,2026-03-26,4,1,price,,1
R13154,H03385,B02,,2026-03-26,5,1,fizz,can design,1
R13155,H03486,B03,,2026-03-26,4,1,price,,0
R13156,H03542,B20,,2026-03-26,2,1,portability,texture,1
R13157,H03567,B07,,2026-03-26,4,1,portion size,,1
R13158,H03671,B02,,2026-03-26,4,1,aftertaste,fizz,1
R13159,H03863,B05,P048,2026-03-26,3,1,,crunch,1
R13160,H03867,B05,P048,2026-03-26,4,1,packaging,,0
R13161,H03867,B17,P048,2026-03-26,3,1,,texture,0
R13162,H03878,B05,P048,2026-03-26,4,0,portion size,,0
R13163,H03878,B17,P048,2026-03-26,4,1,taste,,1
R13164,H03886,B05,P048,2026-03-26,4,0,seasoning,,1
R13165,H00384,B16,,2026-03-27,4,1,price,,0
R13166,H00496,B07,,2026-03-27,4,1,portion size,,1
R13167,H00499,B05,,2026-03-27,4,1,price,,1
R13168,H00648,B08,,2026-03-27,4,1,price,,0
R13169,H01396,B09,,2026-03-27,4,0,sweetness,,1
R13170,H01558,B08,,2026-03-27,5,1,portion size,price,1
R13171,H01584,B20,,2026-03-27,3,0,,taste,1
R13172,H01779,B14,,2026-03-27,2,1,jar size,heat,0
R13173,H01986,B14,,2026-03-27,4,1,price,,1
R13174,H02011,B07,,2026-03-27,5,1,packaging,,1
R13175,H02133,B13,,2026-03-27,5,1,versatility,,1
R13176,H02291,B11,,2026-03-27,5,1,sweetness,,1
R13177,H02310,B13,,2026-03-27,4,1,texture,,1
R13178,H02612,B18,,2026-03-27,5,1,texture,,1
R13179,H02825,B06,,2026-03-27,3,1,saltiness,,0
R13180,H03155,B11,,2026-03-27,4,1,price,,1
R13181,H03204,B10,,2026-03-27,3,0,,texture,0
R13182,H03232,B07,,2026-03-27,5,1,packaging,,1
R13183,H03455,B02,,2026-03-27,4,1,sweetness,,1
R13184,H03498,B08,,2026-03-27,2,0,,packaging,0
R13185,H03603,B02,,2026-03-27,3,1,refreshing,,1
R13186,H03664,B07,,2026-03-27,3,1,,crunch,1
R13187,H03708,B04,,2026-03-27,2,0,taste,can design,0
R13188,H03876,B17,P048,2026-03-27,4,1,energy boost,taste,1
R13189,H03881,B13,P048,2026-03-27,3,0,heat,,1
R13190,H03882,B17,P048,2026-03-27,4,0,price,,1
R13191,H03883,B05,P048,2026-03-27,3,1,,seasoning,1
R13192,H00088,B10,,2026-03-28,2,1,,sweetness,0
R13193,H00463,B19,,2026-03-28,5,1,price,,1
R13194,H00697,B08,,2026-03-28,4,1,crunch,,1
R13195,H00914,B16,,2026-03-28,5,1,jar size,heat,1
R13196,H00980,B12,,2026-03-28,4,0,price,,1
R13197,H01004,B17,,2026-03-28,3,0,,portability,0
R13198,H01106,B03,,2026-03-28,2,0,,sweetness,0
R13199,H01199,B16,,2026-03-28,4,1,heat,jar size,0
R13200,H01210,B19,,2026-03-28,4,1,ingredients,,0
R13201,H01272,B09,,2026-03-28,3,0,,taste,1
R13202,H01378,B20,,2026-03-28,5,1,texture,,1
R13203,H01714,B04,,2026-03-28,2,0,,price,0
R13204,H02189,B15,,2026-03-28,3,1,,heat,0
R13205,H02381,B02,,2026-03-28,5,1,price,,1
R13206,H02454,B05,,2026-03-28,4,0,saltiness,,1
R13207,H02541,B09,,2026-03-28,3,1,,texture,0
R13208,H02669,B17,,2026-03-28,4,0,portability,,1
R13209,H02708,B05,,2026-03-28,4,1,portion size,,1
R13210,H02982,B02,,2026-03-28,4,1,price,sweetness,1
R13211,H02985,B10,,2026-03-28,5,1,taste,,1
R13212,H03149,B08,,2026-03-28,4,0,packaging,,0
R13213,H03290,B10,,2026-03-28,4,1,packaging,,0
R13214,H03394,B02,,2026-03-28,4,1,sweetness,,0
R13215,H03865,B17,P048,2026-03-28,4,1,price,,1
R13216,H03867,B01,P048,2026-03-28,5,1,aftertaste,,1
R13217,H03868,B01,P048,2026-03-28,4,0,aftertaste,,1
R13218,H03868,B17,P048,2026-03-28,5,1,energy boost,,1
R13219,H03872,B01,P048,2026-03-28,5,1,fizz,refreshing,1
R13220,H03872,B17,,2026-03-28,5,0,energy boost,,1
R13221,H03878,B11,P048,2026-03-28,3,0,taste,,0
R13222,H03881,B01,P048,2026-03-28,4,1,sweetness,,1
R13223,H03884,B11,P048,2026-03-28,5,1,packaging,,0
R13224,H00113,B03,,2026-03-29,4,1,sweetness,fizz,1
R13225,H00146,B16,,2026-03-29,4,1,price,,1
R13226,H00285,B06,,2026-03-29,4,1,portion size,,1
R13227,H00494,B20,,2026-03-29,4,0,portability,,1
R13228,H00510,B19,,2026-03-29,5,1,portability,,1
R13229,H00548,B16,,2026-03-29,4,1,texture,,0
R13230,H01349,B10,,2026-03-29,5,0,taste,texture,1
R13231,H01420,B10,,2026-03-29,3,0,,ingredients,0
R13232,H01539,B03,,2026-03-29,4,1,taste,,0
R13233,H01783,B16,,2026-03-29,5,1,texture,,1
R13234,H01814,B01,,2026-03-29,5,1,fizz,can design,1
R13235,H02402,B07,,2026-03-29,3,0,,saltiness,1
R13236,H02433,B02,,2026-03-29,5,1,aftertaste,,1
R13237,H02564,B02,,2026-03-29,3,1,,refreshing,0
R13238,H02908,B02,,2026-03-29,5,1,price,,1
R13239,H02909,B15,,2026-03-29,4,1,price,,0
R13240,H03318,B01,,2026-03-29,5,1,taste,,1
R13241,H03401,B11,,2026-03-29,5,1,texture,,1
R13242,H03861,B06,,2026-03-29,5,1,saltiness,,1
R13243,H03896,B15,,2026-03-29,3,0,texture,,0
R13244,H00125,B04,,2026-03-30,4,1,fizz,,1
R13245,H00334,B16,,2026-03-30,5,1,flavour depth,,1
R13246,H00460,B03,,2026-03-30,3,1,sweetness,,1
R13247,H00583,B02,,2026-03-30,1,0,,refreshing,0
R13248,H00678,B18,,2026-03-30,3,1,,energy boost,0
R13249,H00782,B17,,2026-03-30,4,1,texture,,1
R13250,H00975,B02,,2026-03-30,5,1,sweetness,,1
R13251,H01197,B20,,2026-03-30,4,1,texture,,1
R13252,H01279,B05,,2026-03-30,5,1,price,,1
R13253,H01344,B14,,2026-03-30,4,1,heat,,1
R13254,H01389,B16,,2026-03-30,4,0,versatility,texture,1
R13255,H01537,B02,,2026-03-30,4,1,price,sweetness,0
R13256,H01549,B16,,2026-03-30,3,1,,flavour depth,0
R13257,H01713,B13,,2026-03-30,4,1,heat,,1
R13258,H01878,B13,,2026-03-30,5,1,versatility,,0
R13259,H02102,B15,,2026-03-30,3,0,price,,0
R13260,H02376,B19,,2026-03-30,4,1,ingredients,,1
R13261,H02506,B08,,2026-03-30,3,0,,crunch,1
R13262,H02618,B01,,2026-03-30,4,1,aftertaste,,1
R13263,H02718,B09,,2026-03-30,2,0,ingredients,packaging,0
R13264,H02950,B12,,2026-03-30,2,0,,taste,0
R13265,H03026,B08,,2026-03-30,5,1,saltiness,,1
R13266,H03292,B03,,2026-03-30,4,1,fizz,can design,1
R13267,H03564,B12,,2026-03-30,4,1,texture,,1
R13268,H03621,B09,,2026-03-30,5,1,texture,,1
R13269,H03865,B04,,2026-03-30,4,1,price,,0
R13270,H03876,B13,,2026-03-30,3,1,flavour depth,,0
R13271,H00165,B03,,2026-03-31,2,0,,sweetness,0
R13272,H00185,B05,,2026-03-31,4,1,seasoning,,0
R13273,H00299,B07,,2026-03-31,5,1,crunch,,1
R13274,H00412,B02,,2026-03-31,4,1,price,,1
R13275,H00526,B14,,2026-03-31,5,1,versatility,,1
R13276,H00704,B20,,2026-03-31,3,1,,taste,1
R13277,H00737,B11,,2026-03-31,5,1,packaging,price,0
R13278,H00756,B15,,2026-03-31,3,0,versatility,,0
R13279,H01086,B12,,2026-03-31,5,1,packaging,,1
R13280,H01105,B12,,2026-03-31,4,1,taste,,0
R13281,H01227,B18,,2026-03-31,5,0,ingredients,,1
R13282,H01258,B03,,2026-03-31,4,1,taste,,1
R13283,H01667,B10,,2026-03-31,5,1,taste,,1
R13284,H01831,B03,,2026-03-31,4,1,sweetness,price,0
R13285,H01858,B18,,2026-03-31,5,1,energy boost,,1
R13286,H02005,B07,,2026-03-31,5,1,crunch,,1
R13287,H02020,B13,,2026-03-31,4,1,versatility,,1
R13288,H02148,B09,,2026-03-31,5,1,price,,1
R13289,H02507,B20,,2026-03-31,3,0,,texture,0
R13290,H02635,B08,,2026-03-31,4,0,portion size,,1
R13291,H02743,B07,,2026-03-31,2,0,,price,0
R13292,H02796,B06,,2026-03-31,4,0,portion size,,1
R13293,H02797,B12,,2026-03-31,2,0,,price,0
R13294,H02810,B06,,2026-03-31,4,1,saltiness,,1
R13295,H03218,B03,,2026-03-31,3,0,,refreshing,0
R13296,H03574,B14,,2026-03-31,4,1,price,,0
R13297,H03628,B06,,2026-03-31,3,0,,seasoning,0
R13298,H03638,B10,,2026-03-31,5,1,taste,,1
R13299,H03690,B03,,2026-03-31,4,1,price,,1
R13300,H03785,B02,,2026-03-31,5,0,fizz,,1
R13301,H03850,B19,,2026-03-31,4,1,taste,,1
R13302,H00204,B04,,2026-04-01,2,0,,price,0
R13303,H00422,B03,,2026-04-01,4,1,fizz,,0
R13304,H00466,B08,,2026-04-01,5,1,packaging,,1
R13305,H00591,B07,,2026-04-01,4,1,packaging,,0
R13306,H00617,B02,,2026-04-01,4,1,refreshing,aftertaste,0
R13307,H00747,B19,,2026-04-01,3,0,price,,0
R13308,H00803,B12,,2026-04-01,3,1,packaging,,0
R13309,H01028,B13,,2026-04-01,5,0,texture,heat,1
R13310,H01049,B05,,2026-04-01,2,0,,price,0
R13311,H01247,B10,,2026-04-01,5,1,taste,,1
R13312,H01250,B03,,2026-04-01,5,1,fizz,aftertaste,1
R13313,H01460,B12,,2026-04-01,3,1,,ingredients,1
R13314,H01766,B09,,2026-04-01,4,1,texture,,1
R13315,H01803,B08,,2026-04-01,5,1,packaging,,1
R13316,H02230,B14,,2026-04-01,5,1,versatility,,0
R13317,H02233,B04,,2026-04-01,2,0,,refreshing,0
R13318,H02267,B10,,2026-04-01,3,0,,taste,0
R13319,H02382,B01,,2026-04-01,5,1,fizz,can design,1
R13320,H02845,B12,,2026-04-01,2,0,,ingredients,0
R13321,H03055,B05,,2026-04-01,4,0,packaging,portion size,1
R13322,H03173,B14,,2026-04-01,3,1,,texture,0
R13323,H03306,B06,,2026-04-01,4,0,price,,1
R13324,H03336,B17,,2026-04-01,4,1,energy boost,,1
R13325,H03353,B05,,2026-04-01,3,1,,crunch,0
R13326,H03418,B01,,2026-04-01,5,1,sweetness,,1
R13327,H03437,B02,,2026-04-01,3,1,,aftertaste,1
R13328,H03444,B16,,2026-04-01,4,1,flavour depth,heat,0
R13329,H03565,B18,,2026-04-01,2,0,,price,0
R13330,H03667,B18,,2026-04-01,3,1,portability,,1
R13331,H03829,B18,,2026-04-01,3,1,texture,,0
R13332,H00002,B03,,2026-04-02,3,1,,fizz,0
R13333,H00081,B02,,2026-04-02,4,1,aftertaste,,1
R13334,H00160,B07,,2026-04-02,5,1,saltiness,,1
R13335,H00216,B19,,2026-04-02,3,0,,energy boost,0
R13336,H00308,B16,,2026-04-02,3,1,,versatility,0
R13337,H00912,B01,,2026-04-02,3,0,price,,0
R13338,H01212,B16,,2026-04-02,4,1,texture,jar size,1
R13339,H01256,B15,,2026-04-02,3,0,price,,1
R13340,H01313,B15,,2026-04-02,5,1,jar size,,1
R13341,H01366,B06,,2026-04-02,5,1,price,,1
R13342,H01502,B05,,2026-04-02,3,1,saltiness,,0
R13343,H01960,B19,,2026-04-02,4,1,texture,,1
R13344,H02710,B06,,2026-04-02,5,1,price,saltiness,1
R13345,H03152,B09,,2026-04-02,3,1,price,,0
R13346,H03209,B15,,2026-04-02,1,0,,versatility,0
R13347,H03335,B08,,2026-04-02,2,0,,portion size,1
R13348,H03461,B20,,2026-04-02,5,0,energy boost,taste,1
R13349,H03599,B01,,2026-04-02,4,1,sweetness,,1
R13350,H03611,B14,,2026-04-02,5,1,heat,jar size,1
R13351,H03749,B05,,2026-04-02,3,0,,crunch,1
R13352,H03888,B12,,2026-04-02,5,1,packaging,,1
R13353,H00166,B17,,2026-04-03,3,1,texture,,0
R13354,H00273,B12,,2026-04-03,4,1,ingredients,,1
R13355,H00310,B13,,2026-04-03,3,1,,jar size,1
R13356,H00439,B14,,2026-04-03,5,1,heat,,1
R13357,H00471,B02,,2026-04-03,3,1,,sweetness,1
R13358,H00528,B16,,2026-04-03,4,1,price,,0
R13359,H00860,B02,,2026-04-03,3,1,aftertaste,,0
R13360,H00955,B02,,2026-04-03,3,0,fizz,,0
R13361,H01300,B15,,2026-04-03,4,1,price,,1
R13362,H01387,B02,,2026-04-03,5,1,sweetness,,1
R13363,H01569,B19,,2026-04-03,4,0,taste,,1
R13364,H01796,B02,,2026-04-03,3,0,,refreshing,1
R13365,H01877,B17,,2026-04-03,5,1,taste,,1
R13366,H02063,B02,,2026-04-03,5,1,taste,,1
R13367,H02277,B11,,2026-04-03,3,0,taste,,0
R13368,H02481,B15,,2026-04-03,5,1,heat,,1
R13369,H02524,B03,,2026-04-03,4,1,taste,aftertaste,0
R13370,H02766,B15,,2026-04-03,3,1,texture,,1
R13371,H02839,B06,,2026-04-03,5,1,price,,1
R13372,H03221,B18,,2026-04-03,4,1,texture,,0
R13373,H03231,B06,,2026-04-03,5,0,saltiness,,1
R13374,H03376,B20,,2026-04-03,4,0,price,,0
R13375,H03400,B11,,2026-04-03,5,1,packaging,,1
R13376,H03456,B17,,2026-04-03,4,0,texture,portability,1
R13377,H03554,B12,,2026-04-03,1,0,,texture,0
R13378,H03744,B03,,2026-04-03,5,1,sweetness,,1
R13379,H03758,B17,,2026-04-03,4,1,texture,,1
R13380,H00276,B20,,2026-04-04,3,0,portability,,0
R13381,H00385,B08,,2026-04-04,4,1,saltiness,,1
R13382,H00550,B03,,2026-04-04,5,1,refreshing,,1
R13383,H00972,B13,,2026-04-04,4,0,versatility,,1
R13384,H01148,B11,,2026-04-04,5,1,packaging,,1
R13385,H01341,B19,,2026-04-04,4,1,price,,1
R13386,H01342,B06,,2026-04-04,5,1,seasoning,,1
R13387,H01640,B09,,2026-04-04,5,0,texture,,1
R13388,H01762,B19,,2026-04-04,5,1,portability,,1
R13389,H01815,B14,,2026-04-04,4,1,jar size,,0
R13390,H01932,B07,,2026-04-04,5,1,saltiness,,1
R13391,H01951,B10,,2026-04-04,4,1,packaging,ingredients,0
R13392,H01969,B18,,2026-04-04,5,1,portability,price,1
R13393,H02025,B03,,2026-04-04,3,0,,sweetness,1
R13394,H02408,B06,,2026-04-04,5,1,crunch,,0
R13395,H02504,B18,,2026-04-04,2,0,taste,texture,0
R13396,H02574,B13,,2026-04-04,4,1,heat,versatility,1
R13397,H02676,B04,,2026-04-04,5,1,refreshing,,1
R13398,H02794,B07,,2026-04-04,3,1,,packaging,0
R13399,H02923,B04,,2026-04-04,2,0,,refreshing,0
R13400,H02967,B15,,2026-04-04,2,0,,texture,0
R13401,H02972,B03,,2026-04-04,5,1,taste,,1
R13402,H03025,B10,,2026-04-04,5,1,sweetness,,0
R13403,H03146,B20,,2026-04-04,4,1,texture,,1
R13404,H03195,B03,,2026-04-04,4,1,refreshing,,1
R13405,H03350,B14,,2026-04-04,2,0,,jar size,0
R13406,H03375,B19,,2026-04-04,3,1,,texture,1
R13407,H03568,B09,,2026-04-04,3,0,texture,,0
R13408,H00211,B07,,2026-04-05,4,1,seasoning,,1
R13409,H00214,B11,,2026-04-05,4,1,packaging,,1
R13410,H00377,B19,,2026-04-05,4,1,energy boost,,0
R13411,H00388,B01,,2026-04-05,4,1,refreshing,,1
R13412,H00483,B01,,2026-04-05,4,1,aftertaste,,1
R13413,H00680,B02,,2026-04-05,3,0,price,,0
R13414,H00921,B12,,2026-04-05,4,1,price,sweetness,0
R13415,H01032,B17,,2026-04-05,5,1,portability,,1
R13416,H01266,B20,,2026-04-05,4,1,ingredients,,1
R13417,H01547,B03,,2026-04-05,5,1,price,,1
R13418,H01615,B15,,2026-04-05,3,0,versatility,,1
R13419,H01837,B05,,2026-04-05,4,0,packaging,saltiness,1
R13420,H02046,B18,,2026-04-05,3,0,,texture,0
R13421,H02114,B02,,2026-04-05,5,1,can design,,1
R13422,H02162,B16,,2026-04-05,2,0,,jar size,0
R13423,H02262,B02,,2026-04-05,4,0,refreshing,,0
R13424,H02274,B03,,2026-04-05,2,1,,sweetness,0
R13425,H02304,B04,,2026-04-05,3,0,taste,,1
R13426,H02496,B07,,2026-04-05,5,1,seasoning,saltiness,0
R13427,H02522,B16,,2026-04-05,3,1,,heat,0
R13428,H02586,B11,,2026-04-05,5,1,price,,1
R13429,H02688,B10,,2026-04-05,5,1,taste,,1
R13430,H02728,B19,,2026-04-05,4,0,price,,1
R13431,H02875,B05,,2026-04-05,4,1,crunch,,0
R13432,H02932,B19,,2026-04-05,5,1,price,texture,1
R13433,H03589,B20,,2026-04-05,5,1,portability,,1
R13434,H03696,B17,,2026-04-05,5,1,texture,,1
R13435,H00310,B08,,2026-04-06,4,1,crunch,,1
R13436,H00515,B07,,2026-04-06,3,0,,seasoning,0
R13437,H00833,B04,,2026-04-06,3,1,sweetness,,1
R13438,H00872,B05,,2026-04-06,5,1,packaging,price,1
R13439,H00976,B05,,2026-04-06,3,0,saltiness,,1
R13440,H01300,B06,,2026-04-06,4,1,saltiness,,0
R13441,H01455,B06,,2026-04-06,5,1,saltiness,seasoning,1
R13442,H01556,B10,,2026-04-06,4,0,price,packaging,1
R13443,H01641,B11,,2026-04-06,4,1,sweetness,,1
R13444,H01994,B20,,2026-04-06,3,1,taste,,1
R13445,H02334,B16,,2026-04-06,2,1,,heat,0
R13446,H02482,B06,,2026-04-06,5,0,packaging,,1
R13447,H02503,B20,,2026-04-06,1,0,,portability,0
R13448,H03067,B04,,2026-04-06,5,1,taste,,1
R13449,H03327,B19,,2026-04-06,5,1,price,taste,1
R13450,H03750,B20,,2026-04-06,4,0,portability,,0
R13451,H03902,B10,,2026-04-06,3,0,packaging,,0
R13452,H00752,B18,,2026-04-07,3,0,,texture,1
R13453,H00973,B15,,2026-04-07,2,0,price,texture,0
R13454,H01383,B05,,2026-04-07,3,0,,seasoning,1
R13455,H01520,B04,,2026-04-07,4,1,can design,,1
R13456,H01725,B06,,2026-04-07,5,0,seasoning,,1
R13457,H01763,B20,,2026-04-07,5,1,portability,,1
R13458,H02224,B19,,2026-04-07,3,0,,ingredients,1
R13459,H02284,B10,,2026-04-07,3,1,,price,0
R13460,H02304,B07,,2026-04-07,2,0,saltiness,portion size,1
R13461,H02321,B14,,2026-04-07,3,0,price,,0
R13462,H02577,B02,,2026-04-07,5,0,taste,fizz,1
R13463,H02655,B02,,2026-04-07,4,1,can design,,1
R13464,H03242,B05,,2026-04-07,4,1,saltiness,,1
R13465,H03270,B19,,2026-04-07,3,0,,ingredients,0
R13466,H03330,B16,,2026-04-07,3,1,,heat,0
R13467,H03387,B10,,2026-04-07,5,1,packaging,,1
R13468,H03674,B20,,2026-04-07,3,0,,taste,0
R13469,H03760,B17,,2026-04-07,4,0,taste,,1
R13470,H00159,B17,,2026-04-08,4,1,taste,,1
R13471,H00427,B04,,2026-04-08,2,0,,fizz,0
R13472,H00503,B08,,2026-04-08,3,0,,portion size,0
R13473,H00753,B15,,2026-04-08,3,0,,flavour depth,0
R13474,H00885,B05,,2026-04-08,5,1,seasoning,,1
R13475,H01189,B14,,2026-04-08,3,1,price,,0
R13476,H01293,B19,,2026-04-08,4,1,ingredients,,1
R13477,H01801,B04,,2026-04-08,3,1,,aftertaste,1
R13478,H01871,B18,,2026-04-08,5,1,portability,,1
R13479,H01949,B20,,2026-04-08,5,1,texture,portability,1
R13480,H01950,B18,,2026-04-08,5,1,taste,price,1
R13481,H01993,B14,,2026-04-08,3,0,texture,,0
R13482,H02075,B14,,2026-04-08,1,0,,price,0
R13483,H02088,B03,,2026-04-08,5,1,can design,,1
R13484,H02359,B14,,2026-04-08,3,0,,flavour depth,0
R13485,H02408,B11,,2026-04-08,5,1,packaging,,0
R13486,H02421,B09,,2026-04-08,5,1,packaging,,1
R13487,H02469,B16,,2026-04-08,3,1,,texture,0
R13488,H02513,B02,,2026-04-08,4,1,refreshing,,1
R13489,H02538,B08,,2026-04-08,5,1,saltiness,,1
R13490,H02548,B05,,2026-04-08,3,0,price,,0
R13491,H02582,B07,,2026-04-08,4,1,crunch,,1
R13492,H02847,B15,,2026-04-08,3,0,,heat,0
R13493,H02878,B08,,2026-04-08,5,1,saltiness,,1
R13494,H02893,B03,,2026-04-08,3,1,can design,,0
R13495,H03246,B03,,2026-04-08,2,0,,sweetness,0
R13496,H03349,B02,,2026-04-08,5,1,fizz,,1
R13497,H03385,B07,,2026-04-08,4,1,saltiness,,1
R13498,H03391,B14,,2026-04-08,4,1,jar size,,1
R13499,H03415,B01,,2026-04-08,5,1,sweetness,,1
R13500,H03569,B12,,2026-04-08,3,0,,packaging,0
R13501,H03787,B03,,2026-04-08,5,1,aftertaste,,1
R13502,H03816,B02,,2026-04-08,5,1,can design,,1
R13503,H00129,B09,,2026-04-09,4,0,taste,sweetness,1
R13504,H00189,B08,,2026-04-09,5,1,price,,1
R13505,H00237,B06,,2026-04-09,4,1,crunch,,1
R13506,H00610,B08,,2026-04-09,5,1,saltiness,,1
R13507,H00834,B07,,2026-04-09,2,0,,packaging,0
R13508,H00948,B02,,2026-04-09,4,1,price,,0
R13509,H00977,B18,,2026-04-09,3,0,,energy boost,0
R13510,H01229,B15,,2026-04-09,2,0,,heat,0
R13511,H01306,B03,,2026-04-09,3,1,refreshing,,0
R13512,H01572,B14,,2026-04-09,1,0,texture,versatility,0
R13513,H02040,B09,,2026-04-09,4,1,price,,1
R13514,H02049,B18,,2026-04-09,4,0,ingredients,price,1
R13515,H02075,B17,,2026-04-09,5,1,ingredients,,1
R13516,H02119,B20,,2026-04-09,4,1,energy boost,,0
R13517,H02135,B07,,2026-04-09,3,0,portion size,,1
R13518,H02202,B10,,2026-04-09,5,1,texture,,1
R13519,H02432,B02,,2026-04-09,5,1,aftertaste,,1
R13520,H02524,B14,,2026-04-09,5,1,flavour depth,heat,1
R13521,H02547,B09,,2026-04-09,5,1,taste,price,1
R13522,H02964,B02,,2026-04-09,4,1,aftertaste,can design,1
R13523,H03191,B13,,2026-04-09,4,0,texture,,1
R13524,H03482,B05,,2026-04-09,4,1,packaging,,1
R13525,H03491,B02,,2026-04-09,4,1,fizz,,1
R13526,H00389,B20,,2026-04-10,5,1,energy boost,,1
R13527,H00718,B04,,2026-04-10,2,0,,sweetness,0
R13528,H00910,B20,,2026-04-10,4,1,taste,ingredients,1
R13529,H01303,B07,,2026-04-10,4,1,saltiness,,1
R13530,H01543,B09,,2026-04-10,3,0,packaging,,0
R13531,H01788,B08,,2026-04-10,3,0,,packaging,0
R13532,H01901,B15,,2026-04-10,3,0,,versatility,0
R13533,H02405,B09,,2026-04-10,4,1,price,,1
R13534,H02424,B01,,2026-04-10,4,1,refreshing,,1
R13535,H02456,B03,,2026-04-10,4,1,refreshing,,1
R13536,H02457,B16,,2026-04-10,3,1,flavour depth,,0
R13537,H02557,B15,,2026-04-10,2,0,,flavour depth,0
R13538,H02623,B01,,2026-04-10,5,1,price,sweetness,1
R13539,H03118,B09,,2026-04-10,4,1,sweetness,,1
R13540,H03198,B13,,2026-04-10,2,1,,texture,0
R13541,H03364,B12,,2026-04-10,3,0,taste,,0
R13542,H03570,B05,,2026-04-10,4,1,packaging,,1
R13543,H03574,B04,,2026-04-10,2,1,,fizz,0
R13544,H03603,B05,,2026-04-10,3,0,saltiness,,1
R13545,H03735,B20,,2026-04-10,2,1,,ingredients,0
R13546,H03797,B08,,2026-04-10,5,1,portion size,,1
R13547,H00137,B08,,2026-04-11,4,1,portion size,,0
R13548,H00164,B16,,2026-04-11,4,0,price,,1
R13549,H00479,B20,,2026-04-11,1,0,,energy boost,0
R13550,H00491,B05,,2026-04-11,3,1,packaging,,1
R13551,H00562,B04,,2026-04-11,4,1,price,,1
R13552,H00611,B13,,2026-04-11,3,0,jar size,,0
R13553,H00746,B04,,2026-04-11,3,1,aftertaste,,0
R13554,H00940,B15,,2026-04-11,2,0,,jar size,1
R13555,H01372,B01,,2026-04-11,3,1,fizz,,1
R13556,H01477,B20,,2026-04-11,2,0,,texture,0
R13557,H01597,B16,,2026-04-11,3,1,flavour depth,,0
R13558,H02124,B12,,2026-04-11,3,1,,taste,0
R13559,H02137,B01,,2026-04-11,4,1,fizz,,0
R13560,H02185,B10,,2026-04-11,3,0,texture,,0
R13561,H02385,B19,,2026-04-11,4,1,energy boost,,1
R13562,H02720,B03,,2026-04-11,5,1,price,,1
R13563,H02982,B17,,2026-04-11,3,0,ingredients,,1
R13564,H03105,B17,,2026-04-11,5,1,energy boost,taste,1
R13565,H03324,B14,,2026-04-11,5,1,jar size,,1
R13566,H03898,B02,,2026-04-11,5,1,taste,,1
R13567,H03934,B13,P049,2026-04-11,4,1,flavour depth,,0
R13568,H03936,B11,P049,2026-04-11,5,1,ingredients,texture,0
R13569,H03949,B11,P049,2026-04-11,3,0,texture,,0
R13570,H00178,B20,,2026-04-12,5,0,texture,,1
R13571,H00231,B05,,2026-04-12,3,0,,crunch,1
R13572,H00255,B11,,2026-04-12,5,1,sweetness,,1
R13573,H00326,B05,,2026-04-12,4,1,portion size,,1
R13574,H00712,B18,,2026-04-12,3,0,,portability,0
R13575,H00937,B18,,2026-04-12,5,1,energy boost,,1
R13576,H01265,B14,,2026-04-12,4,1,price,,1
R13577,H01267,B03,,2026-04-12,3,0,refreshing,,1
R13578,H01300,B14,,2026-04-12,3,1,,price,1
R13579,H01310,B04,,2026-04-12,4,1,fizz,,1
R13580,H01544,B09,,2026-04-12,2,0,taste,packaging,0
R13581,H02148,B08,,2026-04-12,5,1,portion size,,0
R13582,H02212,B17,,2026-04-12,5,0,energy boost,,1
R13583,H02435,B17,,2026-04-12,5,1,texture,,1
R13584,H02469,B09,,2026-04-12,5,1,packaging,,1
R13585,H02627,B05,,2026-04-12,4,1,crunch,,1
R13586,H02652,B15,,2026-04-12,4,1,flavour depth,,1
R13587,H02765,B12,,2026-04-12,3,1,texture,,0
R13588,H02842,B19,,2026-04-12,4,1,ingredients,,1
R13589,H03634,B09,,2026-04-12,3,0,,taste,0
R13590,H03745,B08,,2026-04-12,4,1,packaging,,1
R13591,H03934,B11,P049,2026-04-12,4,0,taste,,1
R13592,H03939,B17,P049,2026-04-12,3,0,,price,1
R13593,H03942,B05,P049,2026-04-12,3,1,,crunch,0
R13594,H03946,B05,P049,2026-04-12,3,0,,portion size,0
R13595,H03948,B05,P049,2026-04-12,5,1,price,,1
R13596,H03950,B17,P049,2026-04-12,5,1,taste,,1
R13597,H00054,B12,,2026-04-13,4,0,ingredients,,0
R13598,H00105,B02,,2026-04-13,4,0,fizz,,0
R13599,H00322,B16,,2026-04-13,4,1,versatility,,1
R13600,H00901,B15,,2026-04-13,3,1,,texture,0
R13601,H01197,B04,,2026-04-13,4,0,refreshing,aftertaste,1
R13602,H01283,B20,,2026-04-13,4,1,energy boost,,1
R13603,H01636,B12,,2026-04-13,4,1,packaging,,1
R13604,H01720,B17,,2026-04-13,4,0,texture,,1
R13605,H01941,B16,,2026-04-13,4,1,versatility,texture,1
R13606,H02036,B08,,2026-04-13,4,0,portion size,crunch,1
R13607,H02061,B06,,2026-04-13,4,0,seasoning,,0
R13608,H02672,B04,,2026-04-13,5,1,fizz,,1
R13609,H02761,B18,,2026-04-13,4,1,price,,1
R13610,H02764,B06,,2026-04-13,5,1,seasoning,,1
R13611,H02845,B04,,2026-04-13,5,0,sweetness,,0
R13612,H02929,B18,,2026-04-13,4,1,price,,1
R13613,H03062,B09,,2026-04-13,1,0,,ingredients,0
R13614,H03358,B15,,2026-04-13,4,1,heat,,0
R13615,H03644,B08,,2026-04-13,4,1,seasoning,,1
R13616,H03800,B01,,2026-04-13,3,0,can design,,0
R13617,H03939,B01,P049,2026-04-13,4,1,can design,,1
R13618,H03945,B17,P049,2026-04-13,3,0,,portability,1
R13619,H03947,B05,P049,2026-04-13,4,1,seasoning,price,1
R13620,H03948,B03,,2026-04-13,3,1,aftertaste,,0
R13621,H03951,B01,P049,2026-04-13,3,0,,can design,1
R13622,H00019,B16,,2026-04-14,5,1,flavour depth,,1
R13623,H00042,B17,,2026-04-14,5,1,taste,,1
R13624,H00067,B05,,2026-04-14,3,1,,seasoning,1
R13625,H00093,B16,,2026-04-14,5,1,texture,,1
R13626,H00228,B17,,2026-04-14,3,0,,price,1
R13627,H00426,B12,,2026-04-14,4,0,packaging,,1
R13628,H00524,B16,,2026-04-14,5,1,price,,1
R13629,H00593,B15,,2026-04-14,3,0,,texture,1
R13630,H00650,B14,,2026-04-14,4,1,heat,,0
R13631,H00654,B03,,2026-04-14,5,1,sweetness,,1
R13632,H00849,B15,,2026-04-14,4,1,versatility,,1
R13633,H01289,B15,,2026-04-14,2,0,,flavour depth,0
R13634,H01368,B15,,2026-04-14,2,0,,flavour depth,0
R13635,H01478,B04,,2026-04-14,5,1,price,,1
R13636,H01552,B01,,2026-04-14,5,1,sweetness,,1
R13637,H01668,B19,,2026-04-14,4,0,ingredients,,0
R13638,H01908,B03,,2026-04-14,4,1,can design,,1
R13639,H02023,B05,,2026-04-14,4,1,portion size,,1
R13640,H02050,B19,,2026-04-14,4,1,taste,,1
R13641,H02075,B06,,2026-04-14,5,1,crunch,,1
R13642,H02442,B20,,2026-04-14,2,0,taste,price,0
R13643,H02576,B18,,2026-04-14,4,1,portability,,1
R13644,H02616,B14,,2026-04-14,4,1,price,,1
R13645,H02640,B17,,2026-04-14,5,1,texture,energy boost,1
R13646,H02729,B02,,2026-04-14,2,0,can design,taste,0
R13647,H03039,B06,,2026-04-14,5,1,price,seasoning,1
R13648,H03318,B02,,2026-04-14,3,0,,taste,0
R13649,H03550,B17,,2026-04-14,2,0,,price,0
R13650,H03589,B11,,2026-04-14,3,0,,price,0
R13651,H03630,B13,,2026-04-14,3,0,flavour depth,,1
R13652,H03749,B08,,2026-04-14,2,0,price,packaging,0
R13653,H03933,B13,P049,2026-04-14,4,1,texture,,0
R13654,H03943,B11,P049,2026-04-14,5,1,texture,,0
R13655,H03950,B01,P049,2026-04-14,4,1,fizz,,1
R13656,H03951,B11,P049,2026-04-14,3,0,,texture,0
R13657,H00235,B20,,2026-04-15,5,1,taste,,1
R13658,H00328,B11,,2026-04-15,3,0,,taste,1
R13659,H00758,B06,,2026-04-15,5,1,price,,1
R13660,H00796,B02,,2026-04-15,5,1,price,sweetness,1
R13661,H01109,B16,,2026-04-15,4,1,price,texture,1
R13662,H01415,B13,,2026-04-15,4,1,flavour depth,,1
R13663,H01728,B17,,2026-04-15,5,1,price,,1
R13664,H02077,B09,,2026-04-15,3,0,packaging,,0
R13665,H02619,B06,,2026-04-15,3,1,crunch,,0
R13666,H02621,B09,,2026-04-15,5,1,price,packaging,1
R13667,H02819,B08,,2026-04-15,3,1,seasoning,,1
R13668,H02925,B07,,2026-04-15,4,1,saltiness,portion size,1
R13669,H03100,B12,,2026-04-15,4,1,packaging,sweetness,1
R13670,H03126,B11,,2026-04-15,4,1,ingredients,,1
R13671,H03325,B13,,2026-04-15,5,1,versatility,,0
R13672,H03419,B09,,2026-04-15,4,1,sweetness,,1
R13673,H03456,B13,,2026-04-15,4,1,versatility,flavour depth,1
R13674,H03612,B04,,2026-04-15,5,1,sweetness,,1
R13675,H03746,B12,,2026-04-15,3,0,,price,0
R13676,H03836,B17,,2026-04-15,5,0,taste,,1
R13677,H03859,B15,,2026-04-15,3,0,,versatility,0
R13678,H03929,B13,P049,2026-04-15,4,0,texture,,0
R13679,H03930,B11,P049,2026-04-15,5,1,sweetness,,0
R13680,H03933,B17,P049,2026-04-15,3,1,,energy boost,0
R13681,H03936,B05,P049,2026-04-15,4,1,crunch,,0
R13682,H03940,B05,P049,2026-04-15,2,0,crunch,seasoning,0
R13683,H03940,B11,P049,2026-04-15,4,1,texture,sweetness,0
R13684,H03941,B11,P049,2026-04-15,4,1,taste,,0
R13685,H03948,B11,P049,2026-04-15,5,1,sweetness,price,1
R13686,H00378,B07,,2026-04-16,4,1,saltiness,,0
R13687,H00392,B06,,2026-04-16,4,0,saltiness,,1
R13688,H00453,B16,,2026-04-16,4,1,jar size,,1
R13689,H00895,B04,,2026-04-16,4,1,taste,,1
R13690,H00923,B20,,2026-04-16,4,1,energy boost,,1
R13691,H00982,B10,,2026-04-16,5,1,ingredients,sweetness,1
R13692,H01039,B19,,2026-04-16,4,1,energy boost,,1
R13693,H01172,B13,,2026-04-16,4,1,heat,,1
R13694,H01349,B09,,2026-04-16,3,1,sweetness,,0
R13695,H01584,B03,,2026-04-16,4,1,taste,,1
R13696,H01729,B09,,2026-04-16,4,1,ingredients,,1
R13697,H01871,B08,,2026-04-16,4,0,seasoning,,1
R13698,H02000,B07,,2026-04-16,3,0,crunch,,0
R13699,H02711,B12,,2026-04-16,3,0,packaging,,0
R13700,H02775,B08,,2026-04-16,5,1,seasoning,,1
R13701,H03355,B01,,2026-04-16,5,1,sweetness,fizz,1
R13702,H03396,B04,,2026-04-16,4,1,can design,,1
R13703,H03516,B11,,2026-04-16,5,1,price,,1
R13704,H03650,B13,,2026-04-16,4,1,price,,1
R13705,H03929,B05,P049,2026-04-16,4,0,seasoning,,1
R13706,H03935,B09,,2026-04-16,5,1,sweetness,,1
R13707,H03937,B11,P049,2026-04-16,5,1,sweetness,,0
R13708,H03938,B01,P049,2026-04-16,4,1,aftertaste,can design,1
R13709,H03945,B05,P049,2026-04-16,4,1,crunch,price,0
R13710,H00106,B08,,2026-04-17,4,1,packaging,,0
R13711,H00403,B04,,2026-04-17,4,1,price,,1
R13712,H01063,B05,,2026-04-17,4,0,portion size,,1
R13713,H01071,B13,,2026-04-17,5,1,flavour depth,,1
R13714,H01239,B15,,2026-04-17,4,1,versatility,,0
R13715,H01471,B10,,2026-04-17,2,0,,texture,0
R13716,H01662,B06,,2026-04-17,5,1,packaging,,1
R13717,H01945,B08,,2026-04-17,5,1,crunch,,1
R13718,H01950,B12,,2026-04-17,4,1,price,,0
R13719,H02125,B16,,2026-04-17,3,0,flavour depth,,1
R13720,H02140,B15,,2026-04-17,2,0,,price,0
R13721,H02182,B17,,2026-04-17,4,1,portability,taste,1
R13722,H02533,B03,,2026-04-17,3,0,,sweetness,0
R13723,H02587,B05,,2026-04-17,4,1,price,,0
R13724,H02699,B12,,2026-04-17,4,0,sweetness,,1
R13725,H02735,B04,,2026-04-17,4,1,price,,0
R13726,H02909,B04,,2026-04-17,3,0,,fizz,1
R13727,H03057,B20,,2026-04-17,4,1,energy boost,,1
R13728,H03183,B20,,2026-04-17,5,1,taste,,0
R13729,H03206,B10,,2026-04-17,4,1,packaging,,0
R13730,H03554,B04,,2026-04-17,5,1,sweetness,,0
R13731,H03598,B11,,2026-04-17,4,1,ingredients,,1
R13732,H03874,B02,,2026-04-17,3,0,,fizz,1
R13733,H03931,B17,P049,2026-04-17,3,0,price,,0
R13734,H03932,B13,P049,2026-04-17,4,1,price,flavour depth,1
R13735,H03935,B01,P049,2026-04-17,5,1,taste,,1
R13736,H03935,B05,P049,2026-04-17,3,0,,price,1
R13737,H03937,B13,P049,2026-04-17,5,1,flavour depth,,1
R13738,H03942,B17,P049,2026-04-17,4,1,portability,,0
R13739,H03945,B13,P049,2026-04-17,4,1,versatility,,0
R13740,H00133,B09,,2026-04-18,5,1,packaging,,1
R13741,H00342,B20,,2026-04-18,4,0,texture,,0
R13742,H00575,B10,,2026-04-18,4,1,texture,,1
R13743,H00853,B19,,2026-04-18,3,1,price,,0
R13744,H00935,B14,,2026-04-18,3,0,jar size,,0
R13745,H01151,B09,,2026-04-18,3,0,ingredients,,0
R13746,H01186,B18,,2026-04-18,4,1,portability,,1
R13747,H01342,B10,,2026-04-18,5,1,sweetness,ingredients,1
R13748,H01463,B02,,2026-04-18,3,0,fizz,,0
R13749,H01496,B20,,2026-04-18,2,0,,energy boost,0
R13750,H01514,B20,,2026-04-18,4,1,portability,,0
R13751,H01570,B01,,2026-04-18,4,1,refreshing,,0
R13752,H01706,B05,,2026-04-18,4,1,portion size,seasoning,1
R13753,H01751,B03,,2026-04-18,5,1,taste,,1
R13754,H01838,B16,,2026-04-18,5,1,texture,,1
R13755,H01863,B08,,2026-04-18,5,1,portion size,,1
R13756,H01892,B05,,2026-04-18,4,1,crunch,,1
R13757,H01919,B14,,2026-04-18,4,1,jar size,,1
R13758,H02206,B08,,2026-04-18,4,1,seasoning,,1
R13759,H02437,B04,,2026-04-18,4,1,refreshing,,1
R13760,H02581,B11,,2026-04-18,4,0,price,,1
R13761,H02851,B04,,2026-04-18,4,1,aftertaste,,1
R13762,H03261,B18,,2026-04-18,4,1,portability,,0
R13763,H03510,B13,,2026-04-18,3,0,versatility,,0
R13764,H03731,B17,,2026-04-18,5,1,texture,,1
R13765,H03748,B14,,2026-04-18,2,0,,heat,0
R13766,H03775,B04,,2026-04-18,3,1,,taste,0
R13767,H03834,B11,,2026-04-18,4,0,sweetness,,1
R13768,H03877,B15,,2026-04-18,4,1,price,,1
R13769,H03929,B01,P049,2026-04-18,5,1,can design,sweetness,1
R13770,H03942,B01,P049,2026-04-18,3,0,aftertaste,,1
R13771,H03952,B01,P049,2026-04-18,4,1,aftertaste,,1
R13772,H00088,B16,,2026-04-19,5,1,heat,price,1
R13773,H00143,B07,,2026-04-19,2,0,,portion size,0
R13774,H01097,B02,,2026-04-19,4,1,refreshing,aftertaste,1
R13775,H01304,B15,,2026-04-19,4,1,flavour depth,,0
R13776,H01313,B20,,2026-04-19,2,0,,ingredients,0
R13777,H01315,B10,,2026-04-19,3,0,,sweetness,1
R13778,H01547,B16,,2026-04-19,3,0,,heat,1
R13779,H01756,B06,,2026-04-19,4,1,crunch,seasoning,1
R13780,H02371,B11,,2026-04-19,5,1,packaging,,1
R13781,H02389,B10,,2026-04-19,3,0,texture,,1
R13782,H02574,B04,,2026-04-19,4,1,fizz,taste,1
R13783,H02609,B08,,2026-04-19,2,0,,portion size,0
R13784,H02736,B19,,2026-04-19,5,1,energy boost,ingredients,1
R13785,H02762,B16,,2026-04-19,4,1,versatility,,1
R13786,H02814,B10,,2026-04-19,4,0,sweetness,,0
R13787,H02975,B06,,2026-04-19,5,1,saltiness,,1
R13788,H03219,B09,,2026-04-19,5,1,sweetness,,1
R13789,H03314,B02,,2026-04-19,5,1,sweetness,,1
R13790,H03411,B08,,2026-04-19,3,0,seasoning,,0
R13791,H03416,B17,,2026-04-19,3,0,,texture,1
R13792,H03495,B13,,2026-04-19,3,1,,price,0
R13793,H03789,B01,,2026-04-19,4,1,aftertaste,,1
R13794,H03882,B06,,2026-04-19,4,1,seasoning,,1
R13795,H03968,B09,,2026-04-19,3,1,packaging,,1
R13796,H00025,B10,,2026-04-20,4,1,packaging,ingredients,0
R13797,H00223,B12,,2026-04-20,4,0,price,ingredients,1
R13798,H00267,B19,,2026-04-20,5,1,texture,,1
R13799,H00384,B15,,2026-04-20,5,1,texture,price,1
R13800,H00459,B13,,2026-04-20,3,0,versatility,,1
R13801,H00581,B03,,2026-04-20,3,0,,price,1
R13802,H00691,B10,,2026-04-20,4,0,taste,,0
R13803,H00780,B18,,2026-04-20,3,0,taste,,0
R13804,H00787,B01,,2026-04-20,4,1,taste,,1
R13805,H01003,B14,,2026-04-20,4,1,flavour depth,,0
R13806,H01383,B01,,2026-04-20,5,1,refreshing,,1
R13807,H01406,B15,,2026-04-20,4,1,jar size,,0
R13808,H01541,B02,,2026-04-20,5,1,price,,1
R13809,H01543,B05,,2026-04-20,5,1,crunch,,1
R13810,H01569,B11,,2026-04-20,4,1,price,,0
R13811,H01733,B20,,2026-04-20,4,0,energy boost,,1
R13812,H01792,B16,,2026-04-20,5,0,versatility,,1
R13813,H02017,B10,,2026-04-20,4,0,ingredients,,1
R13814,H02083,B06,,2026-04-20,5,1,crunch,,1
R13815,H02347,B07,,2026-04-20,2,0,price,packaging,0
R13816,H02503,B06,,2026-04-20,4,1,packaging,,0
R13817,H02553,B18,,2026-04-20,4,1,texture,taste,1
R13818,H02595,B14,,2026-04-20,3,0,,flavour depth,0
R13819,H02867,B13,,2026-04-20,4,0,texture,,1
R13820,H02963,B08,,2026-04-20,4,0,packaging,,0
R13821,H03023,B02,,2026-04-20,5,1,can design,,0
R13822,H03214,B18,,2026-04-20,3,1,taste,,0
R13823,H03385,B09,,2026-04-20,5,1,sweetness,,1
R13824,H03421,B17,,2026-04-20,3,0,ingredients,,1
R13825,H03454,B15,,2026-04-20,3,0,,jar size,0
R13826,H03512,B01,,2026-04-20,4,1,price,,1
R13827,H03643,B08,,2026-04-20,3,0,price,,0
R13828,H03672,B18,,2026-04-20,4,1,energy boost,,1
R13829,H03841,B07,,2026-04-20,5,1,portion size,,1
R13830,H03842,B04,,2026-04-20,4,1,fizz,,1
R13831,H00284,B13,,2026-04-21,3,0,flavour depth,,0
R13832,H00529,B14,,2026-04-21,5,1,flavour depth,heat,1
R13833,H00891,B03,,2026-04-21,2,0,,taste,0
R13834,H01072,B18,,2026-04-21,1,0,,portability,0
R13835,H01212,B03,,2026-04-21,4,1,fizz,,1
R13836,H01315,B15,,2026-04-21,4,1,jar size,,1
R13837,H01412,B04,,2026-04-21,5,1,taste,,1
R13838,H01898,B07,,2026-04-21,3,0,,crunch,0
R13839,H02511,B09,,2026-04-21,4,1,price,ingredients,1
R13840,H02598,B11,,2026-04-21,3,0,,sweetness,0
R13841,H02598,B13,,2026-04-21,2,0,jar size,heat,1
R13842,H02615,B20,,2026-04-21,5,1,taste,,1
R13843,H02783,B06,,2026-04-21,5,1,crunch,,1
R13844,H02805,B13,,2026-04-21,4,1,price,,0
R13845,H02889,B03,,2026-04-21,5,1,fizz,,1
R13846,H03067,B16,,2026-04-21,5,1,jar size,,1
R13847,H03115,B13,,2026-04-21,5,1,price,texture,1
R13848,H03118,B06,,2026-04-21,3,0,crunch,,0
R13849,H03346,B04,,2026-04-21,3,1,taste,,1
R13850,H03656,B10,,2026-04-21,3,0,,ingredients,0
R13851,H03658,B11,,2026-04-21,5,1,sweetness,,0
R13852,H03720,B20,,2026-04-21,4,1,texture,,0
R13853,H00017,B09,,2026-04-22,4,1,price,,1
R13854,H00184,B15,,2026-04-22,3,0,,price,0
R13855,H00303,B16,,2026-04-22,1,0,,texture,0
R13856,H00447,B15,,2026-04-22,1,0,,jar size,0
R13857,H00523,B19,,2026-04-22,5,1,energy boost,,1
R13858,H00694,B06,,2026-04-22,4,1,saltiness,,0
R13859,H00797,B17,,2026-04-22,3,1,,price,1
R13860,H01050,B16,,2026-04-22,5,1,texture,heat,1
R13861,H01099,B07,,2026-04-22,3,0,packaging,,0
R13862,H01380,B18,,2026-04-22,5,1,taste,,1
R13863,H01769,B11,,2026-04-22,4,1,texture,,1
R13864,H01823,B19,,2026-04-22,4,0,taste,price,1
R13865,H02224,B03,,2026-04-22,3,0,,price,1
R13866,H02302,B14,,2026-04-22,2,0,,jar size,0
R13867,H02408,B03,,2026-04-22,2,0,,fizz,0
R13868,H02741,B11,,2026-04-22,4,1,packaging,,1
R13869,H02755,B14,,2026-04-22,3,0,jar size,,0
R13870,H02834,B08,,2026-04-22,4,1,packaging,,1
R13871,H02848,B16,,2026-04-22,3,0,,versatility,0
R13872,H03582,B04,,2026-04-22,3,0,fizz,,1
R13873,H03626,B03,,2026-04-22,4,0,refreshing,taste,1
R13874,H03647,B14,,2026-04-22,4,1,texture,,0
R13875,H03737,B10,,2026-04-22,5,1,price,,1
R13876,H03839,B05,,2026-04-22,4,1,portion size,price,1
R13877,H03882,B16,,2026-04-22,5,1,jar size,,1
R13878,H03974,B02,P050,2026-04-22,3,0,,sweetness,0
R13879,H03975,B06,P050,2026-04-22,4,1,seasoning,packaging,0
R13880,H03977,B09,P050,2026-04-22,4,0,price,,1
R13881,H03977,B16,P050,2026-04-22,5,1,jar size,,1
R13882,H03990,B06,P050,2026-04-22,4,1,packaging,,1
R13883,H03991,B02,P050,2026-04-22,4,1,aftertaste,,0
R13884,H03995,B02,P050,2026-04-22,4,0,sweetness,aftertaste,0
R13885,H03998,B16,P050,2026-04-22,4,1,flavour depth,,0
R13886,H04018,B09,P050,2026-04-22,4,1,sweetness,price,0
R13887,H04018,B16,P050,2026-04-22,5,1,heat,texture,0
R13888,H04019,B09,P050,2026-04-22,4,1,ingredients,,1
R13889,H04020,B06,P050,2026-04-22,3,0,price,,1
R13890,H04028,B06,P050,2026-04-22,5,1,saltiness,,1
R13891,H04031,B16,P050,2026-04-22,3,1,heat,,1
R13892,H04036,B02,P050,2026-04-22,3,0,,taste,1
R13893,H04039,B09,P050,2026-04-22,3,1,,sweetness,1
R13894,H04041,B18,P050,2026-04-22,5,1,taste,,1
R13895,H04048,B09,P050,2026-04-22,5,1,packaging,,0
R13896,H04061,B18,P050,2026-04-22,4,0,texture,,1
R13897,H04065,B02,P050,2026-04-22,3,1,taste,,1
R13898,H04089,B09,P050,2026-04-22,4,1,taste,packaging,1
R13899,H04094,B16,P050,2026-04-22,4,0,jar size,,1
R13900,H04095,B06,P050,2026-04-22,5,1,saltiness,,1
R13901,H04095,B09,P050,2026-04-22,4,0,price,,1
R13902,H04097,B02,P050,2026-04-22,2,0,,can design,0
R13903,H04102,B02,P050,2026-04-22,3,0,price,,1
R13904,H04102,B18,P050,2026-04-22,5,1,energy boost,,0
R13905,H04110,B06,P050,2026-04-22,3,0,seasoning,,1
R13906,H04123,B18,P050,2026-04-22,4,0,price,,1
R13907,H00101,B06,,2026-04-23,4,1,saltiness,,1
R13908,H00111,B14,,2026-04-23,5,1,jar size,,1
R13909,H00478,B08,,2026-04-23,3,1,saltiness,,1
R13910,H00538,B09,,2026-04-23,3,0,texture,,0
R13911,H00592,B15,,2026-04-23,3,0,jar size,,0
R13912,H01085,B19,,2026-04-23,5,1,energy boost,,1
R13913,H01191,B05,,2026-04-23,5,1,crunch,seasoning,1
R13914,H01574,B18,,2026-04-23,4,1,texture,,1
R13915,H01593,B17,,2026-04-23,3,0,price,,1
R13916,H01740,B16,,2026-04-23,2,1,,versatility,0
R13917,H02020,B04,,2026-04-23,4,1,fizz,,1
R13918,H02052,B20,,2026-04-23,5,1,price,taste,1
R13919,H02054,B03,,2026-04-23,5,0,taste,can design,1
R13920,H02218,B08,,2026-04-23,5,1,price,,1
R13921,H02387,B14,,2026-04-23,2,0,,jar size,0
R13922,H02404,B14,,2026-04-23,4,1,versatility,,0
R13923,H02474,B17,,2026-04-23,4,1,price,,1
R13924,H02675,B14,,2026-04-23,2,0,,versatility,0
R13925,H02677,B17,,2026-04-23,2,0,,taste,0
R13926,H02773,B10,,2026-04-23,5,1,packaging,,1
R13927,H03034,B16,,2026-04-23,5,1,flavour depth,,1
R13928,H03087,B19,,2026-04-23,4,1,ingredients,,0
R13929,H03190,B18,,2026-04-23,5,1,price,,1
R13930,H03494,B11,,2026-04-23,3,1,,ingredients,0
R13931,H03516,B01,,2026-04-23,4,0,price,,1
R13932,H03559,B18,,2026-04-23,5,1,energy boost,,1
R13933,H03720,B14,,2026-04-23,4,1,jar size,,1
R13934,H03825,B04,,2026-04-23,3,1,,refreshing,0
R13935,H03888,B18,,2026-04-23,3,1,texture,,0
R13936,H03943,B15,,2026-04-23,3,0,,versatility,1
R13937,H03979,B16,P050,2026-04-23,5,1,flavour depth,heat,0
R13938,H03985,B16,P050,2026-04-23,3,1,,jar size,1
R13939,H03986,B09,P050,2026-04-23,5,1,taste,,0
R13940,H03988,B06,P050,2026-04-23,5,1,price,,0
R13941,H03991,B06,P050,2026-04-23,5,0,portion size,,1
R13942,H04000,B06,P050,2026-04-23,4,0,portion size,,1
R13943,H04002,B09,P050,2026-04-23,4,0,sweetness,,0
R13944,H04011,B18,P050,2026-04-23,4,0,portability,,1
R13945,H04017,B06,P050,2026-04-23,4,1,price,,1
R13946,H04017,B09,P050,2026-04-23,3,0,packaging,,0
R13947,H04025,B18,P050,2026-04-23,4,1,portability,,0
R13948,H04030,B09,P050,2026-04-23,5,1,price,taste,0
R13949,H04038,B16,P050,2026-04-23,2,0,,jar size,0
R13950,H04040,B18,P050,2026-04-23,4,1,texture,,1
R13951,H04043,B18,P050,2026-04-23,5,0,taste,,1
R13952,H04048,B02,P050,2026-04-23,3,1,,aftertaste,0
R13953,H04055,B16,P050,2026-04-23,4,1,jar size,,1
R13954,H04063,B06,P050,2026-04-23,5,1,price,,0
R13955,H04063,B16,P050,2026-04-23,5,1,versatility,,0
R13956,H04069,B02,P050,2026-04-23,4,1,refreshing,,0
R13957,H04070,B06,P050,2026-04-23,5,1,saltiness,,1
R13958,H04073,B18,P050,2026-04-23,5,1,ingredients,taste,1
R13959,H04074,B18,P050,2026-04-23,5,1,taste,,0
R13960,H04078,B09,P050,2026-04-23,4,1,packaging,,1
R13961,H04081,B09,P050,2026-04-23,4,1,ingredients,,1
R13962,H04082,B06,P050,2026-04-23,5,1,price,crunch,1
R13963,H04084,B06,P050,2026-04-23,5,1,price,packaging,1
R13964,H04086,B02,P050,2026-04-23,4,1,aftertaste,,1
R13965,H04086,B18,P050,2026-04-23,4,0,price,,0
R13966,H04091,B06,P050,2026-04-23,3,0,crunch,,1
R13967,H04093,B06,P050,2026-04-23,5,1,price,,1
R13968,H04100,B18,P050,2026-04-23,4,0,texture,,1
R13969,H04104,B16,P050,2026-04-23,4,0,texture,,1
R13970,H04106,B18,P050,2026-04-23,4,0,portability,,1
R13971,H04111,B16,P050,2026-04-23,4,1,versatility,,1
R13972,H04112,B18,P050,2026-04-23,5,1,texture,,1
R13973,H04113,B16,P050,2026-04-23,5,1,texture,,1
R13974,H04122,B07,,2026-04-23,4,1,price,,1
R13975,H04124,B09,P050,2026-04-23,5,1,ingredients,,0
R13976,H00132,B13,,2026-04-24,2,0,,price,0
R13977,H00353,B09,,2026-04-24,4,0,taste,,1
R13978,H00582,B06,,2026-04-24,5,1,saltiness,,1
R13979,H00702,B10,,2026-04-24,4,1,price,texture,1
R13980,H00733,B18,,2026-04-24,3,0,,ingredients,0
R13981,H00820,B20,,2026-04-24,4,1,price,,1
R13982,H01221,B09,,2026-04-24,4,0,ingredients,sweetness,0
R13983,H01246,B09,,2026-04-24,4,0,ingredients,,1
R13984,H01412,B07,,2026-04-24,5,1,packaging,,1
R13985,H01505,B02,,2026-04-24,5,1,taste,,1
R13986,H01578,B01,,2026-04-24,5,1,can design,,1
R13987,H01859,B08,,2026-04-24,3,0,,portion size,0
R13988,H02182,B02,,2026-04-24,5,1,price,,1
R13989,H02221,B12,,2026-04-24,4,1,sweetness,,1
R13990,H02448,B19,,2026-04-24,5,1,portability,,1
R13991,H02671,B10,,2026-04-24,3,0,,sweetness,0
R13992,H02743,B08,,2026-04-24,5,1,seasoning,,0
R13993,H02857,B02,,2026-04-24,3,1,can design,,0
R13994,H02971,B19,,2026-04-24,4,1,energy boost,ingredients,0
R13995,H03088,B06,,2026-04-24,4,1,seasoning,saltiness,1
R13996,H03345,B03,,2026-04-24,4,1,price,,1
R13997,H03615,B09,,2026-04-24,5,0,ingredients,,1
R13998,H03660,B12,,2026-04-24,3,0,,price,1
R13999,H03666,B07,,2026-04-24,3,0,packaging,,1
R14000,H03803,B09,,2026-04-24,4,0,taste,,0
R14001,H03845,B08,,2026-04-24,3,1,seasoning,,0
R14002,H03873,B16,,2026-04-24,4,0,price,,1
R14003,H03904,B07,,2026-04-24,4,1,price,portion size,0
R14004,H03909,B18,,2026-04-24,5,1,ingredients,,1
R14005,H03932,B07,,2026-04-24,5,1,packaging,,1
R14006,H03976,B18,P050,2026-04-24,4,1,energy boost,,0
R14007,H03985,B18,P050,2026-04-24,5,1,portability,,1
R14008,H03989,B16,P050,2026-04-24,5,0,versatility,texture,1
R14009,H03994,B06,P050,2026-04-24,5,1,saltiness,,1
R14010,H03995,B18,P050,2026-04-24,4,1,energy boost,,1
R14011,H03995,B15,,2026-04-24,2,0,flavour depth,texture,0
R14012,H03997,B16,P050,2026-04-24,5,1,texture,,1
R14013,H04006,B09,P050,2026-04-24,5,1,taste,ingredients,0
R14014,H04006,B18,P050,2026-04-24,5,1,ingredients,,1
R14015,H04007,B16,P050,2026-04-24,3,1,,price,0
R14016,H04015,B16,P050,2026-04-24,3,0,,jar size,1
R14017,H04018,B02,P050,2026-04-24,3,0,,can design,1
R14018,H04018,B18,P050,2026-04-24,5,1,texture,,1
R14019,H04027,B06,P050,2026-04-24,5,1,packaging,price,1
R14020,H04028,B18,P050,2026-04-24,4,1,portability,,1
R14021,H04030,B18,P050,2026-04-24,3,0,,ingredients,1
R14022,H04031,B06,P050,2026-04-24,4,0,seasoning,,1
R14023,H04035,B06,P050,2026-04-24,4,1,price,,1
R14024,H04038,B06,P050,2026-04-24,4,1,crunch,,0
R14025,H04041,B09,P050,2026-04-24,4,1,sweetness,texture,0
R14026,H04048,B16,P050,2026-04-24,3,0,flavour depth,,1
R14027,H04048,B18,P050,2026-04-24,4,0,portability,texture,1
R14028,H04050,B02,P050,2026-04-24,3,1,sweetness,,1
R14029,H04052,B02,P050,2026-04-24,3,0,,refreshing,0
R14030,H04053,B09,P050,2026-04-24,4,1,taste,,0
R14031,H04054,B02,P050,2026-04-24,2,0,,refreshing,0
R14032,H04055,B02,P050,2026-04-24,3,0,,can design,0
R14033,H04056,B02,P050,2026-04-24,2,0,,can design,0
R14034,H04059,B09,P050,2026-04-24,4,0,ingredients,packaging,0
R14035,H04067,B18,P050,2026-04-24,5,1,texture,,0
R14036,H04070,B18,P050,2026-04-24,4,1,price,,0
R14037,H04072,B18,P050,2026-04-24,5,1,ingredients,,1
R14038,H04074,B02,P050,2026-04-24,2,0,,refreshing,0
R14039,H04076,B09,P050,2026-04-24,5,1,ingredients,taste,0
R14040,H04079,B18,P050,2026-04-24,4,1,taste,,0
R14041,H04081,B16,P050,2026-04-24,4,1,texture,,0
R14042,H04082,B02,P050,2026-04-24,4,0,fizz,,1
R14043,H04084,B02,P050,2026-04-24,3,1,fizz,,1
R14044,H04087,B09,P050,2026-04-24,3,0,sweetness,,1
R14045,H04090,B06,P050,2026-04-24,5,1,seasoning,,1
R14046,H04093,B02,P050,2026-04-24,3,0,,fizz,1
R14047,H04095,B18,P050,2026-04-24,4,1,ingredients,,0
R14048,H04098,B06,P050,2026-04-24,5,1,price,,1
R14049,H04098,B09,P050,2026-04-24,4,1,texture,,0
R14050,H04098,B16,P050,2026-04-24,4,0,heat,,1
R14051,H04101,B02,P050,2026-04-24,4,0,refreshing,,0
R14052,H04101,B06,P050,2026-04-24,3,0,seasoning,,1
R14053,H04105,B16,P050,2026-04-24,4,1,price,heat,1
R14054,H04109,B06,P050,2026-04-24,5,1,packaging,,0
R14055,H04119,B16,P050,2026-04-24,2,0,,jar size,1
R14056,H04120,B02,P050,2026-04-24,4,0,fizz,can design,0
R14057,H04121,B09,P050,2026-04-24,3,0,,texture,0
R14058,H04124,B18,P050,2026-04-24,3,0,,texture,1
R14059,H00038,B07,,2026-04-25,5,1,price,,1
R14060,H00328,B06,,2026-04-25,5,1,packaging,,1
R14061,H00472,B10,,2026-04-25,4,0,packaging,,1
R14062,H00631,B04,,2026-04-25,5,1,taste,,1
R14063,H01241,B07,,2026-04-25,4,1,seasoning,,1
R14064,H01424,B14,,2026-04-25,3,1,price,,1
R14065,H01575,B20,,2026-04-25,4,1,taste,texture,1
R14066,H02202,B06,,2026-04-25,4,1,packaging,,1
R14067,H02232,B16,,2026-04-25,5,1,heat,,1
R14068,H02238,B01,,2026-04-25,2,0,,taste,0
R14069,H02304,B20,,2026-04-25,3,0,,ingredients,1
R14070,H02393,B16,,2026-04-25,2,0,,flavour depth,0
R14071,H02682,B17,,2026-04-25,5,1,portability,,1
R14072,H02867,B08,,2026-04-25,4,1,packaging,,1
R14073,H03067,B07,,2026-04-25,5,1,packaging,,1
R14074,H03069,B16,,2026-04-25,5,1,heat,jar size,1
R14075,H03091,B18,,2026-04-25,5,1,price,ingredients,1
R14076,H03136,B16,,2026-04-25,3,0,versatility,,1
R14077,H03340,B05,,2026-04-25,4,1,saltiness,packaging,1
R14078,H03522,B14,,2026-04-25,3,1,heat,,0
R14079,H03632,B04,,2026-04-25,5,1,aftertaste,,1
R14080,H03672,B05,,2026-04-25,4,1,packaging,,1
R14081,H03681,B13,,2026-04-25,3,0,,texture,0
R14082,H03790,B19,,2026-04-25,4,1,texture,,1
R14083,H03928,B03,,2026-04-25,5,1,aftertaste,price,1
R14084,H03974,B16,P050,2026-04-25,4,1,heat,price,1
R14085,H03978,B18,P050,2026-04-25,4,0,ingredients,taste,0
R14086,H03984,B16,P050,2026-04-25,4,0,flavour depth,,1
R14087,H03986,B02,P050,2026-04-25,3,1,,taste,0
R14088,H03987,B06,P050,2026-04-25,3,0,packaging,,1
R14089,H03994,B18,P050,2026-04-25,4,0,ingredients,price,1
R14090,H03996,B06,P050,2026-04-25,5,1,portion size,crunch,1
R14091,H03996,B18,P050,2026-04-25,4,1,portability,,1
R14092,H04002,B16,P050,2026-04-25,4,1,texture,,1
R14093,H04004,B18,P050,2026-04-25,5,1,portability,,1
R14094,H04010,B02,P050,2026-04-25,3,0,fizz,,0
R14095,H04010,B18,P050,2026-04-25,4,0,portability,,1
R14096,H04012,B02,P050,2026-04-25,3,0,,taste,0
R14097,H04020,B02,P050,2026-04-25,4,1,taste,,1
R14098,H04020,B09,P050,2026-04-25,2,0,,ingredients,1
R14099,H04020,B16,P050,2026-04-25,5,1,jar size,,1
R14100,H04030,B16,P050,2026-04-25,5,1,versatility,,1
R14101,H04035,B16,P050,2026-04-25,5,1,jar size,,1
R14102,H04037,B02,P050,2026-04-25,4,1,sweetness,,0
R14103,H04040,B06,P050,2026-04-25,5,1,crunch,,1
R14104,H04044,B16,P050,2026-04-25,5,1,price,,1
R14105,H04049,B09,P050,2026-04-25,3,0,taste,,1
R14106,H04055,B18,P050,2026-04-25,3,0,energy boost,,1
R14107,H04056,B16,P050,2026-04-25,4,0,texture,jar size,0
R14108,H04061,B06,P050,2026-04-25,4,0,crunch,,0
R14109,H04067,B06,P050,2026-04-25,5,1,packaging,,0
R14110,H04068,B16,P050,2026-04-25,5,1,flavour depth,,0
R14111,H04069,B16,P050,2026-04-25,4,0,flavour depth,,0
R14112,H04070,B09,P050,2026-04-25,5,1,price,,0
R14113,H04074,B06,P050,2026-04-25,4,1,portion size,packaging,0
R14114,H04074,B16,P050,2026-04-25,4,1,texture,,0
R14115,H04075,B09,P050,2026-04-25,3,1,,ingredients,1
R14116,H04076,B02,P050,2026-04-25,3,0,aftertaste,,0
R14117,H04081,B06,P050,2026-04-25,5,1,saltiness,price,0
R14118,H04089,B16,P050,2026-04-25,4,1,versatility,price,0
R14119,H04097,B09,P050,2026-04-25,5,1,texture,,0
R14120,H04099,B18,P050,2026-04-25,5,1,portability,,1
R14121,H04106,B02,P050,2026-04-25,2,0,,can design,0
R14122,H04109,B02,P050,2026-04-25,3,1,aftertaste,,0
R14123,H04124,B06,P050,2026-04-25,5,1,packaging,,1
R14124,H00101,B18,,2026-04-26,3,0,price,,1
R14125,H00141,B04,,2026-04-26,5,1,refreshing,,1
R14126,H00322,B20,,2026-04-26,3,0,portability,,1
R14127,H00666,B19,,2026-04-26,4,1,ingredients,,1
R14128,H00709,B04,,2026-04-26,5,1,taste,,1
R14129,H00711,B03,,2026-04-26,4,1,price,,1
R14130,H00839,B20,,2026-04-26,4,1,texture,,1
R14131,H01041,B16,,2026-04-26,4,1,heat,,1
R14132,H01058,B08,,2026-04-26,4,1,portion size,,0
R14133,H01196,B19,,2026-04-26,5,1,texture,,1
R14134,H01393,B18,,2026-04-26,5,1,ingredients,,1
R14135,H01539,B15,,2026-04-26,5,1,versatility,,1
R14136,H01572,B10,,2026-04-26,4,1,sweetness,packaging,1
R14137,H01623,B09,,2026-04-26,4,1,taste,,1
R14138,H01625,B15,,2026-04-26,3,1,jar size,,1
R14139,H01922,B16,,2026-04-26,5,1,price,,1
R14140,H02061,B18,,2026-04-26,3,0,energy boost,,0
R14141,H02065,B19,,2026-04-26,2,0,,ingredients,0
R14142,H02099,B13,,2026-04-26,1,0,heat,texture,0
R14143,H02179,B20,,2026-04-26,4,0,texture,,1
R14144,H02621,B12,,2026-04-26,3,1,,sweetness,0
R14145,H03336,B03,,2026-04-26,2,0,sweetness,can design,0
R14146,H03418,B17,,2026-04-26,2,0,price,texture,0
R14147,H03558,B01,,2026-04-26,4,1,sweetness,,1
R14148,H03593,B17,,2026-04-26,4,0,taste,,0
R14149,H03631,B11,,2026-04-26,4,1,packaging,,1
R14150,H03730,B11,,2026-04-26,5,0,price,,1
R14151,H03981,B06,P050,2026-04-26,5,1,crunch,price,1
R14152,H04005,B02,P050,2026-04-26,4,1,refreshing,,1
R14153,H04007,B18,P050,2026-04-26,5,1,ingredients,,0
R14154,H04025,B09,P050,2026-04-26,4,0,sweetness,,1
R14155,H04027,B09,P050,2026-04-26,4,0,ingredients,,0
R14156,H04028,B16,P050,2026-04-26,4,1,flavour depth,,1
R14157,H04029,B02,P050,2026-04-26,3,1,aftertaste,,0
R14158,H04031,B09,P050,2026-04-26,4,1,ingredients,,1
R14159,H04042,B09,P050,2026-04-26,3,0,,price,1
R14160,H04044,B09,P050,2026-04-26,5,0,texture,,0
R14161,H04047,B06,P050,2026-04-26,4,1,seasoning,,1
R14162,H04047,B09,P050,2026-04-26,2,1,price,ingredients,1
R14163,H04052,B16,P050,2026-04-26,5,1,heat,,1
R14164,H04053,B16,P050,2026-04-26,5,0,texture,,1
R14165,H04054,B10,,2026-04-26,5,1,taste,,1
R14166,H04068,B09,P050,2026-04-26,5,1,ingredients,,1
R14167,H04071,B16,P050,2026-04-26,5,1,price,,1
R14168,H04075,B18,P050,2026-04-26,4,1,price,,0
R14169,H04078,B06,P050,2026-04-26,5,1,seasoning,,1
R14170,H04078,B16,P050,2026-04-26,3,1,flavour depth,,1
R14171,H04083,B18,P050,2026-04-26,3,0,price,,0
R14172,H04094,B02,P050,2026-04-26,5,1,can design,sweetness,0
R14173,H04102,B06,P050,2026-04-26,5,1,saltiness,packaging,1
R14174,H04108,B02,P050,2026-04-26,2,0,,fizz,1
R14175,H04111,B06,P050,2026-04-26,4,0,packaging,,1
R14176,H04111,B18,P050,2026-04-26,5,1,portability,,1
R14177,H04114,B01,,2026-04-26,4,0,sweetness,,1
R14178,H04117,B06,P050,2026-04-26,3,1,,price,1
R14179,H04122,B06,P050,2026-04-26,5,1,packaging,,0
R14180,H00048,B03,,2026-04-27,5,1,taste,,1
R14181,H00201,B14,,2026-04-27,3,0,price,,0
R14182,H00328,B19,,2026-04-27,1,0,,texture,0
R14183,H00433,B01,,2026-04-27,3,1,fizz,,0
R14184,H00501,B02,,2026-04-27,4,1,fizz,,0
R14185,H00536,B15,,2026-04-27,5,1,jar size,,1
R14186,H00598,B19,,2026-04-27,5,1,energy boost,,1
R14187,H00825,B04,,2026-04-27,5,1,can design,,1
R14188,H01057,B12,,2026-04-27,4,1,ingredients,,0
R14189,H01132,B02,,2026-04-27,3,1,aftertaste,,0
R14190,H01133,B13,,2026-04-27,3,1,,heat,0
R14191,H01156,B02,,2026-04-27,4,1,sweetness,,1
R14192,H01313,B02,,2026-04-27,3,0,,taste,0
R14193,H01383,B03,,2026-04-27,4,1,aftertaste,,1
R14194,H01570,B17,,2026-04-27,4,1,portability,,1
R14195,H01754,B02,,2026-04-27,4,1,sweetness,price,0
R14196,H01773,B02,,2026-04-27,3,0,,fizz,1
R14197,H01791,B10,,2026-04-27,3,0,,ingredients,0
R14198,H01922,B03,,2026-04-27,5,1,aftertaste,,1
R14199,H01930,B08,,2026-04-27,3,0,,crunch,1
R14200,H02227,B03,,2026-04-27,4,1,refreshing,,1
R14201,H02475,B08,,2026-04-27,5,1,seasoning,crunch,1
R14202,H02534,B18,,2026-04-27,5,1,energy boost,taste,1
R14203,H02655,B13,,2026-04-27,3,0,,heat,1
R14204,H02684,B08,,2026-04-27,4,1,portion size,packaging,1
R14205,H02731,B07,,2026-04-27,4,1,crunch,portion size,1
R14206,H02741,B09,,2026-04-27,3,1,taste,,0
R14207,H02757,B07,,2026-04-27,3,0,seasoning,,0
R14208,H02911,B20,,2026-04-27,4,0,taste,price,1
R14209,H02973,B09,,2026-04-27,4,1,sweetness,,1
R14210,H03016,B06,,2026-04-27,3,0,,portion size,1
R14211,H03116,B04,,2026-04-27,2,0,aftertaste,sweetness,0
R14212,H03275,B17,,2026-04-27,3,0,taste,,0
R14213,H03310,B05,,2026-04-27,2,0,,seasoning,0
R14214,H03399,B20,,2026-04-27,4,0,price,texture,1
R14215,H03418,B16,,2026-04-27,3,1,jar size,,0
R14216,H03419,B12,,2026-04-27,2,0,texture,packaging,0
R14217,H03584,B01,,2026-04-27,4,1,sweetness,,1
R14218,H03605,B03,,2026-04-27,4,1,aftertaste,price,1
R14219,H03610,B01,,2026-04-27,4,1,aftertaste,,1
R14220,H03975,B16,P050,2026-04-27,5,1,price,,0
R14221,H03976,B02,P050,2026-04-27,3,0,,can design,0
R14222,H03978,B06,P050,2026-04-27,5,1,price,,1
R14223,H03981,B18,P050,2026-04-27,3,0,energy boost,,1
R14224,H03983,B18,P050,2026-04-27,4,0,ingredients,energy boost,1
R14225,H03986,B06,P050,2026-04-27,4,1,portion size,,1
R14226,H03986,B16,P050,2026-04-27,5,1,texture,,1
R14227,H03988,B18,P050,2026-04-27,5,1,texture,,0
R14228,H03993,B16,P050,2026-04-27,5,1,versatility,,1
R14229,H04003,B02,P050,2026-04-27,4,1,price,,1
R14230,H04003,B09,P050,2026-04-27,2,0,,packaging,1
R14231,H04007,B06,P050,2026-04-27,5,1,portion size,crunch,1
R14232,H04008,B02,P050,2026-04-27,5,1,aftertaste,,0
R14233,H04009,B16,P050,2026-04-27,5,1,heat,,1
R14234,H04013,B16,P050,2026-04-27,5,1,flavour depth,,1
R14235,H04023,B06,P050,2026-04-27,4,1,portion size,,0
R14236,H04023,B16,P050,2026-04-27,4,1,heat,,0
R14237,H04026,B09,P050,2026-04-27,5,0,sweetness,,0
R14238,H04032,B16,P050,2026-04-27,3,0,,versatility,0
R14239,H04039,B18,P050,2026-04-27,5,1,texture,,0
R14240,H04040,B09,P050,2026-04-27,5,1,ingredients,packaging,0
R14241,H04042,B02,P050,2026-04-27,3,0,taste,,1
R14242,H04045,B09,P050,2026-04-27,4,0,texture,,0
R14243,H04047,B16,P050,2026-04-27,5,1,heat,versatility,1
R14244,H04054,B09,P050,2026-04-27,4,0,taste,texture,0
R14245,H04071,B02,P050,2026-04-27,4,1,fizz,,0
R14246,H04077,B16,P050,2026-04-27,3,1,,flavour depth,1
R14247,H04079,B02,P050,2026-04-27,3,0,sweetness,,1
R14248,H04088,B02,P050,2026-04-27,3,0,,fizz,0
R14249,H04091,B02,P050,2026-04-27,4,0,fizz,,0
R14250,H04092,B18,P050,2026-04-27,5,1,texture,,0
R14251,H04098,B02,P050,2026-04-27,4,1,can design,,0
R14252,H04100,B16,P050,2026-04-27,5,1,heat,,0
R14253,H04101,B18,P050,2026-04-27,4,0,ingredients,energy boost,1
R14254,H04110,B02,P050,2026-04-27,3,0,aftertaste,,0
R14255,H04118,B06,P050,2026-04-27,5,1,seasoning,,0
R14256,H04120,B09,P050,2026-04-27,5,1,price,,0
R14257,H04120,B16,P050,2026-04-27,5,1,versatility,,1
R14258,H00114,B19,,2026-04-28,3,0,taste,,0
R14259,H00160,B16,,2026-04-28,4,1,texture,,0
R14260,H00465,B10,,2026-04-28,2,0,,packaging,1
R14261,H00554,B17,,2026-04-28,4,0,energy boost,,0
R14262,H00748,B10,,2026-04-28,4,0,taste,,1
R14263,H00864,B05,,2026-04-28,3,0,price,,1
R14264,H00891,B18,,2026-04-28,5,1,energy boost,,1
R14265,H00969,B14,,2026-04-28,4,1,jar size,,1
R14266,H01010,B18,,2026-04-28,2,0,,energy boost,0
R14267,H01011,B08,,2026-04-28,4,1,crunch,,1
R14268,H01053,B03,,2026-04-28,2,0,,fizz,0
R14269,H01284,B16,,2026-04-28,4,1,heat,,0
R14270,H01319,B19,,2026-04-28,3,0,,taste,0
R14271,H01447,B06,,2026-04-28,5,1,seasoning,,1
R14272,H01932,B15,,2026-04-28,5,1,flavour depth,,1
R14273,H02042,B15,,2026-04-28,5,1,jar size,versatility,1
R14274,H02204,B03,,2026-04-28,3,0,,refreshing,0
R14275,H02473,B10,,2026-04-28,3,0,,price,0
R14276,H02718,B11,,2026-04-28,5,1,sweetness,,1
R14277,H02803,B15,,2026-04-28,4,0,heat,,0
R14278,H03359,B02,,2026-04-28,5,1,sweetness,can design,1
R14279,H03418,B14,,2026-04-28,4,0,versatility,,1
R14280,H03707,B04,,2026-04-28,3,1,,price,1
R14281,H03897,B07,,2026-04-28,5,1,crunch,,1
R14282,H03927,B04,,2026-04-28,5,1,taste,aftertaste,1
R14283,H03946,B19,,2026-04-28,2,0,,taste,1
R14284,H03983,B02,P050,2026-04-28,3,1,can design,,0
R14285,H03984,B18,P050,2026-04-28,3,0,,price,1
R14286,H03985,B02,P050,2026-04-28,2,0,,sweetness,0
R14287,H03989,B18,P050,2026-04-28,5,1,texture,,1
R14288,H03989,B05,,2026-04-28,4,1,saltiness,,1
R14289,H03990,B09,P050,2026-04-28,4,1,texture,price,1
R14290,H03992,B16,P050,2026-04-28,4,0,jar size,,1
R14291,H03996,B02,P050,2026-04-28,4,1,can design,,0
R14292,H03998,B02,P050,2026-04-28,2,1,,taste,0
R14293,H04005,B16,P050,2026-04-28,5,1,heat,,1
R14294,H04007,B09,P050,2026-04-28,4,0,packaging,,0
R14295,H04009,B06,P050,2026-04-28,5,1,saltiness,,1
R14296,H04016,B06,P050,2026-04-28,3,1,,crunch,1
R14297,H04019,B18,P050,2026-04-28,5,1,portability,,0
R14298,H04029,B16,P050,2026-04-28,5,1,texture,,1
R14299,H04034,B09,P050,2026-04-28,4,1,texture,,0
R14300,H04038,B09,P050,2026-04-28,4,1,packaging,ingredients,1
R14301,H04042,B16,P050,2026-04-28,4,1,heat,,1
R14302,H04043,B16,P050,2026-04-28,5,1,versatility,,1
R14303,H04045,B02,P050,2026-04-28,3,0,,can design,0
R14304,H04052,B18,P050,2026-04-28,5,1,portability,,1
R14305,H04053,B18,P050,2026-04-28,4,1,texture,,1
R14306,H04058,B09,P050,2026-04-28,3,0,,packaging,0
R14307,H04059,B18,P050,2026-04-28,4,1,texture,,1
R14308,H04064,B06,P050,2026-04-28,5,1,saltiness,packaging,1
R14309,H04071,B18,P050,2026-04-28,4,1,texture,,1
R14310,H04079,B06,P050,2026-04-28,5,1,crunch,,1
R14311,H04079,B09,P050,2026-04-28,4,0,packaging,,1
R14312,H04080,B09,P050,2026-04-28,5,1,texture,,1
R14313,H04080,B16,P050,2026-04-28,2,0,jar size,price,1
R14314,H04082,B09,P050,2026-04-28,3,0,sweetness,,1
R14315,H04085,B16,P050,2026-04-28,4,1,versatility,,1
R14316,H04086,B16,P050,2026-04-28,4,1,texture,,1
R14317,H04089,B06,P050,2026-04-28,4,1,saltiness,price,0
R14318,H04094,B09,P050,2026-04-28,4,0,taste,,0
R14319,H04096,B18,P050,2026-04-28,5,1,energy boost,,1
R14320,H04097,B18,P050,2026-04-28,5,1,taste,,0
R14321,H04100,B06,P050,2026-04-28,4,1,crunch,,0
R14322,H04103,B02,P050,2026-04-28,4,0,aftertaste,,0
R14323,H04108,B18,P050,2026-04-28,5,1,taste,,0
R14324,H04112,B16,P050,2026-04-28,5,1,heat,texture,1
R14325,H04115,B06,P050,2026-04-28,5,1,crunch,seasoning,1
R14326,H04116,B06,P050,2026-04-28,4,0,price,,1
R14327,H04139,B19,,2026-04-28,4,1,texture,price,1
R14328,H00008,B01,,2026-04-29,4,0,can design,sweetness,1
R14329,H00116,B12,,2026-04-29,3,0,,sweetness,0
R14330,H00152,B15,,2026-04-29,4,1,jar size,,1
R14331,H00232,B03,,2026-04-29,5,1,sweetness,,1
R14332,H00372,B08,,2026-04-29,5,1,seasoning,,1
R14333,H00427,B03,,2026-04-29,5,1,price,fizz,1
R14334,H00684,B14,,2026-04-29,5,1,flavour depth,,0
R14335,H00866,B13,,2026-04-29,5,1,jar size,,1
R14336,H01039,B16,,2026-04-29,3,0,price,,1
R14337,H01293,B16,,2026-04-29,3,1,versatility,,1
R14338,H01423,B10,,2026-04-29,4,1,sweetness,,0
R14339,H01698,B10,,2026-04-29,5,1,taste,ingredients,1
R14340,H01922,B11,,2026-04-29,4,1,packaging,,0
R14341,H02251,B19,,2026-04-29,4,0,price,,1
R14342,H02346,B11,,2026-04-29,4,1,texture,,1
R14343,H02502,B10,,2026-04-29,4,0,ingredients,packaging,0
R14344,H02615,B15,,2026-04-29,3,0,versatility,,0
R14345,H02752,B13,,2026-04-29,3,0,,texture,0
R14346,H03013,B01,,2026-04-29,4,1,aftertaste,,1
R14347,H03056,B05,,2026-04-29,4,1,crunch,,1
R14348,H03192,B02,,2026-04-29,5,1,sweetness,,1
R14349,H03302,B09,,2026-04-29,4,1,packaging,,1
R14350,H03518,B17,,2026-04-29,5,1,texture,,1
R14351,H03650,B08,,2026-04-29,4,1,packaging,,0
R14352,H03745,B05,,2026-04-29,4,1,packaging,,1
R14353,H03854,B19,,2026-04-29,4,0,price,portability,1
R14354,H03857,B11,,2026-04-29,4,1,ingredients,,0
R14355,H03976,B06,P050,2026-04-29,4,1,packaging,,0
R14356,H03978,B16,P050,2026-04-29,4,1,heat,,0
R14357,H03983,B16,P050,2026-04-29,3,0,heat,,1
R14358,H03987,B18,P050,2026-04-29,4,1,price,,1
R14359,H03990,B16,P050,2026-04-29,4,1,heat,versatility,1
R14360,H03992,B09,P050,2026-04-29,4,1,packaging,,0
R14361,H04005,B06,P050,2026-04-29,3,0,packaging,,1
R14362,H04006,B02,P050,2026-04-29,4,1,fizz,,0
R14363,H04013,B06,P050,2026-04-29,5,1,seasoning,,1
R14364,H04015,B06,P050,2026-04-29,5,1,crunch,,1
R14365,H04024,B18,P050,2026-04-29,5,1,price,,1
R14366,H04034,B02,P050,2026-04-29,3,0,fizz,,0
R14367,H04034,B18,P050,2026-04-29,5,1,texture,price,1
R14368,H04037,B16,P050,2026-04-29,5,1,heat,,1
R14369,H04044,B06,P050,2026-04-29,5,1,price,,1
R14370,H04045,B18,P050,2026-04-29,4,1,texture,,1
R14371,H04050,B16,P050,2026-04-29,4,1,texture,,1
R14372,H04050,B18,P050,2026-04-29,3,0,,taste,0
R14373,H04055,B09,P050,2026-04-29,3,0,,ingredients,0
R14374,H04058,B06,P050,2026-04-29,4,1,packaging,,1
R14375,H04066,B18,P050,2026-04-29,4,1,energy boost,,0
R14376,H04068,B06,P050,2026-04-29,4,1,packaging,,0
R14377,H04071,B09,P050,2026-04-29,4,1,packaging,,0
R14378,H04073,B09,P050,2026-04-29,4,0,taste,,0
R14379,H04080,B06,P050,2026-04-29,4,1,packaging,,1
R14380,H04083,B09,P050,2026-04-29,3,0,packaging,,1
R14381,H04085,B18,P050,2026-04-29,4,0,taste,,1
R14382,H04092,B09,P050,2026-04-29,3,1,,packaging,1
R14383,H04094,B18,P050,2026-04-29,5,1,price,,1
R14384,H04096,B09,P050,2026-04-29,5,1,texture,packaging,0
R14385,H04104,B06,P050,2026-04-29,4,0,price,seasoning,1
R14386,H04104,B09,P050,2026-04-29,4,1,price,,0
R14387,H04105,B09,P050,2026-04-29,5,1,price,taste,0
R14388,H04109,B09,P050,2026-04-29,5,1,sweetness,,1
R14389,H04113,B02,P050,2026-04-29,3,0,,refreshing,0
R14390,H04119,B09,P050,2026-04-29,4,1,price,sweetness,0
R14391,H04124,B16,P050,2026-04-29,3,0,versatility,,1
R14392,H00374,B10,,2026-04-30,5,1,packaging,price,1
R14393,H00856,B18,,2026-04-30,4,1,energy boost,,0
R14394,H00968,B06,,2026-04-30,5,1,packaging,,1
R14395,H01306,B04,,2026-04-30,4,0,can design,,1
R14396,H01384,B19,,2026-04-30,3,1,,portability,1
R14397,H01674,B19,,2026-04-30,4,0,price,,0
R14398,H01792,B04,,2026-04-30,4,1,taste,,0
R14399,H01828,B18,,2026-04-30,3,0,portability,,0
R14400,H01838,B10,,2026-04-30,5,1,packaging,,1
R14401,H01854,B07,,2026-04-30,4,1,seasoning,,1
R14402,H01854,B12,,2026-04-30,4,0,taste,packaging,0
R14403,H01988,B10,,2026-04-30,5,1,texture,,1
R14404,H02018,B02,,2026-04-30,3,0,,fizz,0
R14405,H02102,B09,,2026-04-30,4,1,sweetness,,0
R14406,H02149,B11,,2026-04-30,5,1,packaging,,0
R14407,H02502,B16,,2026-04-30,5,1,versatility,texture,1
R14408,H02584,B07,,2026-04-30,4,1,packaging,,0
R14409,H02657,B15,,2026-04-30,4,1,jar size,,1
R14410,H02769,B14,,2026-04-30,4,1,texture,,1
R14411,H02881,B04,,2026-04-30,3,0,taste,,1
R14412,H02893,B04,,2026-04-30,5,1,price,,0
R14413,H03132,B01,,2026-04-30,3,0,,aftertaste,0
R14414,H03134,B19,,2026-04-30,4,0,taste,price,1
R14415,H03754,B10,,2026-04-30,5,1,price,,1
R14416,H04116,B19,,2026-04-30,4,1,texture,,0
R14417,H00209,B12,,2026-05-01,5,1,taste,,1
R14418,H00467,B03,,2026-05-01,5,1,can design,,1
R14419,H00522,B01,,2026-05-01,5,1,price,,1
R14420,H00751,B17,,2026-05-01,4,0,portability,,1
R14421,H00906,B10,,2026-05-01,3,1,,price,0
R14422,H00966,B17,,2026-05-01,5,1,texture,,1
R14423,H01050,B01,,2026-05-01,5,1,fizz,,1
R14424,H01274,B04,,2026-05-01,3,0,,fizz,1
R14425,H01778,B06,,2026-05-01,4,1,crunch,,1
R14426,H01844,B06,,2026-05-01,4,1,seasoning,,1
R14427,H01968,B02,,2026-05-01,5,1,sweetness,,1
R14428,H02119,B06,,2026-05-01,5,1,saltiness,,1
R14429,H02229,B10,,2026-05-01,3,0,,texture,0
R14430,H02268,B09,,2026-05-01,5,1,sweetness,,1
R14431,H02332,B06,,2026-05-01,3,1,,price,0
R14432,H02506,B17,,2026-05-01,3,0,energy boost,,1
R14433,H02652,B04,,2026-05-01,5,1,refreshing,,1
R14434,H02806,B01,,2026-05-01,5,1,aftertaste,,1
R14435,H02842,B15,,2026-05-01,3,0,,texture,0
R14436,H03040,B18,,2026-05-01,4,1,taste,,0
R14437,H03046,B19,,2026-05-01,5,1,texture,,1
R14438,H03135,B02,,2026-05-01,4,1,sweetness,,1
R14439,H03332,B08,,2026-05-01,5,1,portion size,,1
R14440,H03451,B11,,2026-05-01,3,0,,packaging,0
R14441,H03474,B05,,2026-05-01,4,0,price,,1
R14442,H03478,B03,,2026-05-01,3,1,aftertaste,,0
R14443,H03481,B16,,2026-05-01,2,1,texture,price,0
R14444,H03601,B10,,2026-05-01,4,1,packaging,ingredients,1
R14445,H03616,B11,,2026-05-01,3,0,,price,0
R14446,H03977,B11,,2026-05-01,4,1,price,sweetness,0
R14447,H04028,B08,,2026-05-01,4,0,saltiness,,1
R14448,H04114,B20,,2026-05-01,4,0,texture,,0
R14449,H00090,B03,,2026-05-02,5,1,fizz,,1
R14450,H00266,B03,,2026-05-02,4,0,aftertaste,,0
R14451,H00456,B14,,2026-05-02,2,1,texture,versatility,0
R14452,H00490,B02,,2026-05-02,5,1,taste,,1
R14453,H00525,B17,,2026-05-02,3,0,,taste,0
R14454,H00764,B19,,2026-05-02,5,1,portability,energy boost,1
R14455,H00772,B12,,2026-05-02,4,1,sweetness,,0
R14456,H00811,B05,,2026-05-02,3,0,,crunch,0
R14457,H01086,B08,,2026-05-02,2,0,portion size,price,0
R14458,H01296,B07,,2026-05-02,4,0,price,,1
R14459,H01360,B03,,2026-05-02,5,1,can design,sweetness,1
R14460,H01517,B06,,2026-05-02,4,1,portion size,,0
R14461,H02028,B05,,2026-05-02,4,1,seasoning,price,1
R14462,H02034,B11,,2026-05-02,4,0,sweetness,texture,1
R14463,H02086,B03,,2026-05-02,4,1,can design,,1
R14464,H02091,B03,,2026-05-02,4,1,can design,,1
R14465,H02123,B14,,2026-05-02,3,1,price,,0
R14466,H02284,B18,,2026-05-02,4,0,taste,,0
R14467,H02405,B15,,2026-05-02,4,1,texture,,1
R14468,H02660,B06,,2026-05-02,4,1,saltiness,,1
R14469,H02992,B06,,2026-05-02,3,0,,portion size,0
R14470,H03081,B09,,2026-05-02,3,1,,texture,1
R14471,H03338,B13,,2026-05-02,3,1,,heat,1
R14472,H03356,B07,,2026-05-02,4,1,seasoning,price,1
R14473,H03631,B07,,2026-05-02,3,0,price,,0
R14474,H03633,B10,,2026-05-02,5,1,packaging,,1
R14475,H03844,B03,,2026-05-02,5,1,fizz,,1
R14476,H03892,B09,,2026-05-02,3,1,price,,1
R14477,H03968,B14,,2026-05-02,3,1,price,,0
R14478,H03976,B14,,2026-05-02,5,1,versatility,,1
R14479,H04065,B17,,2026-05-02,4,1,taste,,1
R14480,H00366,B11,,2026-05-03,3,1,packaging,,0
R14481,H00444,B10,,2026-05-03,5,1,texture,price,1
R14482,H00492,B15,,2026-05-03,2,1,,price,0
R14483,H00527,B17,,2026-05-03,3,0,,ingredients,0
R14484,H00544,B13,,2026-05-03,5,1,jar size,flavour depth,1
R14485,H00680,B06,,2026-05-03,5,1,crunch,,1
R14486,H00745,B06,,2026-05-03,5,1,price,saltiness,1
R14487,H00898,B19,,2026-05-03,4,0,price,,1
R14488,H01018,B16,,2026-05-03,4,1,price,,1
R14489,H01128,B08,,2026-05-03,3,1,,seasoning,1
R14490,H01347,B19,,2026-05-03,5,1,price,,1
R14491,H01520,B09,,2026-05-03,3,1,packaging,,1
R14492,H01723,B14,,2026-05-03,2,0,,price,0
R14493,H02055,B14,,2026-05-03,5,1,flavour depth,,1
R14494,H02156,B07,,2026-05-03,4,0,price,,1
R14495,H02164,B06,,2026-05-03,5,1,price,,1
R14496,H02229,B19,,2026-05-03,5,1,ingredients,,1
R14497,H02245,B12,,2026-05-03,3,0,texture,,0
R14498,H02314,B10,,2026-05-03,3,1,,ingredients,0
R14499,H02343,B05,,2026-05-03,5,1,seasoning,,1
R14500,H02439,B20,,2026-05-03,3,0,,energy boost,0
R14501,H02483,B16,,2026-05-03,4,1,flavour depth,,1
R14502,H02859,B08,,2026-05-03,4,1,saltiness,,0
R14503,H03140,B04,,2026-05-03,3,0,,fizz,0
R14504,H03149,B17,,2026-05-03,4,1,texture,,1
R14505,H03283,B05,,2026-05-03,4,1,packaging,,0
R14506,H03631,B09,,2026-05-03,3,1,,packaging,0
R14507,H03665,B15,,2026-05-03,3,0,,flavour depth,1
R14508,H03836,B12,,2026-05-03,3,0,,packaging,0
R14509,H03878,B15,,2026-05-03,4,1,flavour depth,,0
R14510,H03916,B09,,2026-05-03,3,1,,packaging,1
R14511,H03982,B02,,2026-05-03,4,0,sweetness,,0
R14512,H04029,B13,,2026-05-03,4,1,flavour depth,,0
R14513,H00239,B04,,2026-05-04,3,0,,sweetness,1
R14514,H00309,B14,,2026-05-04,4,1,heat,texture,1
R14515,H00547,B19,,2026-05-04,3,1,energy boost,,1
R14516,H00572,B11,,2026-05-04,4,1,texture,,0
R14517,H00616,B19,,2026-05-04,5,0,portability,,1
R14518,H00645,B19,,2026-05-04,3,1,,portability,0
R14519,H00675,B14,,2026-05-04,2,0,,price,0
R14520,H01070,B16,,2026-05-04,5,1,versatility,,1
R14521,H01105,B03,,2026-05-04,4,1,price,,1
R14522,H01144,B02,,2026-05-04,4,1,price,,0
R14523,H01331,B09,,2026-05-04,4,1,packaging,texture,1
R14524,H01388,B02,,2026-05-04,4,0,fizz,,1
R14525,H01848,B02,,2026-05-04,4,1,taste,,1
R14526,H02207,B02,,2026-05-04,5,1,fizz,,1
R14527,H02301,B02,,2026-05-04,5,1,fizz,,1
R14528,H02309,B06,,2026-05-04,2,0,saltiness,portion size,0
R14529,H02332,B15,,2026-05-04,3,0,,heat,1
R14530,H02359,B17,,2026-05-04,4,1,texture,,1
R14531,H02699,B15,,2026-05-04,3,0,heat,,1
R14532,H02881,B16,,2026-05-04,5,1,versatility,texture,1
R14533,H03090,B19,,2026-05-04,4,1,energy boost,portability,1
R14534,H03634,B06,,2026-05-04,5,1,price,,1
R14535,H03806,B19,,2026-05-04,4,1,texture,,1
R14536,H03841,B01,,2026-05-04,3,0,,can design,1
R14537,H03844,B08,,2026-05-04,5,1,crunch,,1
R14538,H03878,B01,,2026-05-04,5,1,fizz,taste,0
R14539,H03922,B01,,2026-05-04,5,1,refreshing,,0
R14540,H04089,B02,,2026-05-04,3,1,taste,,0
R14541,H04102,B01,,2026-05-04,4,1,sweetness,,1
R14542,H04123,B17,,2026-05-04,3,0,energy boost,,1
R14543,H00154,B03,,2026-05-05,5,1,refreshing,,1
R14544,H00348,B05,,2026-05-05,2,0,,crunch,0
R14545,H00446,B08,,2026-05-05,4,1,crunch,,1
R14546,H00462,B08,,2026-05-05,5,1,crunch,saltiness,1
R14547,H00639,B12,,2026-05-05,2,0,packaging,ingredients,0
R14548,H00659,B04,,2026-05-05,5,1,taste,can design,1
R14549,H00960,B14,,2026-05-05,5,1,heat,jar size,1
R14550,H01210,B04,,2026-05-05,4,1,price,,1
R14551,H01255,B17,,2026-05-05,4,1,taste,,1
R14552,H01526,B19,,2026-05-05,3,1,,energy boost,0
R14553,H01564,B16,,2026-05-05,2,0,jar size,price,0
R14554,H01651,B08,,2026-05-05,4,0,saltiness,,1
R14555,H02009,B15,,2026-05-05,2,0,heat,price,0
R14556,H02383,B13,,2026-05-05,2,0,,texture,0
R14557,H02407,B10,,2026-05-05,3,1,,texture,0
R14558,H02487,B12,,2026-05-05,4,1,taste,,1
R14559,H02757,B19,,2026-05-05,4,0,portability,,0
R14560,H03181,B10,,2026-05-05,3,0,,price,0
R14561,H03194,B11,,2026-05-05,5,1,taste,ingredients,1
R14562,H03263,B02,,2026-05-05,5,1,refreshing,,1
R14563,H03272,B14,,2026-05-05,5,1,price,texture,1
R14564,H03384,B17,,2026-05-05,4,1,taste,,1
R14565,H03562,B16,,2026-05-05,5,1,versatility,,0
R14566,H03578,B15,,2026-05-05,5,1,flavour depth,heat,1
R14567,H03746,B17,,2026-05-05,4,1,portability,texture,1
R14568,H03757,B15,,2026-05-05,2,0,,heat,0
R14569,H03829,B07,,2026-05-05,5,1,seasoning,,1
R14570,H03895,B19,,2026-05-05,3,0,,texture,0
R14571,H03950,B02,,2026-05-05,3,1,,price,1
R14572,H04032,B05,,2026-05-05,1,0,,portion size,0
R14573,H04084,B15,,2026-05-05,3,1,flavour depth,,0
R14574,H04089,B13,,2026-05-05,4,0,jar size,,1
R14575,H00116,B07,,2026-05-06,4,0,packaging,,0
R14576,H00394,B09,,2026-05-06,2,1,,texture,0
R14577,H00397,B02,,2026-05-06,4,0,sweetness,,1
R14578,H00463,B18,,2026-05-06,5,1,portability,,1
R14579,H00630,B11,,2026-05-06,5,0,texture,ingredients,1
R14580,H01124,B11,,2026-05-06,4,1,packaging,,0
R14581,H01341,B06,,2026-05-06,4,1,saltiness,,1
R14582,H01410,B08,,2026-05-06,4,1,saltiness,,0
R14583,H01706,B15,,2026-05-06,4,1,heat,,0
R14584,H01901,B09,,2026-05-06,3,1,,texture,0
R14585,H02062,B09,,2026-05-06,3,0,,price,0
R14586,H02092,B03,,2026-05-06,3,0,,refreshing,1
R14587,H02099,B02,,2026-05-06,4,1,sweetness,,0
R14588,H02184,B19,,2026-05-06,5,1,taste,,1
R14589,H02836,B06,,2026-05-06,4,0,crunch,,1
R14590,H02986,B03,,2026-05-06,3,1,,fizz,0
R14591,H03011,B16,,2026-05-06,3,0,,jar size,1
R14592,H03139,B08,,2026-05-06,4,1,saltiness,,0
R14593,H03273,B02,,2026-05-06,5,0,sweetness,price,1
R14594,H03940,B16,,2026-05-06,4,1,jar size,,0
R14595,H00600,B20,,2026-05-07,5,1,energy boost,,1
R14596,H00966,B03,,2026-05-07,3,1,,taste,1
R14597,H01097,B15,,2026-05-07,3,0,versatility,,0
R14598,H01208,B01,,2026-05-07,3,0,taste,,1
R14599,H01335,B13,,2026-05-07,2,0,,flavour depth,0
R14600,H01411,B13,,2026-05-07,3,0,heat,,0
R14601,H01413,B11,,2026-05-07,4,1,ingredients,,0
R14602,H01792,B09,,2026-05-07,5,0,sweetness,ingredients,0
R14603,H02899,B12,,2026-05-07,3,0,,texture,0
R14604,H03070,B04,,2026-05-07,5,1,can design,,0
R14605,H03187,B17,,2026-05-07,5,0,portability,,1
R14606,H03202,B20,,2026-05-07,5,1,ingredients,,1
R14607,H03618,B06,,2026-05-07,4,1,portion size,,1
R14608,H03779,B13,,2026-05-07,5,1,jar size,,1
R14609,H03929,B03,,2026-05-07,5,1,taste,sweetness,1
R14610,H03947,B14,,2026-05-07,3,0,,flavour depth,0
R14611,H03972,B10,,2026-05-07,4,1,price,,1
R14612,H04068,B14,,2026-05-07,5,1,versatility,flavour depth,1
R14613,H00150,B05,,2026-05-08,3,0,price,,1
R14614,H00378,B06,,2026-05-08,4,0,crunch,,1
R14615,H00553,B08,,2026-05-08,5,1,crunch,,1
R14616,H00939,B14,,2026-05-08,3,1,,versatility,1
R14617,H01356,B18,,2026-05-08,5,1,price,,1
R14618,H01419,B19,,2026-05-08,4,1,energy boost,,1
R14619,H01505,B18,,2026-05-08,5,1,portability,,1
R14620,H01610,B10,,2026-05-08,5,1,taste,,1
R14621,H01665,B17,,2026-05-08,5,1,ingredients,taste,1
R14622,H01779,B08,,2026-05-08,5,0,seasoning,saltiness,0
R14623,H01819,B12,,2026-05-08,2,0,,texture,0
R14624,H01824,B08,,2026-05-08,3,0,packaging,,1
R14625,H01921,B02,,2026-05-08,4,0,price,,1
R14626,H02082,B15,,2026-05-08,4,1,flavour depth,price,0
R14627,H02153,B15,,2026-05-08,3,0,,versatility,1
R14628,H02421,B02,,2026-05-08,5,1,refreshing,,1
R14629,H02450,B06,,2026-05-08,5,1,packaging,saltiness,1
R14630,H02495,B07,,2026-05-08,5,1,portion size,crunch,1
R14631,H02507,B06,,2026-05-08,5,1,packaging,,0
R14632,H02631,B12,,2026-05-08,2,0,,taste,0
R14633,H02733,B15,,2026-05-08,2,0,,texture,0
R14634,H03034,B07,,2026-05-08,5,1,crunch,,0
R14635,H03173,B02,,2026-05-08,3,1,fizz,,1
R14636,H03223,B07,,2026-05-08,3,0,saltiness,,0
R14637,H03241,B11,,2026-05-08,3,0,price,,0
R14638,H03385,B13,,2026-05-08,4,1,price,flavour depth,1
R14639,H03465,B04,,2026-05-08,2,0,,aftertaste,0
R14640,H03499,B15,,2026-05-08,5,1,flavour depth,versatility,1
R14641,H03656,B08,,2026-05-08,5,1,crunch,,0
R14642,H03746,B11,,2026-05-08,5,1,ingredients,,1
R14643,H03864,B07,,2026-05-08,5,1,saltiness,,1
R14644,H03876,B04,,2026-05-08,3,0,refreshing,,0
R14645,H04005,B07,,2026-05-08,5,1,crunch,saltiness,1
R14646,H04066,B01,,2026-05-08,5,1,sweetness,,1
R14647,H04079,B20,,2026-05-08,5,1,price,texture,1
R14648,H00046,B10,,2026-05-09,3,0,price,,0
R14649,H00210,B17,,2026-05-09,3,0,ingredients,,1
R14650,H00640,B05,,2026-05-09,4,1,crunch,,1
R14651,H00656,B03,,2026-05-09,4,0,price,,1
R14652,H00825,B14,,2026-05-09,4,1,flavour depth,,1
R14653,H00958,B10,,2026-05-09,4,1,sweetness,,1
R14654,H01098,B20,,2026-05-09,4,1,portability,,1
R14655,H01418,B19,,2026-05-09,4,1,ingredients,,1
R14656,H01544,B06,,2026-05-09,4,0,price,,1
R14657,H01768,B10,,2026-05-09,4,1,sweetness,,0
R14658,H01776,B07,,2026-05-09,5,1,seasoning,,1
R14659,H01882,B01,,2026-05-09,5,0,price,,1
R14660,H01948,B03,,2026-05-09,4,1,taste,,1
R14661,H02192,B06,,2026-05-09,3,0,packaging,,1
R14662,H02216,B16,,2026-05-09,1,0,,price,0
R14663,H02239,B01,,2026-05-09,5,1,fizz,,1
R14664,H02376,B20,,2026-05-09,5,1,ingredients,,1
R14665,H02580,B01,,2026-05-09,4,1,aftertaste,,1
R14666,H02618,B09,,2026-05-09,4,0,taste,,0
R14667,H02764,B04,,2026-05-09,5,1,price,,0
R14668,H02850,B09,,2026-05-09,2,0,,price,0
R14669,H02927,B18,,2026-05-09,4,0,price,,0
R14670,H03072,B04,,2026-05-09,4,1,refreshing,taste,1
R14671,H03090,B09,,2026-05-09,5,1,sweetness,,1
R14672,H03236,B16,,2026-05-09,4,0,heat,,1
R14673,H03275,B06,,2026-05-09,5,1,portion size,,0
R14674,H03506,B20,,2026-05-09,3,0,,ingredients,0
R14675,H03668,B10,,2026-05-09,4,1,ingredients,,0
R14676,H03701,B18,,2026-05-09,2,0,,portability,0
R14677,H03759,B13,,2026-05-09,3,0,,texture,1
R14678,H03794,B06,,2026-05-09,3,0,,packaging,1
R14679,H03803,B19,,2026-05-09,1,0,,taste,0
R14680,H03988,B16,,2026-05-09,4,0,price,,0
R14681,H04123,B08,,2026-05-09,5,1,seasoning,,1
R14682,H00012,B16,,2026-05-10,4,1,heat,,1
R14683,H00905,B05,,2026-05-10,4,1,price,,1
R14684,H01303,B19,,2026-05-10,4,1,texture,energy boost,1
R14685,H01501,B04,,2026-05-10,5,1,price,refreshing,1
R14686,H01541,B19,,2026-05-10,4,1,portability,,1
R14687,H01807,B02,,2026-05-10,5,1,can design,,1
R14688,H01870,B11,,2026-05-10,4,0,ingredients,,0
R14689,H01947,B04,,2026-05-10,4,1,sweetness,price,1
R14690,H02286,B03,,2026-05-10,5,1,can design,,1
R14691,H02306,B09,,2026-05-10,4,1,sweetness,,1
R14692,H02654,B04,,2026-05-10,4,0,aftertaste,taste,1
R14693,H02662,B13,,2026-05-10,2,0,,versatility,0
R14694,H02681,B10,,2026-05-10,3,1,,ingredients,0
R14695,H02759,B07,,2026-05-10,2,0,,price,0
R14696,H02762,B20,,2026-05-10,2,0,,price,0
R14697,H02879,B19,,2026-05-10,4,0,portability,,1
R14698,H03097,B04,,2026-05-10,3,0,fizz,,0
R14699,H03195,B01,,2026-05-10,5,1,taste,,1
R14700,H03252,B02,,2026-05-10,4,1,can design,,1
R14701,H03305,B19,,2026-05-10,4,1,taste,,1
R14702,H03415,B07,,2026-05-10,5,0,seasoning,portion size,1
R14703,H03495,B17,,2026-05-10,4,1,price,,1
R14704,H03552,B17,,2026-05-10,5,1,ingredients,,1
R14705,H03664,B03,,2026-05-10,4,1,refreshing,,1
R14706,H03917,B02,,2026-05-10,4,1,price,,0
R14707,H03987,B08,,2026-05-10,5,1,saltiness,,1
R14708,H04008,B11,,2026-05-10,5,1,taste,,1
R14709,H04089,B14,,2026-05-10,5,1,flavour depth,,1
R14710,H00033,B07,,2026-05-11,5,1,packaging,,1
R14711,H00047,B10,,2026-05-11,4,1,texture,,0
R14712,H00115,B06,,2026-05-11,5,1,portion size,,1
R14713,H00290,B09,,2026-05-11,3,0,,texture,0
R14714,H00346,B01,,2026-05-11,4,1,aftertaste,,1
R14715,H00463,B06,,2026-05-11,3,0,saltiness,,0
R14716,H00492,B19,,2026-05-11,4,1,price,,1
R14717,H00693,B13,,2026-05-11,3,1,,heat,0
R14718,H01087,B05,,2026-05-11,3,0,,seasoning,1
R14719,H01410,B02,,2026-05-11,4,1,price,taste,1
R14720,H01697,B16,,2026-05-11,5,1,texture,,1
R14721,H01712,B20,,2026-05-11,3,0,price,,1
R14722,H01906,B03,,2026-05-11,4,0,taste,,0
R14723,H01938,B03,,2026-05-11,4,0,can design,,1
R14724,H02439,B03,,2026-05-11,4,0,can design,,1
R14725,H02505,B04,,2026-05-11,3,1,can design,,0
R14726,H02650,B08,,2026-05-11,2,0,packaging,saltiness,0
R14727,H03420,B04,,2026-05-11,3,1,,refreshing,1
R14728,H03617,B05,,2026-05-11,2,0,,saltiness,1
R14729,H03682,B12,,2026-05-11,3,0,,texture,0
R14730,H03694,B07,,2026-05-11,3,0,portion size,,0
R14731,H03742,B06,,2026-05-11,4,0,seasoning,,0
R14732,H03774,B20,,2026-05-11,3,0,price,,0
R14733,H03787,B10,,2026-05-11,5,1,taste,packaging,0
R14734,H04162,B07,,2026-05-11,4,1,price,,0
R14735,H00462,B11,,2026-05-12,5,1,packaging,,1
R14736,H00545,B16,,2026-05-12,5,1,jar size,,1
R14737,H00581,B06,,2026-05-12,5,1,packaging,,1
R14738,H00714,B14,,2026-05-12,2,0,,texture,0
R14739,H00807,B04,,2026-05-12,4,1,price,,1
R14740,H00815,B04,,2026-05-12,4,1,taste,,1
R14741,H00850,B08,,2026-05-12,5,1,crunch,,1
R14742,H00990,B12,,2026-05-12,5,1,packaging,texture,1
R14743,H01133,B10,,2026-05-12,4,1,price,,1
R14744,H01213,B10,,2026-05-12,4,0,price,,0
R14745,H01495,B02,,2026-05-12,3,1,fizz,,0
R14746,H02419,B11,,2026-05-12,4,1,taste,,1
R14747,H02461,B09,,2026-05-12,3,1,sweetness,,1
R14748,H02842,B04,,2026-05-12,5,1,can design,taste,1
R14749,H02964,B16,,2026-05-12,5,1,flavour depth,,1
R14750,H02969,B09,,2026-05-12,4,1,texture,,1
R14751,H03224,B07,,2026-05-12,5,1,crunch,,1
R14752,H03299,B04,,2026-05-12,4,1,price,aftertaste,1
R14753,H03308,B12,,2026-05-12,2,0,ingredients,price,0
R14754,H03471,B09,,2026-05-12,4,0,price,,1
R14755,H03783,B16,,2026-05-12,4,1,texture,,1
R14756,H03811,B20,,2026-05-12,3,0,,energy boost,0
R14757,H00238,B07,,2026-05-13,3,0,,portion size,0
R14758,H00249,B10,,2026-05-13,5,1,packaging,,1
R14759,H00460,B15,,2026-05-13,3,1,price,,0
R14760,H00480,B10,,2026-05-13,4,1,packaging,,1
R14761,H00483,B04,,2026-05-13,4,1,fizz,,1
R14762,H00539,B20,,2026-05-13,4,1,texture,,1
R14763,H00575,B16,,2026-05-13,5,1,heat,,1
R14764,H00659,B07,,2026-05-13,5,1,price,,1
R14765,H00802,B07,,2026-05-13,3,1,crunch,,0
R14766,H01001,B07,,2026-05-13,4,1,price,seasoning,1
R14767,H01048,B11,,2026-05-13,3,0,,packaging,0
R14768,H01163,B15,,2026-05-13,4,1,texture,heat,0
R14769,H01625,B13,,2026-05-13,4,1,flavour depth,texture,1
R14770,H01912,B11,,2026-05-13,5,1,ingredients,packaging,1
R14771,H02021,B11,,2026-05-13,4,0,price,,1
R14772,H02070,B08,,2026-05-13,5,1,saltiness,,1
R14773,H02288,B19,,2026-05-13,2,0,,ingredients,0
R14774,H02320,B14,,2026-05-13,4,1,texture,,1
R14775,H02372,B03,,2026-05-13,4,1,aftertaste,,1
R14776,H02608,B03,,2026-05-13,4,1,refreshing,sweetness,1
R14777,H02730,B11,,2026-05-13,5,1,texture,,1
R14778,H03037,B09,,2026-05-13,5,1,texture,,1
R14779,H03043,B17,,2026-05-13,4,1,energy boost,texture,1
R14780,H03256,B16,,2026-05-13,3,1,,heat,1
R14781,H03511,B20,,2026-05-13,3,1,,ingredients,0
R14782,H03526,B06,,2026-05-13,5,1,seasoning,,1
R14783,H03530,B03,,2026-05-13,4,1,price,,1
R14784,H03554,B01,,2026-05-13,5,1,sweetness,,0
R14785,H03632,B19,,2026-05-13,3,1,energy boost,,1
R14786,H03753,B12,,2026-05-13,3,0,sweetness,,1
R14787,H03766,B16,,2026-05-13,5,1,versatility,,1
R14788,H03965,B03,,2026-05-13,5,1,taste,,1
R14789,H04138,B01,,2026-05-13,5,1,taste,,1
R14790,H04178,B13,P051,2026-05-13,4,0,heat,,0
R14791,H04181,B17,P051,2026-05-13,4,1,energy boost,,1
R14792,H04192,B17,P051,2026-05-13,4,1,texture,portability,1
R14793,H04193,B05,P051,2026-05-13,2,0,,price,1
R14794,H00008,B12,,2026-05-14,4,1,ingredients,,0
R14795,H00313,B07,,2026-05-14,5,1,packaging,,1
R14796,H00380,B18,,2026-05-14,5,1,ingredients,,1
R14797,H00411,B07,,2026-05-14,3,0,,crunch,1
R14798,H00546,B10,,2026-05-14,4,1,price,,0
R14799,H00575,B04,,2026-05-14,4,1,refreshing,,0
R14800,H00759,B13,,2026-05-14,4,1,versatility,,1
R14801,H00839,B16,,2026-05-14,4,1,flavour depth,price,1
R14802,H00960,B09,,2026-05-14,4,0,taste,,1
R14803,H01260,B04,,2026-05-14,5,1,aftertaste,,1
R14804,H01297,B18,,2026-05-14,4,0,texture,energy boost,1
R14805,H01303,B17,,2026-05-14,4,1,texture,,1
R14806,H01427,B15,,2026-05-14,3,1,,heat,0
R14807,H01723,B09,,2026-05-14,4,0,texture,,0
R14808,H02066,B04,,2026-05-14,4,1,fizz,sweetness,1
R14809,H02147,B02,,2026-05-14,5,1,refreshing,,1
R14810,H02201,B16,,2026-05-14,2,1,,texture,1
R14811,H02320,B13,,2026-05-14,4,0,price,,1
R14812,H02384,B14,,2026-05-14,3,1,,versatility,0
R14813,H02618,B08,,2026-05-14,4,0,price,portion size,1
R14814,H02764,B10,,2026-05-14,5,1,texture,,1
R14815,H02803,B08,,2026-05-14,5,1,seasoning,,1
R14816,H02866,B06,,2026-05-14,4,0,price,,1
R14817,H02891,B16,,2026-05-14,5,1,heat,flavour depth,1
R14818,H02949,B03,,2026-05-14,5,1,aftertaste,refreshing,1
R14819,H03022,B05,,2026-05-14,5,1,crunch,,1
R14820,H03063,B06,,2026-05-14,5,1,saltiness,,1
R14821,H03282,B02,,2026-05-14,5,1,refreshing,,1
R14822,H03379,B15,,2026-05-14,4,1,versatility,,1
R14823,H03438,B18,,2026-05-14,5,1,taste,,1
R14824,H03485,B12,,2026-05-14,3,1,taste,,0
R14825,H03537,B08,,2026-05-14,3,0,,crunch,1
R14826,H03538,B13,,2026-05-14,3,1,,heat,1
R14827,H03649,B15,,2026-05-14,4,1,flavour depth,,0
R14828,H03799,B14,,2026-05-14,4,1,price,,0
R14829,H04002,B03,,2026-05-14,4,0,taste,,1
R14830,H04054,B15,,2026-05-14,3,0,,texture,1
R14831,H04129,B13,,2026-05-14,5,1,versatility,heat,1
R14832,H04177,B17,P051,2026-05-14,4,0,taste,,1
R14833,H04181,B01,P051,2026-05-14,5,1,sweetness,,1
R14834,H00017,B20,,2026-05-15,3,0,,texture,1
R14835,H00151,B07,,2026-05-15,3,0,packaging,,0
R14836,H00167,B05,,2026-05-15,3,1,seasoning,,1
R14837,H00243,B18,,2026-05-15,4,1,price,,0
R14838,H00270,B03,,2026-05-15,4,1,can design,,0
R14839,H00366,B04,,2026-05-15,3,0,sweetness,,1
R14840,H00592,B03,,2026-05-15,4,0,taste,can design,1
R14841,H00673,B14,,2026-05-15,4,1,heat,flavour depth,1
R14842,H00977,B03,,2026-05-15,5,1,refreshing,,1
R14843,H01030,B02,,2026-05-15,4,1,price,can design,1
R14844,H01038,B06,,2026-05-15,4,1,packaging,,1
R14845,H01276,B02,,2026-05-15,3,1,sweetness,,0
R14846,H01332,B05,,2026-05-15,3,0,portion size,,1
R14847,H01368,B03,,2026-05-15,4,0,aftertaste,,1
R14848,H01380,B19,,2026-05-15,4,1,taste,,1
R14849,H01441,B17,,2026-05-15,2,1,,taste,0
R14850,H01445,B18,,2026-05-15,3,0,,ingredients,0
R14851,H01621,B20,,2026-05-15,4,1,taste,,1
R14852,H01802,B10,,2026-05-15,4,0,sweetness,texture,0
R14853,H01932,B04,,2026-05-15,4,1,price,,1
R14854,H02317,B15,,2026-05-15,5,1,heat,,1
R14855,H02348,B04,,2026-05-15,5,1,sweetness,,1
R14856,H02464,B09,,2026-05-15,3,1,sweetness,,1
R14857,H02628,B08,,2026-05-15,5,1,crunch,saltiness,1
R14858,H02684,B07,,2026-05-15,5,1,portion size,,1
R14859,H02725,B07,,2026-05-15,4,0,saltiness,,0
R14860,H02911,B08,,2026-05-15,4,1,crunch,,0
R14861,H02932,B03,,2026-05-15,5,1,can design,,1
R14862,H03170,B04,,2026-05-15,3,0,refreshing,,0
R14863,H03293,B06,,2026-05-15,5,1,portion size,,1
R14864,H03585,B02,,2026-05-15,1,0,,fizz,0
R14865,H03972,B03,,2026-05-15,4,0,can design,,1
R14866,H04183,B17,P051,2026-05-15,3,1,,texture,1
R14867,H04194,B05,P051,2026-05-15,4,1,crunch,,1
R14868,H04194,B11,P051,2026-05-15,2,0,ingredients,price,1
R14869,H00125,B14,,2026-05-16,3,0,heat,,0
R14870,H00586,B14,,2026-05-16,4,1,jar size,flavour depth,0
R14871,H00765,B04,,2026-05-16,4,1,can design,,1
R14872,H00934,B06,,2026-05-16,5,1,portion size,,1
R14873,H00993,B16,,2026-05-16,5,1,jar size,,0
R14874,H00994,B06,,2026-05-16,5,1,crunch,seasoning,1
R14875,H01143,B07,,2026-05-16,4,0,portion size,,0
R14876,H01289,B18,,2026-05-16,4,1,price,ingredients,1
R14877,H01525,B14,,2026-05-16,4,1,texture,,1
R14878,H01622,B06,,2026-05-16,5,1,packaging,,1
R14879,H01779,B15,,2026-05-16,4,0,flavour depth,,1
R14880,H01817,B04,,2026-05-16,3,0,,refreshing,0
R14881,H02001,B16,,2026-05-16,5,1,versatility,,1
R14882,H02350,B07,,2026-05-16,4,1,price,saltiness,0
R14883,H02444,B20,,2026-05-16,4,1,ingredients,,0
R14884,H02590,B15,,2026-05-16,5,1,jar size,texture,1
R14885,H02707,B05,,2026-05-16,4,1,price,,1
R14886,H02919,B09,,2026-05-16,2,0,,texture,0
R14887,H03189,B05,,2026-05-16,5,1,saltiness,,1
R14888,H03216,B15,,2026-05-16,3,1,texture,,0
R14889,H03241,B03,,2026-05-16,4,1,refreshing,,0
R14890,H03538,B03,,2026-05-16,4,1,taste,can design,1
R14891,H03791,B09,,2026-05-16,4,1,sweetness,,0
R14892,H03908,B20,,2026-05-16,5,1,portability,,1
R14893,H03951,B06,,2026-05-16,4,1,seasoning,,1
R14894,H03971,B17,,2026-05-16,4,1,price,,1
R14895,H03999,B02,,2026-05-16,3,1,can design,,0
R14896,H04097,B12,,2026-05-16,4,1,packaging,,1
R14897,H04193,B17,P051,2026-05-16,5,1,texture,,1
R14898,H04195,B11,P051,2026-05-16,1,0,,sweetness,0
R14899,H00251,B17,,2026-05-17,3,0,texture,,0
R14900,H00310,B20,,2026-05-17,3,0,,portability,0
R14901,H01075,B18,,2026-05-17,3,0,,portability,0
R14902,H01680,B15,,2026-05-17,3,0,jar size,,0
R14903,H01687,B10,,2026-05-17,4,0,sweetness,,1
R14904,H01819,B14,,2026-05-17,3,0,versatility,,0
R14905,H01902,B15,,2026-05-17,3,0,,jar size,0
R14906,H01927,B20,,2026-05-17,3,0,,portability,0
R14907,H01951,B04,,2026-05-17,5,1,can design,,1
R14908,H01980,B18,,2026-05-17,4,1,texture,,0
R14909,H02069,B01,,2026-05-17,3,0,fizz,,1
R14910,H02170,B20,,2026-05-17,5,1,portability,,1
R14911,H02174,B15,,2026-05-17,4,0,flavour depth,heat,1
R14912,H02303,B18,,2026-05-17,5,1,energy boost,,1
R14913,H02387,B09,,2026-05-17,4,0,sweetness,,1
R14914,H02641,B01,,2026-05-17,4,1,refreshing,price,1
R14915,H02978,B16,,2026-05-17,4,1,texture,,1
R14916,H03003,B17,,2026-05-17,4,1,price,,1
R14917,H03607,B08,,2026-05-17,2,1,crunch,packaging,0
R14918,H03739,B03,,2026-05-17,4,1,aftertaste,,1
R14919,H03892,B04,,2026-05-17,4,1,sweetness,aftertaste,1
R14920,H03908,B04,,2026-05-17,4,0,aftertaste,,1
R14921,H04082,B05,,2026-05-17,5,1,packaging,,1
R14922,H04171,B18,,2026-05-17,5,1,texture,portability,1
R14923,H04175,B11,P051,2026-05-17,4,1,taste,texture,1
R14924,H04176,B01,P051,2026-05-17,4,1,can design,,0
R14925,H04186,B13,P051,2026-05-17,4,1,heat,,1
R14926,H04187,B13,P051,2026-05-17,2,0,heat,price,0
R14927,H04190,B17,P051,2026-05-17,5,1,price,ingredients,1
R14928,H04192,B11,P051,2026-05-17,4,0,price,texture,0
R14929,H04196,B17,P051,2026-05-17,3,0,energy boost,,1
R14930,H04197,B11,P051,2026-05-17,3,1,taste,,0
R14931,H00400,B17,,2026-05-18,4,1,ingredients,price,1
R14932,H00791,B07,,2026-05-18,5,1,price,,1
R14933,H01218,B14,,2026-05-18,3,0,versatility,,0
R14934,H01354,B19,,2026-05-18,3,1,ingredients,,0
R14935,H01792,B08,,2026-05-18,5,0,seasoning,,1
R14936,H01976,B06,,2026-05-18,5,1,portion size,,1
R14937,H01983,B20,,2026-05-18,2,0,texture,taste,0
R14938,H02034,B12,,2026-05-18,5,1,ingredients,texture,0
R14939,H02629,B03,,2026-05-18,3,1,aftertaste,,1
R14940,H03024,B03,,2026-05-18,4,1,can design,,1
R14941,H03209,B07,,2026-05-18,4,0,seasoning,,1
R14942,H03244,B07,,2026-05-18,3,0,,packaging,0
R14943,H03244,B17,,2026-05-18,3,0,energy boost,,1
R14944,H03345,B16,,2026-05-18,3,0,versatility,,1
R14945,H03365,B04,,2026-05-18,4,0,refreshing,,1
R14946,H03532,B07,,2026-05-18,4,1,packaging,,1
R14947,H03558,B03,,2026-05-18,3,0,aftertaste,,1
R14948,H03782,B20,,2026-05-18,4,1,price,,0
R14949,H04093,B08,,2026-05-18,4,1,saltiness,,0
R14950,H04177,B13,P051,2026-05-18,3,0,,texture,1
R14951,H04180,B01,P051,2026-05-18,2,0,,price,1
R14952,H04187,B11,P051,2026-05-18,5,1,packaging,,0
R14953,H04195,B17,P051,2026-05-18,4,1,texture,,1
R14954,H04198,B11,P051,2026-05-18,5,1,sweetness,,0
R14955,H00294,B12,,2026-05-19,4,1,price,,0
R14956,H00421,B03,,2026-05-19,5,1,can design,,1
R14957,H00705,B12,,2026-05-19,5,1,texture,,1
R14958,H00713,B16,,2026-05-19,5,1,versatility,,1
R14959,H00755,B19,,2026-05-19,5,1,price,,1
R14960,H00819,B17,,2026-05-19,3,0,taste,,0
R14961,H00990,B02,,2026-05-19,4,0,fizz,,0
R14962,H01210,B20,,2026-05-19,4,1,taste,,0
R14963,H01290,B03,,2026-05-19,5,1,fizz,,0
R14964,H01348,B12,,2026-05-19,1,0,,sweetness,0
R14965,H01499,B03,,2026-05-19,5,1,sweetness,taste,1
R14966,H01557,B09,,2026-05-19,5,1,packaging,,1
R14967,H01767,B07,,2026-05-19,5,1,portion size,,1
R14968,H01777,B03,,2026-05-19,3,0,taste,,1
R14969,H01897,B03,,2026-05-19,4,1,taste,,1
R14970,H02366,B18,,2026-05-19,5,1,texture,,0
R14971,H02454,B04,,2026-05-19,4,1,refreshing,,1
R14972,H02597,B04,,2026-05-19,2,0,,price,0
R14973,H02918,B18,,2026-05-19,2,0,,ingredients,0
R14974,H03257,B07,,2026-05-19,4,1,price,saltiness,1
R14975,H03390,B04,,2026-05-19,5,1,taste,,1
R14976,H03410,B04,,2026-05-19,5,0,taste,,0
R14977,H03749,B20,,2026-05-19,4,0,texture,price,1
R14978,H04184,B17,P051,2026-05-19,3,0,ingredients,,1
R14979,H04186,B01,P051,2026-05-19,3,1,,aftertaste,1
R14980,H04186,B17,P051,2026-05-19,5,0,ingredients,,1
R14981,H04186,B12,,2026-05-19,3,1,,taste,0
R14982,H04192,B13,P051,2026-05-19,3,0,,versatility,0
R14983,H00024,B15,,2026-05-20,3,0,heat,,0
R14984,H00056,B12,,2026-05-20,4,1,packaging,,0
R14985,H00072,B01,,2026-05-20,4,0,aftertaste,,1
R14986,H00114,B07,,2026-05-20,3,0,,crunch,0
R14987,H00679,B16,,2026-05-20,3,1,,jar size,0
R14988,H00774,B03,,2026-05-20,4,1,sweetness,,1
R14989,H00871,B06,,2026-05-20,5,1,saltiness,,1
R14990,H00989,B10,,2026-05-20,3,0,texture,,0
R14991,H01031,B19,,2026-05-20,4,1,portability,energy boost,1
R14992,H01911,B16,,2026-05-20,5,1,flavour depth,heat,1
R14993,H02169,B04,,2026-05-20,4,1,aftertaste,,0
R14994,H02224,B20,,2026-05-20,4,1,taste,,1
R14995,H02651,B15,,2026-05-20,4,1,heat,jar size,1
R14996,H02797,B19,,2026-05-20,2,0,ingredients,price,0
R14997,H02961,B15,,2026-05-20,4,1,heat,versatility,0
R14998,H03088,B10,,2026-05-20,5,1,price,,1
R14999,H03869,B14,,2026-05-20,2,0,,jar size,0
R15000,H03930,B01,,2026-05-20,5,1,sweetness,price,1
R15001,H04178,B17,P051,2026-05-20,3,1,price,,1
R15002,H04187,B17,P051,2026-05-20,5,1,price,,1
R15003,H04193,B01,P051,2026-05-20,5,1,taste,,1
R15004,H00140,B03,,2026-05-21,4,1,fizz,aftertaste,0
R15005,H00210,B06,,2026-05-21,4,1,portion size,,1
R15006,H00354,B18,,2026-05-21,3,0,texture,,1
R15007,H00469,B10,,2026-05-21,5,1,sweetness,,1
R15008,H00482,B19,,2026-05-21,2,0,,price,0
R15009,H00522,B08,,2026-05-21,4,0,crunch,,0
R15010,H01448,B19,,2026-05-21,4,1,energy boost,,1
R15011,H01601,B18,,2026-05-21,3,1,texture,,0
R15012,H01635,B16,,2026-05-21,2,0,,versatility,0
R15013,H01790,B13,,2026-05-21,5,1,texture,,1
R15014,H01914,B01,,2026-05-21,3,0,price,,1
R15015,H01989,B16,,2026-05-21,3,1,jar size,,0
R15016,H02393,B08,,2026-05-21,5,1,crunch,,1
R15017,H02456,B14,,2026-05-21,2,0,,flavour depth,0
R15018,H02522,B11,,2026-05-21,3,0,ingredients,,0
R15019,H02882,B09,,2026-05-21,3,0,taste,,0
R15020,H03033,B07,,2026-05-21,3,1,,portion size,1
R15021,H03053,B03,,2026-05-21,4,0,taste,refreshing,1
R15022,H03226,B07,,2026-05-21,3,1,,crunch,0
R15023,H03724,B20,,2026-05-21,5,1,price,,0
R15024,H03768,B19,,2026-05-21,5,1,portability,,1
R15025,H03914,B16,,2026-05-21,4,1,heat,,1
R15026,H04147,B14,,2026-05-21,4,1,heat,,0
R15027,H00403,B05,,2026-05-22,3,0,,seasoning,0
R15028,H00645,B08,,2026-05-22,3,0,crunch,,1
R15029,H00760,B02,,2026-05-22,3,1,fizz,,0
R15030,H00836,B16,,2026-05-22,4,1,price,,1
R15031,H01021,B19,,2026-05-22,5,1,energy boost,,1
R15032,H01362,B06,,2026-05-22,4,1,saltiness,,1
R15033,H01991,B09,,2026-05-22,4,1,packaging,sweetness,1
R15034,H02069,B06,,2026-05-22,5,1,saltiness,,1
R15035,H02143,B03,,2026-05-22,5,1,refreshing,,1
R15036,H02184,B17,,2026-05-22,5,1,taste,,1
R15037,H02755,B13,,2026-05-22,3,0,,heat,1
R15038,H02909,B18,,2026-05-22,5,1,portability,,0
R15039,H02921,B11,,2026-05-22,4,1,taste,,0
R15040,H02952,B11,,2026-05-22,4,1,sweetness,texture,0
R15041,H02986,B02,,2026-05-22,3,1,refreshing,,0
R15042,H03147,B13,,2026-05-22,3,0,,flavour depth,0
R15043,H03365,B15,,2026-05-22,5,1,texture,,0
R15044,H03695,B11,,2026-05-22,5,1,taste,texture,1
R15045,H03826,B12,,2026-05-22,3,0,,texture,0
R15046,H03853,B02,,2026-05-22,4,0,taste,,1
R15047,H03893,B04,,2026-05-22,2,0,,taste,1
R15048,H04105,B04,,2026-05-22,3,1,taste,,0
R15049,H04127,B14,,2026-05-22,4,1,flavour depth,texture,1
R15050,H04128,B18,,2026-05-22,4,1,texture,,0
R15051,H00140,B19,,2026-05-23,5,1,texture,,1
R15052,H00194,B14,,2026-05-23,5,1,price,,1
R15053,H00378,B16,,2026-05-23,5,1,heat,,1
R15054,H00590,B01,,2026-05-23,5,1,price,,1
R15055,H00768,B16,,2026-05-23,4,1,jar size,,1
R15056,H00835,B08,,2026-05-23,3,0,price,,1
R15057,H00909,B07,,2026-05-23,5,1,seasoning,saltiness,1
R15058,H01685,B03,,2026-05-23,4,1,refreshing,,1
R15059,H01947,B07,,2026-05-23,4,1,packaging,,1
R15060,H02066,B13,,2026-05-23,4,1,flavour depth,,1
R15061,H02093,B08,,2026-05-23,5,1,seasoning,,1
R15062,H02104,B16,,2026-05-23,3,0,,heat,1
R15063,H02231,B09,,2026-05-23,5,1,packaging,,0
R15064,H02539,B12,,2026-05-23,3,1,,sweetness,1
R15065,H02570,B16,,2026-05-23,5,1,heat,versatility,1
R15066,H02981,B20,,2026-05-23,5,0,price,,1
R15067,H03018,B01,,2026-05-23,5,1,fizz,sweetness,1
R15068,H03038,B14,,2026-05-23,3,0,texture,,0
R15069,H03810,B06,,2026-05-23,5,1,crunch,,1
R15070,H04014,B17,,2026-05-23,4,0,energy boost,price,1
R15071,H04084,B14,,2026-05-23,1,0,,heat,0
R15072,H00445,B07,,2026-05-24,3,1,price,,0
R15073,H00764,B18,,2026-05-24,5,1,taste,,1
R15074,H00809,B10,,2026-05-24,5,1,sweetness,,0
R15075,H00966,B09,,2026-05-24,2,0,,texture,1
R15076,H01084,B02,,2026-05-24,3,0,,aftertaste,1
R15077,H01430,B07,,2026-05-24,3,1,packaging,,0
R15078,H01444,B17,,2026-05-24,3,0,,texture,1
R15079,H01541,B12,,2026-05-24,2,0,,price,0
R15080,H01663,B04,,2026-05-24,4,1,price,,1
R15081,H01843,B06,,2026-05-24,4,1,portion size,,1
R15082,H01881,B07,,2026-05-24,4,0,crunch,packaging,0
R15083,H02068,B12,,2026-05-24,3,0,price,,0
R15084,H02071,B03,,2026-05-24,5,1,taste,,1
R15085,H02073,B08,,2026-05-24,4,0,price,,1
R15086,H02090,B18,,2026-05-24,4,1,ingredients,,0
R15087,H02209,B06,,2026-05-24,5,1,portion size,,1
R15088,H02416,B04,,2026-05-24,5,1,refreshing,,1
R15089,H02589,B09,,2026-05-24,4,1,texture,,0
R15090,H02714,B15,,2026-05-24,4,0,heat,,1
R15091,H02755,B04,,2026-05-24,4,1,sweetness,,1
R15092,H02800,B08,,2026-05-24,5,1,seasoning,saltiness,1
R15093,H02853,B07,,2026-05-24,3,0,,seasoning,0
R15094,H03645,B08,,2026-05-24,3,1,,crunch,0
R15095,H03792,B02,,2026-05-24,4,1,fizz,,1
R15096,H04040,B07,,2026-05-24,4,1,packaging,,0
R15097,H04154,B08,,2026-05-24,5,1,price,seasoning,1
R15098,H04197,B17,,2026-05-24,4,0,portability,texture,1
R15099,H00094,B07,,2026-05-25,4,1,price,,1
R15100,H00320,B17,,2026-05-25,3,1,portability,,1
R15101,H00461,B09,,2026-05-25,5,1,texture,,0
R15102,H00491,B08,,2026-05-25,4,0,saltiness,,1
R15103,H00763,B18,,2026-05-25,5,1,ingredients,,1
R15104,H00890,B15,,2026-05-25,2,1,,flavour depth,0
R15105,H00963,B12,,2026-05-25,4,1,ingredients,,1
R15106,H01175,B15,,2026-05-25,4,1,price,,0
R15107,H01286,B20,,2026-05-25,5,1,price,,1
R15108,H01287,B08,,2026-05-25,4,1,seasoning,,0
R15109,H01360,B07,,2026-05-25,4,0,saltiness,price,0
R15110,H01566,B03,,2026-05-25,4,1,price,,1
R15111,H01571,B05,,2026-05-25,3,0,,seasoning,1
R15112,H01588,B16,,2026-05-25,5,1,jar size,,1
R15113,H01610,B12,,2026-05-25,4,0,taste,,1
R15114,H01719,B09,,2026-05-25,3,1,sweetness,,1
R15115,H01753,B15,,2026-05-25,4,1,texture,jar size,0
R15116,H01756,B04,,2026-05-25,2,0,,can design,0
R15117,H01929,B09,,2026-05-25,4,1,ingredients,,1
R15118,H02302,B18,,2026-05-25,3,0,ingredients,,0
R15119,H02319,B07,,2026-05-25,5,1,portion size,,1
R15120,H02387,B20,,2026-05-25,3,0,,energy boost,1
R15121,H02448,B08,,2026-05-25,3,0,,packaging,0
R15122,H02594,B02,,2026-05-25,4,1,aftertaste,,0
R15123,H02871,B04,,2026-05-25,3,0,,can design,0
R15124,H03008,B08,,2026-05-25,3,0,,seasoning,0
R15125,H03211,B07,,2026-05-25,4,1,packaging,,0
R15126,H03299,B19,,2026-05-25,4,1,energy boost,,1
R15127,H03654,B16,,2026-05-25,4,1,texture,,0
R15128,H03708,B09,,2026-05-25,3,0,taste,,0
R15129,H03708,B10,,2026-05-25,4,1,ingredients,sweetness,1
R15130,H03799,B17,,2026-05-25,4,1,texture,,1
R15131,H03842,B03,,2026-05-25,3,0,,taste,1
R15132,H03877,B04,,2026-05-25,4,1,aftertaste,taste,1
R15133,H03919,B01,,2026-05-25,4,0,fizz,,1
R15134,H04064,B04,,2026-05-25,4,1,taste,refreshing,1
R15135,H04123,B14,,2026-05-25,3,0,texture,,0
R15136,H00041,B01,,2026-05-26,4,0,fizz,,1
R15137,H00123,B06,,2026-05-26,5,1,portion size,,1
R15138,H00177,B14,,2026-05-26,2,0,,jar size,0
R15139,H00209,B10,,2026-05-26,4,1,texture,sweetness,1
R15140,H00666,B18,,2026-05-26,5,0,price,,1
R15141,H00726,B12,,2026-05-26,2,0,,ingredients,0
R15142,H00933,B11,,2026-05-26,5,0,sweetness,,1
R15143,H01138,B16,,2026-05-26,3,0,,price,0
R15144,H01196,B05,,2026-05-26,3,0,,portion size,0
R15145,H01203,B15,,2026-05-26,4,1,heat,,1
R15146,H01414,B07,,2026-05-26,3,1,,saltiness,0
R15147,H01651,B02,,2026-05-26,3,0,can design,,0
R15148,H01686,B20,,2026-05-26,3,0,,taste,1
R15149,H01760,B16,,2026-05-26,4,1,price,,1
R15150,H02127,B12,,2026-05-26,3,0,texture,,0
R15151,H02203,B01,,2026-05-26,5,1,refreshing,,1
R15152,H02228,B16,,2026-05-26,5,1,flavour depth,,0
R15153,H02529,B06,,2026-05-26,5,1,packaging,,1
R15154,H02923,B12,,2026-05-26,4,0,packaging,,1
R15155,H02989,B04,,2026-05-26,4,1,price,,1
R15156,H03220,B13,,2026-05-26,1,0,,jar size,0
R15157,H03274,B01,,2026-05-26,5,1,sweetness,,1
R15158,H03619,B03,,2026-05-26,4,1,sweetness,can design,1
R15159,H03689,B08,,2026-05-26,5,1,packaging,,1
R15160,H03702,B19,,2026-05-26,4,1,ingredients,,1
R15161,H03789,B14,,2026-05-26,4,1,price,,1
R15162,H03873,B18,,2026-05-26,5,1,price,,1
R15163,H04109,B19,,2026-05-26,4,0,taste,,0
R15164,H04211,B19,,2026-05-26,5,1,price,,1
R15165,H04230,B04,,2026-05-26,3,1,,fizz,0
R15166,H04235,B13,P052,2026-05-26,3,0,versatility,,0
R15167,H04240,B01,P052,2026-05-26,5,1,can design,,1
R15168,H04249,B11,P052,2026-05-26,4,0,packaging,taste,0
R15169,H04250,B17,P052,2026-05-26,4,0,taste,,1
R15170,H04253,B11,P052,2026-05-26,2,1,,price,1
R15171,H04255,B01,P052,2026-05-26,4,1,fizz,,1
R15172,H04258,B01,P052,2026-05-26,4,0,aftertaste,,1
R15173,H04259,B13,P052,2026-05-26,3,0,heat,,1
R15174,H04262,B05,P052,2026-05-26,3,0,,seasoning,1
R15175,H04268,B13,P052,2026-05-26,3,0,,jar size,1
R15176,H04275,B01,P052,2026-05-26,5,1,taste,aftertaste,1
R15177,H04277,B11,P052,2026-05-26,4,1,price,,0
R15178,H04286,B05,P052,2026-05-26,4,1,price,,1
R15179,H04288,B01,P052,2026-05-26,5,1,price,,1
R15180,H04291,B01,P052,2026-05-26,4,1,price,,1
R15181,H04294,B11,P052,2026-05-26,5,1,price,,0
R15182,H04296,B11,P052,2026-05-26,4,0,taste,,0
R15183,H04298,B13,P052,2026-05-26,2,0,,jar size,1
R15184,H04302,B01,P052,2026-05-26,3,0,,taste,1
R15185,H04302,B11,P052,2026-05-26,4,0,taste,ingredients,1
R15186,H04307,B05,P052,2026-05-26,4,0,saltiness,,1
R15187,H04310,B17,P052,2026-05-26,4,1,ingredients,,1
R15188,H04315,B17,P052,2026-05-26,3,1,,price,1
R15189,H04319,B01,P052,2026-05-26,4,0,aftertaste,,1
R15190,H00199,B03,,2026-05-27,3,1,,sweetness,0
R15191,H00440,B06,,2026-05-27,5,1,packaging,,1
R15192,H00540,B16,,2026-05-27,3,1,versatility,,0
R15193,H00626,B03,,2026-05-27,4,0,sweetness,,1
R15194,H00814,B14,,2026-05-27,5,1,texture,,1
R15195,H00828,B09,,2026-05-27,3,1,,taste,1
R15196,H00930,B12,,2026-05-27,2,0,,sweetness,0
R15197,H01077,B20,,2026-05-27,5,1,taste,texture,1
R15198,H01362,B07,,2026-05-27,3,0,saltiness,,1
R15199,H01772,B17,,2026-05-27,3,0,energy boost,,1
R15200,H02035,B16,,2026-05-27,4,1,texture,,1
R15201,H02257,B16,,2026-05-27,3,0,texture,,0
R15202,H02458,B18,,2026-05-27,5,0,taste,ingredients,1
R15203,H02668,B09,,2026-05-27,4,1,ingredients,,1
R15204,H03030,B11,,2026-05-27,5,1,sweetness,,1
R15205,H03287,B18,,2026-05-27,4,1,texture,,0
R15206,H03319,B01,,2026-05-27,5,0,taste,,1
R15207,H03475,B18,,2026-05-27,3,0,,portability,1
R15208,H03526,B13,,2026-05-27,5,1,jar size,,1
R15209,H03639,B19,,2026-05-27,4,0,portability,,1
R15210,H03672,B12,,2026-05-27,3,0,texture,,0
R15211,H03874,B06,,2026-05-27,4,1,saltiness,,1
R15212,H04072,B14,,2026-05-27,3,0,,price,0
R15213,H04236,B11,P052,2026-05-27,4,0,packaging,,1
R15214,H04244,B01,P052,2026-05-27,5,1,taste,,1
R15215,H04248,B11,P052,2026-05-27,3,0,taste,,1
R15216,H04249,B19,,2026-05-27,5,1,ingredients,,1
R15217,H04250,B05,P052,2026-05-27,4,0,packaging,,1
R15218,H04254,B17,P052,2026-05-27,5,1,price,,1
R15219,H04255,B17,P052,2026-05-27,5,1,energy boost,,1
R15220,H04261,B05,P052,2026-05-27,4,1,seasoning,,1
R15221,H04261,B16,,2026-05-27,5,1,texture,,1
R15222,H04265,B11,P052,2026-05-27,4,0,taste,,0
R15223,H04266,B17,P052,2026-05-27,4,1,portability,,1
R15224,H04269,B11,P052,2026-05-27,5,1,sweetness,,1
R15225,H04270,B05,P052,2026-05-27,3,0,portion size,,1
R15226,H04283,B01,P052,2026-05-27,5,1,taste,can design,1
R15227,H04285,B05,P052,2026-05-27,4,1,price,,1
R15228,H04295,B01,P052,2026-05-27,5,0,aftertaste,,1
R15229,H04295,B05,P052,2026-05-27,5,1,crunch,,1
R15230,H04297,B17,P052,2026-05-27,3,0,portability,,1
R15231,H04298,B17,P052,2026-05-27,5,1,portability,texture,1
R15232,H04299,B13,P052,2026-05-27,4,1,versatility,,0
R15233,H04301,B04,,2026-05-27,5,1,taste,,1
R15234,H04304,B01,P052,2026-05-27,3,0,sweetness,,1
R15235,H04304,B17,P052,2026-05-27,5,1,texture,,1
R15236,H04305,B05,P052,2026-05-27,3,0,,seasoning,0
R15237,H04307,B01,P052,2026-05-27,5,1,refreshing,,1
R15238,H04308,B11,P052,2026-05-27,5,0,ingredients,,1
R15239,H04318,B01,P052,2026-05-27,3,1,fizz,,1
R15240,H04318,B13,P052,2026-05-27,3,0,,jar size,1
R15241,H04322,B07,,2026-05-27,4,1,seasoning,,1
R15242,H00237,B10,,2026-05-28,5,1,texture,,0
R15243,H00256,B13,,2026-05-28,4,1,price,,1
R15244,H00765,B19,,2026-05-28,4,1,portability,taste,1
R15245,H01231,B12,,2026-05-28,4,1,ingredients,,0
R15246,H01280,B08,,2026-05-28,3,1,saltiness,,0
R15247,H01382,B16,,2026-05-28,5,1,texture,,1
R15248,H01505,B10,,2026-05-28,4,0,ingredients,,0
R15249,H01527,B01,,2026-05-28,5,1,price,,1
R15250,H01800,B11,,2026-05-28,4,1,ingredients,,0
R15251,H01958,B09,,2026-05-28,4,0,packaging,,0
R15252,H02017,B03,,2026-05-28,3,1,,taste,1
R15253,H02082,B07,,2026-05-28,2,0,,saltiness,0
R15254,H02454,B17,,2026-05-28,4,1,portability,,1
R15255,H02498,B19,,2026-05-28,4,1,energy boost,,1
R15256,H02557,B04,,2026-05-28,5,1,sweetness,,1
R15257,H03103,B14,,2026-05-28,3,0,jar size,,0
R15258,H03197,B08,,2026-05-28,4,1,price,,0
R15259,H03536,B19,,2026-05-28,5,1,ingredients,,1
R15260,H03974,B19,,2026-05-28,4,1,taste,,0
R15261,H04097,B08,,2026-05-28,3,0,,crunch,0
R15262,H04161,B10,,2026-05-28,3,0,price,,0
R15263,H04242,B13,,2026-05-28,4,1,price,,0
R15264,H04246,B11,P052,2026-05-28,4,1,taste,,1
R15265,H04247,B05,P052,2026-05-28,3,0,,packaging,1
R15266,H04250,B01,P052,2026-05-28,5,1,refreshing,sweetness,1
R15267,H04252,B05,P052,2026-05-28,3,0,,portion size,1
R15268,H04253,B01,P052,2026-05-28,5,0,aftertaste,,1
R15269,H04254,B01,P052,2026-05-28,5,1,price,fizz,1
R15270,H04265,B01,P052,2026-05-28,5,0,price,,1
R15271,H04269,B01,P052,2026-05-28,4,0,refreshing,,1
R15272,H04271,B05,P052,2026-05-28,4,1,price,,1
R15273,H04275,B05,P052,2026-05-28,3,0,packaging,,1
R15274,H04278,B11,P052,2026-05-28,3,0,packaging,,0
R15275,H04278,B13,P052,2026-05-28,5,1,texture,price,1
R15276,H04281,B17,P052,2026-05-28,4,1,texture,,1
R15277,H04282,B17,P052,2026-05-28,5,1,portability,,1
R15278,H04294,B01,P052,2026-05-28,5,1,sweetness,,1
R15279,H04307,B13,P052,2026-05-28,1,0,,heat,1
R15280,H04309,B11,P052,2026-05-28,4,1,price,,0
R15281,H04310,B01,P052,2026-05-28,4,1,refreshing,,1
R15282,H04315,B05,P052,2026-05-28,3,0,packaging,,1
R15283,H04316,B01,P052,2026-05-28,5,1,refreshing,,1
R15284,H00142,B11,,2026-05-29,2,0,,ingredients,0
R15285,H00195,B05,,2026-05-29,4,1,seasoning,,1
R15286,H00195,B04,,2026-05-29,3,1,,can design,0
R15287,H00286,B09,,2026-05-29,5,1,ingredients,,0
R15288,H00305,B14,,2026-05-29,3,1,,heat,0
R15289,H00551,B03,,2026-05-29,3,0,,price,0
R15290,H00610,B18,,2026-05-29,3,1,price,,0
R15291,H00758,B02,,2026-05-29,5,1,fizz,,0
R15292,H00765,B16,,2026-05-29,4,1,price,,1
R15293,H00802,B12,,2026-05-29,5,1,packaging,ingredients,1
R15294,H00830,B05,,2026-05-29,4,1,saltiness,portion size,1
R15295,H01100,B18,,2026-05-29,3,1,price,,0
R15296,H01510,B17,,2026-05-29,2,0,,texture,0
R15297,H01926,B13,,2026-05-29,3,0,,price,0
R15298,H01977,B18,,2026-05-29,4,1,texture,,1
R15299,H02023,B09,,2026-05-29,3,0,,sweetness,0
R15300,H02025,B19,,2026-05-29,5,1,energy boost,price,1
R15301,H02230,B16,,2026-05-29,3,1,,jar size,1
R15302,H02237,B02,,2026-05-29,5,1,sweetness,,1
R15303,H02412,B02,,2026-05-29,5,1,aftertaste,,1
R15304,H02452,B01,,2026-05-29,5,1,fizz,,1
R15305,H02471,B14,,2026-05-29,5,1,texture,,1
R15306,H02471,B13,,2026-05-29,4,0,price,texture,1
R15307,H02526,B06,,2026-05-29,5,1,price,,1
R15308,H02969,B08,,2026-05-29,4,1,crunch,,0
R15309,H03279,B05,,2026-05-29,3,0,,crunch,1
R15310,H03458,B04,,2026-05-29,4,1,fizz,,0
R15311,H03539,B03,,2026-05-29,3,0,,taste,1
R15312,H03590,B06,,2026-05-29,5,1,price,,1
R15313,H03666,B19,,2026-05-29,4,1,energy boost,,1
R15314,H03714,B12,,2026-05-29,3,1,,price,0
R15315,H03738,B08,,2026-05-29,4,1,seasoning,saltiness,1
R15316,H03812,B19,,2026-05-29,3,1,,texture,0
R15317,H03924,B03,,2026-05-29,2,0,,sweetness,0
R15318,H03942,B07,,2026-05-29,5,1,portion size,,1
R15319,H04069,B14,,2026-05-29,5,1,heat,,1
R15320,H04168,B15,,2026-05-29,5,1,texture,,1
R15321,H04223,B01,,2026-05-29,3,0,can design,,0
R15322,H04239,B11,P052,2026-05-29,4,1,packaging,ingredients,0
R15323,H04241,B05,P052,2026-05-29,5,1,crunch,,1
R15324,H04245,B01,P052,2026-05-29,4,0,price,,1
R15325,H04245,B05,P052,2026-05-29,3,1,,crunch,1
R15326,H04250,B11,P052,2026-05-29,5,1,sweetness,,1
R15327,H04251,B11,P052,2026-05-29,5,1,ingredients,sweetness,0
R15328,H04262,B17,P052,2026-05-29,5,0,price,portability,1
R15329,H04264,B06,,2026-05-29,3,1,portion size,,1
R15330,H04279,B05,P052,2026-05-29,4,0,seasoning,,0
R15331,H04284,B17,P052,2026-05-29,4,1,ingredients,,1
R15332,H04287,B13,P052,2026-05-29,5,1,price,,1
R15333,H04289,B01,P052,2026-05-29,5,1,refreshing,,1
R15334,H04297,B05,P052,2026-05-29,4,1,price,,1
R15335,H04313,B05,P052,2026-05-29,4,0,packaging,price,1
R15336,H04315,B01,P052,2026-05-29,5,1,price,,1
R15337,H04317,B05,P052,2026-05-29,3,1,,saltiness,0
R15338,H04317,B11,P052,2026-05-29,3,0,,sweetness,0
R15339,H04317,B17,P052,2026-05-29,2,0,,texture,1
R15340,H04320,B01,P052,2026-05-29,4,0,refreshing,,1
R15341,H04320,B05,P052,2026-05-29,3,0,,price,1
R15342,H00119,B04,,2026-05-30,4,0,refreshing,,1
R15343,H00189,B20,,2026-05-30,2,0,,portability,0
R15344,H00690,B15,,2026-05-30,5,1,flavour depth,price,1
R15345,H00755,B15,,2026-05-30,2,0,,price,0
R15346,H00772,B08,,2026-05-30,5,1,portion size,,1
R15347,H00839,B06,,2026-05-30,5,1,saltiness,,1
R15348,H00882,B20,,2026-05-30,3,0,texture,,0
R15349,H00973,B02,,2026-05-30,5,1,can design,,1
R15350,H01216,B05,,2026-05-30,5,1,packaging,,1
R15351,H01254,B03,,2026-05-30,5,1,fizz,aftertaste,1
R15352,H01299,B13,,2026-05-30,4,1,heat,,1
R15353,H01376,B13,,2026-05-30,3,0,,jar size,1
R15354,H01419,B15,,2026-05-30,1,0,,texture,0
R15355,H01535,B14,,2026-05-30,3,1,,flavour depth,0
R15356,H01803,B15,,2026-05-30,3,0,heat,,0
R15357,H01948,B02,,2026-05-30,5,1,refreshing,,1
R15358,H02316,B02,,2026-05-30,5,1,can design,,1
R15359,H02460,B05,,2026-05-30,5,1,price,,1
R15360,H02643,B01,,2026-05-30,3,1,,fizz,1
R15361,H02765,B19,,2026-05-30,3,1,texture,,0
R15362,H02846,B04,,2026-05-30,4,1,can design,,0
R15363,H03251,B09,,2026-05-30,2,0,,texture,1
R15364,H03620,B19,,2026-05-30,3,0,taste,,1
R15365,H03752,B10,,2026-05-30,5,1,ingredients,,1
R15366,H04009,B01,,2026-05-30,4,1,fizz,,1
R15367,H04010,B13,,2026-05-30,1,0,,price,0
R15368,H04110,B12,,2026-05-30,3,0,,ingredients,0
R15369,H04236,B01,P052,2026-05-30,4,1,aftertaste,,1
R15370,H04237,B05,P052,2026-05-30,3,0,seasoning,,0
R15371,H04239,B01,P052,2026-05-30,5,1,fizz,,1
R15372,H04248,B13,P052,2026-05-30,4,1,flavour depth,,0
R15373,H04253,B17,P052,2026-05-30,5,1,price,taste,1
R15374,H04255,B05,P052,2026-05-30,3,0,,price,1
R15375,H04255,B11,P052,2026-05-30,5,1,taste,,0
R15376,H04263,B13,P052,2026-05-30,4,1,jar size,,1
R15377,H04265,B17,P052,2026-05-30,4,1,texture,,1
R15378,H04270,B17,P052,2026-05-30,4,1,portability,,1
R15379,H04276,B17,P052,2026-05-30,5,1,portability,,1
R15380,H04280,B17,P052,2026-05-30,4,1,taste,,1
R15381,H04285,B01,P052,2026-05-30,4,0,fizz,,1
R15382,H04293,B01,P052,2026-05-30,4,1,taste,,1
R15383,H04293,B17,P052,2026-05-30,4,1,ingredients,,1
R15384,H04295,B11,P052,2026-05-30,3,0,texture,,0
R15385,H04300,B05,P052,2026-05-30,5,1,price,,1
R15386,H04302,B17,P052,2026-05-30,3,0,price,,1
R15387,H04305,B01,P052,2026-05-30,4,1,aftertaste,,1
R15388,H04307,B17,P052,2026-05-30,5,1,taste,price,1
R15389,H04309,B17,P052,2026-05-30,4,0,price,,1
R15390,H04314,B01,P052,2026-05-30,5,1,fizz,,1
R15391,H00160,B03,,2026-05-31,4,1,refreshing,,0
R15392,H00172,B04,,2026-05-31,4,0,aftertaste,,0
R15393,H00470,B04,,2026-05-31,4,1,refreshing,,0
R15394,H00543,B04,,2026-05-31,5,1,aftertaste,,1
R15395,H00659,B14,,2026-05-31,4,1,jar size,heat,0
R15396,H01019,B04,,2026-05-31,5,1,sweetness,,1
R15397,H01053,B09,,2026-05-31,4,1,taste,,1
R15398,H01071,B08,,2026-05-31,4,1,saltiness,,0
R15399,H01106,B12,,2026-05-31,4,0,price,,1
R15400,H01205,B10,,2026-05-31,4,1,ingredients,,1
R15401,H01244,B11,,2026-05-31,4,1,texture,sweetness,1
R15402,H01258,B07,,2026-05-31,5,1,packaging,,1
R15403,H01498,B10,,2026-05-31,3,0,taste,,1
R15404,H01662,B10,,2026-05-31,5,1,ingredients,,1
R15405,H01734,B11,,2026-05-31,4,0,packaging,,1
R15406,H01795,B10,,2026-05-31,5,1,taste,,1
R15407,H01804,B01,,2026-05-31,4,0,sweetness,fizz,1
R15408,H01987,B16,,2026-05-31,4,1,jar size,,1
R15409,H02077,B04,,2026-05-31,3,1,aftertaste,,0
R15410,H02144,B15,,2026-05-31,3,0,,flavour depth,0
R15411,H02234,B17,,2026-05-31,4,0,portability,,1
R15412,H02494,B08,,2026-05-31,2,0,,seasoning,0
R15413,H02507,B14,,2026-05-31,3,0,,versatility,0
R15414,H02564,B08,,2026-05-31,3,1,saltiness,,0
R15415,H02630,B10,,2026-05-31,4,1,ingredients,,1
R15416,H02698,B06,,2026-05-31,4,1,crunch,,0
R15417,H02838,B20,,2026-05-31,5,1,portability,,1
R15418,H02942,B10,,2026-05-31,5,1,texture,,1
R15419,H03044,B18,,2026-05-31,2,0,,taste,0
R15420,H03120,B05,,2026-05-31,3,1,,portion size,1
R15421,H03243,B05,,2026-05-31,4,1,portion size,,1
R15422,H03359,B09,,2026-05-31,4,0,taste,,1
R15423,H03795,B03,,2026-05-31,5,1,aftertaste,,1
R15424,H03961,B13,,2026-05-31,4,1,flavour depth,versatility,0
R15425,H04189,B10,,2026-05-31,3,0,packaging,,0
R15426,H04239,B13,P052,2026-05-31,2,0,,jar size,1
R15427,H04252,B17,P052,2026-05-31,4,1,taste,,1
R15428,H04256,B05,P052,2026-05-31,5,1,crunch,,1
R15429,H04256,B17,P052,2026-05-31,4,1,portability,,1
R15430,H04257,B01,P052,2026-05-31,4,1,can design,,1
R15431,H04260,B01,P052,2026-05-31,5,1,sweetness,aftertaste,1
R15432,H04263,B01,P052,2026-05-31,4,1,can design,sweetness,1
R15433,H04267,B17,P052,2026-05-31,3,0,price,,1
R15434,H04276,B05,P052,2026-05-31,2,0,,price,0
R15435,H04277,B01,P052,2026-05-31,5,1,fizz,,1
R15436,H04277,B05,P052,2026-05-31,5,1,portion size,,1
R15437,H04280,B13,P052,2026-05-31,5,1,flavour depth,heat,1
R15438,H04292,B01,P052,2026-05-31,4,1,refreshing,,1
R15439,H04296,B01,P052,2026-05-31,4,1,aftertaste,refreshing,1
R15440,H04297,B01,P052,2026-05-31,5,1,price,aftertaste,1
R15441,H04303,B05,P052,2026-05-31,3,0,,crunch,0
R15442,H04306,B17,P052,2026-05-31,4,1,ingredients,,1
R15443,H04308,B17,P052,2026-05-31,5,0,texture,,1
R15444,H04310,B13,P052,2026-05-31,4,1,flavour depth,,0
R15445,H04320,B13,P052,2026-05-31,3,0,,heat,1
R15446,H00311,B12,,2026-06-01,2,0,,ingredients,0
R15447,H00391,B17,,2026-06-01,4,1,portability,,1
R15448,H00470,B02,,2026-06-01,4,0,price,,0
R15449,H00795,B15,,2026-06-01,5,1,texture,,1
R15450,H00843,B19,,2026-06-01,5,1,energy boost,price,0
R15451,H01037,B18,,2026-06-01,4,0,portability,,1
R15452,H01689,B07,,2026-06-01,3,0,,portion size,0
R15453,H01769,B01,,2026-06-01,4,0,taste,,1
R15454,H01950,B03,,2026-06-01,4,1,fizz,price,1
R15455,H02022,B05,,2026-06-01,3,1,,seasoning,1
R15456,H02247,B19,,2026-06-01,4,1,taste,,1
R15457,H02317,B01,,2026-06-01,4,1,sweetness,,1
R15458,H02415,B03,,2026-06-01,3,0,,sweetness,0
R15459,H02479,B13,,2026-06-01,5,1,texture,,1
R15460,H02799,B11,,2026-06-01,5,1,ingredients,,1
R15461,H02979,B15,,2026-06-01,5,1,price,heat,1
R15462,H03006,B07,,2026-06-01,3,0,,portion size,0
R15463,H03203,B13,,2026-06-01,4,1,price,jar size,0
R15464,H03234,B06,,2026-06-01,4,1,packaging,crunch,1
R15465,H03275,B12,,2026-06-01,3,1,,price,0
R15466,H03433,B15,,2026-06-01,5,1,texture,heat,1
R15467,H03440,B04,,2026-06-01,3,0,,can design,1
R15468,H03474,B08,,2026-06-01,3,0,seasoning,,0
R15469,H03576,B18,,2026-06-01,4,0,ingredients,,1
R15470,H03640,B18,,2026-06-01,4,0,energy boost,,0
R15471,H03650,B11,,2026-06-01,3,1,texture,,0
R15472,H03900,B11,,2026-06-01,4,1,texture,packaging,1
R15473,H04008,B12,,2026-06-01,4,1,texture,,0
R15474,H04022,B16,,2026-06-01,4,1,price,jar size,0
R15475,H04024,B15,,2026-06-01,2,1,heat,versatility,0
R15476,H04056,B15,,2026-06-01,4,1,heat,,1
R15477,H04188,B17,,2026-06-01,4,1,texture,taste,1
R15478,H04191,B05,,2026-06-01,2,0,,crunch,0
R15479,H04206,B09,,2026-06-01,4,0,packaging,,1
R15480,H04238,B01,P052,2026-06-01,4,0,taste,,1
R15481,H04247,B11,P052,2026-06-01,4,1,sweetness,,0
R15482,H04248,B01,P052,2026-06-01,4,0,refreshing,,1
R15483,H04253,B05,P052,2026-06-01,4,1,portion size,,1
R15484,H04259,B11,P052,2026-06-01,4,1,taste,packaging,0
R15485,H04261,B11,P052,2026-06-01,5,1,ingredients,,1
R15486,H04268,B05,P052,2026-06-01,3,0,seasoning,,1
R15487,H04281,B01,P052,2026-06-01,3,1,,price,1
R15488,H04281,B13,P052,2026-06-01,4,1,texture,,1
R15489,H04283,B17,P052,2026-06-01,4,0,ingredients,,1
R15490,H04288,B05,P052,2026-06-01,4,0,seasoning,,1
R15491,H04292,B13,P052,2026-06-01,2,1,,versatility,1
R15492,H04296,B13,P052,2026-06-01,3,1,,heat,1
R15493,H04298,B11,P052,2026-06-01,3,1,sweetness,,0
R15494,H04299,B01,P052,2026-06-01,4,1,taste,,1
R15495,H04304,B05,P052,2026-06-01,3,1,,portion size,1
R15496,H04305,B13,P052,2026-06-01,3,0,versatility,,1
R15497,H04306,B01,P052,2026-06-01,4,0,aftertaste,,1
R15498,H04311,B17,P052,2026-06-01,4,0,texture,,1
R15499,H04314,B11,P052,2026-06-01,4,1,ingredients,,0
R15500,H04316,B05,P052,2026-06-01,5,0,packaging,,1
R15501,H04316,B13,P052,2026-06-01,4,0,texture,,1
R15502,H04320,B17,P052,2026-06-01,5,1,energy boost,,1
R15503,H00440,B17,,2026-06-02,3,0,,ingredients,1
R15504,H00614,B09,,2026-06-02,4,1,sweetness,ingredients,1
R15505,H00627,B13,,2026-06-02,4,1,versatility,,1
R15506,H01130,B08,,2026-06-02,4,1,saltiness,seasoning,1
R15507,H01217,B09,,2026-06-02,4,1,texture,,0
R15508,H01267,B02,,2026-06-02,5,1,sweetness,,1
R15509,H01470,B11,,2026-06-02,5,1,packaging,,1
R15510,H01642,B14,,2026-06-02,5,1,heat,,1
R15511,H01652,B02,,2026-06-02,3,1,,taste,0
R15512,H01661,B01,,2026-06-02,5,1,refreshing,,1
R15513,H01766,B16,,2026-06-02,4,1,versatility,,1
R15514,H01797,B03,,2026-06-02,5,1,price,fizz,1
R15515,H01896,B15,,2026-06-02,5,1,heat,,1
R15516,H02284,B04,,2026-06-02,4,1,aftertaste,,1
R15517,H02539,B04,,2026-06-02,3,0,taste,,0
R15518,H02801,B20,,2026-06-02,4,0,ingredients,portability,0
R15519,H03019,B07,,2026-06-02,3,1,price,,1
R15520,H03457,B07,,2026-06-02,4,0,crunch,,1
R15521,H03513,B11,,2026-06-02,3,0,,taste,0
R15522,H03655,B01,,2026-06-02,5,1,fizz,taste,1
R15523,H03743,B11,,2026-06-02,5,1,price,,1
R15524,H03951,B03,,2026-06-02,4,0,refreshing,,1
R15525,H03979,B08,,2026-06-02,3,1,,saltiness,0
R15526,H04018,B17,,2026-06-02,5,0,ingredients,,1
R15527,H04062,B02,,2026-06-02,3,0,,sweetness,0
R15528,H04069,B15,,2026-06-02,4,1,flavour depth,texture,1
R15529,H04230,B05,,2026-06-02,5,1,saltiness,,1
R15530,H04235,B01,P052,2026-06-02,5,1,sweetness,,1
R15531,H04238,B17,P052,2026-06-02,5,1,taste,,1
R15532,H04240,B05,P052,2026-06-02,3,1,,price,1
R15533,H04242,B17,P052,2026-06-02,4,1,price,,1
R15534,H04245,B17,P052,2026-06-02,4,1,price,,1
R15535,H04252,B11,P052,2026-06-02,4,0,taste,,1
R15536,H04257,B05,P052,2026-06-02,3,0,,saltiness,1
R15537,H04259,B01,P052,2026-06-02,5,1,can design,sweetness,1
R15538,H04264,B13,P052,2026-06-02,2,0,,price,0
R15539,H04276,B01,,2026-06-02,4,0,price,,0
R15540,H04284,B05,P052,2026-06-02,4,0,crunch,,1
R15541,H04287,B05,P052,2026-06-02,3,0,portion size,,1
R15542,H04297,B13,P052,2026-06-02,2,0,texture,versatility,1
R15543,H04298,B01,P052,2026-06-02,5,1,fizz,,1
R15544,H04298,B05,P052,2026-06-02,4,1,crunch,,1
R15545,H04309,B13,P052,2026-06-02,5,1,price,texture,1
R15546,H04310,B11,P052,2026-06-02,5,1,taste,,1
R15547,H04312,B17,P052,2026-06-02,5,1,energy boost,,1
R15548,H04319,B17,P052,2026-06-02,3,1,,portability,1
R15549,H04328,B15,,2026-06-02,5,1,texture,price,1
R15550,H00063,B14,,2026-06-03,1,1,,versatility,0
R15551,H00111,B07,,2026-06-03,4,1,price,,1
R15552,H00313,B09,,2026-06-03,4,1,texture,sweetness,1
R15553,H00408,B06,,2026-06-03,5,1,price,,1
R15554,H00438,B18,,2026-06-03,5,1,ingredients,,1
R15555,H00464,B09,,2026-06-03,2,0,sweetness,ingredients,0
R15556,H00527,B15,,2026-06-03,5,1,versatility,price,1
R15557,H00601,B18,,2026-06-03,4,1,energy boost,,0
R15558,H00655,B03,,2026-06-03,5,1,sweetness,,1
R15559,H00713,B05,,2026-06-03,5,1,seasoning,,1
R15560,H00742,B11,,2026-06-03,3,0,texture,,0
R15561,H00835,B11,,2026-06-03,5,1,price,,1
R15562,H00878,B15,,2026-06-03,5,1,heat,,1
R15563,H00933,B08,,2026-06-03,5,1,saltiness,,1
R15564,H01183,B04,,2026-06-03,3,1,,can design,1
R15565,H01297,B17,,2026-06-03,4,1,texture,,1
R15566,H01331,B03,,2026-06-03,3,0,refreshing,,0
R15567,H01877,B02,,2026-06-03,5,1,aftertaste,,1
R15568,H02111,B07,,2026-06-03,4,1,portion size,packaging,1
R15569,H02196,B11,,2026-06-03,5,1,ingredients,,1
R15570,H02293,B08,,2026-06-03,3,1,,price,0
R15571,H02314,B05,,2026-06-03,3,1,seasoning,,1
R15572,H02324,B07,,2026-06-03,5,1,packaging,,1
R15573,H02387,B01,,2026-06-03,4,1,aftertaste,refreshing,1
R15574,H02742,B07,,2026-06-03,4,0,packaging,seasoning,1
R15575,H03333,B04,,2026-06-03,3,1,refreshing,,0
R15576,H03718,B15,,2026-06-03,5,1,texture,,1
R15577,H04123,B13,,2026-06-03,3,1,,jar size,0
R15578,H04210,B05,,2026-06-03,4,1,portion size,price,1
R15579,H04212,B12,,2026-06-03,3,0,sweetness,,0
R15580,H00060,B07,,2026-06-04,2,0,,portion size,0
R15581,H00160,B02,,2026-06-04,3,1,sweetness,,0
R15582,H00281,B14,,2026-06-04,3,0,,heat,0
R15583,H00767,B05,,2026-06-04,4,0,price,,1
R15584,H01023,B02,,2026-06-04,5,1,can design,,1
R15585,H01127,B10,,2026-06-04,2,0,,sweetness,0
R15586,H01581,B09,,2026-06-04,4,1,sweetness,,1
R15587,H01717,B19,,2026-06-04,4,1,taste,,0
R15588,H01724,B01,,2026-06-04,5,0,taste,,1
R15589,H01770,B17,,2026-06-04,5,1,taste,,1
R15590,H01937,B20,,2026-06-04,5,1,energy boost,,1
R15591,H02005,B02,,2026-06-04,3,0,,refreshing,1
R15592,H02131,B16,,2026-06-04,4,1,texture,,1
R15593,H02215,B02,,2026-06-04,4,1,fizz,,1
R15594,H02601,B06,,2026-06-04,4,1,packaging,,0
R15595,H02745,B02,,2026-06-04,4,1,aftertaste,,0
R15596,H02800,B14,,2026-06-04,5,1,price,,1
R15597,H03088,B11,,2026-06-04,5,1,sweetness,,1
R15598,H03125,B02,,2026-06-04,5,1,taste,,1
R15599,H03511,B03,,2026-06-04,3,1,aftertaste,,0
R15600,H03707,B19,,2026-06-04,2,0,,ingredients,0
R15601,H03944,B12,,2026-06-04,5,1,ingredients,,1
R15602,H04048,B10,,2026-06-04,4,1,texture,,1
R15603,H04059,B06,,2026-06-04,4,1,seasoning,,1
R15604,H04266,B08,,2026-06-04,5,1,portion size,,1
R15605,H00134,B04,,2026-06-05,5,1,aftertaste,,1
R15606,H00555,B14,,2026-06-05,3,0,flavour depth,,0
R15607,H00620,B19,,2026-06-05,3,0,energy boost,,1
R15608,H00766,B20,,2026-06-05,3,0,,texture,1
R15609,H00977,B20,,2026-06-05,5,1,taste,energy boost,1
R15610,H01060,B15,,2026-06-05,3,1,price,,0
R15611,H01189,B10,,2026-06-05,3,1,,ingredients,0
R15612,H01329,B19,,2026-06-05,3,0,,texture,0
R15613,H01517,B09,,2026-06-05,4,1,texture,,1
R15614,H01955,B04,,2026-06-05,5,0,price,,0
R15615,H01972,B12,,2026-06-05,3,1,,price,0
R15616,H02095,B12,,2026-06-05,2,0,,taste,0
R15617,H02311,B03,,2026-06-05,5,1,can design,,1
R15618,H02350,B18,,2026-06-05,5,1,energy boost,,1
R15619,H03054,B09,,2026-06-05,4,1,packaging,,1
R15620,H03181,B07,,2026-06-05,4,1,saltiness,,1
R15621,H03368,B13,,2026-06-05,3,0,,price,0
R15622,H03712,B03,,2026-06-05,5,1,sweetness,price,1
R15623,H03773,B03,,2026-06-05,4,1,sweetness,,1
R15624,H03812,B01,,2026-06-05,4,1,sweetness,,1
R15625,H03866,B10,,2026-06-05,4,0,texture,,1
R15626,H03882,B18,,2026-06-05,5,1,price,,0
R15627,H03919,B02,,2026-06-05,4,1,sweetness,,0
R15628,H00002,B07,,2026-06-06,4,1,price,,1
R15629,H00069,B13,,2026-06-06,5,1,heat,price,1
R15630,H00345,B14,,2026-06-06,5,1,price,,1
R15631,H00432,B04,,2026-06-06,3,0,,can design,0
R15632,H00544,B01,,2026-06-06,4,1,taste,,1
R15633,H00581,B09,,2026-06-06,3,0,,packaging,0
R15634,H00865,B02,,2026-06-06,3,0,,price,1
R15635,H00895,B12,,2026-06-06,2,0,,price,0
R15636,H00965,B07,,2026-06-06,4,1,portion size,,1
R15637,H01028,B08,,2026-06-06,3,0,,packaging,0
R15638,H01162,B01,,2026-06-06,4,1,price,,1
R15639,H01163,B13,,2026-06-06,4,1,versatility,flavour depth,1
R15640,H01189,B04,,2026-06-06,4,0,sweetness,,1
R15641,H01285,B08,,2026-06-06,5,1,seasoning,saltiness,1
R15642,H01459,B09,,2026-06-06,5,1,taste,,1
R15643,H01671,B12,,2026-06-06,4,1,ingredients,,1
R15644,H01814,B15,,2026-06-06,2,0,,heat,0
R15645,H02145,B09,,2026-06-06,5,1,price,sweetness,1
R15646,H02475,B13,,2026-06-06,1,0,,price,0
R15647,H02751,B14,,2026-06-06,4,1,price,,1
R15648,H03053,B04,,2026-06-06,5,1,taste,aftertaste,1
R15649,H03056,B08,,2026-06-06,3,1,,portion size,0
R15650,H03133,B01,,2026-06-06,5,1,sweetness,,1
R15651,H03280,B16,,2026-06-06,4,0,versatility,jar size,1
R15652,H03909,B20,,2026-06-06,3,1,portability,,0
R15653,H04116,B09,,2026-06-06,3,0,sweetness,,0
R15654,H04204,B17,,2026-06-06,5,1,price,,1
R15655,H00018,B06,,2026-06-07,3,1,,price,0
R15656,H00157,B02,,2026-06-07,5,1,aftertaste,,1
R15657,H00178,B06,,2026-06-07,5,0,portion size,,1
R15658,H00371,B19,,2026-06-07,1,0,,portability,0
R15659,H00436,B10,,2026-06-07,2,0,taste,packaging,0
R15660,H00569,B03,,2026-06-07,4,1,aftertaste,,1
R15661,H00915,B10,,2026-06-07,5,1,sweetness,,1
R15662,H01057,B07,,2026-06-07,3,1,seasoning,,1
R15663,H01191,B07,,2026-06-07,5,1,portion size,saltiness,1
R15664,H01641,B05,,2026-06-07,5,1,price,,1
R15665,H01665,B16,,2026-06-07,4,1,texture,,1
R15666,H01741,B10,,2026-06-07,5,1,ingredients,,1
R15667,H01748,B09,,2026-06-07,4,0,ingredients,,1
R15668,H01892,B09,,2026-06-07,3,1,texture,,1
R15669,H01978,B08,,2026-06-07,5,1,price,crunch,1
R15670,H02021,B10,,2026-06-07,5,1,ingredients,,1
R15671,H02120,B09,,2026-06-07,5,1,taste,,1
R15672,H02407,B17,,2026-06-07,5,1,energy boost,,1
R15673,H02407,B20,,2026-06-07,5,1,energy boost,,1
R15674,H02624,B05,,2026-06-07,4,1,seasoning,,1
R15675,H02655,B07,,2026-06-07,5,1,crunch,,1
R15676,H02842,B17,,2026-06-07,4,1,ingredients,,1
R15677,H03184,B08,,2026-06-07,4,1,seasoning,,1
R15678,H03364,B05,,2026-06-07,4,1,price,,1
R15679,H03444,B14,,2026-06-07,3,0,texture,,0
R15680,H03576,B11,,2026-06-07,4,1,ingredients,,1
R15681,H03577,B20,,2026-06-07,3,1,taste,,0
R15682,H03897,B16,,2026-06-07,4,1,texture,,0
R15683,H04090,B11,,2026-06-07,4,1,taste,,0
R15684,H04262,B14,,2026-06-07,3,1,texture,,0
R15685,H00196,B13,,2026-06-08,4,1,texture,,0
R15686,H00220,B01,,2026-06-08,4,1,refreshing,,1
R15687,H00382,B08,,2026-06-08,4,1,crunch,,1
R15688,H00628,B11,,2026-06-08,3,0,,price,0
R15689,H00632,B13,,2026-06-08,3,1,,price,1
R15690,H00639,B09,,2026-06-08,5,1,price,,1
R15691,H00979,B02,,2026-06-08,5,1,sweetness,,1
R15692,H01445,B12,,2026-06-08,5,1,taste,,0
R15693,H01519,B12,,2026-06-08,3,1,ingredients,,1
R15694,H01633,B08,,2026-06-08,5,1,portion size,,1
R15695,H01938,B11,,2026-06-08,5,1,packaging,taste,1
R15696,H02025,B05,,2026-06-08,5,1,seasoning,,1
R15697,H02090,B04,,2026-06-08,4,0,aftertaste,,1
R15698,H02386,B05,,2026-06-08,4,0,saltiness,,1
R15699,H02597,B10,,2026-06-08,5,1,packaging,,1
R15700,H02766,B09,,2026-06-08,3,0,,sweetness,0
R15701,H02829,B04,,2026-06-08,4,1,fizz,,0
R15702,H02995,B12,,2026-06-08,4,0,sweetness,,1
R15703,H04001,B13,,2026-06-08,5,1,price,flavour depth,1
R15704,H04013,B10,,2026-06-08,3,0,,texture,0
R15705,H04160,B05,,2026-06-08,4,1,price,,0
R15706,H04241,B08,,2026-06-08,5,1,portion size,,1
R15707,H04312,B06,,2026-06-08,5,1,packaging,saltiness,1
R15708,H00122,B06,,2026-06-09,4,1,saltiness,,1
R15709,H00420,B01,,2026-06-09,4,1,sweetness,,1
R15710,H00539,B08,,2026-06-09,3,0,,price,0
R15711,H00901,B10,,2026-06-09,3,0,,packaging,0
R15712,H00920,B05,,2026-06-09,3,1,,saltiness,1
R15713,H00965,B11,,2026-06-09,2,0,,packaging,0
R15714,H01214,B19,,2026-06-09,2,0,,energy boost,0
R15715,H01361,B04,,2026-06-09,4,1,sweetness,,1
R15716,H01675,B05,,2026-06-09,5,1,portion size,,1
R15717,H02103,B17,,2026-06-09,4,1,ingredients,,1
R15718,H02168,B01,,2026-06-09,5,1,taste,,1
R15719,H02244,B19,,2026-06-09,5,1,taste,,1
R15720,H02515,B08,,2026-06-09,3,1,seasoning,,0
R15721,H02950,B16,,2026-06-09,5,1,texture,,1
R15722,H03014,B10,,2026-06-09,5,1,sweetness,,1
R15723,H03042,B18,,2026-06-09,4,0,energy boost,,0
R15724,H03091,B11,,2026-06-09,3,0,taste,,1
R15725,H03126,B03,,2026-06-09,4,0,can design,fizz,1
R15726,H03221,B07,,2026-06-09,4,0,crunch,,1
R15727,H03282,B13,,2026-06-09,4,1,texture,,1
R15728,H03317,B05,,2026-06-09,3,1,,crunch,0
R15729,H03456,B05,,2026-06-09,3,0,,seasoning,1
R15730,H03514,B13,,2026-06-09,3,0,,texture,0
R15731,H03874,B16,,2026-06-09,4,1,flavour depth,price,1
R15732,H03903,B16,,2026-06-09,3,0,versatility,,0
R15733,H03993,B20,,2026-06-09,5,1,portability,price,0
R15734,H04072,B01,,2026-06-09,4,1,price,,1
R15735,H04136,B20,,2026-06-09,4,1,taste,,1
R15736,H04277,B09,,2026-06-09,4,1,packaging,,1
R15737,H04294,B08,,2026-06-09,4,1,price,,0
R15738,H00286,B17,,2026-06-10,3,0,taste,,0
R15739,H00293,B17,,2026-06-10,5,1,portability,,1
R15740,H00380,B11,,2026-06-10,4,1,ingredients,,1
R15741,H00488,B18,,2026-06-10,5,1,price,,1
R15742,H00727,B09,,2026-06-10,3,0,,price,0
R15743,H00903,B16,,2026-06-10,3,0,,flavour depth,0
R15744,H01008,B03,,2026-06-10,4,1,sweetness,,1
R15745,H01039,B15,,2026-06-10,3,0,jar size,,0
R15746,H01239,B03,,2026-06-10,4,1,can design,,0
R15747,H01254,B05,,2026-06-10,4,1,seasoning,,1
R15748,H01265,B13,,2026-06-10,4,1,price,,1
R15749,H01439,B12,,2026-06-10,2,0,,texture,0
R15750,H01645,B07,,2026-06-10,3,0,,crunch,0
R15751,H01703,B18,,2026-06-10,4,1,taste,,0
R15752,H01806,B02,,2026-06-10,5,1,sweetness,,1
R15753,H01860,B08,,2026-06-10,4,1,portion size,,0
R15754,H01954,B07,,2026-06-10,4,1,packaging,,0
R15755,H01957,B11,,2026-06-10,5,1,taste,,1
R15756,H01989,B09,,2026-06-10,5,1,texture,,1
R15757,H02019,B15,,2026-06-10,2,0,heat,texture,0
R15758,H02066,B16,,2026-06-10,5,1,heat,,1
R15759,H02253,B06,,2026-06-10,5,1,saltiness,,1
R15760,H02396,B07,,2026-06-10,4,1,crunch,,1
R15761,H02398,B01,,2026-06-10,5,1,sweetness,,1
R15762,H02936,B03,,2026-06-10,4,0,can design,refreshing,1
R15763,H02953,B02,,2026-06-10,4,0,aftertaste,,1
R15764,H03128,B19,,2026-06-10,5,1,texture,,1
R15765,H03296,B09,,2026-06-10,3,1,,price,1
R15766,H03499,B06,,2026-06-10,3,0,portion size,,0
R15767,H03549,B08,,2026-06-10,4,1,packaging,,1
R15768,H03842,B08,,2026-06-10,4,1,portion size,price,0
R15769,H03912,B02,,2026-06-10,5,1,sweetness,,1
R15770,H04007,B02,,2026-06-10,4,0,price,,0
R15771,H04043,B12,,2026-06-10,1,0,taste,packaging,0
R15772,H00120,B06,,2026-06-11,5,1,crunch,,1
R15773,H00379,B10,,2026-06-11,3,0,,texture,0
R15774,H00476,B19,,2026-06-11,3,0,,ingredients,0
R15775,H00624,B02,,2026-06-11,3,0,,can design,0
R15776,H00694,B02,,2026-06-11,3,1,can design,,0
R15777,H00782,B13,,2026-06-11,4,1,flavour depth,,0
R15778,H00884,B05,,2026-06-11,3,0,crunch,,1
R15779,H01069,B17,,2026-06-11,3,0,,energy boost,1
R15780,H01401,B06,,2026-06-11,5,1,saltiness,crunch,1
R15781,H01503,B08,,2026-06-11,5,1,packaging,seasoning,1
R15782,H01626,B10,,2026-06-11,3,1,,ingredients,0
R15783,H01723,B16,,2026-06-11,3,0,,jar size,1
R15784,H01754,B03,,2026-06-11,3,0,can design,,0
R15785,H02038,B07,,2026-06-11,5,0,packaging,seasoning,0
R15786,H02175,B07,,2026-06-11,4,1,packaging,,1
R15787,H02180,B10,,2026-06-11,5,1,sweetness,texture,1
R15788,H02445,B19,,2026-06-11,3,0,portability,,0
R15789,H02460,B16,,2026-06-11,4,1,flavour depth,,1
R15790,H02474,B02,,2026-06-11,4,0,aftertaste,can design,1
R15791,H02573,B01,,2026-06-11,5,1,can design,,1
R15792,H02848,B15,,2026-06-11,4,1,heat,,1
R15793,H02862,B03,,2026-06-11,2,0,,fizz,0
R15794,H02914,B10,,2026-06-11,5,0,packaging,,1
R15795,H03007,B11,,2026-06-11,3,0,sweetness,,0
R15796,H03144,B07,,2026-06-11,3,0,,saltiness,1
R15797,H03219,B06,,2026-06-11,4,1,crunch,,1
R15798,H03335,B19,,2026-06-11,3,0,,taste,0
R15799,H03376,B16,,2026-06-11,4,0,heat,,0
R15800,H03475,B02,,2026-06-11,4,1,refreshing,fizz,1
R15801,H03511,B08,,2026-06-11,4,1,portion size,,1
R15802,H03609,B01,,2026-06-11,4,1,fizz,,1
R15803,H03854,B10,,2026-06-11,3,0,taste,,0
R15804,H03942,B06,,2026-06-11,4,0,seasoning,price,0
R15805,H03962,B16,,2026-06-11,5,1,texture,,1
R15806,H03980,B07,,2026-06-11,5,1,portion size,,0
R15807,H04088,B06,,2026-06-11,4,1,crunch,,0
R15808,H04292,B06,,2026-06-11,5,1,saltiness,,1
R15809,H00023,B07,,2026-06-12,4,0,seasoning,,0
R15810,H00588,B05,,2026-06-12,3,0,saltiness,,1
R15811,H00594,B15,,2026-06-12,3,0,jar size,,1
R15812,H00688,B15,,2026-06-12,4,1,price,,1
R15813,H00798,B04,,2026-06-12,2,0,,fizz,0
R15814,H00810,B14,,2026-06-12,3,1,flavour depth,,0
R15815,H00941,B19,,2026-06-12,4,1,portability,,0
R15816,H00993,B14,,2026-06-12,5,1,texture,,1
R15817,H01001,B15,,2026-06-12,3,1,,versatility,1
R15818,H01072,B19,,2026-06-12,5,1,energy boost,,1
R15819,H01447,B11,,2026-06-12,4,0,texture,,1
R15820,H01492,B14,,2026-06-12,3,1,flavour depth,,0
R15821,H01580,B03,,2026-06-12,4,0,price,,1
R15822,H01824,B19,,2026-06-12,2,0,,ingredients,0
R15823,H02042,B02,,2026-06-12,2,1,,taste,0
R15824,H02670,B14,,2026-06-12,4,1,versatility,heat,1
R15825,H02701,B12,,2026-06-12,3,0,texture,,1
R15826,H02773,B18,,2026-06-12,5,1,portability,price,1
R15827,H03201,B01,,2026-06-12,3,0,fizz,,0
R15828,H03220,B12,,2026-06-12,3,0,sweetness,,0
R15829,H03364,B03,,2026-06-12,4,1,taste,refreshing,1
R15830,H03703,B16,,2026-06-12,4,0,jar size,,1
R15831,H03995,B09,,2026-06-12,3,0,,sweetness,0
R15832,H04004,B12,,2026-06-12,2,0,ingredients,price,0
R15833,H04366,B08,,2026-06-12,4,1,saltiness,,1
R15834,H00078,B04,,2026-06-13,2,0,,aftertaste,0
R15835,H00095,B02,,2026-06-13,5,1,refreshing,sweetness,1
R15836,H00225,B06,,2026-06-13,5,1,packaging,,1
R15837,H00456,B12,,2026-06-13,4,1,taste,packaging,1
R15838,H00470,B03,,2026-06-13,5,1,can design,sweetness,1
R15839,H00563,B10,,2026-06-13,4,1,packaging,,1
R15840,H00610,B13,,2026-06-13,5,1,price,,1
R15841,H00675,B09,,2026-06-13,2,0,,taste,0
R15842,H00710,B18,,2026-06-13,4,0,taste,energy boost,0
R15843,H00860,B08,,2026-06-13,4,1,seasoning,,1
R15844,H00890,B02,,2026-06-13,4,1,taste,,1
R15845,H00981,B13,,2026-06-13,3,0,jar size,,1
R15846,H00988,B17,,2026-06-13,3,0,portability,,0
R15847,H01015,B17,,2026-06-13,2,0,,texture,1
R15848,H01368,B16,,2026-06-13,5,1,heat,flavour depth,1
R15849,H01481,B11,,2026-06-13,4,1,texture,packaging,1
R15850,H01524,B04,,2026-06-13,4,1,price,refreshing,1
R15851,H01551,B13,,2026-06-13,3,1,,price,1
R15852,H01674,B04,,2026-06-13,5,1,can design,sweetness,1
R15853,H01790,B14,,2026-06-13,2,0,,heat,0
R15854,H02251,B15,,2026-06-13,4,1,texture,,0
R15855,H02264,B09,,2026-06-13,1,0,,taste,0
R15856,H02380,B07,,2026-06-13,3,1,price,,0
R15857,H02832,B19,,2026-06-13,3,0,,energy boost,0
R15858,H02913,B06,,2026-06-13,3,1,,seasoning,1
R15859,H02966,B15,,2026-06-13,5,1,texture,,1
R15860,H03511,B15,,2026-06-13,4,0,heat,,1
R15861,H03519,B04,,2026-06-13,3,1,,taste,0
R15862,H03580,B07,,2026-06-13,3,0,,saltiness,1
R15863,H03682,B03,,2026-06-13,5,1,can design,,1
R15864,H03867,B02,,2026-06-13,2,1,,can design,0
R15865,H03930,B02,,2026-06-13,4,1,aftertaste,,0
R15866,H04146,B14,,2026-06-13,5,1,texture,,0
R15867,H04167,B08,,2026-06-13,5,1,packaging,,1
R15868,H04312,B16,,2026-06-13,3,0,jar size,,1
R15869,H04335,B13,,2026-06-13,5,1,heat,,1
R15870,H04339,B19,,2026-06-13,2,0,,portability,0
R15871,H00100,B15,,2026-06-14,3,0,texture,,0
R15872,H00198,B03,,2026-06-14,3,1,fizz,,0
R15873,H00304,B05,,2026-06-14,4,1,seasoning,,1
R15874,H00428,B17,,2026-06-14,5,1,portability,,1
R15875,H00610,B12,,2026-06-14,3,0,,texture,0
R15876,H00711,B06,,2026-06-14,3,1,,saltiness,1
R15877,H00992,B11,,2026-06-14,3,0,,packaging,0
R15878,H01034,B20,,2026-06-14,2,0,,energy boost,0
R15879,H01319,B16,,2026-06-14,3,1,price,,0
R15880,H01391,B06,,2026-06-14,5,1,crunch,,1
R15881,H01413,B03,,2026-06-14,4,1,price,,1
R15882,H01975,B12,,2026-06-14,3,0,,taste,0
R15883,H02033,B09,,2026-06-14,4,1,price,,0
R15884,H02270,B02,,2026-06-14,5,1,aftertaste,,1
R15885,H02302,B06,,2026-06-14,3,0,portion size,,1
R15886,H02434,B13,,2026-06-14,4,0,jar size,,0
R15887,H02462,B07,,2026-06-14,2,0,,packaging,0
R15888,H02574,B11,,2026-06-14,3,0,taste,,0
R15889,H02791,B07,,2026-06-14,5,1,crunch,,0
R15890,H02897,B20,,2026-06-14,5,1,price,,1
R15891,H02922,B04,,2026-06-14,4,1,sweetness,,1
R15892,H03420,B03,,2026-06-14,4,1,price,,0
R15893,H03479,B20,,2026-06-14,5,1,portability,texture,1
R15894,H03690,B15,,2026-06-14,4,1,price,,0
R15895,H03775,B02,,2026-06-14,4,1,taste,refreshing,1
R15896,H03828,B12,,2026-06-14,2,0,packaging,ingredients,0
R15897,H03953,B02,,2026-06-14,3,0,,can design,0
R15898,H03964,B10,,2026-06-14,5,1,packaging,,1
R15899,H03988,B15,,2026-06-14,5,1,versatility,,1
R15900,H04075,B02,,2026-06-14,3,1,,fizz,0
R15901,H04085,B08,,2026-06-14,5,1,packaging,,1
R15902,H04369,B05,P053,2026-06-14,4,1,packaging,,1
R15903,H04370,B01,P053,2026-06-14,3,0,,aftertaste,1
R15904,H04375,B12,P053,2026-06-14,5,1,ingredients,,0
R15905,H04377,B16,P053,2026-06-14,5,1,versatility,,0
R15906,H04378,B12,P053,2026-06-14,3,0,price,,0
R15907,H04386,B16,P053,2026-06-14,4,1,heat,price,0
R15908,H04388,B01,P053,2026-06-14,4,0,sweetness,,0
R15909,H04390,B12,P053,2026-06-14,3,1,sweetness,,0
R15910,H04397,B17,,2026-06-14,4,1,ingredients,,1
R15911,H04398,B04,P053,2026-06-14,5,0,fizz,,0
R15912,H04403,B16,P053,2026-06-14,5,1,versatility,,1
R15913,H04407,B16,P053,2026-06-14,4,1,versatility,,1
R15914,H04412,B04,P053,2026-06-14,5,1,taste,,1
R15915,H04412,B05,P053,2026-06-14,4,0,seasoning,packaging,0
R15916,H04414,B12,P053,2026-06-14,4,1,price,,0
R15917,H04415,B12,P053,2026-06-14,5,1,ingredients,,0
R15918,H04419,B12,P053,2026-06-14,4,1,sweetness,,0
R15919,H04422,B01,P053,2026-06-14,5,1,price,,1
R15920,H00186,B06,,2026-06-15,5,1,saltiness,,1
R15921,H00365,B11,,2026-06-15,5,1,packaging,,1
R15922,H00428,B16,,2026-06-15,5,1,texture,,1
R15923,H00432,B14,,2026-06-15,3,0,texture,,0
R15924,H00486,B06,,2026-06-15,3,0,,price,0
R15925,H01363,B11,,2026-06-15,5,0,ingredients,,1
R15926,H01866,B05,,2026-06-15,5,1,crunch,,1
R15927,H02104,B13,,2026-06-15,5,1,flavour depth,texture,0
R15928,H02268,B04,,2026-06-15,5,1,taste,,1
R15929,H02329,B07,,2026-06-15,3,1,price,,0
R15930,H02378,B08,,2026-06-15,5,1,saltiness,,1
R15931,H02421,B06,,2026-06-15,4,0,packaging,,1
R15932,H02434,B10,,2026-06-15,4,1,price,,1
R15933,H02567,B17,,2026-06-15,4,1,ingredients,texture,1
R15934,H02584,B06,,2026-06-15,5,1,seasoning,,1
R15935,H02744,B05,,2026-06-15,4,1,saltiness,,1
R15936,H02903,B03,,2026-06-15,4,0,aftertaste,sweetness,1
R15937,H03140,B06,,2026-06-15,4,1,price,,1
R15938,H03331,B18,,2026-06-15,2,0,,taste,1
R15939,H03417,B20,,2026-06-15,4,0,ingredients,,1
R15940,H03649,B17,,2026-06-15,4,1,energy boost,,1
R15941,H03754,B18,,2026-06-15,5,1,taste,,1
R15942,H03862,B03,,2026-06-15,4,0,aftertaste,,1
R15943,H03898,B01,,2026-06-15,4,1,price,,1
R15944,H04008,B05,,2026-06-15,4,0,packaging,,1
R15945,H04249,B07,,2026-06-15,3,1,,saltiness,1
R15946,H04317,B06,,2026-06-15,4,1,price,,0
R15947,H04373,B16,P053,2026-06-15,4,0,price,,0
R15948,H04382,B05,P053,2026-06-15,4,1,saltiness,,0
R15949,H04387,B01,P053,2026-06-15,3,1,,taste,1
R15950,H04387,B12,P053,2026-06-15,4,0,price,,0
R15951,H04392,B05,P053,2026-06-15,4,1,crunch,seasoning,1
R15952,H04395,B16,P053,2026-06-15,4,1,texture,,0
R15953,H04399,B16,P053,2026-06-15,3,0,texture,,0
R15954,H04405,B16,P053,2026-06-15,4,0,price,,0
R15955,H04410,B12,P053,2026-06-15,3,0,,sweetness,0
R15956,H04415,B05,P053,2026-06-15,4,1,crunch,seasoning,1
R15957,H04416,B16,P053,2026-06-15,5,1,price,,1
R15958,H04422,B12,P053,2026-06-15,3,0,sweetness,,0
R15959,H04424,B01,P053,2026-06-15,4,1,taste,refreshing,0
R15960,H00005,B09,,2026-06-16,4,1,taste,,0
R15961,H00126,B06,,2026-06-16,5,1,packaging,,1
R15962,H00197,B03,,2026-06-16,5,1,sweetness,,1
R15963,H00298,B20,,2026-06-16,2,1,price,taste,0
R15964,H00389,B16,,2026-06-16,4,0,jar size,,1
R15965,H00943,B05,,2026-06-16,3,0,packaging,,1
R15966,H00957,B19,,2026-06-16,3,0,,ingredients,1
R15967,H01357,B20,,2026-06-16,4,1,portability,,1
R15968,H01421,B19,,2026-06-16,5,1,texture,portability,1
R15969,H01468,B14,,2026-06-16,5,1,heat,,1
R15970,H01545,B12,,2026-06-16,4,1,sweetness,,1
R15971,H01613,B02,,2026-06-16,4,1,aftertaste,refreshing,1
R15972,H01751,B05,,2026-06-16,3,0,,packaging,1
R15973,H01877,B09,,2026-06-16,4,1,price,,1
R15974,H02061,B14,,2026-06-16,4,0,texture,,1
R15975,H02345,B04,,2026-06-16,4,0,sweetness,,1
R15976,H02345,B14,,2026-06-16,5,1,jar size,,1
R15977,H02473,B19,,2026-06-16,4,0,price,,1
R15978,H02595,B10,,2026-06-16,3,0,ingredients,,0
R15979,H02618,B10,,2026-06-16,5,1,price,,1
R15980,H02815,B20,,2026-06-16,5,1,price,,0
R15981,H02955,B09,,2026-06-16,4,1,taste,packaging,1
R15982,H03007,B05,,2026-06-16,4,1,saltiness,,1
R15983,H03048,B05,,2026-06-16,4,1,packaging,portion size,1
R15984,H03297,B14,,2026-06-16,5,1,versatility,,1
R15985,H03388,B15,,2026-06-16,3,0,,flavour depth,1
R15986,H03405,B15,,2026-06-16,4,0,versatility,,0
R15987,H03470,B14,,2026-06-16,4,1,jar size,price,1
R15988,H04224,B15,,2026-06-16,2,0,,heat,0
R15989,H04369,B01,P053,2026-06-16,5,0,aftertaste,,0
R15990,H04371,B16,P053,2026-06-16,4,1,flavour depth,,0
R15991,H04373,B01,P053,2026-06-16,5,1,price,,0
R15992,H04386,B01,P053,2026-06-16,4,0,can design,refreshing,0
R15993,H04388,B04,P053,2026-06-16,4,1,aftertaste,,0
R15994,H04394,B12,P053,2026-06-16,3,1,,price,0
R15995,H04395,B05,P053,2026-06-16,4,1,saltiness,,0
R15996,H04404,B01,P053,2026-06-16,5,1,can design,refreshing,0
R15997,H04407,B04,P053,2026-06-16,5,1,aftertaste,,1
R15998,H04407,B07,,2026-06-16,4,1,saltiness,,1
R15999,H04414,B01,P053,2026-06-16,3,0,,taste,1
R16000,H04420,B04,P053,2026-06-16,4,1,aftertaste,,0
R16001,H04421,B01,P053,2026-06-16,4,1,price,,0
R16002,H04421,B05,P053,2026-06-16,4,1,saltiness,,1
R16003,H04421,B16,P053,2026-06-16,5,1,price,,0
R16004,H04423,B01,P053,2026-06-16,4,0,sweetness,,0
R16005,H04433,B19,,2026-06-16,4,0,price,,0
R16006,H04434,B16,,2026-06-16,5,1,heat,,1
R16007,H00185,B17,,2026-06-17,4,1,energy boost,price,1
R16008,H00231,B06,,2026-06-17,5,1,packaging,,1
R16009,H00400,B13,,2026-06-17,5,1,texture,,1
R16010,H00891,B17,,2026-06-17,4,1,price,,1
R16011,H01025,B15,,2026-06-17,4,1,heat,versatility,1
R16012,H01102,B15,,2026-06-17,3,1,,jar size,1
R16013,H01241,B16,,2026-06-17,3,0,jar size,,0
R16014,H01681,B02,,2026-06-17,5,1,refreshing,,1
R16015,H01862,B10,,2026-06-17,5,0,texture,,1
R16016,H01943,B10,,2026-06-17,4,0,packaging,,0
R16017,H02209,B10,,2026-06-17,4,1,sweetness,texture,1
R16018,H02335,B17,,2026-06-17,4,1,energy boost,,1
R16019,H02407,B08,,2026-06-17,4,0,seasoning,,0
R16020,H02506,B03,,2026-06-17,5,1,fizz,,1
R16021,H02561,B05,,2026-06-17,4,1,packaging,seasoning,1
R16022,H02692,B12,,2026-06-17,2,0,,ingredients,0
R16023,H02813,B01,,2026-06-17,5,1,sweetness,,1
R16024,H02814,B05,,2026-06-17,4,0,seasoning,crunch,0
R16025,H03348,B16,,2026-06-17,4,1,heat,,1
R16026,H03442,B17,,2026-06-17,4,0,taste,texture,1
R16027,H03541,B17,,2026-06-17,4,1,texture,,1
R16028,H03546,B03,,2026-06-17,3,0,,fizz,1
R16029,H03676,B11,,2026-06-17,3,1,ingredients,,0
R16030,H03836,B05,,2026-06-17,4,0,crunch,,1
R16031,H03919,B05,,2026-06-17,5,1,portion size,,1
R16032,H04024,B11,,2026-06-17,4,0,texture,,1
R16033,H04231,B20,,2026-06-17,3,0,texture,,0
R16034,H04316,B04,,2026-06-17,5,1,sweetness,,1
R16035,H04377,B04,P053,2026-06-17,4,0,sweetness,,1
R16036,H04380,B01,P053,2026-06-17,5,1,can design,price,1
R16037,H04381,B04,P053,2026-06-17,5,1,refreshing,,0
R16038,H04381,B05,P053,2026-06-17,3,1,price,,1
R16039,H04384,B04,P053,2026-06-17,4,1,fizz,,1
R16040,H04391,B16,P053,2026-06-17,4,0,versatility,texture,0
R16041,H04393,B16,P053,2026-06-17,4,1,flavour depth,,0
R16042,H04395,B01,P053,2026-06-17,4,0,can design,,1
R16043,H04401,B16,P053,2026-06-17,3,1,versatility,,0
R16044,H04402,B01,P053,2026-06-17,4,1,sweetness,,1
R16045,H04409,B04,P053,2026-06-17,4,1,refreshing,,0
R16046,H04409,B05,P053,2026-06-17,4,1,seasoning,,1
R16047,H04414,B04,P053,2026-06-17,3,1,aftertaste,,1
R16048,H04417,B04,P053,2026-06-17,5,1,refreshing,,1
R16049,H04423,B04,P053,2026-06-17,5,1,fizz,,0
R16050,H04424,B04,P053,2026-06-17,4,1,fizz,,0
R16051,H00014,B04,,2026-06-18,5,1,fizz,,1
R16052,H00113,B20,,2026-06-18,2,0,,texture,0
R16053,H00151,B18,,2026-06-18,5,1,texture,energy boost,1
R16054,H00453,B05,,2026-06-18,4,1,packaging,,1
R16055,H00537,B14,,2026-06-18,5,1,price,,1
R16056,H01041,B10,,2026-06-18,3,0,,sweetness,0
R16057,H01079,B20,,2026-06-18,3,0,portability,,0
R16058,H01095,B08,,2026-06-18,5,1,portion size,,1
R16059,H01162,B15,,2026-06-18,4,1,versatility,,1
R16060,H01231,B05,,2026-06-18,3,1,packaging,,0
R16061,H01437,B19,,2026-06-18,3,1,,portability,0
R16062,H01535,B02,,2026-06-18,4,1,taste,,1
R16063,H01662,B20,,2026-06-18,2,0,portability,energy boost,0
R16064,H01769,B18,,2026-06-18,4,1,price,,1
R16065,H02007,B14,,2026-06-18,5,0,texture,,1
R16066,H02322,B06,,2026-06-18,5,1,saltiness,,0
R16067,H02677,B05,,2026-06-18,3,0,seasoning,,0
R16068,H02687,B20,,2026-06-18,3,0,portability,,1
R16069,H02719,B19,,2026-06-18,5,1,price,,1
R16070,H02802,B06,,2026-06-18,4,1,crunch,saltiness,1
R16071,H03099,B19,,2026-06-18,5,1,taste,,1
R16072,H03139,B02,,2026-06-18,4,1,price,refreshing,1
R16073,H03230,B07,,2026-06-18,4,1,crunch,,1
R16074,H03485,B07,,2026-06-18,5,1,crunch,,1
R16075,H03514,B20,,2026-06-18,2,0,,texture,1
R16076,H04078,B04,,2026-06-18,4,1,refreshing,,1
R16077,H04370,B12,P053,2026-06-18,5,1,sweetness,,0
R16078,H04377,B14,,2026-06-18,3,1,,texture,1
R16079,H04388,B12,P053,2026-06-18,4,1,price,,1
R16080,H04390,B16,P053,2026-06-18,3,1,texture,,0
R16081,H04391,B01,P053,2026-06-18,4,0,can design,,0
R16082,H04397,B01,P053,2026-06-18,5,1,price,,0
R16083,H04397,B05,P053,2026-06-18,2,0,,crunch,0
R16084,H04401,B12,P053,2026-06-18,3,1,,texture,0
R16085,H04408,B04,P053,2026-06-18,3,0,,fizz,0
R16086,H04410,B13,,2026-06-18,4,0,texture,,1
R16087,H04411,B01,P053,2026-06-18,4,1,price,,1
R16088,H04411,B16,P053,2026-06-18,4,1,jar size,,0
R16089,H04415,B01,P053,2026-06-18,4,1,can design,,1
R16090,H04416,B01,P053,2026-06-18,5,1,can design,,1
R16091,H00372,B02,,2026-06-19,4,1,aftertaste,,0
R16092,H00388,B14,,2026-06-19,4,1,flavour depth,jar size,0
R16093,H00543,B19,,2026-06-19,4,1,ingredients,texture,1
R16094,H00693,B05,,2026-06-19,3,1,,packaging,0
R16095,H00850,B07,,2026-06-19,2,0,,portion size,0
R16096,H01324,B19,,2026-06-19,5,1,taste,,1
R16097,H01363,B12,,2026-06-19,4,1,sweetness,texture,0
R16098,H01452,B02,,2026-06-19,5,1,sweetness,,1
R16099,H01453,B02,,2026-06-19,4,1,price,can design,1
R16100,H01573,B05,,2026-06-19,4,1,crunch,,1
R16101,H01689,B03,,2026-06-19,3,0,,refreshing,0
R16102,H01878,B06,,2026-06-19,5,1,packaging,,0
R16103,H02047,B03,,2026-06-19,5,1,aftertaste,,1
R16104,H02079,B08,,2026-06-19,3,1,,packaging,1
R16105,H02176,B14,,2026-06-19,3,0,,versatility,0
R16106,H02677,B14,,2026-06-19,4,1,texture,,1
R16107,H02835,B04,,2026-06-19,5,1,can design,,1
R16108,H02940,B18,,2026-06-19,5,1,energy boost,taste,1
R16109,H03112,B02,,2026-06-19,4,1,sweetness,,1
R16110,H03157,B07,,2026-06-19,3,1,,price,0
R16111,H03167,B06,,2026-06-19,4,1,price,,1
R16112,H03342,B07,,2026-06-19,2,0,,price,0
R16113,H03631,B18,,2026-06-19,4,1,price,,1
R16114,H03641,B20,,2026-06-19,4,1,energy boost,,0
R16115,H03990,B13,,2026-06-19,4,1,heat,,1
R16116,H04133,B18,,2026-06-19,4,1,texture,,0
R16117,H04143,B18,,2026-06-19,3,0,,portability,1
R16118,H04371,B04,P053,2026-06-19,4,0,taste,aftertaste,0
R16119,H04383,B01,P053,2026-06-19,5,1,can design,,1
R16120,H04392,B01,P053,2026-06-19,5,1,sweetness,,1
R16121,H04395,B04,P053,2026-06-19,5,1,can design,,1
R16122,H04400,B01,P053,2026-06-19,5,1,sweetness,can design,0
R16123,H04400,B16,P053,2026-06-19,5,1,versatility,heat,0
R16124,H04402,B12,P053,2026-06-19,5,1,price,,0
R16125,H04403,B05,P053,2026-06-19,4,1,crunch,saltiness,1
R16126,H04404,B16,P053,2026-06-19,3,0,price,,0
R16127,H04405,B05,P053,2026-06-19,3,0,,crunch,1
R16128,H04406,B05,P053,2026-06-19,4,1,price,,1
R16129,H04412,B16,P053,2026-06-19,3,0,,price,0
R16130,H04417,B05,P053,2026-06-19,4,0,saltiness,,1
R16131,H04419,B01,P053,2026-06-19,3,0,price,,1
R16132,H04422,B04,P053,2026-06-19,2,1,,taste,0
R16133,H04425,B04,P053,2026-06-19,3,0,price,,1
R16134,H00081,B06,,2026-06-20,5,1,crunch,saltiness,1
R16135,H00111,B16,,2026-06-20,3,1,price,,0
R16136,H00382,B16,,2026-06-20,3,0,texture,,0
R16137,H00603,B13,,2026-06-20,3,1,,price,0
R16138,H00722,B08,,2026-06-20,2,0,,portion size,0
R16139,H00840,B12,,2026-06-20,3,1,,sweetness,0
R16140,H00951,B02,,2026-06-20,4,0,fizz,,1
R16141,H01082,B10,,2026-06-20,3,0,,packaging,0
R16142,H01202,B08,,2026-06-20,3,1,price,,0
R16143,H01551,B06,,2026-06-20,3,1,,packaging,0
R16144,H01567,B17,,2026-06-20,4,1,texture,energy boost,1
R16145,H01709,B20,,2026-06-20,4,0,texture,price,1
R16146,H01747,B18,,2026-06-20,4,1,ingredients,,1
R16147,H01945,B12,,2026-06-20,2,0,,price,0
R16148,H02096,B03,,2026-06-20,5,1,sweetness,,1
R16149,H02134,B10,,2026-06-20,5,1,taste,packaging,1
R16150,H02211,B04,,2026-06-20,2,0,,taste,0
R16151,H02212,B04,,2026-06-20,1,0,price,taste,0
R16152,H02248,B02,,2026-06-20,5,1,price,,1
R16153,H02634,B03,,2026-06-20,4,1,price,,1
R16154,H02654,B06,,2026-06-20,4,1,portion size,,0
R16155,H02663,B14,,2026-06-20,2,0,,jar size,0
R16156,H03199,B20,,2026-06-20,4,0,portability,,0
R16157,H03516,B08,,2026-06-20,4,1,portion size,,1
R16158,H03620,B05,,2026-06-20,5,1,packaging,seasoning,1
R16159,H03679,B04,,2026-06-20,4,0,aftertaste,,1
R16160,H03696,B05,,2026-06-20,5,1,crunch,,1
R16161,H03730,B03,,2026-06-20,4,1,refreshing,taste,1
R16162,H03757,B20,,2026-06-20,3,0,price,,0
R16163,H03863,B09,,2026-06-20,3,0,,ingredients,1
R16164,H03943,B01,,2026-06-20,4,1,aftertaste,,1
R16165,H03983,B11,,2026-06-20,5,1,taste,,1
R16166,H04020,B14,,2026-06-20,3,1,price,,0
R16167,H04025,B02,,2026-06-20,5,1,can design,,1
R16168,H04368,B05,P053,2026-06-20,3,1,,portion size,0
R16169,H04371,B12,P053,2026-06-20,4,1,packaging,ingredients,0
R16170,H04372,B04,P053,2026-06-20,4,1,refreshing,,0
R16171,H04374,B04,P053,2026-06-20,4,1,price,,1
R16172,H04379,B01,P053,2026-06-20,4,1,can design,,1
R16173,H04381,B01,P053,2026-06-20,4,1,can design,,0
R16174,H04385,B01,P053,2026-06-20,4,1,fizz,,1
R16175,H04386,B04,P053,2026-06-20,4,0,price,,0
R16176,H04388,B05,P053,2026-06-20,3,0,seasoning,,1
R16177,H04391,B05,P053,2026-06-20,3,0,portion size,,1
R16178,H04395,B12,P053,2026-06-20,2,0,,price,0
R16179,H04396,B16,P053,2026-06-20,3,0,,heat,1
R16180,H04403,B12,P053,2026-06-20,5,1,ingredients,,0
R16181,H04453,B01,P054,2026-06-20,2,0,,sweetness,1
R16182,H04453,B11,P054,2026-06-20,4,1,texture,,0
R16183,H04455,B05,P054,2026-06-20,5,1,crunch,,0
R16184,H04456,B13,P054,2026-06-20,5,1,price,,1
R16185,H04458,B17,P054,2026-06-20,4,0,texture,,0
R16186,H04465,B05,P054,2026-06-20,4,1,crunch,,0
R16187,H04470,B05,P054,2026-06-20,4,0,packaging,,1
R16188,H04475,B05,P054,2026-06-20,3,0,,crunch,0
R16189,H04477,B01,P054,2026-06-20,5,1,sweetness,,0
R16190,H04477,B17,P054,2026-06-20,4,0,portability,,0
R16191,H04483,B01,P054,2026-06-20,5,1,can design,,1
R16192,H04486,B01,P054,2026-06-20,4,0,sweetness,can design,0
R16193,H04490,B05,P054,2026-06-20,3,0,,crunch,1
R16194,H04490,B17,P054,2026-06-20,3,0,texture,,1
R16195,H04491,B01,P054,2026-06-20,5,1,taste,,1
R16196,H04495,B11,P054,2026-06-20,4,1,packaging,,0
R16197,H04502,B13,P054,2026-06-20,5,1,texture,,0
R16198,H04505,B01,P054,2026-06-20,4,1,aftertaste,,1
R16199,H04505,B05,P054,2026-06-20,3,0,,crunch,1
R16200,H04505,B17,P054,2026-06-20,4,1,ingredients,,1
R16201,H00031,B09,,2026-06-21,3,0,texture,,1
R16202,H00046,B07,,2026-06-21,5,1,packaging,,1
R16203,H00056,B01,,2026-06-21,5,1,price,,1
R16204,H00278,B07,,2026-06-21,4,1,portion size,price,0
R16205,H00429,B01,,2026-06-21,5,1,refreshing,,1
R16206,H00801,B04,,2026-06-21,4,0,taste,,1
R16207,H01166,B12,,2026-06-21,5,1,texture,,1
R16208,H01269,B06,,2026-06-21,3,0,,seasoning,1
R16209,H01348,B14,,2026-06-21,4,1,jar size,price,1
R16210,H01484,B07,,2026-06-21,3,1,,price,1
R16211,H01573,B13,,2026-06-21,5,1,texture,,1
R16212,H01585,B16,,2026-06-21,3,0,,price,0
R16213,H01905,B05,,2026-06-21,3,1,,price,0
R16214,H02028,B03,,2026-06-21,4,1,price,,1
R16215,H02377,B16,,2026-06-21,4,1,price,,0
R16216,H02393,B09,,2026-06-21,4,1,texture,,1
R16217,H02618,B11,,2026-06-21,5,0,texture,price,1
R16218,H02654,B01,,2026-06-21,4,1,can design,,1
R16219,H03109,B05,,2026-06-21,5,1,portion size,,1
R16220,H03132,B17,,2026-06-21,5,0,taste,,1
R16221,H03617,B09,,2026-06-21,3,0,,ingredients,1
R16222,H03638,B07,,2026-06-21,3,1,portion size,,0
R16223,H03886,B13,,2026-06-21,4,1,flavour depth,,1
R16224,H03890,B01,,2026-06-21,4,1,sweetness,,1
R16225,H03962,B03,,2026-06-21,4,1,refreshing,,1
R16226,H03965,B12,,2026-06-21,3,0,,price,0
R16227,H04372,B12,P053,2026-06-21,3,1,,ingredients,1
R16228,H04374,B05,P053,2026-06-21,3,1,,packaging,1
R16229,H04376,B01,P053,2026-06-21,4,0,price,,0
R16230,H04378,B05,P053,2026-06-21,1,0,,saltiness,1
R16231,H04379,B12,P053,2026-06-21,4,0,packaging,,0
R16232,H04387,B04,P053,2026-06-21,3,0,,taste,0
R16233,H04394,B04,P053,2026-06-21,4,1,refreshing,,1
R16234,H04413,B01,P053,2026-06-21,5,1,aftertaste,,0
R16235,H04413,B05,P053,2026-06-21,4,1,price,,1
R16236,H04447,B01,P054,2026-06-21,5,1,refreshing,price,0
R16237,H04448,B01,P054,2026-06-21,4,0,taste,,1
R16238,H04456,B05,P054,2026-06-21,3,0,,packaging,0
R16239,H04463,B13,P054,2026-06-21,4,1,heat,,1
R16240,H04480,B11,P054,2026-06-21,3,1,,taste,0
R16241,H04486,B05,P054,2026-06-21,3,0,,price,1
R16242,H04491,B17,P054,2026-06-21,4,1,ingredients,,1
R16243,H04494,B17,P054,2026-06-21,2,0,,price,0
R16244,H04499,B05,P054,2026-06-21,3,1,,packaging,0
R16245,H04502,B05,P054,2026-06-21,3,0,crunch,,1
R16246,H04504,B13,P054,2026-06-21,4,1,texture,,1
R16247,H04506,B13,P054,2026-06-21,5,1,versatility,jar size,0
R16248,H00046,B20,,2026-06-22,5,1,ingredients,,1
R16249,H00209,B06,,2026-06-22,4,0,crunch,,1
R16250,H00301,B04,,2026-06-22,2,0,,fizz,0
R16251,H00312,B06,,2026-06-22,3,1,,price,1
R16252,H00622,B09,,2026-06-22,2,0,,taste,1
R16253,H01174,B20,,2026-06-22,3,0,texture,,0
R16254,H01199,B01,,2026-06-22,4,1,price,,1
R16255,H01326,B07,,2026-06-22,5,1,crunch,,1
R16256,H01375,B20,,2026-06-22,5,1,energy boost,texture,1
R16257,H01448,B04,,2026-06-22,4,1,refreshing,,1
R16258,H01571,B14,,2026-06-22,4,1,price,,0
R16259,H02172,B18,,2026-06-22,3,0,energy boost,,0
R16260,H02799,B18,,2026-06-22,5,1,texture,,1
R16261,H03156,B04,,2026-06-22,3,0,price,,0
R16262,H03188,B13,,2026-06-22,2,0,,texture,0
R16263,H03250,B08,,2026-06-22,5,1,seasoning,,1
R16264,H03344,B20,,2026-06-22,4,1,taste,,0
R16265,H03454,B05,,2026-06-22,4,0,price,,1
R16266,H03801,B17,,2026-06-22,4,0,texture,,1
R16267,H03827,B02,,2026-06-22,5,1,price,,1
R16268,H03863,B04,,2026-06-22,4,1,price,,1
R16269,H03994,B12,,2026-06-22,2,0,,ingredients,0
R16270,H04450,B05,P054,2026-06-22,4,0,packaging,,1
R16271,H04450,B03,,2026-06-22,5,1,can design,,1
R16272,H04451,B05,P054,2026-06-22,4,1,portion size,packaging,0
R16273,H04451,B13,P054,2026-06-22,4,0,jar size,,1
R16274,H04454,B13,P054,2026-06-22,2,0,,flavour depth,0
R16275,H04458,B13,P054,2026-06-22,4,0,jar size,,0
R16276,H04466,B05,P054,2026-06-22,5,1,crunch,seasoning,1
R16277,H04468,B01,P054,2026-06-22,5,1,aftertaste,,1
R16278,H04471,B17,P054,2026-06-22,4,1,price,,0
R16279,H04479,B13,P054,2026-06-22,3,0,heat,,1
R16280,H04480,B01,P054,2026-06-22,4,1,can design,,1
R16281,H04480,B13,P054,2026-06-22,4,1,jar size,,1
R16282,H04484,B05,P054,2026-06-22,4,1,seasoning,,1
R16283,H04488,B11,P054,2026-06-22,5,1,sweetness,price,0
R16284,H04496,B11,P054,2026-06-22,5,1,price,,0
R16285,H04502,B17,P054,2026-06-22,3,0,energy boost,,1
R16286,H00020,B14,,2026-06-23,2,1,,price,0
R16287,H00021,B12,,2026-06-23,5,0,sweetness,texture,1
R16288,H00308,B13,,2026-06-23,4,1,heat,versatility,0
R16289,H00422,B14,,2026-06-23,5,1,heat,jar size,1
R16290,H00429,B06,,2026-06-23,5,1,saltiness,,1
R16291,H00591,B06,,2026-06-23,4,0,crunch,,1
R16292,H00748,B03,,2026-06-23,4,1,price,,1
R16293,H00903,B05,,2026-06-23,2,1,,crunch,0
R16294,H01005,B19,,2026-06-23,5,1,price,,1
R16295,H01273,B02,,2026-06-23,3,0,refreshing,,1
R16296,H01280,B03,,2026-06-23,4,1,taste,,1
R16297,H01411,B17,,2026-06-23,4,1,portability,,1
R16298,H01455,B05,,2026-06-23,4,1,saltiness,packaging,1
R16299,H01458,B04,,2026-06-23,4,1,sweetness,,1
R16300,H01617,B17,,2026-06-23,2,0,,texture,1
R16301,H01700,B01,,2026-06-23,4,0,price,,1
R16302,H01882,B13,,2026-06-23,4,1,price,,1
R16303,H02033,B10,,2026-06-23,5,1,price,sweetness,1
R16304,H02216,B17,,2026-06-23,5,1,taste,,1
R16305,H02343,B13,,2026-06-23,2,0,,flavour depth,0
R16306,H02631,B07,,2026-06-23,5,1,price,,1
R16307,H02675,B09,,2026-06-23,3,1,,texture,1
R16308,H02721,B16,,2026-06-23,3,0,,texture,1
R16309,H02794,B13,,2026-06-23,3,0,,jar size,0
R16310,H02852,B13,,2026-06-23,4,1,jar size,,1
R16311,H02998,B13,,2026-06-23,5,1,flavour depth,heat,1
R16312,H03291,B07,,2026-06-23,2,0,,portion size,0
R16313,H03539,B10,,2026-06-23,4,1,texture,,0
R16314,H03605,B08,,2026-06-23,4,1,price,,1
R16315,H03675,B15,,2026-06-23,4,1,jar size,,1
R16316,H04063,B10,,2026-06-23,2,0,,sweetness,0
R16317,H04123,B10,,2026-06-23,5,1,sweetness,,1
R16318,H04182,B08,,2026-06-23,3,0,,packaging,0
R16319,H04200,B13,,2026-06-23,3,1,,jar size,1
R16320,H04233,B02,,2026-06-23,5,1,refreshing,,1
R16321,H04245,B16,,2026-06-23,5,1,versatility,price,1
R16322,H04310,B18,,2026-06-23,5,1,energy boost,,1
R16323,H04446,B11,P054,2026-06-23,4,0,taste,,0
R16324,H04447,B11,P054,2026-06-23,5,1,price,,1
R16325,H04465,B13,P054,2026-06-23,4,1,jar size,,1
R16326,H04468,B05,P054,2026-06-23,3,1,,packaging,1
R16327,H04470,B01,P054,2026-06-23,5,0,aftertaste,fizz,1
R16328,H04473,B11,,2026-06-23,4,0,taste,,1
R16329,H04486,B11,,2026-06-23,5,1,ingredients,price,1
R16330,H04498,B11,P054,2026-06-23,3,0,,packaging,1
R16331,H04498,B13,P054,2026-06-23,5,1,flavour depth,,0
R16332,H04500,B05,P054,2026-06-23,2,0,saltiness,packaging,1
R16333,H00270,B02,,2026-06-24,5,1,fizz,,1
R16334,H00283,B14,,2026-06-24,5,1,price,,1
R16335,H00294,B16,,2026-06-24,4,1,texture,,0
R16336,H00444,B12,,2026-06-24,4,1,taste,,1
R16337,H00481,B12,,2026-06-24,3,1,sweetness,,0
R16338,H00589,B07,,2026-06-24,4,1,crunch,price,1
R16339,H00651,B20,,2026-06-24,4,0,energy boost,,0
R16340,H00669,B04,,2026-06-24,2,0,,sweetness,0
R16341,H00670,B07,,2026-06-24,5,1,price,,1
R16342,H00936,B01,,2026-06-24,5,1,can design,,1
R16343,H00992,B14,,2026-06-24,4,1,flavour depth,,1
R16344,H01062,B19,,2026-06-24,4,1,texture,,1
R16345,H01335,B15,,2026-06-24,2,0,,texture,0
R16346,H01382,B14,,2026-06-24,3,1,texture,,0
R16347,H02393,B07,,2026-06-24,5,1,price,,1
R16348,H02393,B13,,2026-06-24,5,1,price,jar size,1
R16349,H02502,B11,,2026-06-24,2,0,,packaging,0
R16350,H02571,B07,,2026-06-24,3,1,portion size,,0
R16351,H02745,B14,,2026-06-24,5,1,price,,1
R16352,H02915,B15,,2026-06-24,4,1,versatility,,1
R16353,H03092,B17,,2026-06-24,4,1,energy boost,,1
R16354,H03113,B01,,2026-06-24,4,0,taste,,1
R16355,H03277,B11,,2026-06-24,3,1,taste,,0
R16356,H03368,B07,,2026-06-24,4,1,portion size,,0
R16357,H03453,B08,,2026-06-24,3,0,crunch,,0
R16358,H03697,B09,,2026-06-24,4,0,texture,ingredients,1
R16359,H03896,B11,,2026-06-24,5,1,packaging,,1
R16360,H04260,B07,,2026-06-24,3,1,,portion size,1
R16361,H04291,B08,,2026-06-24,4,1,packaging,,1
R16362,H04326,B19,,2026-06-24,5,1,portability,,1
R16363,H04346,B14,,2026-06-24,4,1,jar size,,1
R16364,H04445,B01,P054,2026-06-24,5,1,refreshing,,0
R16365,H04446,B01,P054,2026-06-24,5,1,taste,,1
R16366,H04446,B17,P054,2026-06-24,4,0,price,,0
R16367,H04448,B13,P054,2026-06-24,5,1,heat,,0
R16368,H04449,B17,P054,2026-06-24,5,1,portability,,0
R16369,H04451,B01,P054,2026-06-24,4,0,taste,,1
R16370,H04455,B13,P054,2026-06-24,5,1,texture,,1
R16371,H04457,B05,P054,2026-06-24,3,1,,seasoning,1
R16372,H04462,B05,P054,2026-06-24,4,0,portion size,saltiness,1
R16373,H04466,B13,P054,2026-06-24,4,0,heat,,0
R16374,H04468,B17,P054,2026-06-24,4,1,ingredients,,1
R16375,H04470,B11,P054,2026-06-24,4,1,texture,,1
R16376,H04471,B01,P054,2026-06-24,3,0,can design,,0
R16377,H04472,B17,P054,2026-06-24,2,0,,price,0
R16378,H04477,B13,P054,2026-06-24,3,1,price,,0
R16379,H00044,B07,,2026-06-25,5,1,seasoning,,0
R16380,H00062,B09,,2026-06-25,4,1,taste,,1
R16381,H00316,B05,,2026-06-25,4,1,saltiness,,1
R16382,H00985,B19,,2026-06-25,3,1,,price,1
R16383,H00998,B08,,2026-06-25,2,0,,crunch,0
R16384,H01268,B09,,2026-06-25,5,1,texture,taste,1
R16385,H01410,B07,,2026-06-25,3,0,packaging,,0
R16386,H01716,B08,,2026-06-25,4,1,crunch,,1
R16387,H01785,B12,,2026-06-25,2,0,price,texture,0
R16388,H01867,B19,,2026-06-25,3,1,,texture,0
R16389,H01936,B02,,2026-06-25,3,1,,aftertaste,0
R16390,H02115,B18,,2026-06-25,3,0,,texture,0
R16391,H02139,B03,,2026-06-25,4,0,can design,,1
R16392,H02146,B05,,2026-06-25,4,0,price,portion size,1
R16393,H02292,B16,,2026-06-25,5,1,texture,flavour depth,0
R16394,H02296,B13,,2026-06-25,4,1,jar size,,0
R16395,H02336,B10,,2026-06-25,3,0,,taste,0
R16396,H02382,B12,,2026-06-25,3,1,price,,0
R16397,H02511,B08,,2026-06-25,4,1,packaging,crunch,1
R16398,H02671,B09,,2026-06-25,3,1,ingredients,,1
R16399,H02683,B18,,2026-06-25,4,1,portability,,0
R16400,H03487,B20,,2026-06-25,5,1,ingredients,,1
R16401,H03514,B09,,2026-06-25,3,1,,texture,0
R16402,H03859,B08,,2026-06-25,5,1,crunch,,1
R16403,H03860,B07,,2026-06-25,4,1,portion size,,1
R16404,H03880,B14,,2026-06-25,2,0,,heat,0
R16405,H03893,B12,,2026-06-25,5,1,taste,packaging,0
R16406,H03969,B09,,2026-06-25,4,1,texture,,1
R16407,H03977,B19,,2026-06-25,5,1,portability,ingredients,1
R16408,H04415,B04,,2026-06-25,4,1,price,,1
R16409,H04445,B05,P054,2026-06-25,3,0,,portion size,1
R16410,H04446,B13,P054,2026-06-25,4,0,versatility,,1
R16411,H04450,B17,P054,2026-06-25,4,0,texture,,1
R16412,H04452,B13,P054,2026-06-25,3,0,heat,,0
R16413,H04452,B17,P054,2026-06-25,4,1,price,energy boost,0
R16414,H04454,B01,P054,2026-06-25,5,1,aftertaste,,0
R16415,H04455,B01,P054,2026-06-25,4,1,sweetness,,1
R16416,H04458,B01,P054,2026-06-25,5,1,refreshing,,0
R16417,H04459,B11,P054,2026-06-25,5,1,ingredients,,0
R16418,H04474,B01,P054,2026-06-25,5,1,can design,refreshing,1
R16419,H04474,B11,P054,2026-06-25,3,0,texture,,0
R16420,H04476,B11,P054,2026-06-25,4,1,packaging,,0
R16421,H04483,B13,P054,2026-06-25,3,1,,price,1
R16422,H04487,B05,P054,2026-06-25,5,1,saltiness,,0
R16423,H04492,B05,P054,2026-06-25,4,0,price,,1
R16424,H04497,B05,P054,2026-06-25,4,0,seasoning,,1
R16425,H04498,B01,P054,2026-06-25,5,1,price,,0
R16426,H04498,B05,P054,2026-06-25,4,1,price,,1
R16427,H04506,B01,P054,2026-06-25,5,1,price,,0
R16428,H00049,B13,,2026-06-26,3,0,jar size,,0
R16429,H00287,B14,,2026-06-26,3,0,,jar size,0
R16430,H00323,B06,,2026-06-26,5,1,seasoning,,1
R16431,H00441,B16,,2026-06-26,5,1,jar size,,1
R16432,H00626,B08,,2026-06-26,4,1,price,,1
R16433,H01013,B18,,2026-06-26,4,1,energy boost,,0
R16434,H01308,B12,,2026-06-26,3,0,texture,,0
R16435,H01432,B03,,2026-06-26,4,1,refreshing,,0
R16436,H01559,B01,,2026-06-26,5,1,fizz,,1
R16437,H01609,B02,,2026-06-26,4,1,aftertaste,,1
R16438,H01620,B16,,2026-06-26,1,0,,price,0
R16439,H01654,B19,,2026-06-26,4,0,portability,,1
R16440,H01662,B03,,2026-06-26,5,1,sweetness,,1
R16441,H01725,B17,,2026-06-26,4,1,taste,,1
R16442,H01905,B16,,2026-06-26,3,1,,flavour depth,0
R16443,H01914,B14,,2026-06-26,2,0,price,texture,0
R16444,H02205,B07,,2026-06-26,3,0,,crunch,0
R16445,H02316,B20,,2026-06-26,2,0,,texture,0
R16446,H02478,B12,,2026-06-26,4,0,packaging,,1
R16447,H02505,B03,,2026-06-26,4,1,aftertaste,can design,1
R16448,H02511,B13,,2026-06-26,5,1,texture,,1
R16449,H02560,B13,,2026-06-26,3,0,jar size,,0
R16450,H02841,B15,,2026-06-26,4,1,texture,,1
R16451,H03356,B19,,2026-06-26,5,1,texture,,1
R16452,H03495,B18,,2026-06-26,5,1,portability,,1
R16453,H03514,B12,,2026-06-26,5,1,taste,,1
R16454,H03670,B07,,2026-06-26,3,1,saltiness,,1
R16455,H03790,B01,,2026-06-26,4,1,refreshing,,0
R16456,H04036,B01,,2026-06-26,5,1,price,,1
R16457,H04246,B03,,2026-06-26,4,1,refreshing,,1
R16458,H04445,B11,P054,2026-06-26,3,0,,sweetness,1
R16459,H04445,B17,P054,2026-06-26,3,1,energy boost,,0
R16460,H04448,B05,P054,2026-06-26,3,0,,saltiness,1
R16461,H04450,B11,P054,2026-06-26,4,0,texture,,1
R16462,H04456,B01,P054,2026-06-26,3,1,aftertaste,,1
R16463,H04460,B13,P054,2026-06-26,3,0,,versatility,1
R16464,H04461,B17,P054,2026-06-26,2,0,taste,portability,1
R16465,H04481,B01,P054,2026-06-26,5,1,price,refreshing,1
R16466,H04490,B13,P054,2026-06-26,3,0,flavour depth,,0
R16467,H04495,B13,P054,2026-06-26,4,1,texture,,1
R16468,H00005,B11,,2026-06-27,5,1,ingredients,,1
R16469,H00181,B16,,2026-06-27,4,1,texture,jar size,1
R16470,H00235,B02,,2026-06-27,5,1,fizz,,1
R16471,H00401,B08,,2026-06-27,3,1,,packaging,0
R16472,H00450,B17,,2026-06-27,4,1,energy boost,,1
R16473,H00507,B10,,2026-06-27,5,1,taste,sweetness,1
R16474,H00563,B15,,2026-06-27,3,1,texture,,0
R16475,H00862,B10,,2026-06-27,4,1,ingredients,,0
R16476,H01041,B07,,2026-06-27,3,0,,saltiness,1
R16477,H01063,B06,,2026-06-27,5,1,seasoning,,1
R16478,H01409,B20,,2026-06-27,5,1,texture,,1
R16479,H01450,B03,,2026-06-27,3,0,can design,,0
R16480,H01461,B06,,2026-06-27,4,0,portion size,,1
R16481,H01854,B14,,2026-06-27,3,1,,flavour depth,0
R16482,H01898,B09,,2026-06-27,2,0,,packaging,0
R16483,H01929,B19,,2026-06-27,4,0,taste,,1
R16484,H01980,B07,,2026-06-27,4,1,seasoning,,1
R16485,H02307,B15,,2026-06-27,3,0,,texture,0
R16486,H02756,B06,,2026-06-27,5,1,price,,1
R16487,H02918,B12,,2026-06-27,3,0,,packaging,0
R16488,H03269,B04,,2026-06-27,3,1,,taste,0
R16489,H03343,B09,,2026-06-27,4,0,packaging,price,1
R16490,H03649,B05,,2026-06-27,3,0,crunch,,0
R16491,H03659,B02,,2026-06-27,4,0,sweetness,,1
R16492,H03694,B13,,2026-06-27,3,1,,heat,0
R16493,H03770,B04,,2026-06-27,4,1,aftertaste,,1
R16494,H04152,B06,,2026-06-27,4,1,portion size,seasoning,0
R16495,H04240,B02,,2026-06-27,4,1,sweetness,can design,1
R16496,H04256,B08,,2026-06-27,4,1,portion size,price,1
R16497,H04447,B17,P054,2026-06-27,3,0,,portability,0
R16498,H04456,B17,P054,2026-06-27,3,0,taste,,0
R16499,H04464,B13,P054,2026-06-27,4,1,texture,,0
R16500,H04464,B17,P054,2026-06-27,3,1,,ingredients,0
R16501,H04468,B10,,2026-06-27,5,1,ingredients,,1
R16502,H04475,B11,P054,2026-06-27,5,1,texture,,0
R16503,H04476,B13,P054,2026-06-27,4,1,texture,,0
R16504,H04478,B17,P054,2026-06-27,5,1,portability,,1
R16505,H04479,B17,P054,2026-06-27,5,1,ingredients,price,1
R16506,H04480,B17,P054,2026-06-27,2,0,,price,1
R16507,H04491,B11,P054,2026-06-27,4,1,taste,price,1
R16508,H04494,B13,P054,2026-06-27,3,1,texture,,1
R16509,H04497,B11,P054,2026-06-27,4,1,price,taste,1
R16510,H04502,B01,P054,2026-06-27,5,1,taste,refreshing,1
R16511,H04506,B05,P054,2026-06-27,4,1,crunch,,1
R16512,H00047,B05,,2026-06-28,2,0,,seasoning,1
R16513,H00097,B07,,2026-06-28,3,0,crunch,,0
R16514,H00165,B18,,2026-06-28,4,1,price,,1
R16515,H00344,B13,,2026-06-28,3,0,,texture,0
R16516,H00452,B10,,2026-06-28,5,1,texture,,1
R16517,H00453,B12,,2026-06-28,4,0,texture,,0
R16518,H00521,B10,,2026-06-28,4,1,ingredients,,1
R16519,H00672,B14,,2026-06-28,3,1,heat,,0
R16520,H00912,B13,,2026-06-28,2,0,texture,price,0
R16521,H01173,B03,,2026-06-28,3,0,,refreshing,0
R16522,H01532,B02,,2026-06-28,4,1,sweetness,,0
R16523,H02263,B20,,2026-06-28,4,1,texture,,1
R16524,H02420,B08,,2026-06-28,4,1,seasoning,portion size,0
R16525,H02891,B02,,2026-06-28,5,1,price,,1
R16526,H02975,B18,,2026-06-28,3,0,,portability,0
R16527,H03062,B17,,2026-06-28,5,1,texture,,1
R16528,H03347,B14,,2026-06-28,4,0,versatility,,1
R16529,H03591,B09,,2026-06-28,4,1,taste,,1
R16530,H03953,B16,,2026-06-28,3,1,,flavour depth,0
R16531,H03961,B15,,2026-06-28,3,1,price,,0
R16532,H04289,B05,,2026-06-28,4,1,portion size,,1
R16533,H04361,B11,,2026-06-28,4,0,packaging,,1
R16534,H04418,B13,,2026-06-28,3,0,,flavour depth,0
R16535,H00006,B11,,2026-06-29,2,1,,ingredients,0
R16536,H00047,B03,,2026-06-29,4,1,price,,1
R16537,H00310,B01,,2026-06-29,3,1,,fizz,1
R16538,H00532,B20,,2026-06-29,5,1,texture,,0
R16539,H01551,B07,,2026-06-29,4,1,packaging,,1
R16540,H01604,B05,,2026-06-29,4,1,seasoning,,0
R16541,H01705,B01,,2026-06-29,3,1,,aftertaste,1
R16542,H01937,B16,,2026-06-29,5,0,flavour depth,versatility,1
R16543,H02151,B12,,2026-06-29,4,1,ingredients,,0
R16544,H02152,B08,,2026-06-29,3,0,,saltiness,1
R16545,H02278,B01,,2026-06-29,3,1,fizz,,0
R16546,H02477,B19,,2026-06-29,5,1,texture,,1
R16547,H02808,B06,,2026-06-29,4,0,portion size,,1
R16548,H02809,B08,,2026-06-29,3,0,crunch,,0
R16549,H02855,B02,,2026-06-29,2,0,,sweetness,0
R16550,H02976,B12,,2026-06-29,2,0,taste,price,0
R16551,H03043,B03,,2026-06-29,3,1,,aftertaste,1
R16552,H03073,B01,,2026-06-29,3,0,taste,,1
R16553,H03249,B11,,2026-06-29,4,1,ingredients,price,1
R16554,H03312,B03,,2026-06-29,4,1,fizz,,0
R16555,H03360,B10,,2026-06-29,3,0,,sweetness,0
R16556,H03400,B04,,2026-06-29,3,1,,fizz,0
R16557,H03704,B16,,2026-06-29,4,1,jar size,,1
R16558,H03844,B20,,2026-06-29,3,0,,portability,0
R16559,H03950,B03,,2026-06-29,5,1,refreshing,,1
R16560,H04035,B17,,2026-06-29,4,1,ingredients,taste,1
R16561,H04276,B09,,2026-06-29,2,0,,sweetness,0
R16562,H04277,B07,,2026-06-29,4,1,crunch,,1
R16563,H04280,B07,,2026-06-29,5,1,saltiness,,1
R16564,H04295,B02,,2026-06-29,3,1,fizz,,1
R16565,H04299,B15,,2026-06-29,3,1,versatility,,0
R16566,H04319,B05,,2026-06-29,4,1,packaging,saltiness,1
R16567,H04497,B03,,2026-06-29,3,0,sweetness,,0
R16568,H00810,B16,,2026-06-30,3,1,,jar size,1
R16569,H01231,B19,,2026-06-30,3,0,,ingredients,1
R16570,H01473,B14,,2026-06-30,3,1,jar size,,1
R16571,H01712,B07,,2026-06-30,5,1,saltiness,,1
R16572,H01728,B20,,2026-06-30,2,0,,ingredients,0
R16573,H01793,B19,,2026-06-30,5,1,ingredients,,1
R16574,H02186,B07,,2026-06-30,4,1,seasoning,,0
R16575,H02315,B15,,2026-06-30,4,1,jar size,,0
R16576,H02357,B09,,2026-06-30,3,0,,ingredients,0
R16577,H02385,B16,,2026-06-30,3,0,flavour depth,,0
R16578,H02922,B20,,2026-06-30,4,1,texture,,1
R16579,H03081,B02,,2026-06-30,5,1,taste,,1
R16580,H03262,B04,,2026-06-30,3,0,,aftertaste,0
R16581,H03300,B15,,2026-06-30,4,0,flavour depth,,1
R16582,H03472,B20,,2026-06-30,4,1,ingredients,,0
R16583,H03813,B09,,2026-06-30,4,1,taste,texture,1
R16584,H03883,B13,,2026-06-30,4,1,price,heat,1
R16585,H03949,B17,,2026-06-30,4,1,ingredients,,1
R16586,H04153,B02,,2026-06-30,4,1,taste,,1
R16587,H04276,B04,,2026-06-30,2,0,,fizz,0
R16588,H04334,B05,,2026-06-30,4,1,packaging,,1
R16589,H00245,B02,,2026-07-01,4,1,refreshing,fizz,0
R16590,H00529,B04,,2026-07-01,4,1,taste,,1
R16591,H00833,B17,,2026-07-01,4,1,portability,ingredients,1
R16592,H00873,B13,,2026-07-01,2,0,price,jar size,1
R16593,H01324,B13,,2026-07-01,4,1,price,,1
R16594,H01335,B06,,2026-07-01,4,1,packaging,,1
R16595,H01444,B02,,2026-07-01,5,1,taste,,1
R16596,H01504,B20,,2026-07-01,3,1,taste,,1
R16597,H01519,B10,,2026-07-01,5,1,ingredients,,1
R16598,H01613,B18,,2026-07-01,5,1,taste,,1
R16599,H01633,B19,,2026-07-01,1,0,,taste,0
R16600,H01701,B07,,2026-07-01,4,1,crunch,,1
R16601,H01734,B12,,2026-07-01,4,1,price,,1
R16602,H02021,B03,,2026-07-01,3,0,aftertaste,,1
R16603,H02274,B17,,2026-07-01,4,1,energy boost,,1
R16604,H02735,B09,,2026-07-01,2,0,,sweetness,0
R16605,H02791,B08,,2026-07-01,5,1,portion size,,1
R16606,H02816,B02,,2026-07-01,3,0,aftertaste,,0
R16607,H02866,B16,,2026-07-01,5,1,jar size,,1
R16608,H03011,B08,,2026-07-01,3,1,portion size,,0
R16609,H03395,B12,,2026-07-01,5,1,texture,,1
R16610,H03446,B15,,2026-07-01,3,0,,jar size,0
R16611,H03513,B09,,2026-07-01,5,1,sweetness,,1
R16612,H03806,B06,,2026-07-01,4,1,portion size,price,1
R16613,H03818,B12,,2026-07-01,5,1,taste,,1
R16614,H03889,B08,,2026-07-01,3,0,portion size,,1
R16615,H03962,B02,,2026-07-01,5,1,refreshing,,1
R16616,H03983,B08,,2026-07-01,4,0,seasoning,,1
R16617,H04034,B19,,2026-07-01,2,0,price,energy boost,0
R16618,H04101,B10,,2026-07-01,5,1,ingredients,price,1
R16619,H04103,B01,,2026-07-01,4,0,sweetness,,1
R16620,H04126,B12,,2026-07-01,4,1,ingredients,,0
R16621,H04264,B18,,2026-07-01,4,0,taste,,1
R16622,H04270,B09,,2026-07-01,4,1,ingredients,,1
R16623,H04280,B16,,2026-07-01,4,1,heat,,1
R16624,H04379,B17,,2026-07-01,5,1,texture,,1
R16625,H04395,B14,,2026-07-01,4,1,texture,,1
R16626,H00010,B03,,2026-07-02,5,1,sweetness,,1
R16627,H00246,B05,,2026-07-02,4,1,packaging,,1
R16628,H00467,B18,,2026-07-02,5,1,taste,,1
R16629,H00565,B03,,2026-07-02,4,1,taste,,1
R16630,H00760,B08,,2026-07-02,5,1,packaging,,1
R16631,H00821,B04,,2026-07-02,2,0,,price,0
R16632,H01155,B04,,2026-07-02,3,1,,price,1
R16633,H01180,B09,,2026-07-02,4,0,packaging,,1
R16634,H01183,B19,,2026-07-02,4,1,texture,,1
R16635,H01219,B10,,2026-07-02,4,0,sweetness,,0
R16636,H01490,B19,,2026-07-02,4,1,price,,1
R16637,H01675,B20,,2026-07-02,4,0,texture,,1
R16638,H02079,B02,,2026-07-02,4,1,refreshing,sweetness,0
R16639,H02130,B10,,2026-07-02,4,0,ingredients,,0
R16640,H03625,B04,,2026-07-02,4,0,sweetness,,0
R16641,H03641,B06,,2026-07-02,3,0,portion size,,1
R16642,H03745,B12,,2026-07-02,5,1,taste,,0
R16643,H03819,B15,,2026-07-02,4,1,texture,,0
R16644,H03914,B05,,2026-07-02,3,0,,portion size,1
R16645,H03925,B02,,2026-07-02,5,1,sweetness,,1
R16646,H03959,B17,,2026-07-02,4,1,price,,1
R16647,H04056,B01,,2026-07-02,4,1,refreshing,,1
R16648,H04464,B19,,2026-07-02,2,0,,price,0
R16649,H00617,B09,,2026-07-03,4,1,sweetness,,1
R16650,H00883,B11,,2026-07-03,5,1,sweetness,,1
R16651,H01048,B15,,2026-07-03,3,0,,heat,1
R16652,H01091,B11,,2026-07-03,5,1,sweetness,,1
R16653,H01182,B09,,2026-07-03,4,1,ingredients,,1
R16654,H01414,B08,,2026-07-03,5,1,portion size,,1
R16655,H01566,B17,,2026-07-03,3,1,,taste,1
R16656,H01804,B06,,2026-07-03,4,0,seasoning,,1
R16657,H01946,B07,,2026-07-03,3,1,crunch,,0
R16658,H02000,B20,,2026-07-03,4,0,taste,,0
R16659,H02119,B11,,2026-07-03,4,1,price,,1
R16660,H02236,B09,,2026-07-03,2,0,,taste,0
R16661,H02322,B13,,2026-07-03,5,1,texture,,1
R16662,H02487,B10,,2026-07-03,4,1,price,,1
R16663,H02557,B19,,2026-07-03,3,1,,ingredients,1
R16664,H02597,B08,,2026-07-03,3,0,,crunch,1
R16665,H02605,B16,,2026-07-03,3,1,,jar size,0
R16666,H02660,B17,,2026-07-03,5,1,texture,,1
R16667,H02666,B01,,2026-07-03,5,1,refreshing,,1
R16668,H02687,B10,,2026-07-03,4,1,taste,texture,1
R16669,H02948,B16,,2026-07-03,4,1,versatility,heat,1
R16670,H03217,B12,,2026-07-03,4,1,sweetness,,1
R16671,H03274,B15,,2026-07-03,5,1,price,,1
R16672,H03471,B06,,2026-07-03,4,1,seasoning,,1
R16673,H03511,B06,,2026-07-03,4,1,portion size,,0
R16674,H03591,B15,,2026-07-03,2,1,,price,0
R16675,H03758,B13,,2026-07-03,3,0,heat,,1
R16676,H03826,B16,,2026-07-03,5,1,price,jar size,1
R16677,H03845,B16,,2026-07-03,3,0,,flavour depth,0
R16678,H00148,B12,,2026-07-04,5,1,sweetness,,1
R16679,H00675,B20,,2026-07-04,5,1,price,,0
R16680,H00852,B18,,2026-07-04,5,1,texture,,0
R16681,H01190,B02,,2026-07-04,4,0,can design,,0
R16682,H01348,B01,,2026-07-04,4,1,sweetness,aftertaste,1
R16683,H01446,B20,,2026-07-04,3,1,,portability,0
R16684,H01598,B12,,2026-07-04,4,1,price,,1
R16685,H01618,B13,,2026-07-04,4,1,heat,,1
R16686,H01640,B17,,2026-07-04,5,1,taste,,1
R16687,H01825,B03,,2026-07-04,5,1,refreshing,,1
R16688,H02104,B19,,2026-07-04,3,0,,price,0
R16689,H02612,B06,,2026-07-04,5,0,packaging,,1
R16690,H02684,B14,,2026-07-04,3,0,flavour depth,,1
R16691,H02999,B13,,2026-07-04,3,1,,flavour depth,0
R16692,H03037,B10,,2026-07-04,3,0,ingredients,,0
R16693,H03047,B13,,2026-07-04,3,0,texture,,0
R16694,H03409,B20,,2026-07-04,1,0,,price,0
R16695,H03487,B17,,2026-07-04,5,1,portability,,1
R16696,H03624,B10,,2026-07-04,3,0,,sweetness,1
R16697,H03925,B18,,2026-07-04,3,1,,portability,0
R16698,H04089,B08,,2026-07-04,4,1,crunch,,1
R16699,H04104,B02,,2026-07-04,4,1,price,,0
R16700,H04148,B05,,2026-07-04,3,0,portion size,,1
R16701,H04290,B02,,2026-07-04,3,1,can design,,0
R16702,H04383,B14,,2026-07-04,4,1,flavour depth,,1
R16703,H00034,B03,,2026-07-05,4,1,aftertaste,,1
R16704,H00103,B14,,2026-07-05,3,0,,price,0
R16705,H00326,B07,,2026-07-05,2,0,,packaging,0
R16706,H00355,B18,,2026-07-05,3,1,price,,0
R16707,H00412,B01,,2026-07-05,4,1,price,,0
R16708,H00606,B03,,2026-07-05,5,1,price,,1
R16709,H00720,B10,,2026-07-05,4,1,price,packaging,1
R16710,H00729,B03,,2026-07-05,4,1,refreshing,,1
R16711,H00736,B06,,2026-07-05,3,0,price,,1
R16712,H00855,B03,,2026-07-05,5,1,aftertaste,,1
R16713,H00968,B07,,2026-07-05,3,1,,packaging,0
R16714,H01496,B06,,2026-07-05,4,0,portion size,,1
R16715,H01527,B02,,2026-07-05,4,1,fizz,,1
R16716,H01592,B01,,2026-07-05,5,1,aftertaste,,1
R16717,H01745,B07,,2026-07-05,4,1,saltiness,,1
R16718,H01825,B06,,2026-07-05,5,1,saltiness,,1
R16719,H01871,B05,,2026-07-05,4,0,portion size,,1
R16720,H01921,B07,,2026-07-05,5,1,crunch,,1
R16721,H02108,B19,,2026-07-05,3,1,texture,,1
R16722,H02323,B19,,2026-07-05,3,1,ingredients,,1
R16723,H02597,B12,,2026-07-05,3,0,taste,,0
R16724,H02719,B03,,2026-07-05,4,1,refreshing,,1
R16725,H02854,B09,,2026-07-05,4,0,price,,1
R16726,H03023,B20,,2026-07-05,4,1,ingredients,,1
R16727,H03463,B15,,2026-07-05,5,1,heat,,1
R16728,H03495,B09,,2026-07-05,2,0,,texture,0
R16729,H03806,B09,,2026-07-05,3,1,,ingredients,1
R16730,H03887,B10,,2026-07-05,5,1,texture,,1
R16731,H04137,B14,,2026-07-05,4,1,flavour depth,,1
R16732,H00306,B19,,2026-07-06,4,1,price,,1
R16733,H00367,B10,,2026-07-06,5,1,sweetness,packaging,1
R16734,H00545,B04,,2026-07-06,5,1,aftertaste,,1
R16735,H00565,B02,,2026-07-06,4,1,price,,1
R16736,H00942,B04,,2026-07-06,5,1,refreshing,aftertaste,1
R16737,H01437,B12,,2026-07-06,3,0,,packaging,0
R16738,H01497,B18,,2026-07-06,3,0,texture,,1
R16739,H01562,B07,,2026-07-06,3,1,saltiness,,1
R16740,H01665,B19,,2026-07-06,3,0,,taste,1
R16741,H01819,B05,,2026-07-06,3,0,,crunch,1
R16742,H02181,B13,,2026-07-06,2,1,,flavour depth,0
R16743,H02255,B14,,2026-07-06,5,1,price,,1
R16744,H02337,B12,,2026-07-06,5,1,sweetness,texture,1
R16745,H02542,B12,,2026-07-06,5,1,sweetness,ingredients,1
R16746,H02760,B01,,2026-07-06,5,1,sweetness,,1
R16747,H02763,B12,,2026-07-06,5,1,taste,,0
R16748,H02892,B07,,2026-07-06,4,1,price,,1
R16749,H02972,B20,,2026-07-06,5,1,portability,texture,1
R16750,H03082,B11,,2026-07-06,4,0,ingredients,taste,0
R16751,H03144,B03,,2026-07-06,5,0,fizz,,1
R16752,H03460,B07,,2026-07-06,3,0,seasoning,,1
R16753,H03542,B07,,2026-07-06,3,0,price,,1
R16754,H03548,B05,,2026-07-06,2,1,,packaging,1
R16755,H03625,B19,,2026-07-06,4,0,price,,1
R16756,H04040,B16,,2026-07-06,3,0,versatility,,1
R16757,H04155,B12,,2026-07-06,4,0,texture,,1
R16758,H04367,B09,,2026-07-06,4,0,sweetness,,1
R16759,H00007,B03,,2026-07-07,5,1,aftertaste,,1
R16760,H00073,B14,,2026-07-07,2,0,,texture,0
R16761,H00311,B16,,2026-07-07,5,1,versatility,,1
R16762,H00322,B15,,2026-07-07,3,0,jar size,,0
R16763,H00799,B04,,2026-07-07,5,1,aftertaste,,1
R16764,H00981,B04,,2026-07-07,5,1,can design,,1
R16765,H01025,B05,,2026-07-07,2,0,seasoning,crunch,0
R16766,H01055,B01,,2026-07-07,4,1,sweetness,,1
R16767,H01081,B18,,2026-07-07,5,1,taste,,1
R16768,H01151,B02,,2026-07-07,4,1,fizz,,1
R16769,H01163,B06,,2026-07-07,5,1,crunch,,1
R16770,H01459,B08,,2026-07-07,4,1,crunch,price,1
R16771,H01586,B02,,2026-07-07,4,1,taste,,1
R16772,H01653,B13,,2026-07-07,3,0,,heat,1
R16773,H01758,B08,,2026-07-07,4,0,portion size,,1
R16774,H02029,B04,,2026-07-07,2,0,,aftertaste,0
R16775,H02080,B08,,2026-07-07,4,0,price,saltiness,1
R16776,H02090,B16,,2026-07-07,5,1,flavour depth,heat,1
R16777,H02241,B09,,2026-07-07,4,1,sweetness,texture,0
R16778,H02367,B14,,2026-07-07,3,1,price,,0
R16779,H02384,B12,,2026-07-07,4,0,texture,,0
R16780,H02431,B06,,2026-07-07,5,1,packaging,,1
R16781,H02547,B02,,2026-07-07,2,0,,price,0
R16782,H02603,B09,,2026-07-07,4,1,packaging,,1
R16783,H02717,B18,,2026-07-07,4,1,portability,,1
R16784,H02811,B06,,2026-07-07,5,1,crunch,,1
R16785,H03120,B09,,2026-07-07,5,1,texture,,1
R16786,H03152,B05,,2026-07-07,4,0,saltiness,price,1
R16787,H03231,B19,,2026-07-07,3,0,,energy boost,0
R16788,H03365,B05,,2026-07-07,3,0,crunch,,1
R16789,H03418,B04,,2026-07-07,3,1,sweetness,,1
R16790,H03440,B06,,2026-07-07,4,1,crunch,,0
R16791,H03910,B20,,2026-07-07,4,1,taste,,1
R16792,H04064,B09,,2026-07-07,4,1,taste,,1
R16793,H04067,B03,,2026-07-07,3,0,fizz,,0
R16794,H04135,B12,,2026-07-07,3,1,,taste,0
R16795,H04155,B03,,2026-07-07,2,0,,fizz,0
R16796,H04224,B09,,2026-07-07,4,1,packaging,ingredients,1
R16797,H04245,B12,,2026-07-07,3,1,,taste,0
R16798,H04302,B06,,2026-07-07,5,1,crunch,,1
R16799,H04534,B19,,2026-07-07,2,0,,ingredients,1
R16800,H00063,B16,,2026-07-08,5,1,price,,1
R16801,H00896,B03,,2026-07-08,4,1,aftertaste,taste,1
R16802,H01513,B09,,2026-07-08,3,0,,price,0
R16803,H01780,B20,,2026-07-08,4,1,taste,,0
R16804,H01785,B08,,2026-07-08,4,1,price,,0
R16805,H02866,B10,,2026-07-08,5,1,price,taste,1
R16806,H03097,B12,,2026-07-08,3,0,,texture,0
R16807,H03112,B06,,2026-07-08,5,1,seasoning,,1
R16808,H03341,B03,,2026-07-08,4,1,price,,1
R16809,H03366,B01,,2026-07-08,4,1,can design,refreshing,0
R16810,H03622,B09,,2026-07-08,5,1,texture,,1
R16811,H03870,B16,,2026-07-08,5,1,price,,1
R16812,H03896,B19,,2026-07-08,3,0,portability,,0
R16813,H03971,B01,,2026-07-08,3,1,,taste,0
R16814,H04124,B12,,2026-07-08,5,1,packaging,,0
R16815,H04202,B03,,2026-07-08,5,1,can design,,1
R16816,H04233,B01,,2026-07-08,4,0,can design,,1
R16817,H04269,B18,,2026-07-08,4,1,texture,,1
R16818,H00105,B10,,2026-07-09,5,1,ingredients,,1
R16819,H00193,B15,,2026-07-09,3,0,versatility,,0
R16820,H00336,B20,,2026-07-09,3,0,,price,1
R16821,H00441,B06,,2026-07-09,5,1,saltiness,portion size,1
R16822,H00530,B06,,2026-07-09,5,1,packaging,portion size,1
R16823,H00887,B16,,2026-07-09,2,0,,heat,0
R16824,H01174,B08,,2026-07-09,5,1,price,,1
R16825,H01457,B15,,2026-07-09,4,0,price,,1
R16826,H01478,B07,,2026-07-09,4,0,saltiness,,1
R16827,H01765,B05,,2026-07-09,4,1,saltiness,,1
R16828,H01798,B07,,2026-07-09,4,1,saltiness,,1
R16829,H01952,B15,,2026-07-09,4,1,texture,,1
R16830,H01966,B12,,2026-07-09,3,1,price,,0
R16831,H02017,B14,,2026-07-09,2,0,,heat,0
R16832,H02511,B04,,2026-07-09,5,1,can design,,1
R16833,H02599,B02,,2026-07-09,3,0,,price,0
R16834,H03112,B09,,2026-07-09,4,0,texture,sweetness,1
R16835,H03267,B09,,2026-07-09,3,0,price,,1
R16836,H03344,B03,,2026-07-09,5,0,aftertaste,,1
R16837,H03440,B14,,2026-07-09,5,1,price,,1
R16838,H03646,B20,,2026-07-09,5,0,ingredients,,1
R16839,H03723,B05,,2026-07-09,2,0,,saltiness,0
R16840,H03751,B04,,2026-07-09,4,0,price,,1
R16841,H04116,B08,,2026-07-09,5,1,portion size,,1
R16842,H04223,B20,,2026-07-09,5,1,portability,,0
R16843,H04254,B05,,2026-07-09,4,0,portion size,,1
R16844,H00025,B18,,2026-07-10,3,1,,ingredients,0
R16845,H00188,B16,,2026-07-10,3,0,jar size,,0
R16846,H00246,B03,,2026-07-10,3,0,,sweetness,1
R16847,H00484,B20,,2026-07-10,5,1,texture,,0
R16848,H00523,B07,,2026-07-10,5,1,portion size,,1
R16849,H00835,B16,,2026-07-10,4,0,texture,,1
R16850,H00905,B18,,2026-07-10,3,0,,taste,0
R16851,H00953,B14,,2026-07-10,4,1,flavour depth,,1
R16852,H01185,B18,,2026-07-10,3,0,taste,,0
R16853,H01340,B08,,2026-07-10,4,0,saltiness,,1
R16854,H01425,B06,,2026-07-10,4,1,saltiness,,1
R16855,H01512,B14,,2026-07-10,3,0,heat,,1
R16856,H01518,B20,,2026-07-10,3,1,energy boost,,1
R16857,H01623,B13,,2026-07-10,3,1,,price,1
R16858,H02036,B12,,2026-07-10,5,1,texture,ingredients,0
R16859,H02318,B07,,2026-07-10,5,1,packaging,,0
R16860,H02436,B03,,2026-07-10,3,0,,can design,0
R16861,H02669,B20,,2026-07-10,4,1,taste,,1
R16862,H02785,B16,,2026-07-10,5,1,price,versatility,1
R16863,H02824,B16,,2026-07-10,3,1,flavour depth,,0
R16864,H03179,B17,,2026-07-10,5,1,ingredients,,1
R16865,H03611,B07,,2026-07-10,4,1,seasoning,crunch,1
R16866,H03876,B20,,2026-07-10,5,1,energy boost,,0
R16867,H04122,B17,,2026-07-10,3,1,ingredients,,0
R16868,H04227,B14,,2026-07-10,5,1,price,,1
R16869,H04392,B17,,2026-07-10,5,1,portability,ingredients,1
R16870,H00001,B09,,2026-07-11,2,0,price,taste,1
R16871,H00286,B11,,2026-07-11,5,1,price,,1
R16872,H00660,B03,,2026-07-11,3,1,,taste,0
R16873,H00819,B04,,2026-07-11,5,1,fizz,price,1
R16874,H00837,B15,,2026-07-11,3,0,flavour depth,,1
R16875,H00908,B05,,2026-07-11,4,1,packaging,,0
R16876,H01013,B08,,2026-07-11,5,1,crunch,,0
R16877,H01412,B03,,2026-07-11,4,1,refreshing,,1
R16878,H01575,B06,,2026-07-11,4,1,saltiness,,1
R16879,H01752,B19,,2026-07-11,5,1,taste,,1
R16880,H01772,B14,,2026-07-11,4,1,jar size,,0
R16881,H02094,B06,,2026-07-11,3,0,crunch,,1
R16882,H03014,B04,,2026-07-11,3,1,,fizz,0
R16883,H03114,B13,,2026-07-11,3,1,,jar size,1
R16884,H03386,B18,,2026-07-11,4,1,texture,,1
R16885,H03491,B04,,2026-07-11,3,1,,price,1
R16886,H03678,B12,,2026-07-11,5,1,price,,1
R16887,H03885,B16,,2026-07-11,4,0,flavour depth,versatility,1
R16888,H03980,B01,,2026-07-11,4,1,sweetness,can design,1
R16889,H04031,B01,,2026-07-11,4,0,taste,,1
R16890,H04089,B15,,2026-07-11,4,1,flavour depth,price,1
R16891,H04226,B09,,2026-07-11,4,1,taste,,1
R16892,H04259,B16,,2026-07-11,4,0,texture,price,1
R16893,H04363,B01,,2026-07-11,4,1,sweetness,taste,1
R16894,H04560,B03,P055,2026-07-11,3,0,aftertaste,,1
R16895,H04565,B18,P055,2026-07-11,4,1,taste,,1
R16896,H04571,B03,P055,2026-07-11,4,1,aftertaste,,0
R16897,H04574,B09,P055,2026-07-11,3,0,,taste,1
R16898,H04575,B11,P055,2026-07-11,3,1,taste,,1
R16899,H04585,B06,P055,2026-07-11,5,1,portion size,,1
R16900,H04586,B06,P055,2026-07-11,5,1,price,,0
R16901,H04586,B18,P055,2026-07-11,3,0,energy boost,,1
R16902,H04587,B08,,2026-07-11,5,1,portion size,,1
R16903,H04590,B06,P055,2026-07-11,5,1,price,,1
R16904,H04591,B11,P055,2026-07-11,5,1,taste,,0
R16905,H04597,B11,P055,2026-07-11,4,1,sweetness,,0
R16906,H00225,B16,,2026-07-12,4,1,versatility,,1
R16907,H00330,B19,,2026-07-12,4,0,price,,1
R16908,H00337,B11,,2026-07-12,3,1,,texture,1
R16909,H00482,B03,,2026-07-12,4,0,refreshing,,1
R16910,H00582,B03,,2026-07-12,5,1,can design,,1
R16911,H00628,B20,,2026-07-12,5,1,ingredients,,1
R16912,H01082,B15,,2026-07-12,3,0,,price,1
R16913,H01084,B13,,2026-07-12,4,0,price,,1
R16914,H01131,B15,,2026-07-12,4,0,versatility,,1
R16915,H01230,B20,,2026-07-12,5,1,energy boost,,1
R16916,H01281,B07,,2026-07-12,5,1,saltiness,,0
R16917,H01429,B15,,2026-07-12,3,1,heat,,1
R16918,H01547,B13,,2026-07-12,4,1,versatility,price,1
R16919,H02081,B11,,2026-07-12,5,1,sweetness,ingredients,1
R16920,H02111,B04,,2026-07-12,5,1,aftertaste,sweetness,1
R16921,H02286,B05,,2026-07-12,4,1,packaging,,1
R16922,H02567,B01,,2026-07-12,3,1,price,,0
R16923,H02593,B20,,2026-07-12,4,1,ingredients,,1
R16924,H02793,B15,,2026-07-12,4,1,jar size,flavour depth,1
R16925,H02931,B05,,2026-07-12,3,0,crunch,,1
R16926,H03482,B12,,2026-07-12,4,1,taste,,1
R16927,H03486,B18,,2026-07-12,5,1,energy boost,,1
R16928,H03578,B14,,2026-07-12,4,1,flavour depth,,1
R16929,H03725,B16,,2026-07-12,5,1,flavour depth,,1
R16930,H03841,B10,,2026-07-12,3,1,,price,0
R16931,H03906,B07,,2026-07-12,4,1,portion size,,1
R16932,H04189,B18,,2026-07-12,5,1,energy boost,,1
R16933,H04428,B07,,2026-07-12,5,1,crunch,,1
R16934,H04555,B11,P055,2026-07-12,5,1,price,taste,0
R16935,H04559,B06,P055,2026-07-12,5,1,price,,1
R16936,H04566,B18,P055,2026-07-12,5,1,ingredients,,0
R16937,H04567,B09,P055,2026-07-12,5,1,packaging,,0
R16938,H04568,B03,P055,2026-07-12,5,1,fizz,,0
R16939,H04573,B03,P055,2026-07-12,5,1,aftertaste,,0
R16940,H04580,B03,P055,2026-07-12,5,0,refreshing,,1
R16941,H04590,B11,P055,2026-07-12,5,0,ingredients,packaging,1
R16942,H04595,B09,P055,2026-07-12,3,1,,sweetness,0
R16943,H04596,B18,P055,2026-07-12,4,0,energy boost,,1
R16944,H04599,B09,P055,2026-07-12,4,1,taste,,0
R16945,H00009,B10,,2026-07-13,4,1,ingredients,,0
R16946,H00445,B11,,2026-07-13,5,1,texture,,1
R16947,H00646,B02,,2026-07-13,3,1,aftertaste,,1
R16948,H01176,B01,,2026-07-13,4,1,sweetness,,0
R16949,H01304,B01,,2026-07-13,5,1,taste,,1
R16950,H01420,B03,,2026-07-13,5,1,fizz,,1
R16951,H01432,B04,,2026-07-13,3,1,,aftertaste,0
R16952,H01669,B17,,2026-07-13,4,1,energy boost,,1
R16953,H01701,B08,,2026-07-13,4,1,packaging,,1
R16954,H01851,B16,,2026-07-13,4,1,heat,,0
R16955,H01869,B15,,2026-07-13,4,0,heat,texture,0
R16956,H01871,B09,,2026-07-13,2,0,sweetness,price,0
R16957,H01905,B14,,2026-07-13,5,1,flavour depth,versatility,1
R16958,H02114,B19,,2026-07-13,4,0,portability,,1
R16959,H02420,B09,,2026-07-13,4,0,packaging,,1
R16960,H02821,B04,,2026-07-13,4,1,taste,,1
R16961,H02953,B07,,2026-07-13,4,0,price,,1
R16962,H03041,B14,,2026-07-13,4,1,versatility,,0
R16963,H03147,B06,,2026-07-13,5,1,crunch,,1
R16964,H03401,B19,,2026-07-13,3,0,portability,,0
R16965,H03471,B19,,2026-07-13,4,1,taste,,1
R16966,H03506,B15,,2026-07-13,2,0,,flavour depth,0
R16967,H03620,B04,,2026-07-13,4,1,price,,1
R16968,H03937,B03,,2026-07-13,5,1,fizz,,1
R16969,H03943,B19,,2026-07-13,2,0,,portability,0
R16970,H03956,B11,,2026-07-13,4,1,packaging,,1
R16971,H04068,B15,,2026-07-13,4,1,versatility,,1
R16972,H04236,B12,,2026-07-13,3,0,,texture,0
R16973,H04488,B02,,2026-07-13,4,1,fizz,,1
R16974,H04563,B06,P055,2026-07-13,4,0,packaging,,1
R16975,H04572,B09,P055,2026-07-13,2,0,sweetness,taste,1
R16976,H04574,B06,P055,2026-07-13,3,1,portion size,,1
R16977,H04574,B18,P055,2026-07-13,5,1,taste,,0
R16978,H04579,B18,P055,2026-07-13,5,1,texture,,0
R16979,H04590,B09,P055,2026-07-13,4,0,ingredients,,0
R16980,H04600,B06,P055,2026-07-13,4,1,crunch,,0
R16981,H04600,B09,P055,2026-07-13,3,0,sweetness,,0
R16982,H04601,B18,P055,2026-07-13,2,0,,portability,0
R16983,H00402,B02,,2026-07-14,4,1,taste,,1
R16984,H00403,B06,,2026-07-14,4,0,crunch,,0
R16985,H00829,B19,,2026-07-14,4,0,taste,,0
R16986,H00904,B15,,2026-07-14,4,1,jar size,,0
R16987,H00949,B19,,2026-07-14,3,1,taste,,1
R16988,H00983,B10,,2026-07-14,5,1,price,,1
R16989,H01010,B15,,2026-07-14,3,0,,jar size,0
R16990,H01577,B13,,2026-07-14,3,0,,price,0
R16991,H01630,B05,,2026-07-14,3,0,,price,1
R16992,H02086,B12,,2026-07-14,3,0,,ingredients,0
R16993,H02150,B04,,2026-07-14,4,1,sweetness,,1
R16994,H02319,B14,,2026-07-14,2,0,,price,0
R16995,H02407,B19,,2026-07-14,3,1,price,,1
R16996,H02573,B20,,2026-07-14,4,1,portability,,1
R16997,H02741,B08,,2026-07-14,5,1,portion size,,1
R16998,H03105,B18,,2026-07-14,5,1,portability,,1
R16999,H03137,B02,,2026-07-14,5,1,aftertaste,taste,1
R17000,H03246,B08,,2026-07-14,4,1,crunch,,1
R17001,H03332,B10,,2026-07-14,5,1,sweetness,,1
R17002,H03525,B16,,2026-07-14,5,1,flavour depth,,1
R17003,H03589,B10,,2026-07-14,4,1,packaging,,0
R17004,H03737,B08,,2026-07-14,4,1,price,,1
R17005,H03798,B16,,2026-07-14,5,1,jar size,,1
R17006,H04018,B05,,2026-07-14,1,0,,seasoning,0
R17007,H04021,B05,,2026-07-14,5,1,price,,1
R17008,H04166,B16,,2026-07-14,5,1,jar size,,1
R17009,H04218,B18,,2026-07-14,3,1,,texture,0
R17010,H04323,B10,,2026-07-14,4,1,taste,,0
R17011,H04426,B02,,2026-07-14,3,0,,refreshing,0
R17012,H04553,B06,P055,2026-07-14,3,1,,seasoning,1
R17013,H04555,B09,P055,2026-07-14,3,0,ingredients,,1
R17014,H04556,B18,P055,2026-07-14,4,1,portability,energy boost,1
R17015,H04557,B09,P055,2026-07-14,4,0,price,,1
R17016,H04560,B09,P055,2026-07-14,5,1,sweetness,,1
R17017,H04561,B03,P055,2026-07-14,3,1,,taste,0
R17018,H04562,B09,P055,2026-07-14,4,1,ingredients,,1
R17019,H04565,B06,P055,2026-07-14,5,1,saltiness,,1
R17020,H04570,B06,P055,2026-07-14,5,1,seasoning,,1
R17021,H04575,B18,P055,2026-07-14,5,1,energy boost,portability,1
R17022,H04583,B03,P055,2026-07-14,2,0,,aftertaste,1
R17023,H04583,B09,P055,2026-07-14,3,0,packaging,,1
R17024,H04584,B06,P055,2026-07-14,5,1,packaging,,0
R17025,H04589,B09,P055,2026-07-14,4,0,sweetness,,0
R17026,H04590,B03,P055,2026-07-14,4,1,sweetness,refreshing,1
R17027,H04591,B03,P055,2026-07-14,2,1,,can design,1
R17028,H04593,B11,P055,2026-07-14,2,0,,texture,0
R17029,H04597,B18,P055,2026-07-14,3,0,,taste,0
R17030,H04598,B09,P055,2026-07-14,5,1,ingredients,,1
R17031,H00067,B07,,2026-07-15,4,0,packaging,,1
R17032,H00121,B16,,2026-07-15,4,1,flavour depth,,1
R17033,H00143,B08,,2026-07-15,5,1,packaging,,1
R17034,H00369,B11,,2026-07-15,5,1,texture,,1
R17035,H00415,B11,,2026-07-15,4,1,packaging,,1
R17036,H00588,B01,,2026-07-15,4,1,taste,,1
R17037,H00782,B03,,2026-07-15,5,1,price,,1
R17038,H00864,B04,,2026-07-15,4,0,taste,,0
R17039,H01126,B12,,2026-07-15,5,1,packaging,,1
R17040,H01170,B11,,2026-07-15,4,1,ingredients,,1
R17041,H01292,B13,,2026-07-15,3,1,,texture,0
R17042,H01534,B10,,2026-07-15,4,0,ingredients,,1
R17043,H01709,B17,,2026-07-15,3,1,,energy boost,1
R17044,H01836,B07,,2026-07-15,4,1,portion size,,1
R17045,H01846,B06,,2026-07-15,5,1,saltiness,packaging,1
R17046,H01883,B18,,2026-07-15,4,0,taste,ingredients,1
R17047,H02000,B03,,2026-07-15,5,1,price,,1
R17048,H02045,B02,,2026-07-15,5,1,refreshing,,0
R17049,H02084,B14,,2026-07-15,3,0,,jar size,0
R17050,H02119,B12,,2026-07-15,3,0,,sweetness,0
R17051,H02146,B04,,2026-07-15,3,0,,refreshing,0
R17052,H02150,B06,,2026-07-15,4,1,seasoning,portion size,1
R17053,H02273,B02,,2026-07-15,4,1,can design,,0
R17054,H02635,B12,,2026-07-15,4,0,price,,0
R17055,H03122,B05,,2026-07-15,3,1,,packaging,1
R17056,H03292,B11,,2026-07-15,4,1,texture,,1
R17057,H03474,B20,,2026-07-15,4,1,portability,,1
R17058,H03545,B05,,2026-07-15,2,1,,crunch,0
R17059,H03744,B01,,2026-07-15,5,0,taste,sweetness,1
R17060,H03793,B12,,2026-07-15,2,0,,packaging,0
R17061,H03797,B01,,2026-07-15,4,1,can design,,1
R17062,H04072,B16,,2026-07-15,5,0,heat,,1
R17063,H04138,B07,,2026-07-15,3,0,portion size,,1
R17064,H04299,B03,,2026-07-15,5,1,fizz,,1
R17065,H04420,B18,,2026-07-15,5,1,ingredients,,1
R17066,H04457,B12,,2026-07-15,5,0,taste,,1
R17067,H04461,B18,,2026-07-15,4,1,price,,1
R17068,H04553,B03,P055,2026-07-15,4,1,refreshing,,1
R17069,H04569,B09,P055,2026-07-15,4,1,sweetness,packaging,1
R17070,H04573,B11,P055,2026-07-15,4,1,price,,1
R17071,H04578,B18,P055,2026-07-15,4,1,portability,,1
R17072,H04581,B09,P055,2026-07-15,4,1,taste,sweetness,0
R17073,H04589,B06,P055,2026-07-15,2,1,,seasoning,1
R17074,H00346,B04,,2026-07-16,4,0,taste,refreshing,1
R17075,H00490,B16,,2026-07-16,3,0,,flavour depth,1
R17076,H00556,B15,,2026-07-16,3,0,,texture,0
R17077,H00578,B03,,2026-07-16,5,1,taste,,1
R17078,H00613,B08,,2026-07-16,5,1,packaging,,0
R17079,H00644,B16,,2026-07-16,2,0,,flavour depth,0
R17080,H00955,B20,,2026-07-16,4,0,portability,ingredients,0
R17081,H00972,B15,,2026-07-16,2,0,flavour depth,heat,1
R17082,H00993,B04,,2026-07-16,4,1,fizz,,1
R17083,H01061,B15,,2026-07-16,5,1,flavour depth,,1
R17084,H01099,B08,,2026-07-16,4,1,crunch,,1
R17085,H01166,B10,,2026-07-16,5,1,ingredients,,1
R17086,H01265,B07,,2026-07-16,4,0,price,,1
R17087,H01471,B04,,2026-07-16,5,1,fizz,,1
R17088,H02004,B10,,2026-07-16,3,1,price,,0
R17089,H02197,B14,,2026-07-16,3,1,,price,0
R17090,H02455,B14,,2026-07-16,5,1,heat,,1
R17091,H02546,B15,,2026-07-16,5,1,flavour depth,,1
R17092,H02590,B14,,2026-07-16,5,1,versatility,,1
R17093,H02724,B03,,2026-07-16,5,1,aftertaste,sweetness,1
R17094,H02886,B18,,2026-07-16,3,0,portability,,0
R17095,H03172,B01,,2026-07-16,3,0,,can design,0
R17096,H03391,B20,,2026-07-16,4,1,portability,,0
R17097,H03571,B01,,2026-07-16,5,1,refreshing,,0
R17098,H03830,B15,,2026-07-16,4,1,price,,0
R17099,H03852,B12,,2026-07-16,2,0,,ingredients,0
R17100,H04071,B08,,2026-07-16,4,1,packaging,,1
R17101,H04107,B06,,2026-07-16,4,0,crunch,,1
R17102,H04242,B08,,2026-07-16,5,1,portion size,,1
R17103,H04396,B09,,2026-07-16,3,0,taste,,1
R17104,H04449,B20,,2026-07-16,5,1,portability,,1
R17105,H04499,B16,,2026-07-16,3,0,heat,,0
R17106,H04554,B11,P055,2026-07-16,4,1,taste,,0
R17107,H04556,B09,P055,2026-07-16,3,0,,packaging,0
R17108,H04564,B09,P055,2026-07-16,5,1,packaging,,0
R17109,H04566,B03,P055,2026-07-16,3,0,price,,0
R17110,H04568,B18,P055,2026-07-16,5,1,portability,,0
R17111,H04570,B09,P055,2026-07-16,4,0,sweetness,,1
R17112,H04573,B06,P055,2026-07-16,5,1,packaging,,1
R17113,H04577,B14,,2026-07-16,5,1,price,versatility,1
R17114,H04577,B15,,2026-07-16,5,1,jar size,,1
R17115,H04579,B11,P055,2026-07-16,5,1,texture,,0
R17116,H04581,B03,P055,2026-07-16,2,0,aftertaste,fizz,0
R17117,H04586,B09,P055,2026-07-16,4,1,price,,0
R17118,H04590,B18,P055,2026-07-16,3,0,,taste,1
R17119,H00086,B04,,2026-07-17,4,1,can design,,1
R17120,H00356,B10,,2026-07-17,5,1,sweetness,,1
R17121,H00436,B04,,2026-07-17,5,1,refreshing,,1
R17122,H00535,B11,,2026-07-17,5,1,taste,,1
R17123,H00703,B07,,2026-07-17,5,1,portion size,,1
R17124,H00960,B07,,2026-07-17,5,1,price,,1
R17125,H01423,B02,,2026-07-17,3,1,,taste,0
R17126,H01596,B11,,2026-07-17,4,1,packaging,taste,0
R17127,H01736,B20,,2026-07-17,3,1,texture,,0
R17128,H01835,B13,,2026-07-17,4,0,flavour depth,,1
R17129,H01904,B14,,2026-07-17,2,0,,versatility,0
R17130,H01981,B10,,2026-07-17,4,0,ingredients,,1
R17131,H02316,B19,,2026-07-17,5,1,ingredients,,1
R17132,H02414,B01,,2026-07-17,5,1,aftertaste,,1
R17133,H02510,B04,,2026-07-17,5,1,sweetness,,1
R17134,H02516,B14,,2026-07-17,5,1,versatility,,1
R17135,H02826,B19,,2026-07-17,5,1,portability,,1
R17136,H03120,B02,,2026-07-17,4,1,fizz,,1
R17137,H03195,B07,,2026-07-17,4,1,packaging,,1
R17138,H03584,B04,,2026-07-17,4,0,price,,1
R17139,H03669,B08,,2026-07-17,4,1,saltiness,,0
R17140,H03717,B15,,2026-07-17,4,1,jar size,,0
R17141,H03747,B12,,2026-07-17,5,0,price,,1
R17142,H04008,B16,,2026-07-17,4,1,texture,,1
R17143,H04085,B01,,2026-07-17,5,0,taste,,1
R17144,H04104,B08,,2026-07-17,3,0,portion size,,1
R17145,H04126,B14,,2026-07-17,3,0,,price,0
R17146,H04345,B13,,2026-07-17,4,0,flavour depth,,1
R17147,H04478,B02,,2026-07-17,5,1,sweetness,,1
R17148,H04553,B18,P055,2026-07-17,4,1,price,,0
R17149,H04561,B18,P055,2026-07-17,4,1,texture,energy boost,0
R17150,H04564,B06,P055,2026-07-17,4,1,saltiness,,1
R17151,H04565,B09,P055,2026-07-17,5,1,texture,,0
R17152,H04567,B11,P055,2026-07-17,3,1,ingredients,,0
R17153,H04589,B11,P055,2026-07-17,4,1,sweetness,,1
R17154,H04592,B09,P055,2026-07-17,4,1,packaging,,0
R17155,H04592,B11,P055,2026-07-17,5,1,texture,,1
R17156,H04596,B06,P055,2026-07-17,5,1,portion size,packaging,1
R17157,H04601,B06,P055,2026-07-17,5,1,price,,1
R17158,H00319,B07,,2026-07-18,4,1,seasoning,,1
R17159,H00423,B17,,2026-07-18,5,1,price,,1
R17160,H00812,B18,,2026-07-18,2,0,,portability,0
R17161,H01084,B01,,2026-07-18,4,1,fizz,,1
R17162,H01314,B05,,2026-07-18,2,0,,seasoning,0
R17163,H01503,B07,,2026-07-18,4,1,crunch,packaging,1
R17164,H02010,B03,,2026-07-18,4,0,fizz,aftertaste,1
R17165,H02157,B15,,2026-07-18,2,0,,price,0
R17166,H02321,B13,,2026-07-18,5,1,texture,,1
R17167,H02350,B19,,2026-07-18,5,1,texture,,1
R17168,H02567,B18,,2026-07-18,5,1,taste,,1
R17169,H02744,B06,,2026-07-18,4,1,seasoning,,1
R17170,H02879,B04,,2026-07-18,5,1,taste,price,1
R17171,H02917,B01,,2026-07-18,5,1,aftertaste,refreshing,1
R17172,H03015,B05,,2026-07-18,4,0,seasoning,packaging,1
R17173,H03080,B20,,2026-07-18,5,1,portability,,1
R17174,H03130,B20,,2026-07-18,4,1,ingredients,,0
R17175,H03197,B09,,2026-07-18,5,1,sweetness,,1
R17176,H03745,B10,,2026-07-18,5,1,taste,,1
R17177,H03747,B06,,2026-07-18,5,1,price,,1
R17178,H03856,B04,,2026-07-18,4,1,sweetness,fizz,1
R17179,H04298,B15,,2026-07-18,4,0,heat,jar size,0
R17180,H04362,B08,,2026-07-18,4,0,crunch,price,1
R17181,H04368,B16,,2026-07-18,4,1,texture,,0
R17182,H04549,B17,,2026-07-18,4,1,taste,,0
R17183,H04558,B03,P055,2026-07-18,5,1,can design,,1
R17184,H04560,B18,P055,2026-07-18,4,1,portability,,0
R17185,H04562,B06,P055,2026-07-18,4,0,price,,1
R17186,H04564,B11,P055,2026-07-18,4,1,taste,,1
R17187,H04567,B06,P055,2026-07-18,5,1,price,,0
R17188,H04567,B18,P055,2026-07-18,4,0,texture,,1
R17189,H04571,B18,P055,2026-07-18,1,0,,price,1
R17190,H04572,B03,P055,2026-07-18,3,0,,price,0
R17191,H04574,B11,P055,2026-07-18,5,1,ingredients,,0
R17192,H04575,B03,P055,2026-07-18,4,0,price,refreshing,1
R17193,H04581,B11,P055,2026-07-18,4,1,sweetness,,1
R17194,H04581,B18,P055,2026-07-18,5,1,portability,,0
R17195,H04584,B11,P055,2026-07-18,3,0,,price,0
R17196,H04587,B06,P055,2026-07-18,3,0,portion size,,0
R17197,H04589,B03,P055,2026-07-18,3,0,,can design,1
R17198,H04593,B09,P055,2026-07-18,4,1,ingredients,,1
R17199,H04594,B03,P055,2026-07-18,5,1,can design,sweetness,1
R17200,H04599,B03,P055,2026-07-18,4,1,taste,,1
R17201,H00015,B06,,2026-07-19,4,0,seasoning,,1
R17202,H00690,B16,,2026-07-19,3,0,,versatility,0
R17203,H00855,B13,,2026-07-19,3,0,price,,0
R17204,H01065,B10,,2026-07-19,5,1,ingredients,,1
R17205,H01069,B16,,2026-07-19,5,1,versatility,,1
R17206,H01332,B02,,2026-07-19,5,1,aftertaste,,1
R17207,H01349,B11,,2026-07-19,4,1,texture,ingredients,1
R17208,H01392,B10,,2026-07-19,3,0,,packaging,0
R17209,H01403,B17,,2026-07-19,5,1,energy boost,,1
R17210,H01603,B17,,2026-07-19,3,1,,taste,0
R17211,H01767,B19,,2026-07-19,5,1,energy boost,,1
R17212,H02056,B02,,2026-07-19,4,1,price,,0
R17213,H02062,B03,,2026-07-19,5,1,sweetness,,1
R17214,H02322,B07,,2026-07-19,5,1,price,,1
R17215,H02443,B10,,2026-07-19,4,0,ingredients,,1
R17216,H02517,B16,,2026-07-19,5,1,heat,,0
R17217,H02792,B08,,2026-07-19,5,1,seasoning,,1
R17218,H02820,B16,,2026-07-19,3,0,,heat,1
R17219,H02931,B07,,2026-07-19,3,0,price,,0
R17220,H02939,B05,,2026-07-19,4,1,price,,1
R17221,H03049,B06,,2026-07-19,4,0,price,,1
R17222,H03211,B17,,2026-07-19,4,1,portability,,1
R17223,H03214,B17,,2026-07-19,5,1,price,,1
R17224,H03233,B11,,2026-07-19,5,1,packaging,,1
R17225,H03267,B11,,2026-07-19,3,0,packaging,,0
R17226,H03359,B07,,2026-07-19,4,1,seasoning,portion size,1
R17227,H03852,B08,,2026-07-19,5,1,portion size,,0
R17228,H03967,B12,,2026-07-19,4,1,price,,0
R17229,H03969,B16,,2026-07-19,4,0,price,,1
R17230,H04035,B01,,2026-07-19,4,1,aftertaste,,1
R17231,H04425,B06,,2026-07-19,5,1,portion size,price,1
R17232,H04620,B05,P056,2026-07-19,2,1,,portion size,1
R17233,H04621,B13,P056,2026-07-19,4,1,heat,,1
R17234,H00105,B06,,2026-07-20,4,0,crunch,,1
R17235,H00164,B17,,2026-07-20,5,1,texture,,1
R17236,H00390,B08,,2026-07-20,4,1,saltiness,,1
R17237,H00541,B11,,2026-07-20,3,1,,texture,0
R17238,H00615,B03,,2026-07-20,5,1,fizz,,1
R17239,H00930,B11,,2026-07-20,3,0,,texture,0
R17240,H01041,B12,,2026-07-20,3,0,,sweetness,0
R17241,H01178,B15,,2026-07-20,5,1,jar size,,1
R17242,H01637,B04,,2026-07-20,3,0,aftertaste,,1
R17243,H01856,B12,,2026-07-20,5,1,taste,,0
R17244,H01936,B20,,2026-07-20,3,0,ingredients,,0
R17245,H02042,B01,,2026-07-20,4,1,refreshing,,1
R17246,H02373,B16,,2026-07-20,3,1,,texture,0
R17247,H02383,B11,,2026-07-20,4,0,sweetness,,1
R17248,H03128,B13,,2026-07-20,3,1,heat,,1
R17249,H03272,B01,,2026-07-20,4,0,aftertaste,,1
R17250,H03630,B14,,2026-07-20,3,0,,versatility,1
R17251,H03643,B02,,2026-07-20,5,1,can design,,1
R17252,H03742,B15,,2026-07-20,4,0,heat,,1
R17253,H03791,B07,,2026-07-20,4,1,price,,0
R17254,H03931,B03,,2026-07-20,4,1,refreshing,,0
R17255,H04019,B04,,2026-07-20,5,1,aftertaste,,1
R17256,H04020,B18,,2026-07-20,4,1,price,,0
R17257,H04088,B14,,2026-07-20,4,0,texture,,1
R17258,H04118,B02,,2026-07-20,3,1,fizz,,1
R17259,H04132,B01,,2026-07-20,4,0,can design,,1
R17260,H04157,B02,,2026-07-20,5,1,fizz,,1
R17261,H04559,B01,,2026-07-20,4,1,fizz,,1
R17262,H04616,B11,P056,2026-07-20,3,0,price,,1
R17263,H04622,B05,P056,2026-07-20,3,1,,saltiness,1
R17264,H04622,B13,P056,2026-07-20,5,1,texture,,1
R17265,H00038,B08,,2026-07-21,4,1,portion size,,1
R17266,H00076,B09,,2026-07-21,4,1,taste,,1
R17267,H00177,B19,,2026-07-21,3,0,taste,,1
R17268,H00391,B18,,2026-07-21,5,1,price,,1
R17269,H00693,B03,,2026-07-21,4,0,refreshing,,0
R17270,H00723,B15,,2026-07-21,3,0,heat,,1
R17271,H00774,B08,,2026-07-21,3,1,,price,0
R17272,H00776,B10,,2026-07-21,5,1,texture,,1
R17273,H00971,B17,,2026-07-21,5,1,portability,,1
R17274,H01063,B10,,2026-07-21,3,0,,ingredients,1
R17275,H01682,B10,,2026-07-21,5,1,taste,,1
R17276,H02290,B16,,2026-07-21,4,0,texture,,1
R17277,H02488,B18,,2026-07-21,3,1,ingredients,,0
R17278,H02721,B02,,2026-07-21,5,1,taste,,1
R17279,H02862,B16,,2026-07-21,2,0,,price,0
R17280,H02941,B06,,2026-07-21,4,1,portion size,,1
R17281,H03095,B07,,2026-07-21,3,0,,seasoning,1
R17282,H03216,B07,,2026-07-21,4,0,price,,1
R17283,H03390,B08,,2026-07-21,5,0,packaging,,1
R17284,H03663,B13,,2026-07-21,5,1,heat,,0
R17285,H03674,B19,,2026-07-21,3,1,,price,0
R17286,H03691,B10,,2026-07-21,5,1,price,,1
R17287,H03726,B07,,2026-07-21,5,1,seasoning,,1
R17288,H03822,B02,,2026-07-21,5,1,aftertaste,,1
R17289,H03918,B03,,2026-07-21,4,1,aftertaste,price,0
R17290,H04298,B19,,2026-07-21,5,1,price,,1
R17291,H04522,B07,,2026-07-21,5,1,crunch,,1
R17292,H04593,B03,,2026-07-21,4,0,fizz,aftertaste,1
R17293,H04601,B07,,2026-07-21,5,1,seasoning,,1
R17294,H04621,B17,P056,2026-07-21,2,0,,taste,1
R17295,H04628,B17,P056,2026-07-21,4,1,energy boost,,0
R17296,H00056,B08,,2026-07-22,3,0,seasoning,,0
R17297,H00190,B06,,2026-07-22,3,1,,price,1
R17298,H00485,B04,,2026-07-22,2,0,,can design,0
R17299,H00791,B05,,2026-07-22,4,0,saltiness,,1
R17300,H00984,B17,,2026-07-22,4,1,portability,,0
R17301,H01072,B06,,2026-07-22,5,1,crunch,,1
R17302,H01086,B11,,2026-07-22,5,1,packaging,,1
R17303,H01539,B09,,2026-07-22,4,0,packaging,,1
R17304,H01571,B17,,2026-07-22,4,1,ingredients,,1
R17305,H01630,B10,,2026-07-22,4,1,ingredients,,1
R17306,H01640,B01,,2026-07-22,5,1,aftertaste,,1
R17307,H01661,B04,,2026-07-22,3,1,,aftertaste,1
R17308,H01800,B09,,2026-07-22,4,1,ingredients,,1
R17309,H02133,B15,,2026-07-22,4,1,texture,,1
R17310,H02192,B03,,2026-07-22,4,0,refreshing,,1
R17311,H02235,B09,,2026-07-22,1,0,packaging,price,0
R17312,H02366,B12,,2026-07-22,2,0,,ingredients,0
R17313,H02519,B04,,2026-07-22,4,1,price,taste,1
R17314,H02697,B09,,2026-07-22,4,1,taste,,0
R17315,H02800,B15,,2026-07-22,4,0,versatility,,1
R17316,H02978,B03,,2026-07-22,5,1,price,,1
R17317,H03170,B08,,2026-07-22,5,1,crunch,,1
R17318,H03435,B10,,2026-07-22,3,0,sweetness,,0
R17319,H03451,B02,,2026-07-22,5,0,taste,,1
R17320,H03553,B20,,2026-07-22,4,1,energy boost,taste,0
R17321,H03953,B14,,2026-07-22,4,1,jar size,,1
R17322,H04056,B14,,2026-07-22,5,1,jar size,flavour depth,1
R17323,H04137,B13,,2026-07-22,3,0,price,,1
R17324,H04169,B10,,2026-07-22,3,0,price,,0
R17325,H04180,B11,,2026-07-22,2,0,texture,taste,0
R17326,H04403,B04,,2026-07-22,4,1,aftertaste,,1
R17327,H04461,B03,,2026-07-22,3,0,refreshing,,0
R17328,H04472,B04,,2026-07-22,1,0,,fizz,0
R17329,H04579,B03,,2026-07-22,4,1,can design,,0
R17330,H04616,B05,P056,2026-07-22,4,0,seasoning,,1
R17331,H04626,B11,P056,2026-07-22,4,1,taste,,0
R17332,H04627,B05,P056,2026-07-22,5,1,crunch,,1
R17333,H00085,B09,,2026-07-23,3,1,,price,0
R17334,H00611,B03,,2026-07-23,3,1,sweetness,,0
R17335,H00758,B15,,2026-07-23,3,1,jar size,,0
R17336,H01287,B11,,2026-07-23,5,1,price,packaging,0
R17337,H01318,B18,,2026-07-23,5,1,energy boost,,1
R17338,H01416,B03,,2026-07-23,3,0,,fizz,1
R17339,H01648,B05,,2026-07-23,4,1,crunch,,1
R17340,H01676,B01,,2026-07-23,4,1,can design,,1
R17341,H01992,B16,,2026-07-23,4,0,texture,,1
R17342,H02070,B06,,2026-07-23,5,0,crunch,,1
R17343,H02140,B02,,2026-07-23,5,1,can design,,1
R17344,H02299,B09,,2026-07-23,3,0,packaging,,0
R17345,H02504,B13,,2026-07-23,5,1,texture,price,1
R17346,H02695,B15,,2026-07-23,5,1,flavour depth,,1
R17347,H02831,B19,,2026-07-23,3,0,price,,0
R17348,H03198,B12,,2026-07-23,3,1,,taste,1
R17349,H03212,B14,,2026-07-23,5,1,flavour depth,,1
R17350,H03267,B06,,2026-07-23,5,1,crunch,,1
R17351,H03297,B05,,2026-07-23,3,0,,crunch,0
R17352,H03369,B14,,2026-07-23,3,0,,texture,0
R17353,H03434,B17,,2026-07-23,4,1,portability,,1
R17354,H03571,B17,,2026-07-23,5,1,texture,,1
R17355,H03609,B09,,2026-07-23,3,1,,ingredients,1
R17356,H03634,B19,,2026-07-23,4,1,energy boost,,0
R17357,H03659,B04,,2026-07-23,4,1,refreshing,,1
R17358,H03829,B13,,2026-07-23,5,1,jar size,,1
R17359,H03868,B11,,2026-07-23,5,0,packaging,,1
R17360,H03930,B06,,2026-07-23,3,1,price,,0
R17361,H04606,B20,,2026-07-23,4,1,portability,,1
R17362,H04615,B13,P056,2026-07-23,4,1,jar size,texture,0
R17363,H04620,B11,P056,2026-07-23,4,1,taste,,0
R17364,H04620,B17,P056,2026-07-23,3,0,energy boost,,1
R17365,H04623,B01,P056,2026-07-23,4,1,can design,,1
R17366,H04627,B13,P056,2026-07-23,4,1,heat,,0
R17367,H00004,B02,,2026-07-24,3,1,can design,,1
R17368,H00031,B03,,2026-07-24,3,0,fizz,,1
R17369,H00109,B13,,2026-07-24,3,0,,versatility,0
R17370,H00203,B15,,2026-07-24,3,0,,texture,1
R17371,H00299,B05,,2026-07-24,3,1,packaging,,1
R17372,H00316,B09,,2026-07-24,5,1,price,ingredients,0
R17373,H00460,B18,,2026-07-24,3,1,ingredients,,1
R17374,H00501,B08,,2026-07-24,4,1,packaging,seasoning,1
R17375,H00510,B14,,2026-07-24,3,0,texture,,0
R17376,H00528,B07,,2026-07-24,4,1,price,,1
R17377,H00904,B13,,2026-07-24,4,0,texture,,1
R17378,H01024,B06,,2026-07-24,4,1,seasoning,,1
R17379,H01030,B18,,2026-07-24,3,0,portability,,0
R17380,H01221,B13,,2026-07-24,3,0,,jar size,0
R17381,H01290,B07,,2026-07-24,4,0,saltiness,price,1
R17382,H01529,B13,,2026-07-24,3,1,texture,,1
R17383,H01617,B14,,2026-07-24,4,1,price,,0
R17384,H01910,B17,,2026-07-24,3,0,energy boost,,1
R17385,H02078,B04,,2026-07-24,4,1,fizz,,1
R17386,H02361,B12,,2026-07-24,4,1,texture,,1
R17387,H02389,B06,,2026-07-24,4,1,crunch,packaging,1
R17388,H02456,B08,,2026-07-24,3,1,,packaging,1
R17389,H02568,B13,,2026-07-24,3,1,,versatility,1
R17390,H02599,B14,,2026-07-24,4,1,flavour depth,,1
R17391,H02837,B02,,2026-07-24,5,1,taste,refreshing,1
R17392,H02852,B19,,2026-07-24,4,0,energy boost,,1
R17393,H02904,B13,,2026-07-24,3,0,heat,,1
R17394,H03076,B12,,2026-07-24,3,1,,texture,0
R17395,H03268,B10,,2026-07-24,1,0,,packaging,0
R17396,H03329,B19,,2026-07-24,2,0,,texture,0
R17397,H03603,B18,,2026-07-24,5,1,texture,,0
R17398,H03819,B10,,2026-07-24,5,1,taste,,1
R17399,H04332,B13,,2026-07-24,3,0,,jar size,1
R17400,H04347,B19,,2026-07-24,4,1,texture,,0
R17401,H04432,B05,,2026-07-24,4,1,saltiness,,1
R17402,H04468,B06,,2026-07-24,4,0,crunch,portion size,1
R17403,H04586,B17,,2026-07-24,4,1,texture,ingredients,1
R17404,H04617,B17,P056,2026-07-24,3,0,price,,0
R17405,H04624,B13,P056,2026-07-24,4,1,heat,texture,1
R17406,H04625,B17,P056,2026-07-24,5,1,taste,price,0
R17407,H04643,B11,,2026-07-24,4,1,texture,,0
R17408,H00059,B07,,2026-07-25,5,1,price,,1
R17409,H00553,B02,,2026-07-25,4,0,sweetness,,0
R17410,H00561,B10,,2026-07-25,5,1,packaging,sweetness,1
R17411,H00661,B18,,2026-07-25,4,1,ingredients,,0
R17412,H00774,B02,,2026-07-25,4,1,refreshing,,1
R17413,H00831,B14,,2026-07-25,4,1,price,,1
R17414,H00950,B09,,2026-07-25,4,1,packaging,,1
R17415,H01045,B20,,2026-07-25,5,1,energy boost,,1
R17416,H01193,B02,,2026-07-25,4,1,taste,can design,1
R17417,H01272,B01,,2026-07-25,4,1,aftertaste,,1
R17418,H01357,B03,,2026-07-25,5,1,fizz,,1
R17419,H01578,B13,,2026-07-25,3,1,,heat,1
R17420,H01697,B11,,2026-07-25,4,0,packaging,,1
R17421,H01854,B02,,2026-07-25,5,1,taste,,1
R17422,H01999,B18,,2026-07-25,2,0,ingredients,portability,0
R17423,H02013,B06,,2026-07-25,5,1,portion size,seasoning,1
R17424,H02119,B04,,2026-07-25,2,0,aftertaste,taste,0
R17425,H02429,B04,,2026-07-25,5,1,price,,1
R17426,H02713,B05,,2026-07-25,4,0,price,saltiness,1
R17427,H02734,B12,,2026-07-25,3,0,,packaging,0
R17428,H02827,B12,,2026-07-25,4,1,price,,0
R17429,H02982,B04,,2026-07-25,5,1,refreshing,,1
R17430,H03136,B13,,2026-07-25,1,0,,versatility,0
R17431,H03256,B03,,2026-07-25,4,1,aftertaste,,1
R17432,H03297,B17,,2026-07-25,2,0,,portability,0
R17433,H03671,B03,,2026-07-25,5,1,refreshing,,1
R17434,H03780,B01,,2026-07-25,3,1,,aftertaste,0
R17435,H03858,B11,,2026-07-25,5,1,ingredients,,1
R17436,H03904,B13,,2026-07-25,5,0,jar size,,0
R17437,H03980,B12,,2026-07-25,1,0,price,packaging,0
R17438,H04083,B01,,2026-07-25,5,1,can design,,1
R17439,H04136,B08,,2026-07-25,4,1,portion size,price,0
R17440,H04242,B03,,2026-07-25,5,1,taste,,1
R17441,H04272,B06,,2026-07-25,4,0,saltiness,,1
R17442,H04313,B03,,2026-07-25,4,1,refreshing,,1
R17443,H04559,B14,,2026-07-25,2,0,,jar size,0
R17444,H04621,B05,P056,2026-07-25,3,0,saltiness,,1
R17445,H04623,B05,P056,2026-07-25,5,1,seasoning,,1
R17446,H04623,B11,P056,2026-07-25,4,1,sweetness,,0
R17447,H04626,B17,P056,2026-07-25,4,1,portability,,0
R17448,H00179,B07,,2026-07-26,5,1,packaging,,1
R17449,H00664,B10,,2026-07-26,4,0,price,,1
R17450,H00943,B16,,2026-07-26,3,0,,heat,0
R17451,H00983,B16,,2026-07-26,3,1,,jar size,0
R17452,H01413,B06,,2026-07-26,5,1,portion size,,1
R17453,H01416,B15,,2026-07-26,2,0,,price,0
R17454,H01464,B20,,2026-07-26,2,0,taste,ingredients,0
R17455,H01543,B16,,2026-07-26,1,0,,versatility,0
R17456,H01637,B11,,2026-07-26,3,1,taste,,0
R17457,H02010,B05,,2026-07-26,3,0,saltiness,,1
R17458,H02012,B02,,2026-07-26,3,0,,aftertaste,0
R17459,H02137,B02,,2026-07-26,4,0,price,,1
R17460,H02191,B05,,2026-07-26,3,0,,crunch,1
R17461,H02197,B19,,2026-07-26,4,1,portability,,1
R17462,H02283,B11,,2026-07-26,4,0,sweetness,price,1
R17463,H02339,B01,,2026-07-26,5,1,refreshing,,1
R17464,H02393,B15,,2026-07-26,5,1,flavour depth,versatility,1
R17465,H02409,B13,,2026-07-26,5,1,flavour depth,,1
R17466,H02491,B20,,2026-07-26,4,0,portability,,1
R17467,H02634,B08,,2026-07-26,3,1,price,,0
R17468,H02774,B13,,2026-07-26,4,1,versatility,price,1
R17469,H02963,B10,,2026-07-26,3,1,,ingredients,0
R17470,H02979,B18,,2026-07-26,3,0,,taste,0
R17471,H03001,B10,,2026-07-26,5,1,sweetness,,1
R17472,H03173,B08,,2026-07-26,2,0,portion size,saltiness,0
R17473,H03357,B10,,2026-07-26,3,0,,texture,1
R17474,H03890,B15,,2026-07-26,2,1,,texture,0
R17475,H03955,B04,,2026-07-26,5,1,price,taste,1
R17476,H03987,B17,,2026-07-26,5,1,texture,energy boost,1
R17477,H04113,B10,,2026-07-26,4,1,packaging,,1
R17478,H04154,B16,,2026-07-26,4,1,heat,,0
R17479,H04196,B15,,2026-07-26,3,0,,heat,0
R17480,H04285,B08,,2026-07-26,3,0,crunch,,0
R17481,H04425,B07,,2026-07-26,5,0,seasoning,,1
R17482,H04525,B03,,2026-07-26,3,1,,price,0
R17483,H04550,B14,,2026-07-26,4,1,texture,versatility,1
R17484,H04605,B02,,2026-07-26,3,1,,fizz,1
R17485,H04614,B05,P056,2026-07-26,4,1,seasoning,,1
R17486,H04622,B07,,2026-07-26,4,1,seasoning,,1
R17487,H04625,B11,P056,2026-07-26,5,1,taste,,1
R17488,H04638,B08,,2026-07-26,4,1,crunch,,1
R17489,H00268,B16,,2026-07-27,3,0,jar size,,0
R17490,H00699,B04,,2026-07-27,4,1,fizz,can design,1
R17491,H00871,B16,,2026-07-27,3,0,flavour depth,,1
R17492,H01053,B13,,2026-07-27,4,0,price,,1
R17493,H01091,B08,,2026-07-27,5,1,saltiness,,1
R17494,H01208,B02,,2026-07-27,5,1,sweetness,,1
R17495,H01475,B10,,2026-07-27,5,1,taste,,1
R17496,H01526,B12,,2026-07-27,4,1,texture,,1
R17497,H01603,B14,,2026-07-27,5,1,heat,,1
R17498,H01786,B06,,2026-07-27,4,1,crunch,,1
R17499,H01826,B16,,2026-07-27,3,0,flavour depth,,1
R17500,H01826,B03,,2026-07-27,4,1,aftertaste,,1
R17501,H02001,B06,,2026-07-27,4,0,crunch,,1
R17502,H02039,B16,,2026-07-27,4,1,price,,1
R17503,H02156,B09,,2026-07-27,3,0,ingredients,,1
R17504,H02500,B15,,2026-07-27,4,0,heat,texture,0
R17505,H02660,B14,,2026-07-27,3,1,,price,0
R17506,H02771,B17,,2026-07-27,5,1,portability,,1
R17507,H02899,B20,,2026-07-27,3,1,ingredients,,1
R17508,H03095,B12,,2026-07-27,3,1,texture,,0
R17509,H03220,B10,,2026-07-27,5,1,packaging,,1
R17510,H03232,B12,,2026-07-27,3,1,,ingredients,0
R17511,H03299,B17,,2026-07-27,5,1,energy boost,price,1
R17512,H03418,B11,,2026-07-27,3,0,ingredients,,0
R17513,H03436,B16,,2026-07-27,4,0,versatility,,0
R17514,H03526,B04,,2026-07-27,4,1,price,fizz,1
R17515,H03569,B18,,2026-07-27,4,1,texture,,1
R17516,H03925,B11,,2026-07-27,4,1,taste,,0
R17517,H03959,B07,,2026-07-27,4,0,price,,1
R17518,H04023,B20,,2026-07-27,4,1,ingredients,,0
R17519,H04043,B05,,2026-07-27,3,0,packaging,,1
R17520,H00013,B14,,2026-07-28,3,0,flavour depth,,0
R17521,H00032,B20,,2026-07-28,5,1,energy boost,portability,1
R17522,H00441,B19,,2026-07-28,4,1,price,,1
R17523,H00613,B11,,2026-07-28,4,1,packaging,,0
R17524,H00659,B16,,2026-07-28,5,1,versatility,jar size,1
R17525,H00772,B09,,2026-07-28,5,1,sweetness,,1
R17526,H00932,B08,,2026-07-28,2,0,,price,0
R17527,H01032,B04,,2026-07-28,3,0,sweetness,,0
R17528,H01477,B18,,2026-07-28,3,1,portability,,0
R17529,H01985,B09,,2026-07-28,3,0,,taste,0
R17530,H02039,B06,,2026-07-28,4,0,crunch,,1
R17531,H02041,B17,,2026-07-28,3,0,,price,1
R17532,H02092,B18,,2026-07-28,5,1,energy boost,,1
R17533,H02163,B10,,2026-07-28,5,1,ingredients,,1
R17534,H02373,B06,,2026-07-28,4,1,saltiness,,0
R17535,H02511,B07,,2026-07-28,4,1,saltiness,,1
R17536,H02570,B04,,2026-07-28,4,0,fizz,,1
R17537,H02660,B01,,2026-07-28,5,1,sweetness,aftertaste,1
R17538,H02664,B11,,2026-07-28,4,0,packaging,,1
R17539,H02790,B16,,2026-07-28,3,1,,texture,0
R17540,H02890,B15,,2026-07-28,5,1,texture,,1
R17541,H03152,B13,,2026-07-28,3,0,price,,0
R17542,H03452,B09,,2026-07-28,5,1,ingredients,,1
R17543,H04127,B15,,2026-07-28,4,1,versatility,flavour depth,1
R17544,H04213,B03,,2026-07-28,2,0,,fizz,0
R17545,H04230,B01,,2026-07-28,5,1,price,,1
R17546,H04373,B08,,2026-07-28,3,1,,seasoning,0
R17547,H04527,B05,,2026-07-28,4,1,seasoning,,1
R17548,H04565,B05,,2026-07-28,4,1,seasoning,,1
R17549,H04619,B01,,2026-07-28,4,1,refreshing,,1
R17550,H00160,B18,,2026-07-29,3,1,,portability,0
R17551,H00594,B01,,2026-07-29,4,1,refreshing,,0
R17552,H00873,B11,,2026-07-29,4,0,texture,,0
R17553,H00934,B11,,2026-07-29,4,1,ingredients,,0
R17554,H00992,B10,,2026-07-29,5,1,ingredients,taste,0
R17555,H01072,B01,,2026-07-29,5,1,fizz,,1
R17556,H01382,B13,,2026-07-29,5,1,texture,jar size,1
R17557,H01622,B11,,2026-07-29,5,1,packaging,,1
R17558,H01891,B06,,2026-07-29,3,0,,packaging,1
R17559,H02100,B01,,2026-07-29,5,1,taste,,1
R17560,H02397,B12,,2026-07-29,4,1,price,,1
R17561,H02438,B19,,2026-07-29,3,0,ingredients,,0
R17562,H02485,B19,,2026-07-29,4,1,ingredients,,1
R17563,H02529,B18,,2026-07-29,3,0,,texture,0
R17564,H02593,B10,,2026-07-29,5,0,ingredients,,0
R17565,H02605,B15,,2026-07-29,5,1,heat,,1
R17566,H02608,B17,,2026-07-29,4,1,ingredients,,1
R17567,H02655,B17,,2026-07-29,5,1,price,,1
R17568,H02738,B18,,2026-07-29,4,1,texture,,1
R17569,H02796,B18,,2026-07-29,3,0,portability,,1
R17570,H02993,B19,,2026-07-29,4,0,portability,,1
R17571,H03153,B07,,2026-07-29,5,1,seasoning,,1
R17572,H03335,B06,,2026-07-29,5,1,portion size,,1
R17573,H03487,B06,,2026-07-29,5,0,portion size,,1
R17574,H03655,B12,,2026-07-29,2,1,,taste,0
R17575,H03672,B09,,2026-07-29,4,1,texture,,0
R17576,H03781,B07,,2026-07-29,5,1,packaging,,1
R17577,H03917,B17,,2026-07-29,3,1,,energy boost,0
R17578,H03994,B04,,2026-07-29,3,1,taste,,0
R17579,H04032,B03,,2026-07-29,1,0,,taste,0
R17580,H04042,B11,,2026-07-29,3,0,ingredients,,0
R17581,H04191,B16,,2026-07-29,4,1,price,,0
R17582,H04233,B17,,2026-07-29,4,1,ingredients,,1
R17583,H04264,B01,,2026-07-29,3,0,,aftertaste,1
R17584,H04470,B07,,2026-07-29,4,1,saltiness,,0
R17585,H04539,B11,,2026-07-29,3,0,,ingredients,0
R17586,H00153,B19,,2026-07-30,4,1,taste,,1
R17587,H00566,B11,,2026-07-30,5,1,taste,,1
R17588,H00592,B01,,2026-07-30,3,0,aftertaste,,1
R17589,H00741,B05,,2026-07-30,3,1,,seasoning,0
R17590,H01061,B01,,2026-07-30,5,1,price,,1
R17591,H01376,B04,,2026-07-30,5,1,aftertaste,,1
R17592,H01439,B06,,2026-07-30,3,0,price,,0
R17593,H01498,B08,,2026-07-30,5,1,crunch,,1
R17594,H01683,B09,,2026-07-30,3,0,,sweetness,0
R17595,H01712,B16,,2026-07-30,5,1,price,flavour depth,1
R17596,H01861,B19,,2026-07-30,5,1,ingredients,,1
R17597,H02158,B05,,2026-07-30,3,0,price,,0
R17598,H02678,B12,,2026-07-30,2,0,,texture,0
R17599,H02925,B05,,2026-07-30,5,1,seasoning,,1
R17600,H03208,B17,,2026-07-30,5,1,taste,,1
R17601,H03313,B05,,2026-07-30,3,0,,crunch,1
R17602,H03471,B14,,2026-07-30,2,0,,heat,0
R17603,H03485,B09,,2026-07-30,5,1,texture,sweetness,1
R17604,H03486,B19,,2026-07-30,5,1,energy boost,,1
R17605,H03669,B07,,2026-07-30,4,1,price,crunch,0
R17606,H03679,B19,,2026-07-30,3,0,portability,,0
R17607,H03829,B01,,2026-07-30,3,0,,can design,1
R17608,H03829,B19,,2026-07-30,4,0,price,,1
R17609,H04017,B01,,2026-07-30,3,0,aftertaste,,1
R17610,H04181,B06,,2026-07-30,5,1,saltiness,,1
R17611,H04199,B03,,2026-07-30,4,0,aftertaste,,1
R17612,H04382,B13,,2026-07-30,5,1,heat,,1
R17613,H04485,B08,,2026-07-30,3,1,portion size,,0
R17614,H04630,B20,,2026-07-30,4,1,portability,,0
R17615,H00417,B09,,2026-07-31,4,1,texture,,1
R17616,H00601,B07,,2026-07-31,4,0,packaging,,1
R17617,H00806,B09,,2026-07-31,4,1,taste,,0
R17618,H01083,B13,,2026-07-31,4,0,texture,flavour depth,1
R17619,H01139,B17,,2026-07-31,4,1,texture,,1
R17620,H01158,B05,,2026-07-31,5,1,saltiness,,1
R17621,H01363,B10,,2026-07-31,5,1,taste,,1
R17622,H01500,B06,,2026-07-31,3,1,saltiness,,0
R17623,H01502,B16,,2026-07-31,4,1,versatility,,0
R17624,H01590,B16,,2026-07-31,4,1,price,,1
R17625,H01662,B17,,2026-07-31,5,1,ingredients,,1
R17626,H02131,B08,,2026-07-31,5,0,saltiness,,1
R17627,H02243,B07,,2026-07-31,3,0,,portion size,1
R17628,H02549,B03,,2026-07-31,4,1,refreshing,,1
R17629,H02824,B13,,2026-07-31,5,1,jar size,,1
R17630,H02901,B05,,2026-07-31,2,0,,price,0
R17631,H02904,B19,,2026-07-31,5,1,portability,,1
R17632,H02967,B08,,2026-07-31,3,0,portion size,,1
R17633,H03045,B04,,2026-07-31,3,0,,taste,1
R17634,H03197,B19,,2026-07-31,4,1,texture,price,1
R17635,H03219,B15,,2026-07-31,3,0,,flavour depth,0
R17636,H03349,B06,,2026-07-31,5,1,portion size,,1
R17637,H03651,B09,,2026-07-31,4,1,sweetness,,1
R17638,H03801,B18,,2026-07-31,4,0,energy boost,price,1
R17639,H03813,B03,,2026-07-31,5,1,can design,taste,1
R17640,H04255,B20,,2026-07-31,5,1,ingredients,,1
R17641,H04326,B16,,2026-07-31,5,1,texture,,1
R17642,H04331,B17,,2026-07-31,5,1,price,,1
R17643,H04340,B17,,2026-07-31,4,1,energy boost,,1
R17644,H04349,B06,,2026-07-31,5,1,packaging,,1
R17645,H04385,B19,,2026-07-31,5,1,energy boost,,1
R17646,H04652,B17,,2026-07-31,3,0,,texture,1
R17647,H00252,B07,,2026-08-01,5,1,crunch,,1
R17648,H00256,B04,,2026-08-01,5,1,refreshing,,1
R17649,H00294,B11,,2026-08-01,2,1,taste,sweetness,0
R17650,H00423,B19,,2026-08-01,4,1,portability,,0
R17651,H00778,B02,,2026-08-01,5,1,fizz,,0
R17652,H01050,B19,,2026-08-01,5,1,ingredients,price,1
R17653,H01160,B06,,2026-08-01,3,0,,portion size,1
R17654,H01322,B02,,2026-08-01,5,1,can design,,0
R17655,H01328,B20,,2026-08-01,4,1,taste,,1
R17656,H01363,B02,,2026-08-01,4,0,can design,,0
R17657,H01644,B10,,2026-08-01,4,0,taste,,0
R17658,H01655,B08,,2026-08-01,3,1,,packaging,0
R17659,H01815,B09,,2026-08-01,4,1,price,,1
R17660,H01871,B02,,2026-08-01,4,0,fizz,,0
R17661,H02553,B16,,2026-08-01,5,1,texture,jar size,1
R17662,H02635,B05,,2026-08-01,3,0,,saltiness,1
R17663,H02727,B07,,2026-08-01,4,1,price,,1
R17664,H02880,B20,,2026-08-01,4,1,energy boost,,0
R17665,H03107,B14,,2026-08-01,3,1,,heat,0
R17666,H03112,B20,,2026-08-01,3,0,,price,1
R17667,H03184,B14,,2026-08-01,5,1,texture,,1
R17668,H03806,B15,,2026-08-01,3,0,,jar size,0
R17669,H04244,B08,,2026-08-01,4,1,packaging,,0
R17670,H04297,B19,,2026-08-01,4,1,ingredients,,1
R17671,H04310,B10,,2026-08-01,5,1,packaging,,1
R17672,H04378,B03,,2026-08-01,5,1,fizz,,1
R17673,H04412,B14,,2026-08-01,5,1,texture,,1
R17674,H04412,B08,,2026-08-01,5,1,portion size,,1
R17675,H00139,B07,,2026-08-02,5,0,packaging,seasoning,1
R17676,H00152,B01,,2026-08-02,4,0,price,,1
R17677,H00221,B07,,2026-08-02,3,0,,portion size,0
R17678,H00642,B14,,2026-08-02,4,1,price,heat,0
R17679,H00978,B14,,2026-08-02,3,0,,jar size,1
R17680,H01311,B19,,2026-08-02,4,1,ingredients,,1
R17681,H01735,B12,,2026-08-02,3,0,packaging,,1
R17682,H01737,B11,,2026-08-02,3,1,,price,1
R17683,H01864,B05,,2026-08-02,4,1,price,,1
R17684,H02362,B19,,2026-08-02,2,0,,price,0
R17685,H02557,B18,,2026-08-02,2,0,energy boost,price,0
R17686,H02900,B16,,2026-08-02,5,1,price,heat,1
R17687,H03054,B19,,2026-08-02,4,1,taste,,1
R17688,H03203,B18,,2026-08-02,5,1,portability,,1
R17689,H03417,B17,,2026-08-02,3,1,,ingredients,1
R17690,H03555,B02,,2026-08-02,5,1,fizz,,1
R17691,H03581,B17,,2026-08-02,3,0,,texture,1
R17692,H03986,B15,,2026-08-02,3,1,,versatility,0
R17693,H04048,B04,,2026-08-02,3,1,,taste,0
R17694,H04500,B03,,2026-08-02,5,1,aftertaste,,1
R17695,H04583,B04,,2026-08-02,5,1,sweetness,,1
R17696,H00489,B06,,2026-08-03,4,1,price,,1
R17697,H00585,B16,,2026-08-03,3,0,,texture,1
R17698,H00645,B16,,2026-08-03,4,1,texture,,1
R17699,H01015,B13,,2026-08-03,5,1,versatility,,1
R17700,H01323,B15,,2026-08-03,4,0,texture,,1
R17701,H01332,B04,,2026-08-03,4,0,refreshing,,1
R17702,H01429,B07,,2026-08-03,5,1,price,,1
R17703,H01780,B02,,2026-08-03,5,0,fizz,,1
R17704,H02383,B10,,2026-08-03,4,1,ingredients,,1
R17705,H02426,B09,,2026-08-03,3,1,packaging,,0
R17706,H02805,B07,,2026-08-03,2,0,,crunch,0
R17707,H02875,B13,,2026-08-03,4,0,texture,,1
R17708,H02918,B16,,2026-08-03,4,1,versatility,,0
R17709,H02965,B13,,2026-08-03,4,0,heat,,1
R17710,H02985,B15,,2026-08-03,4,0,flavour depth,,1
R17711,H03005,B10,,2026-08-03,4,1,taste,packaging,1
R17712,H03132,B19,,2026-08-03,4,1,ingredients,portability,1
R17713,H03536,B03,,2026-08-03,3,0,taste,,0
R17714,H03584,B06,,2026-08-03,3,0,,price,1
R17715,H03693,B12,,2026-08-03,2,0,sweetness,packaging,0
R17716,H03701,B09,,2026-08-03,4,1,texture,,1
R17717,H03723,B18,,2026-08-03,5,1,energy boost,portability,1
R17718,H04174,B13,,2026-08-03,4,1,price,texture,1
R17719,H04180,B14,,2026-08-03,4,1,flavour depth,,0
R17720,H04196,B19,,2026-08-03,4,0,portability,,1
R17721,H04228,B03,,2026-08-03,4,1,sweetness,price,1
R17722,H04232,B16,,2026-08-03,2,0,,jar size,1
R17723,H04269,B02,,2026-08-03,3,0,aftertaste,,0
R17724,H04472,B15,,2026-08-03,5,1,texture,jar size,1
R17725,H04575,B05,,2026-08-03,5,0,seasoning,,1
R17726,H00131,B15,,2026-08-04,4,1,versatility,,1
R17727,H00292,B11,,2026-08-04,3,0,,taste,0
R17728,H00415,B14,,2026-08-04,5,1,texture,heat,0
R17729,H00522,B16,,2026-08-04,5,1,flavour depth,,1
R17730,H00742,B05,,2026-08-04,4,1,saltiness,,1
R17731,H01045,B15,,2026-08-04,3,0,,texture,0
R17732,H01048,B08,,2026-08-04,4,1,saltiness,,1
R17733,H01158,B18,,2026-08-04,4,0,price,taste,0
R17734,H01523,B04,,2026-08-04,3,0,,sweetness,0
R17735,H01558,B13,,2026-08-04,5,1,jar size,,1
R17736,H01700,B08,,2026-08-04,5,1,crunch,seasoning,1
R17737,H01877,B07,,2026-08-04,5,1,saltiness,,1
R17738,H02130,B19,,2026-08-04,4,1,taste,energy boost,1
R17739,H02286,B04,,2026-08-04,4,1,aftertaste,,1
R17740,H02700,B14,,2026-08-04,3,0,flavour depth,,0
R17741,H02725,B15,,2026-08-04,3,0,,heat,0
R17742,H02761,B03,,2026-08-04,4,1,refreshing,,1
R17743,H02843,B08,,2026-08-04,5,1,crunch,,1
R17744,H03047,B06,,2026-08-04,5,1,portion size,,1
R17745,H03366,B02,,2026-08-04,5,1,fizz,,1
R17746,H03604,B17,,2026-08-04,5,1,price,,1
R17747,H03637,B16,,2026-08-04,5,1,versatility,,1
R17748,H03844,B16,,2026-08-04,5,1,versatility,,1
R17749,H04138,B20,,2026-08-04,4,1,price,ingredients,1
R17750,H04271,B03,,2026-08-04,4,0,price,,1
R17751,H04357,B04,,2026-08-04,4,1,aftertaste,,1
R17752,H04368,B15,,2026-08-04,3,1,,heat,1
R17753,H04480,B03,,2026-08-04,3,1,sweetness,,1
R17754,H04596,B17,,2026-08-04,3,0,,texture,1
R17755,H04622,B01,,2026-08-04,5,1,price,,1
R17756,H00009,B20,,2026-08-05,5,1,energy boost,,1
R17757,H00149,B01,,2026-08-05,4,0,price,,0
R17758,H00333,B02,,2026-08-05,4,1,refreshing,,0
R17759,H00369,B13,,2026-08-05,2,0,,jar size,0
R17760,H00531,B18,,2026-08-05,5,0,taste,,0
R17761,H00583,B20,,2026-08-05,4,0,energy boost,,0
R17762,H00848,B12,,2026-08-05,3,0,,ingredients,0
R17763,H00897,B05,,2026-08-05,2,0,,saltiness,0
R17764,H00939,B12,,2026-08-05,2,0,price,texture,0
R17765,H01014,B17,,2026-08-05,4,1,texture,,1
R17766,H01163,B17,,2026-08-05,4,1,ingredients,,1
R17767,H01190,B14,,2026-08-05,2,0,price,heat,0
R17768,H01369,B20,,2026-08-05,4,1,energy boost,,0
R17769,H01440,B03,,2026-08-05,3,1,can design,,1
R17770,H01896,B13,,2026-08-05,5,1,versatility,flavour depth,1
R17771,H02110,B13,,2026-08-05,5,1,jar size,,1
R17772,H02161,B20,,2026-08-05,4,1,price,,1
R17773,H02257,B13,,2026-08-05,2,0,,heat,0
R17774,H02289,B09,,2026-08-05,5,1,taste,,1
R17775,H02672,B12,,2026-08-05,3,0,sweetness,,0
R17776,H02772,B16,,2026-08-05,4,1,jar size,price,0
R17777,H02783,B11,,2026-08-05,5,0,sweetness,,1
R17778,H02830,B17,,2026-08-05,2,0,texture,ingredients,1
R17779,H02944,B02,,2026-08-05,5,1,fizz,,1
R17780,H02961,B19,,2026-08-05,5,1,taste,price,1
R17781,H03155,B20,,2026-08-05,4,0,energy boost,,1
R17782,H03431,B03,,2026-08-05,3,0,refreshing,,1
R17783,H03597,B15,,2026-08-05,4,1,texture,,0
R17784,H03738,B06,,2026-08-05,3,0,portion size,,0
R17785,H03799,B15,,2026-08-05,3,0,texture,,0
R17786,H04014,B10,,2026-08-05,5,1,ingredients,taste,1
R17787,H04261,B01,,2026-08-05,5,1,refreshing,,1
R17788,H04422,B08,,2026-08-05,4,0,packaging,,1
R17789,H04673,B09,P057,2026-08-05,4,0,price,,0
R17790,H04679,B20,P057,2026-08-05,4,1,ingredients,taste,1
R17791,H04680,B17,P057,2026-08-05,4,1,price,,1
R17792,H04681,B13,,2026-08-05,4,0,heat,,1
R17793,H04683,B20,P057,2026-08-05,2,0,,energy boost,1
R17794,H04684,B01,P057,2026-08-05,4,1,taste,aftertaste,1
R17795,H04684,B09,P057,2026-08-05,4,1,ingredients,,1
R17796,H04686,B20,P057,2026-08-05,4,1,ingredients,,0
R17797,H04688,B01,P057,2026-08-05,5,1,aftertaste,,1
R17798,H04688,B20,P057,2026-08-05,3,1,portability,,1
R17799,H04693,B19,P057,2026-08-05,2,0,,energy boost,0
R17800,H04698,B09,P057,2026-08-05,5,1,texture,sweetness,0
R17801,H04698,B20,P057,2026-08-05,4,0,texture,,0
R17802,H04702,B17,P057,2026-08-05,4,0,energy boost,,1
R17803,H04703,B09,P057,2026-08-05,4,1,packaging,price,1
R17804,H04705,B17,P057,2026-08-05,5,1,energy boost,,1
R17805,H04706,B20,P057,2026-08-05,4,1,price,,1
R17806,H04708,B09,P057,2026-08-05,5,1,texture,,1
R17807,H04719,B09,P057,2026-08-05,3,0,taste,,1
R17808,H00084,B18,,2026-08-06,4,0,portability,,1
R17809,H00102,B09,,2026-08-06,2,0,,ingredients,0
R17810,H00106,B09,,2026-08-06,4,1,ingredients,,1
R17811,H00122,B19,,2026-08-06,2,0,ingredients,portability,0
R17812,H00320,B20,,2026-08-06,5,1,ingredients,,1
R17813,H00435,B12,,2026-08-06,3,0,taste,,1
R17814,H00556,B04,,2026-08-06,3,0,taste,,0
R17815,H00657,B15,,2026-08-06,5,1,jar size,,1
R17816,H00797,B20,,2026-08-06,4,1,energy boost,,1
R17817,H01103,B04,,2026-08-06,4,1,fizz,refreshing,1
R17818,H01520,B02,,2026-08-06,5,1,refreshing,,1
R17819,H01667,B12,,2026-08-06,5,1,taste,,1
R17820,H01695,B06,,2026-08-06,5,1,saltiness,,1
R17821,H02283,B08,,2026-08-06,5,1,price,,1
R17822,H02345,B06,,2026-08-06,4,1,portion size,,0
R17823,H02570,B13,,2026-08-06,5,1,heat,,1
R17824,H02779,B11,,2026-08-06,3,0,,packaging,1
R17825,H02927,B02,,2026-08-06,5,1,aftertaste,price,1
R17826,H03037,B17,,2026-08-06,4,1,taste,price,1
R17827,H03117,B12,,2026-08-06,4,1,taste,,0
R17828,H03417,B06,,2026-08-06,5,1,price,,1
R17829,H03495,B04,,2026-08-06,2,0,,refreshing,0
R17830,H03656,B17,,2026-08-06,3,1,,texture,1
R17831,H04029,B08,,2026-08-06,5,1,saltiness,packaging,1
R17832,H04137,B06,,2026-08-06,3,0,saltiness,,0
R17833,H04214,B01,,2026-08-06,5,1,refreshing,price,0
R17834,H04264,B02,,2026-08-06,4,1,aftertaste,,0
R17835,H04294,B18,,2026-08-06,3,0,,portability,0
R17836,H04363,B02,,2026-08-06,5,1,sweetness,,1
R17837,H04514,B20,,2026-08-06,1,0,,energy boost,0
R17838,H04674,B01,P057,2026-08-06,5,1,price,,1
R17839,H04681,B17,P057,2026-08-06,3,1,,ingredients,1
R17840,H04682,B01,P057,2026-08-06,3,0,,taste,1
R17841,H04682,B19,P057,2026-08-06,5,1,energy boost,ingredients,0
R17842,H04683,B01,P057,2026-08-06,4,0,sweetness,,1
R17843,H04683,B09,P057,2026-08-06,5,1,taste,texture,1
R17844,H04685,B09,P057,2026-08-06,2,0,,taste,1
R17845,H04687,B01,,2026-08-06,4,1,price,refreshing,1
R17846,H04694,B17,P057,2026-08-06,3,1,energy boost,,1
R17847,H04695,B01,P057,2026-08-06,4,1,sweetness,can design,1
R17848,H04697,B09,P057,2026-08-06,3,0,price,,1
R17849,H04700,B09,P057,2026-08-06,4,1,ingredients,,0
R17850,H04700,B12,,2026-08-06,3,0,,price,0
R17851,H04701,B17,P057,2026-08-06,5,1,texture,,1
R17852,H04703,B01,P057,2026-08-06,3,1,,refreshing,1
R17853,H04707,B17,P057,2026-08-06,4,1,ingredients,taste,1
R17854,H04709,B01,P057,2026-08-06,5,1,can design,,0
R17855,H04711,B01,P057,2026-08-06,5,1,fizz,,1
R17856,H04712,B17,P057,2026-08-06,3,0,ingredients,,1
R17857,H04715,B19,P057,2026-08-06,5,1,portability,,1
R17858,H04717,B19,P057,2026-08-06,5,1,price,energy boost,0
R17859,H00213,B07,,2026-08-07,3,0,portion size,,1
R17860,H00539,B05,,2026-08-07,4,1,crunch,,1
R17861,H00677,B18,,2026-08-07,4,1,taste,,0
R17862,H01288,B04,,2026-08-07,4,1,aftertaste,,0
R17863,H01433,B18,,2026-08-07,4,1,price,,0
R17864,H01436,B04,,2026-08-07,3,1,refreshing,,0
R17865,H01465,B08,,2026-08-07,5,1,seasoning,,1
R17866,H01656,B04,,2026-08-07,4,0,refreshing,,1
R17867,H01877,B13,,2026-08-07,4,0,flavour depth,,1
R17868,H01936,B13,,2026-08-07,3,1,heat,,0
R17869,H02277,B04,,2026-08-07,5,1,aftertaste,,1
R17870,H02553,B10,,2026-08-07,5,1,ingredients,,1
R17871,H03390,B13,,2026-08-07,5,1,price,,1
R17872,H03595,B09,,2026-08-07,4,1,taste,,1
R17873,H03698,B17,,2026-08-07,3,1,,taste,1
R17874,H04251,B03,,2026-08-07,3,0,,sweetness,1
R17875,H04270,B08,,2026-08-07,4,1,price,,0
R17876,H04558,B02,,2026-08-07,3,1,can design,,0
R17877,H04675,B01,P057,2026-08-07,5,1,price,,1
R17878,H04675,B09,P057,2026-08-07,4,1,sweetness,,1
R17879,H04690,B17,P057,2026-08-07,4,1,price,,1
R17880,H04695,B19,P057,2026-08-07,4,1,price,,1
R17881,H04700,B01,P057,2026-08-07,4,1,sweetness,,1
R17882,H04708,B20,P057,2026-08-07,4,0,portability,,0
R17883,H04712,B20,P057,2026-08-07,3,0,,portability,0
R17884,H00026,B02,,2026-08-08,5,1,price,taste,1
R17885,H00513,B06,,2026-08-08,5,1,packaging,,1
R17886,H00545,B10,,2026-08-08,2,0,sweetness,taste,0
R17887,H00771,B07,,2026-08-08,4,1,crunch,,1
R17888,H00907,B20,,2026-08-08,5,1,taste,energy boost,1
R17889,H00927,B19,,2026-08-08,5,1,energy boost,,1
R17890,H01026,B08,,2026-08-08,4,0,seasoning,,1
R17891,H01027,B17,,2026-08-08,4,1,texture,,1
R17892,H01571,B09,,2026-08-08,4,1,sweetness,price,1
R17893,H01581,B05,,2026-08-08,3,1,,saltiness,0
R17894,H01872,B18,,2026-08-08,2,0,,taste,0
R17895,H01893,B19,,2026-08-08,4,1,texture,,1
R17896,H01996,B18,,2026-08-08,2,0,,taste,0
R17897,H02071,B17,,2026-08-08,4,1,texture,,1
R17898,H02408,B02,,2026-08-08,2,0,,aftertaste,0
R17899,H02463,B18,,2026-08-08,4,1,texture,,1
R17900,H02479,B14,,2026-08-08,5,1,versatility,heat,1
R17901,H02549,B17,,2026-08-08,4,1,taste,,1
R17902,H02593,B06,,2026-08-08,5,1,saltiness,,1
R17903,H02628,B18,,2026-08-08,4,1,price,,1
R17904,H02888,B14,,2026-08-08,4,0,price,,1
R17905,H03527,B02,,2026-08-08,5,1,price,,1
R17906,H03605,B01,,2026-08-08,4,1,taste,,1
R17907,H03624,B15,,2026-08-08,5,1,texture,,1
R17908,H04022,B09,,2026-08-08,4,1,taste,,1
R17909,H04218,B07,,2026-08-08,3,1,portion size,,1
R17910,H04315,B10,,2026-08-08,5,1,sweetness,,1
R17911,H04376,B09,,2026-08-08,4,1,sweetness,,0
R17912,H04489,B13,,2026-08-08,3,0,texture,,0
R17913,H04672,B20,P057,2026-08-08,5,1,portability,,0
R17914,H04674,B17,P057,2026-08-08,5,1,ingredients,,1
R17915,H04676,B09,P057,2026-08-08,5,1,taste,,0
R17916,H04681,B09,P057,2026-08-08,4,1,price,,1
R17917,H04689,B17,P057,2026-08-08,5,1,taste,,1
R17918,H04692,B19,P057,2026-08-08,4,1,ingredients,price,0
R17919,H04692,B20,P057,2026-08-08,4,1,portability,,0
R17920,H04698,B17,,2026-08-08,4,1,energy boost,texture,1
R17921,H04701,B01,P057,2026-08-08,5,1,sweetness,,1
R17922,H04701,B20,P057,2026-08-08,2,0,,taste,1
R17923,H04703,B17,P057,2026-08-08,5,1,texture,,1
R17924,H04704,B19,P057,2026-08-08,5,1,texture,,1
R17925,H04706,B19,P057,2026-08-08,4,1,taste,,1
R17926,H04710,B19,P057,2026-08-08,5,1,texture,,0
R17927,H04711,B19,P057,2026-08-08,3,1,,portability,1
R17928,H04715,B17,P057,2026-08-08,4,1,ingredients,,1
R17929,H04725,B02,,2026-08-08,5,1,price,,1
R17930,H00173,B02,,2026-08-09,4,1,refreshing,,0
R17931,H00286,B14,,2026-08-09,3,1,price,,0
R17932,H00478,B14,,2026-08-09,4,1,texture,jar size,1
R17933,H00572,B04,,2026-08-09,5,1,taste,,1
R17934,H00655,B02,,2026-08-09,5,1,fizz,,1
R17935,H00681,B14,,2026-08-09,4,1,flavour depth,,0
R17936,H00924,B18,,2026-08-09,5,1,texture,ingredients,0
R17937,H01060,B09,,2026-08-09,3,0,taste,,0
R17938,H01173,B02,,2026-08-09,4,1,refreshing,,0
R17939,H01174,B02,,2026-08-09,4,1,taste,can design,0
R17940,H01381,B01,,2026-08-09,4,1,price,refreshing,0
R17941,H01531,B10,,2026-08-09,4,0,ingredients,,0
R17942,H01716,B05,,2026-08-09,3,0,seasoning,,0
R17943,H02111,B02,,2026-08-09,5,1,fizz,,1
R17944,H02461,B05,,2026-08-09,4,1,seasoning,,1
R17945,H03066,B02,,2026-08-09,5,1,fizz,,1
R17946,H03253,B14,,2026-08-09,4,1,versatility,,1
R17947,H03357,B07,,2026-08-09,4,0,crunch,,0
R17948,H03417,B04,,2026-08-09,4,0,refreshing,,1
R17949,H03511,B09,,2026-08-09,3,1,,texture,1
R17950,H03619,B13,,2026-08-09,3,0,,price,0
R17951,H03641,B13,,2026-08-09,3,0,jar size,,0
R17952,H04043,B14,,2026-08-09,2,0,versatility,price,0
R17953,H04672,B09,P057,2026-08-09,4,1,taste,,0
R17954,H04673,B18,,2026-08-09,5,1,portability,,1
R17955,H04675,B19,P057,2026-08-09,5,1,taste,price,1
R17956,H04682,B17,P057,2026-08-09,4,1,price,,1
R17957,H04684,B19,P057,2026-08-09,5,1,taste,,1
R17958,H04686,B17,P057,2026-08-09,4,1,energy boost,,1
R17959,H04689,B19,P057,2026-08-09,5,1,portability,,0
R17960,H04690,B19,P057,2026-08-09,3,0,price,,1
R17961,H04691,B01,P057,2026-08-09,4,1,aftertaste,,1
R17962,H04697,B19,P057,2026-08-09,4,1,ingredients,,1
R17963,H04699,B17,P057,2026-08-09,4,1,energy boost,,0
R17964,H04701,B19,P057,2026-08-09,3,1,,energy boost,1
R17965,H04702,B01,P057,2026-08-09,5,1,fizz,taste,1
R17966,H04705,B19,P057,2026-08-09,5,1,taste,,1
R17967,H04712,B09,P057,2026-08-09,4,1,ingredients,,0
R17968,H04716,B19,P057,2026-08-09,4,1,taste,,0
R17969,H04718,B09,P057,2026-08-09,4,1,packaging,sweetness,0
R17970,H00072,B12,,2026-08-10,3,0,texture,,0
R17971,H00277,B06,,2026-08-10,4,0,crunch,,1
R17972,H00448,B10,,2026-08-10,3,1,taste,,1
R17973,H00466,B15,,2026-08-10,3,0,flavour depth,,0
R17974,H00994,B10,,2026-08-10,3,0,,packaging,0
R17975,H01005,B10,,2026-08-10,3,1,,sweetness,0
R17976,H01016,B08,,2026-08-10,3,0,,saltiness,0
R17977,H01291,B09,,2026-08-10,4,1,packaging,,1
R17978,H01609,B06,,2026-08-10,4,1,crunch,,1
R17979,H01735,B14,,2026-08-10,3,0,,texture,0
R17980,H01932,B13,,2026-08-10,3,1,heat,,1
R17981,H02009,B06,,2026-08-10,3,0,packaging,,1
R17982,H02234,B16,,2026-08-10,5,1,heat,,1
R17983,H02395,B03,,2026-08-10,4,0,fizz,,1
R17984,H02790,B20,,2026-08-10,4,0,taste,portability,0
R17985,H02814,B14,,2026-08-10,5,1,versatility,,1
R17986,H03031,B11,,2026-08-10,4,0,price,,0
R17987,H03233,B17,,2026-08-10,5,1,price,,1
R17988,H03264,B18,,2026-08-10,5,1,texture,,1
R17989,H03623,B17,,2026-08-10,4,1,price,,1
R17990,H03679,B14,,2026-08-10,3,1,,flavour depth,1
R17991,H03780,B05,,2026-08-10,3,1,,seasoning,0
R17992,H03797,B17,,2026-08-10,4,1,energy boost,,1
R17993,H04159,B15,,2026-08-10,3,1,,versatility,1
R17994,H04163,B05,,2026-08-10,5,1,packaging,,1
R17995,H04293,B05,,2026-08-10,5,1,saltiness,price,1
R17996,H04404,B20,,2026-08-10,3,0,energy boost,,0
R17997,H04645,B17,,2026-08-10,4,1,price,ingredients,1
R17998,H04672,B01,P057,2026-08-10,5,1,price,,1
R17999,H04685,B20,P057,2026-08-10,3,1,taste,,1
R18000,H04687,B19,P057,2026-08-10,3,0,energy boost,,0
R18001,H04688,B09,P057,2026-08-10,5,1,taste,,1
R18002,H04696,B01,P057,2026-08-10,4,0,refreshing,sweetness,1
R18003,H04696,B19,P057,2026-08-10,2,0,,texture,0
R18004,H04699,B19,P057,2026-08-10,3,0,,taste,0
R18005,H04699,B20,P057,2026-08-10,4,0,texture,,1
R18006,H04701,B09,P057,2026-08-10,2,0,,texture,1
R18007,H04705,B09,P057,2026-08-10,4,1,packaging,sweetness,0
R18008,H04706,B01,P057,2026-08-10,5,1,aftertaste,,1
R18009,H04707,B09,P057,2026-08-10,4,1,price,,1
R18010,H04709,B20,P057,2026-08-10,2,0,portability,taste,0
R18011,H04716,B17,P057,2026-08-10,5,1,portability,,1
R18012,H04718,B20,P057,2026-08-10,4,0,portability,,0
R18013,H00002,B16,,2026-08-11,3,0,,texture,0
R18014,H00453,B02,,2026-08-11,3,1,aftertaste,,0
R18015,H00481,B20,,2026-08-11,3,1,portability,,0
R18016,H00738,B05,,2026-08-11,4,1,saltiness,,1
R18017,H00870,B07,,2026-08-11,4,1,saltiness,price,0
R18018,H00936,B07,,2026-08-11,4,1,crunch,,0
R18019,H00977,B14,,2026-08-11,3,0,,texture,0
R18020,H01214,B01,,2026-08-11,3,0,fizz,,1
R18021,H01362,B09,,2026-08-11,4,1,sweetness,,1
R18022,H01387,B13,,2026-08-11,3,0,heat,,1
R18023,H01464,B02,,2026-08-11,4,1,sweetness,,1
R18024,H01534,B12,,2026-08-11,5,1,texture,sweetness,1
R18025,H01642,B05,,2026-08-11,4,1,packaging,,0
R18026,H01701,B11,,2026-08-11,3,0,,price,0
R18027,H01725,B20,,2026-08-11,4,1,texture,,0
R18028,H01795,B13,,2026-08-11,4,1,versatility,,0
R18029,H01897,B09,,2026-08-11,5,1,price,packaging,0
R18030,H02013,B16,,2026-08-11,3,0,texture,,1
R18031,H02027,B03,,2026-08-11,3,0,fizz,,1
R18032,H02150,B10,,2026-08-11,4,1,price,,0
R18033,H02179,B11,,2026-08-11,4,0,ingredients,price,0
R18034,H02372,B10,,2026-08-11,5,1,taste,,1
R18035,H02455,B03,,2026-08-11,3,0,,aftertaste,0
R18036,H02633,B07,,2026-08-11,5,1,saltiness,seasoning,1
R18037,H02822,B10,,2026-08-11,5,1,texture,,1
R18038,H02906,B07,,2026-08-11,3,0,saltiness,,0
R18039,H03063,B08,,2026-08-11,4,0,price,,1
R18040,H03076,B05,,2026-08-11,4,1,packaging,,1
R18041,H03081,B17,,2026-08-11,5,1,price,,1
R18042,H03216,B19,,2026-08-11,4,1,ingredients,texture,1
R18043,H03289,B07,,2026-08-11,5,1,seasoning,packaging,1
R18044,H03319,B08,,2026-08-11,3,1,,portion size,1
R18045,H03428,B12,,2026-08-11,2,0,,ingredients,0
R18046,H03471,B17,,2026-08-11,4,1,energy boost,,1
R18047,H03565,B10,,2026-08-11,3,1,taste,,0
R18048,H03641,B19,,2026-08-11,3,0,energy boost,,0
R18049,H03705,B06,,2026-08-11,5,1,portion size,price,1
R18050,H03739,B10,,2026-08-11,5,1,taste,,1
R18051,H04001,B02,,2026-08-11,3,1,taste,,0
R18052,H04076,B01,,2026-08-11,4,0,refreshing,,1
R18053,H04578,B16,,2026-08-11,4,1,texture,,1
R18054,H04674,B09,P057,2026-08-11,3,0,texture,,1
R18055,H04674,B20,P057,2026-08-11,3,1,portability,,1
R18056,H04677,B13,,2026-08-11,4,1,versatility,heat,1
R18057,H04682,B09,P057,2026-08-11,3,0,ingredients,,0
R18058,H04685,B17,P057,2026-08-11,5,1,price,,1
R18059,H04689,B01,P057,2026-08-11,5,1,taste,,1
R18060,H04689,B09,P057,2026-08-11,4,0,packaging,,0
R18061,H04697,B17,P057,2026-08-11,3,0,,portability,1
R18062,H04710,B20,P057,2026-08-11,4,1,price,,0
R18063,H04714,B09,P057,2026-08-11,4,0,ingredients,texture,1
R18064,H04715,B01,P057,2026-08-11,4,0,taste,,1
R18065,H04716,B01,P057,2026-08-11,4,1,can design,,1
R18066,H04717,B01,P057,2026-08-11,5,1,sweetness,,1
R18067,H04717,B09,P057,2026-08-11,3,1,,packaging,0
R18068,H04718,B01,P057,2026-08-11,5,1,sweetness,taste,1
R18069,H04718,B19,P057,2026-08-11,2,0,texture,taste,0
R18070,H00189,B11,,2026-08-12,4,1,taste,,0
R18071,H00214,B09,,2026-08-12,2,0,,taste,0
R18072,H00306,B07,,2026-08-12,5,1,crunch,,1
R18073,H00737,B12,,2026-08-12,2,0,,sweetness,0
R18074,H01011,B02,,2026-08-12,5,1,sweetness,,0
R18075,H01311,B13,,2026-08-12,4,1,texture,,1
R18076,H01560,B08,,2026-08-12,5,1,saltiness,price,1
R18077,H01589,B18,,2026-08-12,4,1,portability,,0
R18078,H01620,B17,,2026-08-12,3,0,texture,,0
R18079,H01786,B16,,2026-08-12,4,1,versatility,,1
R18080,H01791,B14,,2026-08-12,5,1,flavour depth,,1
R18081,H01803,B18,,2026-08-12,5,1,taste,,1
R18082,H01968,B19,,2026-08-12,4,1,portability,,1
R18083,H02062,B16,,2026-08-12,5,1,flavour depth,versatility,1
R18084,H02091,B06,,2026-08-12,4,1,saltiness,,1
R18085,H02293,B16,,2026-08-12,4,1,heat,,1
R18086,H02341,B18,,2026-08-12,5,1,portability,,1
R18087,H02421,B03,,2026-08-12,5,1,taste,,1
R18088,H02562,B19,,2026-08-12,5,1,texture,,1
R18089,H02747,B06,,2026-08-12,5,1,seasoning,,1
R18090,H03009,B01,,2026-08-12,5,1,aftertaste,,1
R18091,H03105,B07,,2026-08-12,4,0,seasoning,,0
R18092,H03472,B19,,2026-08-12,5,0,price,,1
R18093,H03473,B20,,2026-08-12,5,1,ingredients,,1
R18094,H03502,B04,,2026-08-12,4,1,taste,,1
R18095,H03797,B03,,2026-08-12,5,1,price,,1
R18096,H03853,B20,,2026-08-12,3,1,taste,,0
R18097,H04176,B05,,2026-08-12,3,0,,packaging,0
R18098,H04405,B15,,2026-08-12,3,0,,texture,1
R18099,H04467,B06,,2026-08-12,5,1,packaging,crunch,1
R18100,H04509,B18,,2026-08-12,5,1,ingredients,,1
R18101,H04672,B19,P057,2026-08-12,3,0,portability,,0
R18102,H04673,B19,P057,2026-08-12,5,1,ingredients,,0
R18103,H04678,B17,P057,2026-08-12,4,1,energy boost,,1
R18104,H04679,B01,P057,2026-08-12,3,1,refreshing,,1
R18105,H04679,B17,P057,2026-08-12,4,1,texture,,1
R18106,H04686,B19,P057,2026-08-12,4,1,energy boost,ingredients,0
R18107,H04690,B20,P057,2026-08-12,4,1,price,,1
R18108,H04696,B20,P057,2026-08-12,4,0,taste,,0
R18109,H04700,B19,P057,2026-08-12,3,0,portability,,0
R18110,H04703,B19,P057,2026-08-12,5,1,texture,,1
R18111,H04709,B19,P057,2026-08-12,3,0,energy boost,,1
R18112,H04714,B17,P057,2026-08-12,4,1,taste,,1
R18113,H04717,B20,P057,2026-08-12,5,1,texture,,0
R18114,H00126,B09,,2026-08-13,2,0,price,taste,0
R18115,H00277,B15,,2026-08-13,5,1,texture,,1
R18116,H00549,B14,,2026-08-13,5,1,price,,1
R18117,H00932,B17,,2026-08-13,4,1,taste,,1
R18118,H00945,B04,,2026-08-13,4,1,price,,1
R18119,H01104,B09,,2026-08-13,5,1,texture,,1
R18120,H01216,B06,,2026-08-13,5,1,saltiness,seasoning,1
R18121,H01424,B08,,2026-08-13,3,1,,saltiness,1
R18122,H01629,B01,,2026-08-13,3,0,,taste,0
R18123,H01761,B16,,2026-08-13,4,1,price,,1
R18124,H01830,B16,,2026-08-13,4,1,price,,0
R18125,H01831,B06,,2026-08-13,5,1,packaging,,1
R18126,H01835,B09,,2026-08-13,2,0,,price,1
R18127,H01962,B07,,2026-08-13,3,0,price,,0
R18128,H02374,B02,,2026-08-13,3,1,sweetness,,0
R18129,H02444,B19,,2026-08-13,3,0,price,,0
R18130,H02609,B07,,2026-08-13,4,1,price,,0
R18131,H03060,B04,,2026-08-13,3,0,price,,0
R18132,H03086,B01,,2026-08-13,5,1,fizz,,1
R18133,H03331,B08,,2026-08-13,5,1,seasoning,,1
R18134,H03453,B01,,2026-08-13,4,0,taste,,0
R18135,H03462,B12,,2026-08-13,3,0,,taste,1
R18136,H03464,B14,,2026-08-13,4,1,texture,flavour depth,1
R18137,H03719,B18,,2026-08-13,5,1,portability,,1
R18138,H03780,B03,,2026-08-13,4,1,refreshing,,0
R18139,H03800,B08,,2026-08-13,2,0,crunch,seasoning,0
R18140,H04112,B08,,2026-08-13,5,1,packaging,,1
R18141,H04181,B10,,2026-08-13,5,1,sweetness,texture,1
R18142,H04197,B19,,2026-08-13,5,1,ingredients,,1
R18143,H04297,B02,,2026-08-13,4,0,price,,1
R18144,H04329,B01,,2026-08-13,3,0,price,,0
R18145,H04351,B11,,2026-08-13,3,0,,taste,0
R18146,H04409,B06,,2026-08-13,3,0,,seasoning,1
R18147,H04541,B11,,2026-08-13,5,0,ingredients,,1
R18148,H04544,B17,,2026-08-13,4,1,taste,,0
R18149,H04584,B17,,2026-08-13,2,0,energy boost,portability,0
R18150,H00126,B18,,2026-08-14,5,1,portability,,1
R18151,H00248,B07,,2026-08-14,4,1,seasoning,,0
R18152,H00269,B06,,2026-08-14,4,1,packaging,,1
R18153,H00312,B16,,2026-08-14,3,0,heat,,1
R18154,H00784,B20,,2026-08-14,4,1,taste,,0
R18155,H00788,B12,,2026-08-14,3,0,,texture,0
R18156,H00827,B10,,2026-08-14,5,1,texture,,0
R18157,H00963,B02,,2026-08-14,3,0,,fizz,0
R18158,H01035,B08,,2026-08-14,4,1,crunch,,0
R18159,H01064,B08,,2026-08-14,4,1,portion size,seasoning,0
R18160,H01091,B20,,2026-08-14,4,1,energy boost,price,0
R18161,H01124,B09,,2026-08-14,4,1,taste,,1
R18162,H01185,B07,,2026-08-14,4,0,saltiness,crunch,1
R18163,H01450,B19,,2026-08-14,3,0,,texture,0
R18164,H01485,B16,,2026-08-14,3,0,,jar size,1
R18165,H01804,B18,,2026-08-14,4,0,portability,,1
R18166,H02113,B14,,2026-08-14,4,1,versatility,,1
R18167,H02214,B17,,2026-08-14,3,0,,ingredients,0
R18168,H02650,B09,,2026-08-14,5,1,price,,1
R18169,H02844,B06,,2026-08-14,5,1,portion size,saltiness,1
R18170,H02955,B18,,2026-08-14,5,1,portability,,0
R18171,H03063,B11,,2026-08-14,3,0,,texture,1
R18172,H03357,B11,,2026-08-14,5,1,sweetness,taste,1
R18173,H03554,B03,,2026-08-14,3,1,,can design,0
R18174,H03699,B12,,2026-08-14,2,0,,taste,0
R18175,H03715,B03,,2026-08-14,5,1,fizz,,1
R18176,H03910,B06,,2026-08-14,5,1,price,packaging,1
R18177,H04248,B15,,2026-08-14,2,0,,flavour depth,0
R18178,H04266,B11,,2026-08-14,5,1,ingredients,,1
R18179,H04360,B16,,2026-08-14,3,0,versatility,,1
R18180,H04361,B02,,2026-08-14,3,0,refreshing,,0
R18181,H04383,B15,,2026-08-14,4,1,flavour depth,,1
R18182,H04477,B12,,2026-08-14,4,1,price,,1
R18183,H04522,B02,,2026-08-14,4,0,aftertaste,,1
R18184,H04729,B02,,2026-08-14,5,1,taste,,1
R18185,H04735,B02,,2026-08-14,4,1,refreshing,,1
R18186,H00104,B15,,2026-08-15,3,0,,versatility,0
R18187,H00187,B05,,2026-08-15,4,1,packaging,,0
R18188,H00283,B05,,2026-08-15,4,1,crunch,,0
R18189,H00339,B08,,2026-08-15,5,1,crunch,portion size,1
R18190,H00459,B04,,2026-08-15,5,1,refreshing,,1
R18191,H00515,B04,,2026-08-15,3,1,,sweetness,0
R18192,H00534,B04,,2026-08-15,3,0,,refreshing,1
R18193,H00665,B09,,2026-08-15,2,0,,sweetness,0
R18194,H01809,B18,,2026-08-15,4,1,taste,,1
R18195,H01922,B19,,2026-08-15,4,1,taste,portability,1
R18196,H01947,B13,,2026-08-15,5,1,price,,1
R18197,H02348,B16,,2026-08-15,4,0,heat,,1
R18198,H02469,B10,,2026-08-15,3,1,,texture,0
R18199,H02516,B05,,2026-08-15,3,0,,price,0
R18200,H02624,B09,,2026-08-15,2,0,,texture,1
R18201,H02667,B15,,2026-08-15,4,1,jar size,heat,1
R18202,H02784,B19,,2026-08-15,3,0,energy boost,,0
R18203,H02992,B13,,2026-08-15,5,1,texture,,1
R18204,H03029,B17,,2026-08-15,5,1,price,,1
R18205,H03221,B14,,2026-08-15,4,1,versatility,,1
R18206,H03351,B04,,2026-08-15,4,1,can design,refreshing,1
R18207,H03452,B11,,2026-08-15,4,1,sweetness,,0
R18208,H03509,B09,,2026-08-15,3,0,,ingredients,1
R18209,H03836,B11,,2026-08-15,4,1,price,,1
R18210,H03918,B12,,2026-08-15,5,1,texture,,1
R18211,H04342,B20,,2026-08-15,5,1,price,,1
R18212,H04458,B02,,2026-08-15,2,1,,sweetness,0
R18213,H04496,B08,,2026-08-15,3,1,,packaging,0
R18214,H04609,B04,,2026-08-15,3,1,taste,,1
R18215,H04621,B11,,2026-08-15,3,0,,ingredients,0
R18216,H04745,B15,,2026-08-15,4,1,texture,,0
R18217,H00042,B19,,2026-08-16,5,1,energy boost,,1
R18218,H00215,B17,,2026-08-16,4,1,texture,,1
R18219,H00783,B19,,2026-08-16,4,0,energy boost,,1
R18220,H00839,B02,,2026-08-16,4,1,sweetness,,1
R18221,H01314,B14,,2026-08-16,4,1,price,heat,1
R18222,H01387,B18,,2026-08-16,3,0,portability,,0
R18223,H01425,B01,,2026-08-16,4,1,aftertaste,,1
R18224,H01479,B12,,2026-08-16,3,1,price,,1
R18225,H01549,B19,,2026-08-16,4,1,portability,energy boost,0
R18226,H01671,B15,,2026-08-16,5,1,flavour depth,,1
R18227,H01746,B09,,2026-08-16,3,1,,texture,0
R18228,H01770,B12,,2026-08-16,4,1,price,,0
R18229,H01823,B04,,2026-08-16,5,1,aftertaste,,1
R18230,H01861,B07,,2026-08-16,4,1,portion size,,1
R18231,H01984,B05,,2026-08-16,4,0,price,crunch,1
R18232,H02117,B03,,2026-08-16,5,0,can design,,1
R18233,H02175,B15,,2026-08-16,5,1,versatility,,1
R18234,H02353,B12,,2026-08-16,3,0,,ingredients,0
R18235,H02355,B03,,2026-08-16,3,1,,price,0
R18236,H02383,B05,,2026-08-16,3,0,seasoning,,1
R18237,H02645,B09,,2026-08-16,5,1,texture,,1
R18238,H02842,B09,,2026-08-16,5,1,price,taste,1
R18239,H02858,B14,,2026-08-16,1,0,texture,versatility,0
R18240,H03012,B02,,2026-08-16,4,0,fizz,,0
R18241,H03060,B01,,2026-08-16,5,1,aftertaste,,1
R18242,H03080,B02,,2026-08-16,5,1,can design,,1
R18243,H03240,B12,,2026-08-16,2,0,,taste,0
R18244,H03302,B17,,2026-08-16,4,1,taste,,1
R18245,H03309,B02,,2026-08-16,4,0,can design,,1
R18246,H03369,B20,,2026-08-16,4,1,price,energy boost,1
R18247,H04108,B01,,2026-08-16,5,1,price,,1
R18248,H04130,B10,,2026-08-16,3,0,taste,,0
R18249,H04438,B20,,2026-08-16,4,0,texture,price,1
R18250,H04557,B20,,2026-08-16,4,1,ingredients,,1
R18251,H04672,B10,,2026-08-16,3,0,,sweetness,1
R18252,H00044,B04,,2026-08-17,3,0,,can design,0
R18253,H00271,B12,,2026-08-17,4,1,sweetness,,1
R18254,H00276,B04,,2026-08-17,5,1,taste,,1
R18255,H00727,B20,,2026-08-17,4,1,taste,,1
R18256,H00771,B19,,2026-08-17,4,1,texture,,1
R18257,H00876,B05,,2026-08-17,4,1,portion size,,1
R18258,H01011,B12,,2026-08-17,4,0,taste,,0
R18259,H01222,B06,,2026-08-17,4,1,saltiness,,1
R18260,H01244,B04,,2026-08-17,4,1,price,taste,0
R18261,H01863,B19,,2026-08-17,2,0,,texture,0
R18262,H02152,B06,,2026-08-17,5,1,saltiness,,1
R18263,H02379,B19,,2026-08-17,4,1,energy boost,,1
R18264,H02437,B20,,2026-08-17,5,1,price,,1
R18265,H02445,B17,,2026-08-17,4,1,ingredients,,1
R18266,H02778,B04,,2026-08-17,4,1,refreshing,,1
R18267,H03003,B06,,2026-08-17,5,1,saltiness,crunch,1
R18268,H03254,B19,,2026-08-17,5,1,price,,1
R18269,H03302,B15,,2026-08-17,3,1,versatility,,0
R18270,H03499,B10,,2026-08-17,4,0,ingredients,,0
R18271,H03656,B20,,2026-08-17,4,1,ingredients,,1
R18272,H03675,B02,,2026-08-17,4,0,aftertaste,,0
R18273,H03774,B18,,2026-08-17,5,1,texture,taste,1
R18274,H03813,B07,,2026-08-17,4,1,portion size,,1
R18275,H03846,B03,,2026-08-17,2,0,,taste,0
R18276,H03919,B09,,2026-08-17,4,0,texture,,0
R18277,H04159,B12,,2026-08-17,4,1,price,,0
R18278,H04302,B15,,2026-08-17,3,0,,flavour depth,0
R18279,H04542,B02,,2026-08-17,5,1,aftertaste,,1
R18280,H04663,B15,,2026-08-17,4,1,texture,,0
R18281,H04689,B10,,2026-08-17,3,0,ingredients,,1
R18282,H04712,B06,,2026-08-17,2,0,,packaging,0
R18283,H04722,B03,,2026-08-17,4,1,sweetness,,1
R18284,H00054,B15,,2026-08-18,3,0,flavour depth,,0
R18285,H00182,B07,,2026-08-18,4,1,packaging,portion size,0
R18286,H00241,B18,,2026-08-18,5,1,ingredients,energy boost,1
R18287,H00516,B04,,2026-08-18,3,0,fizz,,0
R18288,H00537,B20,,2026-08-18,3,1,,texture,0
R18289,H00541,B08,,2026-08-18,4,1,portion size,,1
R18290,H00557,B09,,2026-08-18,3,0,sweetness,,0
R18291,H00901,B05,,2026-08-18,3,0,packaging,,0
R18292,H00946,B18,,2026-08-18,4,1,ingredients,,1
R18293,H01189,B08,,2026-08-18,2,0,crunch,seasoning,0
R18294,H01267,B01,,2026-08-18,5,1,taste,,1
R18295,H01271,B01,,2026-08-18,5,1,sweetness,,1
R18296,H01364,B14,,2026-08-18,4,0,price,,0
R18297,H01374,B19,,2026-08-18,4,1,portability,,1
R18298,H01716,B14,,2026-08-18,5,1,texture,,1
R18299,H02181,B01,,2026-08-18,3,1,,sweetness,0
R18300,H02205,B03,,2026-08-18,2,0,,price,0
R18301,H02476,B03,,2026-08-18,5,1,aftertaste,,1
R18302,H02493,B18,,2026-08-18,5,1,texture,,1
R18303,H02573,B04,,2026-08-18,5,1,sweetness,,1
R18304,H03089,B17,,2026-08-18,5,1,ingredients,,1
R18305,H03343,B12,,2026-08-18,5,1,taste,packaging,0
R18306,H03496,B08,,2026-08-18,4,0,packaging,,0
R18307,H03535,B05,,2026-08-18,5,1,seasoning,,1
R18308,H03632,B13,,2026-08-18,4,0,flavour depth,,1
R18309,H03672,B11,,2026-08-18,5,0,price,taste,1
R18310,H03680,B17,,2026-08-18,5,1,price,,1
R18311,H03783,B04,,2026-08-18,5,1,can design,,1
R18312,H03808,B17,,2026-08-18,4,0,ingredients,,1
R18313,H03835,B19,,2026-08-18,5,1,energy boost,,1
R18314,H04030,B04,,2026-08-18,4,1,price,,0
R18315,H04062,B01,,2026-08-18,5,1,price,,1
R18316,H04201,B16,,2026-08-18,3,0,,texture,1
R18317,H04349,B02,,2026-08-18,3,0,taste,,0
R18318,H04586,B01,,2026-08-18,4,1,can design,sweetness,0
R18319,H00030,B13,,2026-08-19,4,1,flavour depth,,1
R18320,H00234,B01,,2026-08-19,4,1,can design,,1
R18321,H00301,B19,,2026-08-19,5,1,portability,energy boost,1
R18322,H00553,B07,,2026-08-19,5,1,seasoning,,1
R18323,H00799,B06,,2026-08-19,5,1,saltiness,,1
R18324,H01285,B03,,2026-08-19,3,0,,price,0
R18325,H01465,B04,,2026-08-19,4,1,taste,,1
R18326,H01562,B13,,2026-08-19,5,1,price,,1
R18327,H01606,B17,,2026-08-19,4,1,energy boost,portability,1
R18328,H01991,B07,,2026-08-19,4,1,price,,1
R18329,H02045,B01,,2026-08-19,5,1,refreshing,,1
R18330,H02203,B16,,2026-08-19,4,1,texture,,1
R18331,H02237,B20,,2026-08-19,5,1,texture,,0
R18332,H02340,B18,,2026-08-19,3,1,,price,0
R18333,H02599,B13,,2026-08-19,5,1,flavour depth,,1
R18334,H02807,B12,,2026-08-19,3,1,price,,0
R18335,H03251,B15,,2026-08-19,4,1,texture,,0
R18336,H03300,B10,,2026-08-19,4,1,sweetness,,1
R18337,H03467,B06,,2026-08-19,4,1,portion size,price,0
R18338,H03504,B17,,2026-08-19,3,0,taste,,0
R18339,H03537,B03,,2026-08-19,4,1,can design,,1
R18340,H03548,B01,,2026-08-19,5,1,aftertaste,,1
R18341,H03577,B17,,2026-08-19,3,1,price,,0
R18342,H03628,B08,,2026-08-19,4,1,crunch,,0
R18343,H03643,B13,,2026-08-19,5,1,price,,1
R18344,H03651,B07,,2026-08-19,3,1,,price,1
R18345,H03773,B13,,2026-08-19,4,1,texture,,1
R18346,H03854,B20,,2026-08-19,3,1,,texture,0
R18347,H03889,B06,,2026-08-19,3,1,,packaging,0
R18348,H04063,B15,,2026-08-19,5,1,flavour depth,,1
R18349,H04069,B17,,2026-08-19,4,1,energy boost,,0
R18350,H04120,B11,,2026-08-19,5,1,ingredients,sweetness,1
R18351,H04399,B03,,2026-08-19,5,1,can design,taste,0
R18352,H04433,B14,,2026-08-19,4,1,texture,,1
R18353,H04612,B11,,2026-08-19,3,1,taste,,0
R18354,H00104,B08,,2026-08-20,4,0,packaging,,1
R18355,H00133,B01,,2026-08-20,4,1,sweetness,,1
R18356,H00514,B01,,2026-08-20,3,1,,price,0
R18357,H00604,B18,,2026-08-20,5,0,texture,,1
R18358,H00889,B11,,2026-08-20,4,1,packaging,ingredients,0
R18359,H01238,B14,,2026-08-20,4,1,jar size,,1
R18360,H01297,B01,,2026-08-20,5,1,price,,1
R18361,H01535,B07,,2026-08-20,4,0,saltiness,,1
R18362,H01619,B05,,2026-08-20,5,1,packaging,,1
R18363,H01672,B10,,2026-08-20,4,1,taste,,1
R18364,H01737,B12,,2026-08-20,4,0,texture,sweetness,0
R18365,H01920,B01,,2026-08-20,4,1,fizz,,1
R18366,H01967,B16,,2026-08-20,3,1,,versatility,0
R18367,H02302,B01,,2026-08-20,5,1,sweetness,fizz,1
R18368,H02536,B17,,2026-08-20,5,1,ingredients,portability,1
R18369,H02538,B03,,2026-08-20,4,1,price,,0
R18370,H02583,B12,,2026-08-20,4,0,ingredients,,0
R18371,H02584,B20,,2026-08-20,4,1,taste,,0
R18372,H02585,B20,,2026-08-20,4,0,taste,,0
R18373,H02772,B14,,2026-08-20,4,1,heat,,1
R18374,H02810,B10,,2026-08-20,4,0,price,,1
R18375,H02838,B10,,2026-08-20,2,0,,price,0
R18376,H02982,B05,,2026-08-20,5,1,price,,1
R18377,H03036,B20,,2026-08-20,2,0,ingredients,portability,0
R18378,H03133,B17,,2026-08-20,3,0,,ingredients,0
R18379,H03295,B06,,2026-08-20,4,1,crunch,seasoning,1
R18380,H03322,B15,,2026-08-20,4,0,versatility,,1
R18381,H03326,B07,,2026-08-20,4,1,saltiness,,0
R18382,H03516,B02,,2026-08-20,3,0,,can design,0
R18383,H03524,B18,,2026-08-20,2,0,,energy boost,0
R18384,H03766,B03,,2026-08-20,5,1,can design,,1
R18385,H04298,B04,,2026-08-20,4,1,fizz,,1
R18386,H04334,B03,,2026-08-20,3,0,,taste,1
R18387,H04503,B02,,2026-08-20,4,1,sweetness,,1
R18388,H00154,B09,,2026-08-21,4,0,ingredients,,1
R18389,H00281,B03,,2026-08-21,5,1,aftertaste,,1
R18390,H00330,B03,,2026-08-21,2,0,,can design,1
R18391,H00993,B20,,2026-08-21,5,1,taste,,0
R18392,H01065,B12,,2026-08-21,5,1,ingredients,,1
R18393,H01093,B15,,2026-08-21,4,1,texture,,1
R18394,H01100,B19,,2026-08-21,4,1,price,,1
R18395,H01113,B18,,2026-08-21,5,1,energy boost,,1
R18396,H01117,B19,,2026-08-21,1,0,price,taste,0
R18397,H01294,B14,,2026-08-21,4,1,flavour depth,,1
R18398,H01553,B06,,2026-08-21,5,1,crunch,,1
R18399,H01704,B18,,2026-08-21,4,1,energy boost,,1
R18400,H01889,B11,,2026-08-21,2,0,,taste,0
R18401,H02158,B02,,2026-08-21,4,1,sweetness,,1
R18402,H02288,B12,,2026-08-21,3,0,texture,,0
R18403,H02363,B19,,2026-08-21,4,1,price,texture,1
R18404,H02493,B09,,2026-08-21,3,0,,texture,0
R18405,H02532,B11,,2026-08-21,4,0,ingredients,,1
R18406,H02548,B08,,2026-08-21,4,1,seasoning,,1
R18407,H02742,B14,,2026-08-21,5,1,flavour depth,,1
R18408,H02842,B18,,2026-08-21,4,0,price,,0
R18409,H03100,B11,,2026-08-21,5,1,ingredients,,1
R18410,H03244,B18,,2026-08-21,4,0,portability,,1
R18411,H03309,B18,,2026-08-21,4,1,texture,,1
R18412,H03354,B20,,2026-08-21,3,0,price,,0
R18413,H03572,B16,,2026-08-21,3,1,,texture,0
R18414,H03582,B07,,2026-08-21,4,1,packaging,,1
R18415,H03606,B05,,2026-08-21,4,1,seasoning,,1
R18416,H03812,B15,,2026-08-21,5,1,price,,1
R18417,H03827,B19,,2026-08-21,5,1,energy boost,,1
R18418,H04086,B13,,2026-08-21,4,1,flavour depth,,1
R18419,H04282,B19,,2026-08-21,3,0,taste,,0
R18420,H04507,B10,,2026-08-21,3,0,,texture,0
R18421,H04538,B16,,2026-08-21,4,1,price,,1
R18422,H04647,B03,,2026-08-21,4,1,refreshing,fizz,1
R18423,H04655,B01,,2026-08-21,5,1,can design,,1
R18424,H00003,B03,,2026-08-22,1,0,,refreshing,0
R18425,H00094,B02,,2026-08-22,4,0,taste,,1
R18426,H00391,B06,,2026-08-22,5,1,seasoning,,1
R18427,H00507,B20,,2026-08-22,3,1,ingredients,,0
R18428,H00639,B08,,2026-08-22,3,0,crunch,,0
R18429,H00768,B14,,2026-08-22,3,0,,price,0
R18430,H00962,B08,,2026-08-22,3,1,,portion size,0
R18431,H01132,B06,,2026-08-22,4,0,crunch,,1
R18432,H01185,B20,,2026-08-22,3,0,energy boost,,1
R18433,H01386,B19,,2026-08-22,3,1,,price,1
R18434,H01475,B01,,2026-08-22,3,1,,fizz,1
R18435,H01749,B08,,2026-08-22,4,1,portion size,seasoning,0
R18436,H01754,B15,,2026-08-22,3,0,,texture,1
R18437,H01791,B19,,2026-08-22,3,1,texture,,0
R18438,H01833,B16,,2026-08-22,3,1,texture,,1
R18439,H01955,B08,,2026-08-22,5,1,saltiness,,1
R18440,H01957,B03,,2026-08-22,4,1,aftertaste,price,1
R18441,H01966,B15,,2026-08-22,2,0,,flavour depth,0
R18442,H02232,B09,,2026-08-22,3,0,sweetness,,1
R18443,H02263,B02,,2026-08-22,5,1,sweetness,,1
R18444,H02276,B12,,2026-08-22,3,1,price,,0
R18445,H02353,B14,,2026-08-22,3,1,,versatility,0
R18446,H02406,B03,,2026-08-22,3,0,sweetness,,0
R18447,H02419,B02,,2026-08-22,4,1,fizz,,0
R18448,H02554,B04,,2026-08-22,5,1,can design,,1
R18449,H02588,B05,,2026-08-22,4,1,price,portion size,1
R18450,H02615,B16,,2026-08-22,4,0,flavour depth,,1
R18451,H02646,B20,,2026-08-22,2,0,,taste,0
R18452,H02830,B20,,2026-08-22,4,0,taste,,1
R18453,H03319,B15,,2026-08-22,3,1,,flavour depth,1
R18454,H03526,B17,,2026-08-22,5,1,portability,,1
R18455,H03815,B02,,2026-08-22,5,1,aftertaste,,1
R18456,H03952,B04,,2026-08-22,3,0,taste,,1
R18457,H04240,B09,,2026-08-22,5,1,taste,,1
R18458,H04340,B11,,2026-08-22,2,1,,texture,0
R18459,H04391,B12,,2026-08-22,5,1,texture,,1
R18460,H04533,B11,,2026-08-22,4,1,ingredients,,1
R18461,H00027,B05,,2026-08-23,4,0,seasoning,,1
R18462,H00121,B10,,2026-08-23,3,0,price,,0
R18463,H00306,B15,,2026-08-23,3,1,,versatility,0
R18464,H00368,B11,,2026-08-23,2,0,,texture,0
R18465,H00719,B15,,2026-08-23,2,0,,texture,0
R18466,H00736,B05,,2026-08-23,3,0,,seasoning,1
R18467,H00799,B07,,2026-08-23,3,0,,price,1
R18468,H00815,B07,,2026-08-23,5,0,seasoning,,1
R18469,H00986,B14,,2026-08-23,4,1,price,,1
R18470,H01166,B13,,2026-08-23,3,0,price,,0
R18471,H01194,B07,,2026-08-23,4,0,seasoning,,1
R18472,H01196,B16,,2026-08-23,3,0,,flavour depth,0
R18473,H01256,B04,,2026-08-23,4,1,refreshing,,1
R18474,H01455,B18,,2026-08-23,3,0,,portability,1
R18475,H01791,B03,,2026-08-23,4,1,refreshing,,0
R18476,H02252,B12,,2026-08-23,5,1,taste,texture,1
R18477,H02268,B15,,2026-08-23,4,1,jar size,,1
R18478,H02331,B17,,2026-08-23,5,1,ingredients,,1
R18479,H02363,B15,,2026-08-23,5,1,jar size,,0
R18480,H02483,B14,,2026-08-23,4,0,versatility,heat,0
R18481,H02771,B19,,2026-08-23,3,0,,price,1
R18482,H02890,B19,,2026-08-23,3,0,price,,0
R18483,H02990,B14,,2026-08-23,4,0,flavour depth,,1
R18484,H03163,B07,,2026-08-23,3,1,,saltiness,0
R18485,H03346,B19,,2026-08-23,3,0,taste,,0
R18486,H03545,B01,,2026-08-23,4,1,aftertaste,,1
R18487,H03782,B02,,2026-08-23,4,1,price,,0
R18488,H03969,B05,,2026-08-23,4,0,portion size,,1
R18489,H04284,B10,,2026-08-23,3,0,,ingredients,1
R18490,H04359,B08,,2026-08-23,4,1,portion size,,1
R18491,H04467,B05,,2026-08-23,3,0,seasoning,,1
R18492,H04759,B10,P058,2026-08-23,2,0,,taste,1
R18493,H04763,B14,P058,2026-08-23,4,1,price,texture,0
R18494,H04772,B14,P058,2026-08-23,3,0,price,,0
R18495,H04772,B17,P058,2026-08-23,4,1,portability,,1
R18496,H04776,B14,P058,2026-08-23,3,0,,jar size,0
R18497,H04778,B10,P058,2026-08-23,4,0,ingredients,,1
R18498,H04783,B20,P058,2026-08-23,4,1,portability,,0
R18499,H04792,B10,P058,2026-08-23,4,0,ingredients,sweetness,0
R18500,H04798,B20,P058,2026-08-23,4,0,texture,,0
R18501,H04814,B14,P058,2026-08-23,4,1,jar size,,0
R18502,H04819,B02,P058,2026-08-23,5,1,sweetness,,1
R18503,H04820,B14,P058,2026-08-23,5,0,flavour depth,versatility,0
R18504,H04820,B20,P058,2026-08-23,2,0,,energy boost,1
R18505,H04822,B14,P058,2026-08-23,3,1,,jar size,0
R18506,H04824,B14,P058,2026-08-23,3,1,heat,,0
R18507,H04825,B10,P058,2026-08-23,5,0,price,,0
R18508,H04827,B02,P058,2026-08-23,5,1,taste,,1
R18509,H04829,B20,P058,2026-08-23,4,1,portability,,0
R18510,H04836,B14,P058,2026-08-23,3,1,flavour depth,,0
R18511,H04837,B01,,2026-08-23,3,1,,fizz,0
R18512,H04838,B10,P058,2026-08-23,4,0,price,,0
R18513,H04839,B03,,2026-08-23,5,1,can design,,1
R18514,H04842,B02,P058,2026-08-23,5,1,fizz,,1
R18515,H00001,B03,,2026-08-24,4,1,taste,,1
R18516,H00381,B06,,2026-08-24,3,1,saltiness,,1
R18517,H00848,B20,,2026-08-24,4,1,portability,,1
R18518,H00954,B18,,2026-08-24,3,0,taste,,0
R18519,H01201,B15,,2026-08-24,5,1,heat,,1
R18520,H01259,B19,,2026-08-24,3,1,texture,,1
R18521,H01309,B05,,2026-08-24,2,0,,seasoning,0
R18522,H01344,B04,,2026-08-24,4,1,refreshing,,1
R18523,H01547,B12,,2026-08-24,3,1,,texture,0
R18524,H01787,B15,,2026-08-24,5,1,price,heat,1
R18525,H01812,B12,,2026-08-24,2,1,,taste,1
R18526,H02097,B15,,2026-08-24,3,1,,flavour depth,1
R18527,H02215,B04,,2026-08-24,3,0,sweetness,,1
R18528,H02386,B14,,2026-08-24,3,0,heat,,0
R18529,H02491,B01,,2026-08-24,3,0,,aftertaste,1
R18530,H02965,B04,,2026-08-24,5,1,can design,,1
R18531,H03117,B14,,2026-08-24,4,1,versatility,,1
R18532,H03310,B08,,2026-08-24,5,1,packaging,saltiness,1
R18533,H03317,B13,,2026-08-24,5,1,versatility,,1
R18534,H03512,B17,,2026-08-24,5,1,ingredients,,1
R18535,H03585,B16,,2026-08-24,4,1,heat,,0
R18536,H03587,B09,,2026-08-24,2,0,,texture,0
R18537,H03644,B19,,2026-08-24,3,0,energy boost,,0
R18538,H03750,B07,,2026-08-24,1,0,,seasoning,0
R18539,H03761,B13,,2026-08-24,5,1,versatility,,1
R18540,H04140,B20,,2026-08-24,4,0,price,ingredients,0
R18541,H04773,B17,P058,2026-08-24,4,1,energy boost,,1
R18542,H04776,B17,P058,2026-08-24,3,0,texture,,1
R18543,H04781,B20,P058,2026-08-24,3,1,energy boost,,0
R18544,H04782,B17,P058,2026-08-24,4,1,energy boost,price,1
R18545,H04783,B14,P058,2026-08-24,4,1,jar size,,0
R18546,H04797,B17,P058,2026-08-24,2,0,,portability,1
R18547,H04808,B17,P058,2026-08-24,3,1,,portability,1
R18548,H04810,B17,P058,2026-08-24,5,1,portability,,1
R18549,H04826,B17,P058,2026-08-24,5,1,ingredients,taste,0
R18550,H04837,B10,P058,2026-08-24,4,0,texture,,0
R18551,H04842,B10,P058,2026-08-24,4,0,price,ingredients,0
R18552,H00061,B02,,2026-08-25,4,0,price,,0
R18553,H00499,B11,,2026-08-25,3,0,texture,,0
R18554,H00523,B03,,2026-08-25,4,1,taste,,1
R18555,H00604,B11,,2026-08-25,1,0,price,ingredients,0
R18556,H00684,B12,,2026-08-25,5,1,sweetness,,1
R18557,H00703,B02,,2026-08-25,4,1,can design,,1
R18558,H00882,B17,,2026-08-25,4,1,price,,1
R18559,H01395,B19,,2026-08-25,5,1,energy boost,,1
R18560,H01428,B12,,2026-08-25,4,1,sweetness,,1
R18561,H01595,B06,,2026-08-25,5,1,saltiness,,1
R18562,H01816,B17,,2026-08-25,3,1,energy boost,,1
R18563,H02045,B08,,2026-08-25,3,0,,seasoning,1
R18564,H02069,B05,,2026-08-25,5,1,price,,1
R18565,H02085,B06,,2026-08-25,5,1,price,,1
R18566,H02769,B01,,2026-08-25,5,1,fizz,,1
R18567,H03006,B02,,2026-08-25,4,1,fizz,,0
R18568,H03098,B06,,2026-08-25,4,1,packaging,,1
R18569,H03352,B08,,2026-08-25,5,1,price,,1
R18570,H03365,B02,,2026-08-25,4,1,fizz,,1
R18571,H03381,B14,,2026-08-25,3,0,heat,,0
R18572,H03431,B17,,2026-08-25,5,0,energy boost,,1
R18573,H03557,B05,,2026-08-25,5,1,saltiness,,1
R18574,H03684,B16,,2026-08-25,5,1,jar size,,1
R18575,H03706,B06,,2026-08-25,5,1,portion size,,1
R18576,H03859,B20,,2026-08-25,3,0,,ingredients,0
R18577,H03872,B11,,2026-08-25,4,0,sweetness,,1
R18578,H03993,B18,,2026-08-25,5,1,energy boost,,1
R18579,H04086,B01,,2026-08-25,5,0,taste,,1
R18580,H04201,B03,,2026-08-25,3,0,,fizz,1
R18581,H04333,B16,,2026-08-25,4,0,heat,,0
R18582,H04516,B17,,2026-08-25,5,0,taste,,1
R18583,H04542,B06,,2026-08-25,5,1,saltiness,portion size,1
R18584,H04631,B19,,2026-08-25,4,1,portability,texture,1
R18585,H04679,B14,,2026-08-25,4,1,texture,,0
R18586,H04707,B03,,2026-08-25,4,1,taste,,1
R18587,H04761,B20,P058,2026-08-25,3,0,,portability,1
R18588,H04762,B20,P058,2026-08-25,3,1,portability,,1
R18589,H04764,B17,P058,2026-08-25,4,1,ingredients,portability,1
R18590,H04766,B20,P058,2026-08-25,5,1,price,,0
R18591,H04774,B02,P058,2026-08-25,5,1,can design,,1
R18592,H04775,B10,P058,2026-08-25,4,1,texture,,0
R18593,H04790,B14,P058,2026-08-25,1,0,,versatility,0
R18594,H04799,B17,P058,2026-08-25,4,1,energy boost,,1
R18595,H04803,B02,P058,2026-08-25,5,1,aftertaste,,0
R18596,H04805,B14,P058,2026-08-25,3,0,,jar size,0
R18597,H04806,B02,P058,2026-08-25,5,1,fizz,,1
R18598,H04807,B02,P058,2026-08-25,5,1,taste,,1
R18599,H04808,B20,P058,2026-08-25,5,1,taste,energy boost,0
R18600,H04809,B20,P058,2026-08-25,3,0,price,,0
R18601,H04814,B10,P058,2026-08-25,3,1,packaging,,0
R18602,H04820,B17,P058,2026-08-25,3,0,price,,0
R18603,H04825,B02,P058,2026-08-25,5,1,aftertaste,,1
R18604,H04825,B17,P058,2026-08-25,3,0,texture,,1
R18605,H04828,B02,P058,2026-08-25,5,1,price,,1
R18606,H04832,B02,P058,2026-08-25,5,0,aftertaste,,1
R18607,H00044,B17,,2026-08-26,5,1,price,,1
R18608,H00073,B17,,2026-08-26,3,0,,texture,1
R18609,H00189,B06,,2026-08-26,3,0,,portion size,0
R18610,H00216,B15,,2026-08-26,4,1,versatility,,1
R18611,H00436,B13,,2026-08-26,5,1,flavour depth,jar size,1
R18612,H00627,B20,,2026-08-26,4,1,portability,,0
R18613,H00977,B16,,2026-08-26,5,1,flavour depth,,1
R18614,H01170,B05,,2026-08-26,4,0,price,,1
R18615,H01224,B01,,2026-08-26,5,1,price,,1
R18616,H01575,B01,,2026-08-26,4,0,can design,,1
R18617,H01579,B19,,2026-08-26,5,1,texture,,1
R18618,H01986,B02,,2026-08-26,4,1,refreshing,fizz,0
R18619,H02236,B16,,2026-08-26,5,1,jar size,price,1
R18620,H02423,B17,,2026-08-26,5,1,portability,,0
R18621,H02443,B06,,2026-08-26,4,1,crunch,,1
R18622,H02636,B19,,2026-08-26,3,1,price,,0
R18623,H02815,B10,,2026-08-26,5,1,ingredients,,1
R18624,H02890,B06,,2026-08-26,5,1,saltiness,,1
R18625,H03004,B17,,2026-08-26,3,0,,ingredients,1
R18626,H03032,B14,,2026-08-26,3,0,,jar size,1
R18627,H03168,B09,,2026-08-26,4,1,price,,1
R18628,H03557,B04,,2026-08-26,4,1,sweetness,,1
R18629,H03570,B10,,2026-08-26,3,1,packaging,,0
R18630,H03982,B10,,2026-08-26,5,1,price,,1
R18631,H04009,B03,,2026-08-26,5,1,aftertaste,,1
R18632,H04076,B12,,2026-08-26,3,0,,taste,0
R18633,H04205,B15,,2026-08-26,3,1,flavour depth,,0
R18634,H04243,B02,,2026-08-26,4,1,refreshing,,1
R18635,H04382,B15,,2026-08-26,5,1,price,,1
R18636,H04448,B20,,2026-08-26,2,0,,price,0
R18637,H04490,B01,,2026-08-26,4,1,price,,1
R18638,H04550,B15,,2026-08-26,4,1,price,,1
R18639,H04645,B08,,2026-08-26,3,0,,price,0
R18640,H04661,B06,,2026-08-26,3,1,price,,0
R18641,H04715,B20,,2026-08-26,4,1,texture,,1
R18642,H04761,B17,P058,2026-08-26,2,0,,ingredients,0
R18643,H04762,B14,P058,2026-08-26,3,0,,versatility,0
R18644,H04763,B02,P058,2026-08-26,5,1,price,,1
R18645,H04784,B14,P058,2026-08-26,3,0,jar size,,0
R18646,H04785,B02,P058,2026-08-26,5,1,refreshing,,0
R18647,H04797,B20,P058,2026-08-26,3,1,,taste,0
R18648,H04800,B20,P058,2026-08-26,4,1,taste,,0
R18649,H04801,B10,P058,2026-08-26,2,0,,texture,0
R18650,H04804,B20,P058,2026-08-26,4,1,ingredients,,1
R18651,H04817,B02,P058,2026-08-26,5,1,taste,,1
R18652,H04821,B17,P058,2026-08-26,5,1,energy boost,,1
R18653,H04824,B02,P058,2026-08-26,5,1,taste,fizz,1
R18654,H04828,B17,P058,2026-08-26,3,1,,texture,1
R18655,H04841,B20,P058,2026-08-26,3,0,ingredients,,0
R18656,H04844,B14,P058,2026-08-26,5,1,price,,0
R18657,H00111,B04,,2026-08-27,3,0,,can design,1
R18658,H00325,B12,,2026-08-27,4,0,texture,,0
R18659,H00392,B01,,2026-08-27,5,1,taste,,1
R18660,H00538,B05,,2026-08-27,4,1,portion size,,1
R18661,H00649,B10,,2026-08-27,5,1,packaging,,1
R18662,H00853,B10,,2026-08-27,5,1,price,,0
R18663,H00875,B09,,2026-08-27,2,0,sweetness,packaging,0
R18664,H01346,B03,,2026-08-27,4,1,fizz,,1
R18665,H01736,B08,,2026-08-27,3,1,seasoning,,1
R18666,H01769,B16,,2026-08-27,4,0,versatility,,1
R18667,H02426,B03,,2026-08-27,3,1,fizz,,0
R18668,H03147,B07,,2026-08-27,5,1,crunch,,0
R18669,H03380,B18,,2026-08-27,5,1,portability,,1
R18670,H03443,B06,,2026-08-27,5,1,saltiness,packaging,1
R18671,H03502,B16,,2026-08-27,3,0,flavour depth,,0
R18672,H03799,B19,,2026-08-27,5,1,price,,1
R18673,H03829,B03,,2026-08-27,3,1,,sweetness,1
R18674,H03925,B20,,2026-08-27,5,1,texture,,1
R18675,H04160,B16,,2026-08-27,5,1,texture,,0
R18676,H04166,B17,,2026-08-27,3,0,price,,1
R18677,H04343,B04,,2026-08-27,1,0,,refreshing,0
R18678,H04395,B07,,2026-08-27,5,1,packaging,,1
R18679,H04430,B09,,2026-08-27,4,0,price,sweetness,1
R18680,H04618,B01,,2026-08-27,4,1,taste,,1
R18681,H04655,B17,,2026-08-27,5,1,taste,,1
R18682,H04760,B02,P058,2026-08-27,5,1,can design,,1
R18683,H04763,B17,P058,2026-08-27,3,0,,price,1
R18684,H04768,B02,P058,2026-08-27,5,1,taste,,1
R18685,H04779,B10,P058,2026-08-27,4,1,packaging,,0
R18686,H04779,B14,P058,2026-08-27,4,1,flavour depth,,0
R18687,H04787,B10,P058,2026-08-27,4,0,sweetness,price,0
R18688,H04790,B20,P058,2026-08-27,4,0,price,,1
R18689,H04793,B10,P058,2026-08-27,4,1,texture,,0
R18690,H04793,B17,P058,2026-08-27,3,0,,ingredients,1
R18691,H04800,B17,P058,2026-08-27,3,0,energy boost,,1
R18692,H04804,B02,P058,2026-08-27,5,1,price,,0
R18693,H04814,B02,P058,2026-08-27,5,1,sweetness,,1
R18694,H04815,B14,P058,2026-08-27,3,1,,flavour depth,0
R18695,H04822,B08,,2026-08-27,2,0,,seasoning,0
R18696,H04828,B10,P058,2026-08-27,4,0,packaging,,0
R18697,H04837,B17,P058,2026-08-27,3,0,,price,1
R18698,H00005,B03,,2026-08-28,5,1,refreshing,,1
R18699,H00155,B15,,2026-08-28,1,0,,flavour depth,0
R18700,H00438,B15,,2026-08-28,4,0,jar size,,0
R18701,H00457,B06,,2026-08-28,5,1,seasoning,,1
R18702,H00546,B11,,2026-08-28,4,0,texture,,0
R18703,H00622,B12,,2026-08-28,5,1,taste,,0
R18704,H00842,B14,,2026-08-28,3,1,texture,,0
R18705,H00891,B02,,2026-08-28,4,1,refreshing,,1
R18706,H00899,B08,,2026-08-28,4,0,saltiness,,0
R18707,H01002,B08,,2026-08-28,2,0,,price,0
R18708,H01154,B06,,2026-08-28,5,1,portion size,,1
R18709,H01303,B11,,2026-08-28,3,0,sweetness,,0
R18710,H01337,B04,,2026-08-28,5,1,can design,,1
R18711,H01498,B12,,2026-08-28,2,0,,packaging,0
R18712,H01633,B03,,2026-08-28,2,0,,refreshing,0
R18713,H02022,B03,,2026-08-28,5,1,price,,1
R18714,H02062,B08,,2026-08-28,5,1,seasoning,,1
R18715,H02349,B12,,2026-08-28,4,1,packaging,,1
R18716,H02579,B14,,2026-08-28,3,0,,heat,1
R18717,H02632,B05,,2026-08-28,4,1,price,portion size,1
R18718,H02671,B17,,2026-08-28,3,0,energy boost,,0
R18719,H02700,B01,,2026-08-28,5,1,taste,,1
R18720,H02701,B05,,2026-08-28,5,1,packaging,,1
R18721,H02920,B18,,2026-08-28,5,1,taste,,1
R18722,H03318,B12,,2026-08-28,1,0,,texture,0
R18723,H03350,B13,,2026-08-28,4,1,price,,1
R18724,H03476,B15,,2026-08-28,4,1,texture,,1
R18725,H03607,B12,,2026-08-28,5,1,ingredients,,0
R18726,H03640,B17,,2026-08-28,5,1,texture,,1
R18727,H03740,B06,,2026-08-28,5,1,crunch,,1
R18728,H03778,B06,,2026-08-28,5,1,crunch,price,1
R18729,H03917,B20,,2026-08-28,4,0,portability,,1
R18730,H04015,B09,,2026-08-28,5,1,packaging,,1
R18731,H04065,B06,,2026-08-28,5,1,crunch,price,1
R18732,H04085,B03,,2026-08-28,5,1,can design,price,1
R18733,H04221,B01,,2026-08-28,5,0,fizz,,1
R18734,H04243,B17,,2026-08-28,4,1,price,,1
R18735,H04268,B20,,2026-08-28,5,1,portability,,1
R18736,H04465,B04,,2026-08-28,5,1,fizz,,1
R18737,H04514,B19,,2026-08-28,4,1,energy boost,price,0
R18738,H04658,B14,,2026-08-28,5,1,price,heat,1
R18739,H04669,B06,,2026-08-28,5,1,packaging,,1
R18740,H04764,B10,P058,2026-08-28,2,0,,taste,0
R18741,H04769,B02,P058,2026-08-28,5,1,refreshing,,1
R18742,H04776,B10,P058,2026-08-28,3,1,,price,0
R18743,H04783,B02,P058,2026-08-28,5,1,sweetness,,0
R18744,H04787,B02,P058,2026-08-28,5,1,price,,0
R18745,H04788,B14,P058,2026-08-28,4,1,flavour depth,,0
R18746,H04822,B02,P058,2026-08-28,5,1,sweetness,,1
R18747,H04825,B20,P058,2026-08-28,4,1,energy boost,price,0
R18748,H04826,B14,P058,2026-08-28,5,1,price,heat,0
R18749,H04829,B02,P058,2026-08-28,5,1,fizz,,1
R18750,H04843,B17,P058,2026-08-28,5,1,portability,,1
R18751,H00068,B19,,2026-08-29,4,1,portability,texture,1
R18752,H00244,B13,,2026-08-29,5,1,price,,1
R18753,H00268,B20,,2026-08-29,4,0,price,,1
R18754,H00426,B03,,2026-08-29,3,0,taste,,0
R18755,H00497,B03,,2026-08-29,5,1,taste,,1
R18756,H00518,B04,,2026-08-29,2,0,sweetness,refreshing,0
R18757,H00746,B12,,2026-08-29,2,0,taste,packaging,0
R18758,H00788,B04,,2026-08-29,4,1,aftertaste,taste,1
R18759,H01006,B07,,2026-08-29,3,0,seasoning,,0
R18760,H01190,B15,,2026-08-29,4,0,flavour depth,,0
R18761,H01237,B01,,2026-08-29,4,1,refreshing,,1
R18762,H01319,B01,,2026-08-29,5,1,sweetness,,1
R18763,H01364,B10,,2026-08-29,5,1,ingredients,,1
R18764,H01520,B10,,2026-08-29,2,0,,ingredients,0
R18765,H01615,B12,,2026-08-29,2,0,,price,0
R18766,H01641,B08,,2026-08-29,3,0,packaging,,1
R18767,H01641,B03,,2026-08-29,4,1,taste,,1
R18768,H01690,B05,,2026-08-29,5,1,price,,1
R18769,H01717,B01,,2026-08-29,5,1,aftertaste,,1
R18770,H01763,B06,,2026-08-29,5,0,crunch,,1
R18771,H01863,B17,,2026-08-29,4,1,portability,,1
R18772,H01974,B04,,2026-08-29,4,1,price,,1
R18773,H02415,B01,,2026-08-29,4,0,aftertaste,,0
R18774,H02506,B11,,2026-08-29,4,1,ingredients,,1
R18775,H02556,B14,,2026-08-29,3,0,price,,1
R18776,H02661,B01,,2026-08-29,4,1,fizz,price,1
R18777,H02727,B16,,2026-08-29,4,1,flavour depth,texture,1
R18778,H02897,B04,,2026-08-29,5,1,can design,,1
R18779,H03108,B11,,2026-08-29,5,1,texture,,1
R18780,H03614,B20,,2026-08-29,4,1,ingredients,,1
R18781,H03708,B03,,2026-08-29,5,1,aftertaste,refreshing,1
R18782,H03945,B18,,2026-08-29,5,1,energy boost,taste,1
R18783,H04030,B20,,2026-08-29,4,1,price,,0
R18784,H04096,B03,,2026-08-29,3,0,,aftertaste,1
R18785,H04097,B20,,2026-08-29,4,0,ingredients,,1
R18786,H04131,B12,,2026-08-29,5,1,price,,1
R18787,H04349,B20,,2026-08-29,3,0,portability,,0
R18788,H04621,B04,,2026-08-29,4,1,can design,,1
R18789,H04762,B17,P058,2026-08-29,4,0,energy boost,,0
R18790,H04765,B20,P058,2026-08-29,3,1,,taste,0
R18791,H04767,B17,P058,2026-08-29,4,1,price,,1
R18792,H04768,B17,P058,2026-08-29,5,1,portability,,1
R18793,H04770,B02,P058,2026-08-29,5,1,sweetness,,1
R18794,H04778,B02,P058,2026-08-29,5,1,fizz,,0
R18795,H04807,B10,P058,2026-08-29,4,0,sweetness,,0
R18796,H04812,B17,P058,2026-08-29,3,0,energy boost,,1
R18797,H04817,B14,P058,2026-08-29,4,1,heat,,0
R18798,H04839,B14,P058,2026-08-29,2,0,texture,jar size,0
R18799,H04841,B14,P058,2026-08-29,4,1,texture,,0
R18800,H00050,B19,,2026-08-30,5,1,taste,,1
R18801,H00110,B15,,2026-08-30,3,0,,price,0
R18802,H00213,B19,,2026-08-30,4,1,ingredients,,0
R18803,H00218,B03,,2026-08-30,5,1,taste,,1
R18804,H00819,B14,,2026-08-30,5,1,versatility,,1
R18805,H00921,B11,,2026-08-30,5,1,ingredients,taste,1
R18806,H00967,B12,,2026-08-30,2,0,,packaging,0
R18807,H01245,B20,,2026-08-30,3,0,taste,,0
R18808,H01678,B08,,2026-08-30,5,1,portion size,,1
R18809,H01705,B03,,2026-08-30,3,0,fizz,,1
R18810,H01828,B15,,2026-08-30,3,0,price,,0
R18811,H02047,B20,,2026-08-30,4,1,price,,1
R18812,H02088,B01,,2026-08-30,4,0,taste,,1
R18813,H02256,B06,,2026-08-30,5,1,price,,1
R18814,H02385,B01,,2026-08-30,4,1,sweetness,,0
R18815,H02521,B03,,2026-08-30,4,1,price,,1
R18816,H02679,B05,,2026-08-30,5,1,portion size,,1
R18817,H02762,B06,,2026-08-30,4,1,crunch,,1
R18818,H02926,B12,,2026-08-30,3,0,,texture,0
R18819,H02964,B13,,2026-08-30,4,0,texture,price,1
R18820,H02980,B09,,2026-08-30,4,0,packaging,taste,1
R18821,H03001,B06,,2026-08-30,5,1,price,,1
R18822,H03093,B01,,2026-08-30,5,1,can design,,1
R18823,H03317,B01,,2026-08-30,5,1,refreshing,can design,1
R18824,H03435,B11,,2026-08-30,3,1,texture,,0
R18825,H03487,B05,,2026-08-30,2,0,,price,1
R18826,H03490,B03,,2026-08-30,4,0,taste,,1
R18827,H03829,B08,,2026-08-30,3,0,seasoning,,0
R18828,H04059,B10,,2026-08-30,5,1,ingredients,price,1
R18829,H04199,B01,,2026-08-30,5,1,taste,,1
R18830,H04422,B18,,2026-08-30,4,1,ingredients,,1
R18831,H04609,B18,,2026-08-30,2,0,,price,0
R18832,H04692,B10,,2026-08-30,4,0,texture,,1
R18833,H04755,B13,,2026-08-30,4,1,jar size,,1
R18834,H04758,B20,P058,2026-08-30,2,1,,portability,0
R18835,H04760,B10,P058,2026-08-30,5,1,texture,,0
R18836,H04761,B10,P058,2026-08-30,3,1,,packaging,1
R18837,H04762,B02,P058,2026-08-30,5,1,refreshing,,0
R18838,H04773,B14,P058,2026-08-30,3,1,flavour depth,,0
R18839,H04775,B14,P058,2026-08-30,4,1,versatility,jar size,0
R18840,H04775,B20,P058,2026-08-30,5,1,taste,,1
R18841,H04776,B02,P058,2026-08-30,5,1,refreshing,,1
R18842,H04778,B20,P058,2026-08-30,4,1,taste,,1
R18843,H04783,B10,P058,2026-08-30,4,0,sweetness,,1
R18844,H04784,B20,P058,2026-08-30,4,0,ingredients,,0
R18845,H04789,B02,P058,2026-08-30,5,1,fizz,,0
R18846,H04792,B17,P058,2026-08-30,5,1,texture,,1
R18847,H04811,B20,P058,2026-08-30,4,1,portability,,1
R18848,H04817,B17,P058,2026-08-30,5,1,energy boost,price,1
R18849,H04821,B02,P058,2026-08-30,5,1,taste,fizz,1
R18850,H04822,B10,P058,2026-08-30,4,1,texture,,0
R18851,H04823,B10,P058,2026-08-30,4,0,packaging,,0
R18852,H04827,B17,P058,2026-08-30,2,0,,ingredients,1
R18853,H04838,B17,P058,2026-08-30,4,1,texture,,1
R18854,H04839,B10,P058,2026-08-30,4,0,ingredients,,0
R18855,H04839,B17,P058,2026-08-30,5,1,taste,,1
R18856,H04852,B01,,2026-08-30,4,1,fizz,aftertaste,1
R18857,H00139,B18,,2026-08-31,3,0,,taste,0
R18858,H00230,B01,,2026-08-31,4,1,can design,,1
R18859,H00537,B11,,2026-08-31,2,0,,packaging,0
R18860,H00795,B02,,2026-08-31,4,0,price,,0
R18861,H00923,B06,,2026-08-31,4,1,crunch,,1
R18862,H00968,B18,,2026-08-31,4,0,taste,,0
R18863,H01025,B14,,2026-08-31,3,0,flavour depth,,1
R18864,H01343,B18,,2026-08-31,3,1,texture,,0
R18865,H01493,B12,,2026-08-31,4,1,texture,ingredients,1
R18866,H01585,B04,,2026-08-31,5,1,taste,,1
R18867,H01750,B03,,2026-08-31,5,1,can design,,1
R18868,H01763,B15,,2026-08-31,2,0,jar size,price,0
R18869,H02000,B18,,2026-08-31,5,1,taste,,1
R18870,H02139,B15,,2026-08-31,2,0,,texture,0
R18871,H02403,B03,,2026-08-31,4,1,aftertaste,,1
R18872,H02718,B06,,2026-08-31,4,1,saltiness,,1
R18873,H02926,B09,,2026-08-31,3,1,taste,,0
R18874,H03013,B20,,2026-08-31,4,1,price,,0
R18875,H03222,B13,,2026-08-31,3,1,jar size,,1
R18876,H03301,B18,,2026-08-31,5,1,taste,,1
R18877,H03521,B08,,2026-08-31,5,1,packaging,,1
R18878,H03714,B10,,2026-08-31,4,0,sweetness,,1
R18879,H03999,B20,,2026-08-31,2,0,,taste,0
R18880,H04096,B07,,2026-08-31,4,0,portion size,,0
R18881,H04166,B18,,2026-08-31,3,0,portability,,0
R18882,H04330,B03,,2026-08-31,3,0,,price,0
R18883,H04502,B20,,2026-08-31,4,0,taste,,0
R18884,H04513,B14,,2026-08-31,5,1,jar size,,1
R18885,H04561,B14,,2026-08-31,3,1,jar size,,1
R18886,H00124,B04,,2026-09-01,3,1,,can design,1
R18887,H00339,B16,,2026-09-01,4,1,flavour depth,,0
R18888,H00573,B19,,2026-09-01,3,0,price,,0
R18889,H00775,B19,,2026-09-01,5,1,portability,,1
R18890,H00825,B19,,2026-09-01,3,0,,taste,0
R18891,H00860,B16,,2026-09-01,3,0,,texture,0
R18892,H00866,B03,,2026-09-01,4,1,sweetness,,0
R18893,H00952,B13,,2026-09-01,3,1,flavour depth,,1
R18894,H01365,B18,,2026-09-01,4,1,energy boost,ingredients,1
R18895,H01377,B14,,2026-09-01,4,1,texture,,1
R18896,H01495,B14,,2026-09-01,4,1,versatility,texture,1
R18897,H01521,B17,,2026-09-01,4,1,portability,,0
R18898,H01570,B18,,2026-09-01,5,1,texture,ingredients,1
R18899,H01612,B11,,2026-09-01,5,1,texture,,0
R18900,H01746,B12,,2026-09-01,2,0,,price,0
R18901,H01768,B03,,2026-09-01,3,0,refreshing,,1
R18902,H01831,B10,,2026-09-01,5,1,ingredients,sweetness,1
R18903,H02070,B18,,2026-09-01,4,1,price,,1
R18904,H02303,B09,,2026-09-01,2,0,,ingredients,0
R18905,H02313,B03,,2026-09-01,4,1,taste,,1
R18906,H03052,B01,,2026-09-01,5,1,price,,1
R18907,H03213,B07,,2026-09-01,5,1,price,,1
R18908,H03460,B02,,2026-09-01,5,1,aftertaste,,1
R18909,H03460,B16,,2026-09-01,4,1,price,,1
R18910,H03492,B04,,2026-09-01,5,1,sweetness,,1
R18911,H03642,B03,,2026-09-01,3,0,refreshing,,1
R18912,H03874,B19,,2026-09-01,5,1,price,,1
R18913,H03930,B14,,2026-09-01,4,1,price,flavour depth,1
R18914,H03957,B20,,2026-09-01,4,1,ingredients,,1
R18915,H04028,B12,,2026-09-01,4,1,taste,,0
R18916,H04275,B02,,2026-09-01,5,1,sweetness,,1
R18917,H04377,B03,,2026-09-01,3,0,refreshing,,0
R18918,H04393,B09,,2026-09-01,4,1,ingredients,price,0
R18919,H04634,B03,,2026-09-01,4,0,aftertaste,price,1
R18920,H04678,B14,,2026-09-01,5,1,price,,0
R18921,H00276,B19,,2026-09-02,1,0,,texture,0
R18922,H00420,B17,,2026-09-02,5,1,taste,,1
R18923,H00443,B08,,2026-09-02,4,1,seasoning,,0
R18924,H00466,B10,,2026-09-02,5,1,packaging,,1
R18925,H00544,B18,,2026-09-02,4,1,price,taste,0
R18926,H00599,B13,,2026-09-02,4,0,texture,,0
R18927,H00808,B15,,2026-09-02,3,0,,versatility,1
R18928,H00909,B09,,2026-09-02,5,1,taste,,1
R18929,H01230,B11,,2026-09-02,3,0,price,,0
R18930,H01478,B09,,2026-09-02,4,1,price,,1
R18931,H01606,B13,,2026-09-02,2,0,heat,jar size,0
R18932,H01660,B02,,2026-09-02,4,1,price,,0
R18933,H01661,B08,,2026-09-02,4,1,portion size,,1
R18934,H02006,B14,,2026-09-02,3,0,heat,,0
R18935,H02016,B05,,2026-09-02,2,0,,packaging,1
R18936,H02603,B19,,2026-09-02,4,1,energy boost,,1
R18937,H03363,B03,,2026-09-02,3,0,fizz,,0
R18938,H03437,B05,,2026-09-02,4,1,crunch,portion size,1
R18939,H03642,B15,,2026-09-02,2,0,,price,0
R18940,H03829,B02,,2026-09-02,5,1,price,,1
R18941,H03867,B08,,2026-09-02,5,1,packaging,,1
R18942,H04028,B03,,2026-09-02,3,0,,can design,1
R18943,H04123,B19,,2026-09-02,3,0,,price,0
R18944,H04142,B05,,2026-09-02,3,0,,packaging,1
R18945,H04215,B17,,2026-09-02,4,1,taste,,1
R18946,H04265,B03,,2026-09-02,4,1,aftertaste,,1
R18947,H04392,B06,,2026-09-02,5,1,saltiness,,1
R18948,H04478,B05,,2026-09-02,3,0,packaging,,1
R18949,H04557,B03,,2026-09-02,3,0,taste,,1
R18950,H04584,B02,,2026-09-02,4,1,sweetness,price,0
R18951,H04749,B02,,2026-09-02,3,0,,taste,0
R18952,H00312,B10,,2026-09-03,4,1,taste,,1
R18953,H00338,B07,,2026-09-03,5,1,saltiness,,1
R18954,H00436,B20,,2026-09-03,4,0,price,,1
R18955,H00442,B14,,2026-09-03,5,0,flavour depth,,1
R18956,H00581,B18,,2026-09-03,4,1,energy boost,taste,1
R18957,H00584,B17,,2026-09-03,5,1,ingredients,,1
R18958,H01005,B18,,2026-09-03,5,0,energy boost,portability,1
R18959,H01058,B06,,2026-09-03,4,1,saltiness,,0
R18960,H01060,B16,,2026-09-03,5,1,flavour depth,,1
R18961,H01090,B01,,2026-09-03,5,1,price,,1
R18962,H01229,B01,,2026-09-03,5,1,can design,,1
R18963,H01244,B01,,2026-09-03,5,1,can design,aftertaste,1
R18964,H01307,B12,,2026-09-03,3,1,,price,0
R18965,H01339,B16,,2026-09-03,5,1,jar size,,1
R18966,H01489,B02,,2026-09-03,4,0,fizz,price,1
R18967,H01664,B05,,2026-09-03,3,1,,portion size,1
R18968,H01849,B10,,2026-09-03,5,1,price,,1
R18969,H01974,B07,,2026-09-03,4,0,price,,1
R18970,H02075,B09,,2026-09-03,5,1,texture,,0
R18971,H02344,B16,,2026-09-03,2,0,,heat,0
R18972,H03249,B09,,2026-09-03,4,0,taste,,0
R18973,H03382,B12,,2026-09-03,5,1,packaging,price,1
R18974,H03596,B10,,2026-09-03,4,1,sweetness,,0
R18975,H03676,B05,,2026-09-03,4,1,price,seasoning,1
R18976,H03694,B11,,2026-09-03,3,0,,taste,1
R18977,H03755,B16,,2026-09-03,5,1,price,,1
R18978,H03842,B06,,2026-09-03,4,1,packaging,,1
R18979,H03883,B20,,2026-09-03,4,1,taste,,1
R18980,H03967,B08,,2026-09-03,2,0,,packaging,0
R18981,H04322,B01,,2026-09-03,4,0,refreshing,,1
R18982,H04328,B14,,2026-09-03,5,1,flavour depth,,1
R18983,H04535,B04,,2026-09-03,4,0,fizz,,1
R18984,H04551,B02,,2026-09-03,5,1,aftertaste,,1
R18985,H04688,B02,,2026-09-03,3,0,aftertaste,,1
R18986,H04757,B20,,2026-09-03,4,0,taste,energy boost,1
R18987,H00133,B07,,2026-09-04,5,0,price,,1
R18988,H00137,B18,,2026-09-04,4,1,texture,,1
R18989,H00297,B13,,2026-09-04,4,1,price,,0
R18990,H00385,B17,,2026-09-04,5,0,portability,,1
R18991,H00420,B18,,2026-09-04,3,1,energy boost,,0
R18992,H00426,B01,,2026-09-04,3,0,sweetness,,0
R18993,H00678,B13,,2026-09-04,3,0,texture,,1
R18994,H00715,B12,,2026-09-04,5,1,texture,,1
R18995,H00841,B18,,2026-09-04,5,0,energy boost,,1
R18996,H00932,B19,,2026-09-04,5,1,taste,,1
R18997,H01155,B15,,2026-09-04,5,1,versatility,,1
R18998,H01411,B18,,2026-09-04,4,1,portability,,1
R18999,H01427,B06,,2026-09-04,3,0,crunch,,1
R19000,H01454,B15,,2026-09-04,4,0,heat,,1
R19001,H01522,B05,,2026-09-04,3,1,,saltiness,0
R19002,H01582,B10,,2026-09-04,5,1,taste,,1
R19003,H01904,B08,,2026-09-04,4,1,portion size,,0
R19004,H02050,B03,,2026-09-04,5,1,can design,,1
R19005,H02054,B05,,2026-09-04,3,0,seasoning,,1
R19006,H02141,B14,,2026-09-04,5,1,texture,,1
R19007,H02313,B11,,2026-09-04,4,1,taste,,0
R19008,H02454,B20,,2026-09-04,5,1,price,,1
R19009,H02621,B03,,2026-09-04,4,1,aftertaste,,1
R19010,H02661,B11,,2026-09-04,5,1,sweetness,packaging,1
R19011,H02966,B13,,2026-09-04,4,1,price,,1
R19012,H02973,B07,,2026-09-04,5,1,packaging,,1
R19013,H03029,B06,,2026-09-04,5,1,seasoning,,1
R19014,H03378,B15,,2026-09-04,5,1,price,,1
R19015,H03518,B04,,2026-09-04,4,0,fizz,,1
R19016,H03586,B13,,2026-09-04,3,1,heat,,0
R19017,H03700,B16,,2026-09-04,3,0,,texture,0
R19018,H03761,B02,,2026-09-04,5,1,sweetness,aftertaste,1
R19019,H04019,B12,,2026-09-04,3,1,,sweetness,0
R19020,H04106,B06,,2026-09-04,5,1,seasoning,portion size,1
R19021,H04129,B01,,2026-09-04,3,0,,can design,1
R19022,H04135,B17,,2026-09-04,3,0,,taste,1
R19023,H04162,B09,,2026-09-04,4,1,packaging,,0
R19024,H04405,B20,,2026-09-04,4,0,taste,,1
R19025,H04683,B16,,2026-09-04,5,1,texture,,1
R19026,H04747,B07,,2026-09-04,4,1,seasoning,,0
R19027,H00097,B09,,2026-09-05,3,0,,texture,0
R19028,H00454,B08,,2026-09-05,5,1,portion size,,1
R19029,H00606,B06,,2026-09-05,5,1,crunch,,1
R19030,H00659,B01,,2026-09-05,4,1,aftertaste,,1
R19031,H00692,B07,,2026-09-05,4,1,crunch,,1
R19032,H00740,B18,,2026-09-05,4,0,price,texture,0
R19033,H00916,B04,,2026-09-05,2,0,,fizz,0
R19034,H01085,B18,,2026-09-05,4,1,portability,,0
R19035,H01168,B18,,2026-09-05,4,0,taste,,1
R19036,H01389,B02,,2026-09-05,5,1,fizz,,1
R19037,H01505,B12,,2026-09-05,2,0,,packaging,0
R19038,H01580,B16,,2026-09-05,3,1,,price,1
R19039,H01663,B08,,2026-09-05,5,1,seasoning,,1
R19040,H01737,B10,,2026-09-05,5,1,texture,taste,1
R19041,H01860,B05,,2026-09-05,2,1,,portion size,1
R19042,H01975,B06,,2026-09-05,5,1,price,,1
R19043,H02532,B02,,2026-09-05,3,1,fizz,,0
R19044,H02535,B13,,2026-09-05,5,1,price,heat,1
R19045,H02663,B08,,2026-09-05,4,0,portion size,packaging,0
R19046,H02737,B14,,2026-09-05,4,0,price,heat,0
R19047,H03091,B08,,2026-09-05,5,1,saltiness,portion size,1
R19048,H03196,B10,,2026-09-05,4,0,packaging,,1
R19049,H03419,B17,,2026-09-05,3,0,portability,,0
R19050,H03583,B15,,2026-09-05,4,1,price,,1
R19051,H03800,B02,,2026-09-05,4,1,aftertaste,,1
R19052,H03936,B14,,2026-09-05,5,1,versatility,price,1
R19053,H03992,B03,,2026-09-05,4,1,taste,,1
R19054,H03993,B09,,2026-09-05,4,1,price,ingredients,0
R19055,H04255,B06,,2026-09-05,5,1,portion size,saltiness,1
R19056,H04369,B08,,2026-09-05,3,1,,price,0
R19057,H04376,B16,,2026-09-05,2,0,,price,0
R19058,H04462,B20,,2026-09-05,4,0,taste,,1
R19059,H04493,B11,,2026-09-05,4,1,price,,1
R19060,H04721,B19,,2026-09-05,5,1,portability,,1
R19061,H04792,B02,,2026-09-05,4,1,fizz,,1
R19062,H00123,B14,,2026-09-06,2,0,,price,0
R19063,H00275,B09,,2026-09-06,3,0,taste,,0
R19064,H00476,B03,,2026-09-06,5,1,can design,,1
R19065,H00718,B19,,2026-09-06,4,1,taste,texture,0
R19066,H00875,B08,,2026-09-06,3,1,,saltiness,1
R19067,H01225,B18,,2026-09-06,5,1,portability,,1
R19068,H01269,B02,,2026-09-06,5,1,price,,1
R19069,H01359,B18,,2026-09-06,5,1,ingredients,,1
R19070,H01419,B09,,2026-09-06,3,0,price,,1
R19071,H01717,B02,,2026-09-06,2,0,,taste,0
R19072,H01955,B10,,2026-09-06,5,1,texture,,1
R19073,H02160,B11,,2026-09-06,5,1,price,,1
R19074,H02203,B11,,2026-09-06,5,1,texture,,1
R19075,H02581,B16,,2026-09-06,3,0,flavour depth,,1
R19076,H02655,B20,,2026-09-06,4,1,ingredients,,1
R19077,H02689,B09,,2026-09-06,4,1,taste,,1
R19078,H02734,B09,,2026-09-06,4,1,packaging,taste,0
R19079,H03027,B02,,2026-09-06,5,1,fizz,,1
R19080,H03107,B20,,2026-09-06,5,1,taste,,1
R19081,H03229,B04,,2026-09-06,4,1,aftertaste,,1
R19082,H03283,B16,,2026-09-06,5,1,flavour depth,,0
R19083,H03311,B14,,2026-09-06,3,0,,flavour depth,0
R19084,H03508,B10,,2026-09-06,5,1,taste,sweetness,1
R19085,H03523,B14,,2026-09-06,4,1,heat,,1
R19086,H03536,B02,,2026-09-06,4,1,price,,1
R19087,H03597,B11,,2026-09-06,4,0,price,,0
R19088,H03598,B10,,2026-09-06,3,0,packaging,,1
R19089,H03628,B02,,2026-09-06,5,1,sweetness,,1
R19090,H03778,B09,,2026-09-06,3,1,,price,0
R19091,H04643,B13,,2026-09-06,4,1,versatility,,1
R19092,H04658,B19,,2026-09-06,3,1,,ingredients,0
R19093,H04720,B12,,2026-09-06,5,1,texture,,0
R19094,H04831,B10,,2026-09-06,5,1,taste,,0
R19095,H00098,B09,,2026-09-07,4,1,price,,1
R19096,H00150,B03,,2026-09-07,5,1,fizz,,1
R19097,H00241,B07,,2026-09-07,4,0,seasoning,crunch,0
R19098,H00329,B01,,2026-09-07,4,1,can design,,1
R19099,H00697,B04,,2026-09-07,4,1,taste,sweetness,0
R19100,H01012,B10,,2026-09-07,4,1,price,ingredients,1
R19101,H01344,B16,,2026-09-07,3,0,heat,,0
R19102,H01484,B14,,2026-09-07,3,0,,versatility,0
R19103,H02025,B16,,2026-09-07,5,1,flavour depth,,1
R19104,H02272,B09,,2026-09-07,4,1,ingredients,,0
R19105,H02314,B11,,2026-09-07,3,1,texture,,0
R19106,H02585,B08,,2026-09-07,4,1,packaging,,1
R19107,H02603,B06,,2026-09-07,4,1,saltiness,,1
R19108,H02617,B04,,2026-09-07,4,1,fizz,aftertaste,0
R19109,H02758,B16,,2026-09-07,3,0,,flavour depth,1
R19110,H02862,B12,,2026-09-07,4,1,ingredients,,0
R19111,H02945,B19,,2026-09-07,5,1,texture,,1
R19112,H03014,B20,,2026-09-07,4,1,price,taste,0
R19113,H03854,B09,,2026-09-07,2,1,,texture,0
R19114,H03966,B13,,2026-09-07,3,1,flavour depth,,1
R19115,H04135,B04,,2026-09-07,3,0,,sweetness,1
R19116,H04616,B14,,2026-09-07,3,0,price,,0
R19117,H04838,B19,,2026-09-07,4,1,price,,1
R19118,H00091,B18,,2026-09-08,5,1,portability,,0
R19119,H00124,B02,,2026-09-08,4,0,refreshing,,1
R19120,H00305,B15,,2026-09-08,4,1,versatility,,0
R19121,H00537,B01,,2026-09-08,5,1,price,,1
R19122,H00588,B09,,2026-09-08,4,1,packaging,,0
R19123,H00685,B18,,2026-09-08,4,0,portability,taste,1
R19124,H00936,B10,,2026-09-08,4,1,taste,texture,1
R19125,H01499,B16,,2026-09-08,5,1,texture,,1
R19126,H01740,B15,,2026-09-08,3,0,,heat,0
R19127,H02076,B13,,2026-09-08,2,0,,price,0
R19128,H02386,B19,,2026-09-08,5,1,energy boost,,1
R19129,H02488,B19,,2026-09-08,5,1,portability,,1
R19130,H02618,B06,,2026-09-08,5,1,saltiness,price,1
R19131,H02620,B09,,2026-09-08,2,0,,packaging,0
R19132,H02678,B01,,2026-09-08,5,1,taste,,1
R19133,H02997,B13,,2026-09-08,4,1,flavour depth,,1
R19134,H03020,B07,,2026-09-08,5,1,portion size,,1
R19135,H03540,B01,,2026-09-08,5,1,sweetness,,1
R19136,H03686,B18,,2026-09-08,4,0,ingredients,,1
R19137,H03774,B17,,2026-09-08,3,1,,portability,1
R19138,H03874,B07,,2026-09-08,4,1,packaging,,1
R19139,H03894,B14,,2026-09-08,5,1,flavour depth,,1
R19140,H04098,B08,,2026-09-08,4,0,saltiness,,1
R19141,H04151,B07,,2026-09-08,5,0,seasoning,,1
R19142,H04159,B14,,2026-09-08,3,1,jar size,,1
R19143,H04355,B03,,2026-09-08,4,1,price,,1
R19144,H04403,B15,,2026-09-08,3,1,price,,0
R19145,H04426,B19,,2026-09-08,4,0,ingredients,energy boost,0
R19146,H04450,B09,,2026-09-08,4,1,packaging,,0
R19147,H04529,B14,,2026-09-08,5,1,texture,,1
R19148,H04595,B01,,2026-09-08,5,1,refreshing,,0
R19149,H04701,B08,,2026-09-08,3,0,,packaging,0
R19150,H04779,B13,,2026-09-08,4,1,texture,,1
R19151,H04786,B09,,2026-09-08,3,0,texture,,1
R19152,H04789,B17,,2026-09-08,4,0,price,,1
R19153,H04858,B10,,2026-09-08,4,1,sweetness,,0
R19154,H04900,B11,P059,2026-09-08,5,1,packaging,price,0
R19155,H04905,B17,P059,2026-09-08,5,1,taste,,1
R19156,H04907,B17,P059,2026-09-08,4,1,portability,price,1
R19157,H04911,B01,P059,2026-09-08,5,1,aftertaste,,1
R19158,H04920,B05,P059,2026-09-08,4,1,crunch,,0
R19159,H04930,B12,,2026-09-08,4,1,packaging,ingredients,1
R19160,H00426,B15,,2026-09-09,3,0,,price,1
R19161,H01192,B12,,2026-09-09,3,0,,sweetness,0
R19162,H01397,B15,,2026-09-09,4,1,heat,price,1
R19163,H01439,B10,,2026-09-09,4,1,taste,,0
R19164,H01596,B03,,2026-09-09,3,1,,taste,1
R19165,H01603,B15,,2026-09-09,4,0,price,,1
R19166,H01608,B13,,2026-09-09,4,1,texture,,0
R19167,H01618,B06,,2026-09-09,5,1,portion size,,0
R19168,H01632,B08,,2026-09-09,5,1,saltiness,,1
R19169,H01978,B07,,2026-09-09,5,1,packaging,,0
R19170,H02141,B04,,2026-09-09,4,0,price,can design,1
R19171,H02460,B18,,2026-09-09,4,0,price,ingredients,1
R19172,H02603,B13,,2026-09-09,4,1,price,,1
R19173,H02720,B11,,2026-09-09,5,1,sweetness,packaging,1
R19174,H02940,B06,,2026-09-09,3,1,,crunch,1
R19175,H02968,B10,,2026-09-09,3,1,sweetness,,0
R19176,H03308,B16,,2026-09-09,3,0,,jar size,1
R19177,H03310,B09,,2026-09-09,5,1,sweetness,,1
R19178,H03360,B18,,2026-09-09,5,1,ingredients,price,1
R19179,H03383,B13,,2026-09-09,5,1,flavour depth,,1
R19180,H03392,B15,,2026-09-09,3,1,,heat,1
R19181,H03704,B18,,2026-09-09,4,0,taste,,1
R19182,H03928,B07,,2026-09-09,4,0,saltiness,,1
R19183,H03935,B04,,2026-09-09,3,0,,taste,1
R19184,H04000,B02,,2026-09-09,3,0,fizz,,0
R19185,H04025,B05,,2026-09-09,4,1,portion size,,1
R19186,H04032,B02,,2026-09-09,3,0,,aftertaste,1
R19187,H04173,B05,,2026-09-09,4,1,price,,1
R19188,H04212,B16,,2026-09-09,4,1,flavour depth,,0
R19189,H04404,B04,,2026-09-09,2,0,,price,0
R19190,H04666,B17,,2026-09-09,4,1,energy boost,,1
R19191,H04907,B11,P059,2026-09-09,3,0,taste,,0
R19192,H04908,B11,P059,2026-09-09,3,0,taste,,0
R19193,H04913,B17,P059,2026-09-09,4,0,price,texture,1
R19194,H00401,B14,,2026-09-10,3,0,,jar size,0
R19195,H00657,B16,,2026-09-10,4,1,versatility,,0
R19196,H00733,B16,,2026-09-10,4,1,flavour depth,,1
R19197,H00878,B14,,2026-09-10,4,0,versatility,,1
R19198,H01070,B13,,2026-09-10,4,1,jar size,price,1
R19199,H01176,B16,,2026-09-10,3,0,,heat,0
R19200,H01234,B01,,2026-09-10,5,1,price,,1
R19201,H01384,B04,,2026-09-10,4,1,price,,1
R19202,H01444,B11,,2026-09-10,5,1,texture,,0
R19203,H01508,B15,,2026-09-10,5,1,jar size,,1
R19204,H01911,B03,,2026-09-10,5,1,price,,1
R19205,H02228,B01,,2026-09-10,3,1,price,,0
R19206,H02254,B08,,2026-09-10,2,0,,portion size,0
R19207,H02272,B12,,2026-09-10,1,0,,packaging,0
R19208,H02788,B07,,2026-09-10,3,0,saltiness,,0
R19209,H02847,B17,,2026-09-10,4,1,energy boost,,1
R19210,H02863,B17,,2026-09-10,4,0,price,,1
R19211,H03082,B17,,2026-09-10,5,1,taste,,1
R19212,H03132,B15,,2026-09-10,3,0,,price,0
R19213,H03485,B01,,2026-09-10,3,1,,aftertaste,1
R19214,H03562,B03,,2026-09-10,3,0,can design,,0
R19215,H03651,B04,,2026-09-10,4,1,can design,,1
R19216,H03692,B14,,2026-09-10,5,1,price,,1
R19217,H03834,B08,,2026-09-10,5,1,crunch,,1
R19218,H03849,B14,,2026-09-10,3,0,,heat,0
R19219,H03982,B03,,2026-09-10,3,0,,can design,1
R19220,H04000,B17,,2026-09-10,5,0,ingredients,,1
R19221,H04213,B19,,2026-09-10,4,0,price,,1
R19222,H04238,B16,,2026-09-10,5,1,heat,,1
R19223,H04297,B14,,2026-09-10,3,0,jar size,,0
R19224,H04308,B18,,2026-09-10,5,1,ingredients,,1
R19225,H04552,B04,,2026-09-10,5,1,sweetness,,1
R19226,H04759,B17,,2026-09-10,3,1,energy boost,,0
R19227,H04899,B05,P059,2026-09-10,5,1,price,,1
R19228,H04906,B05,P059,2026-09-10,3,1,seasoning,,1
R19229,H04908,B09,,2026-09-10,2,0,,ingredients,1
R19230,H04915,B01,P059,2026-09-10,5,1,aftertaste,,0
R19231,H04917,B13,P059,2026-09-10,4,0,versatility,,0
R19232,H04929,B17,P059,2026-09-10,3,0,,ingredients,1
R19233,H04930,B17,P059,2026-09-10,3,0,price,,0
R19234,H00124,B13,,2026-09-11,3,1,heat,,1
R19235,H00158,B06,,2026-09-11,5,1,saltiness,,1
R19236,H00337,B09,,2026-09-11,4,1,ingredients,sweetness,0
R19237,H00343,B16,,2026-09-11,5,1,jar size,,1
R19238,H00412,B19,,2026-09-11,5,1,energy boost,,1
R19239,H00534,B15,,2026-09-11,3,1,heat,,1
R19240,H00652,B16,,2026-09-11,4,0,heat,flavour depth,1
R19241,H00653,B11,,2026-09-11,3,0,,price,0
R19242,H00759,B14,,2026-09-11,4,1,heat,,1
R19243,H00895,B20,,2026-09-11,4,1,energy boost,,1
R19244,H00917,B19,,2026-09-11,4,1,ingredients,,1
R19245,H01466,B13,,2026-09-11,5,1,jar size,,1
R19246,H01565,B20,,2026-09-11,3,0,texture,,0
R19247,H01642,B08,,2026-09-11,4,1,saltiness,,1
R19248,H01732,B04,,2026-09-11,3,1,fizz,,1
R19249,H01736,B12,,2026-09-11,3,0,,taste,0
R19250,H02290,B12,,2026-09-11,5,1,taste,,0
R19251,H02343,B12,,2026-09-11,5,1,ingredients,,1
R19252,H02405,B07,,2026-09-11,4,1,seasoning,,1
R19253,H02490,B02,,2026-09-11,5,0,price,,1
R19254,H02630,B12,,2026-09-11,3,0,,taste,0
R19255,H02817,B11,,2026-09-11,5,1,sweetness,,1
R19256,H03189,B19,,2026-09-11,2,0,energy boost,ingredients,0
R19257,H03207,B18,,2026-09-11,4,1,texture,,1
R19258,H03253,B03,,2026-09-11,3,0,can design,,0
R19259,H03399,B14,,2026-09-11,2,0,,heat,0
R19260,H03633,B11,,2026-09-11,4,1,ingredients,,1
R19261,H03638,B03,,2026-09-11,4,1,aftertaste,can design,1
R19262,H03824,B15,,2026-09-11,5,1,price,,1
R19263,H03830,B17,,2026-09-11,5,1,portability,,1
R19264,H03978,B01,,2026-09-11,3,0,,price,0
R19265,H04074,B14,,2026-09-11,5,1,heat,,1
R19266,H04431,B16,,2026-09-11,5,1,price,,1
R19267,H04510,B14,,2026-09-11,5,1,jar size,,1
R19268,H04613,B16,,2026-09-11,4,1,heat,,0
R19269,H04898,B17,P059,2026-09-11,5,1,ingredients,,1
R19270,H04902,B17,P059,2026-09-11,4,1,price,portability,1
R19271,H04910,B01,P059,2026-09-11,4,0,can design,sweetness,1
R19272,H04918,B11,P059,2026-09-11,5,1,ingredients,,0
R19273,H04919,B17,P059,2026-09-11,4,1,portability,,1
R19274,H04921,B05,P059,2026-09-11,2,0,price,saltiness,1
R19275,H04926,B18,,2026-09-11,5,1,energy boost,,1
R19276,H04937,B11,P059,2026-09-11,4,1,sweetness,,0
R19277,H00136,B20,,2026-09-12,4,1,price,,0
R19278,H00158,B15,,2026-09-12,4,1,price,,0
R19279,H00293,B07,,2026-09-12,3,1,,crunch,0
R19280,H00358,B09,,2026-09-12,5,1,price,sweetness,1
R19281,H00374,B11,,2026-09-12,5,1,taste,,1
R19282,H00461,B19,,2026-09-12,3,0,texture,,0
R19283,H00473,B16,,2026-09-12,4,0,texture,,0
R19284,H00595,B01,,2026-09-12,4,1,can design,,0
R19285,H00629,B02,,2026-09-12,3,1,fizz,,1
R19286,H00646,B18,,2026-09-12,3,1,ingredients,,0
R19287,H00680,B12,,2026-09-12,3,1,texture,,0
R19288,H01277,B18,,2026-09-12,4,1,energy boost,,0
R19289,H01313,B14,,2026-09-12,4,1,heat,,1
R19290,H01406,B01,,2026-09-12,3,1,can design,,1
R19291,H01461,B15,,2026-09-12,4,1,texture,versatility,1
R19292,H01789,B16,,2026-09-12,4,0,flavour depth,heat,1
R19293,H02001,B15,,2026-09-12,3,1,,heat,0
R19294,H02169,B20,,2026-09-12,4,1,price,,1
R19295,H02357,B03,,2026-09-12,5,1,taste,,1
R19296,H02416,B01,,2026-09-12,5,1,price,,1
R19297,H02509,B19,,2026-09-12,4,1,portability,,1
R19298,H02675,B07,,2026-09-12,5,1,price,,1
R19299,H02788,B08,,2026-09-12,4,0,packaging,seasoning,1
R19300,H03079,B06,,2026-09-12,5,1,crunch,,1
R19301,H03256,B09,,2026-09-12,5,0,sweetness,,1
R19302,H03426,B09,,2026-09-12,4,0,sweetness,ingredients,1
R19303,H04011,B12,,2026-09-12,2,0,,texture,0
R19304,H04207,B01,,2026-09-12,4,1,fizz,,1
R19305,H04325,B05,,2026-09-12,3,0,,portion size,1
R19306,H04502,B11,,2026-09-12,4,1,ingredients,,1
R19307,H04536,B06,,2026-09-12,4,1,saltiness,,0
R19308,H04755,B14,,2026-09-12,4,1,heat,texture,1
R19309,H04897,B01,P059,2026-09-12,4,1,can design,,1
R19310,H04907,B13,P059,2026-09-12,5,1,price,,0
R19311,H04911,B11,P059,2026-09-12,4,1,ingredients,,0
R19312,H04913,B11,P059,2026-09-12,3,0,,price,1
R19313,H04916,B11,P059,2026-09-12,4,0,packaging,ingredients,0
R19314,H04917,B11,P059,2026-09-12,5,1,price,,0
R19315,H04928,B05,P059,2026-09-12,3,0,packaging,,1
R19316,H04939,B02,,2026-09-12,5,1,sweetness,,1
R19317,H04953,B11,P060,2026-09-12,5,1,texture,sweetness,0
R19318,H04956,B11,P060,2026-09-12,5,1,texture,,0
R19319,H04960,B01,P060,2026-09-12,4,1,price,,0
R19320,H00147,B07,,2026-09-13,4,1,packaging,,1
R19321,H00184,B09,,2026-09-13,2,0,,texture,0
R19322,H00240,B11,,2026-09-13,4,1,packaging,,1
R19323,H00400,B03,,2026-09-13,3,0,,sweetness,1
R19324,H00655,B10,,2026-09-13,3,0,,ingredients,0
R19325,H00813,B02,,2026-09-13,4,1,aftertaste,,0
R19326,H01221,B12,,2026-09-13,5,1,sweetness,,1
R19327,H01266,B07,,2026-09-13,4,1,packaging,,1
R19328,H01281,B10,,2026-09-13,3,1,,ingredients,1
R19329,H01312,B10,,2026-09-13,4,0,taste,,1
R19330,H01508,B11,,2026-09-13,5,1,texture,,0
R19331,H01815,B07,,2026-09-13,5,1,portion size,,1
R19332,H01841,B15,,2026-09-13,4,1,flavour depth,,0
R19333,H02013,B02,,2026-09-13,2,1,,price,0
R19334,H02338,B04,,2026-09-13,1,0,,taste,0
R19335,H02677,B15,,2026-09-13,5,1,flavour depth,,1
R19336,H02685,B12,,2026-09-13,4,1,ingredients,,1
R19337,H02879,B20,,2026-09-13,4,1,energy boost,,1
R19338,H03248,B06,,2026-09-13,3,0,portion size,,0
R19339,H03431,B04,,2026-09-13,4,1,taste,,1
R19340,H03446,B18,,2026-09-13,5,1,texture,,1
R19341,H03609,B19,,2026-09-13,4,1,texture,,1
R19342,H03633,B06,,2026-09-13,5,1,packaging,price,1
R19343,H03844,B06,,2026-09-13,4,1,saltiness,,1
R19344,H03953,B06,,2026-09-13,5,1,portion size,,0
R19345,H04063,B12,,2026-09-13,2,0,,packaging,0
R19346,H04264,B05,,2026-09-13,3,1,portion size,,1
R19347,H04308,B14,,2026-09-13,3,1,flavour depth,,0
R19348,H04373,B02,,2026-09-13,5,1,can design,,1
R19349,H04557,B13,,2026-09-13,5,1,jar size,,1
R19350,H04620,B14,,2026-09-13,2,0,,heat,0
R19351,H04896,B03,,2026-09-13,5,1,taste,,1
R19352,H04901,B05,P059,2026-09-13,3,0,,price,1
R19353,H04903,B05,P059,2026-09-13,2,0,price,crunch,1
R19354,H04909,B05,P059,2026-09-13,3,0,,portion size,1
R19355,H04915,B05,P059,2026-09-13,3,0,crunch,,0
R19356,H04927,B01,P059,2026-09-13,3,1,,sweetness,1
R19357,H04930,B05,P059,2026-09-13,4,1,saltiness,,1
R19358,H04938,B13,P059,2026-09-13,4,1,flavour depth,,0
R19359,H04953,B17,P060,2026-09-13,3,0,texture,,1
R19360,H04958,B14,P060,2026-09-13,4,1,price,,0
R19361,H04959,B15,P060,2026-09-13,5,1,jar size,,0
R19362,H00002,B18,,2026-09-14,3,1,taste,,0
R19363,H00036,B03,,2026-09-14,4,0,fizz,,1
R19364,H00322,B03,,2026-09-14,4,1,refreshing,,1
R19365,H00544,B04,,2026-09-14,4,1,taste,,1
R19366,H00546,B05,,2026-09-14,4,1,price,,1
R19367,H00599,B06,,2026-09-14,4,1,crunch,,1
R19368,H00760,B18,,2026-09-14,4,1,texture,,0
R19369,H01089,B01,,2026-09-14,4,1,can design,,1
R19370,H01357,B01,,2026-09-14,4,1,aftertaste,,1
R19371,H01565,B14,,2026-09-14,5,1,texture,,1
R19372,H01766,B08,,2026-09-14,3,0,seasoning,,0
R19373,H02214,B13,,2026-09-14,4,1,price,jar size,0
R19374,H02399,B12,,2026-09-14,3,1,,ingredients,0
R19375,H02583,B13,,2026-09-14,3,1,heat,,1
R19376,H02604,B16,,2026-09-14,3,1,price,,1
R19377,H02626,B17,,2026-09-14,2,0,,taste,1
R19378,H03108,B02,,2026-09-14,3,0,,price,0
R19379,H03598,B12,,2026-09-14,4,1,price,,1
R19380,H03705,B12,,2026-09-14,2,0,,taste,0
R19381,H03761,B10,,2026-09-14,4,1,price,packaging,0
R19382,H03880,B01,,2026-09-14,4,1,price,,1
R19383,H03913,B15,,2026-09-14,3,1,,price,1
R19384,H04117,B02,,2026-09-14,2,0,,can design,0
R19385,H04173,B12,,2026-09-14,3,1,,packaging,0
R19386,H04384,B17,,2026-09-14,3,0,,price,1
R19387,H04641,B20,,2026-09-14,4,1,price,,1
R19388,H04790,B13,,2026-09-14,4,0,texture,,1
R19389,H04892,B15,,2026-09-14,5,1,heat,,0
R19390,H04897,B11,P059,2026-09-14,3,0,texture,,0
R19391,H04902,B13,P059,2026-09-14,2,0,,heat,0
R19392,H04947,B17,P060,2026-09-14,3,0,,price,0
R19393,H04948,B01,P060,2026-09-14,3,0,,fizz,0
R19394,H04956,B15,P060,2026-09-14,3,0,flavour depth,,0
R19395,H04957,B17,P060,2026-09-14,4,0,energy boost,taste,1
R19396,H00010,B01,,2026-09-15,4,1,taste,,1
R19397,H00111,B03,,2026-09-15,2,0,,aftertaste,0
R19398,H00165,B14,,2026-09-15,2,0,texture,jar size,0
R19399,H00326,B01,,2026-09-15,5,1,sweetness,refreshing,1
R19400,H00403,B09,,2026-09-15,5,1,taste,,1
R19401,H00480,B07,,2026-09-15,4,0,price,,0
R19402,H00540,B05,,2026-09-15,4,0,seasoning,,0
R19403,H00581,B17,,2026-09-15,4,0,texture,,1
R19404,H00594,B02,,2026-09-15,3,0,can design,,0
R19405,H00697,B05,,2026-09-15,5,1,price,,1
R19406,H00880,B03,,2026-09-15,4,1,price,refreshing,1
R19407,H01009,B14,,2026-09-15,5,1,jar size,,1
R19408,H01207,B07,,2026-09-15,1,0,,seasoning,1
R19409,H01343,B03,,2026-09-15,5,1,refreshing,,1
R19410,H01680,B09,,2026-09-15,4,1,sweetness,,0
R19411,H01712,B02,,2026-09-15,4,1,aftertaste,,1
R19412,H02037,B18,,2026-09-15,1,0,taste,price,0
R19413,H02091,B18,,2026-09-15,5,1,texture,,1
R19414,H02197,B04,,2026-09-15,4,1,fizz,,1
R19415,H02333,B07,,2026-09-15,4,0,crunch,price,1
R19416,H02705,B07,,2026-09-15,5,1,seasoning,portion size,1
R19417,H03106,B04,,2026-09-15,3,0,,fizz,1
R19418,H03194,B13,,2026-09-15,2,0,,heat,0
R19419,H03242,B09,,2026-09-15,3,0,packaging,,0
R19420,H03361,B20,,2026-09-15,4,1,texture,,1
R19421,H03383,B14,,2026-09-15,4,1,texture,,1
R19422,H03476,B11,,2026-09-15,5,1,packaging,price,1
R19423,H03631,B03,,2026-09-15,4,1,sweetness,,1
R19424,H03976,B15,,2026-09-15,3,0,versatility,,1
R19425,H04044,B08,,2026-09-15,5,1,seasoning,,1
R19426,H04091,B19,,2026-09-15,3,0,portability,,0
R19427,H04152,B18,,2026-09-15,4,1,texture,,1
R19428,H04277,B06,,2026-09-15,3,1,seasoning,,1
R19429,H04432,B11,,2026-09-15,4,1,ingredients,,0
R19430,H04513,B01,,2026-09-15,4,1,sweetness,,1
R19431,H04571,B17,,2026-09-15,3,0,,energy boost,1
R19432,H04573,B01,,2026-09-15,4,1,can design,,0
R19433,H04589,B19,,2026-09-15,2,0,,texture,0
R19434,H04654,B11,,2026-09-15,5,1,texture,,1
R19435,H04706,B03,,2026-09-15,3,1,,sweetness,1
R19436,H04706,B16,,2026-09-15,3,1,flavour depth,,1
R19437,H04714,B16,,2026-09-15,4,0,jar size,versatility,1
R19438,H04719,B14,,2026-09-15,2,0,,texture,0
R19439,H04733,B05,,2026-09-15,3,0,,saltiness,1
R19440,H04814,B12,,2026-09-15,2,0,,texture,0
R19441,H04903,B13,P059,2026-09-15,3,1,,versatility,0
R19442,H04914,B13,P059,2026-09-15,4,0,price,,0
R19443,H04914,B17,P059,2026-09-15,4,0,texture,ingredients,0
R19444,H04922,B13,P059,2026-09-15,2,0,,texture,0
R19445,H04924,B19,,2026-09-15,4,1,price,,1
R19446,H04933,B18,,2026-09-15,5,1,price,,1
R19447,H04934,B11,P059,2026-09-15,4,0,price,,0
R19448,H04947,B14,P060,2026-09-15,4,1,texture,,0
R19449,H04947,B15,P060,2026-09-15,3,0,heat,,1
R19450,H04951,B15,P060,2026-09-15,5,1,jar size,heat,1
R19451,H04956,B17,P060,2026-09-15,3,1,,ingredients,1
R19452,H04958,B15,P060,2026-09-15,4,1,flavour depth,versatility,1
R19453,H00251,B18,,2026-09-16,2,0,,ingredients,0
R19454,H00812,B07,,2026-09-16,4,1,portion size,seasoning,1
R19455,H00848,B05,,2026-09-16,3,1,,saltiness,1
R19456,H00945,B14,,2026-09-16,3,1,texture,,1
R19457,H01070,B04,,2026-09-16,3,0,fizz,,1
R19458,H01247,B02,,2026-09-16,4,1,sweetness,,0
R19459,H01350,B13,,2026-09-16,3,0,heat,,1
R19460,H01568,B15,,2026-09-16,4,1,flavour depth,,1
R19461,H01669,B20,,2026-09-16,3,1,energy boost,,1
R19462,H01872,B17,,2026-09-16,5,1,texture,,1
R19463,H02203,B13,,2026-09-16,2,0,texture,versatility,0
R19464,H02239,B05,,2026-09-16,3,0,portion size,,1
R19465,H02274,B14,,2026-09-16,4,1,versatility,,0
R19466,H02343,B18,,2026-09-16,2,0,,energy boost,0
R19467,H02499,B20,,2026-09-16,3,0,texture,,0
R19468,H02599,B09,,2026-09-16,3,0,,ingredients,1
R19469,H02760,B16,,2026-09-16,4,1,flavour depth,,1
R19470,H02790,B04,,2026-09-16,5,1,fizz,aftertaste,1
R19471,H02807,B06,,2026-09-16,4,0,price,,1
R19472,H02936,B18,,2026-09-16,5,1,energy boost,,1
R19473,H03039,B04,,2026-09-16,5,1,fizz,can design,0
R19474,H03279,B02,,2026-09-16,4,0,price,fizz,1
R19475,H03507,B15,,2026-09-16,1,0,,texture,0
R19476,H03747,B09,,2026-09-16,2,0,,texture,0
R19477,H03762,B02,,2026-09-16,5,1,price,,1
R19478,H03781,B17,,2026-09-16,4,0,price,,1
R19479,H03980,B11,,2026-09-16,3,0,,packaging,1
R19480,H03982,B15,,2026-09-16,2,0,,jar size,0
R19481,H03982,B09,,2026-09-16,5,1,sweetness,,0
R19482,H04361,B18,,2026-09-16,4,1,texture,,1
R19483,H04378,B19,,2026-09-16,4,1,texture,,1
R19484,H04487,B17,,2026-09-16,4,1,texture,price,1
R19485,H04697,B07,,2026-09-16,4,0,price,,1
R19486,H04785,B18,,2026-09-16,4,1,price,,0
R19487,H04833,B17,,2026-09-16,4,1,texture,ingredients,1
R19488,H04843,B05,,2026-09-16,4,1,saltiness,,1
R19489,H04872,B13,,2026-09-16,3,0,texture,,0
R19490,H04947,B01,P060,2026-09-16,5,1,fizz,,0
R19491,H04947,B11,P060,2026-09-16,4,0,taste,,1
R19492,H04949,B14,P060,2026-09-16,3,1,,versatility,1
R19493,H04959,B14,P060,2026-09-16,3,1,versatility,,0
R19494,H04960,B11,P060,2026-09-16,4,0,sweetness,,1
R19495,H04970,B03,,2026-09-16,5,1,aftertaste,,1
R19496,H00356,B16,,2026-09-17,3,0,heat,,1
R19497,H00572,B07,,2026-09-17,4,1,packaging,,1
R19498,H00602,B04,,2026-09-17,4,1,aftertaste,,1
R19499,H00680,B19,,2026-09-17,2,0,,texture,0
R19500,H01063,B01,,2026-09-17,5,1,sweetness,price,1
R19501,H01247,B11,,2026-09-17,4,1,sweetness,,1
R19502,H01621,B11,,2026-09-17,5,1,taste,,1
R19503,H01708,B16,,2026-09-17,4,1,jar size,,0
R19504,H01793,B17,,2026-09-17,4,1,texture,portability,1
R19505,H01833,B06,,2026-09-17,3,0,,price,1
R19506,H01897,B02,,2026-09-17,2,0,,sweetness,0
R19507,H02554,B14,,2026-09-17,4,0,heat,flavour depth,1
R19508,H02605,B04,,2026-09-17,3,1,price,,1
R19509,H02612,B03,,2026-09-17,4,1,fizz,taste,1
R19510,H02647,B07,,2026-09-17,4,1,price,portion size,1
R19511,H02651,B01,,2026-09-17,5,1,price,,1
R19512,H02832,B06,,2026-09-17,2,0,,portion size,1
R19513,H02906,B08,,2026-09-17,5,1,portion size,,1
R19514,H02939,B16,,2026-09-17,4,0,price,jar size,1
R19515,H03009,B17,,2026-09-17,4,1,taste,energy boost,1
R19516,H03126,B17,,2026-09-17,4,1,price,,1
R19517,H03179,B02,,2026-09-17,4,0,price,,1
R19518,H03206,B03,,2026-09-17,3,0,can design,,1
R19519,H03256,B10,,2026-09-17,3,0,taste,,0
R19520,H03464,B13,,2026-09-17,4,1,flavour depth,,1
R19521,H03866,B08,,2026-09-17,4,0,price,seasoning,1
R19522,H03963,B20,,2026-09-17,5,1,energy boost,,0
R19523,H03970,B17,,2026-09-17,4,0,price,,1
R19524,H03972,B01,,2026-09-17,3,0,price,,1
R19525,H04217,B12,,2026-09-17,4,1,taste,,1
R19526,H04692,B16,,2026-09-17,4,0,price,,1
R19527,H04710,B10,,2026-09-17,5,1,packaging,,1
R19528,H04758,B18,,2026-09-17,5,1,taste,portability,1
R19529,H04839,B09,,2026-09-17,4,0,texture,,1
R19530,H04949,B15,P060,2026-09-17,3,1,,heat,1
R19531,H04952,B14,P060,2026-09-17,5,1,heat,,0
R19532,H04957,B14,P060,2026-09-17,4,0,versatility,,0
R19533,H04960,B14,P060,2026-09-17,4,0,heat,,0
R19534,H00073,B10,,2026-09-18,4,0,texture,,1
R19535,H00101,B20,,2026-09-18,2,0,,texture,0
R19536,H00103,B18,,2026-09-18,3,1,,price,0
R19537,H00130,B04,,2026-09-18,2,0,sweetness,fizz,0
R19538,H00181,B05,,2026-09-18,4,1,packaging,,1
R19539,H00355,B05,,2026-09-18,4,1,seasoning,,0
R19540,H00555,B06,,2026-09-18,5,1,portion size,,1
R19541,H00775,B04,,2026-09-18,5,1,fizz,,1
R19542,H00820,B11,,2026-09-18,4,1,texture,,0
R19543,H01188,B14,,2026-09-18,5,1,heat,,1
R19544,H01241,B11,,2026-09-18,2,0,price,taste,0
R19545,H01457,B07,,2026-09-18,5,1,price,,1
R19546,H01516,B20,,2026-09-18,2,0,,price,0
R19547,H01537,B14,,2026-09-18,5,1,price,,1
R19548,H01666,B04,,2026-09-18,4,1,aftertaste,can design,0
R19549,H01696,B04,,2026-09-18,4,1,fizz,can design,1
R19550,H01781,B03,,2026-09-18,4,1,aftertaste,,1
R19551,H02372,B07,,2026-09-18,3,0,crunch,,0
R19552,H02524,B08,,2026-09-18,4,1,crunch,,1
R19553,H02809,B13,,2026-09-18,5,1,texture,jar size,1
R19554,H02828,B06,,2026-09-18,5,1,crunch,,1
R19555,H02841,B20,,2026-09-18,4,1,taste,,1
R19556,H03316,B04,,2026-09-18,5,1,price,sweetness,0
R19557,H03330,B01,,2026-09-18,5,1,aftertaste,fizz,1
R19558,H03709,B10,,2026-09-18,5,1,sweetness,,1
R19559,H03739,B20,,2026-09-18,3,0,texture,,0
R19560,H03939,B04,,2026-09-18,5,0,price,,1
R19561,H04125,B14,,2026-09-18,4,1,heat,texture,1
R19562,H04311,B09,,2026-09-18,2,0,,sweetness,0
R19563,H04588,B03,,2026-09-18,4,1,fizz,,1
R19564,H04614,B02,,2026-09-18,5,1,taste,,1
R19565,H04644,B19,,2026-09-18,3,1,,energy boost,0
R19566,H04683,B04,,2026-09-18,5,1,sweetness,,1
R19567,H04700,B20,,2026-09-18,4,0,texture,,0
R19568,H04730,B16,,2026-09-18,4,1,heat,,1
R19569,H04783,B19,,2026-09-18,3,0,,texture,0
R19570,H04948,B17,P060,2026-09-18,4,1,portability,,1
R19571,H04952,B17,P060,2026-09-18,4,0,energy boost,,1
R19572,H04958,B01,P060,2026-09-18,5,1,refreshing,,0
R19573,H00059,B17,,2026-09-19,5,1,taste,,1
R19574,H00066,B06,,2026-09-19,5,1,packaging,,1
R19575,H00203,B05,,2026-09-19,2,0,,crunch,1
R19576,H00285,B20,,2026-09-19,3,1,,energy boost,0
R19577,H00363,B03,,2026-09-19,5,1,can design,,1
R19578,H00529,B09,,2026-09-19,4,1,packaging,,1
R19579,H00596,B01,,2026-09-19,3,0,,aftertaste,1
R19580,H00632,B17,,2026-09-19,2,0,,taste,0
R19581,H00704,B17,,2026-09-19,3,1,,portability,0
R19582,H00828,B15,,2026-09-19,3,1,,flavour depth,0
R19583,H01000,B10,,2026-09-19,4,0,packaging,,1
R19584,H01404,B19,,2026-09-19,4,0,taste,,1
R19585,H01596,B14,,2026-09-19,3,1,,jar size,0
R19586,H01700,B19,,2026-09-19,2,0,price,taste,0
R19587,H01707,B06,,2026-09-19,3,0,packaging,,0
R19588,H01877,B11,,2026-09-19,4,1,ingredients,,0
R19589,H01934,B19,,2026-09-19,5,1,taste,ingredients,1
R19590,H02178,B17,,2026-09-19,4,0,price,ingredients,1
R19591,H02199,B10,,2026-09-19,4,1,taste,,1
R19592,H02212,B10,,2026-09-19,5,1,sweetness,,1
R19593,H02343,B02,,2026-09-19,2,0,,can design,0
R19594,H02539,B09,,2026-09-19,1,0,,texture,0
R19595,H02656,B14,,2026-09-19,2,0,flavour depth,versatility,0
R19596,H02868,B08,,2026-09-19,3,0,seasoning,,0
R19597,H02877,B11,,2026-09-19,4,1,taste,,1
R19598,H02881,B02,,2026-09-19,4,0,price,,1
R19599,H02933,B06,,2026-09-19,5,1,price,,1
R19600,H02954,B08,,2026-09-19,5,1,packaging,,0
R19601,H02956,B01,,2026-09-19,5,1,can design,,0
R19602,H02974,B11,,2026-09-19,4,1,taste,,0
R19603,H03086,B05,,2026-09-19,4,1,saltiness,,1
R19604,H03290,B05,,2026-09-19,4,1,portion size,,0
R19605,H03302,B02,,2026-09-19,5,1,sweetness,aftertaste,1
R19606,H03334,B02,,2026-09-19,4,1,can design,,1
R19607,H03346,B13,,2026-09-19,5,1,heat,,1
R19608,H03353,B11,,2026-09-19,3,1,sweetness,,0
R19609,H03703,B20,,2026-09-19,3,1,,portability,0
R19610,H03710,B19,,2026-09-19,4,1,taste,,1
R19611,H03854,B15,,2026-09-19,4,1,heat,,0
R19612,H04337,B09,,2026-09-19,4,1,packaging,,0
R19613,H04455,B14,,2026-09-19,4,1,heat,,1
R19614,H04466,B16,,2026-09-19,4,1,versatility,,0
R19615,H04563,B13,,2026-09-19,5,1,jar size,,1
R19616,H04721,B12,,2026-09-19,4,1,price,,0
R19617,H04772,B08,,2026-09-19,3,1,packaging,,0
R19618,H04789,B01,,2026-09-19,5,1,sweetness,,1
R19619,H04802,B10,,2026-09-19,5,1,sweetness,,1
R19620,H04882,B19,,2026-09-19,2,0,texture,energy boost,0
R19621,H04959,B01,P060,2026-09-19,5,1,taste,,1
R19622,H04966,B12,,2026-09-19,5,1,price,,1
R19623,H00020,B04,,2026-09-20,3,0,,aftertaste,0
R19624,H00033,B13,,2026-09-20,4,1,price,texture,1
R19625,H00067,B16,,2026-09-20,5,1,flavour depth,,1
R19626,H00069,B15,,2026-09-20,2,0,jar size,heat,0
R19627,H00075,B03,,2026-09-20,4,1,taste,,1
R19628,H00555,B18,,2026-09-20,4,1,taste,,0
R19629,H00608,B03,,2026-09-20,5,1,fizz,,1
R19630,H01117,B07,,2026-09-20,3,0,crunch,,1
R19631,H01165,B16,,2026-09-20,5,1,jar size,,0
R19632,H01171,B18,,2026-09-20,4,1,energy boost,,0
R19633,H01719,B13,,2026-09-20,4,1,texture,,1
R19634,H01817,B10,,2026-09-20,5,1,price,,1
R19635,H01880,B12,,2026-09-20,4,1,ingredients,,1
R19636,H01925,B15,,2026-09-20,5,1,texture,,1
R19637,H02057,B04,,2026-09-20,2,0,,refreshing,0
R19638,H02193,B15,,2026-09-20,3,1,jar size,,1
R19639,H02234,B08,,2026-09-20,3,1,,saltiness,0
R19640,H02356,B06,,2026-09-20,4,1,price,crunch,1
R19641,H02382,B14,,2026-09-20,5,1,jar size,,1
R19642,H02436,B13,,2026-09-20,5,0,jar size,,1
R19643,H02652,B13,,2026-09-20,5,1,flavour depth,,1
R19644,H03036,B08,,2026-09-20,5,1,saltiness,,1
R19645,H03212,B05,,2026-09-20,4,1,seasoning,,0
R19646,H03373,B20,,2026-09-20,5,1,price,,0
R19647,H03479,B16,,2026-09-20,4,1,heat,jar size,1
R19648,H03717,B08,,2026-09-20,4,1,packaging,,1
R19649,H03780,B02,,2026-09-20,4,1,refreshing,,1
R19650,H03786,B13,,2026-09-20,3,0,versatility,,0
R19651,H04059,B19,,2026-09-20,3,0,portability,,0
R19652,H04180,B10,,2026-09-20,4,1,price,,0
R19653,H04523,B20,,2026-09-20,3,0,taste,,0
R19654,H04601,B04,,2026-09-20,5,1,aftertaste,,1
R19655,H04852,B07,,2026-09-20,5,1,price,portion size,1
R19656,H04882,B15,,2026-09-20,5,1,heat,texture,1
R19657,H04911,B03,,2026-09-20,5,1,can design,,1
R19658,H00181,B02,,2026-09-21,4,1,price,,0
R19659,H00477,B01,,2026-09-21,5,1,taste,,1
R19660,H00497,B13,,2026-09-21,3,0,price,,0
R19661,H00504,B12,,2026-09-21,4,0,ingredients,,1
R19662,H00545,B11,,2026-09-21,4,1,packaging,,0
R19663,H01125,B07,,2026-09-21,2,0,,price,0
R19664,H01265,B06,,2026-09-21,4,1,price,,0
R19665,H01592,B03,,2026-09-21,4,1,can design,fizz,1
R19666,H01715,B17,,2026-09-21,5,1,portability,,0
R19667,H02163,B15,,2026-09-21,3,0,,flavour depth,1
R19668,H02196,B03,,2026-09-21,5,1,sweetness,refreshing,1
R19669,H02379,B18,,2026-09-21,5,1,taste,,0
R19670,H02398,B03,,2026-09-21,4,0,aftertaste,,1
R19671,H02791,B14,,2026-09-21,3,0,heat,,0
R19672,H02947,B12,,2026-09-21,1,0,,texture,0
R19673,H03006,B08,,2026-09-21,3,0,,saltiness,1
R19674,H03104,B18,,2026-09-21,4,1,texture,,1
R19675,H03116,B20,,2026-09-21,3,0,,price,0
R19676,H03122,B09,,2026-09-21,3,0,price,,1
R19677,H03188,B20,,2026-09-21,2,0,,taste,1
R19678,H03282,B14,,2026-09-21,4,1,versatility,texture,0
R19679,H03354,B14,,2026-09-21,3,0,,jar size,0
R19680,H03440,B10,,2026-09-21,4,1,price,,0
R19681,H03455,B04,,2026-09-21,5,1,price,,1
R19682,H03530,B04,,2026-09-21,4,1,fizz,,1
R19683,H03700,B07,,2026-09-21,4,1,portion size,,1
R19684,H03882,B14,,2026-09-21,3,0,,heat,0
R19685,H03960,B20,,2026-09-21,4,1,texture,,0
R19686,H03961,B08,,2026-09-21,5,1,price,crunch,1
R19687,H03983,B10,,2026-09-21,5,1,texture,packaging,1
R19688,H04022,B07,,2026-09-21,4,1,crunch,saltiness,1
R19689,H04104,B18,,2026-09-21,5,1,ingredients,,1
R19690,H04140,B12,,2026-09-21,3,0,,texture,0
R19691,H04222,B20,,2026-09-21,3,0,,price,0
R19692,H04444,B02,,2026-09-21,5,1,fizz,,1
R19693,H04693,B06,,2026-09-21,5,1,seasoning,crunch,1
R19694,H04767,B18,,2026-09-21,5,1,price,,1
R19695,H04913,B01,,2026-09-21,5,1,refreshing,,1
R19696,H00315,B04,,2026-09-22,5,1,aftertaste,,1
R19697,H00465,B11,,2026-09-22,4,0,taste,,1
R19698,H00487,B17,,2026-09-22,4,0,taste,,1
R19699,H00490,B12,,2026-09-22,4,0,texture,,0
R19700,H00535,B15,,2026-09-22,3,1,heat,,0
R19701,H00603,B08,,2026-09-22,5,1,price,,1
R19702,H00678,B08,,2026-09-22,4,0,price,,1
R19703,H00757,B10,,2026-09-22,5,1,taste,,1
R19704,H00828,B04,,2026-09-22,5,1,refreshing,,1
R19705,H00913,B08,,2026-09-22,3,0,seasoning,,0
R19706,H01113,B08,,2026-09-22,4,0,seasoning,saltiness,1
R19707,H01176,B19,,2026-09-22,5,1,ingredients,,1
R19708,H01355,B20,,2026-09-22,4,1,portability,ingredients,1
R19709,H01673,B16,,2026-09-22,3,0,flavour depth,,0
R19710,H01733,B17,,2026-09-22,4,1,energy boost,,1
R19711,H01790,B08,,2026-09-22,4,1,crunch,,0
R19712,H01913,B01,,2026-09-22,5,1,price,,1
R19713,H02142,B08,,2026-09-22,5,1,saltiness,crunch,1
R19714,H02193,B17,,2026-09-22,3,0,texture,,0
R19715,H02201,B17,,2026-09-22,3,0,,portability,1
R19716,H02253,B19,,2026-09-22,4,1,texture,,1
R19717,H02323,B13,,2026-09-22,4,0,price,,1
R19718,H02568,B07,,2026-09-22,3,1,portion size,,1
R19719,H02576,B09,,2026-09-22,2,0,sweetness,ingredients,0
R19720,H02591,B02,,2026-09-22,4,1,taste,,1
R19721,H02677,B19,,2026-09-22,4,1,price,,0
R19722,H02799,B01,,2026-09-22,4,0,fizz,price,1
R19723,H02846,B07,,2026-09-22,4,1,portion size,,0
R19724,H02933,B17,,2026-09-22,4,1,texture,,1
R19725,H03323,B12,,2026-09-22,5,1,ingredients,,1
R19726,H03349,B05,,2026-09-22,4,0,seasoning,,1
R19727,H03450,B09,,2026-09-22,5,1,sweetness,,1
R19728,H03668,B16,,2026-09-22,1,0,,flavour depth,0
R19729,H03888,B05,,2026-09-22,3,0,,seasoning,1
R19730,H03897,B13,,2026-09-22,5,1,heat,,1
R19731,H03950,B13,,2026-09-22,3,1,versatility,,1
R19732,H04161,B07,,2026-09-22,5,1,saltiness,,1
R19733,H04173,B07,,2026-09-22,4,1,seasoning,,1
R19734,H04385,B03,,2026-09-22,4,1,sweetness,,1
R19735,H04390,B15,,2026-09-22,5,1,texture,,1
R19736,H04765,B13,,2026-09-22,3,0,jar size,,0
R19737,H04792,B07,,2026-09-22,4,0,saltiness,,1
R19738,H04882,B17,,2026-09-22,4,1,ingredients,taste,0
R19739,H04887,B08,,2026-09-22,3,0,crunch,,0
R19740,H00001,B04,,2026-09-23,5,1,can design,aftertaste,1
R19741,H00069,B18,,2026-09-23,3,0,energy boost,,0
R19742,H00522,B20,,2026-09-23,4,1,texture,,1
R19743,H00578,B10,,2026-09-23,4,1,packaging,ingredients,1
R19744,H01769,B03,,2026-09-23,5,1,can design,,1
R19745,H02057,B10,,2026-09-23,5,1,taste,,1
R19746,H02073,B12,,2026-09-23,1,0,packaging,texture,0
R19747,H02108,B07,,2026-09-23,5,0,portion size,,1
R19748,H02174,B19,,2026-09-23,4,1,texture,,0
R19749,H02361,B11,,2026-09-23,4,1,ingredients,,1
R19750,H02445,B13,,2026-09-23,3,0,flavour depth,,0
R19751,H02498,B16,,2026-09-23,5,1,heat,texture,1
R19752,H02650,B16,,2026-09-23,5,0,versatility,,1
R19753,H02662,B12,,2026-09-23,3,0,,packaging,1
R19754,H03057,B12,,2026-09-23,3,1,,packaging,0
R19755,H03233,B05,,2026-09-23,3,0,packaging,,1
R19756,H03314,B14,,2026-09-23,3,0,versatility,,0
R19757,H03331,B05,,2026-09-23,3,0,,packaging,1
R19758,H03386,B11,,2026-09-23,3,0,price,,1
R19759,H03722,B16,,2026-09-23,5,1,heat,,1
R19760,H03827,B07,,2026-09-23,5,1,packaging,,1
R19761,H04087,B11,,2026-09-23,3,1,price,,0
R19762,H04142,B01,,2026-09-23,4,0,taste,refreshing,1
R19763,H04324,B10,,2026-09-23,3,0,taste,,0
R19764,H04412,B15,,2026-09-23,5,1,heat,,1
R19765,H04436,B18,,2026-09-23,4,1,texture,,1
R19766,H04438,B16,,2026-09-23,4,1,heat,,1
R19767,H04464,B02,,2026-09-23,4,1,fizz,,0
R19768,H04580,B02,,2026-09-23,5,1,fizz,,1
R19769,H04617,B15,,2026-09-23,4,1,heat,,1
R19770,H04932,B17,,2026-09-23,5,1,texture,,1
R19771,H04981,B02,,2026-09-23,4,0,fizz,,1
R19772,H00292,B05,,2026-09-24,4,1,packaging,,1
R19773,H00536,B07,,2026-09-24,5,1,seasoning,packaging,1
R19774,H00593,B16,,2026-09-24,4,1,texture,,0
R19775,H00647,B18,,2026-09-24,4,1,taste,,1
R19776,H00649,B11,,2026-09-24,4,1,price,,1
R19777,H00709,B11,,2026-09-24,4,1,price,,0
R19778,H01037,B06,,2026-09-24,4,1,price,saltiness,0
R19779,H01256,B11,,2026-09-24,4,1,price,,0
R19780,H01469,B11,,2026-09-24,5,1,packaging,,0
R19781,H01652,B01,,2026-09-24,5,1,aftertaste,,1
R19782,H01774,B17,,2026-09-24,3,0,texture,,1
R19783,H02184,B20,,2026-09-24,5,1,portability,,1
R19784,H02259,B19,,2026-09-24,4,0,energy boost,,1
R19785,H02270,B16,,2026-09-24,4,0,flavour depth,,0
R19786,H02318,B01,,2026-09-24,4,0,can design,,0
R19787,H02324,B05,,2026-09-24,4,1,portion size,,1
R19788,H02662,B14,,2026-09-24,3,1,,price,0
R19789,H03451,B17,,2026-09-24,4,1,ingredients,,1
R19790,H03605,B02,,2026-09-24,5,1,price,,0
R19791,H03827,B18,,2026-09-24,4,1,ingredients,,0
R19792,H03849,B18,,2026-09-24,5,1,price,taste,1
R19793,H03887,B18,,2026-09-24,5,1,taste,,1
R19794,H04029,B07,,2026-09-24,3,1,,crunch,0
R19795,H04174,B10,,2026-09-24,4,0,price,,0
R19796,H04241,B04,,2026-09-24,2,0,,aftertaste,0
R19797,H04352,B04,,2026-09-24,3,0,price,,0
R19798,H04435,B14,,2026-09-24,2,0,,jar size,0
R19799,H04959,B06,,2026-09-24,5,0,packaging,,1
R19800,H00066,B17,,2026-09-25,5,1,texture,,1
R19801,H00172,B05,,2026-09-25,4,0,saltiness,crunch,1
R19802,H00222,B07,,2026-09-25,4,1,price,saltiness,1
R19803,H00247,B09,,2026-09-25,4,1,taste,,1
R19804,H00291,B01,,2026-09-25,4,1,fizz,,0
R19805,H00292,B03,,2026-09-25,3,0,,price,1
R19806,H00363,B05,,2026-09-25,5,1,packaging,saltiness,1
R19807,H00470,B05,,2026-09-25,3,0,packaging,,1
R19808,H00505,B04,,2026-09-25,5,1,taste,,1
R19809,H00582,B09,,2026-09-25,3,1,,price,1
R19810,H00986,B04,,2026-09-25,5,1,sweetness,,1
R19811,H01482,B05,,2026-09-25,4,0,price,,1
R19812,H01714,B13,,2026-09-25,3,0,,price,0
R19813,H01727,B08,,2026-09-25,5,1,saltiness,,1
R19814,H01759,B19,,2026-09-25,3,0,,taste,1
R19815,H01874,B02,,2026-09-25,4,1,refreshing,aftertaste,1
R19816,H02028,B13,,2026-09-25,4,1,jar size,,1
R19817,H02073,B14,,2026-09-25,5,1,versatility,,0
R19818,H02251,B12,,2026-09-25,3,0,packaging,,0
R19819,H02347,B12,,2026-09-25,4,1,sweetness,taste,1
R19820,H02515,B01,,2026-09-25,5,1,fizz,aftertaste,0
R19821,H02758,B01,,2026-09-25,4,0,aftertaste,,1
R19822,H02878,B19,,2026-09-25,3,0,,price,0
R19823,H03017,B16,,2026-09-25,3,0,,texture,1
R19824,H03264,B03,,2026-09-25,4,1,can design,price,0
R19825,H03355,B02,,2026-09-25,5,1,taste,,1
R19826,H03993,B10,,2026-09-25,4,1,taste,texture,1
R19827,H04043,B11,,2026-09-25,5,1,packaging,,1
R19828,H04070,B19,,2026-09-25,4,0,energy boost,,0
R19829,H04142,B04,,2026-09-25,2,0,,refreshing,0
R19830,H04172,B09,,2026-09-25,3,0,,ingredients,0
R19831,H04244,B07,,2026-09-25,4,1,packaging,seasoning,1
R19832,H04463,B12,,2026-09-25,3,1,ingredients,,0
R19833,H04695,B02,,2026-09-25,4,1,aftertaste,,1
R19834,H04972,B04,,2026-09-25,2,0,,sweetness,0
R19835,H00029,B03,,2026-09-26,2,0,aftertaste,can design,0
R19836,H00103,B02,,2026-09-26,4,1,fizz,,1
R19837,H00161,B04,,2026-09-26,4,0,fizz,refreshing,1
R19838,H00185,B04,,2026-09-26,1,0,price,aftertaste,0
R19839,H00242,B16,,2026-09-26,3,0,,heat,0
R19840,H00406,B19,,2026-09-26,3,0,portability,,0
R19841,H00565,B16,,2026-09-26,5,1,texture,,1
R19842,H01045,B01,,2026-09-26,5,1,price,can design,1
R19843,H02153,B10,,2026-09-26,5,1,sweetness,,1
R19844,H02611,B11,,2026-09-26,5,1,packaging,,1
R19845,H02833,B06,,2026-09-26,5,1,seasoning,,1
R19846,H02834,B14,,2026-09-26,2,0,,flavour depth,0
R19847,H03051,B04,,2026-09-26,2,0,,price,1
R19848,H03121,B05,,2026-09-26,4,1,seasoning,,1
R19849,H03448,B06,,2026-09-26,4,1,seasoning,,1
R19850,H03491,B15,,2026-09-26,3,1,,versatility,0
R19851,H03494,B10,,2026-09-26,3,1,,texture,0
R19852,H03556,B17,,2026-09-26,5,1,price,taste,1
R19853,H03634,B18,,2026-09-26,5,1,energy boost,ingredients,1
R19854,H03878,B04,,2026-09-26,5,1,price,taste,0
R19855,H04066,B16,,2026-09-26,4,1,versatility,,1
R19856,H04165,B10,,2026-09-26,3,1,,packaging,0
R19857,H04214,B18,,2026-09-26,5,1,texture,,1
R19858,H04267,B08,,2026-09-26,5,1,seasoning,,1
R19859,H04385,B05,,2026-09-26,5,1,seasoning,price,1
R19860,H04539,B15,,2026-09-26,3,0,,heat,0
R19861,H04544,B08,,2026-09-26,4,1,packaging,,1
R19862,H04705,B03,,2026-09-26,3,1,fizz,,0
R19863,H04707,B11,,2026-09-26,2,0,price,packaging,0
R19864,H04712,B04,,2026-09-26,3,0,,fizz,0
R19865,H04755,B01,,2026-09-26,5,1,aftertaste,,1
R19866,H00090,B01,,2026-09-27,4,0,refreshing,,1
R19867,H00236,B01,,2026-09-27,4,1,fizz,can design,1
R19868,H00282,B03,,2026-09-27,2,0,sweetness,taste,0
R19869,H00442,B02,,2026-09-27,3,0,can design,,0
R19870,H01183,B17,,2026-09-27,4,1,energy boost,,1
R19871,H01217,B05,,2026-09-27,4,1,portion size,seasoning,0
R19872,H01420,B13,,2026-09-27,3,0,price,,1
R19873,H01457,B14,,2026-09-27,5,1,texture,,1
R19874,H01512,B13,,2026-09-27,5,1,heat,,1
R19875,H01671,B02,,2026-09-27,3,0,can design,,0
R19876,H01802,B09,,2026-09-27,3,0,,price,0
R19877,H01883,B01,,2026-09-27,5,1,can design,sweetness,1
R19878,H01928,B12,,2026-09-27,4,0,ingredients,,0
R19879,H02136,B15,,2026-09-27,3,0,texture,,0
R19880,H02323,B09,,2026-09-27,4,1,price,,1
R19881,H02434,B14,,2026-09-27,3,0,heat,,0
R19882,H02442,B03,,2026-09-27,4,1,fizz,,0
R19883,H02456,B07,,2026-09-27,3,0,,portion size,0
R19884,H02643,B17,,2026-09-27,4,1,taste,,1
R19885,H02872,B05,,2026-09-27,5,1,crunch,,1
R19886,H03023,B11,,2026-09-27,5,1,taste,,1
R19887,H03046,B06,,2026-09-27,3,0,,saltiness,1
R19888,H03052,B02,,2026-09-27,5,1,fizz,price,1
R19889,H03121,B13,,2026-09-27,4,0,flavour depth,,1
R19890,H03243,B11,,2026-09-27,5,1,ingredients,,1
R19891,H03357,B14,,2026-09-27,3,0,,heat,0
R19892,H03456,B06,,2026-09-27,4,1,saltiness,packaging,1
R19893,H03486,B02,,2026-09-27,4,1,price,,1
R19894,H03820,B19,,2026-09-27,4,1,taste,,1
R19895,H03916,B03,,2026-09-27,3,0,,sweetness,0
R19896,H04012,B20,,2026-09-27,4,0,taste,,0
R19897,H04044,B04,,2026-09-27,4,1,taste,,0
R19898,H04057,B20,,2026-09-27,5,1,price,,1
R19899,H04211,B16,,2026-09-27,3,1,,jar size,0
R19900,H04310,B08,,2026-09-27,4,0,portion size,,1
R19901,H04460,B04,,2026-09-27,5,1,sweetness,,1
R19902,H04670,B01,,2026-09-27,3,0,,taste,0
R19903,H04681,B20,,2026-09-27,2,0,,price,1
R19904,H04778,B03,,2026-09-27,3,1,,fizz,0
R19905,H04783,B09,,2026-09-27,5,1,sweetness,texture,0
R19906,H04912,B04,,2026-09-27,5,1,aftertaste,,1
R19907,H04990,B18,,2026-09-27,4,1,energy boost,,0
R19908,H00203,B10,,2026-09-28,4,1,packaging,,1
R19909,H00396,B15,,2026-09-28,4,1,texture,,1
R19910,H01007,B16,,2026-09-28,3,1,,versatility,0
R19911,H01626,B11,,2026-09-28,3,0,,price,0
R19912,H01764,B13,,2026-09-28,5,1,heat,,1
R19913,H01870,B02,,2026-09-28,4,0,refreshing,,1
R19914,H01912,B10,,2026-09-28,4,0,texture,,1
R19915,H02041,B13,,2026-09-28,4,1,versatility,,1
R19916,H02191,B13,,2026-09-28,3,1,jar size,,0
R19917,H02540,B19,,2026-09-28,5,1,price,,1
R19918,H03153,B13,,2026-09-28,4,0,jar size,,1
R19919,H03197,B11,,2026-09-28,4,1,price,,0
R19920,H03272,B05,,2026-09-28,2,0,,saltiness,0
R19921,H03313,B01,,2026-09-28,5,1,fizz,,1
R19922,H03402,B11,,2026-09-28,5,1,packaging,price,1
R19923,H03709,B07,,2026-09-28,5,1,saltiness,seasoning,0
R19924,H03810,B03,,2026-09-28,5,1,refreshing,,1
R19925,H03833,B03,,2026-09-28,5,1,taste,price,1
R19926,H04000,B15,,2026-09-28,4,0,versatility,,0
R19927,H04185,B01,,2026-09-28,4,1,taste,,0
R19928,H04302,B10,,2026-09-28,5,1,packaging,taste,1
R19929,H04387,B18,,2026-09-28,5,1,taste,,1
R19930,H04568,B12,,2026-09-28,3,0,sweetness,,0
R19931,H04685,B03,,2026-09-28,4,1,taste,,1
R19932,H04876,B10,,2026-09-28,3,0,ingredients,,0
R19933,H04879,B02,,2026-09-28,4,1,price,,1
R19934,H04996,B20,,2026-09-28,3,1,taste,,0
R19935,H00507,B14,,2026-09-29,3,0,,price,0
R19936,H00598,B03,,2026-09-29,3,1,,sweetness,0
R19937,H00847,B14,,2026-09-29,3,0,,versatility,0
R19938,H00952,B03,,2026-09-29,4,1,refreshing,,1
R19939,H01026,B15,,2026-09-29,2,0,texture,versatility,0
R19940,H01126,B17,,2026-09-29,3,1,,ingredients,0
R19941,H01169,B16,,2026-09-29,4,1,flavour depth,,0
R19942,H01229,B19,,2026-09-29,4,1,energy boost,,1
R19943,H01295,B02,,2026-09-29,4,1,fizz,,1
R19944,H01607,B16,,2026-09-29,4,1,versatility,,0
R19945,H02068,B05,,2026-09-29,3,1,seasoning,,1
R19946,H02385,B14,,2026-09-29,4,1,price,flavour depth,0
R19947,H02517,B04,,2026-09-29,3,0,,aftertaste,0
R19948,H02617,B15,,2026-09-29,1,0,,versatility,0
R19949,H02680,B11,,2026-09-29,5,1,taste,,1
R19950,H02684,B05,,2026-09-29,3,1,portion size,,0
R19951,H02720,B07,,2026-09-29,3,0,,packaging,0
R19952,H02899,B05,,2026-09-29,4,1,seasoning,,1
R19953,H03022,B06,,2026-09-29,4,1,price,,1
R19954,H03051,B17,,2026-09-29,5,0,taste,,1
R19955,H03231,B16,,2026-09-29,4,1,heat,,1
R19956,H03330,B10,,2026-09-29,4,1,ingredients,,0
R19957,H03602,B05,,2026-09-29,3,1,,portion size,1
R19958,H03732,B07,,2026-09-29,5,1,price,,1
R19959,H04008,B10,,2026-09-29,5,1,sweetness,,1
R19960,H04070,B03,,2026-09-29,4,0,fizz,,0
R19961,H04087,B01,,2026-09-29,4,0,taste,,1
R19962,H04129,B18,,2026-09-29,3,1,,energy boost,0
R19963,H04341,B19,,2026-09-29,4,1,energy boost,,1
R19964,H04511,B20,,2026-09-29,3,0,energy boost,,0
R19965,H04542,B11,,2026-09-29,3,0,sweetness,,0
R19966,H04672,B14,,2026-09-29,4,1,versatility,,0
R19967,H04866,B15,,2026-09-29,3,0,,texture,0
R19968,H04871,B16,,2026-09-29,5,1,heat,,1
R19969,H00016,B03,,2026-09-30,5,1,price,,1
R19970,H00136,B07,,2026-09-30,4,1,portion size,crunch,1
R19971,H00377,B04,,2026-09-30,2,0,fizz,aftertaste,0
R19972,H00420,B02,,2026-09-30,5,1,taste,,1
R19973,H00433,B15,,2026-09-30,4,1,heat,,0
R19974,H00450,B18,,2026-09-30,4,0,energy boost,,1
R19975,H01074,B06,,2026-09-30,5,1,portion size,seasoning,1
R19976,H01151,B13,,2026-09-30,2,0,,flavour depth,0
R19977,H01485,B13,,2026-09-30,3,0,,versatility,1
R19978,H01784,B19,,2026-09-30,5,1,price,,1
R19979,H01791,B07,,2026-09-30,4,1,saltiness,,1
R19980,H01837,B12,,2026-09-30,3,1,,packaging,0
R19981,H02094,B15,,2026-09-30,2,1,heat,texture,0
R19982,H02460,B04,,2026-09-30,3,0,,sweetness,0
R19983,H02477,B15,,2026-09-30,2,0,,jar size,0
R19984,H02582,B04,,2026-09-30,5,0,price,,1
R19985,H02732,B01,,2026-09-30,5,1,refreshing,price,1
R19986,H02898,B20,,2026-09-30,4,0,portability,,1
R19987,H03001,B17,,2026-09-30,5,1,portability,ingredients,1
R19988,H03261,B08,,2026-09-30,5,1,crunch,,1
R19989,H03538,B07,,2026-09-30,4,0,saltiness,,1
R19990,H04201,B04,,2026-09-30,3,0,refreshing,,1
R19991,H04201,B05,,2026-09-30,5,1,price,saltiness,1
R19992,H04296,B15,,2026-09-30,3,1,,heat,0
R19993,H04370,B14,,2026-09-30,2,0,,versatility,0
R19994,H04485,B13,,2026-09-30,5,1,jar size,texture,0
R19995,H04702,B09,,2026-09-30,4,0,texture,,1
R19996,H04721,B08,,2026-09-30,3,0,portion size,,0
R19997,H04870,B17,,2026-09-30,5,1,price,taste,1
R19998,H04909,B15,,2026-09-30,2,0,,price,0
R19999,H04981,B09,,2026-09-30,3,1,price,,1
R20000,H04993,B03,,2026-09-30,4,1,fizz,sweetness,1
