user_id,age,age_band,borough,segment,secondary_segment,students_score,young_professionals_score,fitness_score,families_score,foodies_score,health_consciousness,novelty_seeking,social_influence,price_sensitivity,convenience_orientation,sustainability_orientation,drink_affinity,savoury_affinity,sweet_affinity,condiment_affinity,functional_affinity,dietary_needs,signup_source,signup_date
H00001,26,25-34,Greenwich,young_professionals,fitness,0.204,0.831,0.326,0.276,0.245,0.564,0.719,0.669,0.557,0.864,0.639,0.892,0.418,0.532,0.628,0.612,none,organic,2024-04-02
H00002,34,25-34,Redbridge,foodies,young_professionals,0.541,0.554,0.403,0.342,0.896,0.487,0.926,0.534,0.253,0.39,0.809,0.592,0.804,0.688,1.0,0.426,none,organic,2024-04-04
H00003,50,45+,Richmond upon Thames,families,fitness,0.089,0.065,0.547,0.951,0.277,0.676,0.36,0.408,0.692,0.752,0.646,0.297,0.831,0.783,0.781,0.391,none,organic,2024-04-05
H00004,32,25-34,Bromley,young_professionals,families,0.262,0.737,0.161,0.267,0.171,0.447,0.713,0.534,0.455,0.777,0.628,0.558,0.55,0.742,0.644,0.761,dairy_free,organic,2024-04-05
H00005,18,18-24,Merton,students,young_professionals,0.923,0.415,0.196,0.219,0.254,0.352,0.658,0.997,0.825,0.702,0.361,0.978,0.679,0.808,0.439,0.462,none,organic,2024-04-05
H00006,46,45+,Richmond upon Thames,foodies,young_professionals,0.315,0.499,0.036,0.313,0.909,0.731,0.906,0.758,0.235,0.447,0.628,0.499,0.558,0.58,0.925,0.458,dairy_free,organic,2024-04-06
H00007,28,25-34,Hammersmith and Fulham,young_professionals,fitness,0.059,0.884,0.501,0.36,0.424,0.509,0.666,0.656,0.497,0.829,0.558,1.0,0.589,0.838,0.551,0.659,none,organic,2024-04-07
H00008,43,35-44,Croydon,foodies,students,0.398,0.359,0.356,0.352,0.803,0.501,1.0,0.583,0.355,0.299,0.93,0.651,0.784,0.698,0.744,0.187,none,organic,2024-04-07
H00009,26,25-34,Croydon,young_professionals,foodies,0.433,0.909,0.337,0.266,0.585,0.724,0.731,0.774,0.473,0.681,0.674,0.833,0.535,0.854,0.49,0.563,none,organic,2024-04-07
H00010,22,18-24,Enfield,students,fitness,0.882,0.517,0.738,0.351,0.347,0.773,0.788,0.892,1.0,0.602,0.635,0.758,0.577,0.736,0.141,0.347,none,organic,2024-04-08
H00011,33,25-34,Waltham Forest,families,foodies,0.313,0.141,0.276,1.0,0.381,0.51,0.251,0.313,0.714,0.942,0.536,0.409,0.748,0.692,0.622,0.307,none,organic,2024-04-08
H00012,20,18-24,Lambeth,students,families,0.786,0.053,0.0,0.474,0.077,0.452,0.9,0.736,0.809,0.686,0.606,0.798,0.728,0.939,0.523,0.551,none,organic,2024-04-08
H00013,33,25-34,Newham,families,young_professionals,0.23,0.46,0.391,0.828,0.381,0.562,0.514,0.415,0.698,0.8,0.632,0.661,0.57,0.801,0.444,0.282,none,organic,2024-04-09
H00014,28,25-34,Southwark,young_professionals,fitness,0.298,0.905,0.397,0.16,0.234,0.64,0.894,0.584,0.358,0.89,0.578,0.766,0.693,0.395,0.339,0.737,none,organic,2024-04-10
H00015,36,35-44,Westminster,young_professionals,families,0.404,0.794,0.313,0.464,0.42,0.628,0.586,0.577,0.342,0.734,0.591,0.623,0.592,0.497,0.598,0.445,none,organic,2024-04-10
H00016,29,25-34,Bexley,young_professionals,foodies,0.168,0.713,0.279,0.084,0.648,0.56,0.688,0.688,0.562,0.772,0.645,0.692,0.604,0.442,0.562,0.5,none,organic,2024-04-11
H00017,28,25-34,Tower Hamlets,young_professionals,foodies,0.178,0.85,0.374,0.463,0.481,0.609,0.848,0.539,0.415,0.854,0.451,0.843,0.79,0.627,0.679,0.658,none,organic,2024-04-11
H00018,51,45+,Barnet,foodies,fitness,0.168,0.187,0.35,0.147,0.905,0.879,0.863,0.468,0.576,0.36,0.663,0.46,0.662,0.507,0.858,0.151,none,organic,2024-04-12
H00019,34,25-34,Newham,young_professionals,foodies,0.129,0.851,0.217,0.234,0.332,0.509,0.811,0.391,0.563,0.793,0.685,0.627,0.349,0.447,0.584,0.696,none,organic,2024-04-12
H00020,29,25-34,Southwark,fitness,families,0.555,0.225,0.849,0.606,0.294,0.784,0.443,0.591,0.452,0.641,0.678,0.772,0.154,0.322,0.416,0.89,vegetarian,organic,2024-04-12
H00021,35,35-44,Southwark,families,fitness,0.207,0.326,0.473,0.876,0.381,0.664,0.481,0.414,0.664,0.778,0.465,0.53,0.581,0.67,0.788,0.328,nut_allergy,organic,2024-04-12
H00022,31,25-34,Bromley,foodies,families,0.0,0.155,0.087,0.248,0.802,0.714,1.0,0.716,0.216,0.271,0.818,0.757,0.799,0.353,0.75,0.537,vegetarian|nut_allergy,organic,2024-04-12
H00023,18,18-24,Tower Hamlets,students,young_professionals,0.948,0.573,0.179,0.488,0.261,0.704,0.84,0.786,1.0,0.912,0.486,0.734,0.704,0.561,0.472,0.184,nut_allergy,organic,2024-04-13
H00024,22,18-24,Hackney,fitness,foodies,0.365,0.244,0.873,0.387,0.526,1.0,0.659,0.609,0.451,0.541,0.687,0.776,0.168,0.253,0.159,0.893,none,organic,2024-04-13
H00025,43,35-44,Brent,foodies,students,0.509,0.179,0.28,0.407,0.794,0.476,0.95,0.431,0.268,0.338,0.774,0.797,0.596,0.711,1.0,0.313,dairy_free,organic,2024-04-13
H00026,31,25-34,Islington,fitness,foodies,0.295,0.33,0.917,0.152,0.401,0.846,0.433,0.622,0.59,0.625,0.575,0.967,0.424,0.355,0.322,1.0,none,organic,2024-04-14
H00027,25,25-34,Haringey,young_professionals,students,0.768,0.975,0.289,0.345,0.428,0.694,0.621,0.584,0.385,0.949,0.548,0.484,0.66,0.498,0.472,0.651,none,organic,2024-04-14
H00028,26,25-34,Wandsworth,young_professionals,fitness,0.133,1.0,0.558,0.198,0.33,0.706,0.552,0.678,0.412,0.687,0.551,0.799,0.668,0.667,0.665,0.54,none,organic,2024-04-14
H00029,37,35-44,Ealing,foodies,families,0.416,0.157,0.13,0.491,0.953,0.773,0.818,0.697,0.196,0.5,0.596,0.659,0.687,0.523,0.949,0.311,none,organic,2024-04-14
H00030,28,25-34,Hounslow,foodies,fitness,0.288,0.329,0.439,0.411,0.816,0.547,0.861,0.653,0.309,0.326,0.631,0.601,0.505,0.506,0.853,0.401,none,organic,2024-04-15
H00031,28,25-34,Hounslow,young_professionals,foodies,0.039,0.971,0.286,0.278,0.426,0.522,0.648,0.8,0.545,0.963,0.706,0.781,0.526,0.563,0.679,0.636,none,organic,2024-04-15
H00032,28,25-34,Kensington and Chelsea,young_professionals,fitness,0.077,0.913,0.528,0.448,0.235,0.682,0.658,0.809,0.399,0.967,0.563,0.751,0.658,0.65,0.576,0.448,none,organic,2024-04-15
H00033,28,25-34,Redbridge,young_professionals,students,0.422,0.741,0.15,0.165,0.4,0.654,0.564,0.655,0.534,0.817,0.59,0.684,0.784,0.429,0.55,0.524,vegan,organic,2024-04-15
H00034,32,25-34,Redbridge,young_professionals,students,0.401,1.0,0.133,0.374,0.329,0.713,0.739,0.588,0.407,0.729,0.721,0.757,0.277,0.62,0.595,0.587,none,organic,2024-04-15
H00035,29,25-34,Barking and Dagenham,young_professionals,fitness,0.108,0.899,0.517,0.34,0.145,0.582,0.899,0.701,0.531,0.636,0.587,0.721,0.516,0.439,0.747,0.73,dairy_free,organic,2024-04-15
H00036,23,18-24,Newham,young_professionals,families,0.187,0.848,0.228,0.306,0.225,0.611,0.567,0.677,0.615,0.979,0.67,0.781,0.564,0.491,0.704,0.633,none,organic,2024-04-16
H00037,55,45+,Newham,foodies,young_professionals,0.27,0.489,0.167,0.374,0.902,0.535,0.748,0.537,0.232,0.39,0.77,0.536,0.581,0.817,1.0,0.512,none,organic,2024-04-16
H00038,21,18-24,Bexley,foodies,fitness,0.0,0.0,0.367,0.0,0.94,0.581,0.961,0.595,0.251,0.386,0.877,0.816,0.772,0.699,0.871,0.368,none,organic,2024-04-17
H00039,26,25-34,Lewisham,students,fitness,0.882,0.234,0.88,0.472,0.526,0.447,0.634,0.666,0.821,0.67,0.527,0.683,0.966,0.733,0.227,0.506,dairy_free,organic,2024-04-17
H00040,26,25-34,Westminster,young_professionals,families,0.074,0.854,0.302,0.427,0.142,0.606,0.667,0.791,0.436,0.873,0.684,0.728,0.635,0.534,0.637,0.94,none,organic,2024-04-17
H00041,24,18-24,Bromley,students,fitness,0.853,0.119,0.312,0.273,0.0,0.544,0.636,0.86,0.851,0.694,0.438,0.742,0.699,0.963,0.395,0.832,none,organic,2024-04-17
H00042,31,25-34,Tower Hamlets,young_professionals,families,0.168,0.94,0.498,0.549,0.208,0.573,0.793,0.836,0.438,0.938,0.595,0.788,0.533,0.566,0.62,0.663,none,organic,2024-04-17
H00043,40,35-44,Waltham Forest,families,young_professionals,0.262,0.391,0.161,0.977,0.056,0.656,0.188,0.377,0.467,0.796,0.638,0.57,0.512,0.774,0.338,0.413,dairy_free,organic,2024-04-17
H00044,18,18-24,Tower Hamlets,students,young_professionals,0.944,0.331,0.278,0.11,0.26,0.35,0.747,0.776,0.875,0.751,0.507,0.573,0.632,0.824,0.579,0.718,none,organic,2024-04-17
H00045,27,25-34,Bromley,young_professionals,fitness,0.25,0.783,0.3,0.208,0.0,0.541,0.651,0.58,0.534,0.58,0.6,0.749,0.659,0.525,0.733,0.64,none,organic,2024-04-18
H00046,24,18-24,Merton,young_professionals,foodies,0.081,0.854,0.019,0.391,0.667,0.641,0.633,0.662,0.498,0.991,0.609,0.677,0.632,0.606,0.488,0.562,none,organic,2024-04-18
H00047,27,25-34,Harrow,young_professionals,students,0.37,0.821,0.255,0.238,0.106,0.639,0.601,0.522,0.409,1.0,0.431,0.831,0.689,0.798,0.633,0.653,none,organic,2024-04-19
H00048,30,25-34,Tower Hamlets,young_professionals,fitness,0.085,0.747,0.479,0.228,0.324,0.722,0.68,0.578,0.458,0.943,0.53,0.778,0.576,0.291,0.554,0.662,none,organic,2024-04-19
H00049,20,18-24,Lewisham,students,fitness,0.774,0.259,0.542,0.447,0.125,0.418,0.952,0.718,0.799,0.655,0.451,0.744,0.719,0.871,0.758,0.515,none,organic,2024-04-19
H00050,29,25-34,Southwark,young_professionals,foodies,0.172,0.887,0.417,0.31,0.469,0.582,0.632,0.772,0.435,0.807,0.565,0.814,0.694,0.6,0.652,0.907,none,P001,2024-04-20
H00051,26,25-34,Hackney,young_professionals,students,0.392,0.902,0.283,0.174,0.176,0.623,0.712,0.672,0.537,0.872,0.668,0.758,0.685,0.626,0.425,0.612,none,P001,2024-04-20
H00052,29,25-34,Islington,foodies,young_professionals,0.259,0.524,0.17,0.445,0.823,0.554,0.986,0.581,0.172,0.237,0.658,0.71,0.717,0.683,0.899,0.419,none,P001,2024-04-20
H00053,31,25-34,Haringey,young_professionals,foodies,0.201,0.812,0.243,0.121,0.373,0.558,0.692,0.481,0.305,0.718,0.5,0.798,0.541,0.505,0.756,0.607,none,P001,2024-04-20
H00054,20,18-24,Havering,students,fitness,0.869,0.249,0.426,0.041,0.365,0.452,0.91,0.776,0.798,0.718,0.572,0.863,0.85,0.793,0.626,0.407,none,P001,2024-04-20
H00055,27,25-34,Islington,foodies,fitness,0.242,0.093,0.395,0.267,0.769,0.501,0.687,0.627,0.219,0.308,0.689,0.633,0.828,0.619,0.931,0.276,none,P001,2024-04-20
H00056,22,18-24,Islington,young_professionals,foodies,0.242,0.802,0.262,0.272,0.382,0.632,0.525,0.411,0.383,1.0,0.837,0.932,0.559,0.45,0.444,0.502,none,organic,2024-04-20
H00057,38,35-44,Hammersmith and Fulham,families,fitness,0.305,0.431,0.441,0.983,0.368,0.524,0.3,0.356,0.661,0.676,0.546,0.472,0.514,0.674,0.418,0.485,none,organic,2024-04-20
H00058,19,18-24,Hackney,students,fitness,0.754,0.332,0.475,0.355,0.257,0.349,0.68,0.885,1.0,0.699,0.71,0.837,0.831,0.792,0.245,0.438,none,organic,2024-04-21
H00059,28,25-34,Haringey,young_professionals,families,0.356,0.97,0.554,0.607,0.292,0.748,0.664,0.865,0.529,0.874,0.645,0.659,0.67,0.452,0.6,0.663,none,organic,2024-04-21
H00060,31,25-34,Camden,families,foodies,0.409,0.309,0.377,0.852,0.461,0.632,0.256,0.359,0.755,0.833,0.645,0.619,0.474,0.801,0.525,0.31,none,organic,2024-04-21
H00061,19,18-24,Camden,students,foodies,0.962,0.361,0.102,0.087,0.423,0.434,0.536,0.853,0.9,0.76,0.424,0.954,0.782,0.79,0.616,0.548,none,organic,2024-04-22
H00062,30,25-34,Southwark,foodies,families,0.476,0.451,0.269,0.479,0.853,0.703,1.0,0.639,0.344,0.417,0.783,0.65,0.675,0.703,1.0,0.224,none,organic,2024-04-23
H00063,27,25-34,Wandsworth,young_professionals,fitness,0.223,0.916,0.272,0.005,0.142,0.56,0.759,0.743,0.484,0.846,0.709,0.479,0.325,0.512,0.412,0.861,none,organic,2024-04-23
H00064,22,18-24,Westminster,students,foodies,0.864,0.277,0.196,0.266,0.336,0.365,0.721,0.654,0.841,0.732,0.671,0.613,0.672,0.492,0.43,0.423,none,P002,2024-04-24
H00065,27,25-34,Lambeth,young_professionals,foodies,0.168,0.747,0.036,0.08,0.619,0.634,0.873,0.551,0.425,0.928,0.643,0.705,0.634,0.385,0.571,0.618,dairy_free,P002,2024-04-24
H00066,20,18-24,Westminster,students,young_professionals,0.85,0.452,0.323,0.353,0.308,0.607,0.789,0.724,0.789,0.819,0.576,0.758,0.541,0.861,0.505,0.417,vegan,P002,2024-04-24
H00067,29,25-34,Southwark,young_professionals,foodies,0.256,0.645,0.262,0.323,0.521,0.633,0.873,0.497,0.536,0.817,0.594,0.624,0.61,0.706,0.67,0.858,none,P002,2024-04-24
H00068,31,25-34,Westminster,young_professionals,students,0.562,0.794,0.424,0.256,0.31,0.717,0.775,0.832,0.523,0.693,0.593,0.609,0.588,0.731,0.677,0.566,none,P002,2024-04-24
H00069,24,18-24,Enfield,young_professionals,fitness,0.199,0.874,0.473,0.391,0.0,0.659,0.542,0.798,0.487,0.935,0.543,0.848,0.778,0.578,0.628,0.682,none,P002,2024-04-24
H00070,21,18-24,Westminster,students,fitness,0.969,0.358,0.45,0.141,0.281,0.583,0.836,0.884,0.955,0.933,0.529,0.46,0.943,0.695,0.463,0.707,none,P002,2024-04-24
H00071,21,18-24,Greenwich,fitness,young_professionals,0.181,0.366,0.665,0.341,0.088,0.834,0.514,0.626,0.523,0.703,0.53,0.678,0.424,0.398,0.303,0.963,none,P002,2024-04-24
H00072,21,18-24,Westminster,students,fitness,0.796,0.001,0.106,0.078,0.0,0.443,0.885,0.809,0.816,0.641,0.402,0.593,0.707,0.846,0.656,0.384,none,P002,2024-04-24
H00073,18,18-24,Westminster,students,families,0.807,0.28,0.025,0.439,0.209,0.486,0.882,0.766,0.752,0.807,0.517,0.834,0.796,0.734,0.492,0.784,none,P002,2024-04-24
H00074,29,25-34,Westminster,young_professionals,families,0.324,0.875,0.173,0.35,0.296,0.571,0.894,0.761,0.354,0.885,0.559,0.716,0.672,0.624,0.559,0.778,none,P002,2024-04-24
H00075,29,25-34,Westminster,young_professionals,students,0.69,0.845,0.515,0.314,0.387,0.661,0.767,0.759,0.487,0.821,0.645,0.713,0.762,0.33,0.56,0.411,none,P002,2024-04-24
H00076,33,25-34,Hammersmith and Fulham,young_professionals,foodies,0.192,0.885,0.0,0.218,0.663,0.591,0.779,0.684,0.517,0.781,0.69,0.945,0.534,0.443,0.76,0.627,none,P002,2024-04-24
H00077,27,25-34,Westminster,young_professionals,families,0.518,0.775,0.339,0.535,0.246,0.715,0.461,0.571,0.281,0.767,0.625,0.728,0.62,0.531,0.624,0.529,vegan,P002,2024-04-24
H00078,22,18-24,Hackney,students,fitness,0.79,0.344,0.605,0.287,0.254,0.443,0.783,0.805,0.823,0.79,0.624,0.681,0.672,0.816,0.473,0.376,none,P002,2024-04-24
H00079,39,35-44,Westminster,families,foodies,0.165,0.328,0.082,0.83,0.487,0.721,0.55,0.282,0.616,0.774,0.711,0.353,0.63,0.969,0.302,0.196,none,P002,2024-04-24
H00080,23,18-24,Hounslow,students,foodies,0.8,0.034,0.377,0.213,0.491,0.504,0.647,0.824,0.758,0.745,0.469,0.546,0.836,0.779,0.376,0.724,dairy_free,P002,2024-04-24
H00081,30,25-34,Barking and Dagenham,young_professionals,foodies,0.207,0.767,0.22,0.238,0.504,0.569,0.671,0.631,0.339,0.908,0.652,0.571,0.734,0.796,0.621,0.61,none,P002,2024-04-24
H00082,23,18-24,Westminster,students,families,0.983,0.325,0.241,0.577,0.274,0.571,0.718,0.631,0.898,0.61,0.516,0.69,0.545,0.556,0.508,0.487,vegetarian|gluten_free,P002,2024-04-24
H00083,33,25-34,Lambeth,fitness,foodies,0.193,0.102,0.884,0.352,0.657,0.848,0.456,0.502,0.579,0.8,0.554,0.649,0.438,0.271,0.464,0.63,none,P002,2024-04-24
H00084,19,18-24,Westminster,students,foodies,0.83,0.155,0.163,0.27,0.467,0.506,0.728,0.865,0.899,0.77,0.446,0.699,0.725,0.604,0.262,0.632,none,P002,2024-04-24
H00085,21,18-24,Tower Hamlets,students,foodies,0.873,0.0,0.076,0.162,0.519,0.505,0.731,0.828,0.916,0.778,0.631,0.506,0.48,0.87,0.593,0.428,none,P002,2024-04-24
H00086,33,25-34,Barking and Dagenham,young_professionals,students,0.57,0.826,0.244,0.166,0.302,0.686,0.764,0.694,0.575,0.914,0.674,0.826,0.691,0.336,0.61,0.583,none,P002,2024-04-24
H00087,45,45+,Newham,foodies,students,0.504,0.338,0.503,0.302,0.763,0.78,0.989,0.601,0.325,0.354,0.73,0.52,0.682,0.51,0.8,0.461,dairy_free|nut_allergy,P002,2024-04-24
H00088,29,25-34,Sutton,young_professionals,fitness,0.449,0.763,0.454,0.306,0.173,0.476,0.668,0.672,0.43,0.792,0.625,0.69,0.575,0.587,0.552,0.679,none,P002,2024-04-24
H00089,24,18-24,Westminster,young_professionals,students,0.228,0.852,0.126,0.0,0.021,0.756,0.587,0.612,0.375,0.761,0.567,0.921,0.87,0.51,0.829,0.654,none,P002,2024-04-24
H00090,30,25-34,Tower Hamlets,young_professionals,foodies,0.355,0.821,0.428,0.194,0.445,0.634,0.742,0.456,0.517,0.752,0.456,0.743,0.66,0.467,0.7,0.489,none,P002,2024-04-24
H00091,29,25-34,Hillingdon,young_professionals,fitness,0.342,0.693,0.409,0.309,0.016,0.695,0.589,0.533,0.341,0.879,0.724,0.698,0.35,0.346,0.5,0.583,none,P002,2024-04-24
H00092,29,25-34,Westminster,young_professionals,foodies,0.253,0.727,0.199,0.171,0.372,0.806,0.677,0.522,0.457,0.742,0.525,0.798,0.717,0.475,0.718,0.789,none,P002,2024-04-24
H00093,22,18-24,Hackney,students,foodies,0.804,0.018,0.252,0.17,0.318,0.458,0.751,0.845,1.0,0.865,0.581,0.771,0.612,0.739,0.563,0.654,none,P002,2024-04-24
H00094,31,25-34,Hackney,young_professionals,students,0.48,0.881,0.247,0.35,0.0,0.529,0.837,0.602,0.674,0.85,0.641,0.944,0.666,0.43,0.587,0.646,none,P002,2024-04-24
H00095,26,25-34,Enfield,young_professionals,students,0.439,0.899,0.258,0.284,0.333,0.644,0.746,0.497,0.473,0.924,0.637,0.826,0.481,0.59,0.564,0.592,none,P002,2024-04-24
H00096,35,35-44,Westminster,young_professionals,students,0.569,0.86,0.284,0.353,0.415,0.663,0.7,0.684,0.517,0.813,0.676,0.795,0.502,0.723,0.54,0.451,none,P002,2024-04-24
H00097,18,18-24,Westminster,students,families,0.875,0.259,0.249,0.393,0.351,0.454,0.75,0.905,1.0,0.72,0.5,0.758,0.687,0.75,0.568,0.483,none,P002,2024-04-24
H00098,25,25-34,Tower Hamlets,young_professionals,students,0.446,0.807,0.315,0.186,0.171,0.611,0.945,0.512,0.597,0.865,0.641,0.764,0.703,0.532,0.774,0.595,none,P002,2024-04-24
H00099,21,18-24,Camden,students,fitness,0.761,0.368,0.517,0.288,0.27,0.731,0.691,0.944,0.924,0.685,0.593,0.707,0.763,0.701,0.282,0.365,none,P002,2024-04-24
H00100,29,25-34,Westminster,fitness,families,0.211,0.301,0.948,0.327,0.202,0.961,0.56,0.602,0.39,0.72,0.464,0.605,0.556,0.401,0.528,0.867,vegetarian,P002,2024-04-24
H00101,20,18-24,Westminster,students,fitness,0.771,0.312,0.47,0.246,0.353,0.423,0.927,0.79,0.876,0.49,0.461,0.668,0.668,0.916,0.43,0.705,vegan,P002,2024-04-24
H00102,21,18-24,Westminster,students,fitness,0.807,0.301,0.558,0.0,0.0,0.553,0.768,0.896,0.927,0.644,0.62,0.713,0.75,0.927,0.156,0.38,none,P002,2024-04-24
H00103,28,25-34,Westminster,young_professionals,foodies,0.262,0.994,0.152,0.171,0.669,0.5,0.692,0.49,0.374,0.865,0.637,0.8,0.492,0.653,0.504,0.726,vegetarian,P002,2024-04-24
H00104,18,18-24,Westminster,students,foodies,0.931,0.355,0.392,0.279,0.53,0.357,0.898,0.694,0.768,0.651,0.592,0.688,0.672,0.669,0.365,0.444,none,P002,2024-04-24
H00105,22,18-24,Westminster,students,fitness,0.74,0.227,0.272,0.193,0.0,0.579,0.791,0.878,0.81,0.752,0.623,0.631,0.817,0.818,0.384,0.415,none,P002,2024-04-24
H00106,29,25-34,Westminster,young_professionals,foodies,0.349,0.974,0.304,0.386,0.393,0.607,0.659,0.469,0.433,0.694,0.697,0.932,0.554,0.586,0.513,0.575,none,P002,2024-04-24
H00107,29,25-34,Westminster,young_professionals,students,0.561,0.814,0.45,0.315,0.419,0.659,0.854,0.795,0.413,0.887,0.538,0.753,0.578,0.744,0.644,0.624,none,P002,2024-04-24
H00108,18,18-24,Tower Hamlets,students,fitness,1.0,0.309,0.338,0.101,0.297,0.476,0.835,0.642,0.834,0.584,0.453,0.706,0.5,0.824,0.54,0.52,none,P002,2024-04-24
H00109,24,18-24,Lambeth,students,families,0.882,0.248,0.123,0.421,0.199,0.569,0.674,0.744,0.898,0.544,0.573,0.816,0.785,0.559,0.435,0.639,gluten_free,P002,2024-04-24
H00110,25,25-34,Westminster,young_professionals,families,0.431,0.903,0.362,0.579,0.37,0.547,0.597,0.881,0.483,0.777,0.692,0.737,0.62,0.617,0.445,0.692,none,P002,2024-04-24
H00111,30,25-34,Camden,foodies,fitness,0.224,0.238,0.262,0.243,0.711,0.725,0.996,0.449,0.383,0.39,0.589,0.647,0.744,0.667,0.971,0.435,none,P002,2024-04-24
H00112,22,18-24,Newham,young_professionals,foodies,0.252,0.763,0.037,0.314,0.487,0.646,0.513,0.836,0.51,0.832,0.658,0.581,0.792,0.511,0.576,0.591,none,P002,2024-04-24
H00113,23,18-24,Westminster,students,young_professionals,1.0,0.398,0.299,0.377,0.237,0.55,0.847,0.803,0.878,0.679,0.589,0.868,0.772,0.641,0.549,0.661,none,P002,2024-04-24
H00114,20,18-24,Camden,students,families,0.815,0.17,0.055,0.336,0.287,0.311,0.894,0.786,0.929,0.933,0.702,0.663,0.679,0.711,0.511,0.537,none,P002,2024-04-24
H00115,21,18-24,Harrow,students,fitness,0.792,0.314,0.568,0.354,0.444,0.314,0.607,0.623,0.911,0.813,0.549,0.429,0.727,0.73,0.702,0.375,none,P002,2024-04-24
H00116,25,25-34,Westminster,students,foodies,0.785,0.384,0.317,0.349,0.417,0.448,0.688,0.693,0.865,0.59,0.582,0.562,0.835,0.608,0.382,0.475,none,P002,2024-04-24
H00117,30,25-34,Westminster,young_professionals,foodies,0.268,0.861,0.0,0.294,0.6,0.621,0.629,0.781,0.418,0.657,0.473,0.42,0.622,0.527,0.549,0.779,none,P002,2024-04-24
H00118,21,18-24,Westminster,students,foodies,0.757,0.393,0.383,0.346,0.447,0.602,0.724,0.884,0.924,0.69,0.686,0.672,0.536,0.654,0.516,0.597,none,P002,2024-04-24
H00119,26,25-34,Westminster,young_professionals,students,0.213,0.912,0.094,0.206,0.191,0.485,0.606,0.587,0.334,0.866,0.673,0.56,0.653,0.524,0.641,0.648,none,P002,2024-04-24
H00120,29,25-34,Croydon,young_professionals,families,0.454,0.894,0.352,0.478,0.277,0.502,0.654,0.511,0.309,0.833,0.527,0.795,0.704,0.589,0.629,0.839,vegetarian,P002,2024-04-24
H00121,34,25-34,Redbridge,young_professionals,families,0.49,0.866,0.253,0.504,0.376,0.608,0.632,0.703,0.741,0.672,0.632,0.659,0.719,0.556,0.691,0.791,none,P002,2024-04-24
H00122,18,18-24,Tower Hamlets,students,fitness,0.862,0.356,0.462,0.117,0.175,0.451,0.73,0.653,0.95,0.459,0.615,0.521,0.756,0.736,0.59,0.529,none,P002,2024-04-24
H00123,34,25-34,Waltham Forest,young_professionals,students,0.38,0.709,0.265,0.065,0.358,0.78,0.819,0.58,0.472,0.85,0.628,0.666,0.639,0.358,0.616,0.704,none,P002,2024-04-24
H00124,33,25-34,Hackney,young_professionals,students,0.355,0.807,0.258,0.075,0.146,0.586,0.787,0.597,0.293,0.712,0.547,0.6,0.699,0.494,0.885,0.441,none,P002,2024-04-24
H00125,24,18-24,Westminster,young_professionals,foodies,0.226,0.814,0.0,0.336,0.585,0.664,0.689,0.549,0.463,0.792,0.547,0.823,0.489,0.676,0.432,0.57,none,P002,2024-04-24
H00126,21,18-24,Bexley,students,fitness,0.848,0.221,0.311,0.306,0.286,0.431,0.668,0.811,0.861,0.848,0.601,0.543,0.831,0.657,0.381,0.588,none,P002,2024-04-24
H00127,23,18-24,Westminster,students,foodies,0.9,0.207,0.202,0.215,0.465,0.372,0.687,0.694,0.795,0.686,0.428,0.801,0.64,1.0,0.396,0.559,none,P002,2024-04-24
H00128,41,35-44,Westminster,fitness,students,0.468,0.345,0.967,0.332,0.132,1.0,0.611,0.391,0.53,0.752,0.434,0.699,0.433,0.264,0.128,0.861,vegetarian,P002,2024-04-24
H00129,27,25-34,Camden,young_professionals,fitness,0.234,0.857,0.366,0.254,0.239,0.405,0.503,0.677,0.449,0.867,0.554,0.83,0.762,0.608,0.569,0.397,none,P002,2024-04-24
H00130,23,18-24,Croydon,students,families,0.832,0.401,0.429,0.534,0.169,0.459,0.772,0.774,1.0,0.61,0.491,0.701,0.855,0.57,0.293,0.305,none,P002,2024-04-24
H00131,31,25-34,Tower Hamlets,families,foodies,0.0,0.277,0.065,0.954,0.429,0.525,0.524,0.212,0.699,0.806,0.501,0.534,0.644,0.825,0.476,0.269,none,organic,2024-04-24
H00132,21,18-24,Islington,students,young_professionals,0.878,0.548,0.349,0.195,0.084,0.512,0.753,0.774,0.856,0.712,0.552,0.849,0.819,0.591,0.51,0.562,none,organic,2024-04-24
H00133,24,18-24,Croydon,young_professionals,families,0.255,0.823,0.166,0.349,0.317,0.662,0.64,0.53,0.52,0.797,0.651,0.591,0.679,0.551,0.697,0.442,none,organic,2024-04-24
H00134,29,25-34,Lewisham,young_professionals,students,0.512,0.901,0.134,0.435,0.325,0.627,0.749,0.68,0.295,1.0,0.609,0.94,0.551,0.49,0.576,0.601,none,organic,2024-04-25
H00135,33,25-34,Bromley,young_professionals,families,0.216,0.819,0.151,0.427,0.142,0.5,0.451,0.667,0.612,0.748,0.658,0.695,0.555,0.455,0.66,0.812,vegetarian,organic,2024-04-25
H00136,31,25-34,Newham,foodies,young_professionals,0.117,0.444,0.375,0.163,0.672,0.659,0.88,0.622,0.256,0.43,0.719,0.685,0.671,0.402,0.878,0.389,vegetarian,organic,2024-04-26
H00137,31,25-34,Westminster,fitness,foodies,0.266,0.34,0.74,0.115,0.428,0.907,0.56,0.668,0.527,0.881,0.574,0.844,0.429,0.317,0.205,0.97,dairy_free,organic,2024-04-27
H00138,26,25-34,Tower Hamlets,young_professionals,foodies,0.148,0.876,0.139,0.132,0.343,0.792,0.758,0.394,0.386,0.895,0.532,0.717,0.923,0.499,0.47,0.76,vegan,organic,2024-04-28
H00139,37,35-44,Wandsworth,foodies,students,0.452,0.45,0.096,0.068,0.765,0.729,0.768,0.678,0.269,0.33,0.615,0.603,0.576,0.752,0.834,0.539,dairy_free,organic,2024-04-28
H00140,25,25-34,Lambeth,fitness,young_professionals,0.273,0.575,0.817,0.419,0.244,0.833,0.571,0.617,0.604,0.511,0.638,0.57,0.407,0.403,0.144,0.847,dairy_free,organic,2024-04-28
H00141,33,25-34,Tower Hamlets,foodies,young_professionals,0.355,0.446,0.426,0.443,0.862,0.477,0.911,0.373,0.178,0.273,1.0,0.56,0.647,0.606,1.0,0.312,nut_allergy,organic,2024-04-28
H00142,33,25-34,Hammersmith and Fulham,young_professionals,foodies,0.279,0.79,0.325,0.175,0.559,0.702,0.49,0.635,0.42,0.846,0.677,0.927,0.674,0.457,0.628,0.719,none,organic,2024-04-28
H00143,18,18-24,Hillingdon,students,families,0.832,0.132,0.073,0.377,0.19,0.467,0.853,0.566,0.938,0.579,0.497,0.672,0.735,0.672,0.586,0.616,none,organic,2024-04-29
H00144,29,25-34,Newham,fitness,foodies,0.416,0.205,0.88,0.132,0.416,1.0,0.495,0.422,0.725,0.718,0.496,0.731,0.522,0.0,0.37,0.901,none,organic,2024-04-29
H00145,29,25-34,Barnet,foodies,students,0.399,0.153,0.305,0.342,0.822,0.604,1.0,0.47,0.436,0.314,0.78,0.734,0.76,0.559,1.0,0.354,none,organic,2024-04-30
H00146,18,18-24,Tower Hamlets,students,families,0.807,0.203,0.357,0.414,0.379,0.52,0.719,0.895,1.0,0.656,0.551,0.696,0.923,0.706,0.528,0.558,none,organic,2024-04-30
H00147,28,25-34,Hammersmith and Fulham,foodies,young_professionals,0.09,0.588,0.199,0.161,0.837,0.498,0.853,0.382,0.365,0.274,0.625,0.724,0.696,0.734,0.694,0.356,nut_allergy,organic,2024-04-30
H00148,37,35-44,Lewisham,families,students,0.326,0.211,0.125,0.901,0.274,0.796,0.258,0.481,0.628,0.535,0.563,0.443,0.784,0.742,0.652,0.321,none,organic,2024-04-30
H00149,39,35-44,Tower Hamlets,families,students,0.305,0.215,0.035,0.851,0.184,0.768,0.503,0.538,0.783,0.746,0.568,0.515,0.567,0.619,0.261,0.161,none,organic,2024-05-01
H00150,23,18-24,Redbridge,students,foodies,0.87,0.294,0.385,0.157,0.422,0.377,0.698,0.854,0.865,0.826,0.417,0.718,0.627,0.924,0.52,0.426,none,organic,2024-05-01
H00151,22,18-24,Lambeth,students,fitness,0.876,0.101,0.691,0.536,0.33,0.617,0.699,0.909,0.874,0.686,0.525,0.629,0.958,0.764,0.616,0.576,dairy_free,organic,2024-05-02
H00152,38,35-44,Camden,foodies,fitness,0.181,0.1,0.387,0.306,0.738,0.61,0.887,0.604,0.177,0.258,0.747,0.657,0.688,0.471,1.0,0.437,none,organic,2024-05-02
H00153,31,25-34,Wandsworth,young_professionals,fitness,0.249,0.787,0.332,0.261,0.235,0.551,0.678,0.608,0.484,0.821,0.578,0.567,0.621,0.41,0.512,0.793,dairy_free,organic,2024-05-02
H00154,30,25-34,Richmond upon Thames,young_professionals,students,0.582,0.9,0.44,0.269,0.297,0.699,0.801,0.731,0.288,0.79,0.578,0.766,0.528,0.384,0.474,0.559,none,organic,2024-05-03
H00155,26,25-34,Lambeth,fitness,students,0.376,0.158,0.8,0.049,0.293,1.0,0.491,0.519,0.478,0.501,0.693,0.579,0.523,0.19,0.146,0.607,nut_allergy,organic,2024-05-03
H00156,26,25-34,Hounslow,students,families,0.838,0.171,0.295,0.565,0.431,0.47,0.762,0.683,1.0,0.757,0.379,0.745,0.751,0.77,0.404,0.566,none,organic,2024-05-03
H00157,33,25-34,Newham,fitness,students,0.469,0.35,0.954,0.314,0.313,0.898,0.449,0.492,0.415,0.629,0.462,0.464,0.391,0.396,0.162,1.0,none,organic,2024-05-03
H00158,20,18-24,Westminster,students,families,0.803,0.225,0.192,0.613,0.507,0.33,0.868,0.727,0.937,0.686,0.699,0.798,0.762,0.724,0.318,0.347,none,organic,2024-05-03
H00159,23,18-24,Greenwich,students,young_professionals,0.94,0.559,0.328,0.363,0.221,0.552,0.802,0.859,0.989,0.803,0.656,0.634,1.0,0.789,0.517,0.668,none,organic,2024-05-03
H00160,42,35-44,Redbridge,foodies,fitness,0.174,0.085,0.559,0.376,0.763,0.599,0.902,0.615,0.149,0.599,0.823,0.75,0.713,0.632,1.0,0.443,none,organic,2024-05-03
H00161,35,35-44,Hammersmith and Fulham,foodies,students,0.646,0.23,0.22,0.411,0.782,0.484,0.863,0.571,0.395,0.472,0.74,0.83,0.815,0.442,1.0,0.497,none,organic,2024-05-04
H00162,31,25-34,Croydon,young_professionals,fitness,0.4,0.777,0.427,0.162,0.191,0.649,0.643,0.79,0.585,1.0,0.489,0.717,0.777,0.753,0.415,0.73,none,organic,2024-05-04
H00163,29,25-34,Lewisham,fitness,young_professionals,0.136,0.592,0.801,0.081,0.385,0.928,0.594,0.781,0.474,0.608,0.611,0.785,0.532,0.181,0.641,0.759,nut_allergy,organic,2024-05-05
H00164,26,25-34,Barnet,young_professionals,fitness,0.315,0.75,0.565,0.434,0.202,0.692,0.511,0.773,0.453,0.767,0.603,0.865,0.681,0.479,0.544,0.622,vegan,organic,2024-05-05
H00165,28,25-34,Camden,fitness,young_professionals,0.102,0.288,0.95,0.195,0.158,1.0,0.57,0.609,0.561,0.711,0.558,0.69,0.442,0.242,0.507,0.696,none,organic,2024-05-06
H00166,29,25-34,Bromley,foodies,young_professionals,0.143,0.26,0.167,0.086,0.712,0.458,0.802,0.68,0.224,0.282,0.847,0.88,0.65,0.368,0.907,0.367,none,organic,2024-05-06
H00167,21,18-24,Barnet,students,foodies,0.909,0.251,0.233,0.3,0.349,0.39,0.664,0.89,0.935,0.644,0.567,0.653,0.698,0.755,0.473,0.461,gluten_free,organic,2024-05-06
H00168,19,18-24,Lewisham,students,foodies,0.776,0.321,0.219,0.355,0.426,0.68,0.761,0.825,0.889,0.726,0.592,0.792,0.73,0.462,0.396,0.523,dairy_free,organic,2024-05-07
H00169,30,25-34,Greenwich,fitness,young_professionals,0.338,0.479,0.769,0.243,0.299,0.916,0.415,0.318,0.593,0.657,0.642,0.608,0.494,0.246,0.465,0.84,none,organic,2024-05-07
H00170,29,25-34,Camden,young_professionals,foodies,0.3,0.842,0.0,0.238,0.483,0.671,0.663,0.357,0.329,0.813,0.78,0.836,0.463,0.464,0.773,0.511,none,organic,2024-05-07
H00171,21,18-24,Merton,foodies,fitness,0.381,0.391,0.643,0.421,0.704,0.516,0.939,0.649,0.287,0.208,0.9,0.662,0.754,0.518,0.864,0.36,none,organic,2024-05-08
H00172,18,18-24,Hillingdon,students,foodies,0.717,0.06,0.266,0.189,0.389,0.392,0.892,0.636,0.738,0.692,0.565,0.722,0.821,0.581,0.657,0.538,none,organic,2024-05-08
H00173,40,35-44,Barking and Dagenham,foodies,fitness,0.359,0.09,0.398,0.137,0.932,0.624,0.987,0.544,0.238,0.231,0.644,0.431,0.788,0.817,1.0,0.205,vegan,P003,2024-05-09
H00174,40,35-44,Hackney,fitness,families,0.231,0.315,0.866,0.34,0.14,0.684,0.473,0.492,0.345,0.695,0.555,0.571,0.333,0.429,0.422,0.884,none,P003,2024-05-09
H00175,21,18-24,Wandsworth,students,foodies,0.894,0.23,0.365,0.183,0.376,0.418,0.603,0.691,1.0,0.508,0.663,0.693,0.607,0.68,0.328,0.654,none,P003,2024-05-09
H00176,22,18-24,Hackney,young_professionals,foodies,0.239,0.847,0.494,0.097,0.541,0.477,0.482,0.612,0.27,0.775,0.509,0.645,0.89,0.557,0.629,0.437,none,P003,2024-05-09
H00177,25,25-34,Islington,young_professionals,students,0.436,0.799,0.257,0.212,0.325,0.591,0.657,0.73,0.426,0.819,0.61,0.954,0.489,0.642,0.373,0.676,dairy_free,P003,2024-05-09
H00178,40,35-44,Hackney,families,students,0.326,0.216,0.305,0.827,0.182,0.705,0.373,0.497,0.709,0.789,0.58,0.489,0.536,1.0,0.446,0.27,none,P003,2024-05-09
H00179,23,18-24,Camden,young_professionals,families,0.468,0.749,0.133,0.478,0.394,0.616,0.697,0.584,0.508,0.898,0.601,0.655,0.666,0.542,0.44,0.473,dairy_free,P003,2024-05-09
H00180,18,18-24,Hackney,students,fitness,0.818,0.228,0.496,0.226,0.399,0.479,0.842,0.866,1.0,0.624,0.412,0.581,0.829,0.81,0.462,0.415,none,P003,2024-05-09
H00181,18,18-24,Hackney,students,young_professionals,0.705,0.655,0.355,0.387,0.226,0.488,0.719,0.783,0.996,0.697,0.603,0.676,0.709,0.581,0.213,0.519,none,P003,2024-05-09
H00182,22,18-24,Greenwich,students,families,0.8,0.102,0.376,0.424,0.285,0.901,0.957,0.801,1.0,0.734,0.694,0.61,0.834,0.868,0.443,0.495,none,organic,2024-05-09
H00183,23,18-24,Southwark,young_professionals,foodies,0.336,0.967,0.343,0.488,0.507,0.61,0.627,0.786,0.459,1.0,0.487,0.771,0.661,0.347,0.687,0.787,none,organic,2024-05-09
H00184,29,25-34,Harrow,fitness,foodies,0.404,0.325,0.848,0.262,0.428,0.795,0.564,0.611,0.721,0.735,0.413,0.585,0.397,0.251,0.393,0.75,vegetarian,organic,2024-05-11
H00185,29,25-34,Islington,fitness,families,0.356,0.28,0.785,0.377,0.178,1.0,0.535,0.491,0.474,0.731,0.75,0.492,0.432,0.107,0.26,0.956,none,organic,2024-05-12
H00186,28,25-34,Wandsworth,young_professionals,students,0.532,0.829,0.223,0.24,0.284,0.638,0.591,0.438,0.421,0.871,0.549,0.631,0.727,0.547,0.678,0.878,vegetarian,organic,2024-05-12
H00187,29,25-34,Hammersmith and Fulham,foodies,young_professionals,0.266,0.277,0.125,0.038,0.924,0.67,0.811,0.558,0.346,0.262,0.823,0.802,0.631,0.737,0.857,0.211,vegetarian|dairy_free,organic,2024-05-12
H00188,41,35-44,Merton,families,young_professionals,0.221,0.533,0.0,0.876,0.23,0.495,0.494,0.28,0.572,0.763,0.495,0.592,0.552,0.857,0.576,0.394,none,organic,2024-05-12
H00189,30,25-34,Southwark,foodies,fitness,0.087,0.243,0.641,0.316,0.967,0.767,0.921,0.683,0.236,0.203,0.817,0.668,0.766,0.77,0.99,0.5,vegetarian|gluten_free,organic,2024-05-13
H00190,23,18-24,Waltham Forest,young_professionals,foodies,0.298,0.787,0.218,0.302,0.361,0.511,0.784,0.879,0.479,0.806,0.456,0.691,0.694,0.536,0.594,0.637,none,organic,2024-05-13
H00191,29,25-34,Barnet,foodies,families,0.122,0.282,0.317,0.381,0.846,0.58,0.812,0.672,0.456,0.331,0.815,0.827,0.95,0.668,0.945,0.393,none,organic,2024-05-13
H00192,34,25-34,Hammersmith and Fulham,young_professionals,families,0.189,0.937,0.276,0.428,0.065,0.559,0.497,0.634,0.397,0.859,0.529,0.792,0.634,0.33,0.605,0.748,none,organic,2024-05-14
H00193,34,25-34,Camden,young_professionals,students,0.46,0.729,0.163,0.256,0.132,0.663,0.601,0.59,0.491,0.941,0.644,0.855,0.63,0.598,0.626,0.518,vegetarian,organic,2024-05-14
H00194,29,25-34,Hammersmith and Fulham,foodies,students,0.708,0.186,0.512,0.259,0.965,0.68,0.777,0.553,0.317,0.251,0.789,0.776,0.64,0.71,0.951,0.432,none,organic,2024-05-14
H00195,22,18-24,Hammersmith and Fulham,students,young_professionals,0.814,0.33,0.156,0.203,0.214,0.341,0.76,0.651,0.911,0.756,0.631,0.751,0.62,0.682,0.587,0.512,nut_allergy,organic,2024-05-15
H00196,40,35-44,Lambeth,families,young_professionals,0.15,0.463,0.432,0.871,0.425,0.562,0.431,0.489,0.657,0.918,0.533,0.555,0.933,0.688,0.586,0.169,none,organic,2024-05-15
H00197,31,25-34,Kingston upon Thames,young_professionals,students,0.574,0.923,0.501,0.206,0.198,0.641,0.534,0.592,0.479,0.965,0.574,0.832,0.742,0.568,0.576,0.736,none,organic,2024-05-15
H00198,40,35-44,Newham,families,students,0.594,0.332,0.351,0.773,0.293,0.495,0.383,0.365,0.69,0.847,0.424,0.425,0.744,0.6,0.639,0.392,none,organic,2024-05-16
H00199,38,35-44,Brent,fitness,families,0.273,0.107,0.995,0.407,0.376,0.869,0.469,0.575,0.62,0.525,0.563,0.881,0.245,0.353,0.026,0.842,none,organic,2024-05-17
H00200,23,18-24,Ealing,students,young_professionals,0.745,0.563,0.327,0.219,0.29,0.486,0.778,0.872,0.957,0.722,0.541,0.784,0.749,0.918,0.557,0.517,vegetarian|dairy_free,organic,2024-05-18
H00201,22,18-24,Tower Hamlets,students,young_professionals,0.888,0.379,0.131,0.34,0.343,0.429,0.589,0.774,0.916,0.622,0.315,0.737,0.593,0.866,0.726,0.443,none,organic,2024-05-19
H00202,40,35-44,Tower Hamlets,families,foodies,0.142,0.27,0.0,0.79,0.324,0.793,0.356,0.554,0.845,0.79,0.461,0.544,0.627,0.685,0.741,0.427,vegetarian,organic,2024-05-19
H00203,43,35-44,Greenwich,families,foodies,0.276,0.281,0.119,0.799,0.493,0.577,0.278,0.331,0.574,0.651,0.611,0.815,0.625,0.708,0.203,0.588,none,organic,2024-05-19
H00204,39,35-44,Wandsworth,families,foodies,0.218,0.008,0.352,0.85,0.357,0.565,0.151,0.495,0.761,1.0,0.561,0.469,0.654,0.854,0.574,0.323,vegan|gluten_free,organic,2024-05-19
H00205,18,18-24,Newham,students,families,0.953,0.098,0.295,0.494,0.363,0.39,0.778,0.654,0.936,0.74,0.401,0.782,0.726,0.578,0.447,0.408,vegan,organic,2024-05-19
H00206,41,35-44,Barnet,families,fitness,0.219,0.332,0.369,0.853,0.196,0.685,0.346,0.552,0.731,0.742,0.39,0.225,0.746,0.786,0.476,0.333,none,organic,2024-05-20
H00207,23,18-24,Tower Hamlets,young_professionals,students,0.476,0.762,0.342,0.273,0.472,0.543,0.63,0.499,0.509,0.887,0.654,0.695,0.613,0.466,0.628,0.648,none,organic,2024-05-20
H00208,38,35-44,Lambeth,young_professionals,families,0.297,0.842,0.259,0.511,0.361,0.284,0.478,0.679,0.324,0.883,0.712,0.718,0.648,0.475,0.635,0.651,none,organic,2024-05-20
H00209,45,45+,Kensington and Chelsea,families,young_professionals,0.188,0.421,0.351,1.0,0.263,0.916,0.369,0.391,0.607,0.549,0.582,0.37,0.686,0.427,0.37,0.358,none,organic,2024-05-20
H00210,22,18-24,Camden,young_professionals,families,0.466,0.887,0.572,0.655,0.29,0.594,0.617,0.681,0.508,0.914,0.512,0.726,0.457,0.569,0.613,0.482,vegetarian,organic,2024-05-20
H00211,26,25-34,Lewisham,young_professionals,fitness,0.203,0.846,0.472,0.162,0.189,0.76,0.594,0.665,0.369,0.885,0.569,0.749,0.631,0.388,0.562,0.402,none,organic,2024-05-21
H00212,41,35-44,Redbridge,fitness,young_professionals,0.0,0.583,0.85,0.338,0.085,0.869,0.528,0.498,0.562,0.518,0.677,0.506,0.355,0.423,0.558,0.62,none,organic,2024-05-21
H00213,28,25-34,Hillingdon,foodies,young_professionals,0.204,0.372,0.206,0.051,0.866,0.63,1.0,0.624,0.348,0.255,0.635,0.729,0.641,0.388,1.0,0.523,gluten_free,organic,2024-05-21
H00214,39,35-44,Wandsworth,families,fitness,0.458,0.241,0.477,0.768,0.078,0.527,0.515,0.254,0.779,0.871,0.352,0.362,0.749,0.758,0.568,0.347,none,organic,2024-05-21
H00215,49,45+,Hillingdon,fitness,foodies,0.276,0.444,0.756,0.0,0.457,0.898,0.441,0.317,0.575,0.764,0.63,0.522,0.349,0.327,0.227,0.971,nut_allergy,organic,2024-05-21
H00216,41,35-44,Wandsworth,foodies,young_professionals,0.43,0.479,0.337,0.181,0.872,0.649,0.874,0.726,0.445,0.158,0.728,0.784,0.755,0.47,0.903,0.582,none,organic,2024-05-21
H00217,31,25-34,Westminster,foodies,families,0.257,0.0,0.079,0.578,0.861,0.574,0.698,0.579,0.342,0.293,0.775,0.637,0.753,0.642,0.847,0.229,none,organic,2024-05-22
H00218,22,18-24,Westminster,students,foodies,0.901,0.212,0.253,0.195,0.524,0.464,0.664,0.761,0.998,0.637,0.708,0.763,0.792,0.807,0.183,0.663,none,organic,2024-05-22
H00219,31,25-34,Wandsworth,young_professionals,fitness,0.217,0.763,0.449,0.285,0.35,0.537,0.601,0.548,0.525,1.0,0.564,0.822,0.587,0.502,0.46,0.663,none,organic,2024-05-24
H00220,30,25-34,Waltham Forest,young_professionals,fitness,0.229,0.958,0.472,0.281,0.273,0.69,0.878,0.556,0.526,0.862,0.637,0.806,0.5,0.455,0.571,0.797,none,organic,2024-05-25
H00221,34,25-34,Havering,families,foodies,0.332,0.073,0.0,0.828,0.352,0.686,0.402,0.315,0.718,0.855,0.569,0.436,0.625,0.909,0.517,0.212,none,organic,2024-05-26
H00222,27,25-34,Kensington and Chelsea,young_professionals,foodies,0.248,0.75,0.196,0.088,0.4,0.588,0.708,0.672,0.387,0.852,0.655,0.775,0.573,0.664,0.368,0.727,none,organic,2024-05-26
H00223,37,35-44,Islington,families,foodies,0.352,0.378,0.277,0.714,0.405,0.605,0.362,0.433,0.738,0.692,0.507,0.749,0.433,0.658,0.352,0.318,none,organic,2024-05-29
H00224,30,25-34,Brent,foodies,families,0.338,0.247,0.251,0.448,0.919,0.76,0.814,0.402,0.322,0.192,0.648,0.897,0.567,0.44,1.0,0.49,none,organic,2024-05-29
H00225,31,25-34,Kensington and Chelsea,young_professionals,fitness,0.343,0.884,0.404,0.185,0.207,0.53,0.462,0.679,0.443,0.976,0.563,0.76,0.602,0.465,0.542,0.532,gluten_free,organic,2024-05-29
H00226,27,25-34,Greenwich,foodies,young_professionals,0.029,0.532,0.338,0.043,0.912,0.621,0.939,0.65,0.391,0.37,0.799,0.619,0.708,0.613,0.976,0.493,none,P004,2024-05-30
H00227,33,25-34,Islington,foodies,families,0.179,0.31,0.296,0.329,0.808,0.632,0.82,0.565,0.325,0.435,0.782,0.801,0.689,0.56,1.0,0.447,none,P004,2024-05-30
H00228,25,25-34,Barnet,young_professionals,students,0.44,0.782,0.319,0.29,0.41,0.668,0.626,0.598,0.356,0.98,0.663,0.823,0.8,0.888,0.395,0.561,none,P004,2024-05-30
H00229,26,25-34,Islington,young_professionals,families,0.138,0.888,0.118,0.35,0.308,0.414,0.6,0.476,0.452,0.838,0.553,0.991,0.716,0.637,0.488,0.53,vegan,P004,2024-05-30
H00230,21,18-24,Islington,students,fitness,0.807,0.273,0.302,0.268,0.178,0.404,0.794,0.861,0.857,0.779,0.648,0.855,0.963,0.646,0.452,0.551,none,P004,2024-05-30
H00231,23,18-24,Newham,young_professionals,students,0.314,0.869,0.313,0.181,0.135,0.492,0.571,0.808,0.358,0.746,0.596,0.739,0.542,0.513,0.748,0.553,none,P004,2024-05-30
H00232,31,25-34,Greenwich,young_professionals,foodies,0.207,0.767,0.188,0.292,0.475,0.633,0.725,0.758,0.505,0.612,0.522,0.767,0.627,0.607,0.695,0.723,none,P004,2024-05-30
H00233,28,25-34,Hounslow,fitness,families,0.362,0.136,0.605,0.436,0.319,0.901,0.61,0.578,0.546,0.686,0.67,0.973,0.517,0.11,0.404,1.0,none,P004,2024-05-30
H00234,41,35-44,Greenwich,foodies,young_professionals,0.439,0.686,0.187,0.224,0.811,0.794,0.901,0.729,0.326,0.433,0.778,0.814,0.707,0.66,0.994,0.365,none,P004,2024-05-30
H00235,38,35-44,Islington,young_professionals,fitness,0.259,0.659,0.489,0.471,0.302,0.51,0.545,0.676,0.447,0.801,0.608,1.0,0.75,0.676,0.701,0.828,none,P004,2024-05-30
H00236,28,25-34,Hammersmith and Fulham,young_professionals,foodies,0.422,0.91,0.274,0.196,0.525,0.381,0.715,0.682,0.571,1.0,0.757,0.63,0.608,0.608,0.904,0.828,none,P004,2024-05-30
H00237,24,18-24,Lewisham,young_professionals,families,0.143,0.844,0.239,0.459,0.417,0.639,0.875,0.645,0.573,0.949,0.611,0.763,0.476,0.507,0.902,0.868,none,organic,2024-05-30
H00238,24,18-24,Enfield,students,young_professionals,0.843,0.461,0.146,0.341,0.404,0.531,0.694,0.701,0.942,0.526,0.57,0.496,0.609,0.703,0.534,0.304,vegetarian,organic,2024-05-31
H00239,22,18-24,Merton,young_professionals,fitness,0.153,0.896,0.449,0.281,0.311,0.554,0.777,0.732,0.396,0.81,0.654,0.651,0.601,0.561,0.72,0.577,none,P005,2024-06-01
H00240,28,25-34,Merton,families,fitness,0.111,0.103,0.277,0.788,0.195,0.607,0.383,0.458,0.609,0.754,0.347,0.525,0.691,0.716,0.718,0.244,none,P005,2024-06-01
H00241,21,18-24,Haringey,students,families,0.915,0.316,0.427,0.507,0.3,0.438,0.531,0.745,1.0,0.755,0.575,0.821,0.808,0.896,0.56,0.733,none,P005,2024-06-01
H00242,31,25-34,Lambeth,foodies,young_professionals,0.21,0.556,0.332,0.421,0.803,0.778,0.879,0.42,0.489,0.418,0.743,0.605,0.83,0.535,1.0,0.465,none,P005,2024-06-01
H00243,28,25-34,Waltham Forest,young_professionals,students,0.457,0.888,0.057,0.392,0.395,0.569,0.902,0.477,0.5,0.682,0.589,0.698,0.4,0.597,0.554,0.398,none,P005,2024-06-01
H00244,35,35-44,Merton,young_professionals,foodies,0.524,0.941,0.307,0.499,0.552,0.827,0.764,0.797,0.468,0.843,0.638,0.652,0.534,0.702,0.765,0.531,none,P005,2024-06-01
H00245,35,35-44,Redbridge,foodies,families,0.369,0.449,0.312,0.512,0.9,0.518,1.0,0.629,0.109,0.454,0.696,0.819,0.689,0.625,1.0,0.292,none,P005,2024-06-01
H00246,23,18-24,Waltham Forest,students,fitness,0.701,0.05,0.424,0.21,0.241,0.382,0.682,0.954,0.921,0.645,0.534,0.862,0.926,0.652,0.445,0.561,none,P005,2024-06-01
H00247,33,25-34,Haringey,foodies,young_professionals,0.471,0.481,0.251,0.268,0.803,0.584,1.0,0.549,0.329,0.589,0.644,0.422,0.854,0.501,0.948,0.33,none,P005,2024-06-01
H00248,33,25-34,Merton,families,young_professionals,0.273,0.367,0.149,0.736,0.248,0.584,0.419,0.544,0.654,0.799,0.526,0.544,0.788,0.811,0.287,0.404,nut_allergy,P005,2024-06-01
H00249,20,18-24,Merton,students,families,0.831,0.196,0.077,0.321,0.037,0.413,0.89,0.895,0.95,0.715,0.589,0.597,0.853,0.617,0.55,0.692,none,P005,2024-06-01
H00250,37,35-44,Merton,families,students,0.36,0.0,0.345,0.907,0.292,0.666,0.454,0.291,0.718,0.879,0.377,0.522,0.53,0.706,0.391,0.33,none,P005,2024-06-01
H00251,32,25-34,Bexley,families,young_professionals,0.105,0.559,0.231,0.774,0.24,0.567,0.172,0.502,0.816,0.855,0.503,0.48,0.69,0.797,0.453,0.156,none,P005,2024-06-01
H00252,41,35-44,Merton,foodies,families,0.12,0.396,0.35,0.413,0.794,0.418,1.0,0.683,0.377,0.447,0.808,0.621,0.68,0.549,1.0,0.467,none,P005,2024-06-01
H00253,26,25-34,Havering,foodies,students,0.526,0.201,0.375,0.46,0.858,0.589,0.821,0.548,0.41,0.418,0.806,0.619,0.769,0.523,0.919,0.516,none,P005,2024-06-01
H00254,33,25-34,Merton,families,fitness,0.172,0.316,0.559,0.74,0.342,0.596,0.204,0.478,0.775,0.834,0.396,0.536,0.681,0.626,0.501,0.336,nut_allergy,P005,2024-06-01
H00255,30,25-34,Lambeth,families,students,0.674,0.163,0.447,0.889,0.151,0.633,0.46,0.458,0.773,0.684,0.445,0.432,0.526,0.844,0.617,0.331,none,P005,2024-06-01
H00256,34,25-34,Merton,young_professionals,fitness,0.337,0.823,0.536,0.291,0.319,0.491,0.574,0.701,0.603,0.856,0.657,0.529,0.569,0.421,0.373,0.664,vegetarian,P005,2024-06-01
H00257,35,35-44,Ealing,families,foodies,0.175,0.359,0.346,0.941,0.413,0.617,0.268,0.442,0.691,0.684,0.484,0.355,0.717,0.759,0.396,0.447,none,P005,2024-06-01
H00258,23,18-24,Merton,foodies,students,0.453,0.219,0.239,0.306,0.852,0.376,0.936,0.794,0.458,0.533,0.648,0.759,0.613,0.627,0.797,0.323,none,P005,2024-06-01
H00259,42,35-44,Greenwich,families,foodies,0.342,0.097,0.253,0.944,0.43,0.61,0.275,0.564,0.827,0.752,0.521,0.484,0.627,0.942,0.551,0.437,none,P005,2024-06-01
H00260,42,35-44,Brent,families,foodies,0.256,0.0,0.0,0.859,0.38,0.576,0.353,0.24,0.841,0.682,0.753,0.496,0.723,0.744,0.496,0.28,none,P005,2024-06-01
H00261,26,25-34,Havering,fitness,foodies,0.281,0.208,0.834,0.287,0.532,1.0,0.522,0.688,0.564,0.813,0.594,0.987,0.342,0.208,0.205,1.0,none,P005,2024-06-01
H00262,31,25-34,Merton,foodies,fitness,0.487,0.403,0.595,0.068,0.813,0.565,0.858,0.612,0.399,0.293,0.687,0.777,0.745,0.355,0.803,0.58,none,P005,2024-06-01
H00263,28,25-34,Merton,foodies,fitness,0.274,0.302,0.41,0.096,0.872,0.649,0.914,0.59,0.217,0.343,0.876,0.636,0.593,0.541,0.974,0.355,none,P005,2024-06-01
H00264,31,25-34,Merton,young_professionals,fitness,0.433,0.844,0.449,0.16,0.164,0.568,0.818,0.67,0.697,0.867,0.571,0.75,0.681,0.602,0.849,0.549,none,P005,2024-06-01
H00265,23,18-24,Lewisham,young_professionals,students,0.416,0.749,0.171,0.299,0.041,0.553,0.774,0.534,0.359,0.865,0.697,0.899,0.57,0.662,0.506,0.869,dairy_free,P005,2024-06-01
H00266,35,35-44,Westminster,families,students,0.602,0.389,0.148,0.934,0.417,0.569,0.374,0.522,0.862,0.828,0.579,0.59,0.52,0.732,0.401,0.2,vegetarian,P005,2024-06-01
H00267,35,35-44,Haringey,fitness,students,0.382,0.336,0.792,0.294,0.362,0.847,0.388,0.677,0.607,0.704,0.797,0.677,0.764,0.273,0.381,0.852,dairy_free,P005,2024-06-01
H00268,42,35-44,Merton,families,young_professionals,0.283,0.567,0.336,0.883,0.164,0.504,0.28,0.395,0.755,0.805,0.618,0.423,0.641,0.645,0.426,0.24,none,P005,2024-06-01
H00269,24,18-24,Merton,students,young_professionals,0.919,0.446,0.306,0.417,0.036,0.379,0.806,0.869,0.763,0.602,0.478,0.657,0.587,0.579,0.351,0.56,gluten_free,P005,2024-06-01
H00270,37,35-44,Bromley,fitness,young_professionals,0.105,0.269,0.943,0.237,0.214,0.932,0.602,0.495,0.504,0.644,0.67,0.577,0.522,0.356,0.192,1.0,none,P005,2024-06-01
H00271,43,35-44,Merton,families,students,0.514,0.313,0.051,0.803,0.338,0.505,0.305,0.551,0.592,0.837,0.502,0.565,0.732,0.839,0.609,0.212,none,P005,2024-06-01
H00272,34,25-34,Merton,families,fitness,0.339,0.339,0.373,0.742,0.173,0.747,0.313,0.434,0.635,0.914,0.462,0.46,0.613,0.619,0.54,0.543,none,P005,2024-06-01
H00273,27,25-34,Camden,families,students,0.294,0.253,0.177,0.836,0.251,0.573,0.31,0.574,0.777,0.694,0.68,0.411,0.721,0.587,0.629,0.301,vegetarian|gluten_free,P005,2024-06-01
H00274,39,35-44,Lewisham,families,young_professionals,0.226,0.383,0.213,0.845,0.366,0.748,0.659,0.452,0.748,0.82,0.449,0.447,0.539,0.828,0.479,0.367,vegan,P005,2024-06-01
H00275,37,35-44,Westminster,families,young_professionals,0.2,0.47,0.416,0.863,0.253,0.583,0.324,0.402,0.697,0.561,0.51,0.507,0.566,0.72,0.559,0.221,vegetarian,P005,2024-06-01
H00276,38,35-44,Southwark,foodies,students,0.553,0.417,0.08,0.265,0.864,0.519,0.865,0.33,0.238,0.298,0.648,0.67,0.693,0.329,0.976,0.289,none,P005,2024-06-01
H00277,32,25-34,Merton,families,fitness,0.305,0.258,0.345,0.727,0.262,0.622,0.253,0.372,0.723,0.782,0.738,0.42,0.591,0.801,0.497,0.29,gluten_free|dairy_free,P005,2024-06-01
H00278,33,25-34,Greenwich,families,foodies,0.041,0.181,0.143,0.778,0.39,0.579,0.455,0.248,0.575,0.821,0.717,0.559,0.595,0.487,0.257,0.366,none,P005,2024-06-01
H00279,38,35-44,Newham,families,young_professionals,0.317,0.442,0.32,0.841,0.301,0.703,0.538,0.479,0.539,0.89,0.516,0.513,0.446,0.813,0.422,0.362,none,P005,2024-06-01
H00280,37,35-44,Tower Hamlets,young_professionals,families,0.307,0.816,0.244,0.466,0.251,0.794,0.772,0.796,0.365,0.874,0.506,0.723,0.743,0.562,0.43,0.492,gluten_free,P005,2024-06-01
H00281,31,25-34,Merton,young_professionals,students,0.61,0.726,0.016,0.513,0.44,0.386,0.678,0.764,0.452,0.8,0.689,0.867,0.807,0.655,0.73,0.738,none,P005,2024-06-01
H00282,38,35-44,Merton,families,foodies,0.264,0.118,0.157,0.965,0.336,0.626,0.482,0.464,0.581,0.766,0.715,0.478,0.654,0.816,0.376,0.411,none,P005,2024-06-01
H00283,29,25-34,Merton,foodies,students,0.461,0.354,0.254,0.367,0.851,0.508,1.0,0.638,0.168,0.196,0.739,0.837,0.678,0.757,0.992,0.457,gluten_free,P005,2024-06-01
H00284,36,35-44,Lambeth,families,students,0.429,0.178,0.327,0.882,0.277,0.707,0.276,0.282,0.803,0.58,0.643,0.47,0.575,0.799,0.57,0.251,none,P005,2024-06-01
H00285,21,18-24,Merton,students,families,0.755,0.275,0.507,0.551,0.408,0.443,0.689,0.61,0.934,0.719,0.606,0.539,0.827,0.997,0.459,0.543,none,P005,2024-06-01
H00286,33,25-34,Hammersmith and Fulham,families,foodies,0.33,0.18,0.218,0.994,0.502,0.473,0.49,0.497,0.942,0.611,0.696,0.508,0.697,0.552,0.676,0.444,none,P005,2024-06-01
H00287,26,25-34,Harrow,young_professionals,foodies,0.213,0.794,0.022,0.429,0.479,0.705,0.694,0.852,0.455,0.757,0.723,0.826,0.737,0.693,0.522,0.635,none,P005,2024-06-01
H00288,37,35-44,Tower Hamlets,families,foodies,0.5,0.336,0.098,0.843,0.55,0.787,0.355,0.543,0.726,0.835,0.622,0.575,0.642,0.722,0.73,0.241,none,P005,2024-06-01
H00289,33,25-34,Merton,foodies,students,0.36,0.236,0.347,0.275,0.851,0.657,0.707,0.464,0.497,0.245,0.811,0.568,0.71,0.524,1.0,0.416,none,P005,2024-06-01
H00290,39,35-44,Wandsworth,families,fitness,0.118,0.364,0.694,0.843,0.408,0.633,0.244,0.277,0.695,0.661,0.476,0.406,0.663,0.722,0.479,0.422,none,P005,2024-06-01
H00291,40,35-44,Lewisham,families,students,0.4,0.278,0.312,0.912,0.171,0.744,0.441,0.39,0.839,0.773,0.613,0.534,0.63,0.662,0.584,0.691,vegetarian,P005,2024-06-01
H00292,27,25-34,Lambeth,young_professionals,families,0.227,0.789,0.199,0.229,0.062,0.69,0.627,0.78,0.422,0.787,0.582,0.841,0.623,0.49,0.576,0.497,none,P005,2024-06-01
H00293,28,25-34,Ealing,fitness,foodies,0.414,0.345,0.924,0.29,0.475,0.942,0.555,0.659,0.406,0.559,0.646,0.691,0.174,0.345,0.128,0.787,dairy_free,P005,2024-06-01
H00294,46,45+,Merton,foodies,families,0.118,0.251,0.306,0.567,0.812,0.662,0.734,0.494,0.384,0.345,0.718,0.56,0.674,0.636,1.0,0.085,none,P005,2024-06-01
H00295,39,35-44,Merton,families,young_professionals,0.285,0.361,0.34,0.83,0.221,0.806,0.32,0.496,0.823,0.744,0.529,0.461,0.569,0.853,0.528,0.378,none,P005,2024-06-01
H00296,33,25-34,Merton,families,students,0.622,0.273,0.184,0.896,0.342,0.68,0.535,0.409,0.467,0.741,0.824,0.604,0.503,0.821,0.411,0.188,none,P005,2024-06-01
H00297,32,25-34,Merton,fitness,foodies,0.019,0.128,0.753,0.239,0.359,0.942,0.666,0.582,0.556,0.652,0.497,0.641,0.255,0.147,0.398,0.765,gluten_free,P005,2024-06-01
H00298,18,18-24,Merton,students,fitness,0.79,0.227,0.511,0.349,0.485,0.328,0.609,0.566,0.794,0.763,0.39,0.536,0.965,0.674,0.489,0.627,none,P005,2024-06-01
H00299,23,18-24,Merton,young_professionals,fitness,0.265,0.767,0.667,0.061,0.143,0.376,0.676,0.618,0.385,0.872,0.64,0.789,0.612,0.418,0.68,0.652,none,P005,2024-06-01
H00300,32,25-34,Merton,young_professionals,foodies,0.087,0.878,0.187,0.142,0.413,0.607,0.848,0.662,0.42,0.766,0.67,0.898,0.644,0.707,0.364,0.643,none,P005,2024-06-01
H00301,27,25-34,Merton,fitness,students,0.658,0.29,0.789,0.304,0.0,0.952,0.454,0.526,0.42,0.551,0.496,0.626,0.276,0.112,0.376,0.928,none,P005,2024-06-01
H00302,35,35-44,Waltham Forest,foodies,families,0.347,0.262,0.412,0.416,0.83,0.644,1.0,0.509,0.328,0.247,0.72,0.567,0.772,0.519,1.0,0.371,none,P005,2024-06-01
H00303,39,35-44,Croydon,families,fitness,0.434,0.341,0.636,0.825,0.254,0.719,0.522,0.417,0.689,0.901,0.647,0.461,0.601,0.773,0.543,0.187,none,P005,2024-06-01
H00304,25,25-34,Hackney,young_professionals,families,0.203,0.813,0.275,0.329,0.116,0.598,0.631,0.633,0.459,0.835,0.597,0.577,0.534,0.532,0.58,0.582,none,P005,2024-06-01
H00305,29,25-34,Merton,young_professionals,students,0.433,0.88,0.36,0.219,0.386,0.59,0.724,0.756,0.385,0.787,0.618,0.8,0.551,0.541,0.589,0.384,none,P005,2024-06-01
H00306,28,25-34,Merton,young_professionals,students,0.276,0.812,0.118,0.176,0.0,0.563,0.803,0.648,0.368,0.678,0.556,0.841,0.923,0.557,0.508,0.508,none,P005,2024-06-01
H00307,21,18-24,Merton,foodies,young_professionals,0.383,0.423,0.365,0.267,0.864,0.728,1.0,0.603,0.356,0.406,0.686,0.716,0.603,0.527,1.0,0.517,none,P005,2024-06-01
H00308,27,25-34,Croydon,fitness,families,0.41,0.15,0.931,0.412,0.287,0.935,0.493,0.445,0.439,0.788,0.62,0.579,0.437,0.282,0.764,0.934,none,P005,2024-06-01
H00309,21,18-24,Sutton,foodies,young_professionals,0.314,0.599,0.283,0.04,0.966,0.734,1.0,0.646,0.167,0.217,0.803,0.489,0.673,0.636,0.813,0.277,none,P005,2024-06-01
H00310,40,35-44,Harrow,foodies,students,0.391,0.311,0.188,0.139,0.883,0.458,1.0,0.597,0.338,0.39,0.713,0.563,0.955,0.72,1.0,0.469,nut_allergy,P005,2024-06-01
H00311,35,35-44,Tower Hamlets,young_professionals,fitness,0.133,0.909,0.568,0.292,0.473,0.607,0.752,0.611,0.381,0.832,0.58,0.57,0.683,0.71,0.198,0.672,none,organic,2024-06-01
H00312,18,18-24,Westminster,students,foodies,0.812,0.438,0.174,0.207,0.44,0.494,0.701,0.81,0.979,0.727,0.462,0.798,0.726,0.712,0.255,0.713,dairy_free,organic,2024-06-01
H00313,24,18-24,Wandsworth,young_professionals,fitness,0.124,0.701,0.383,0.325,0.109,0.471,0.861,0.655,0.402,0.804,0.53,0.678,0.927,0.653,0.561,0.663,vegetarian,organic,2024-06-02
H00314,34,25-34,Kensington and Chelsea,foodies,families,0.213,0.146,0.284,0.453,0.883,0.808,0.887,0.691,0.322,0.4,0.791,0.793,0.639,0.647,0.797,0.304,none,organic,2024-06-02
H00315,25,25-34,Barnet,young_professionals,families,0.116,0.861,0.397,0.5,0.395,0.616,0.702,0.729,0.518,0.774,0.492,0.552,0.65,0.767,0.575,0.648,none,organic,2024-06-03
H00316,24,18-24,Richmond upon Thames,students,foodies,0.808,0.181,0.16,0.131,0.265,0.427,0.518,0.922,0.813,0.777,0.303,0.617,0.764,0.723,0.348,0.573,none,organic,2024-06-03
H00317,33,25-34,Hounslow,families,students,0.476,0.349,0.063,0.816,0.348,0.507,0.29,0.188,0.694,0.899,0.65,0.464,0.557,0.703,0.461,0.35,none,organic,2024-06-05
H00318,27,25-34,Lewisham,young_professionals,fitness,0.253,0.839,0.404,0.348,0.393,0.621,0.604,0.468,0.515,0.742,0.517,0.654,0.533,0.509,0.61,0.562,dairy_free,organic,2024-06-05
H00319,30,25-34,Harrow,young_professionals,fitness,0.357,0.843,0.525,0.429,0.141,0.495,0.796,0.64,0.331,0.776,0.553,0.711,0.451,0.408,0.63,0.801,none,organic,2024-06-06
H00320,32,25-34,Ealing,young_professionals,foodies,0.29,0.908,0.304,0.237,0.466,0.621,0.861,0.67,0.315,0.921,0.468,0.808,0.601,0.622,0.666,0.673,none,organic,2024-06-06
H00321,33,25-34,Redbridge,young_professionals,fitness,0.206,1.0,0.446,0.31,0.266,0.523,0.619,0.61,0.52,0.952,0.423,0.785,0.63,0.856,0.57,0.514,none,organic,2024-06-06
H00322,30,25-34,Hounslow,young_professionals,foodies,0.363,0.805,0.375,0.349,0.385,0.634,0.774,0.511,0.522,0.832,0.51,0.694,0.552,0.589,0.548,0.64,none,organic,2024-06-07
H00323,28,25-34,Lambeth,families,students,0.394,0.092,0.374,0.846,0.339,0.616,0.327,0.411,0.657,0.576,0.452,0.382,0.576,0.604,0.599,0.365,none,organic,2024-06-07
H00324,34,25-34,Ealing,foodies,students,0.533,0.41,0.292,0.362,0.834,0.679,1.0,0.538,0.355,0.41,0.768,0.445,0.697,0.624,1.0,0.547,none,organic,2024-06-07
H00325,34,25-34,Enfield,young_professionals,families,0.259,0.766,0.449,0.623,0.367,0.748,0.518,0.539,0.462,0.846,0.602,0.867,0.692,0.734,0.744,0.569,vegan,organic,2024-06-08
H00326,24,18-24,Hackney,students,fitness,0.733,0.059,0.214,0.202,0.115,0.639,0.808,0.857,0.958,0.684,0.418,0.683,0.407,0.957,0.363,0.579,none,organic,2024-06-08
H00327,27,25-34,Tower Hamlets,young_professionals,students,0.553,0.819,0.342,0.0,0.443,0.486,0.755,0.586,0.422,1.0,0.563,0.926,0.863,0.513,0.635,0.595,none,organic,2024-06-09
H00328,18,18-24,Westminster,students,families,0.85,0.181,0.247,0.383,0.296,0.577,0.885,0.857,0.993,0.748,0.616,0.631,0.845,0.481,0.431,0.66,vegetarian,organic,2024-06-09
H00329,22,18-24,Tower Hamlets,students,foodies,0.971,0.181,0.447,0.039,0.468,0.537,0.683,0.752,0.82,0.734,0.666,0.678,0.597,0.62,0.497,0.771,none,P006,2024-06-10
H00330,27,25-34,Tower Hamlets,young_professionals,foodies,0.415,0.647,0.243,0.156,0.511,0.532,0.687,0.691,0.406,0.693,0.513,0.904,0.659,0.604,0.569,0.571,none,P006,2024-06-10
H00331,36,35-44,Barking and Dagenham,families,students,0.464,0.192,0.211,0.871,0.3,0.654,0.375,0.397,0.695,0.811,0.496,0.386,0.963,0.664,0.512,0.171,none,P006,2024-06-10
H00332,19,18-24,Tower Hamlets,students,young_professionals,0.997,0.457,0.371,0.385,0.034,0.465,0.703,0.803,0.875,0.496,0.662,0.69,0.692,0.683,0.493,0.443,none,P006,2024-06-10
H00333,22,18-24,Lewisham,students,fitness,0.79,0.128,0.313,0.08,0.146,0.484,0.713,0.74,0.681,0.797,0.595,0.679,0.734,0.838,0.263,0.479,none,P006,2024-06-10
H00334,33,25-34,Ealing,young_professionals,fitness,0.0,1.0,0.28,0.229,0.101,0.572,0.761,0.487,0.61,0.868,0.728,0.621,0.539,0.411,0.63,0.658,none,P006,2024-06-10
H00335,18,18-24,Tower Hamlets,students,foodies,0.843,0.293,0.23,0.197,0.532,0.593,0.736,0.875,0.825,0.684,0.463,0.848,0.787,0.794,0.613,0.689,none,P006,2024-06-10
H00336,26,25-34,Newham,young_professionals,fitness,0.149,0.73,0.326,0.091,0.272,0.791,0.785,0.608,0.532,0.71,0.504,0.79,0.391,0.546,0.478,0.662,none,P006,2024-06-10
H00337,22,18-24,Tower Hamlets,students,young_professionals,0.742,0.51,0.301,0.185,0.263,0.392,0.771,0.838,0.895,0.809,0.488,0.818,0.815,0.749,0.412,0.841,vegetarian,P006,2024-06-10
H00338,26,25-34,Croydon,young_professionals,students,0.568,0.809,0.198,0.377,0.339,0.623,0.706,0.586,0.619,0.745,0.643,0.712,0.861,0.442,0.512,0.534,none,P006,2024-06-10
H00339,23,18-24,Tower Hamlets,foodies,fitness,0.228,0.0,0.336,0.225,0.937,0.499,0.808,0.661,0.274,0.333,0.877,0.56,0.711,0.715,1.0,0.381,none,P006,2024-06-10
H00340,18,18-24,Brent,students,families,0.831,0.279,0.311,0.456,0.122,0.629,0.6,0.799,0.937,0.609,0.58,0.567,0.833,0.877,0.483,0.328,none,P006,2024-06-10
H00341,21,18-24,Southwark,students,young_professionals,0.796,0.486,0.32,0.177,0.449,0.496,0.829,0.674,0.964,0.627,0.582,0.673,0.81,0.764,0.081,0.571,none,P006,2024-06-10
H00342,22,18-24,Tower Hamlets,students,young_professionals,0.879,0.546,0.347,0.366,0.457,0.53,0.765,0.929,0.87,0.747,0.601,0.88,0.545,0.695,0.552,0.736,none,P006,2024-06-10
H00343,28,25-34,Tower Hamlets,young_professionals,foodies,0.414,1.0,0.246,0.35,0.477,0.619,0.594,0.78,0.336,0.807,0.61,0.989,0.599,0.47,0.534,0.849,none,P006,2024-06-10
H00344,18,18-24,Tower Hamlets,students,young_professionals,0.918,0.389,0.134,0.294,0.31,0.347,0.574,0.643,0.81,0.582,0.581,0.556,0.373,0.625,0.393,0.477,dairy_free,P006,2024-06-10
H00345,39,35-44,Bexley,foodies,students,0.297,0.294,0.175,0.291,0.864,0.615,0.892,0.513,0.307,0.288,0.656,0.455,0.657,0.668,0.867,0.702,none,P006,2024-06-10
H00346,32,25-34,Lambeth,young_professionals,students,0.578,0.862,0.0,0.233,0.384,0.49,0.861,0.66,0.388,0.788,0.535,0.665,0.496,0.37,0.577,0.579,none,P006,2024-06-10
H00347,22,18-24,Tower Hamlets,students,foodies,0.842,0.189,0.282,0.354,0.407,0.477,0.823,0.858,0.942,0.665,0.469,0.766,0.801,0.683,0.583,0.444,none,P006,2024-06-10
H00348,36,35-44,Redbridge,fitness,young_professionals,0.246,0.343,0.846,0.0,0.164,0.932,0.467,0.534,0.471,0.874,0.376,0.653,0.4,0.206,0.458,0.998,none,P006,2024-06-10
H00349,21,18-24,Barnet,students,foodies,0.752,0.288,0.272,0.338,0.413,0.307,0.928,0.739,0.917,0.785,0.451,0.634,0.772,1.0,0.486,0.743,none,P006,2024-06-10
H00350,33,25-34,Hackney,families,fitness,0.459,0.075,0.54,0.823,0.0,0.643,0.353,0.365,0.823,0.665,0.581,0.508,0.413,0.592,0.501,0.588,none,P006,2024-06-10
H00351,18,18-24,Ealing,students,fitness,0.918,0.286,0.471,0.168,0.353,0.449,0.847,0.754,0.767,0.898,0.49,0.632,0.742,0.758,0.404,0.548,none,P006,2024-06-10
H00352,22,18-24,Camden,young_professionals,students,0.582,0.796,0.387,0.093,0.229,0.575,0.828,0.461,0.318,0.655,0.491,0.653,0.456,0.462,0.358,0.528,none,P006,2024-06-10
H00353,34,25-34,Camden,foodies,families,0.15,0.07,0.129,0.294,0.922,0.804,0.724,0.577,0.421,0.203,0.686,0.587,0.673,0.408,1.0,0.48,vegetarian|dairy_free,P006,2024-06-10
H00354,26,25-34,Tower Hamlets,fitness,families,0.313,0.165,0.755,0.623,0.314,0.994,0.558,0.602,0.39,0.596,0.627,0.625,0.367,0.353,0.308,0.927,none,P006,2024-06-10
H00355,41,35-44,Haringey,foodies,students,0.384,0.08,0.135,0.175,0.843,0.607,0.903,0.618,0.511,0.474,0.829,0.535,0.638,0.589,0.857,0.46,none,P006,2024-06-10
H00356,24,18-24,Lambeth,students,foodies,0.823,0.041,0.292,0.342,0.446,0.57,0.782,0.95,1.0,0.768,0.459,0.908,0.814,0.704,0.37,0.581,none,P006,2024-06-10
H00357,33,25-34,Barnet,families,students,0.356,0.222,0.26,1.0,0.276,0.567,0.342,0.218,0.812,0.957,0.558,0.245,0.673,0.642,0.42,0.425,none,P006,2024-06-10
H00358,27,25-34,Tower Hamlets,young_professionals,foodies,0.203,0.877,0.239,0.134,0.25,0.538,0.715,0.706,0.563,0.779,0.659,0.773,0.445,0.778,0.427,0.7,none,P006,2024-06-10
H00359,30,25-34,Tower Hamlets,young_professionals,families,0.226,0.796,0.066,0.29,0.215,0.511,0.674,0.62,0.38,0.893,0.623,0.559,0.452,0.601,0.502,0.686,dairy_free,P006,2024-06-10
H00360,18,18-24,Tower Hamlets,students,young_professionals,0.809,0.551,0.353,0.237,0.16,0.346,0.707,0.538,0.888,0.683,0.632,0.474,0.889,0.848,0.6,0.544,none,P006,2024-06-10
H00361,18,18-24,Tower Hamlets,students,foodies,0.784,0.184,0.052,0.131,0.301,0.349,0.645,0.8,1.0,0.742,0.565,0.831,0.662,0.754,0.448,0.517,none,P006,2024-06-10
H00362,29,25-34,Haringey,young_professionals,families,0.143,0.879,0.154,0.267,0.256,0.595,0.891,0.622,0.574,0.854,0.642,0.758,0.752,0.468,0.482,0.573,none,P006,2024-06-10
H00363,20,18-24,Tower Hamlets,students,young_professionals,1.0,0.496,0.154,0.19,0.085,0.425,0.858,1.0,0.805,0.598,0.462,0.893,0.875,0.734,0.454,0.452,none,P006,2024-06-10
H00364,27,25-34,Tower Hamlets,young_professionals,foodies,0.261,0.914,0.272,0.265,0.302,0.665,0.717,0.508,0.417,0.842,0.549,0.928,0.708,0.715,0.632,0.66,none,P006,2024-06-10
H00365,38,35-44,Redbridge,families,foodies,0.095,0.219,0.252,0.803,0.369,0.482,0.361,0.559,0.624,0.75,0.42,0.695,0.59,0.756,0.663,0.429,dairy_free,P006,2024-06-10
H00366,28,25-34,Tower Hamlets,foodies,students,0.374,0.206,0.0,0.292,0.979,0.702,1.0,0.673,0.291,0.307,0.654,0.897,0.677,0.854,1.0,0.191,none,P006,2024-06-10
H00367,21,18-24,Hackney,students,young_professionals,0.85,0.749,0.138,0.334,0.392,0.507,0.891,0.894,0.907,0.583,0.49,0.674,0.78,0.693,0.338,0.407,dairy_free,P006,2024-06-10
H00368,31,25-34,Tower Hamlets,foodies,fitness,0.08,0.15,0.241,0.1,0.909,0.72,0.988,0.66,0.393,0.152,0.885,0.697,0.821,0.646,0.956,0.367,none,P006,2024-06-10
H00369,23,18-24,Waltham Forest,students,fitness,0.779,0.219,0.607,0.206,0.264,0.529,0.832,0.905,0.914,1.0,0.655,0.739,0.645,0.738,0.621,0.755,none,P006,2024-06-10
H00370,18,18-24,Ealing,students,foodies,0.922,0.114,0.077,0.336,0.378,0.25,0.824,0.725,0.987,0.811,0.488,0.771,0.671,0.528,0.465,0.493,none,P006,2024-06-10
H00371,30,25-34,Newham,families,fitness,0.357,0.151,0.436,0.774,0.357,0.684,0.593,0.41,0.846,0.676,0.546,0.574,0.648,0.658,0.403,0.469,dairy_free,P006,2024-06-10
H00372,26,25-34,Hammersmith and Fulham,students,fitness,0.767,0.253,0.503,0.407,0.153,0.583,0.557,0.825,0.969,0.547,0.485,0.599,0.753,0.945,0.693,0.452,none,P006,2024-06-10
H00373,22,18-24,Islington,students,fitness,0.914,0.346,0.553,0.465,0.141,0.462,0.548,0.792,0.833,0.581,0.693,0.761,0.746,0.682,0.486,0.669,none,P006,2024-06-10
H00374,21,18-24,Barnet,students,fitness,0.81,0.01,0.291,0.236,0.28,0.395,0.931,0.801,1.0,0.775,0.581,0.692,0.675,0.759,0.558,0.548,none,P006,2024-06-10
H00375,20,18-24,Hammersmith and Fulham,students,fitness,0.88,0.449,0.484,0.2,0.2,0.423,0.91,0.658,0.738,0.617,0.579,0.774,0.802,0.891,0.238,0.693,none,P006,2024-06-10
H00376,31,25-34,Hackney,families,fitness,0.301,0.335,0.473,0.763,0.305,0.786,0.186,0.461,0.796,0.724,0.429,0.613,0.456,0.729,0.495,0.436,none,P006,2024-06-10
H00377,19,18-24,Tower Hamlets,students,fitness,0.763,0.451,0.643,0.074,0.347,0.482,0.798,0.799,0.767,0.773,0.545,0.839,0.665,0.558,0.446,0.706,none,P006,2024-06-10
H00378,21,18-24,Tower Hamlets,students,young_professionals,0.702,0.564,0.146,0.191,0.386,0.344,0.736,0.702,0.949,0.781,0.698,0.745,0.861,0.714,0.393,0.607,nut_allergy,P006,2024-06-10
H00379,25,25-34,Barnet,young_professionals,fitness,0.168,0.807,0.433,0.152,0.401,0.53,0.601,0.578,0.425,0.615,0.579,0.685,0.744,0.592,0.528,0.721,none,P006,2024-06-10
H00380,19,18-24,Tower Hamlets,students,foodies,0.774,0.0,0.136,0.189,0.311,0.451,0.596,0.738,0.859,0.66,0.557,0.871,0.847,0.631,0.531,0.627,vegetarian,P006,2024-06-10
H00381,28,25-34,Southwark,young_professionals,fitness,0.089,0.792,0.333,0.266,0.294,0.511,0.479,0.706,0.329,0.863,0.637,0.822,0.506,0.542,0.8,0.856,none,P006,2024-06-10
H00382,35,35-44,Tower Hamlets,foodies,young_professionals,0.149,0.408,0.276,0.384,0.836,0.762,1.0,0.645,0.168,0.273,0.801,0.811,0.554,0.585,0.974,0.504,none,P006,2024-06-10
H00383,35,35-44,Tower Hamlets,fitness,students,0.469,0.288,0.932,0.229,0.173,0.916,0.444,0.628,0.481,0.551,0.607,0.72,0.512,0.347,0.405,0.938,none,P006,2024-06-10
H00384,35,35-44,Merton,foodies,young_professionals,0.25,0.553,0.501,0.395,0.843,0.692,0.831,0.532,0.445,0.427,0.711,0.637,0.688,0.604,1.0,0.704,none,P006,2024-06-10
H00385,23,18-24,Tower Hamlets,students,fitness,0.904,0.227,0.484,0.36,0.0,0.449,0.515,0.845,1.0,0.736,0.608,0.651,0.527,0.833,0.66,0.686,none,P006,2024-06-10
H00386,30,25-34,Tower Hamlets,families,fitness,0.173,0.061,0.307,0.912,0.085,0.651,0.367,0.438,0.724,0.724,0.579,0.62,0.589,0.788,0.478,0.272,none,P006,2024-06-10
H00387,22,18-24,Sutton,students,young_professionals,0.881,0.254,0.251,0.224,0.053,0.362,0.651,0.627,1.0,0.837,0.61,0.592,0.967,0.708,0.418,0.722,none,P006,2024-06-10
H00388,26,25-34,Tower Hamlets,students,foodies,0.942,0.24,0.208,0.023,0.258,0.493,0.767,0.72,0.987,0.387,0.588,1.0,0.569,0.721,0.449,0.494,none,P006,2024-06-10
H00389,30,25-34,Lambeth,young_professionals,fitness,0.42,0.713,0.663,0.323,0.329,0.737,0.704,0.616,0.264,0.895,0.666,0.536,0.786,0.642,0.736,0.72,none,P006,2024-06-10
H00390,37,35-44,Richmond upon Thames,foodies,students,0.635,0.109,0.442,0.265,0.794,0.708,0.93,0.486,0.353,0.536,0.734,0.774,0.673,0.579,0.975,0.357,gluten_free,organic,2024-06-10
H00391,18,18-24,Camden,students,young_professionals,0.835,0.403,0.297,0.208,0.385,0.533,0.576,0.876,0.992,0.539,0.467,0.611,0.88,0.897,0.362,0.412,vegan,organic,2024-06-10
H00392,25,25-34,Lambeth,students,fitness,0.945,0.212,0.407,0.19,0.036,0.296,0.784,0.713,0.903,0.615,0.559,0.797,0.728,0.709,0.352,0.559,none,organic,2024-06-10
H00393,32,25-34,Ealing,young_professionals,fitness,0.361,0.811,0.367,0.304,0.267,0.665,0.769,0.68,0.609,0.81,0.542,0.645,0.676,0.615,0.499,0.737,none,organic,2024-06-10
H00394,38,35-44,Haringey,families,students,0.432,0.262,0.346,0.824,0.316,0.679,0.271,0.489,0.674,0.809,0.435,0.568,0.755,0.673,0.449,0.296,none,organic,2024-06-11
H00395,29,25-34,Wandsworth,fitness,young_professionals,0.272,0.596,0.855,0.253,0.294,0.867,0.541,0.428,0.423,0.665,0.562,0.792,0.34,0.271,0.277,1.0,none,organic,2024-06-11
H00396,36,35-44,Waltham Forest,foodies,students,0.399,0.185,0.374,0.188,0.865,0.538,1.0,0.666,0.307,0.192,0.692,0.712,0.323,0.697,1.0,0.616,vegetarian|dairy_free,organic,2024-06-11
H00397,28,25-34,Islington,young_professionals,fitness,0.216,0.788,0.448,0.107,0.099,0.594,0.759,0.673,0.458,0.967,0.753,0.701,0.642,0.631,0.577,0.734,none,organic,2024-06-11
H00398,38,35-44,Barnet,fitness,foodies,0.284,0.401,0.658,0.218,0.409,1.0,0.475,0.501,0.471,0.725,0.701,0.769,0.369,0.432,0.213,1.0,dairy_free,organic,2024-06-12
H00399,35,35-44,Bexley,young_professionals,families,0.317,0.967,0.038,0.322,0.0,0.583,0.811,0.729,0.419,0.847,0.576,0.753,0.588,0.623,0.391,0.417,none,organic,2024-06-12
H00400,22,18-24,Southwark,young_professionals,foodies,0.339,0.908,0.262,0.138,0.702,0.631,0.652,0.711,0.385,0.737,0.625,0.872,0.495,0.823,0.472,0.686,gluten_free,organic,2024-06-13
H00401,24,18-24,Islington,young_professionals,students,0.505,0.804,0.044,0.188,0.23,0.66,0.466,0.547,0.343,1.0,0.537,0.8,0.744,0.627,0.54,0.61,none,organic,2024-06-13
H00402,32,25-34,Westminster,young_professionals,fitness,0.132,0.832,0.457,0.366,0.345,0.572,0.727,0.731,0.494,0.98,0.533,0.67,0.771,0.441,0.477,0.658,none,organic,2024-06-14
H00403,31,25-34,Waltham Forest,foodies,students,0.554,0.439,0.516,0.295,0.93,0.664,0.94,0.673,0.194,0.444,0.673,0.724,0.791,0.86,1.0,0.491,none,organic,2024-06-14
H00404,26,25-34,Southwark,foodies,students,0.38,0.211,0.327,0.319,0.866,0.662,0.857,0.68,0.179,0.367,0.798,0.518,0.749,0.367,0.956,0.544,vegetarian,organic,2024-06-14
H00405,36,35-44,Greenwich,fitness,foodies,0.134,0.319,0.765,0.295,0.537,1.0,0.527,0.469,0.314,0.69,0.598,0.728,0.464,0.169,0.324,0.918,none,organic,2024-06-15
H00406,38,35-44,Hackney,foodies,young_professionals,0.397,0.455,0.288,0.352,0.894,0.606,1.0,0.731,0.134,0.308,0.678,0.729,0.844,0.479,0.922,0.415,dairy_free,organic,2024-06-15
H00407,30,25-34,Harrow,young_professionals,families,0.067,0.743,0.161,0.526,0.169,0.491,0.786,0.633,0.435,0.937,0.713,0.628,0.477,0.504,0.786,0.557,none,organic,2024-06-16
H00408,37,35-44,Hammersmith and Fulham,families,foodies,0.273,0.398,0.173,1.0,0.416,0.668,0.391,0.425,0.796,0.61,0.527,0.63,0.324,0.592,0.585,0.36,none,organic,2024-06-16
H00409,33,25-34,Redbridge,foodies,young_professionals,0.236,0.287,0.217,0.101,0.807,0.683,0.918,0.647,0.208,0.351,0.625,0.525,0.858,0.557,0.932,0.221,vegetarian,organic,2024-06-16
H00410,43,35-44,Lewisham,families,foodies,0.091,0.195,0.055,0.873,0.224,0.541,0.445,0.314,0.637,0.789,0.332,0.665,0.682,0.829,0.394,0.229,none,organic,2024-06-17
H00411,34,25-34,Redbridge,young_professionals,foodies,0.409,0.943,0.128,0.104,0.418,0.643,0.693,0.494,0.587,0.882,0.581,0.659,0.565,0.376,0.465,0.537,none,organic,2024-06-17
H00412,20,18-24,Westminster,fitness,foodies,0.359,0.163,0.9,0.21,0.369,0.948,0.725,0.676,0.356,0.539,0.648,0.593,0.316,0.162,0.327,0.738,gluten_free,organic,2024-06-17
H00413,38,35-44,Wandsworth,families,foodies,0.236,0.278,0.352,1.0,0.498,0.647,0.445,0.329,0.742,0.782,0.591,0.595,0.711,0.615,0.596,0.373,none,organic,2024-06-18
H00414,25,25-34,Hounslow,young_professionals,students,0.497,1.0,0.409,0.174,0.393,0.519,0.668,0.641,0.504,0.706,0.605,0.936,0.714,0.421,0.632,0.708,none,organic,2024-06-18
H00415,18,18-24,Islington,students,foodies,0.894,0.269,0.374,0.406,0.436,0.586,0.731,0.685,0.813,0.909,0.574,0.755,0.685,0.482,0.297,0.47,vegetarian,organic,2024-06-18
H00416,22,18-24,Wandsworth,young_professionals,students,0.54,0.939,0.384,0.052,0.328,0.723,0.872,0.611,0.605,0.876,0.57,0.619,0.558,0.659,0.507,0.731,none,organic,2024-06-19
H00417,27,25-34,Southwark,young_professionals,families,0.236,0.748,0.047,0.257,0.199,0.71,0.932,0.708,0.42,0.968,0.406,1.0,0.662,0.584,0.413,0.76,vegetarian,organic,2024-06-20
H00418,45,45+,Hammersmith and Fulham,families,students,0.545,0.179,0.38,0.885,0.284,0.706,0.497,0.379,0.838,0.682,0.653,0.511,0.568,0.843,0.471,0.264,none,organic,2024-06-20
H00419,41,35-44,Lambeth,families,young_professionals,0.11,0.6,0.342,0.863,0.522,0.675,0.126,0.432,0.784,0.567,0.482,0.318,0.662,0.69,0.635,0.193,none,organic,2024-06-21
H00420,26,25-34,Islington,young_professionals,families,0.488,0.766,0.501,0.57,0.126,0.47,0.896,0.897,0.27,1.0,0.426,0.82,0.535,0.605,0.45,0.699,gluten_free,organic,2024-06-22
H00421,21,18-24,Kingston upon Thames,students,fitness,0.83,0.378,0.48,0.355,0.259,0.279,0.664,0.841,0.679,0.818,0.473,0.657,0.724,0.601,0.519,0.364,vegetarian,organic,2024-06-22
H00422,26,25-34,Bexley,foodies,fitness,0.16,0.233,0.457,0.162,0.755,0.707,0.837,0.666,0.337,0.538,0.651,0.865,0.793,0.491,1.0,0.308,gluten_free,organic,2024-06-22
H00423,26,25-34,Bexley,students,young_professionals,0.761,0.489,0.426,0.47,0.271,0.178,0.592,0.63,0.781,0.667,0.618,0.67,0.865,1.0,0.48,0.675,none,organic,2024-06-22
H00424,25,25-34,Bromley,fitness,young_professionals,0.284,0.402,0.768,0.39,0.21,0.865,0.544,0.42,0.601,0.733,0.716,0.686,0.372,0.375,0.505,0.897,none,organic,2024-06-23
H00425,23,18-24,Hillingdon,students,families,0.925,0.344,0.227,0.41,0.269,0.42,0.548,0.768,0.955,0.778,0.617,0.698,0.706,0.641,0.551,0.634,none,organic,2024-06-23
H00426,40,35-44,Westminster,families,fitness,0.312,0.216,0.32,0.957,0.087,0.578,0.255,0.379,0.716,0.855,0.68,0.495,0.446,0.685,0.624,0.218,none,organic,2024-06-23
H00427,24,18-24,Barnet,students,young_professionals,0.88,0.27,0.0,0.127,0.228,0.521,0.739,0.769,0.893,0.62,0.577,0.609,0.776,0.797,0.467,0.488,none,organic,2024-06-23
H00428,36,35-44,Lewisham,young_professionals,families,0.471,0.968,0.13,0.494,0.277,0.619,0.892,0.715,0.507,1.0,0.541,0.818,0.553,0.663,0.796,0.679,dairy_free,organic,2024-06-24
H00429,29,25-34,Brent,young_professionals,fitness,0.416,0.766,0.502,0.361,0.495,0.737,0.578,0.676,0.44,1.0,0.695,0.691,0.855,0.572,0.67,0.698,none,organic,2024-06-24
H00430,32,25-34,Kensington and Chelsea,young_professionals,families,0.08,0.98,0.328,0.331,0.294,0.774,0.848,0.594,0.492,0.817,0.577,0.67,0.718,0.529,0.553,0.6,none,organic,2024-06-24
H00431,43,35-44,Camden,families,students,0.568,0.0,0.149,0.913,0.502,0.582,0.399,0.464,0.431,0.93,0.741,0.256,0.573,0.554,0.244,0.447,none,organic,2024-06-26
H00432,34,25-34,Sutton,fitness,foodies,0.225,0.08,0.803,0.348,0.37,0.743,0.516,0.601,0.364,0.547,0.591,0.603,0.423,0.418,0.325,0.696,vegetarian|gluten_free,organic,2024-06-26
H00433,43,35-44,Barnet,fitness,families,0.315,0.323,0.739,0.51,0.117,0.986,0.536,0.63,0.446,0.643,0.675,0.603,0.52,0.352,0.505,1.0,none,organic,2024-06-26
H00434,25,25-34,Lambeth,young_professionals,students,0.186,0.969,0.178,0.05,0.158,0.57,0.836,0.561,0.47,0.804,0.475,0.874,0.804,0.561,0.709,0.591,none,organic,2024-06-26
H00435,44,35-44,Lewisham,families,fitness,0.152,0.023,0.427,0.751,0.308,0.776,0.357,0.569,0.572,0.844,0.555,0.488,0.547,0.816,0.723,0.509,none,organic,2024-06-28
H00436,24,18-24,Haringey,young_professionals,foodies,0.28,0.834,0.199,0.262,0.449,0.563,0.825,0.559,0.312,0.832,0.621,0.565,0.591,0.564,0.547,0.555,none,organic,2024-06-28
H00437,37,35-44,Lewisham,foodies,families,0.338,0.255,0.426,0.51,0.723,0.485,0.888,0.62,0.235,0.332,0.77,0.882,0.742,0.608,1.0,0.482,none,organic,2024-06-28
H00438,28,25-34,Southwark,fitness,foodies,0.261,0.413,0.854,0.407,0.562,0.854,0.5,0.492,0.462,0.715,0.609,0.692,0.399,0.272,0.469,0.889,none,organic,2024-06-29
H00439,39,35-44,Croydon,foodies,young_professionals,0.364,0.525,0.09,0.312,0.943,0.666,0.814,0.616,0.394,0.355,0.743,0.821,0.721,0.569,0.76,0.403,none,organic,2024-06-29
H00440,30,25-34,Lewisham,young_professionals,foodies,0.2,0.902,0.131,0.268,0.381,0.687,0.741,0.815,0.482,0.764,0.479,0.769,0.37,0.501,0.53,0.553,none,organic,2024-06-30
H00441,28,25-34,Croydon,young_professionals,families,0.214,0.941,0.3,0.462,0.301,0.357,0.661,0.397,0.441,0.916,0.602,0.411,0.599,0.613,0.75,0.71,none,organic,2024-07-01
H00442,42,35-44,Hillingdon,foodies,families,0.233,0.157,0.38,0.432,0.865,0.523,0.9,0.504,0.293,0.447,0.628,0.645,0.772,0.593,1.0,0.407,none,organic,2024-07-01
H00443,25,25-34,Havering,young_professionals,fitness,0.0,0.779,0.519,0.226,0.049,0.589,0.582,0.663,0.346,0.827,0.627,0.7,0.641,0.627,0.507,0.846,none,organic,2024-07-01
H00444,35,35-44,Redbridge,families,students,0.519,0.139,0.251,0.998,0.23,0.733,0.094,0.543,0.734,0.756,0.566,0.254,0.709,0.795,0.385,0.399,none,organic,2024-07-01
H00445,24,18-24,Wandsworth,students,foodies,0.778,0.202,0.228,0.309,0.433,0.292,0.835,0.733,1.0,0.886,0.691,0.608,0.624,0.721,0.551,0.648,nut_allergy,organic,2024-07-01
H00446,32,25-34,Hounslow,foodies,students,0.704,0.145,0.535,0.239,0.783,0.577,1.0,0.624,0.282,0.611,0.517,0.683,0.594,0.604,0.855,0.318,none,organic,2024-07-02
H00447,28,25-34,Hillingdon,fitness,students,0.526,0.29,0.833,0.115,0.273,0.783,0.486,0.588,0.682,0.802,0.665,0.57,0.285,0.242,0.642,0.959,none,organic,2024-07-02
H00448,22,18-24,Ealing,students,families,0.738,0.331,0.184,0.362,0.229,0.435,0.694,0.699,1.0,0.747,0.607,0.806,0.843,0.7,0.483,0.518,none,P007,2024-07-03
H00449,20,18-24,Bexley,students,foodies,0.927,0.322,0.269,0.016,0.376,0.47,0.669,0.783,0.702,0.793,0.473,0.696,0.579,0.68,0.416,0.549,none,P007,2024-07-03
H00450,35,35-44,Sutton,fitness,young_professionals,0.444,0.517,0.936,0.294,0.451,0.898,0.614,0.682,0.62,0.771,0.496,0.758,0.327,0.102,0.316,1.0,vegetarian,P007,2024-07-03
H00451,34,25-34,Tower Hamlets,foodies,students,0.667,0.327,0.303,0.108,0.81,0.595,0.894,0.678,0.455,0.387,0.947,0.758,0.672,0.699,1.0,0.64,none,P007,2024-07-03
H00452,20,18-24,Tower Hamlets,students,young_professionals,0.824,0.551,0.365,0.368,0.308,0.426,0.755,0.713,0.972,0.837,0.712,0.724,0.819,0.732,0.513,0.588,none,P007,2024-07-03
H00453,22,18-24,Lewisham,students,families,0.749,0.264,0.556,0.707,0.119,0.503,0.681,0.776,0.898,0.542,0.434,0.565,0.842,0.779,0.523,0.329,dairy_free|nut_allergy,P007,2024-07-03
H00454,23,18-24,Newham,students,young_professionals,0.934,0.484,0.027,0.427,0.167,0.493,0.729,0.813,0.809,0.778,0.405,0.849,0.701,0.582,0.641,0.542,none,P007,2024-07-03
H00455,24,18-24,Newham,students,families,0.864,0.287,0.318,0.529,0.366,0.394,0.695,0.66,0.825,0.85,0.529,0.785,0.453,0.818,0.431,0.492,dairy_free,P007,2024-07-03
H00456,36,35-44,Newham,families,young_professionals,0.0,0.438,0.336,0.732,0.155,0.645,0.436,0.461,0.401,0.805,0.45,0.329,0.577,0.799,0.303,0.435,none,P007,2024-07-03
H00457,21,18-24,Newham,students,foodies,0.837,0.153,0.454,0.073,0.46,0.316,0.8,0.809,0.836,0.785,0.33,0.742,0.944,0.923,0.497,0.514,none,P007,2024-07-03
H00458,37,35-44,Southwark,foodies,fitness,0.179,0.414,0.62,0.291,0.742,0.584,0.827,0.56,0.18,0.549,0.74,0.727,0.636,0.474,0.922,0.532,none,P007,2024-07-03
H00459,26,25-34,Newham,young_professionals,fitness,0.323,0.908,0.546,0.353,0.397,0.629,0.708,0.391,0.656,0.761,0.805,0.576,0.553,0.286,0.643,0.518,none,P007,2024-07-03
H00460,18,18-24,Newham,students,fitness,0.747,0.407,0.572,0.197,0.333,0.366,0.85,0.796,0.868,0.629,0.494,0.909,0.787,0.771,0.419,0.844,vegetarian,P007,2024-07-03
H00461,34,25-34,Newham,families,foodies,0.259,0.268,0.322,0.966,0.366,0.75,0.444,0.374,0.671,0.605,0.628,0.559,0.754,0.725,0.483,0.37,gluten_free|dairy_free,P007,2024-07-03
H00462,18,18-24,Newham,students,young_professionals,0.966,0.297,0.141,0.0,0.28,0.405,0.699,0.732,0.694,0.829,0.486,0.604,0.608,0.725,0.662,0.801,none,P007,2024-07-03
H00463,25,25-34,Camden,fitness,students,0.448,0.343,0.979,0.311,0.228,1.0,0.315,0.519,0.38,0.821,0.624,0.608,0.404,0.0,0.22,0.904,none,P007,2024-07-03
H00464,18,18-24,Newham,students,young_professionals,0.987,0.451,0.082,0.334,0.31,0.503,0.728,0.754,0.886,0.785,0.605,0.61,0.766,0.929,0.35,0.567,none,P007,2024-07-03
H00465,30,25-34,Bromley,families,students,0.512,0.184,0.454,0.947,0.206,0.584,0.44,0.331,0.849,0.718,0.552,0.591,0.603,0.714,0.496,0.457,none,P007,2024-07-03
H00466,21,18-24,Newham,students,families,0.831,0.43,0.285,0.571,0.277,0.447,0.702,0.923,1.0,0.826,0.465,0.641,0.968,0.779,0.418,0.636,none,P007,2024-07-03
H00467,22,18-24,Islington,students,fitness,0.805,0.126,0.302,0.133,0.152,0.493,0.863,0.792,0.88,0.737,0.347,0.764,1.0,0.735,0.436,0.639,dairy_free,P007,2024-07-03
H00468,27,25-34,Kingston upon Thames,families,young_professionals,0.385,0.686,0.393,0.748,0.342,0.799,0.36,0.344,0.585,0.563,0.425,0.513,0.718,0.683,0.688,0.264,none,P007,2024-07-03
H00469,18,18-24,Newham,students,young_professionals,0.734,0.615,0.036,0.248,0.49,0.626,0.945,0.794,0.847,0.608,0.648,0.535,0.72,0.762,0.39,0.584,gluten_free,P007,2024-07-03
H00470,20,18-24,Enfield,students,fitness,0.707,0.336,0.516,0.325,0.263,0.453,0.726,0.716,0.962,0.62,0.451,0.843,0.793,0.722,0.527,0.551,none,P007,2024-07-03
H00471,26,25-34,Newham,fitness,students,0.611,0.213,0.909,0.272,0.421,0.874,0.503,0.498,0.465,0.821,0.5,0.587,0.593,0.375,0.604,0.846,vegetarian,P007,2024-07-03
H00472,21,18-24,Redbridge,students,young_professionals,0.778,0.403,0.349,0.291,0.241,0.299,0.696,0.842,0.893,0.56,0.589,0.699,0.98,0.72,0.59,0.398,none,P007,2024-07-03
H00473,41,35-44,Havering,foodies,young_professionals,0.156,0.304,0.093,0.273,0.815,0.607,0.8,0.569,0.14,0.249,0.886,0.633,0.927,0.589,0.946,0.477,none,P007,2024-07-03
H00474,29,25-34,Hounslow,young_professionals,students,0.523,0.778,0.13,0.486,0.261,0.69,0.809,0.728,0.592,0.911,0.617,0.899,0.639,0.554,0.807,0.845,vegan,P007,2024-07-03
H00475,27,25-34,Newham,young_professionals,students,0.519,0.848,0.347,0.252,0.35,0.729,0.797,0.622,0.526,0.858,0.476,0.831,0.668,0.861,0.775,0.735,vegan,P007,2024-07-03
H00476,21,18-24,Newham,students,families,0.806,0.039,0.169,0.293,0.0,0.516,0.694,0.793,0.897,0.623,0.473,0.821,0.7,0.619,0.445,0.564,vegetarian,P007,2024-07-03
H00477,23,18-24,Enfield,students,foodies,0.911,0.634,0.488,0.517,0.72,0.49,0.685,0.731,0.941,0.686,0.357,0.525,0.612,0.644,0.5,0.576,none,P007,2024-07-03
H00478,41,35-44,Hillingdon,foodies,fitness,0.391,0.331,0.465,0.438,0.952,0.455,1.0,0.483,0.186,0.327,0.718,0.463,0.778,0.682,1.0,0.348,none,P007,2024-07-03
H00479,25,25-34,Lambeth,students,fitness,0.84,0.156,0.301,0.137,0.261,0.433,0.749,0.626,0.946,0.655,0.676,0.771,0.89,0.629,0.405,0.401,none,P007,2024-07-03
H00480,25,25-34,Hackney,students,families,0.722,0.231,0.289,0.388,0.036,0.436,0.713,0.884,0.929,0.635,0.554,0.746,0.956,0.844,0.596,0.477,dairy_free,P007,2024-07-03
H00481,21,18-24,Hackney,students,young_professionals,0.868,0.49,0.433,0.254,0.396,0.387,0.5,0.692,0.894,0.706,0.718,0.77,0.76,0.746,0.583,0.479,none,P007,2024-07-03
H00482,25,25-34,Tower Hamlets,students,families,0.807,0.194,0.283,0.376,0.262,0.458,0.732,0.768,0.92,0.775,0.62,0.766,0.721,0.682,0.325,0.479,none,P007,2024-07-03
H00483,29,25-34,Croydon,young_professionals,fitness,0.155,0.762,0.423,0.229,0.174,0.419,0.897,0.894,0.179,0.84,0.528,0.718,0.6,0.647,0.586,0.541,vegetarian|dairy_free,P007,2024-07-03
H00484,24,18-24,Newham,fitness,young_professionals,0.053,0.599,0.894,0.279,0.24,0.873,0.328,0.632,0.391,0.799,0.782,0.67,0.453,0.152,0.425,0.84,none,P007,2024-07-03
H00485,29,25-34,Newham,fitness,foodies,0.23,0.251,0.744,0.182,0.56,0.98,0.65,0.669,0.46,0.668,0.522,0.581,0.262,0.247,0.38,0.671,dairy_free,P007,2024-07-03
H00486,41,35-44,Lambeth,foodies,fitness,0.212,0.09,0.369,0.0,0.833,0.463,0.96,0.668,0.479,0.451,0.691,0.53,0.536,0.777,0.857,0.578,none,P007,2024-07-03
H00487,22,18-24,Tower Hamlets,students,fitness,0.906,0.254,0.399,0.298,0.245,0.405,0.629,0.974,1.0,0.788,0.511,0.664,0.916,0.708,0.374,0.775,none,P007,2024-07-03
H00488,25,25-34,Newham,students,fitness,0.757,0.378,0.611,0.304,0.26,0.565,0.747,0.685,1.0,0.663,0.439,0.489,0.672,0.575,0.375,0.639,none,P007,2024-07-03
H00489,22,18-24,Newham,students,fitness,0.725,0.31,0.588,0.248,0.358,0.517,0.705,0.909,0.824,0.778,0.511,0.742,0.695,0.756,0.321,0.58,dairy_free,P007,2024-07-03
H00490,27,25-34,Newham,young_professionals,students,0.292,1.0,0.208,0.281,0.149,0.56,0.562,0.626,0.471,0.942,0.486,0.798,0.652,0.592,0.538,0.816,none,P007,2024-07-03
H00491,25,25-34,Newham,students,young_professionals,0.826,0.411,0.291,0.251,0.395,0.42,0.939,0.798,0.771,0.658,0.551,0.579,0.948,1.0,0.507,0.549,none,P007,2024-07-03
H00492,35,35-44,Newham,young_professionals,fitness,0.311,0.735,0.372,0.212,0.322,0.479,0.776,0.562,0.401,0.85,0.612,0.545,0.622,0.645,0.555,0.623,none,P007,2024-07-03
H00493,21,18-24,Newham,students,fitness,0.739,0.295,0.449,0.142,0.244,0.33,0.647,0.654,0.793,0.836,0.477,0.756,0.65,0.841,0.327,0.555,none,P007,2024-07-03
H00494,41,35-44,Redbridge,families,fitness,0.211,0.403,0.621,0.831,0.174,0.63,0.455,0.397,0.602,0.615,0.527,0.409,0.625,0.582,0.598,0.364,none,P007,2024-07-03
H00495,36,35-44,Lambeth,families,fitness,0.191,0.218,0.271,0.688,0.175,0.726,0.488,0.477,0.871,0.935,0.645,0.585,0.575,0.745,0.459,0.425,gluten_free,P007,2024-07-03
H00496,21,18-24,Bromley,foodies,students,0.558,0.267,0.368,0.519,0.966,0.483,0.871,0.744,0.113,0.406,0.803,0.886,0.51,0.793,0.883,0.346,none,P007,2024-07-03
H00497,22,18-24,Havering,students,young_professionals,0.877,0.411,0.201,0.118,0.221,0.346,0.758,0.847,0.754,0.611,0.478,0.675,0.659,0.835,0.257,0.36,vegetarian,P007,2024-07-03
H00498,21,18-24,Croydon,students,young_professionals,0.82,0.444,0.107,0.198,0.174,0.325,0.684,0.773,0.938,0.752,0.444,0.721,0.851,0.604,0.468,0.476,none,organic,2024-07-03
H00499,34,25-34,Lambeth,young_professionals,foodies,0.082,0.861,0.156,0.312,0.486,0.483,0.75,0.577,0.224,0.777,0.533,0.595,0.653,0.559,0.548,0.602,none,organic,2024-07-03
H00500,39,35-44,Harrow,families,students,0.467,0.318,0.324,0.808,0.362,0.574,0.285,0.153,0.756,0.704,0.717,0.412,0.598,0.838,0.8,0.246,none,organic,2024-07-03
H00501,26,25-34,Wandsworth,students,foodies,0.907,0.307,0.422,0.411,0.434,0.334,0.701,0.751,1.0,0.623,0.431,0.804,0.996,0.579,0.702,0.436,nut_allergy,organic,2024-07-04
H00502,27,25-34,Hackney,foodies,students,0.595,0.304,0.078,0.19,0.808,0.651,0.779,0.675,0.371,0.35,0.654,0.685,0.618,0.64,0.868,0.325,nut_allergy,organic,2024-07-04
H00503,30,25-34,Wandsworth,fitness,foodies,0.261,0.32,0.968,0.142,0.324,0.918,0.855,0.737,0.501,0.724,0.579,0.667,0.519,0.416,0.434,0.878,none,organic,2024-07-04
H00504,44,35-44,Newham,families,fitness,0.274,0.285,0.407,0.683,0.0,0.844,0.407,0.374,0.75,0.719,0.659,0.662,0.788,0.808,0.513,0.474,none,organic,2024-07-06
H00505,27,25-34,Brent,young_professionals,foodies,0.193,0.974,0.279,0.277,0.454,0.539,0.804,0.675,0.458,0.779,0.704,0.788,0.546,0.508,0.691,0.439,none,organic,2024-07-07
H00506,20,18-24,Hammersmith and Fulham,students,foodies,0.78,0.306,0.155,0.101,0.381,0.53,0.751,0.652,0.828,0.631,0.589,0.585,0.602,0.701,0.561,0.565,none,organic,2024-07-07
H00507,19,18-24,Hackney,students,foodies,0.847,0.271,0.296,0.375,0.391,0.567,0.686,0.905,0.795,0.727,0.668,0.857,0.815,0.889,0.499,0.492,none,organic,2024-07-07
H00508,32,25-34,Tower Hamlets,families,foodies,0.245,0.267,0.547,0.88,0.61,0.617,0.513,0.366,0.515,0.728,0.529,0.473,0.61,0.784,0.685,0.417,nut_allergy,organic,2024-07-08
H00509,21,18-24,Wandsworth,students,young_professionals,0.83,0.559,0.221,0.307,0.46,0.439,0.657,0.71,0.874,0.692,0.602,0.641,0.914,0.593,0.334,0.582,none,organic,2024-07-08
H00510,28,25-34,Southwark,fitness,young_professionals,0.361,0.379,0.812,0.092,0.112,0.986,0.462,0.527,0.565,0.599,0.432,0.5,0.514,0.143,0.295,1.0,none,organic,2024-07-09
H00511,38,35-44,Hackney,families,young_professionals,0.227,0.258,0.017,0.728,0.066,0.739,0.202,0.442,0.798,0.789,0.505,0.465,0.64,0.756,0.63,0.236,none,organic,2024-07-10
H00512,28,25-34,Tower Hamlets,young_professionals,students,0.268,0.85,0.248,0.123,0.092,0.757,0.686,0.572,0.614,0.822,0.582,0.719,0.454,0.499,0.624,0.598,none,organic,2024-07-10
H00513,27,25-34,Hammersmith and Fulham,families,young_professionals,0.193,0.312,0.254,0.79,0.0,0.755,0.374,0.319,0.726,0.729,0.52,0.301,0.836,0.815,0.366,0.397,none,organic,2024-07-10
H00514,43,35-44,Havering,families,students,0.497,0.276,0.0,0.736,0.437,0.647,0.372,0.472,0.683,0.903,0.571,0.455,0.531,0.644,0.62,0.323,none,organic,2024-07-10
H00515,31,25-34,Tower Hamlets,fitness,foodies,0.108,0.029,0.714,0.368,0.406,0.838,0.622,0.486,0.418,0.423,0.66,0.594,0.294,0.478,0.198,0.713,none,organic,2024-07-10
H00516,22,18-24,Bromley,students,young_professionals,0.758,0.465,0.134,0.193,0.284,0.415,0.653,0.856,0.828,0.605,0.622,0.843,0.764,0.549,0.584,0.357,none,organic,2024-07-11
H00517,37,35-44,Merton,fitness,foodies,0.155,0.161,0.778,0.086,0.479,0.74,0.35,0.578,0.419,0.789,0.52,0.56,0.373,0.231,0.294,0.784,none,organic,2024-07-11
H00518,28,25-34,Southwark,fitness,students,0.752,0.426,0.845,0.26,0.295,0.801,0.451,0.497,0.577,0.585,0.739,0.874,0.485,0.163,0.522,0.848,none,organic,2024-07-12
H00519,26,25-34,Croydon,young_professionals,foodies,0.187,0.995,0.331,0.154,0.348,0.707,0.88,0.582,0.385,0.903,0.473,0.762,0.615,0.54,0.358,0.711,none,organic,2024-07-12
H00520,51,45+,Haringey,foodies,students,0.553,0.399,0.294,0.522,0.895,0.6,0.846,0.532,0.472,0.241,0.782,0.509,0.753,0.56,0.96,0.35,none,organic,2024-07-12
H00521,40,35-44,Barking and Dagenham,families,students,0.673,0.244,0.37,0.938,0.007,0.71,0.518,0.416,0.807,0.712,0.527,0.657,0.539,0.698,0.439,0.243,none,organic,2024-07-12
H00522,29,25-34,Brent,young_professionals,fitness,0.183,0.849,0.485,0.268,0.438,0.658,0.698,0.52,0.49,0.777,0.432,0.719,0.583,0.444,0.439,0.679,none,organic,2024-07-13
H00523,28,25-34,Hounslow,young_professionals,foodies,0.33,0.924,0.183,0.191,0.502,0.518,0.595,0.648,0.361,0.803,0.515,0.907,0.678,0.61,0.584,0.646,none,organic,2024-07-13
H00524,28,25-34,Brent,young_professionals,students,0.43,0.854,0.347,0.272,0.305,0.465,0.739,0.533,0.315,0.828,0.534,0.595,0.548,0.488,0.674,0.532,vegan,organic,2024-07-14
H00525,51,45+,Croydon,foodies,students,0.431,0.174,0.266,0.048,0.745,0.68,0.918,0.524,0.385,0.238,0.657,0.897,0.576,0.703,1.0,0.264,vegan|gluten_free,organic,2024-07-14
H00526,29,25-34,Bexley,foodies,fitness,0.162,0.18,0.314,0.222,0.907,0.601,0.862,0.752,0.197,0.36,0.724,0.643,0.661,0.705,0.995,0.265,dairy_free,organic,2024-07-15
H00527,25,25-34,Hackney,foodies,families,0.095,0.176,0.234,0.362,0.823,0.626,0.754,0.593,0.303,0.25,0.694,0.56,0.845,0.453,0.995,0.595,none,organic,2024-07-15
H00528,39,35-44,Southwark,foodies,young_professionals,0.276,0.322,0.318,0.086,0.929,0.755,0.821,0.433,0.33,0.349,0.963,0.708,0.89,0.686,0.878,0.702,gluten_free,organic,2024-07-16
H00529,29,25-34,Wandsworth,foodies,young_professionals,0.102,0.407,0.248,0.026,0.984,0.561,0.835,0.673,0.203,0.306,0.738,0.802,0.531,0.727,1.0,0.47,none,organic,2024-07-16
H00530,30,25-34,Westminster,young_professionals,fitness,0.221,0.822,0.503,0.366,0.297,0.512,0.708,0.456,0.42,0.792,0.488,0.711,0.765,0.468,0.434,0.84,none,organic,2024-07-16
H00531,23,18-24,Westminster,young_professionals,fitness,0.167,0.904,0.476,0.0,0.337,0.415,0.656,0.685,0.401,0.749,0.536,0.83,0.637,0.545,0.647,0.683,none,organic,2024-07-17
H00532,43,35-44,Sutton,fitness,families,0.0,0.404,0.743,0.46,0.353,0.777,0.413,0.357,0.513,0.608,0.577,0.736,0.386,0.223,0.406,0.869,gluten_free,organic,2024-07-17
H00533,22,18-24,Wandsworth,young_professionals,fitness,0.283,0.817,0.312,0.262,0.241,0.788,0.886,0.646,0.462,0.825,0.489,0.747,0.474,0.453,0.541,0.779,gluten_free,organic,2024-07-17
H00534,46,45+,Newham,foodies,students,0.496,0.222,0.476,0.212,0.954,0.519,0.722,0.745,0.173,0.371,0.788,0.555,0.679,0.788,0.743,0.531,none,organic,2024-07-17
H00535,18,18-24,Brent,students,young_professionals,0.96,0.447,0.408,0.26,0.228,0.565,0.794,0.837,0.88,0.758,0.46,0.721,0.555,0.72,0.388,0.547,none,organic,2024-07-18
H00536,33,25-34,Redbridge,foodies,young_professionals,0.301,0.309,0.087,0.064,1.0,0.52,0.799,0.821,0.187,0.351,0.856,0.651,0.882,0.435,0.863,0.34,vegetarian,organic,2024-07-18
H00537,43,35-44,Lambeth,foodies,fitness,0.291,0.175,0.433,0.084,0.796,0.62,0.915,0.533,0.408,0.51,0.892,0.797,0.985,0.516,0.874,0.233,none,organic,2024-07-20
H00538,35,35-44,Newham,families,foodies,0.258,0.263,0.33,0.899,0.558,0.736,0.334,0.497,0.822,0.656,0.63,0.472,0.502,0.789,0.511,0.189,none,organic,2024-07-20
H00539,27,25-34,Sutton,young_professionals,families,0.463,0.805,0.01,0.504,0.0,0.543,0.91,0.742,0.558,0.897,0.66,0.781,0.634,0.328,0.439,0.731,none,organic,2024-07-21
H00540,29,25-34,Waltham Forest,foodies,students,0.407,0.388,0.042,0.393,0.728,0.481,0.931,0.615,0.209,0.271,0.751,0.699,0.601,0.608,1.0,0.51,none,organic,2024-07-21
H00541,31,25-34,Greenwich,foodies,fitness,0.312,0.0,0.439,0.145,0.698,0.489,0.793,0.587,0.314,0.418,0.737,0.732,0.726,0.602,0.795,0.281,dairy_free,organic,2024-07-21
H00542,32,25-34,Enfield,fitness,young_professionals,0.285,0.513,0.848,0.421,0.373,1.0,0.488,0.45,0.376,0.749,0.676,0.545,0.47,0.225,0.443,0.714,none,organic,2024-07-21
H00543,29,25-34,Croydon,young_professionals,families,0.4,0.874,0.399,0.499,0.159,0.583,0.573,0.633,0.335,0.686,0.687,0.469,0.818,0.618,0.779,0.85,none,organic,2024-07-22
H00544,27,25-34,Kingston upon Thames,foodies,young_professionals,0.462,0.598,0.488,0.073,0.913,0.515,0.74,0.423,0.3,0.443,0.78,0.633,0.864,0.781,0.838,0.423,none,organic,2024-07-22
H00545,26,25-34,Hammersmith and Fulham,young_professionals,students,0.352,0.841,0.297,0.219,0.297,0.49,0.673,0.773,0.363,0.837,0.556,0.584,0.681,0.542,0.871,0.735,none,organic,2024-07-23
H00546,31,25-34,Redbridge,young_professionals,students,0.379,0.762,0.32,0.304,0.358,0.764,0.777,0.864,0.428,0.817,0.58,0.804,0.764,0.608,0.693,0.542,none,organic,2024-07-23
H00547,29,25-34,Enfield,young_professionals,families,0.328,0.778,0.245,0.647,0.306,0.689,0.579,0.683,0.554,0.822,0.681,0.723,0.519,0.322,0.533,0.612,vegan|dairy_free,organic,2024-07-24
H00548,31,25-34,Tower Hamlets,families,students,0.502,0.302,0.491,0.863,0.26,0.624,0.296,0.551,0.697,0.74,0.531,0.641,0.958,1.0,0.586,0.236,gluten_free,organic,2024-07-24
H00549,30,25-34,Kensington and Chelsea,foodies,young_professionals,0.144,0.389,0.376,0.162,0.732,0.601,0.869,0.522,0.283,0.215,0.762,0.673,0.825,0.616,0.828,0.028,none,organic,2024-07-24
H00550,28,25-34,Southwark,young_professionals,students,0.358,0.778,0.042,0.262,0.124,0.536,0.798,0.711,0.487,0.842,0.662,0.731,0.748,0.579,0.526,0.642,none,organic,2024-07-24
H00551,29,25-34,Barking and Dagenham,foodies,families,0.38,0.242,0.455,0.531,0.708,0.74,0.888,0.587,0.25,0.466,0.696,0.728,0.748,0.608,1.0,0.585,vegetarian,organic,2024-07-26
H00552,39,35-44,Newham,fitness,foodies,0.352,0.36,0.874,0.0,0.507,0.837,0.339,0.505,0.487,0.705,0.418,0.603,0.252,0.408,0.431,0.671,vegetarian,organic,2024-07-27
H00553,29,25-34,Redbridge,foodies,young_professionals,0.341,0.428,0.114,0.0,0.79,0.563,0.842,0.597,0.237,0.491,0.699,0.634,0.885,0.513,1.0,0.339,nut_allergy,organic,2024-07-28
H00554,34,25-34,Lewisham,families,students,0.508,0.305,0.214,0.825,0.316,0.609,0.32,0.519,0.698,0.784,0.487,0.473,0.724,0.583,0.295,0.297,vegan,organic,2024-07-29
H00555,33,25-34,Waltham Forest,young_professionals,fitness,0.484,0.867,0.543,0.24,0.106,0.542,0.753,0.588,0.461,0.857,0.634,0.946,0.812,0.551,0.557,0.796,none,organic,2024-07-29
H00556,23,18-24,Southwark,students,foodies,0.763,0.138,0.393,0.26,0.44,0.529,0.69,0.85,0.874,0.679,0.65,0.52,0.475,0.665,0.438,0.52,gluten_free,organic,2024-07-30
H00557,21,18-24,Islington,students,foodies,0.889,0.148,0.316,0.277,0.4,0.471,0.74,0.937,0.884,0.646,0.607,0.535,0.785,0.675,0.304,0.566,dairy_free,organic,2024-07-30
H00558,24,18-24,Westminster,students,young_professionals,0.908,0.603,0.236,0.321,0.386,0.646,0.84,0.619,1.0,0.643,0.7,0.703,0.877,0.667,0.525,0.52,vegetarian,P008,2024-07-31
H00559,23,18-24,Southwark,students,foodies,0.821,0.287,0.362,0.334,0.444,0.359,0.784,0.923,1.0,0.686,0.638,0.804,0.74,0.667,0.374,0.651,none,P008,2024-07-31
H00560,18,18-24,Waltham Forest,students,families,0.846,0.218,0.35,0.486,0.104,0.553,0.731,0.786,0.942,0.734,0.608,0.767,0.632,0.869,0.59,0.572,none,P008,2024-07-31
H00561,21,18-24,Bromley,students,families,0.718,0.246,0.089,0.391,0.325,0.373,0.696,0.802,0.915,0.681,0.508,0.658,1.0,0.658,0.383,0.945,none,P008,2024-07-31
H00562,32,25-34,Hillingdon,young_professionals,foodies,0.163,0.895,0.268,0.234,0.541,0.613,0.88,0.735,0.471,0.875,0.614,0.6,0.639,0.577,0.55,0.691,none,P008,2024-07-31
H00563,23,18-24,Barnet,students,fitness,0.823,0.095,0.569,0.279,0.288,0.512,0.757,0.781,0.934,0.656,0.575,0.725,0.822,0.676,0.535,0.441,none,P008,2024-07-31
H00564,18,18-24,Waltham Forest,students,families,0.835,0.155,0.195,0.488,0.214,0.457,0.698,0.719,1.0,0.776,0.481,0.705,0.714,0.615,0.471,0.5,vegetarian,P008,2024-07-31
H00565,23,18-24,Westminster,young_professionals,foodies,0.065,0.845,0.287,0.169,0.398,0.654,0.606,0.742,0.416,0.956,0.488,0.669,0.696,0.69,0.8,0.655,dairy_free,P008,2024-07-31
H00566,20,18-24,Westminster,students,fitness,0.887,0.159,0.363,0.0,0.132,0.403,0.653,0.79,0.91,0.669,0.717,0.614,0.917,0.625,0.459,0.692,none,P008,2024-07-31
H00567,34,25-34,Camden,fitness,families,0.363,0.219,0.895,0.579,0.371,1.0,0.475,0.476,0.615,0.555,0.555,0.85,0.405,0.113,0.415,0.852,none,P008,2024-07-31
H00568,40,35-44,Croydon,foodies,students,0.566,0.172,0.271,0.358,0.872,0.616,0.84,0.544,0.288,0.346,0.706,0.689,0.482,0.512,0.916,0.297,none,P008,2024-07-31
H00569,21,18-24,Westminster,students,fitness,0.775,0.228,0.298,0.118,0.275,0.582,0.889,0.867,0.855,0.596,0.665,0.708,1.0,0.706,0.687,0.531,none,P008,2024-07-31
H00570,45,45+,Westminster,foodies,young_professionals,0.147,0.227,0.145,0.116,0.834,0.653,0.962,0.737,0.29,0.138,0.756,0.674,0.576,0.618,0.907,0.239,dairy_free,P008,2024-07-31
H00571,27,25-34,Greenwich,young_professionals,families,0.231,0.887,0.294,0.312,0.234,0.512,0.68,0.577,0.344,0.663,0.465,0.719,0.642,0.455,0.609,0.598,none,P008,2024-07-31
H00572,32,25-34,Lewisham,young_professionals,students,0.33,0.79,0.286,0.115,0.284,0.691,0.624,0.652,0.468,1.0,0.452,0.641,0.987,0.517,0.373,0.58,vegetarian,P008,2024-07-31
H00573,23,18-24,Tower Hamlets,students,fitness,0.832,0.229,0.439,0.037,0.102,0.505,0.77,0.821,0.755,0.749,0.517,0.68,0.876,0.664,0.612,0.723,none,P008,2024-07-31
H00574,18,18-24,Hackney,students,families,0.816,0.317,0.188,0.476,0.171,0.575,0.863,0.801,0.666,0.589,0.626,0.514,0.711,0.791,0.626,0.481,vegetarian,P008,2024-07-31
H00575,22,18-24,Enfield,students,young_professionals,0.818,0.457,0.18,0.318,0.367,0.387,0.687,0.922,0.964,0.598,0.568,0.415,0.681,0.865,0.435,0.564,none,P008,2024-07-31
H00576,35,35-44,Camden,foodies,young_professionals,0.37,0.444,0.268,0.275,0.834,0.622,0.849,0.421,0.394,0.133,0.695,0.643,0.728,0.513,0.729,0.304,none,P008,2024-07-31
H00577,26,25-34,Westminster,young_professionals,students,0.446,0.839,0.345,0.324,0.444,0.638,0.743,0.698,0.398,0.999,0.554,0.801,0.721,0.756,0.562,0.572,none,P008,2024-07-31
H00578,25,25-34,Westminster,students,fitness,0.834,0.368,0.768,0.349,0.105,0.609,0.78,0.777,0.976,0.747,0.578,0.782,0.766,0.83,0.54,0.57,none,P008,2024-07-31
H00579,20,18-24,Lambeth,students,young_professionals,0.811,0.362,0.209,0.179,0.247,0.19,0.814,0.744,0.945,0.699,0.531,0.688,0.747,0.911,0.448,0.68,none,P008,2024-07-31
H00580,18,18-24,Barnet,students,fitness,1.0,0.231,0.407,0.154,0.122,0.32,0.749,0.692,0.86,0.793,0.575,0.522,0.852,0.749,0.385,0.64,none,P008,2024-07-31
H00581,26,25-34,Redbridge,students,families,0.726,0.288,0.239,0.477,0.221,0.525,0.723,0.783,0.933,0.617,0.55,0.737,0.548,0.727,0.414,0.673,none,P008,2024-07-31
H00582,27,25-34,Westminster,young_professionals,families,0.228,0.817,0.293,0.569,0.399,0.646,0.823,0.43,0.587,0.836,0.412,0.39,0.466,0.548,0.592,0.726,none,P008,2024-07-31
H00583,20,18-24,Brent,students,families,0.78,0.335,0.182,0.435,0.207,0.664,0.771,0.923,1.0,0.639,0.553,0.546,0.725,0.675,0.402,0.46,none,P008,2024-07-31
H00584,34,25-34,Westminster,fitness,foodies,0.282,0.02,0.89,0.072,0.337,0.974,0.582,0.645,0.439,0.768,0.551,0.778,0.339,0.273,0.059,0.864,dairy_free,P008,2024-07-31
H00585,27,25-34,Westminster,young_professionals,students,0.563,0.933,0.215,0.164,0.215,0.712,0.689,0.51,0.319,0.867,0.655,0.502,0.611,0.744,0.574,0.829,none,P008,2024-07-31
H00586,28,25-34,Harrow,young_professionals,families,0.281,0.936,0.155,0.526,0.153,0.395,0.744,0.403,0.427,0.935,0.662,0.594,0.51,0.467,0.622,0.406,vegan,P008,2024-07-31
H00587,40,35-44,Westminster,families,young_professionals,0.258,0.379,0.334,0.861,0.01,0.705,0.206,0.425,0.694,0.873,0.496,0.471,0.727,0.739,0.367,0.656,vegetarian,P008,2024-07-31
H00588,21,18-24,Westminster,students,young_professionals,0.761,0.34,0.272,0.272,0.265,0.404,0.595,0.784,0.859,0.817,0.43,0.631,0.642,0.923,0.346,0.617,none,P008,2024-07-31
H00589,28,25-34,Westminster,young_professionals,fitness,0.093,0.859,0.429,0.111,0.359,0.537,0.425,0.715,0.346,0.897,0.739,0.752,0.769,0.568,0.79,0.523,vegetarian,P008,2024-07-31
H00590,28,25-34,Croydon,young_professionals,families,0.473,0.894,0.61,0.618,0.342,0.577,0.701,0.411,0.431,0.775,0.692,0.869,0.719,0.597,0.42,0.721,none,P008,2024-07-31
H00591,41,35-44,Waltham Forest,families,foodies,0.308,0.098,0.421,0.75,0.424,0.586,0.456,0.403,0.71,0.848,0.482,0.345,0.568,0.789,0.542,0.388,none,organic,2024-07-31
H00592,33,25-34,Hammersmith and Fulham,young_professionals,foodies,0.205,0.966,0.289,0.087,0.515,0.56,0.68,0.434,0.522,0.872,0.686,0.697,0.48,0.57,0.464,0.722,vegetarian,organic,2024-07-31
H00593,37,35-44,Barking and Dagenham,foodies,young_professionals,0.318,0.335,0.219,0.163,0.871,0.434,0.944,0.572,0.303,0.302,0.914,0.6,0.925,0.694,1.0,0.385,none,organic,2024-07-31
H00594,41,35-44,Barking and Dagenham,families,students,0.441,0.276,0.255,0.967,0.331,0.613,0.336,0.574,0.833,0.835,0.812,0.599,0.778,0.817,0.524,0.594,none,organic,2024-07-31
H00595,23,18-24,Barking and Dagenham,fitness,foodies,0.172,0.223,1.0,0.319,0.397,0.797,0.436,0.504,0.349,0.612,0.575,0.582,0.481,0.085,0.374,0.863,none,organic,2024-08-01
H00596,22,18-24,Barnet,students,fitness,0.916,0.355,0.482,0.4,0.352,0.46,0.744,0.838,0.924,0.66,0.57,0.722,0.679,0.873,0.379,0.466,none,organic,2024-08-02
H00597,19,18-24,Greenwich,fitness,students,0.468,0.349,0.773,0.272,0.248,0.677,0.542,0.74,0.484,0.632,0.593,0.639,0.262,0.607,0.406,0.971,none,organic,2024-08-03
H00598,29,25-34,Greenwich,fitness,young_professionals,0.153,0.442,0.94,0.437,0.275,0.693,0.469,0.612,0.49,0.738,0.52,0.578,0.414,0.227,0.418,0.842,vegetarian,organic,2024-08-03
H00599,31,25-34,Redbridge,families,foodies,0.333,0.349,0.246,0.855,0.456,0.721,0.341,0.25,0.79,0.67,0.549,0.536,0.611,0.658,0.642,0.244,none,organic,2024-08-03
H00600,28,25-34,Wandsworth,young_professionals,families,0.243,0.846,0.016,0.441,0.113,0.428,0.679,0.647,0.43,0.774,0.676,0.71,0.777,0.277,0.616,0.664,none,organic,2024-08-03
H00601,31,25-34,Newham,young_professionals,families,0.231,0.845,0.0,0.399,0.146,0.632,0.798,0.63,0.546,0.75,0.81,0.595,0.56,0.683,0.681,0.701,none,organic,2024-08-03
H00602,25,25-34,Tower Hamlets,foodies,young_professionals,0.0,0.389,0.261,0.276,0.762,0.598,1.0,0.517,0.133,0.315,0.59,0.652,0.606,0.365,1.0,0.335,none,P009,2024-08-04
H00603,23,18-24,Tower Hamlets,students,young_professionals,0.897,0.464,0.19,0.219,0.352,0.436,0.605,0.86,0.904,0.659,0.678,0.529,0.947,0.747,0.488,0.503,none,P009,2024-08-04
H00604,30,25-34,Tower Hamlets,fitness,young_professionals,0.35,0.401,1.0,0.0,0.069,0.818,0.659,0.558,0.546,0.623,0.666,0.889,0.384,0.508,0.277,0.992,none,P009,2024-08-04
H00605,34,25-34,Bexley,foodies,fitness,0.301,0.172,0.354,0.322,0.845,0.632,0.759,0.542,0.249,0.554,0.618,0.701,0.73,0.64,1.0,0.546,vegan,P009,2024-08-04
H00606,30,25-34,Tower Hamlets,young_professionals,families,0.02,0.882,0.181,0.272,0.047,0.659,0.815,0.806,0.373,1.0,0.453,0.84,0.591,0.438,0.674,0.763,none,P009,2024-08-04
H00607,32,25-34,Enfield,fitness,foodies,0.379,0.346,0.72,0.331,0.426,0.913,0.576,0.343,0.448,0.686,0.31,0.583,0.532,0.42,0.395,1.0,none,P009,2024-08-04
H00608,31,25-34,Tower Hamlets,young_professionals,foodies,0.253,0.96,0.205,0.49,0.528,0.654,0.733,0.587,0.493,0.741,0.663,0.915,0.846,0.635,0.434,0.674,none,P009,2024-08-04
H00609,38,35-44,Newham,families,fitness,0.512,0.393,0.672,0.948,0.152,0.696,0.31,0.522,1.0,0.819,0.56,0.344,0.524,0.724,0.436,0.348,none,P009,2024-08-04
H00610,42,35-44,Tower Hamlets,foodies,fitness,0.276,0.119,0.501,0.293,0.907,0.548,0.817,0.673,0.253,0.404,0.639,0.488,0.791,0.63,1.0,0.336,none,P009,2024-08-04
H00611,22,18-24,Tower Hamlets,fitness,young_professionals,0.488,0.498,0.833,0.197,0.178,0.968,0.545,0.701,0.557,0.756,0.648,0.818,0.246,0.285,0.345,0.871,vegetarian,P009,2024-08-04
H00612,37,35-44,Tower Hamlets,foodies,families,0.359,0.273,0.19,0.465,0.769,0.543,1.0,0.484,0.371,0.569,0.858,0.646,0.564,0.437,0.901,0.318,none,P009,2024-08-04
H00613,28,25-34,Tower Hamlets,young_professionals,students,0.285,0.834,0.114,0.198,0.276,0.587,0.579,0.826,0.343,0.916,0.62,0.822,0.855,0.617,0.533,0.783,none,P009,2024-08-04
H00614,24,18-24,Redbridge,young_professionals,foodies,0.145,0.784,0.355,0.045,0.375,0.727,0.7,0.635,0.509,0.75,0.471,0.799,0.518,0.418,0.7,0.713,none,P009,2024-08-04
H00615,25,25-34,Lewisham,young_professionals,students,0.566,0.796,0.237,0.386,0.097,0.584,0.67,0.607,0.473,0.891,0.62,0.609,0.53,0.598,0.777,0.668,vegan,P009,2024-08-04
H00616,32,25-34,Tower Hamlets,fitness,young_professionals,0.129,0.496,0.808,0.2,0.275,0.919,0.527,0.395,0.525,0.645,0.613,0.704,0.431,0.46,0.208,0.859,none,P009,2024-08-04
H00617,36,35-44,Tower Hamlets,foodies,young_professionals,0.369,0.713,0.392,0.47,0.771,0.563,0.882,0.672,0.384,0.249,0.826,0.572,0.756,0.577,1.0,0.35,vegetarian,P009,2024-08-04
H00618,31,25-34,Tower Hamlets,young_professionals,fitness,0.169,0.939,0.26,0.223,0.234,0.459,0.763,0.599,0.451,0.721,0.612,0.861,0.553,0.477,0.655,0.708,none,P009,2024-08-04
H00619,22,18-24,Hammersmith and Fulham,students,families,0.894,0.278,0.022,0.401,0.215,0.675,0.974,0.963,1.0,0.692,0.667,0.688,0.564,0.93,0.585,0.546,vegan,P009,2024-08-04
H00620,22,18-24,Kensington and Chelsea,young_professionals,students,0.442,0.869,0.343,0.173,0.086,0.771,0.482,0.83,0.658,0.859,0.518,0.714,0.755,0.488,0.629,0.648,none,P009,2024-08-04
H00621,39,35-44,Southwark,families,foodies,0.153,0.368,0.229,0.837,0.508,0.454,0.34,0.546,0.621,0.729,0.583,0.522,0.788,0.804,0.659,0.307,dairy_free,P009,2024-08-04
H00622,25,25-34,Lewisham,foodies,families,0.373,0.242,0.199,0.375,0.912,0.618,0.974,0.611,0.134,0.451,0.741,0.745,0.783,0.507,0.84,0.479,none,P009,2024-08-04
H00623,21,18-24,Croydon,students,young_professionals,0.945,0.363,0.343,0.244,0.335,0.57,0.758,0.821,0.83,0.683,0.581,0.802,0.84,0.617,0.567,0.539,gluten_free,P009,2024-08-04
H00624,25,25-34,Ealing,students,families,0.744,0.406,0.415,0.509,0.409,0.422,0.783,0.874,0.843,0.588,0.589,0.636,0.768,0.589,0.42,0.636,none,P009,2024-08-04
H00625,26,25-34,Tower Hamlets,young_professionals,fitness,0.125,0.874,0.384,0.361,0.223,0.471,0.703,0.627,0.46,0.869,0.714,0.76,0.803,0.536,0.558,0.57,none,P009,2024-08-04
H00626,22,18-24,Tower Hamlets,students,fitness,0.929,0.369,0.403,0.238,0.263,0.375,0.605,0.687,0.905,0.671,0.403,0.696,0.712,0.609,0.406,0.511,none,P009,2024-08-04
H00627,39,35-44,Tower Hamlets,foodies,families,0.015,0.002,0.3,0.314,0.807,0.595,1.0,0.581,0.356,0.415,0.823,0.685,0.723,0.612,0.881,0.439,none,P009,2024-08-04
H00628,30,25-34,Kingston upon Thames,young_professionals,foodies,0.428,0.788,0.261,0.442,0.523,0.625,0.669,0.744,0.586,0.746,0.565,0.86,0.634,0.491,0.721,0.782,none,P009,2024-08-04
H00629,24,18-24,Bexley,young_professionals,fitness,0.166,0.765,0.305,0.155,0.193,0.42,0.703,0.814,0.617,0.669,0.63,0.631,0.507,0.536,0.747,0.722,none,P009,2024-08-04
H00630,18,18-24,Kensington and Chelsea,students,fitness,0.836,0.176,0.312,0.27,0.279,0.533,0.694,0.794,1.0,0.59,0.73,0.539,0.709,0.636,0.713,0.49,nut_allergy,P009,2024-08-04
H00631,29,25-34,Waltham Forest,young_professionals,families,0.251,0.933,0.0,0.309,0.303,0.543,0.582,0.631,0.59,0.868,0.75,0.66,0.776,0.472,0.627,0.676,dairy_free,P009,2024-08-04
H00632,28,25-34,Southwark,foodies,young_professionals,0.432,0.56,0.212,0.025,0.824,0.747,0.903,0.476,0.18,0.364,0.637,0.463,0.776,0.682,0.906,0.435,none,P009,2024-08-04
H00633,31,25-34,Tower Hamlets,young_professionals,students,0.391,0.853,0.264,0.378,0.238,0.588,0.68,0.365,0.417,0.715,0.622,0.768,0.734,0.718,0.597,0.924,none,P009,2024-08-04
H00634,18,18-24,Tower Hamlets,students,fitness,0.837,0.244,0.389,0.158,0.255,0.57,0.614,0.661,0.779,0.701,0.67,0.628,0.693,0.724,0.519,0.493,none,P009,2024-08-04
H00635,20,18-24,Redbridge,students,families,0.964,0.314,0.189,0.485,0.212,0.418,0.846,0.87,1.0,0.634,0.582,0.558,0.83,0.747,0.484,0.532,none,P009,2024-08-04
H00636,39,35-44,Newham,foodies,students,0.523,0.216,0.383,0.365,0.728,0.597,0.681,0.418,0.3,0.547,0.68,0.754,0.642,0.607,1.0,0.358,none,P009,2024-08-04
H00637,33,25-34,Tower Hamlets,foodies,fitness,0.464,0.197,0.511,0.341,0.861,0.45,0.732,0.427,0.362,0.235,0.78,0.666,0.692,0.653,0.969,0.075,none,P009,2024-08-04
H00638,22,18-24,Tower Hamlets,students,young_professionals,0.972,0.553,0.096,0.248,0.065,0.566,0.796,0.765,0.977,0.782,0.531,0.658,0.886,0.95,0.36,0.518,vegan|gluten_free,P009,2024-08-04
H00639,27,25-34,Southwark,young_professionals,students,0.583,0.843,0.38,0.564,0.233,0.572,0.69,0.726,0.336,0.87,0.67,0.536,0.732,0.349,0.586,0.51,vegan,P009,2024-08-04
H00640,18,18-24,Greenwich,students,families,0.767,0.238,0.074,0.379,0.001,0.207,0.789,0.947,1.0,0.746,0.431,0.637,0.982,0.58,0.312,0.663,none,P009,2024-08-04
H00641,35,35-44,Hackney,young_professionals,families,0.369,0.962,0.128,0.607,0.296,0.412,0.755,0.638,0.347,0.876,0.465,0.694,0.554,0.49,0.591,0.528,vegan,P009,2024-08-04
H00642,22,18-24,Tower Hamlets,students,families,0.836,0.276,0.218,0.564,0.213,0.539,0.88,0.789,0.814,0.911,0.397,0.529,0.818,0.945,0.473,0.67,none,P009,2024-08-04
H00643,29,25-34,Tower Hamlets,families,foodies,0.417,0.068,0.108,0.837,0.459,0.711,0.439,0.431,0.583,0.819,0.55,0.442,0.565,0.667,0.607,0.18,none,P009,2024-08-04
H00644,44,35-44,Barnet,foodies,fitness,0.458,0.054,0.503,0.502,0.648,0.377,0.863,0.558,0.415,0.48,0.845,0.488,0.804,0.661,0.749,0.152,none,P009,2024-08-04
H00645,21,18-24,Tower Hamlets,students,fitness,1.0,0.269,0.355,0.288,0.067,0.482,0.617,0.793,0.783,0.588,0.715,0.707,0.775,0.509,0.378,0.605,gluten_free,P009,2024-08-04
H00646,22,18-24,Tower Hamlets,young_professionals,fitness,0.331,0.77,0.493,0.202,0.0,0.601,0.79,0.486,0.29,0.994,0.61,0.762,0.516,0.562,0.462,0.792,dairy_free,P009,2024-08-04
H00647,19,18-24,Southwark,students,fitness,0.902,0.047,0.533,0.146,0.244,0.393,0.791,0.819,1.0,0.744,0.665,0.571,0.813,0.663,0.497,0.633,none,P009,2024-08-04
H00648,29,25-34,Tower Hamlets,young_professionals,students,0.661,0.735,0.477,0.415,0.565,0.485,0.649,0.66,0.431,0.935,0.944,0.8,0.562,0.394,0.561,0.537,none,P009,2024-08-04
H00649,22,18-24,Tower Hamlets,students,young_professionals,0.921,0.598,0.19,0.282,0.396,0.54,0.901,0.633,0.809,0.782,0.285,0.759,0.877,0.681,0.398,0.421,vegan|dairy_free,P009,2024-08-04
H00650,27,25-34,Tower Hamlets,young_professionals,foodies,0.198,0.818,0.259,0.258,0.581,0.479,0.718,0.758,0.271,0.795,0.463,0.718,0.779,0.496,0.594,0.825,none,P009,2024-08-04
H00651,28,25-34,Tower Hamlets,foodies,families,0.324,0.176,0.363,0.377,0.864,0.693,0.813,0.468,0.0,0.343,0.668,0.698,0.463,0.522,1.0,0.276,none,P009,2024-08-04
H00652,20,18-24,Tower Hamlets,students,fitness,0.813,0.389,0.443,0.314,0.178,0.349,0.565,0.852,0.996,0.521,0.587,0.83,0.822,0.7,0.337,0.56,gluten_free,P009,2024-08-04
H00653,32,25-34,Redbridge,foodies,fitness,0.138,0.363,0.371,0.33,0.984,0.571,1.0,0.647,0.212,0.313,0.863,0.761,0.573,0.583,0.974,0.339,none,P009,2024-08-04
H00654,22,18-24,Tower Hamlets,students,young_professionals,0.814,0.479,0.245,0.451,0.05,0.388,0.723,0.888,0.846,0.503,0.42,0.701,0.526,0.714,0.283,0.747,none,P009,2024-08-04
H00655,25,25-34,Tower Hamlets,young_professionals,families,0.339,0.827,0.254,0.571,0.23,0.534,0.786,0.77,0.309,1.0,0.458,0.905,0.668,0.49,0.551,0.646,none,P009,2024-08-04
H00656,28,25-34,Croydon,young_professionals,foodies,0.184,0.885,0.177,0.128,0.237,0.682,0.772,0.634,0.467,0.776,0.661,0.525,0.743,0.547,0.542,0.622,none,P009,2024-08-04
H00657,42,35-44,Tower Hamlets,foodies,students,0.726,0.483,0.215,0.394,0.776,0.657,0.904,0.742,0.159,0.585,0.596,0.407,0.693,0.464,0.945,0.391,vegan,P009,2024-08-04
H00658,22,18-24,Wandsworth,students,young_professionals,0.836,0.466,0.273,0.155,0.047,0.466,0.746,0.697,0.976,0.7,0.481,0.724,0.548,0.554,0.316,0.592,vegetarian,P009,2024-08-04
H00659,30,25-34,Brent,young_professionals,students,0.453,0.785,0.237,0.212,0.21,0.454,0.897,0.636,0.292,0.65,0.547,0.859,0.683,0.507,0.737,0.665,none,organic,2024-08-04
H00660,28,25-34,Croydon,fitness,foodies,0.415,0.4,0.831,0.402,0.567,0.899,0.485,0.34,0.403,0.646,0.731,0.727,0.38,0.29,0.263,1.0,none,organic,2024-08-04
H00661,33,25-34,Wandsworth,families,students,0.582,0.459,0.504,0.931,0.07,0.622,0.383,0.453,0.719,0.694,0.469,0.546,0.675,0.867,0.482,0.36,none,organic,2024-08-05
H00662,22,18-24,Hillingdon,students,young_professionals,0.904,0.463,0.276,0.168,0.032,0.629,0.531,0.798,0.821,0.787,0.549,0.597,0.776,0.898,0.488,0.624,none,organic,2024-08-05
H00663,31,25-34,Croydon,foodies,young_professionals,0.387,0.555,0.369,0.113,0.823,0.627,0.855,0.785,0.229,0.488,0.748,0.698,0.395,0.792,0.834,0.482,none,organic,2024-08-06
H00664,22,18-24,Wandsworth,students,families,0.9,0.251,0.261,0.395,0.277,0.636,0.622,0.915,0.797,0.808,0.668,0.492,0.737,0.955,0.462,0.658,none,organic,2024-08-07
H00665,27,25-34,Camden,fitness,young_professionals,0.093,0.499,0.898,0.182,0.343,0.858,0.455,0.612,0.591,0.572,0.384,0.935,0.422,0.051,0.152,0.926,vegetarian,organic,2024-08-07
H00666,28,25-34,Croydon,fitness,young_professionals,0.21,0.415,0.815,0.401,0.265,0.95,0.447,0.593,0.59,0.668,0.655,0.669,0.497,0.094,0.442,1.0,none,organic,2024-08-08
H00667,35,35-44,Brent,foodies,fitness,0.063,0.174,0.368,0.304,0.743,0.781,0.884,0.793,0.367,0.378,0.632,0.589,0.745,0.565,0.998,0.441,none,organic,2024-08-08
H00668,37,35-44,Lambeth,foodies,students,0.4,0.215,0.342,0.232,0.758,0.714,0.932,0.382,0.405,0.486,0.637,0.719,0.72,0.593,1.0,0.458,none,organic,2024-08-09
H00669,19,18-24,Havering,students,families,0.727,0.406,0.29,0.677,0.221,0.418,0.871,0.717,0.903,0.715,0.551,0.663,0.576,0.776,0.417,0.698,dairy_free,organic,2024-08-09
H00670,27,25-34,Croydon,young_professionals,fitness,0.252,0.805,0.358,0.224,0.247,0.734,0.632,0.778,0.524,0.831,0.574,0.772,0.755,0.598,0.519,0.629,dairy_free,P010,2024-08-10
H00671,35,35-44,Croydon,foodies,students,0.43,0.381,0.341,0.316,0.907,0.868,0.746,0.696,0.214,0.363,1.0,0.535,0.613,0.598,0.848,0.506,none,P010,2024-08-10
H00672,32,25-34,Croydon,young_professionals,foodies,0.101,0.728,0.266,0.065,0.528,0.5,0.68,0.629,0.521,0.896,0.517,0.711,0.623,0.64,0.46,0.892,none,P010,2024-08-10
H00673,33,25-34,Croydon,foodies,fitness,0.126,0.105,0.169,0.154,0.772,0.621,0.89,0.457,0.186,0.222,0.881,0.714,0.597,0.532,0.851,0.294,vegan,P010,2024-08-10
H00674,48,45+,Haringey,foodies,young_professionals,0.488,0.496,0.401,0.237,0.822,0.457,1.0,0.581,0.159,0.275,0.585,0.728,0.575,0.62,1.0,0.319,dairy_free,P010,2024-08-10
H00675,23,18-24,Croydon,fitness,young_professionals,0.242,0.686,0.847,0.26,0.208,0.937,0.383,0.623,0.499,0.467,0.611,0.498,0.483,0.27,0.572,1.0,none,P010,2024-08-10
H00676,22,18-24,Croydon,young_professionals,fitness,0.187,0.827,0.574,0.298,0.44,0.762,0.671,0.604,0.167,0.913,0.61,0.762,0.602,0.481,0.556,0.706,none,P010,2024-08-10
H00677,33,25-34,Waltham Forest,young_professionals,foodies,0.288,0.727,0.33,0.096,0.335,0.588,0.764,0.885,0.49,0.773,0.537,0.75,0.574,0.483,0.718,0.773,none,P010,2024-08-10
H00678,30,25-34,Newham,foodies,fitness,0.39,0.471,0.705,0.23,0.897,0.582,1.0,0.601,0.175,0.324,0.541,0.505,0.776,0.57,1.0,0.164,none,P010,2024-08-10
H00679,36,35-44,Croydon,families,students,0.443,0.401,0.396,0.957,0.245,0.66,0.457,0.394,0.706,0.801,0.484,0.415,0.657,0.746,0.451,0.34,none,P010,2024-08-10
H00680,20,18-24,Waltham Forest,students,families,0.926,0.294,0.399,0.425,0.316,0.317,0.816,0.878,1.0,0.828,0.745,0.774,0.777,0.584,0.487,0.484,nut_allergy,P010,2024-08-10
H00681,38,35-44,Croydon,families,fitness,0.371,0.285,0.44,0.946,0.328,0.703,0.35,0.322,0.648,0.639,0.603,0.501,0.557,0.682,0.561,0.444,none,P010,2024-08-10
H00682,18,18-24,Croydon,students,foodies,0.98,0.443,0.094,0.382,0.543,0.217,0.704,0.885,0.866,0.824,0.546,0.716,0.717,0.687,0.384,0.583,none,P010,2024-08-10
H00683,41,35-44,Newham,families,foodies,0.465,0.131,0.045,0.951,0.735,0.633,0.341,0.402,0.814,0.674,0.379,0.539,0.355,0.714,0.642,0.419,none,P010,2024-08-10
H00684,50,45+,Barnet,families,young_professionals,0.212,0.36,0.234,0.988,0.291,0.676,0.386,0.379,0.63,0.716,0.382,0.601,0.452,0.724,0.578,0.451,none,P010,2024-08-10
H00685,21,18-24,Croydon,students,fitness,0.915,0.308,0.502,0.177,0.0,0.684,0.666,0.809,0.778,0.704,0.537,0.521,1.0,0.691,0.391,0.666,none,P010,2024-08-10
H00686,41,35-44,Croydon,foodies,families,0.12,0.332,0.018,0.435,0.786,0.664,0.777,0.77,0.22,0.524,0.952,0.712,0.824,0.23,0.927,0.532,gluten_free,P010,2024-08-10
H00687,24,18-24,Croydon,young_professionals,foodies,0.256,0.945,0.362,0.018,0.47,0.662,0.536,0.467,0.438,0.829,0.627,0.672,0.876,0.569,0.628,0.674,vegetarian,P010,2024-08-10
H00688,40,35-44,Camden,families,students,0.41,0.026,0.032,0.896,0.27,0.689,0.162,0.435,0.553,0.712,0.639,0.527,0.403,0.669,0.32,0.147,none,P010,2024-08-10
H00689,40,35-44,Harrow,families,students,0.39,0.298,0.259,0.744,0.234,0.637,0.208,0.361,0.665,0.834,0.505,0.477,0.548,0.582,0.422,0.304,vegan,P010,2024-08-10
H00690,31,25-34,Greenwich,foodies,fitness,0.262,0.042,0.381,0.196,0.955,0.544,0.956,0.65,0.265,0.185,0.796,0.558,0.726,0.618,0.723,0.41,none,P010,2024-08-10
H00691,35,35-44,Croydon,fitness,families,0.318,0.003,0.787,0.362,0.12,0.796,0.294,0.46,0.651,0.856,0.623,0.623,0.373,0.357,0.162,0.831,none,P010,2024-08-10
H00692,26,25-34,Croydon,foodies,fitness,0.188,0.302,0.342,0.206,0.899,0.468,0.925,0.708,0.336,0.34,0.605,0.643,0.848,0.452,0.921,0.354,none,P010,2024-08-10
H00693,34,25-34,Barking and Dagenham,fitness,students,0.365,0.153,0.997,0.339,0.224,0.976,0.465,0.678,0.5,0.663,0.446,0.777,0.369,0.356,0.378,0.922,none,P010,2024-08-10
H00694,32,25-34,Hackney,foodies,young_professionals,0.082,0.385,0.179,0.101,0.873,0.583,1.0,0.68,0.402,0.073,0.923,0.726,0.995,0.506,0.738,0.401,none,P010,2024-08-10
H00695,33,25-34,Brent,young_professionals,fitness,0.287,0.933,0.378,0.262,0.249,0.524,0.687,0.583,0.448,0.746,0.472,0.897,0.534,0.55,0.715,0.76,none,P010,2024-08-10
H00696,42,35-44,Newham,families,students,0.506,0.364,0.024,0.8,0.404,0.668,0.44,0.253,0.671,0.833,0.557,0.676,0.411,0.547,0.592,0.454,none,P010,2024-08-10
H00697,22,18-24,Croydon,students,foodies,0.757,0.178,0.194,0.328,0.436,0.575,0.696,0.771,0.741,0.629,0.602,0.738,0.822,0.816,0.701,0.46,none,P010,2024-08-10
H00698,28,25-34,Lambeth,foodies,families,0.154,0.314,0.488,0.531,1.0,0.652,0.89,0.581,0.182,0.349,0.85,0.652,0.6,0.45,0.853,0.447,none,P010,2024-08-10
H00699,27,25-34,Harrow,foodies,families,0.0,0.363,0.165,0.403,0.771,0.425,0.788,0.349,0.473,0.503,0.789,0.666,0.514,0.574,1.0,0.416,nut_allergy,P010,2024-08-10
H00700,20,18-24,Croydon,fitness,students,0.507,0.289,0.839,0.161,0.108,0.864,0.805,0.494,0.41,0.547,0.579,0.494,0.435,0.071,0.369,0.738,dairy_free,P010,2024-08-10
H00701,50,45+,Kensington and Chelsea,families,young_professionals,0.138,0.277,0.191,0.916,0.193,0.753,0.313,0.32,0.78,0.586,0.416,0.429,0.682,0.898,0.666,0.414,none,P010,2024-08-10
H00702,42,35-44,Croydon,families,fitness,0.128,0.023,0.365,0.86,0.29,0.661,0.29,0.38,0.962,0.768,0.595,0.415,0.722,0.841,0.592,0.376,vegetarian|dairy_free,P010,2024-08-10
H00703,34,25-34,Croydon,young_professionals,fitness,0.342,0.846,0.434,0.164,0.192,0.553,0.679,0.654,0.416,0.843,0.594,0.696,0.557,0.68,0.347,0.625,none,P010,2024-08-10
H00704,31,25-34,Camden,families,fitness,0.225,0.285,0.461,0.811,0.122,0.92,0.309,0.445,0.623,0.803,0.637,0.429,0.593,0.643,0.363,0.474,gluten_free,P010,2024-08-10
H00705,27,25-34,Croydon,families,students,0.565,0.18,0.263,0.837,0.279,0.602,0.352,0.216,0.746,0.766,0.747,0.501,0.487,0.744,0.461,0.402,none,P010,2024-08-10
H00706,32,25-34,Croydon,families,fitness,0.055,0.339,0.507,0.931,0.422,0.725,0.304,0.38,0.688,0.745,0.667,0.218,0.604,0.74,0.335,0.431,none,P010,2024-08-10
H00707,28,25-34,Croydon,young_professionals,students,0.577,1.0,0.386,0.357,0.275,0.457,0.743,0.623,0.503,0.894,0.539,0.826,0.59,0.498,0.536,0.786,vegetarian,P010,2024-08-10
H00708,45,45+,Lambeth,foodies,fitness,0.189,0.0,0.457,0.249,0.803,0.569,0.861,0.656,0.382,0.45,0.724,0.671,0.77,0.554,0.814,0.303,none,P010,2024-08-10
H00709,34,25-34,Ealing,young_professionals,families,0.097,0.816,0.246,0.419,0.221,0.713,0.6,0.566,0.575,0.858,0.667,0.798,0.646,0.508,0.7,0.789,vegan,P010,2024-08-10
H00710,32,25-34,Croydon,families,students,0.496,0.246,0.187,0.893,0.425,0.691,0.342,0.262,0.785,0.702,0.709,0.332,0.578,0.666,0.383,0.292,none,P010,2024-08-10
H00711,26,25-34,Harrow,young_professionals,foodies,0.026,0.668,0.22,0.205,0.266,0.411,0.62,0.565,0.465,0.728,0.768,0.755,0.635,0.741,0.598,0.698,none,P010,2024-08-10
H00712,27,25-34,Wandsworth,young_professionals,students,0.628,0.741,0.341,0.154,0.437,0.533,0.536,0.658,0.466,0.929,0.691,0.726,0.717,0.466,0.664,0.589,none,P010,2024-08-10
H00713,21,18-24,Westminster,students,families,0.817,0.064,0.14,0.259,0.084,0.396,0.763,0.873,1.0,0.687,0.385,0.494,0.711,0.469,0.665,0.622,none,P010,2024-08-10
H00714,24,18-24,Croydon,fitness,students,0.454,0.133,0.9,0.185,0.317,0.718,0.433,0.469,0.437,0.554,0.554,0.774,0.606,0.093,0.195,0.805,none,P010,2024-08-10
H00715,37,35-44,Croydon,families,fitness,0.191,0.408,0.443,0.872,0.178,0.754,0.484,0.446,0.649,0.854,0.597,0.812,0.637,0.834,0.535,0.338,none,P010,2024-08-10
H00716,41,35-44,Barking and Dagenham,families,students,0.473,0.346,0.231,0.983,0.102,0.571,0.253,0.573,0.711,0.863,0.688,0.451,0.651,0.755,0.361,0.328,none,P010,2024-08-10
H00717,36,35-44,Croydon,families,fitness,0.251,0.274,0.617,0.83,0.375,0.759,0.477,0.482,0.645,0.799,0.6,0.402,0.412,0.507,0.508,0.386,none,P010,2024-08-10
H00718,43,35-44,Croydon,families,young_professionals,0.323,0.502,0.356,0.904,0.369,0.609,0.522,0.188,0.713,0.893,0.461,0.481,0.552,0.668,0.529,0.195,none,P010,2024-08-10
H00719,28,25-34,Wandsworth,young_professionals,fitness,0.15,0.774,0.41,0.144,0.106,0.567,0.608,0.742,0.395,0.869,0.445,0.682,0.771,0.464,0.698,0.37,none,P010,2024-08-10
H00720,25,25-34,Enfield,students,fitness,0.861,0.401,0.459,0.192,0.244,0.461,0.808,0.877,0.844,0.853,0.682,0.781,0.649,0.628,0.411,0.557,none,P010,2024-08-10
H00721,40,35-44,Croydon,families,students,0.493,0.386,0.199,0.838,0.345,0.614,0.34,0.486,0.797,0.89,0.593,0.487,0.57,0.542,0.661,0.311,none,P010,2024-08-10
H00722,41,35-44,Croydon,families,fitness,0.113,0.161,0.532,0.84,0.213,0.635,0.231,0.505,0.748,0.604,0.527,0.875,0.602,0.661,0.379,0.563,none,P010,2024-08-10
H00723,39,35-44,Hillingdon,families,foodies,0.488,0.173,0.324,0.876,0.507,0.613,0.324,0.483,0.84,0.803,0.743,0.56,0.636,0.779,0.346,0.465,none,P010,2024-08-10
H00724,29,25-34,Southwark,young_professionals,fitness,0.182,0.812,0.576,0.466,0.197,0.644,0.796,0.643,0.413,1.0,0.601,0.836,0.585,0.633,0.425,0.595,none,P010,2024-08-10
H00725,42,35-44,Wandsworth,foodies,fitness,0.208,0.408,0.528,0.296,0.892,0.498,0.999,0.713,0.246,0.136,0.683,0.716,0.692,0.622,0.887,0.522,none,P010,2024-08-10
H00726,22,18-24,Croydon,students,young_professionals,0.913,0.379,0.369,0.161,0.356,0.469,0.738,0.688,0.787,0.49,0.238,0.684,1.0,0.966,0.333,0.568,none,P010,2024-08-10
H00727,32,25-34,Sutton,families,fitness,0.266,0.273,0.338,0.853,0.249,0.463,0.344,0.275,0.866,0.692,0.618,0.631,0.485,0.759,0.566,0.364,none,P010,2024-08-10
H00728,39,35-44,Bromley,foodies,families,0.359,0.431,0.388,0.539,0.652,0.69,0.754,0.634,0.219,0.216,0.744,0.504,0.792,0.557,0.961,0.394,none,organic,2024-08-11
H00729,37,35-44,Wandsworth,young_professionals,families,0.116,0.819,0.096,0.175,0.11,0.548,0.739,0.558,0.533,0.885,0.474,0.913,0.637,0.53,0.682,0.773,dairy_free,organic,2024-08-11
H00730,27,25-34,Ealing,young_professionals,foodies,0.253,0.774,0.252,0.181,0.398,0.575,0.497,0.528,0.561,0.864,0.71,0.733,0.653,0.744,0.645,0.842,none,organic,2024-08-11
H00731,39,35-44,Wandsworth,fitness,young_professionals,0.394,0.394,0.756,0.248,0.163,1.0,0.709,0.535,0.565,0.482,0.493,0.713,0.492,0.23,0.247,0.805,none,organic,2024-08-11
H00732,27,25-34,Hillingdon,young_professionals,foodies,0.252,0.834,0.436,0.369,0.555,0.57,0.572,0.662,0.404,1.0,0.663,0.776,0.835,0.653,0.382,0.781,none,organic,2024-08-11
H00733,23,18-24,Lambeth,young_professionals,students,0.587,0.883,0.269,0.171,0.317,0.764,0.729,0.688,0.395,0.885,0.516,0.77,0.745,0.548,0.732,0.817,none,organic,2024-08-12
H00734,41,35-44,Wandsworth,fitness,young_professionals,0.427,0.578,0.866,0.574,0.163,0.824,0.505,0.522,0.471,0.736,0.535,0.684,0.348,0.497,0.35,0.901,none,organic,2024-08-12
H00735,22,18-24,Sutton,students,foodies,0.793,0.173,0.212,0.279,0.411,0.376,0.697,0.876,0.79,0.633,0.489,0.756,0.712,0.707,0.411,0.575,none,organic,2024-08-12
H00736,21,18-24,Redbridge,students,fitness,0.978,0.226,0.51,0.405,0.271,0.486,0.78,0.808,0.897,0.65,0.47,0.825,0.77,0.761,0.282,0.644,vegetarian,organic,2024-08-12
H00737,43,35-44,Lambeth,foodies,students,0.558,0.351,0.029,0.418,0.879,0.574,0.948,0.496,0.456,0.53,0.748,0.435,0.847,0.849,0.91,0.359,vegan,organic,2024-08-13
H00738,23,18-24,Redbridge,students,foodies,0.855,0.142,0.299,0.08,0.436,0.305,0.728,0.793,0.985,0.729,0.572,0.543,0.668,0.832,0.452,0.509,none,organic,2024-08-13
H00739,21,18-24,Haringey,students,families,0.792,0.033,0.194,0.51,0.285,0.344,0.742,0.917,0.796,0.519,0.766,0.716,0.67,0.73,0.542,0.358,none,organic,2024-08-14
H00740,25,25-34,Southwark,young_professionals,fitness,0.179,1.0,0.566,0.298,0.344,0.637,0.542,0.7,0.32,0.788,0.58,0.639,0.653,0.536,0.608,0.826,none,organic,2024-08-14
H00741,29,25-34,Kensington and Chelsea,foodies,students,0.324,0.096,0.317,0.216,0.803,0.662,0.905,0.571,0.373,0.558,0.682,0.678,0.603,0.661,1.0,0.234,dairy_free,organic,2024-08-14
H00742,27,25-34,Lewisham,young_professionals,fitness,0.251,0.906,0.413,0.328,0.203,0.515,0.967,0.464,0.536,0.897,0.439,0.847,0.898,0.547,0.71,0.631,none,organic,2024-08-15
H00743,26,25-34,Lambeth,young_professionals,foodies,0.221,0.884,0.152,0.284,0.397,0.443,0.799,0.706,0.384,0.89,0.679,0.901,0.716,0.494,0.472,0.91,none,organic,2024-08-15
H00744,32,25-34,Hammersmith and Fulham,foodies,families,0.133,0.263,0.034,0.429,0.841,0.701,0.673,0.624,0.387,0.37,0.747,0.814,0.558,0.451,0.95,0.493,none,organic,2024-08-16
H00745,20,18-24,Southwark,students,families,0.936,0.332,0.458,0.537,0.164,0.469,0.593,1.0,0.783,0.574,0.558,0.692,1.0,0.672,0.56,0.611,none,organic,2024-08-19
H00746,30,25-34,Sutton,fitness,foodies,0.154,0.096,0.718,0.378,0.612,0.915,0.683,0.585,0.52,0.672,0.591,0.805,0.551,0.276,0.186,1.0,gluten_free,organic,2024-08-19
H00747,38,35-44,Hammersmith and Fulham,families,students,0.548,0.246,0.205,0.898,0.141,0.652,0.284,0.462,0.676,0.81,0.499,0.539,0.731,0.808,0.424,0.219,none,organic,2024-08-20
H00748,20,18-24,Bromley,students,foodies,0.92,0.207,0.353,0.34,0.359,0.365,0.744,0.797,0.907,0.844,0.492,0.731,0.528,0.65,0.388,0.507,none,organic,2024-08-20
H00749,29,25-34,Lewisham,foodies,students,0.424,0.339,0.275,0.0,0.808,0.506,0.91,0.72,0.319,0.382,0.729,0.595,0.624,0.553,0.781,0.559,dairy_free,organic,2024-08-21
H00750,29,25-34,Wandsworth,families,fitness,0.316,0.179,0.436,0.821,0.244,0.563,0.182,0.361,0.469,0.536,0.647,0.692,0.525,0.807,0.441,0.491,none,organic,2024-08-22
H00751,35,35-44,Newham,fitness,young_professionals,0.143,0.404,0.918,0.234,0.356,0.922,0.723,0.697,0.684,0.726,0.717,0.671,0.654,0.17,0.57,0.884,none,organic,2024-08-22
H00752,29,25-34,Ealing,fitness,students,0.471,0.051,0.896,0.354,0.0,1.0,0.451,0.439,0.71,0.675,0.721,0.51,0.109,0.2,0.333,0.841,none,organic,2024-08-23
H00753,22,18-24,Haringey,students,foodies,0.964,0.086,0.005,0.403,0.626,0.415,0.744,0.917,1.0,0.845,0.422,0.667,0.798,0.684,0.379,0.736,none,organic,2024-08-23
H00754,34,25-34,Hackney,foodies,young_professionals,0.305,0.446,0.317,0.336,0.962,0.493,0.859,0.517,0.306,0.429,0.767,0.567,0.724,0.675,1.0,0.302,none,organic,2024-08-24
H00755,28,25-34,Croydon,young_professionals,fitness,0.547,0.832,0.549,0.338,0.319,0.505,0.642,0.652,0.6,0.898,0.504,0.715,0.788,0.48,0.616,0.699,none,organic,2024-08-25
H00756,30,25-34,Camden,young_professionals,foodies,0.366,0.725,0.289,0.124,0.473,0.486,0.759,0.58,0.614,0.841,0.497,0.899,0.597,0.394,0.561,0.771,dairy_free,organic,2024-08-25
H00757,20,18-24,Tower Hamlets,students,families,0.871,0.377,0.298,0.397,0.304,0.494,0.587,0.607,0.968,0.562,0.46,0.536,0.664,1.0,0.409,0.547,none,organic,2024-08-25
H00758,24,18-24,Southwark,students,fitness,0.913,0.278,0.384,0.285,0.268,0.445,0.669,0.886,0.927,0.365,0.609,0.679,0.853,0.908,0.457,0.457,none,organic,2024-08-25
H00759,42,35-44,Ealing,foodies,young_professionals,0.0,0.456,0.444,0.386,0.799,0.515,0.898,0.604,0.426,0.363,0.47,0.95,0.63,0.401,1.0,0.504,none,organic,2024-08-25
H00760,38,35-44,Lambeth,foodies,young_professionals,0.258,0.46,0.351,0.177,0.816,0.694,0.876,0.626,0.262,0.366,0.811,0.679,0.504,0.547,1.0,0.445,none,organic,2024-08-26
H00761,25,25-34,Hammersmith and Fulham,young_professionals,families,0.226,0.848,0.301,0.435,0.182,0.582,0.559,0.715,0.487,0.854,0.505,0.937,0.745,0.474,0.771,0.814,none,organic,2024-08-27
H00762,38,35-44,Islington,fitness,students,0.375,0.219,0.808,0.054,0.284,0.972,0.532,0.574,0.507,0.601,0.642,0.676,0.465,0.349,0.302,0.839,none,organic,2024-08-27
H00763,26,25-34,Barnet,fitness,students,0.335,0.198,0.935,0.292,0.305,1.0,0.434,0.449,0.652,0.738,0.582,0.807,0.344,0.358,0.357,0.856,vegetarian,organic,2024-08-27
H00764,32,25-34,Brent,fitness,families,0.432,0.177,0.91,0.633,0.241,0.874,0.474,0.526,0.514,0.564,0.651,0.829,0.389,0.142,0.381,0.752,none,organic,2024-08-27
H00765,35,35-44,Brent,young_professionals,fitness,0.346,0.688,0.438,0.351,0.235,0.692,0.564,0.628,0.529,0.974,0.574,0.937,0.494,0.523,0.578,0.768,none,organic,2024-08-28
H00766,41,35-44,Bexley,families,young_professionals,0.356,0.43,0.356,0.696,0.413,0.813,0.366,0.415,0.713,0.595,0.464,0.398,0.698,0.704,0.492,0.331,none,organic,2024-08-29
H00767,22,18-24,Newham,students,families,0.807,0.285,0.268,0.368,0.286,0.475,0.669,0.772,0.903,0.797,0.528,0.617,0.736,0.87,0.532,0.589,none,organic,2024-08-29
H00768,24,18-24,Barking and Dagenham,students,fitness,0.852,0.168,0.495,0.32,0.389,0.522,0.718,0.902,0.868,0.684,0.677,0.646,0.878,0.835,0.697,0.488,none,organic,2024-08-29
H00769,33,25-34,Lambeth,young_professionals,families,0.043,0.844,0.257,0.351,0.321,0.703,0.875,0.803,0.516,0.915,0.643,0.953,0.604,0.505,0.521,0.943,none,organic,2024-08-30
H00770,30,25-34,Lambeth,young_professionals,students,0.553,0.848,0.242,0.438,0.37,0.582,0.708,0.76,0.605,0.877,0.515,0.684,0.685,0.589,0.503,0.403,vegetarian,organic,2024-08-30
H00771,28,25-34,Westminster,young_professionals,foodies,0.385,0.775,0.207,0.147,0.504,0.675,0.757,0.673,0.537,1.0,0.723,0.559,0.484,0.539,0.356,0.631,vegan,organic,2024-08-30
H00772,30,25-34,Lambeth,foodies,families,0.387,0.02,0.181,0.48,0.872,0.581,1.0,0.523,0.306,0.328,0.908,0.605,0.67,0.592,0.724,0.55,none,organic,2024-08-31
H00773,36,35-44,Camden,families,students,0.562,0.356,0.135,0.885,0.347,0.711,0.352,0.23,0.549,0.784,0.665,0.562,0.787,0.799,0.685,0.641,none,organic,2024-08-31
H00774,31,25-34,Barnet,young_professionals,foodies,0.16,0.92,0.264,0.416,0.474,0.686,0.593,0.487,0.354,0.885,0.745,0.972,0.619,0.435,0.603,0.669,none,organic,2024-08-31
H00775,35,35-44,Islington,young_professionals,fitness,0.123,0.793,0.284,0.281,0.231,0.667,0.831,0.576,0.407,0.693,0.638,0.994,0.586,0.521,0.657,0.639,none,organic,2024-09-02
H00776,49,45+,Greenwich,families,foodies,0.111,0.154,0.336,0.833,0.351,0.668,0.249,0.513,0.467,0.621,0.58,0.494,0.668,0.64,0.448,0.326,none,organic,2024-09-03
H00777,27,25-34,Croydon,young_professionals,families,0.362,0.734,0.002,0.523,0.208,0.777,0.84,0.696,0.487,0.97,0.606,0.604,0.639,0.511,0.618,0.51,nut_allergy,organic,2024-09-04
H00778,21,18-24,Lambeth,foodies,fitness,0.28,0.189,0.48,0.07,0.852,0.7,0.993,0.69,0.49,0.408,0.763,0.727,0.634,0.702,1.0,0.361,vegan|dairy_free,organic,2024-09-04
H00779,28,25-34,Hillingdon,young_professionals,fitness,0.215,0.771,0.508,0.471,0.406,0.653,0.632,0.623,0.174,0.844,0.689,0.862,0.602,0.642,0.715,0.557,none,organic,2024-09-04
H00780,25,25-34,Haringey,young_professionals,fitness,0.141,0.802,0.351,0.204,0.036,0.528,0.719,0.67,0.462,0.871,0.586,0.736,0.552,0.423,0.689,0.531,none,organic,2024-09-05
H00781,25,25-34,Enfield,young_professionals,fitness,0.219,0.934,0.301,0.29,0.266,0.539,0.909,0.575,0.446,0.636,0.539,0.845,0.638,0.68,0.629,0.713,none,organic,2024-09-05
H00782,21,18-24,Wandsworth,students,young_professionals,0.874,0.355,0.333,0.276,0.297,0.593,0.787,0.788,0.897,0.741,0.613,1.0,0.624,0.868,0.721,0.597,none,organic,2024-09-05
H00783,36,35-44,Sutton,fitness,families,0.199,0.217,0.812,0.681,0.505,1.0,0.618,0.533,0.35,0.726,0.473,0.7,0.58,0.008,0.315,0.821,none,organic,2024-09-06
H00784,31,25-34,Newham,foodies,families,0.21,0.367,0.321,0.384,0.726,0.58,0.844,0.709,0.377,0.465,0.639,0.572,0.654,0.641,1.0,0.407,none,organic,2024-09-07
H00785,25,25-34,Newham,young_professionals,families,0.0,0.84,0.494,0.688,0.282,0.499,0.552,0.577,0.415,0.824,0.578,0.841,0.629,0.453,0.458,0.605,none,organic,2024-09-08
H00786,39,35-44,Harrow,fitness,young_professionals,0.048,0.441,0.855,0.108,0.233,0.919,0.461,0.583,0.428,0.311,0.57,0.524,0.513,0.15,0.474,0.968,none,organic,2024-09-08
H00787,26,25-34,Redbridge,students,young_professionals,0.964,0.334,0.314,0.241,0.006,0.482,0.649,0.704,0.896,0.67,0.713,0.497,0.815,0.879,0.37,0.517,none,organic,2024-09-08
H00788,30,25-34,Brent,foodies,young_professionals,0.03,0.257,0.255,0.242,0.917,0.703,0.857,0.531,0.23,0.262,0.856,0.672,0.666,0.579,1.0,0.339,none,organic,2024-09-08
H00789,22,18-24,Waltham Forest,students,young_professionals,0.797,0.432,0.34,0.15,0.36,0.453,0.514,0.9,0.909,0.675,0.545,0.736,0.814,0.846,0.586,0.779,dairy_free,organic,2024-09-09
H00790,31,25-34,Haringey,young_professionals,foodies,0.344,0.775,0.234,0.095,0.521,0.614,0.808,0.783,0.434,0.838,0.728,0.529,0.759,0.454,0.618,0.657,vegan,organic,2024-09-11
H00791,29,25-34,Tower Hamlets,young_professionals,foodies,0.271,0.812,0.432,0.0,0.498,0.562,0.701,0.834,0.305,0.833,0.674,1.0,0.879,0.591,0.696,0.771,none,organic,2024-09-11
H00792,27,25-34,Enfield,young_professionals,families,0.263,0.815,0.314,0.552,0.41,0.516,0.657,0.689,0.469,0.867,0.46,0.834,0.769,0.521,0.492,0.747,none,organic,2024-09-12
H00793,18,18-24,Lewisham,students,fitness,0.976,0.389,0.668,0.37,0.273,0.376,0.687,0.948,0.917,0.709,0.544,0.937,0.724,0.699,0.592,0.569,dairy_free,organic,2024-09-12
H00794,20,18-24,Camden,students,foodies,0.744,0.214,0.265,0.15,0.477,0.481,0.704,0.88,1.0,0.626,0.503,0.639,0.817,0.856,0.526,0.434,vegetarian,organic,2024-09-12
H00795,32,25-34,Greenwich,foodies,young_professionals,0.028,0.495,0.179,0.435,0.886,0.648,0.978,0.644,0.188,0.411,0.71,0.714,0.625,0.353,0.897,0.344,none,organic,2024-09-12
H00796,33,25-34,Lambeth,young_professionals,families,0.255,0.881,0.301,0.709,0.325,0.513,0.713,0.504,0.589,0.934,0.575,0.814,0.709,0.639,0.491,0.72,none,organic,2024-09-12
H00797,28,25-34,Barnet,young_professionals,foodies,0.177,0.859,0.335,0.366,0.481,0.531,0.707,0.362,0.422,0.773,0.452,0.83,0.562,0.61,0.69,0.751,none,organic,2024-09-13
H00798,29,25-34,Barking and Dagenham,fitness,young_professionals,0.336,0.6,0.803,0.406,0.378,0.791,0.408,0.507,0.257,0.627,0.549,0.795,0.451,0.215,0.295,0.872,none,P011,2024-09-14
H00799,26,25-34,Brent,young_professionals,foodies,0.131,0.933,0.346,0.33,0.492,0.612,0.765,0.536,0.485,0.871,0.614,0.668,0.793,0.796,0.467,0.736,none,P011,2024-09-14
H00800,38,35-44,Barking and Dagenham,foodies,families,0.019,0.221,0.103,0.268,0.701,0.553,1.0,0.671,0.208,0.323,0.726,0.585,0.495,0.519,1.0,0.354,none,P011,2024-09-14
H00801,34,25-34,Barking and Dagenham,foodies,students,0.633,0.301,0.464,0.21,0.851,0.671,0.818,0.71,0.307,0.333,0.549,0.605,0.745,0.809,1.0,0.535,none,P011,2024-09-14
H00802,44,35-44,Hounslow,families,young_professionals,0.167,0.445,0.41,0.771,0.251,0.666,0.39,0.473,0.622,0.603,0.558,0.29,0.561,0.689,0.559,0.588,none,P011,2024-09-14
H00803,20,18-24,Bromley,students,fitness,0.695,0.088,0.45,0.306,0.291,0.386,0.91,0.805,0.905,0.71,0.557,0.384,0.728,0.586,0.645,0.74,none,P011,2024-09-14
H00804,30,25-34,Barking and Dagenham,fitness,young_professionals,0.149,0.201,0.932,0.196,0.0,0.692,0.503,0.612,0.486,0.632,0.504,0.58,0.621,0.525,0.35,0.934,none,P011,2024-09-14
H00805,23,18-24,Barking and Dagenham,students,families,0.981,0.071,0.37,0.381,0.379,0.477,0.817,0.822,0.812,0.654,0.504,0.599,0.788,0.8,0.568,0.447,none,P011,2024-09-14
H00806,46,45+,Barking and Dagenham,families,foodies,0.275,0.305,0.274,0.939,0.476,0.792,0.296,0.541,0.848,0.658,0.608,0.594,0.914,0.661,0.672,0.352,none,P011,2024-09-14
H00807,29,25-34,Lewisham,young_professionals,fitness,0.141,0.838,0.444,0.336,0.219,0.544,0.717,0.762,0.58,1.0,0.613,0.842,0.475,0.602,0.471,0.642,vegan,P011,2024-09-14
H00808,27,25-34,Camden,foodies,families,0.361,0.222,0.156,0.615,0.878,0.842,0.918,0.634,0.409,0.397,0.825,0.599,0.552,0.634,1.0,0.322,dairy_free,P011,2024-09-14
H00809,34,25-34,Barking and Dagenham,young_professionals,families,0.231,0.807,0.244,0.29,0.064,0.691,0.685,0.588,0.452,0.909,0.682,0.825,0.635,0.644,0.751,0.756,none,P011,2024-09-14
H00810,26,25-34,Barking and Dagenham,young_professionals,families,0.171,0.81,0.339,0.378,0.088,0.605,0.739,0.565,0.426,0.897,0.524,0.551,0.466,0.5,0.442,0.608,none,P011,2024-09-14
H00811,31,25-34,Newham,foodies,students,0.62,0.361,0.245,0.276,0.986,0.554,0.809,0.707,0.249,0.39,0.59,0.666,0.556,0.549,1.0,0.512,none,P011,2024-09-14
H00812,25,25-34,Bromley,young_professionals,students,0.475,0.854,0.263,0.098,0.339,0.452,0.625,0.655,0.513,0.992,0.578,0.712,0.545,0.59,0.564,0.617,vegetarian,P011,2024-09-14
H00813,37,35-44,Barking and Dagenham,foodies,fitness,0.215,0.184,0.365,0.0,0.758,0.56,0.91,0.558,0.257,0.249,0.635,0.657,0.737,0.429,1.0,0.492,vegan|dairy_free,P011,2024-09-14
H00814,35,35-44,Barking and Dagenham,foodies,young_professionals,0.396,0.628,0.255,0.143,0.99,0.471,0.703,0.817,0.331,0.395,0.729,0.706,0.518,0.499,0.963,0.127,none,P011,2024-09-14
H00815,28,25-34,Haringey,young_professionals,families,0.217,0.74,0.027,0.322,0.255,0.668,0.577,0.656,0.369,0.811,0.715,0.814,0.786,0.59,0.648,0.436,vegetarian,P011,2024-09-14
H00816,28,25-34,Barking and Dagenham,young_professionals,students,0.484,0.839,0.34,0.334,0.474,0.558,0.767,0.74,0.382,0.794,0.588,0.923,0.853,0.645,0.64,0.81,vegetarian,P011,2024-09-14
H00817,27,25-34,Barking and Dagenham,young_professionals,foodies,0.281,0.893,0.274,0.132,0.454,0.538,0.831,0.673,0.426,0.771,0.462,0.886,0.746,0.712,0.648,0.333,none,P011,2024-09-14
H00818,40,35-44,Barking and Dagenham,families,foodies,0.245,0.216,0.135,0.89,0.368,0.493,0.318,0.638,0.52,0.626,0.572,0.712,0.624,0.834,0.459,0.289,none,P011,2024-09-14
H00819,28,25-34,Barking and Dagenham,foodies,fitness,0.409,0.059,0.433,0.306,0.719,0.597,0.763,0.61,0.337,0.382,0.66,0.609,0.764,0.575,0.916,0.628,none,P011,2024-09-14
H00820,24,18-24,Hackney,young_professionals,students,0.398,0.801,0.223,0.117,0.004,0.485,0.692,0.6,0.331,0.784,0.507,0.592,0.78,0.507,0.336,0.575,none,P011,2024-09-14
H00821,26,25-34,Barking and Dagenham,fitness,students,0.525,0.172,0.74,0.455,0.368,0.914,0.361,0.489,0.412,0.673,0.609,0.756,0.341,0.188,0.372,0.776,none,P011,2024-09-14
H00822,30,25-34,Havering,young_professionals,fitness,0.251,0.935,0.289,0.051,0.141,0.486,0.8,0.453,0.366,0.862,0.758,0.816,0.548,0.734,0.437,0.682,none,P011,2024-09-14
H00823,25,25-34,Barking and Dagenham,young_professionals,students,0.405,0.817,0.404,0.024,0.35,0.679,0.779,0.697,0.221,0.752,0.738,0.599,0.756,0.635,0.513,0.411,none,P011,2024-09-14
H00824,34,25-34,Westminster,families,fitness,0.181,0.15,0.482,0.963,0.206,0.495,0.172,0.288,0.576,0.545,0.44,0.39,0.544,0.953,0.468,0.33,none,P011,2024-09-14
H00825,36,35-44,Greenwich,foodies,fitness,0.342,0.318,0.715,0.437,0.88,0.7,0.95,0.685,0.337,0.367,0.7,0.748,0.823,0.592,0.936,0.591,none,P011,2024-09-14
H00826,29,25-34,Barking and Dagenham,young_professionals,students,0.373,0.997,0.177,0.357,0.294,0.548,0.719,0.64,0.456,0.761,0.658,0.8,0.804,0.549,0.551,0.745,gluten_free,P011,2024-09-14
H00827,33,25-34,Redbridge,young_professionals,students,0.489,0.805,0.227,0.316,0.357,0.491,0.617,0.799,0.632,0.951,0.732,0.896,0.717,0.589,0.665,0.738,none,P011,2024-09-14
H00828,32,25-34,Barking and Dagenham,young_professionals,students,0.519,0.745,0.253,0.371,0.203,0.728,0.785,0.626,0.332,0.815,0.657,0.773,0.663,0.575,0.691,0.645,none,P011,2024-09-14
H00829,26,25-34,Havering,students,fitness,0.85,0.331,0.385,0.238,0.301,0.514,0.576,0.721,1.0,1.0,0.669,0.824,0.813,0.648,0.569,0.418,none,P011,2024-09-14
H00830,24,18-24,Barking and Dagenham,young_professionals,students,0.446,0.796,0.315,0.298,0.131,0.666,0.571,0.62,0.636,0.752,0.643,0.763,0.781,0.585,0.548,0.658,vegetarian,P011,2024-09-14
H00831,32,25-34,Barking and Dagenham,foodies,young_professionals,0.102,0.486,0.46,0.143,0.832,0.618,1.0,0.684,0.287,0.166,0.822,0.668,0.751,0.832,0.851,0.055,none,P011,2024-09-14
H00832,29,25-34,Newham,young_professionals,foodies,0.118,0.817,0.247,0.113,0.378,0.618,0.693,0.547,0.377,0.811,0.807,0.588,0.6,0.562,0.564,0.779,none,P011,2024-09-14
H00833,32,25-34,Havering,young_professionals,students,0.572,0.862,0.28,0.293,0.307,0.606,0.511,0.592,0.394,0.879,0.788,0.819,0.824,0.627,0.735,0.873,none,P011,2024-09-14
H00834,26,25-34,Barking and Dagenham,fitness,students,0.4,0.299,0.98,0.263,0.211,0.834,0.556,0.513,0.491,0.504,0.833,0.709,0.46,0.235,0.272,1.0,none,P011,2024-09-14
H00835,18,18-24,Islington,students,families,0.825,0.204,0.152,0.305,0.0,0.391,0.742,0.931,1.0,0.775,0.659,0.906,0.78,0.938,0.545,0.567,dairy_free,P011,2024-09-14
H00836,30,25-34,Lambeth,young_professionals,fitness,0.068,0.861,0.329,0.133,0.299,0.48,0.682,0.76,0.547,0.77,0.545,0.631,0.571,0.382,0.583,0.726,none,P011,2024-09-14
H00837,31,25-34,Hounslow,foodies,students,0.458,0.208,0.214,0.173,0.892,0.665,0.923,0.554,0.333,0.177,0.896,0.712,0.596,0.53,0.746,0.362,none,P011,2024-09-14
H00838,23,18-24,Westminster,students,families,0.763,0.296,0.254,0.365,0.297,0.298,0.817,0.8,1.0,0.661,0.582,1.0,0.773,0.742,0.332,0.733,none,P011,2024-09-14
H00839,27,25-34,Camden,young_professionals,fitness,0.272,0.95,0.501,0.258,0.118,0.67,0.69,0.617,0.439,0.689,0.619,0.586,0.616,0.569,0.729,0.552,vegan,P011,2024-09-14
H00840,27,25-34,Greenwich,young_professionals,foodies,0.134,0.796,0.341,0.189,0.48,0.612,0.712,0.671,0.281,0.889,0.616,0.857,0.723,0.526,0.724,0.615,none,P011,2024-09-14
H00841,20,18-24,Barking and Dagenham,students,families,0.973,0.244,0.547,0.603,0.431,0.286,0.865,1.0,1.0,0.809,0.573,0.599,0.759,1.0,0.408,0.495,gluten_free,P011,2024-09-14
H00842,26,25-34,Hackney,young_professionals,families,0.261,0.937,0.31,0.466,0.179,0.566,0.52,0.626,0.424,0.691,0.593,0.502,0.608,0.579,0.612,0.601,dairy_free,P011,2024-09-14
H00843,21,18-24,Tower Hamlets,students,fitness,1.0,0.165,0.34,0.339,0.275,0.519,0.681,0.743,0.846,0.602,0.375,0.644,0.855,0.774,0.637,0.64,dairy_free,P011,2024-09-14
H00844,37,35-44,Barking and Dagenham,young_professionals,families,0.285,0.798,0.298,0.532,0.3,0.657,0.551,0.666,0.404,1.0,0.616,0.678,0.485,0.707,0.558,0.555,none,P011,2024-09-14
H00845,37,35-44,Harrow,foodies,families,0.303,0.324,0.335,0.35,0.938,0.422,0.992,0.752,0.173,0.36,0.71,0.619,0.737,0.445,0.817,0.364,vegetarian,P011,2024-09-14
H00846,24,18-24,Barking and Dagenham,young_professionals,students,0.418,0.917,0.237,0.342,0.281,0.461,0.718,0.574,0.305,0.947,0.537,0.888,0.653,0.585,0.575,0.331,none,P011,2024-09-14
H00847,28,25-34,Barking and Dagenham,young_professionals,students,0.355,0.848,0.292,0.132,0.335,0.882,0.578,0.597,0.54,0.925,0.649,0.831,0.4,0.741,0.576,0.8,none,P011,2024-09-14
H00848,30,25-34,Barking and Dagenham,young_professionals,families,0.215,0.845,0.348,0.355,0.141,0.472,0.711,0.911,0.615,0.553,0.606,0.862,0.628,0.495,0.568,0.716,none,P011,2024-09-14
H00849,41,35-44,Barking and Dagenham,foodies,fitness,0.292,0.16,0.469,0.068,0.804,0.678,1.0,0.741,0.319,0.261,0.912,0.606,0.621,0.55,0.8,0.344,dairy_free,P011,2024-09-14
H00850,23,18-24,Barking and Dagenham,students,families,0.806,0.11,0.059,0.331,0.311,0.546,0.672,0.798,0.896,0.569,0.567,0.704,0.817,0.608,0.451,0.716,none,P011,2024-09-14
H00851,36,35-44,Barking and Dagenham,foodies,students,0.492,0.123,0.368,0.228,0.788,0.622,0.94,0.653,0.273,0.358,0.924,0.667,0.705,0.612,0.924,0.348,none,P011,2024-09-14
H00852,27,25-34,Barking and Dagenham,young_professionals,families,0.278,0.689,0.316,0.388,0.268,0.705,0.694,0.423,0.468,0.809,0.544,0.661,0.635,0.492,0.377,0.803,none,P011,2024-09-14
H00853,28,25-34,Barking and Dagenham,foodies,young_professionals,0.131,0.416,0.105,0.32,0.808,0.521,0.891,0.689,0.134,0.349,0.655,0.524,0.731,0.535,0.804,0.559,none,P011,2024-09-14
H00854,29,25-34,Wandsworth,fitness,foodies,0.244,0.387,0.92,0.292,0.481,1.0,0.541,0.642,0.406,0.669,0.584,0.597,0.382,0.164,0.455,0.844,none,organic,2024-09-14
H00855,18,18-24,Kingston upon Thames,students,foodies,0.722,0.265,0.207,0.207,0.371,0.419,0.847,0.855,0.721,0.681,0.803,0.801,0.617,0.693,0.549,0.591,none,organic,2024-09-15
H00856,31,25-34,Hillingdon,young_professionals,students,0.592,0.952,0.144,0.282,0.423,0.525,0.571,0.649,0.55,0.979,0.534,0.804,0.702,0.342,0.637,0.43,none,organic,2024-09-15
H00857,31,25-34,Richmond upon Thames,foodies,families,0.461,0.189,0.403,0.589,0.779,0.579,0.882,0.549,0.305,0.385,0.874,0.509,0.65,0.813,0.963,0.476,gluten_free|dairy_free,organic,2024-09-16
H00858,24,18-24,Tower Hamlets,fitness,families,0.153,0.283,0.973,0.468,0.325,0.777,0.653,0.634,0.686,0.667,0.609,0.622,0.326,0.303,0.431,1.0,none,organic,2024-09-17
H00859,36,35-44,Westminster,fitness,students,0.263,0.025,0.911,0.133,0.187,0.971,0.588,0.695,0.452,0.549,0.504,0.773,0.363,0.225,0.476,0.966,vegan,organic,2024-09-18
H00860,29,25-34,Tower Hamlets,foodies,families,0.435,0.128,0.0,0.503,0.879,0.644,0.827,0.711,0.43,0.477,0.745,0.695,0.541,0.45,1.0,0.51,nut_allergy,organic,2024-09-18
H00861,34,25-34,Lambeth,young_professionals,students,0.673,0.912,0.3,0.078,0.145,0.589,0.892,0.595,0.383,0.821,0.569,0.755,0.343,0.427,0.549,0.678,none,organic,2024-09-18
H00862,24,18-24,Hillingdon,young_professionals,families,0.369,0.801,0.265,0.428,0.216,0.673,0.634,0.483,0.578,0.625,0.641,0.744,0.681,0.587,0.571,0.64,none,organic,2024-09-19
H00863,34,25-34,Newham,young_professionals,students,0.334,0.98,0.137,0.109,0.222,0.531,0.706,0.56,0.396,0.764,0.536,0.354,0.659,0.625,0.504,0.785,none,organic,2024-09-20
H00864,19,18-24,Newham,students,young_professionals,0.826,0.502,0.0,0.468,0.006,0.503,0.816,0.772,0.965,0.707,0.502,0.81,0.927,0.901,0.246,0.558,none,organic,2024-09-20
H00865,30,25-34,Barnet,young_professionals,families,0.293,0.852,0.259,0.314,0.08,0.626,0.675,0.476,0.319,0.961,0.797,0.815,0.63,0.575,0.507,0.805,vegetarian,organic,2024-09-20
H00866,37,35-44,Richmond upon Thames,foodies,fitness,0.402,0.197,0.403,0.359,0.952,0.546,0.919,0.624,0.204,0.436,0.706,0.496,0.601,0.382,0.79,0.518,none,organic,2024-09-21
H00867,32,25-34,Hackney,families,students,0.294,0.215,0.115,1.0,0.165,0.597,0.243,0.255,0.641,0.647,0.568,0.481,0.608,0.642,0.477,0.465,none,organic,2024-09-21
H00868,29,25-34,Harrow,young_professionals,foodies,0.0,0.764,0.292,0.445,0.524,0.3,0.677,0.642,0.556,0.804,0.538,0.814,0.757,0.409,0.361,0.917,none,organic,2024-09-22
H00869,28,25-34,Merton,young_professionals,fitness,0.169,0.823,0.373,0.187,0.26,0.497,0.689,0.484,0.525,0.896,0.478,0.721,0.789,0.545,0.45,0.794,none,organic,2024-09-22
H00870,20,18-24,Brent,students,families,0.93,0.257,0.284,0.463,0.223,0.487,0.741,0.665,1.0,0.555,0.535,0.832,0.631,0.75,0.262,0.507,none,organic,2024-09-23
H00871,34,25-34,Lambeth,young_professionals,students,0.42,0.967,0.165,0.039,0.162,0.66,0.599,0.628,0.545,0.95,0.653,0.745,0.663,0.416,0.825,0.496,nut_allergy,organic,2024-09-23
H00872,25,25-34,Waltham Forest,young_professionals,foodies,0.37,0.834,0.204,0.228,0.52,0.648,0.981,0.602,0.456,0.978,0.615,0.764,0.909,0.711,0.87,0.585,dairy_free,organic,2024-09-23
H00873,30,25-34,Harrow,young_professionals,fitness,0.265,0.937,0.317,0.271,0.089,0.606,0.693,0.651,0.365,0.801,0.673,0.672,0.65,0.482,0.507,0.611,none,organic,2024-09-24
H00874,33,25-34,Lambeth,fitness,foodies,0.277,0.289,0.834,0.131,0.303,0.908,0.494,0.506,0.347,0.683,0.64,0.761,0.347,0.155,0.247,0.921,none,organic,2024-09-24
H00875,20,18-24,Tower Hamlets,students,families,0.8,0.247,0.084,0.338,0.27,0.35,0.556,0.823,0.894,0.629,0.491,0.56,0.782,0.624,0.417,0.493,vegetarian,organic,2024-09-24
H00876,26,25-34,Redbridge,young_professionals,foodies,0.319,0.966,0.3,0.271,0.385,0.706,0.8,0.748,0.557,0.852,0.64,0.834,0.74,0.518,0.478,0.467,none,organic,2024-09-24
H00877,30,25-34,Havering,young_professionals,fitness,0.075,0.81,0.343,0.328,0.187,0.527,0.473,0.736,0.471,0.763,0.508,0.858,0.702,0.634,0.418,0.715,none,organic,2024-09-25
H00878,36,35-44,Haringey,foodies,young_professionals,0.195,0.338,0.055,0.27,0.888,0.482,1.0,0.466,0.375,0.474,0.768,0.526,0.607,0.477,0.949,0.495,none,organic,2024-09-26
H00879,18,18-24,Wandsworth,students,foodies,0.745,0.455,0.393,0.269,0.621,0.409,0.857,0.779,1.0,0.722,0.55,0.74,0.833,0.943,0.627,0.312,none,organic,2024-09-27
H00880,30,25-34,Hammersmith and Fulham,young_professionals,students,0.554,0.948,0.328,0.241,0.321,0.596,0.681,0.554,0.57,0.814,0.743,0.752,0.728,0.617,0.501,0.694,none,P012,2024-09-28
H00881,33,25-34,Southwark,fitness,students,0.435,0.404,0.911,0.328,0.382,0.827,0.361,0.63,0.358,0.457,0.691,0.719,0.457,0.247,0.184,0.758,none,P012,2024-09-28
H00882,33,25-34,Hackney,fitness,foodies,0.231,0.328,0.822,0.358,0.375,0.956,0.371,0.518,0.391,0.724,0.459,0.589,0.464,0.224,0.239,1.0,none,P012,2024-09-28
H00883,42,35-44,Southwark,families,students,0.427,0.265,0.269,0.808,0.325,0.579,0.166,0.471,0.623,0.723,0.373,0.392,0.42,0.698,0.453,0.361,none,P012,2024-09-28
H00884,32,25-34,Southwark,young_professionals,fitness,0.057,0.866,0.317,0.285,0.297,0.594,0.587,0.478,0.416,0.995,0.596,0.771,0.394,0.603,0.611,0.57,none,P012,2024-09-28
H00885,21,18-24,Southwark,students,fitness,0.836,0.35,0.48,0.266,0.17,0.382,0.774,0.744,0.843,0.852,0.409,0.758,0.958,0.832,0.29,0.396,none,P012,2024-09-28
H00886,30,25-34,Tower Hamlets,young_professionals,foodies,0.109,0.775,0.178,0.273,0.598,0.564,0.621,0.68,0.718,0.905,0.591,0.67,0.489,0.638,0.682,0.594,none,P012,2024-09-28
H00887,31,25-34,Southwark,fitness,students,0.416,0.344,0.917,0.157,0.278,0.78,0.478,0.643,0.374,0.543,0.593,0.956,0.319,0.359,0.381,0.829,vegetarian|gluten_free|nut_allergy,P012,2024-09-28
H00888,27,25-34,Southwark,young_professionals,families,0.246,0.937,0.296,0.435,0.309,0.573,0.715,0.822,0.503,0.764,0.456,0.725,0.747,0.524,0.665,0.628,none,P012,2024-09-28
H00889,23,18-24,Southwark,young_professionals,students,0.541,0.831,0.419,0.259,0.283,0.771,0.709,0.758,0.493,0.795,0.618,0.81,0.646,0.6,0.704,0.647,none,P012,2024-09-28
H00890,28,25-34,Kingston upon Thames,young_professionals,fitness,0.177,0.795,0.25,0.216,0.189,0.61,0.743,0.584,0.407,0.935,0.709,0.758,0.507,0.515,0.427,0.659,vegetarian,P012,2024-09-28
H00891,29,25-34,Southwark,fitness,young_professionals,0.336,0.363,0.883,0.12,0.262,1.0,0.62,0.688,0.546,0.886,0.538,0.955,0.492,0.461,0.312,1.0,none,P012,2024-09-28
H00892,37,35-44,Sutton,families,foodies,0.0,0.273,0.178,0.987,0.739,0.678,0.215,0.297,0.717,0.76,0.479,0.405,0.589,0.856,0.491,0.545,none,P012,2024-09-28
H00893,30,25-34,Southwark,young_professionals,families,0.247,0.987,0.183,0.589,0.046,0.66,0.887,0.561,0.662,0.889,0.557,0.643,0.623,0.315,0.55,0.618,none,P012,2024-09-28
H00894,28,25-34,Sutton,young_professionals,fitness,0.205,0.86,0.353,0.311,0.195,0.577,0.768,0.552,0.355,0.825,0.75,0.77,0.617,0.735,0.566,0.918,none,P012,2024-09-28
H00895,25,25-34,Southwark,young_professionals,families,0.275,0.887,0.179,0.69,0.348,0.432,0.586,0.625,0.585,0.813,0.642,0.753,0.806,0.36,0.688,0.626,none,P012,2024-09-28
H00896,26,25-34,Southwark,young_professionals,students,0.304,0.86,0.15,0.108,0.213,0.671,0.691,0.674,0.367,1.0,0.807,0.77,0.961,0.468,0.45,0.565,none,P012,2024-09-28
H00897,49,45+,Southwark,foodies,families,0.258,0.171,0.165,0.471,0.811,0.787,1.0,0.596,0.298,0.292,0.722,0.472,0.521,0.393,1.0,0.213,nut_allergy,P012,2024-09-28
H00898,27,25-34,Southwark,fitness,students,0.561,0.245,0.778,0.493,0.51,0.718,0.442,0.62,0.479,0.617,0.507,0.627,0.569,0.163,0.436,0.906,none,P012,2024-09-28
H00899,29,25-34,Sutton,fitness,foodies,0.299,0.222,0.872,0.369,0.626,0.849,0.572,0.491,0.5,0.718,0.711,0.807,0.409,0.598,0.306,0.707,none,P012,2024-09-28
H00900,38,35-44,Hounslow,families,foodies,0.324,0.219,0.232,0.842,0.371,0.953,0.498,0.534,0.633,0.751,0.468,0.343,0.529,0.909,0.601,0.234,vegetarian,P012,2024-09-28
H00901,28,25-34,Wandsworth,fitness,young_professionals,0.312,0.36,0.806,0.338,0.202,0.927,0.578,0.366,0.473,0.815,0.655,0.476,0.479,0.21,0.433,0.817,none,P012,2024-09-28
H00902,27,25-34,Southwark,young_professionals,foodies,0.3,0.864,0.266,0.124,0.374,0.633,0.817,0.621,0.553,0.862,0.651,0.798,0.799,0.637,0.547,0.573,none,P012,2024-09-28
H00903,25,25-34,Croydon,fitness,foodies,0.0,0.068,0.882,0.202,0.586,0.927,0.385,0.454,0.415,0.778,0.763,0.724,0.364,0.486,0.233,0.906,none,P012,2024-09-28
H00904,26,25-34,Southwark,young_professionals,families,0.205,0.829,0.513,0.587,0.317,0.559,0.681,0.631,0.418,0.806,0.676,0.538,0.839,0.566,0.673,0.737,vegan,P012,2024-09-28
H00905,25,25-34,Kingston upon Thames,young_professionals,families,0.263,0.819,0.212,0.391,0.0,0.499,0.806,0.592,0.404,0.617,0.437,0.893,0.724,0.394,0.524,0.646,none,P012,2024-09-28
H00906,21,18-24,Southwark,foodies,families,0.276,0.386,0.389,0.431,0.855,0.716,0.933,0.452,0.347,0.305,0.708,0.558,0.764,0.504,0.818,0.536,gluten_free,P012,2024-09-28
H00907,32,25-34,Lewisham,young_professionals,fitness,0.2,0.79,0.346,0.069,0.333,0.696,0.582,0.646,0.218,0.696,0.719,0.794,0.608,0.441,0.47,0.674,none,P012,2024-09-28
H00908,30,25-34,Croydon,fitness,families,0.309,0.092,0.811,0.327,0.244,1.0,0.439,0.529,0.48,0.705,0.679,0.715,0.505,0.232,0.456,1.0,none,P012,2024-09-28
H00909,30,25-34,Southwark,young_professionals,students,0.407,0.888,0.33,0.345,0.101,0.607,0.618,0.707,0.374,1.0,0.589,0.609,0.532,0.688,0.551,0.486,dairy_free,P012,2024-09-28
H00910,27,25-34,Southwark,young_professionals,families,0.398,0.785,0.341,0.659,0.041,0.532,0.617,0.572,0.599,0.826,0.589,0.843,0.45,0.556,0.468,0.615,none,P012,2024-09-28
H00911,27,25-34,Southwark,fitness,families,0.334,0.333,0.905,0.356,0.17,0.894,0.386,0.642,0.453,0.678,0.539,0.854,0.329,0.468,0.224,0.865,none,P012,2024-09-28
H00912,45,45+,Richmond upon Thames,fitness,young_professionals,0.26,0.339,0.786,0.073,0.054,1.0,0.536,0.686,0.554,0.604,0.486,0.632,0.395,0.321,0.094,0.874,vegetarian,P012,2024-09-28
H00913,34,25-34,Southwark,fitness,students,0.544,0.328,0.78,0.027,0.403,1.0,0.29,0.465,0.372,0.702,0.641,0.376,0.364,0.396,0.368,0.918,none,P012,2024-09-28
H00914,25,25-34,Southwark,young_professionals,families,0.297,0.938,0.392,0.404,0.313,0.474,0.879,0.721,0.421,0.756,0.708,0.618,0.921,0.476,0.806,0.628,none,P012,2024-09-28
H00915,21,18-24,Barnet,students,fitness,0.95,0.399,0.465,0.227,0.313,0.371,0.724,0.814,0.89,0.857,0.651,0.735,0.658,0.651,0.687,0.429,none,P012,2024-09-28
H00916,33,25-34,Southwark,fitness,students,0.253,0.15,0.956,0.218,0.194,0.99,0.373,0.667,0.499,0.645,0.531,0.553,0.2,0.208,0.421,0.785,vegetarian,P012,2024-09-28
H00917,29,25-34,Sutton,fitness,foodies,0.248,0.281,0.72,0.487,0.601,1.0,0.604,0.656,0.459,0.64,0.569,0.519,0.577,0.389,0.309,1.0,gluten_free,P012,2024-09-28
H00918,37,35-44,Westminster,fitness,foodies,0.108,0.271,0.896,0.358,0.427,0.76,0.465,0.418,0.427,0.651,0.547,0.837,0.427,0.244,0.334,1.0,none,P012,2024-09-28
H00919,24,18-24,Southwark,fitness,foodies,0.198,0.371,0.779,0.142,0.412,0.916,0.48,0.435,0.361,0.705,0.629,0.713,0.432,0.226,0.372,1.0,none,P012,2024-09-28
H00920,37,35-44,Southwark,families,fitness,0.221,0.0,0.46,0.735,0.218,0.747,0.387,0.483,0.491,0.627,0.514,0.63,0.826,0.73,0.427,0.115,gluten_free,P012,2024-09-28
H00921,23,18-24,Barnet,students,families,0.816,0.378,0.386,0.46,0.0,0.441,0.957,0.868,0.802,0.529,0.527,0.779,0.718,0.764,0.68,0.555,dairy_free,organic,2024-09-28
H00922,21,18-24,Tower Hamlets,students,fitness,0.891,0.37,0.59,0.36,0.294,0.419,0.904,0.706,0.943,0.652,0.635,0.536,0.704,0.634,0.633,0.699,none,organic,2024-09-28
H00923,31,25-34,Sutton,young_professionals,families,0.246,0.815,0.202,0.279,0.259,0.538,0.568,0.517,0.371,0.767,0.54,0.765,0.55,0.745,0.585,0.744,gluten_free,organic,2024-09-28
H00924,29,25-34,Tower Hamlets,young_professionals,fitness,0.208,0.787,0.761,0.326,0.37,0.533,0.606,0.782,0.603,0.757,0.706,0.553,0.536,0.404,0.54,0.65,vegan,organic,2024-09-29
H00925,37,35-44,Tower Hamlets,fitness,young_professionals,0.438,0.502,0.861,0.425,0.312,0.972,0.598,0.597,0.559,0.747,0.624,0.962,0.4,0.417,0.243,0.884,vegan|gluten_free,organic,2024-09-29
H00926,24,18-24,Hackney,young_professionals,fitness,0.187,0.745,0.244,0.0,0.236,0.628,0.68,0.644,0.455,0.79,0.574,0.689,0.607,0.495,0.555,0.644,dairy_free,organic,2024-09-29
H00927,30,25-34,Bexley,young_professionals,students,0.552,0.847,0.122,0.29,0.378,0.558,0.673,0.497,0.476,1.0,0.789,0.707,0.585,0.553,0.771,0.675,none,organic,2024-09-29
H00928,19,18-24,Hackney,students,foodies,0.856,0.234,0.107,0.129,0.392,0.613,0.674,0.704,0.687,0.65,0.599,0.797,0.582,0.716,0.375,0.41,dairy_free,organic,2024-09-29
H00929,35,35-44,Brent,fitness,students,0.383,0.0,0.842,0.283,0.165,0.925,0.557,0.719,0.467,0.632,0.661,0.694,0.432,0.26,0.232,0.779,vegetarian,organic,2024-09-29
H00930,37,35-44,Haringey,fitness,families,0.143,0.131,0.74,0.455,0.402,0.969,0.482,0.656,0.617,0.586,0.574,0.808,0.395,0.412,0.466,0.696,dairy_free,organic,2024-09-29
H00931,40,35-44,Barnet,foodies,fitness,0.3,0.249,0.417,0.204,0.805,0.413,1.0,0.874,0.353,0.415,0.797,0.725,0.664,0.6,0.927,0.401,dairy_free,organic,2024-09-30
H00932,28,25-34,Barnet,fitness,families,0.11,0.173,0.822,0.223,0.097,0.809,0.384,0.663,0.567,0.683,0.636,0.787,0.332,0.417,0.314,0.875,none,organic,2024-09-30
H00933,21,18-24,Hillingdon,students,young_professionals,0.93,0.325,0.275,0.25,0.054,0.42,0.749,0.906,0.944,0.686,0.486,0.393,0.86,0.863,0.54,0.687,none,organic,2024-10-01
H00934,33,25-34,Brent,young_professionals,students,0.371,0.859,0.285,0.367,0.249,0.753,0.927,0.566,0.52,0.946,0.591,0.673,0.791,0.441,0.65,0.567,none,organic,2024-10-01
H00935,48,45+,Southwark,families,young_professionals,0.205,0.55,0.321,0.754,0.0,0.858,0.453,0.377,0.702,0.532,0.45,0.381,0.571,0.901,0.463,0.212,none,organic,2024-10-01
H00936,20,18-24,Wandsworth,students,families,0.768,0.285,0.229,0.445,0.411,0.589,0.782,0.863,0.909,0.499,0.593,0.852,0.847,0.51,0.553,0.534,gluten_free,organic,2024-10-01
H00937,25,25-34,Bromley,fitness,students,0.468,0.127,0.766,0.126,0.155,0.778,0.796,0.535,0.44,0.7,0.512,0.531,0.348,0.31,0.091,0.793,none,organic,2024-10-02
H00938,31,25-34,Tower Hamlets,young_professionals,foodies,0.005,0.84,0.372,0.228,0.42,0.672,0.697,0.709,0.596,0.921,0.599,0.743,0.614,0.555,0.613,0.566,nut_allergy,organic,2024-10-02
H00939,30,25-34,Barnet,foodies,young_professionals,0.112,0.376,0.335,0.18,0.906,0.65,0.991,0.457,0.277,0.251,0.785,0.549,0.591,0.439,0.938,0.194,vegetarian,organic,2024-10-03
H00940,43,35-44,Ealing,families,students,0.442,0.245,0.102,0.827,0.349,0.791,0.223,0.513,0.607,0.632,0.523,0.664,0.507,0.733,0.323,0.412,none,organic,2024-10-04
H00941,35,35-44,Wandsworth,families,foodies,0.486,0.319,0.416,0.799,0.526,0.755,0.291,0.349,0.63,0.63,0.501,0.635,0.631,0.681,0.454,0.39,none,organic,2024-10-04
H00942,35,35-44,Bexley,young_professionals,families,0.333,0.954,0.344,0.518,0.094,0.511,0.893,0.571,0.344,0.763,0.477,0.533,0.662,0.405,0.517,0.396,vegan,organic,2024-10-04
H00943,32,25-34,Lewisham,families,fitness,0.328,0.263,0.633,0.864,0.324,0.432,0.266,0.548,0.791,0.804,0.673,0.27,0.695,0.878,0.421,0.666,dairy_free,P013,2024-10-05
H00944,36,35-44,Bromley,foodies,young_professionals,0.192,0.475,0.382,0.21,0.925,0.604,0.793,0.377,0.324,0.151,0.651,0.437,0.502,0.651,0.923,0.369,none,P013,2024-10-05
H00945,36,35-44,Harrow,foodies,fitness,0.292,0.423,0.445,0.262,0.789,0.551,0.9,0.469,0.424,0.437,0.831,0.813,0.649,0.564,1.0,0.476,none,P013,2024-10-05
H00946,20,18-24,Wandsworth,students,young_professionals,0.879,0.361,0.039,0.34,0.332,0.674,0.842,0.821,0.943,0.726,0.552,0.96,0.66,0.889,0.435,0.372,none,P013,2024-10-05
H00947,35,35-44,Lewisham,families,foodies,0.387,0.314,0.147,0.977,0.464,0.632,0.204,0.413,0.656,0.726,0.586,0.653,0.498,0.71,0.408,0.25,none,P013,2024-10-05
H00948,41,35-44,Barnet,families,fitness,0.348,0.141,0.494,0.948,0.165,0.669,0.316,0.197,0.753,0.713,0.628,0.558,0.558,0.873,0.525,0.37,none,P013,2024-10-05
H00949,36,35-44,Lewisham,young_professionals,families,0.193,0.812,0.114,0.409,0.213,0.646,0.489,0.735,0.606,0.834,0.73,0.747,0.842,0.495,0.316,0.64,none,P013,2024-10-05
H00950,37,35-44,Lewisham,foodies,fitness,0.223,0.349,0.446,0.287,0.809,0.482,1.0,0.614,0.334,0.186,0.816,0.684,0.692,0.643,0.901,0.329,none,P013,2024-10-05
H00951,28,25-34,Lewisham,fitness,students,0.627,0.437,0.852,0.605,0.235,0.937,0.492,0.538,0.607,0.68,0.604,0.718,0.62,0.321,0.288,0.671,none,P013,2024-10-05
H00952,29,25-34,Lewisham,young_professionals,foodies,0.217,0.96,0.215,0.163,0.392,0.605,0.641,0.763,0.372,0.768,0.604,0.754,0.556,0.788,0.568,0.664,vegan,P013,2024-10-05
H00953,36,35-44,Lewisham,foodies,young_professionals,0.485,0.55,0.186,0.465,0.928,0.62,0.889,0.354,0.139,0.311,0.64,0.748,0.543,0.54,0.895,0.545,none,P013,2024-10-05
H00954,34,25-34,Southwark,foodies,students,0.435,0.428,0.295,0.046,0.848,0.554,1.0,0.666,0.405,0.246,0.681,0.568,0.722,0.579,0.891,0.356,none,P013,2024-10-05
H00955,24,18-24,Enfield,students,fitness,0.924,0.352,0.507,0.273,0.221,0.412,0.624,0.799,1.0,0.885,0.559,0.822,0.798,0.704,0.219,0.745,gluten_free,P013,2024-10-05
H00956,37,35-44,Newham,foodies,fitness,0.154,0.347,0.62,0.53,0.793,0.646,0.882,0.604,0.325,0.47,0.848,0.56,0.693,0.546,0.748,0.387,none,P013,2024-10-05
H00957,29,25-34,Newham,young_professionals,students,0.292,0.956,0.156,0.086,0.093,0.706,0.802,0.517,0.379,0.88,0.793,0.659,0.591,0.6,0.674,0.732,none,P013,2024-10-05
H00958,22,18-24,Sutton,students,foodies,0.862,0.264,0.297,0.146,0.579,0.575,0.758,0.821,0.775,0.61,0.656,0.909,0.675,0.831,0.473,0.536,none,P013,2024-10-05
H00959,27,25-34,Lewisham,young_professionals,families,0.486,0.842,0.297,0.506,0.344,0.555,0.744,0.671,0.447,0.911,0.626,0.831,0.618,0.73,0.693,0.715,vegetarian,P013,2024-10-05
H00960,40,35-44,Tower Hamlets,foodies,families,0.283,0.449,0.326,0.588,0.8,0.625,0.821,0.573,0.229,0.319,0.717,0.56,0.732,0.647,0.83,0.201,dairy_free,P013,2024-10-05
H00961,32,25-34,Greenwich,young_professionals,foodies,0.383,0.709,0.45,0.702,0.659,0.573,0.631,0.596,0.43,0.934,0.551,0.715,0.718,0.526,0.734,0.54,none,P013,2024-10-05
H00962,30,25-34,Lewisham,young_professionals,families,0.361,0.969,0.502,0.589,0.206,0.504,0.693,0.569,0.429,1.0,0.589,1.0,0.604,0.729,0.405,0.616,none,P013,2024-10-05
H00963,39,35-44,Hillingdon,families,foodies,0.0,0.103,0.148,0.826,0.421,0.696,0.387,0.373,0.74,0.76,0.6,0.34,0.674,0.873,0.539,0.422,none,P013,2024-10-05
H00964,30,25-34,Newham,fitness,students,0.434,0.31,0.873,0.423,0.055,0.906,0.438,0.684,0.52,0.713,0.742,0.868,0.47,0.264,0.178,0.925,none,P013,2024-10-05
H00965,30,25-34,Lewisham,young_professionals,foodies,0.0,0.9,0.44,0.255,0.448,0.517,0.73,0.781,0.575,0.922,0.43,0.59,0.67,0.546,0.54,0.879,nut_allergy,P013,2024-10-05
H00966,31,25-34,Lewisham,young_professionals,fitness,0.448,0.775,0.689,0.159,0.209,0.636,0.841,0.644,0.501,0.88,0.538,0.733,0.508,0.609,0.691,0.769,none,P013,2024-10-05
H00967,32,25-34,Lewisham,foodies,students,0.533,0.434,0.508,0.518,0.881,0.567,0.756,0.615,0.29,0.468,0.951,0.705,0.616,0.678,0.951,0.371,none,P013,2024-10-05
H00968,37,35-44,Hillingdon,families,fitness,0.421,0.377,0.574,0.826,0.364,0.81,0.387,0.362,0.74,0.555,0.578,0.653,0.585,0.537,0.45,0.504,none,P013,2024-10-05
H00969,23,18-24,Lewisham,foodies,students,0.655,0.112,0.264,0.144,0.814,0.651,0.924,0.628,0.289,0.36,0.732,0.778,0.967,0.622,0.949,0.431,none,P013,2024-10-05
H00970,23,18-24,Lewisham,students,fitness,0.878,0.237,0.435,0.303,0.154,0.45,0.786,0.848,0.93,0.691,0.65,0.619,1.0,0.842,0.315,0.572,none,P013,2024-10-05
H00971,22,18-24,Waltham Forest,fitness,young_professionals,0.144,0.381,0.832,0.083,0.381,0.846,0.535,0.524,0.43,0.451,0.637,0.709,0.338,0.176,0.352,0.958,dairy_free,P013,2024-10-05
H00972,38,35-44,Redbridge,foodies,young_professionals,0.284,0.411,0.307,0.307,0.778,0.373,1.0,0.631,0.242,0.385,0.655,0.61,0.587,0.43,0.697,0.208,vegetarian|dairy_free,P013,2024-10-05
H00973,28,25-34,Lewisham,young_professionals,students,0.453,0.826,0.38,0.443,0.302,0.385,0.656,0.65,0.496,0.677,0.426,0.907,0.583,0.372,0.468,0.697,none,P013,2024-10-05
H00974,25,25-34,Brent,young_professionals,fitness,0.038,0.967,0.36,0.25,0.222,0.545,0.69,0.592,0.49,0.718,0.657,0.787,0.626,0.604,0.556,0.57,none,P013,2024-10-05
H00975,35,35-44,Lewisham,fitness,foodies,0.224,0.211,0.875,0.217,0.529,0.977,0.539,0.3,0.484,0.663,0.566,0.719,0.183,0.0,0.233,0.934,none,P013,2024-10-05
H00976,26,25-34,Lewisham,young_professionals,fitness,0.012,0.917,0.594,0.267,0.284,0.586,0.665,0.742,0.416,0.973,0.495,0.922,0.707,0.434,0.661,0.572,none,P013,2024-10-05
H00977,28,25-34,Wandsworth,young_professionals,students,0.441,0.877,0.131,0.14,0.341,0.577,0.667,0.776,0.548,0.854,0.668,0.849,0.657,0.598,0.671,0.709,none,P013,2024-10-05
H00978,28,25-34,Lewisham,foodies,families,0.257,0.194,0.079,0.401,0.743,0.652,0.747,0.577,0.267,0.338,0.775,0.842,0.508,0.705,0.649,0.567,none,P013,2024-10-05
H00979,46,45+,Lewisham,fitness,young_professionals,0.242,0.494,0.783,0.235,0.246,0.867,0.511,0.486,0.451,0.803,0.58,0.657,0.379,0.355,0.226,0.951,none,P013,2024-10-05
H00980,47,45+,Redbridge,families,students,0.519,0.18,0.132,0.959,0.086,0.618,0.377,0.509,0.644,0.624,0.404,0.57,0.647,0.877,0.467,0.178,dairy_free,P013,2024-10-05
H00981,31,25-34,Westminster,young_professionals,foodies,0.321,0.903,0.085,0.181,0.561,0.581,0.581,0.644,0.476,0.722,0.64,0.895,0.667,0.454,0.537,0.451,none,P013,2024-10-05
H00982,34,25-34,Lewisham,families,students,0.591,0.419,0.031,0.976,0.152,0.685,0.33,0.377,0.862,0.737,0.683,0.309,0.923,0.705,0.585,0.454,none,P013,2024-10-05
H00983,42,35-44,Lewisham,families,students,0.431,0.193,0.195,0.961,0.283,0.679,0.462,0.42,0.846,0.837,0.501,0.483,0.649,0.696,0.684,0.217,none,P013,2024-10-05
H00984,31,25-34,Westminster,foodies,fitness,0.219,0.289,0.422,0.225,0.942,0.528,0.947,0.544,0.255,0.209,0.721,0.715,0.692,0.468,0.767,0.653,none,P013,2024-10-05
H00985,26,25-34,Lewisham,fitness,foodies,0.369,0.628,0.702,0.0,0.698,0.891,0.615,0.466,0.361,0.636,0.566,0.629,0.257,0.362,0.421,0.772,none,P013,2024-10-05
H00986,26,25-34,Waltham Forest,foodies,young_professionals,0.327,0.52,0.291,0.118,0.836,0.632,1.0,0.72,0.383,0.363,0.649,0.785,0.717,0.531,0.921,0.284,vegan,P013,2024-10-05
H00987,30,25-34,Brent,young_professionals,students,0.294,0.779,0.0,0.088,0.189,0.586,0.695,0.759,0.461,0.863,0.435,0.642,0.782,0.301,0.761,0.71,none,P013,2024-10-05
H00988,34,25-34,Lewisham,families,students,0.584,0.512,0.282,0.861,0.203,0.513,0.363,0.324,0.725,0.588,0.619,0.373,0.606,0.709,0.706,0.371,dairy_free,P013,2024-10-05
H00989,43,35-44,Brent,foodies,fitness,0.269,0.352,0.483,0.436,0.824,0.51,0.983,0.507,0.382,0.405,0.695,0.838,0.525,0.799,0.988,0.151,none,P013,2024-10-05
H00990,36,35-44,Merton,families,fitness,0.155,0.065,0.662,0.871,0.11,0.652,0.306,0.394,0.624,0.692,0.489,0.413,0.725,0.842,0.388,0.207,none,P013,2024-10-05
H00991,33,25-34,Hounslow,families,foodies,0.276,0.313,0.284,0.886,0.473,0.882,0.472,0.333,0.785,0.821,0.742,0.384,0.667,0.668,0.562,0.324,none,P013,2024-10-05
H00992,23,18-24,Lewisham,foodies,families,0.419,0.331,0.323,0.593,0.877,0.787,0.869,0.439,0.226,0.225,0.57,0.606,0.692,0.742,1.0,0.47,none,P013,2024-10-05
H00993,39,35-44,Lewisham,foodies,students,0.509,0.359,0.363,0.11,0.992,0.665,0.928,0.7,0.337,0.264,0.7,0.582,0.678,0.815,1.0,0.5,vegan|dairy_free,P013,2024-10-05
H00994,30,25-34,Newham,young_professionals,families,0.181,0.849,0.059,0.358,0.169,0.625,0.8,0.683,0.397,0.822,0.702,0.619,0.537,0.622,0.547,0.476,dairy_free,P013,2024-10-05
H00995,25,25-34,Hammersmith and Fulham,young_professionals,foodies,0.27,0.859,0.255,0.167,0.407,0.775,0.747,0.684,0.493,0.907,0.63,0.634,0.748,0.629,0.771,0.862,none,P013,2024-10-05
H00996,32,25-34,Lewisham,families,students,0.566,0.147,0.351,0.911,0.235,0.63,0.338,0.584,0.674,0.537,0.69,0.554,0.584,0.698,0.386,0.583,none,P013,2024-10-05
H00997,21,18-24,Lewisham,foodies,young_professionals,0.349,0.481,0.323,0.165,0.777,0.555,0.798,0.494,0.409,0.375,0.798,0.679,0.739,0.544,0.925,0.54,vegan|dairy_free,P013,2024-10-05
H00998,30,25-34,Tower Hamlets,fitness,young_professionals,0.426,0.582,0.855,0.181,0.491,0.898,0.475,0.393,0.568,0.671,0.508,0.661,0.419,0.233,0.35,0.69,vegetarian,P013,2024-10-05
H00999,25,25-34,Lambeth,young_professionals,foodies,0.0,0.919,0.384,0.332,0.43,0.59,0.848,0.687,0.488,1.0,0.765,0.951,0.554,0.813,0.59,0.623,none,P013,2024-10-05
H01000,33,25-34,Barnet,families,foodies,0.361,0.126,0.57,0.768,0.642,0.598,0.259,0.274,0.656,0.762,0.666,0.535,0.74,0.573,0.448,0.435,dairy_free,P013,2024-10-05
H01001,41,35-44,Ealing,foodies,fitness,0.316,0.159,0.402,0.229,0.835,0.905,0.887,0.707,0.474,0.249,0.748,0.71,0.593,0.552,0.916,0.496,none,organic,2024-10-05
H01002,31,25-34,City of London,fitness,foodies,0.216,0.286,0.832,0.0,0.358,0.787,0.31,0.428,0.478,0.468,0.614,0.9,0.101,0.215,0.329,0.877,dairy_free,organic,2024-10-06
H01003,26,25-34,Redbridge,young_professionals,foodies,0.119,0.928,0.207,0.014,0.348,0.646,0.7,0.611,0.355,0.788,0.708,0.662,0.606,0.629,0.436,0.549,none,organic,2024-10-06
H01004,40,35-44,Haringey,families,young_professionals,0.154,0.472,0.259,0.912,0.334,0.648,0.301,0.206,0.563,0.931,0.512,0.476,0.453,0.991,0.548,0.309,none,organic,2024-10-07
H01005,32,25-34,Barnet,fitness,students,0.651,0.365,0.758,0.081,0.228,0.92,0.659,0.59,0.57,0.709,0.408,0.435,0.453,0.381,0.405,0.935,none,organic,2024-10-08
H01006,23,18-24,Sutton,students,families,0.891,0.115,0.132,0.379,0.234,0.415,0.676,0.762,0.916,0.878,0.6,0.834,0.838,0.776,0.403,0.502,none,organic,2024-10-08
H01007,37,35-44,Wandsworth,fitness,students,0.436,0.114,0.783,0.116,0.082,0.918,0.568,0.702,0.457,0.589,0.68,0.851,0.41,0.308,0.325,0.826,none,organic,2024-10-09
H01008,38,35-44,Haringey,young_professionals,students,0.411,0.875,0.252,0.205,0.252,0.463,0.706,0.7,0.471,0.901,0.73,0.676,0.677,0.474,0.736,0.632,gluten_free,organic,2024-10-09
H01009,37,35-44,Newham,foodies,families,0.385,0.183,0.255,0.453,0.985,0.588,0.879,0.693,0.38,0.34,0.727,0.568,0.661,0.587,0.989,0.414,vegan,organic,2024-10-10
H01010,29,25-34,Greenwich,young_professionals,foodies,0.079,0.867,0.543,0.374,0.596,0.568,0.68,0.629,0.555,0.869,0.619,0.752,0.736,0.524,0.467,0.765,none,organic,2024-10-11
H01011,23,18-24,Tower Hamlets,students,young_professionals,0.691,0.337,0.132,0.14,0.24,0.464,0.636,0.927,0.797,0.889,0.453,0.737,0.811,0.854,0.321,0.407,vegan,organic,2024-10-11
H01012,38,35-44,Croydon,families,young_professionals,0.265,0.439,0.107,0.746,0.212,0.706,0.494,0.432,0.78,1.0,0.576,0.55,0.728,0.692,0.414,0.348,gluten_free|dairy_free,organic,2024-10-11
H01013,35,35-44,Islington,young_professionals,foodies,0.169,0.859,0.175,0.278,0.354,0.607,0.684,0.676,0.282,0.769,0.618,0.63,0.734,0.397,0.581,0.814,none,organic,2024-10-13
H01014,26,25-34,Brent,young_professionals,fitness,0.109,0.851,0.584,0.429,0.181,0.595,0.666,0.494,0.304,0.979,0.685,0.613,0.433,0.553,0.59,0.456,none,organic,2024-10-14
H01015,28,25-34,Islington,young_professionals,students,0.571,0.879,0.569,0.0,0.306,0.635,0.745,0.653,0.651,0.888,0.775,0.867,0.722,0.369,0.749,0.444,vegan,organic,2024-10-14
H01016,35,35-44,Islington,young_professionals,foodies,0.186,0.838,0.168,0.189,0.221,0.6,0.692,0.751,0.193,0.839,0.549,0.624,0.747,0.579,0.589,0.544,none,organic,2024-10-14
H01017,30,25-34,Ealing,foodies,students,0.512,0.438,0.117,0.353,0.827,0.57,1.0,0.577,0.327,0.356,0.724,0.74,0.603,0.755,1.0,0.518,none,organic,2024-10-15
H01018,32,25-34,Ealing,young_professionals,students,0.256,0.77,0.106,0.0,0.254,0.673,0.834,0.66,0.324,0.952,0.628,0.845,0.751,0.517,0.565,0.896,none,organic,2024-10-15
H01019,32,25-34,Westminster,young_professionals,foodies,0.141,1.0,0.195,0.151,0.43,0.558,0.912,0.64,0.531,0.833,0.596,0.707,0.649,0.49,0.604,0.583,none,organic,2024-10-16
H01020,20,18-24,Camden,students,fitness,0.914,0.338,0.353,0.317,0.286,0.389,0.841,0.792,0.98,0.7,0.479,0.833,0.702,0.791,0.538,0.527,none,organic,2024-10-16
H01021,35,35-44,Croydon,young_professionals,students,0.588,0.781,0.527,0.205,0.268,0.718,0.807,0.727,0.532,0.819,0.442,0.621,0.613,0.289,0.668,0.7,none,organic,2024-10-16
H01022,36,35-44,Enfield,families,foodies,0.014,0.153,0.252,0.772,0.263,0.63,0.385,0.158,0.758,0.909,0.412,0.711,0.707,0.659,0.512,0.277,gluten_free,organic,2024-10-16
H01023,28,25-34,Bromley,young_professionals,foodies,0.181,0.884,0.335,0.378,0.423,0.52,0.718,0.569,0.438,0.824,0.599,0.861,0.548,0.785,0.75,0.456,none,organic,2024-10-17
H01024,26,25-34,Havering,students,foodies,0.801,0.315,0.243,0.195,0.344,0.373,0.717,0.797,0.864,0.524,0.559,0.762,0.716,0.725,0.414,0.455,none,organic,2024-10-17
H01025,34,25-34,Hammersmith and Fulham,foodies,young_professionals,0.222,0.683,0.122,0.375,0.827,0.592,0.839,0.737,0.387,0.357,0.675,0.611,0.629,0.588,0.757,0.333,none,organic,2024-10-18
H01026,21,18-24,Barnet,students,young_professionals,0.893,0.358,0.094,0.292,0.255,0.386,0.868,0.853,1.0,0.677,0.488,0.441,1.0,0.809,0.541,0.753,gluten_free,organic,2024-10-18
H01027,29,25-34,Haringey,young_professionals,fitness,0.148,0.917,0.613,0.133,0.116,0.567,0.712,0.502,0.387,0.749,0.401,0.646,0.642,0.453,0.582,0.52,none,organic,2024-10-18
H01028,31,25-34,Newham,young_professionals,students,0.633,0.758,0.292,0.246,0.221,0.637,0.711,0.538,0.447,0.872,0.816,0.619,0.694,0.41,0.559,0.531,none,organic,2024-10-18
H01029,35,35-44,Ealing,young_professionals,fitness,0.265,0.8,0.486,0.291,0.28,0.455,0.781,0.698,0.41,0.844,0.481,0.84,0.672,0.581,0.66,0.573,none,P014,2024-10-19
H01030,33,25-34,Hammersmith and Fulham,young_professionals,families,0.403,0.805,0.361,0.489,0.471,0.54,0.638,0.597,0.449,0.722,0.708,0.733,0.947,0.409,0.791,0.817,dairy_free,P014,2024-10-19
H01031,25,25-34,Lewisham,young_professionals,foodies,0.164,0.829,0.303,0.06,0.644,0.599,0.78,0.673,0.52,0.849,0.623,0.721,0.77,0.589,0.581,0.627,nut_allergy,P014,2024-10-19
H01032,31,25-34,Enfield,fitness,families,0.216,0.415,0.903,0.568,0.209,0.838,0.424,0.502,0.573,0.557,0.595,0.655,0.498,0.402,0.13,1.0,none,P014,2024-10-19
H01033,22,18-24,Hammersmith and Fulham,students,fitness,0.831,0.356,0.683,0.319,0.231,0.452,0.843,0.685,1.0,0.691,0.457,0.644,0.96,0.583,0.362,0.664,gluten_free,P014,2024-10-19
H01034,37,35-44,Southwark,fitness,students,0.452,0.35,0.745,0.231,0.343,1.0,0.656,0.376,0.468,0.7,0.551,0.914,0.596,0.202,0.331,0.81,vegetarian,P014,2024-10-19
H01035,37,35-44,Greenwich,fitness,foodies,0.167,0.0,0.865,0.146,0.202,0.84,0.569,0.451,0.464,0.595,0.681,0.681,0.526,0.162,0.344,0.831,none,P014,2024-10-19
H01036,31,25-34,Hammersmith and Fulham,fitness,students,0.56,0.172,0.787,0.103,0.081,0.95,0.364,0.514,0.529,0.572,0.634,0.517,0.507,0.344,0.357,1.0,none,P014,2024-10-19
H01037,39,35-44,Greenwich,fitness,students,0.576,0.196,0.898,0.457,0.288,0.801,0.435,0.643,0.596,0.725,0.644,0.75,0.433,0.349,0.407,0.731,none,P014,2024-10-19
H01038,24,18-24,Ealing,students,fitness,0.891,0.0,0.535,0.313,0.452,0.428,0.816,0.793,0.84,0.591,0.511,0.725,0.515,0.656,0.21,0.476,none,P014,2024-10-19
H01039,32,25-34,Newham,young_professionals,students,0.674,0.724,0.32,0.429,0.095,0.616,0.687,0.643,0.365,0.878,0.62,0.697,0.73,0.673,0.681,0.525,vegetarian|nut_allergy,P014,2024-10-19
H01040,26,25-34,Hammersmith and Fulham,fitness,foodies,0.314,0.164,0.934,0.417,0.473,1.0,0.514,0.701,0.524,0.648,0.753,0.515,0.33,0.194,0.087,1.0,none,P014,2024-10-19
H01041,31,25-34,Kensington and Chelsea,young_professionals,foodies,0.391,0.846,0.185,0.313,0.438,0.576,0.656,0.679,0.505,1.0,0.676,0.941,0.552,0.358,0.598,0.753,none,P014,2024-10-19
H01042,19,18-24,Brent,fitness,students,0.488,0.35,0.88,0.409,0.325,0.965,0.64,0.426,0.433,0.562,0.555,0.749,0.347,0.378,0.478,1.0,none,P014,2024-10-19
H01043,45,45+,Hammersmith and Fulham,families,young_professionals,0.52,0.533,0.276,0.762,0.152,0.64,0.286,0.474,0.736,0.764,0.586,0.574,0.673,0.649,0.608,0.381,none,P014,2024-10-19
H01044,22,18-24,Hammersmith and Fulham,students,families,0.81,0.462,0.143,0.499,0.303,0.288,0.655,0.875,0.895,0.783,0.54,0.63,0.723,0.464,0.313,0.664,none,P014,2024-10-19
H01045,31,25-34,Bexley,young_professionals,families,0.0,0.831,0.499,0.543,0.504,0.602,0.707,0.69,0.513,0.778,0.494,0.914,0.453,0.747,0.371,0.58,vegan,P014,2024-10-19
H01046,24,18-24,Lambeth,young_professionals,students,0.364,0.803,0.268,0.206,0.295,0.436,0.736,0.626,0.308,0.768,0.632,0.646,0.681,0.757,0.62,0.476,gluten_free|dairy_free,P014,2024-10-19
H01047,28,25-34,Camden,young_professionals,fitness,0.323,0.942,0.56,0.299,0.127,0.394,0.756,0.739,0.594,0.777,0.623,0.78,0.66,0.564,0.604,0.675,none,P014,2024-10-19
H01048,28,25-34,Ealing,foodies,students,0.274,0.237,0.215,0.058,0.888,0.483,0.891,0.788,0.184,0.415,0.866,0.366,0.749,0.672,0.918,0.322,none,P014,2024-10-19
H01049,31,25-34,Waltham Forest,foodies,fitness,0.226,0.248,0.479,0.118,0.947,0.651,0.804,0.57,0.079,0.467,0.732,0.73,0.757,0.666,0.949,0.447,none,P014,2024-10-19
H01050,29,25-34,Greenwich,young_professionals,fitness,0.198,0.861,0.356,0.193,0.259,0.563,0.756,0.614,0.574,0.845,0.736,0.888,0.776,0.406,0.602,0.797,gluten_free,P014,2024-10-19
H01051,41,35-44,Hammersmith and Fulham,families,young_professionals,0.092,0.588,0.181,0.654,0.247,0.56,0.436,0.311,0.727,0.635,0.81,0.56,0.583,0.715,0.434,0.259,gluten_free,P014,2024-10-19
H01052,20,18-24,Hackney,students,fitness,0.944,0.125,0.439,0.262,0.28,0.426,0.832,0.875,0.883,0.653,0.71,0.771,0.703,0.672,0.573,0.564,vegetarian,P014,2024-10-19
H01053,35,35-44,Haringey,foodies,fitness,0.291,0.481,0.489,0.38,0.851,0.796,0.846,0.584,0.279,0.313,0.551,0.815,0.577,0.62,0.779,0.474,none,P014,2024-10-19
H01054,28,25-34,Bromley,young_professionals,fitness,0.072,0.815,0.438,0.315,0.267,0.734,0.645,0.725,0.476,0.906,0.629,0.836,0.825,0.444,0.779,0.614,none,organic,2024-10-19
H01055,18,18-24,Tower Hamlets,students,foodies,0.826,0.363,0.115,0.028,0.653,0.39,0.822,0.833,0.898,0.496,0.601,0.645,0.676,0.65,0.46,0.537,none,organic,2024-10-19
H01056,36,35-44,Southwark,families,students,0.434,0.124,0.177,0.794,0.391,0.708,0.51,0.431,0.707,0.778,0.532,0.496,0.528,0.782,0.534,0.33,none,organic,2024-10-19
H01057,23,18-24,Ealing,young_professionals,foodies,0.09,0.999,0.232,0.129,0.247,0.652,0.606,0.628,0.341,0.947,0.592,0.792,0.572,0.629,0.683,0.481,none,organic,2024-10-19
H01058,37,35-44,Wandsworth,fitness,students,0.553,0.171,0.853,0.331,0.45,0.751,0.564,0.536,0.289,0.487,0.626,0.775,0.531,0.235,0.27,0.963,none,organic,2024-10-19
H01059,28,25-34,Ealing,young_professionals,foodies,0.229,1.0,0.194,0.241,0.373,0.57,0.873,0.736,0.527,0.806,0.542,0.64,0.741,0.671,0.712,0.492,none,organic,2024-10-19
H01060,22,18-24,Redbridge,students,fitness,0.852,0.219,0.479,0.44,0.189,0.427,0.734,0.795,0.84,0.594,0.373,0.811,0.752,0.872,0.431,0.547,none,organic,2024-10-20
H01061,31,25-34,Hounslow,foodies,families,0.252,0.157,0.359,0.476,0.778,0.524,1.0,0.512,0.217,0.386,0.684,0.715,0.62,0.588,1.0,0.345,vegetarian|dairy_free,organic,2024-10-20
H01062,31,25-34,Barnet,young_professionals,families,0.37,0.816,0.296,0.538,0.128,0.758,0.772,0.749,0.545,0.739,0.558,0.703,0.775,0.562,0.596,0.638,none,organic,2024-10-20
H01063,20,18-24,City of London,students,foodies,0.857,0.309,0.134,0.402,0.681,0.471,0.712,0.803,0.793,0.692,0.552,0.617,0.613,0.594,0.7,0.412,dairy_free,organic,2024-10-20
H01064,25,25-34,Hackney,young_professionals,students,0.478,0.772,0.279,0.354,0.362,0.593,0.533,0.411,0.67,0.8,0.616,0.843,0.864,0.524,0.513,0.578,gluten_free,organic,2024-10-20
H01065,34,25-34,Hounslow,families,fitness,0.377,0.328,0.452,0.922,0.182,0.636,0.314,0.26,0.651,0.802,0.516,0.556,0.558,0.806,0.423,0.207,vegan,organic,2024-10-21
H01066,21,18-24,Barnet,students,foodies,0.904,0.115,0.279,0.321,0.42,0.287,0.686,0.823,0.793,0.833,0.572,0.849,0.959,0.868,0.392,0.424,none,organic,2024-10-21
H01067,21,18-24,Redbridge,foodies,families,0.28,0.292,0.234,0.301,0.738,0.778,0.725,0.711,0.367,0.386,0.846,0.86,0.629,0.999,0.797,0.362,vegetarian,organic,2024-10-21
H01068,31,25-34,Hammersmith and Fulham,young_professionals,families,0.392,0.867,0.374,0.443,0.354,0.812,0.853,0.568,0.449,1.0,0.511,0.602,0.971,0.492,0.358,0.551,none,organic,2024-10-22
H01069,28,25-34,Redbridge,young_professionals,foodies,0.079,0.865,0.274,0.269,0.359,0.672,0.678,0.745,0.441,0.811,0.456,0.875,0.52,0.64,0.528,0.753,vegetarian|dairy_free,organic,2024-10-22
H01070,34,25-34,Kingston upon Thames,young_professionals,fitness,0.019,0.965,0.308,0.12,0.275,0.699,0.705,0.671,0.446,0.837,0.619,0.616,0.697,0.43,0.879,0.723,none,organic,2024-10-22
H01071,27,25-34,Lewisham,young_professionals,foodies,0.253,0.866,0.252,0.129,0.292,0.537,0.715,0.676,0.263,0.843,0.607,0.659,0.754,0.751,0.635,0.503,none,organic,2024-10-22
H01072,36,35-44,Greenwich,young_professionals,fitness,0.274,0.833,0.335,0.051,0.291,0.578,0.783,0.637,0.423,0.615,0.678,0.555,0.594,0.447,0.326,0.667,none,organic,2024-10-23
H01073,32,25-34,Southwark,young_professionals,fitness,0.342,0.783,0.416,0.382,0.21,0.583,0.67,0.616,0.369,0.884,0.635,0.64,0.561,0.573,0.596,0.577,none,organic,2024-10-23
H01074,31,25-34,Waltham Forest,young_professionals,families,0.303,0.858,0.177,0.402,0.0,0.831,0.63,0.604,0.408,0.963,0.636,0.519,0.611,0.478,0.803,0.553,none,organic,2024-10-24
H01075,27,25-34,Tower Hamlets,young_professionals,students,0.637,0.836,0.362,0.035,0.265,0.532,0.657,0.691,0.459,0.835,0.606,0.587,0.885,0.486,0.49,0.677,vegetarian|dairy_free,organic,2024-10-24
H01076,33,25-34,Tower Hamlets,young_professionals,fitness,0.357,0.765,0.366,0.245,0.333,0.573,0.629,0.653,0.383,0.78,0.58,0.552,0.544,0.698,0.682,0.652,none,organic,2024-10-25
H01077,40,35-44,Bexley,families,young_professionals,0.363,0.444,0.296,0.916,0.306,0.599,0.17,0.384,0.703,0.827,0.545,0.373,0.719,0.496,0.311,0.314,none,organic,2024-10-26
H01078,36,35-44,Hillingdon,families,fitness,0.295,0.214,0.408,0.67,0.264,0.577,0.22,0.22,0.707,0.604,0.518,0.577,0.488,0.886,0.411,0.166,vegetarian,organic,2024-10-26
H01079,22,18-24,Bromley,students,families,0.772,0.266,0.239,0.353,0.167,0.332,0.678,0.79,0.871,0.723,0.651,0.733,0.618,0.872,0.437,0.58,vegan,organic,2024-10-27
H01080,37,35-44,Croydon,young_professionals,families,0.159,0.807,0.116,0.624,0.385,0.498,0.57,0.763,0.568,0.738,0.722,0.711,0.577,0.604,0.588,0.429,none,organic,2024-10-29
H01081,31,25-34,Barnet,fitness,foodies,0.17,0.365,0.823,0.234,0.407,0.951,0.416,0.457,0.368,0.637,0.642,0.645,0.584,0.037,0.448,0.886,none,organic,2024-10-29
H01082,29,25-34,Greenwich,foodies,students,0.31,0.265,0.191,0.262,0.873,0.592,0.745,0.647,0.481,0.453,0.71,0.766,0.521,0.652,1.0,0.451,none,organic,2024-10-31
H01083,26,25-34,Hackney,young_professionals,families,0.19,0.887,0.196,0.339,0.165,0.532,0.613,0.566,0.516,0.765,0.569,0.697,0.67,0.623,0.673,0.434,gluten_free,organic,2024-11-01
H01084,31,25-34,Barnet,young_professionals,students,0.485,0.918,0.238,0.342,0.293,0.648,0.695,0.633,0.521,0.801,0.928,0.714,0.561,0.823,0.597,0.522,none,organic,2024-11-01
H01085,26,25-34,Kensington and Chelsea,young_professionals,families,0.301,0.742,0.164,0.422,0.052,0.691,0.54,0.654,0.308,0.768,0.553,0.502,0.564,0.521,0.571,0.48,none,organic,2024-11-01
H01086,41,35-44,Tower Hamlets,families,foodies,0.388,0.142,0.249,0.855,0.426,0.694,0.292,0.392,0.748,0.845,0.526,0.589,0.48,0.807,0.531,0.136,none,organic,2024-11-01
H01087,28,25-34,Bromley,young_professionals,foodies,0.316,0.814,0.248,0.044,0.393,0.618,0.675,0.636,0.613,0.757,0.557,0.838,0.675,0.419,0.629,0.863,none,organic,2024-11-01
H01088,25,25-34,Southwark,fitness,foodies,0.247,0.467,0.91,0.457,0.469,0.876,0.426,0.546,0.678,0.703,0.647,0.65,0.434,0.324,0.399,0.762,none,organic,2024-11-03
H01089,25,25-34,Wandsworth,students,foodies,0.672,0.245,0.094,0.487,0.555,0.586,0.613,0.773,0.873,0.769,0.551,0.668,0.706,0.518,0.397,0.454,none,organic,2024-11-03
H01090,26,25-34,Lambeth,students,fitness,0.801,0.321,0.572,0.048,0.263,0.358,0.706,0.705,0.882,0.685,0.335,0.571,0.776,0.737,0.239,0.647,none,organic,2024-11-04
H01091,19,18-24,Tower Hamlets,students,families,0.857,0.315,0.0,0.391,0.302,0.331,0.647,0.819,0.937,0.692,0.565,0.812,0.717,0.621,0.617,0.689,none,organic,2024-11-04
H01092,32,25-34,Kensington and Chelsea,young_professionals,families,0.353,0.816,0.358,0.556,0.528,0.641,0.719,0.739,0.349,0.814,0.621,0.778,0.651,0.35,0.51,0.62,none,organic,2024-11-04
H01093,38,35-44,Waltham Forest,foodies,families,0.091,0.326,0.09,0.475,0.837,0.503,0.8,0.634,0.166,0.329,0.773,0.691,0.424,0.52,1.0,0.469,none,organic,2024-11-05
H01094,34,25-34,Sutton,fitness,foodies,0.351,0.298,0.732,0.451,0.549,0.935,0.395,0.704,0.411,0.478,0.497,0.623,0.296,0.318,0.453,0.742,none,organic,2024-11-05
H01095,46,45+,Sutton,foodies,fitness,0.115,0.534,0.572,0.17,1.0,0.654,0.914,0.818,0.328,0.553,0.829,0.532,0.764,0.801,0.845,0.438,none,organic,2024-11-06
H01096,26,25-34,Tower Hamlets,young_professionals,students,0.533,0.82,0.423,0.43,0.391,0.706,0.734,0.612,0.505,0.751,0.617,0.724,0.738,0.642,0.528,0.554,none,organic,2024-11-06
H01097,28,25-34,Newham,young_professionals,students,0.361,0.713,0.281,0.211,0.19,0.658,0.741,0.582,0.289,0.797,0.607,0.559,0.563,0.703,0.588,0.964,none,organic,2024-11-10
H01098,25,25-34,Havering,young_professionals,fitness,0.122,1.0,0.631,0.42,0.228,0.622,0.827,0.617,0.429,0.888,0.791,0.814,0.624,0.655,0.583,0.689,none,organic,2024-11-10
H01099,22,18-24,Bromley,students,fitness,0.884,0.257,0.479,0.175,0.057,0.483,0.739,0.751,0.783,0.716,0.57,0.519,0.978,0.573,0.364,0.575,none,organic,2024-11-11
H01100,30,25-34,Tower Hamlets,young_professionals,fitness,0.203,0.884,0.5,0.236,0.233,0.613,0.753,0.602,0.546,0.968,0.675,0.841,1.0,0.743,0.526,0.672,none,organic,2024-11-11
H01101,28,25-34,Westminster,foodies,families,0.431,0.243,0.392,0.441,0.843,0.664,1.0,0.557,0.223,0.332,0.821,0.774,0.546,0.812,1.0,0.304,none,organic,2024-11-12
H01102,26,25-34,Merton,foodies,families,0.28,0.319,0.178,0.375,0.793,0.379,0.685,0.63,0.212,0.363,0.693,0.692,0.77,0.353,0.808,0.57,none,organic,2024-11-13
H01103,30,25-34,Tower Hamlets,foodies,fitness,0.399,0.0,0.436,0.427,0.807,0.704,0.828,0.536,0.3,0.274,0.894,0.738,0.701,0.854,0.938,0.462,none,organic,2024-11-13
H01104,42,35-44,Hackney,foodies,families,0.176,0.281,0.077,0.436,0.759,0.704,0.732,0.448,0.284,0.536,0.699,0.507,0.764,0.735,1.0,0.446,vegan|gluten_free,organic,2024-11-13
H01105,29,25-34,Islington,young_professionals,families,0.254,0.895,0.322,0.551,0.17,0.612,0.572,0.546,0.555,0.804,0.568,0.842,0.635,0.635,0.587,0.526,vegetarian,organic,2024-11-14
H01106,46,45+,Brent,families,foodies,0.556,0.476,0.15,0.922,0.636,0.614,0.298,0.508,0.776,0.784,0.761,0.526,0.639,0.713,0.384,0.18,gluten_free,organic,2024-11-14
H01107,30,25-34,Westminster,young_professionals,fitness,0.203,0.838,0.394,0.161,0.261,0.527,0.644,0.796,0.419,0.957,0.613,0.804,0.614,0.637,0.526,0.597,gluten_free,organic,2024-11-14
H01108,35,35-44,Waltham Forest,foodies,young_professionals,0.145,0.299,0.183,0.167,1.0,0.6,0.902,0.347,0.326,0.43,0.799,0.619,0.526,0.655,0.857,0.362,none,organic,2024-11-14
H01109,21,18-24,Merton,students,young_professionals,0.899,0.668,0.056,0.324,0.357,0.567,0.82,0.779,0.853,0.741,0.578,0.509,0.581,0.807,0.332,0.383,none,organic,2024-11-14
H01110,31,25-34,Camden,fitness,foodies,0.372,0.252,0.913,0.309,0.376,0.7,0.349,0.571,0.554,0.529,0.656,0.681,0.536,0.475,0.082,1.0,vegan,organic,2024-11-15
H01111,33,25-34,Southwark,young_professionals,students,0.512,0.983,0.312,0.078,0.425,0.509,0.756,0.641,0.701,1.0,0.662,0.862,0.738,0.675,0.663,0.529,vegan,organic,2024-11-16
H01112,31,25-34,Tower Hamlets,young_professionals,students,0.476,0.781,0.251,0.337,0.142,0.714,0.634,0.65,0.387,0.849,0.664,0.768,0.645,0.534,0.632,0.704,none,organic,2024-11-16
H01113,20,18-24,Southwark,students,fitness,0.965,0.234,0.357,0.261,0.265,0.418,0.717,0.923,0.843,0.643,0.533,0.514,0.7,0.867,0.487,0.615,none,organic,2024-11-16
H01114,36,35-44,Newham,foodies,young_professionals,0.213,0.368,0.096,0.206,0.954,0.475,0.875,0.777,0.34,0.372,0.648,0.453,0.553,0.398,0.959,0.446,none,P015,2024-11-17
H01115,45,45+,Lewisham,families,students,0.594,0.416,0.274,0.689,0.503,0.539,0.322,0.453,0.722,0.788,0.518,0.583,0.727,0.87,0.551,0.463,none,P015,2024-11-17
H01116,42,35-44,Brent,foodies,students,0.287,0.163,0.261,0.25,0.794,0.474,0.836,0.524,0.301,0.288,0.696,0.649,0.822,0.776,0.968,0.427,vegan,P015,2024-11-17
H01117,36,35-44,Wandsworth,foodies,students,0.499,0.017,0.265,0.351,0.775,0.646,0.888,0.509,0.289,0.472,0.589,0.462,0.625,0.597,0.89,0.477,vegetarian,P015,2024-11-17
H01118,31,25-34,Camden,young_professionals,students,0.341,0.838,0.106,0.146,0.097,0.537,0.588,0.711,0.433,0.932,0.556,0.701,0.875,0.355,0.754,0.849,none,P015,2024-11-17
H01119,40,35-44,Kensington and Chelsea,fitness,students,0.252,0.194,0.939,0.214,0.158,0.782,0.489,0.656,0.544,0.701,0.587,0.66,0.495,0.232,0.45,1.0,none,P015,2024-11-17
H01120,35,35-44,Hackney,families,fitness,0.218,0.08,0.23,0.956,0.143,0.636,0.259,0.331,0.834,0.797,0.653,0.342,0.679,0.633,0.34,0.379,none,P015,2024-11-17
H01121,21,18-24,Hackney,students,foodies,1.0,0.431,0.52,0.121,0.525,0.452,0.688,0.731,0.768,0.787,0.541,0.952,0.825,0.85,0.421,0.419,none,P015,2024-11-17
H01122,43,35-44,Hounslow,families,young_professionals,0.242,0.443,0.32,0.874,0.125,0.677,0.429,0.457,0.89,0.787,0.62,0.496,0.507,0.605,0.652,0.229,none,P015,2024-11-17
H01123,23,18-24,Camden,students,fitness,1.0,0.181,0.357,0.256,0.115,0.567,0.659,0.826,0.832,0.899,0.562,0.615,0.714,0.761,0.471,0.603,none,P015,2024-11-17
H01124,23,18-24,Hackney,foodies,families,0.249,0.391,0.2,0.401,0.833,0.829,0.905,0.646,0.382,0.478,0.781,0.761,0.755,0.663,0.84,0.36,none,P015,2024-11-17
H01125,32,25-34,Hackney,families,foodies,0.052,0.236,0.26,0.865,0.383,0.631,0.277,0.347,0.644,0.721,0.616,0.549,0.786,0.895,0.735,0.417,none,P015,2024-11-17
H01126,42,35-44,Kensington and Chelsea,families,fitness,0.202,0.079,0.529,0.78,0.366,0.873,0.425,0.31,0.707,0.735,0.525,0.301,0.646,0.584,0.197,0.309,none,P015,2024-11-17
H01127,26,25-34,Hackney,fitness,foodies,0.0,0.172,0.961,0.205,0.358,1.0,0.456,0.471,0.553,0.502,0.491,0.62,0.454,0.326,0.474,0.789,none,P015,2024-11-17
H01128,27,25-34,City of London,foodies,families,0.209,0.021,0.344,0.531,0.932,0.642,1.0,0.457,0.252,0.26,0.623,0.661,0.7,0.382,0.952,0.255,none,P015,2024-11-17
H01129,44,35-44,Hackney,families,foodies,0.369,0.327,0.221,0.887,0.384,0.734,0.359,0.548,0.751,0.727,0.428,0.673,0.692,0.966,0.76,0.196,none,P015,2024-11-17
H01130,21,18-24,Hackney,foodies,students,0.438,0.398,0.315,0.116,0.865,0.663,0.781,0.739,0.423,0.397,0.778,0.849,0.504,0.749,0.893,0.531,gluten_free,P015,2024-11-17
H01131,30,25-34,Wandsworth,foodies,students,0.453,0.268,0.207,0.206,0.99,0.6,0.919,0.495,0.219,0.468,0.595,0.703,0.656,0.485,1.0,0.285,none,P015,2024-11-17
H01132,21,18-24,Hackney,students,families,0.794,0.301,0.323,0.335,0.281,0.559,0.873,0.929,0.969,0.7,0.544,0.671,0.49,0.836,0.479,0.649,none,P015,2024-11-17
H01133,18,18-24,Waltham Forest,students,fitness,0.877,0.0,0.28,0.184,0.164,0.383,0.733,0.782,1.0,0.692,0.736,0.648,0.801,0.873,0.593,0.707,none,P015,2024-11-17
H01134,22,18-24,Hounslow,young_professionals,foodies,0.271,0.819,0.435,0.287,0.555,0.661,0.659,0.644,0.232,0.888,0.61,0.618,0.637,0.519,0.812,0.523,nut_allergy,P015,2024-11-17
H01135,35,35-44,Hillingdon,families,students,0.342,0.268,0.299,0.921,0.226,0.682,0.397,0.367,0.593,0.607,0.383,0.712,0.334,0.893,0.401,0.492,none,P015,2024-11-17
H01136,37,35-44,Hackney,families,students,0.518,0.407,0.249,0.961,0.102,0.691,0.308,0.429,0.642,0.593,0.507,0.577,0.647,0.754,0.608,0.326,none,P015,2024-11-17
H01137,33,25-34,Lewisham,young_professionals,families,0.344,0.856,0.077,0.466,0.188,0.603,0.737,0.852,0.422,0.852,0.51,0.857,0.583,0.673,0.402,0.716,none,P015,2024-11-17
H01138,33,25-34,Hillingdon,foodies,families,0.22,0.242,0.172,0.426,0.829,0.393,0.78,0.562,0.229,0.19,0.836,0.681,0.717,0.517,0.96,0.462,none,P015,2024-11-17
H01139,22,18-24,Hackney,students,foodies,0.873,0.315,0.471,0.485,0.499,0.439,0.891,0.931,0.831,0.782,0.502,0.782,0.847,0.899,0.391,0.672,none,P015,2024-11-17
H01140,33,25-34,Westminster,foodies,families,0.299,0.0,0.242,0.503,0.907,0.76,0.95,0.588,0.526,0.466,0.832,0.688,0.788,0.692,0.688,0.447,none,P015,2024-11-17
H01141,28,25-34,Hackney,fitness,families,0.271,0.067,0.657,0.487,0.369,0.764,0.486,0.505,0.361,0.505,0.519,0.623,0.434,0.425,0.412,0.99,none,P015,2024-11-17
H01142,35,35-44,Hackney,fitness,students,0.278,0.234,0.881,0.0,0.019,1.0,0.664,0.391,0.363,0.506,0.729,0.75,0.41,0.328,0.343,0.765,none,P015,2024-11-17
H01143,21,18-24,Hackney,students,young_professionals,0.921,0.386,0.236,0.334,0.281,0.554,0.688,0.867,0.728,0.688,0.523,0.874,0.731,0.823,0.239,0.508,none,P015,2024-11-17
H01144,35,35-44,Westminster,families,foodies,0.311,0.319,0.062,0.857,0.361,0.551,0.478,0.396,0.859,0.75,0.345,0.602,0.547,0.705,0.326,0.545,none,P015,2024-11-17
H01145,44,35-44,Hackney,foodies,fitness,0.235,0.161,0.498,0.289,0.747,0.607,1.0,0.57,0.231,0.625,0.707,0.627,0.657,0.567,0.959,0.51,none,P015,2024-11-17
H01146,33,25-34,Hackney,young_professionals,families,0.457,1.0,0.356,0.466,0.133,0.827,0.643,0.685,0.472,0.95,0.822,0.933,0.621,0.613,0.675,0.648,none,P015,2024-11-17
H01147,34,25-34,Hackney,families,young_professionals,0.472,0.488,0.269,0.714,0.48,0.752,0.095,0.418,0.663,0.586,0.558,0.484,0.597,0.708,0.377,0.175,none,P015,2024-11-17
H01148,35,35-44,Harrow,families,students,0.429,0.335,0.29,0.909,0.244,0.559,0.309,0.482,0.696,0.849,0.399,0.463,0.367,0.699,0.375,0.504,none,P015,2024-11-17
H01149,28,25-34,Islington,fitness,families,0.147,0.142,0.82,0.572,0.362,0.911,0.53,0.599,0.459,0.566,0.703,0.703,0.514,0.498,0.412,0.943,none,P015,2024-11-17
H01150,39,35-44,Hackney,families,fitness,0.136,0.258,0.533,0.939,0.187,0.511,0.408,0.426,0.631,0.634,0.523,0.634,0.5,0.67,0.357,0.306,none,P015,2024-11-17
H01151,44,35-44,Hackney,fitness,families,0.333,0.292,1.0,0.404,0.213,0.841,0.578,0.566,0.598,0.629,0.565,0.788,0.443,0.202,0.511,0.988,vegetarian,P015,2024-11-17
H01152,30,25-34,Hackney,foodies,young_professionals,0.355,0.399,0.061,0.356,0.662,0.496,0.72,0.709,0.37,0.467,0.677,0.746,0.52,0.496,0.965,0.48,none,P015,2024-11-17
H01153,37,35-44,Barnet,families,foodies,0.17,0.162,0.197,0.939,0.414,0.583,0.305,0.405,0.618,0.779,0.578,0.478,0.501,0.763,0.439,0.356,none,P015,2024-11-17
H01154,38,35-44,Tower Hamlets,young_professionals,families,0.289,0.818,0.187,0.471,0.281,0.529,0.623,0.604,0.496,0.916,0.68,0.75,0.696,0.53,0.391,0.624,none,P015,2024-11-17
H01155,26,25-34,Hackney,foodies,young_professionals,0.215,0.32,0.13,0.193,0.722,0.657,1.0,0.684,0.402,0.212,0.726,0.706,0.805,0.81,1.0,0.508,gluten_free,P015,2024-11-17
H01156,28,25-34,Greenwich,young_professionals,students,0.327,0.841,0.31,0.041,0.221,0.624,0.538,0.588,0.555,0.867,0.611,0.777,0.477,0.538,0.769,0.78,none,P015,2024-11-17
H01157,24,18-24,Havering,foodies,young_professionals,0.154,0.58,0.387,0.257,0.785,0.547,0.801,0.727,0.517,0.544,0.815,0.618,0.692,0.649,0.9,0.558,gluten_free,P015,2024-11-17
H01158,37,35-44,Hackney,families,foodies,0.42,0.173,0.264,0.746,0.528,0.773,0.319,0.403,0.604,0.813,0.738,0.393,0.807,0.794,0.502,0.398,none,P015,2024-11-17
H01159,26,25-34,Hackney,students,families,0.859,0.381,0.237,0.426,0.156,0.43,0.759,0.775,0.922,0.651,0.752,0.67,0.818,0.67,0.562,0.638,nut_allergy,P015,2024-11-17
H01160,33,25-34,Hackney,families,young_professionals,0.187,0.553,0.185,0.931,0.158,0.657,0.24,0.397,0.586,0.814,0.633,0.497,0.633,0.96,0.481,0.237,none,P015,2024-11-17
H01161,28,25-34,Hillingdon,young_professionals,foodies,0.21,0.924,0.262,0.435,0.466,0.408,0.684,0.676,0.405,1.0,0.646,0.72,0.816,0.738,0.662,0.557,vegetarian,P015,2024-11-17
H01162,33,25-34,Hackney,foodies,fitness,0.142,0.251,0.339,0.002,0.809,0.547,0.879,0.569,0.311,0.392,0.818,0.574,0.511,0.753,0.996,0.285,vegan,P015,2024-11-17
H01163,31,25-34,Westminster,young_professionals,foodies,0.0,0.716,0.292,0.405,0.499,0.575,0.739,0.816,0.422,0.812,0.631,0.761,0.943,0.513,0.673,0.577,dairy_free,organic,2024-11-17
H01164,26,25-34,Southwark,young_professionals,students,0.37,0.902,0.105,0.159,0.159,0.486,0.594,0.584,0.436,0.756,0.717,0.901,0.638,0.312,0.638,0.74,none,organic,2024-11-17
H01165,41,35-44,Waltham Forest,foodies,students,0.458,0.307,0.083,0.22,0.912,0.383,0.932,0.562,0.358,0.191,0.548,0.722,0.593,0.345,0.823,0.38,none,organic,2024-11-18
H01166,43,35-44,Hounslow,families,foodies,0.175,0.262,0.288,0.949,0.388,0.659,0.33,0.575,0.733,0.822,0.392,0.483,0.736,0.764,0.492,0.124,dairy_free,organic,2024-11-18
H01167,22,18-24,Newham,young_professionals,foodies,0.324,0.634,0.339,0.218,0.395,0.462,0.716,0.723,0.291,0.87,0.72,0.771,0.594,0.386,0.468,0.601,vegetarian,organic,2024-11-18
H01168,22,18-24,Hammersmith and Fulham,students,fitness,0.943,0.324,0.42,0.243,0.175,0.299,0.942,0.582,0.859,0.862,0.556,0.995,0.844,0.609,0.54,0.482,none,organic,2024-11-19
H01169,28,25-34,Hackney,foodies,students,0.431,0.06,0.38,0.217,0.897,0.71,1.0,0.64,0.172,0.202,0.797,0.706,0.785,0.338,0.846,0.331,none,organic,2024-11-19
H01170,24,18-24,Westminster,students,young_professionals,0.767,0.386,0.239,0.278,0.136,0.347,0.784,0.737,0.73,0.932,0.539,0.65,0.852,1.0,0.482,0.85,none,organic,2024-11-20
H01171,30,25-34,Ealing,young_professionals,students,0.383,0.714,0.281,0.125,0.107,0.618,0.799,0.783,0.435,0.832,0.42,0.575,0.81,0.571,0.735,0.424,none,organic,2024-11-20
H01172,30,25-34,Tower Hamlets,foodies,fitness,0.4,0.413,0.567,0.373,0.819,0.685,1.0,0.702,0.155,0.283,0.923,0.598,0.732,0.534,0.793,0.44,none,organic,2024-11-21
H01173,44,35-44,Barnet,foodies,young_professionals,0.367,0.527,0.472,0.429,0.968,0.439,1.0,0.473,0.437,0.459,0.814,0.63,0.543,0.632,1.0,0.485,none,organic,2024-11-21
H01174,21,18-24,Redbridge,foodies,fitness,0.229,0.231,0.285,0.249,0.774,0.465,0.858,0.674,0.151,0.471,0.765,0.666,0.857,0.545,0.882,0.351,vegetarian,organic,2024-11-21
H01175,24,18-24,Greenwich,young_professionals,families,0.0,0.848,0.306,0.743,0.289,0.478,0.71,0.665,0.46,0.777,0.478,0.885,0.673,0.618,0.713,0.402,none,organic,2024-11-22
H01176,33,25-34,Bexley,fitness,foodies,0.124,0.246,0.778,0.0,0.248,0.95,0.587,0.595,0.528,0.721,0.357,0.951,0.591,0.326,0.18,1.0,none,P016,2024-11-24
H01177,34,25-34,Southwark,fitness,young_professionals,0.108,0.634,0.847,0.31,0.0,0.872,0.474,0.6,0.537,0.722,0.627,0.779,0.292,0.347,0.543,0.698,none,P016,2024-11-24
H01178,38,35-44,Southwark,foodies,students,0.519,0.409,0.315,0.365,0.819,0.716,0.999,0.507,0.0,0.39,0.661,0.725,0.814,0.734,1.0,0.548,none,P016,2024-11-24
H01179,35,35-44,Southwark,young_professionals,families,0.52,0.948,0.107,0.672,0.309,0.646,0.807,0.541,0.516,0.973,0.835,0.835,0.595,0.397,0.82,0.738,none,P016,2024-11-24
H01180,22,18-24,Southwark,foodies,young_professionals,0.16,0.395,0.353,0.008,0.725,0.732,0.908,0.614,0.271,0.376,0.92,0.59,0.778,0.494,0.702,0.425,vegetarian,P016,2024-11-24
H01181,31,25-34,Tower Hamlets,families,students,0.346,0.34,0.167,0.902,0.262,0.739,0.233,0.406,0.834,0.623,0.666,0.694,0.573,0.709,0.624,0.328,none,P016,2024-11-24
H01182,36,35-44,Greenwich,foodies,families,0.411,0.168,0.26,0.447,0.728,0.651,0.891,0.482,0.061,0.502,0.775,0.79,0.811,0.672,0.911,0.459,gluten_free,P016,2024-11-24
H01183,37,35-44,Lewisham,young_professionals,foodies,0.075,0.957,0.448,0.177,0.607,0.45,0.858,0.717,0.442,0.894,0.647,0.726,0.821,0.717,0.619,0.578,none,P016,2024-11-24
H01184,22,18-24,Southwark,young_professionals,families,0.367,0.806,0.176,0.446,0.296,0.604,0.646,0.689,0.442,0.955,0.656,0.804,0.685,0.493,0.564,0.68,none,P016,2024-11-24
H01185,29,25-34,Hillingdon,young_professionals,fitness,0.356,0.982,0.441,0.213,0.144,0.678,0.813,0.643,0.657,0.83,0.461,0.543,0.447,0.5,0.572,0.732,none,P016,2024-11-24
H01186,21,18-24,Bexley,students,fitness,0.835,0.213,0.513,0.07,0.345,0.45,0.947,0.827,0.902,0.685,0.606,0.629,0.767,0.751,0.489,0.592,none,P016,2024-11-24
H01187,35,35-44,Bromley,young_professionals,families,0.363,0.962,0.307,0.444,0.191,0.521,0.673,0.804,0.497,0.721,0.71,0.643,0.739,0.616,0.674,0.872,gluten_free|nut_allergy,P016,2024-11-24
H01188,37,35-44,Southwark,foodies,students,0.489,0.203,0.188,0.257,0.737,0.667,0.87,0.52,0.324,0.347,0.869,0.539,0.943,0.753,0.926,0.616,none,P016,2024-11-24
H01189,30,25-34,Southwark,young_professionals,foodies,0.109,0.956,0.053,0.084,0.205,0.765,0.675,0.573,0.497,0.924,0.611,0.87,0.626,0.565,0.645,0.684,vegan,P016,2024-11-24
H01190,20,18-24,Hackney,students,young_professionals,0.651,0.451,0.416,0.408,0.075,0.591,0.846,0.711,0.824,0.461,0.613,0.833,0.893,0.831,0.432,0.482,dairy_free,P016,2024-11-24
H01191,28,25-34,Southwark,young_professionals,families,0.153,0.874,0.105,0.27,0.01,0.586,0.896,0.667,0.503,0.804,0.522,0.747,0.95,0.516,0.643,0.551,none,P016,2024-11-24
H01192,45,45+,Kensington and Chelsea,fitness,young_professionals,0.389,0.546,0.882,0.0,0.134,0.994,0.45,0.581,0.52,0.613,0.512,0.649,0.625,0.433,0.472,0.806,none,P016,2024-11-24
H01193,26,25-34,Kingston upon Thames,young_professionals,families,0.299,0.743,0.242,0.426,0.353,0.561,0.682,0.711,0.398,1.0,0.5,0.787,0.471,0.567,0.731,0.691,none,organic,2024-11-24
H01194,22,18-24,Croydon,young_professionals,students,0.751,0.758,0.244,0.2,0.383,0.572,0.676,0.623,0.478,0.781,0.63,0.681,0.636,0.474,0.383,0.687,dairy_free,organic,2024-11-25
H01195,44,35-44,Lambeth,families,young_professionals,0.293,0.336,0.195,0.858,0.106,0.437,0.441,0.364,0.66,0.909,0.518,0.57,0.363,0.673,0.638,0.454,none,organic,2024-11-26
H01196,36,35-44,Croydon,fitness,families,0.387,0.291,0.73,0.523,0.128,1.0,0.672,0.642,0.53,0.628,0.574,0.663,0.421,0.244,0.317,0.825,none,organic,2024-11-26
H01197,26,25-34,Harrow,young_professionals,families,0.354,0.839,0.235,0.423,0.245,0.525,0.595,0.581,0.446,0.828,0.574,0.804,0.71,0.575,0.666,0.998,none,organic,2024-11-26
H01198,28,25-34,Wandsworth,fitness,students,0.335,0.081,0.821,0.252,0.243,0.878,0.448,0.584,0.482,0.662,0.562,0.769,0.207,0.329,0.289,0.682,none,organic,2024-11-27
H01199,26,25-34,Islington,foodies,families,0.026,0.262,0.107,0.63,0.788,0.501,0.961,0.457,0.129,0.445,0.807,0.87,0.686,0.786,0.882,0.537,dairy_free,organic,2024-11-28
H01200,32,25-34,Southwark,young_professionals,foodies,0.314,0.844,0.188,0.358,0.391,0.559,0.702,0.603,0.421,0.921,0.455,0.654,0.567,0.699,0.608,0.676,none,organic,2024-11-28
H01201,34,25-34,Kensington and Chelsea,foodies,young_professionals,0.272,0.459,0.166,0.127,0.794,0.638,1.0,0.572,0.294,0.282,0.795,0.707,0.785,0.651,0.932,0.465,none,organic,2024-11-29
H01202,32,25-34,Southwark,fitness,young_professionals,0.26,0.532,0.912,0.036,0.23,0.971,0.717,0.456,0.377,0.822,0.701,0.665,0.407,0.401,0.452,1.0,none,organic,2024-11-29
H01203,33,25-34,Wandsworth,foodies,students,0.653,0.058,0.03,0.168,0.818,0.573,0.849,0.638,0.17,0.272,0.835,0.577,0.776,0.591,0.918,0.315,vegetarian|gluten_free,organic,2024-11-29
H01204,32,25-34,Wandsworth,young_professionals,foodies,0.374,0.859,0.0,0.118,0.617,0.609,0.565,0.617,0.343,0.882,0.584,0.874,0.502,0.586,0.525,0.735,gluten_free,organic,2024-11-30
H01205,26,25-34,Enfield,students,young_professionals,0.898,0.351,0.261,0.246,0.348,0.568,0.699,0.717,0.722,0.608,0.528,0.835,0.575,0.89,0.46,0.371,none,organic,2024-11-30
H01206,44,35-44,Hackney,foodies,young_professionals,0.222,0.637,0.204,0.404,0.829,0.523,0.754,0.531,0.313,0.357,0.68,0.591,0.712,0.501,0.889,0.266,none,organic,2024-12-01
H01207,33,25-34,Newham,foodies,fitness,0.169,0.391,0.471,0.087,0.771,0.532,0.733,0.678,0.377,0.422,0.651,0.622,0.504,0.85,0.791,0.55,none,organic,2024-12-01
H01208,30,25-34,Tower Hamlets,young_professionals,fitness,0.277,0.895,0.486,0.322,0.414,0.718,0.741,0.632,0.555,0.975,0.66,0.908,0.813,0.734,0.758,0.336,none,organic,2024-12-01
H01209,26,25-34,Hounslow,young_professionals,foodies,0.212,0.875,0.17,0.188,0.495,0.551,0.67,0.54,0.496,0.855,0.634,0.753,0.672,0.745,0.666,0.435,none,organic,2024-12-02
H01210,45,45+,Wandsworth,foodies,young_professionals,0.289,0.469,0.19,0.043,0.78,0.692,0.866,0.722,0.369,0.228,0.8,0.637,0.588,0.652,0.984,0.463,none,organic,2024-12-02
H01211,22,18-24,Camden,young_professionals,students,0.587,0.856,0.45,0.138,0.203,0.587,0.664,0.594,0.541,0.758,0.475,0.749,0.712,0.97,0.52,0.663,vegan,organic,2024-12-02
H01212,25,25-34,Greenwich,young_professionals,fitness,0.162,0.722,0.472,0.442,0.291,0.565,0.679,0.743,0.288,0.87,0.391,0.715,0.724,0.639,0.649,0.628,none,organic,2024-12-03
H01213,27,25-34,Wandsworth,fitness,students,0.349,0.187,0.752,0.119,0.345,0.7,0.548,0.663,0.425,0.564,0.437,0.585,0.522,0.25,0.41,0.825,gluten_free,organic,2024-12-04
H01214,39,35-44,Haringey,foodies,families,0.137,0.276,0.263,0.416,0.791,0.54,0.844,0.558,0.338,0.443,0.692,0.442,0.734,0.41,1.0,0.389,gluten_free,organic,2024-12-04
H01215,26,25-34,Lewisham,young_professionals,foodies,0.262,0.99,0.48,0.129,0.501,0.757,0.587,0.609,0.49,0.815,0.431,0.611,0.486,0.497,0.816,0.816,none,organic,2024-12-04
H01216,23,18-24,Barnet,students,foodies,0.849,0.145,0.197,0.137,0.252,0.491,0.727,0.594,0.852,0.856,0.653,0.993,0.758,0.663,0.401,0.569,none,organic,2024-12-04
H01217,42,35-44,Lewisham,fitness,young_professionals,0.218,0.297,0.796,0.28,0.249,0.811,0.438,0.584,0.42,0.799,0.598,0.591,0.478,0.395,0.404,1.0,vegetarian,organic,2024-12-04
H01218,30,25-34,Southwark,young_professionals,fitness,0.213,0.79,0.503,0.328,0.157,0.707,0.699,0.711,0.45,0.881,0.535,0.797,0.814,0.594,0.65,0.543,vegetarian,organic,2024-12-06
H01219,26,25-34,Waltham Forest,young_professionals,families,0.263,0.792,0.182,0.334,0.224,0.723,0.619,0.579,0.446,0.891,0.525,0.759,0.672,0.346,0.645,0.581,none,organic,2024-12-06
H01220,36,35-44,Hounslow,families,young_professionals,0.451,0.513,0.234,0.742,0.299,0.849,0.336,0.276,0.655,0.855,0.74,0.606,0.652,0.699,0.44,0.411,none,organic,2024-12-06
H01221,34,25-34,Haringey,families,young_professionals,0.246,0.496,0.488,0.827,0.348,0.636,0.27,0.398,0.846,0.801,0.537,0.453,0.55,0.769,0.495,0.482,none,organic,2024-12-07
H01222,29,25-34,Wandsworth,young_professionals,students,0.437,0.872,0.134,0.271,0.235,0.583,0.759,0.516,0.31,0.748,0.57,0.873,0.569,0.487,0.62,0.537,none,organic,2024-12-08
H01223,24,18-24,Brent,students,foodies,0.947,0.078,0.242,0.01,0.247,0.372,0.708,0.866,0.856,0.747,0.514,0.75,0.749,0.886,0.358,0.64,none,organic,2024-12-08
H01224,27,25-34,Lewisham,young_professionals,fitness,0.283,0.816,0.461,0.378,0.259,0.612,0.818,0.746,0.572,0.798,0.689,0.795,0.618,0.553,0.698,0.719,gluten_free,organic,2024-12-09
H01225,27,25-34,Tower Hamlets,fitness,families,0.181,0.312,0.875,0.356,0.252,0.762,0.677,0.535,0.474,0.394,0.465,0.581,0.262,0.37,0.292,0.895,none,organic,2024-12-09
H01226,22,18-24,Lewisham,young_professionals,fitness,0.309,0.998,0.435,0.369,0.198,0.755,0.66,0.528,0.4,0.619,0.604,0.868,0.653,0.607,0.693,0.829,none,organic,2024-12-10
H01227,34,25-34,Tower Hamlets,fitness,young_professionals,0.231,0.385,0.739,0.187,0.335,0.989,0.579,0.635,0.396,0.717,0.754,0.502,0.25,0.519,0.4,0.826,none,organic,2024-12-10
H01228,30,25-34,Brent,young_professionals,foodies,0.091,0.857,0.294,0.208,0.313,0.697,0.587,0.665,0.359,0.679,0.533,0.674,0.714,0.448,0.351,0.411,none,organic,2024-12-11
H01229,22,18-24,Kingston upon Thames,young_professionals,fitness,0.25,0.89,0.364,0.169,0.126,0.603,0.825,0.515,0.425,0.761,0.664,0.834,0.527,0.667,0.685,0.615,none,organic,2024-12-11
H01230,29,25-34,Waltham Forest,young_professionals,students,0.48,0.824,0.479,0.379,0.315,0.752,0.723,0.759,0.571,0.867,0.579,0.871,0.692,0.589,0.599,0.687,none,organic,2024-12-11
H01231,24,18-24,Haringey,fitness,families,0.209,0.174,0.808,0.412,0.117,0.925,0.584,0.795,0.436,0.572,0.645,0.719,0.523,0.253,0.25,0.993,none,organic,2024-12-11
H01232,21,18-24,Brent,students,foodies,0.831,0.437,0.164,0.48,0.521,0.285,0.654,0.745,0.886,0.771,0.464,0.593,0.809,0.656,0.371,0.534,dairy_free,organic,2024-12-12
H01233,30,25-34,Lambeth,young_professionals,foodies,0.254,0.758,0.507,0.495,0.531,0.379,0.756,0.63,0.398,0.984,0.601,0.639,0.648,0.756,0.584,0.747,vegetarian,organic,2024-12-13
H01234,32,25-34,Wandsworth,foodies,students,0.343,0.336,0.315,0.036,0.834,0.59,0.856,0.621,0.255,0.413,0.749,0.693,0.877,0.608,0.79,0.342,none,organic,2024-12-13
H01235,28,25-34,Bromley,young_professionals,families,0.156,0.882,0.238,0.313,0.281,0.588,0.717,0.594,0.583,0.943,0.625,0.71,0.438,0.643,0.61,0.767,nut_allergy,organic,2024-12-13
H01236,38,35-44,Sutton,families,fitness,0.276,0.434,0.472,0.802,0.366,0.592,0.321,0.267,0.795,0.691,0.545,0.483,0.875,0.956,0.531,0.265,none,organic,2024-12-14
H01237,23,18-24,Lambeth,young_professionals,fitness,0.325,0.874,0.357,0.31,0.194,0.373,0.743,0.52,0.404,0.987,0.45,0.777,0.525,0.711,0.645,0.967,none,organic,2024-12-14
H01238,38,35-44,Haringey,foodies,students,0.358,0.043,0.177,0.126,0.906,0.607,0.865,0.509,0.418,0.331,0.732,0.776,0.79,0.569,0.96,0.427,none,organic,2024-12-15
H01239,33,25-34,Redbridge,fitness,foodies,0.087,0.115,0.839,0.361,0.414,1.0,0.526,0.525,0.428,0.628,0.632,0.7,0.486,0.262,0.415,0.616,gluten_free,organic,2024-12-15
H01240,32,25-34,Greenwich,young_professionals,foodies,0.237,0.885,0.291,0.27,0.535,0.666,0.453,0.742,0.459,0.852,0.617,0.774,0.619,0.491,0.432,0.606,gluten_free,organic,2024-12-16
H01241,32,25-34,Southwark,foodies,families,0.287,0.374,0.148,0.516,0.882,0.706,0.704,0.655,0.317,0.245,0.677,0.524,0.759,0.723,0.953,0.178,dairy_free,organic,2024-12-16
H01242,30,25-34,Enfield,young_professionals,families,0.032,0.951,0.112,0.622,0.195,0.602,0.717,0.358,0.443,0.965,0.424,0.848,0.624,0.414,0.642,0.648,none,organic,2024-12-17
H01243,20,18-24,Newham,students,foodies,0.927,0.168,0.414,0.356,0.455,0.544,0.82,0.803,0.837,0.705,0.403,0.83,0.698,0.705,0.236,0.429,none,organic,2024-12-18
H01244,21,18-24,Ealing,students,families,0.814,0.114,0.195,0.349,0.25,0.543,0.636,0.772,0.919,0.897,0.731,0.691,0.8,0.678,0.455,0.547,vegetarian,organic,2024-12-18
H01245,22,18-24,Tower Hamlets,students,young_professionals,0.726,0.357,0.306,0.283,0.212,0.637,0.598,0.878,0.833,0.652,0.5,0.855,0.736,0.8,0.249,0.412,vegetarian,organic,2024-12-19
H01246,21,18-24,Camden,foodies,fitness,0.279,0.079,0.508,0.21,0.914,0.522,0.765,0.532,0.261,0.524,0.64,0.482,0.664,0.603,0.908,0.391,none,organic,2024-12-19
H01247,23,18-24,Ealing,students,families,0.992,0.198,0.186,0.486,0.204,0.411,0.863,0.889,1.0,0.718,0.504,0.699,0.699,0.926,0.57,0.539,gluten_free,P017,2024-12-20
H01248,35,35-44,Hammersmith and Fulham,young_professionals,fitness,0.321,0.832,0.532,0.224,0.252,0.585,0.63,0.591,0.366,0.875,0.584,0.756,0.932,0.531,0.673,0.736,none,P017,2024-12-20
H01249,21,18-24,Tower Hamlets,students,families,0.97,0.212,0.226,0.303,0.004,0.558,0.618,0.893,0.857,0.929,0.531,0.809,0.729,1.0,0.389,0.69,none,P017,2024-12-20
H01250,30,25-34,Haringey,young_professionals,foodies,0.2,0.878,0.461,0.227,0.475,0.717,0.759,0.71,0.423,0.759,0.557,0.534,0.579,0.374,0.427,0.664,none,P017,2024-12-20
H01251,28,25-34,Lambeth,young_professionals,fitness,0.385,0.895,0.428,0.31,0.345,0.564,0.745,0.477,0.294,1.0,0.476,0.714,0.667,0.591,0.6,0.606,vegetarian,organic,2024-12-20
H01252,19,18-24,Hounslow,fitness,families,0.251,0.338,0.803,0.357,0.0,0.968,0.455,0.526,0.356,0.736,0.473,0.829,0.663,0.24,0.257,0.878,vegan,organic,2024-12-20
H01253,32,25-34,Lambeth,fitness,families,0.323,0.356,0.897,0.372,0.241,0.993,0.487,0.573,0.452,0.623,0.695,0.648,0.262,0.038,0.259,0.768,nut_allergy,organic,2024-12-21
H01254,30,25-34,Brent,young_professionals,fitness,0.07,0.81,0.236,0.113,0.109,0.67,0.601,0.714,0.352,0.912,0.786,0.873,0.76,0.425,0.603,0.688,dairy_free,organic,2024-12-21
H01255,31,25-34,Brent,young_professionals,students,0.722,0.793,0.273,0.0,0.27,0.603,0.592,0.64,0.493,1.0,0.728,0.832,0.432,0.57,0.769,0.713,none,organic,2024-12-21
H01256,36,35-44,Lambeth,foodies,families,0.152,0.075,0.441,0.457,0.8,0.687,0.798,0.653,0.334,0.222,0.713,0.71,0.53,0.529,0.961,0.35,none,organic,2024-12-21
H01257,23,18-24,Bexley,fitness,students,0.422,0.264,0.739,0.368,0.358,0.951,0.515,0.425,0.651,0.629,0.686,0.686,0.294,0.276,0.416,1.0,none,organic,2024-12-22
H01258,22,18-24,Harrow,young_professionals,students,0.536,0.997,0.206,0.44,0.479,0.456,0.629,0.587,0.534,0.807,0.663,0.735,0.752,0.588,0.653,0.436,none,organic,2024-12-22
H01259,32,25-34,Bromley,young_professionals,fitness,0.468,0.746,0.629,0.191,0.302,0.605,0.617,0.51,0.574,0.89,0.518,0.642,0.716,0.671,0.426,0.644,none,organic,2024-12-22
H01260,27,25-34,Hammersmith and Fulham,young_professionals,fitness,0.279,0.967,0.337,0.0,0.072,0.74,0.595,0.699,0.535,0.88,0.668,0.964,0.721,0.33,0.595,0.712,none,organic,2024-12-22
H01261,36,35-44,Hackney,young_professionals,families,0.251,0.806,0.266,0.394,0.241,0.684,0.815,0.579,0.421,0.851,0.523,0.691,0.591,0.532,0.967,0.542,vegetarian|dairy_free,organic,2024-12-23
H01262,20,18-24,Wandsworth,students,fitness,0.872,0.266,0.563,0.324,0.139,0.365,0.631,0.827,0.917,0.567,0.351,0.739,0.788,0.815,0.571,0.562,none,organic,2024-12-23
H01263,26,25-34,Ealing,students,young_professionals,0.743,0.568,0.308,0.229,0.152,0.341,0.675,0.774,0.817,0.794,0.457,0.66,0.701,0.702,0.705,0.698,vegetarian,organic,2024-12-24
H01264,42,35-44,Waltham Forest,fitness,foodies,0.352,0.271,0.898,0.397,0.547,0.972,0.537,0.593,0.426,0.55,0.484,0.698,0.342,0.237,0.363,0.702,none,organic,2024-12-24
H01265,42,35-44,Wandsworth,foodies,families,0.193,0.324,0.411,0.451,0.964,0.459,0.842,0.636,0.388,0.445,0.515,0.796,0.718,0.42,0.87,0.207,none,organic,2024-12-24
H01266,27,25-34,Wandsworth,young_professionals,foodies,0.225,0.918,0.221,0.286,0.333,0.594,0.695,0.635,0.473,0.771,0.695,0.78,0.924,0.542,0.697,0.598,gluten_free,organic,2024-12-24
H01267,30,25-34,Enfield,young_professionals,foodies,0.28,0.77,0.397,0.45,0.642,0.493,0.648,0.707,0.372,0.74,0.57,0.577,0.559,0.783,0.534,0.696,none,organic,2024-12-25
H01268,37,35-44,Haringey,foodies,families,0.162,0.061,0.162,0.517,0.836,0.507,0.698,0.644,0.279,0.256,0.819,0.682,0.645,0.637,0.934,0.511,vegetarian,organic,2024-12-25
H01269,29,25-34,Hackney,young_professionals,fitness,0.104,0.871,0.203,0.115,0.108,0.445,0.75,0.639,0.56,0.718,0.68,0.672,0.521,0.785,0.601,0.629,none,organic,2024-12-25
H01270,32,25-34,Lambeth,fitness,young_professionals,0.194,0.458,0.761,0.085,0.237,0.814,0.676,0.705,0.435,0.76,0.626,0.751,0.475,0.275,0.314,1.0,none,organic,2024-12-25
H01271,30,25-34,Southwark,young_professionals,families,0.195,0.9,0.089,0.569,0.515,0.56,0.665,0.585,0.357,0.834,0.653,0.904,0.566,0.621,0.669,0.692,none,organic,2024-12-25
H01272,21,18-24,Kensington and Chelsea,foodies,families,0.226,0.465,0.376,0.577,0.874,0.508,0.94,0.77,0.393,0.318,0.851,0.692,0.695,0.588,0.926,0.478,none,P018,2024-12-26
H01273,26,25-34,Hackney,young_professionals,foodies,0.346,0.933,0.253,0.13,0.488,0.765,0.8,0.674,0.312,0.647,0.688,0.911,0.552,0.518,0.533,0.58,none,P018,2024-12-26
H01274,35,35-44,Kensington and Chelsea,foodies,young_professionals,0.266,0.699,0.085,0.382,0.837,0.492,0.963,0.628,0.344,0.343,0.731,0.791,0.823,0.77,0.995,0.562,none,P018,2024-12-26
H01275,28,25-34,Kensington and Chelsea,young_professionals,students,0.479,0.795,0.256,0.143,0.269,0.544,0.683,0.761,0.353,1.0,0.506,0.581,0.853,0.709,0.578,0.696,none,P018,2024-12-26
H01276,21,18-24,Kensington and Chelsea,students,foodies,0.829,0.0,0.173,0.572,0.578,0.766,0.863,0.78,0.828,0.799,0.6,0.711,0.805,0.736,0.498,0.637,vegetarian,P018,2024-12-26
H01277,35,35-44,Haringey,young_professionals,fitness,0.06,0.953,0.304,0.191,0.241,0.656,0.747,0.636,0.331,0.806,0.538,0.716,0.733,0.598,0.699,0.604,gluten_free,P018,2024-12-26
H01278,32,25-34,Kensington and Chelsea,young_professionals,students,0.317,0.91,0.199,0.0,0.209,0.579,0.657,0.583,0.575,0.938,0.503,0.89,0.633,0.477,0.565,0.556,none,P018,2024-12-26
H01279,42,35-44,Kensington and Chelsea,families,young_professionals,0.267,0.393,0.343,0.781,0.0,0.511,0.352,0.561,0.777,0.565,0.635,0.719,0.936,0.807,0.336,0.402,none,P018,2024-12-26
H01280,28,25-34,Kensington and Chelsea,young_professionals,students,0.456,0.85,0.356,0.0,0.157,0.606,0.773,0.616,0.586,0.751,0.793,0.884,0.607,0.515,0.625,0.722,none,P018,2024-12-26
H01281,31,25-34,Kensington and Chelsea,families,students,0.366,0.0,0.273,0.722,0.087,0.66,0.232,0.414,0.72,0.701,0.731,0.571,0.745,0.86,0.482,0.327,none,P018,2024-12-26
H01282,28,25-34,Hackney,foodies,students,0.559,0.188,0.332,0.266,1.0,0.488,0.858,0.661,0.403,0.352,0.756,0.607,0.64,0.49,0.763,0.316,dairy_free,P018,2024-12-26
H01283,28,25-34,Camden,young_professionals,families,0.245,0.855,0.161,0.342,0.29,0.604,0.53,0.714,0.489,0.853,0.574,0.496,0.416,0.748,0.53,0.766,none,P018,2024-12-26
H01284,26,25-34,Kensington and Chelsea,foodies,students,0.402,0.285,0.381,0.298,0.796,0.565,0.934,0.582,0.35,0.345,0.739,0.94,0.637,0.797,1.0,0.46,vegetarian,P018,2024-12-26
H01285,41,35-44,Lewisham,foodies,families,0.312,0.165,0.376,0.399,0.895,0.715,0.724,0.584,0.227,0.287,0.787,0.717,0.603,0.399,1.0,0.434,none,organic,2024-12-27
H01286,31,25-34,Sutton,young_professionals,foodies,0.32,0.842,0.095,0.052,0.485,0.434,0.829,0.932,0.34,0.894,0.906,0.547,0.663,0.677,0.537,0.809,vegetarian,organic,2024-12-27
H01287,27,25-34,Newham,young_professionals,families,0.288,0.706,0.24,0.315,0.0,0.637,0.829,0.554,0.477,0.958,0.567,0.898,0.605,0.58,0.81,0.736,gluten_free,organic,2024-12-27
H01288,22,18-24,Harrow,students,families,0.714,0.527,0.255,0.552,0.0,0.448,0.946,0.749,1.0,0.626,0.521,0.583,0.852,0.896,0.429,0.615,none,organic,2024-12-28
H01289,36,35-44,Brent,fitness,young_professionals,0.109,0.449,0.912,0.21,0.183,0.923,0.444,0.445,0.498,0.623,0.678,0.613,0.452,0.269,0.385,1.0,none,organic,2024-12-28
H01290,30,25-34,Sutton,foodies,families,0.452,0.409,0.189,0.475,0.796,0.549,0.995,0.562,0.281,0.336,0.768,0.654,0.585,0.828,1.0,0.511,gluten_free,organic,2024-12-28
H01291,38,35-44,Barking and Dagenham,foodies,fitness,0.197,0.285,0.294,0.279,0.849,0.572,0.726,0.49,0.226,0.362,0.913,0.606,0.574,0.701,0.972,0.539,dairy_free,organic,2024-12-29
H01292,20,18-24,Waltham Forest,students,young_professionals,0.787,0.471,0.204,0.445,0.451,0.49,0.656,0.676,0.827,0.711,0.504,0.805,0.896,0.648,0.491,0.563,none,organic,2024-12-29
H01293,28,25-34,Havering,young_professionals,foodies,0.267,0.865,0.217,0.285,0.609,0.393,0.62,0.594,0.419,0.809,0.721,0.742,0.797,0.438,0.454,0.83,none,organic,2024-12-29
H01294,34,25-34,Kingston upon Thames,foodies,young_professionals,0.173,0.333,0.0,0.303,0.786,0.504,0.93,0.696,0.288,0.431,0.764,0.655,0.758,0.577,0.858,0.369,none,organic,2024-12-30
H01295,31,25-34,Merton,young_professionals,families,0.241,0.882,0.315,0.546,0.305,0.576,0.761,0.454,0.594,0.685,0.779,0.759,0.712,0.545,0.61,0.536,none,organic,2024-12-30
H01296,30,25-34,Wandsworth,young_professionals,students,0.378,0.949,0.146,0.243,0.308,0.601,0.535,0.65,0.4,0.984,0.714,0.994,0.616,0.58,0.593,0.808,none,organic,2024-12-30
H01297,20,18-24,Sutton,students,young_professionals,0.942,0.531,0.274,0.418,0.32,0.482,0.652,0.96,0.868,0.664,0.521,0.852,0.658,0.904,0.518,0.714,none,organic,2024-12-31
H01298,27,25-34,Barnet,foodies,young_professionals,0.377,0.46,0.131,0.029,1.0,0.819,0.779,0.676,0.298,0.392,0.683,0.483,0.899,0.816,1.0,0.312,none,organic,2025-01-01
H01299,33,25-34,Ealing,young_professionals,fitness,0.281,0.863,0.394,0.325,0.0,0.627,0.617,0.62,0.454,0.897,0.661,0.675,0.617,0.365,0.521,0.808,gluten_free|nut_allergy,organic,2025-01-01
H01300,30,25-34,Hackney,foodies,students,0.64,0.387,0.454,0.266,0.845,0.738,0.913,0.42,0.549,0.388,0.761,0.429,0.799,0.435,1.0,0.133,none,organic,2025-01-02
H01301,34,25-34,Waltham Forest,young_professionals,fitness,0.044,0.872,0.418,0.376,0.394,0.563,0.688,0.542,0.594,0.749,0.601,0.798,0.428,0.513,0.605,0.566,none,organic,2025-01-02
H01302,30,25-34,Redbridge,fitness,foodies,0.045,0.426,0.921,0.241,0.518,0.873,0.336,0.615,0.569,0.676,0.592,0.579,0.487,0.524,0.248,0.808,none,organic,2025-01-02
H01303,36,35-44,Westminster,young_professionals,foodies,0.25,0.634,0.275,0.476,0.543,0.693,0.612,0.645,0.531,1.0,0.706,0.687,0.704,0.522,0.51,0.709,gluten_free,organic,2025-01-03
H01304,35,35-44,Westminster,young_professionals,families,0.103,0.806,0.257,0.312,0.264,0.705,0.642,0.707,0.46,0.936,0.58,0.936,0.471,0.664,0.614,0.528,vegetarian|nut_allergy,P019,2025-01-05
H01305,21,18-24,Hammersmith and Fulham,foodies,families,0.327,0.406,0.366,0.527,0.871,0.521,0.859,0.576,0.336,0.331,0.618,0.789,0.651,0.842,0.986,0.552,gluten_free|dairy_free,P019,2025-01-05
H01306,42,35-44,Newham,foodies,families,0.386,0.335,0.464,0.673,0.914,0.7,0.823,0.692,0.318,0.331,0.841,0.732,0.75,0.722,0.974,0.203,vegetarian,P019,2025-01-05
H01307,21,18-24,Newham,foodies,fitness,0.399,0.434,0.441,0.373,0.724,0.666,0.882,0.501,0.319,0.461,0.791,0.46,0.713,0.37,1.0,0.317,vegetarian,P019,2025-01-05
H01308,23,18-24,Newham,students,fitness,0.892,0.335,0.629,0.395,0.203,0.456,0.744,0.698,0.878,0.744,0.55,0.531,0.717,0.694,0.473,0.56,none,P019,2025-01-05
H01309,31,25-34,Camden,fitness,foodies,0.444,0.342,0.959,0.47,0.525,0.823,0.566,0.558,0.685,0.511,0.523,0.483,0.417,0.572,0.345,0.912,none,P019,2025-01-05
H01310,32,25-34,Newham,foodies,young_professionals,0.355,0.359,0.173,0.286,0.924,0.536,0.888,0.472,0.341,0.455,0.679,0.702,0.625,0.478,1.0,0.28,none,P019,2025-01-05
H01311,30,25-34,Bromley,young_professionals,foodies,0.4,0.925,0.183,0.213,0.541,0.542,0.711,0.815,0.341,0.77,0.537,0.701,0.648,0.665,0.655,0.657,none,P019,2025-01-05
H01312,41,35-44,Newham,families,young_professionals,0.048,0.461,0.176,0.844,0.351,0.68,0.419,0.329,0.917,0.641,0.561,0.466,0.561,0.695,0.407,0.493,none,P019,2025-01-05
H01313,40,35-44,Newham,foodies,students,0.397,0.243,0.38,0.276,0.763,0.567,0.725,0.606,0.352,0.357,0.927,0.529,0.621,0.616,0.979,0.172,gluten_free,P019,2025-01-05
H01314,21,18-24,Barnet,foodies,students,0.282,0.179,0.232,0.099,0.991,0.635,0.988,0.533,0.136,0.149,0.683,0.631,0.638,0.518,1.0,0.456,none,P019,2025-01-05
H01315,42,35-44,Newham,families,fitness,0.202,0.136,0.222,0.806,0.0,0.544,0.254,0.512,0.703,0.683,0.605,0.447,0.499,0.646,0.539,0.375,none,P019,2025-01-05
H01316,37,35-44,Newham,families,young_professionals,0.254,0.516,0.448,0.785,0.066,0.534,0.374,0.452,0.441,0.576,0.524,0.663,0.827,0.7,0.48,0.25,none,P019,2025-01-05
H01317,42,35-44,Croydon,foodies,families,0.296,0.174,0.301,0.507,0.705,0.786,0.767,0.673,0.397,0.402,0.649,0.522,0.712,0.611,0.883,0.555,none,P019,2025-01-05
H01318,20,18-24,Newham,fitness,foodies,0.266,0.372,0.761,0.35,0.524,1.0,0.566,0.619,0.396,0.787,0.48,0.563,0.447,0.241,0.375,0.952,none,P019,2025-01-05
H01319,37,35-44,Brent,foodies,fitness,0.365,0.207,0.401,0.175,0.855,0.485,0.973,0.536,0.276,0.346,0.914,0.72,0.746,0.756,0.874,0.528,vegetarian,P019,2025-01-05
H01320,30,25-34,Harrow,fitness,foodies,0.234,0.17,0.832,0.162,0.355,0.822,0.412,0.72,0.347,0.852,0.629,0.818,0.504,0.374,0.549,0.77,vegetarian,P019,2025-01-05
H01321,21,18-24,Havering,foodies,families,0.201,0.581,0.274,0.598,1.0,0.623,0.929,0.6,0.315,0.425,0.703,0.485,0.744,0.517,0.879,0.383,vegetarian,P019,2025-01-05
H01322,32,25-34,Brent,foodies,students,0.474,0.331,0.287,0.324,0.877,0.738,0.922,0.523,0.155,0.282,0.675,0.762,0.822,0.474,1.0,0.478,none,P019,2025-01-05
H01323,38,35-44,Newham,families,foodies,0.351,0.324,0.043,0.976,0.395,0.71,0.237,0.44,0.626,0.736,0.721,0.332,0.566,0.597,0.518,0.476,none,P019,2025-01-05
H01324,34,25-34,Lewisham,young_professionals,fitness,0.35,0.764,0.407,0.0,0.288,0.492,0.776,0.616,0.481,0.839,0.586,0.713,0.672,0.627,0.794,0.626,none,P019,2025-01-05
H01325,25,25-34,Kensington and Chelsea,students,foodies,0.847,0.015,0.009,0.175,0.335,0.565,0.585,0.791,0.914,0.76,0.378,0.669,0.798,0.807,0.592,0.641,none,P019,2025-01-05
H01326,38,35-44,Newham,foodies,fitness,0.27,0.322,0.419,0.293,0.927,0.651,0.947,0.661,0.45,0.182,0.901,0.872,0.768,0.671,0.921,0.401,none,P019,2025-01-05
H01327,42,35-44,Hackney,families,young_professionals,0.394,0.435,0.418,0.999,0.425,0.788,0.514,0.39,0.817,0.915,0.547,0.516,0.688,0.649,0.513,0.607,none,P019,2025-01-05
H01328,32,25-34,Newham,young_professionals,families,0.379,0.907,0.333,0.563,0.383,0.689,0.624,0.689,0.34,0.856,0.535,0.645,0.614,0.275,0.461,0.744,none,P019,2025-01-05
H01329,25,25-34,Newham,foodies,fitness,0.382,0.168,0.408,0.283,0.843,0.441,0.84,0.676,0.266,0.327,0.841,0.553,0.689,0.418,0.988,0.428,vegan,P019,2025-01-05
H01330,25,25-34,Newham,foodies,families,0.271,0.108,0.263,0.522,0.741,0.631,0.903,0.547,0.323,0.256,0.834,0.566,0.654,0.539,1.0,0.465,none,P019,2025-01-05
H01331,21,18-24,Haringey,foodies,families,0.249,0.284,0.247,0.375,0.788,0.449,0.866,0.541,0.501,0.296,0.702,0.526,0.701,0.632,0.844,0.519,none,P019,2025-01-05
H01332,25,25-34,Wandsworth,young_professionals,fitness,0.22,0.695,0.392,0.332,0.204,0.715,0.729,0.738,0.428,1.0,0.555,0.649,0.811,0.475,0.47,0.516,dairy_free,organic,2025-01-05
H01333,19,18-24,Hounslow,students,young_professionals,0.749,0.365,0.116,0.223,0.339,0.415,0.619,0.878,0.895,0.605,0.507,0.694,0.978,0.787,0.341,0.459,gluten_free,organic,2025-01-06
H01334,28,25-34,Barking and Dagenham,foodies,families,0.275,0.171,0.335,0.378,0.87,0.513,0.791,0.662,0.187,0.337,0.601,0.7,0.648,0.626,0.847,0.314,vegetarian,organic,2025-01-06
H01335,22,18-24,Harrow,students,young_professionals,0.826,0.364,0.263,0.068,0.174,0.572,0.68,0.787,0.852,0.768,0.607,0.783,0.511,0.658,0.333,0.561,vegan,organic,2025-01-06
H01336,46,45+,Ealing,families,young_professionals,0.099,0.44,0.23,0.921,0.399,0.603,0.278,0.346,0.866,0.689,0.642,0.51,0.732,0.795,0.543,0.316,none,organic,2025-01-06
H01337,35,35-44,Camden,young_professionals,fitness,0.257,0.884,0.466,0.064,0.268,0.51,0.805,0.731,0.525,0.925,0.69,1.0,0.62,0.552,0.602,0.684,none,organic,2025-01-08
H01338,28,25-34,Brent,young_professionals,students,0.475,0.785,0.443,0.309,0.444,0.515,0.687,0.577,0.619,0.779,0.482,0.686,0.721,0.511,0.789,0.481,dairy_free,organic,2025-01-08
H01339,29,25-34,Newham,young_professionals,fitness,0.112,0.922,0.703,0.236,0.491,0.603,0.684,0.455,0.527,0.941,0.552,0.862,0.68,0.683,0.694,0.614,none,organic,2025-01-09
H01340,18,18-24,Sutton,students,foodies,0.778,0.438,0.077,0.344,0.55,0.39,0.84,0.788,1.0,0.786,0.717,0.832,0.646,0.95,0.649,0.388,vegetarian,organic,2025-01-09
H01341,30,25-34,Hillingdon,young_professionals,foodies,0.283,0.815,0.422,0.027,0.524,0.549,0.587,0.752,0.334,0.886,0.554,0.901,0.728,0.672,0.36,0.581,none,organic,2025-01-09
H01342,19,18-24,Merton,students,families,0.858,0.31,0.165,0.504,0.366,0.483,1.0,0.703,0.909,0.673,0.594,0.804,0.778,0.794,0.407,0.746,none,organic,2025-01-10
H01343,26,25-34,Tower Hamlets,young_professionals,families,0.337,0.801,0.349,0.489,0.215,0.581,0.631,0.783,0.471,0.852,0.668,0.856,0.716,0.656,0.654,0.717,none,P020,2025-01-11
H01344,24,18-24,Brent,foodies,students,0.346,0.099,0.285,0.214,0.877,0.686,0.908,0.615,0.402,0.271,0.698,0.573,0.658,0.761,0.746,0.257,vegan,P020,2025-01-11
H01345,35,35-44,Tower Hamlets,young_professionals,foodies,0.208,0.87,0.058,0.261,0.43,0.665,0.789,0.597,0.523,0.839,0.715,0.994,0.519,0.642,0.757,0.534,dairy_free,P020,2025-01-11
H01346,21,18-24,Harrow,students,fitness,0.904,0.27,0.426,0.016,0.154,0.349,0.837,0.972,0.811,0.704,0.659,0.714,0.54,0.803,0.333,0.398,vegetarian|nut_allergy,P020,2025-01-11
H01347,34,25-34,Tower Hamlets,young_professionals,fitness,0.175,0.88,0.387,0.324,0.344,0.643,0.81,0.684,0.369,0.632,0.523,0.589,0.562,0.579,0.61,0.873,vegetarian,P020,2025-01-11
H01348,38,35-44,Croydon,foodies,students,0.463,0.246,0.139,0.233,0.8,0.577,0.801,0.577,0.36,0.407,0.684,0.494,0.631,0.679,1.0,0.442,none,P020,2025-01-11
H01349,20,18-24,Brent,students,fitness,0.773,0.261,0.453,0.406,0.003,0.535,0.898,0.821,0.897,0.675,0.604,0.805,0.805,0.801,0.444,0.359,none,P020,2025-01-11
H01350,31,25-34,Bexley,young_professionals,families,0.413,0.752,0.209,0.618,0.288,0.632,0.619,0.721,0.468,0.591,0.638,0.715,0.82,0.597,0.691,0.565,none,P020,2025-01-11
H01351,20,18-24,Enfield,students,foodies,0.837,0.277,0.116,0.176,0.445,0.474,0.725,0.644,1.0,0.716,0.589,0.75,0.594,0.786,0.559,0.687,none,P020,2025-01-11
H01352,34,25-34,Tower Hamlets,fitness,families,0.039,0.298,0.774,0.492,0.47,0.904,0.247,0.566,0.559,0.774,0.538,0.719,0.478,0.159,0.46,0.933,none,P020,2025-01-11
H01353,28,25-34,Tower Hamlets,young_professionals,students,0.417,0.864,0.334,0.207,0.159,0.523,0.54,0.59,0.445,0.902,0.615,0.859,0.532,0.505,0.797,0.418,none,P020,2025-01-11
H01354,32,25-34,Croydon,foodies,young_professionals,0.235,0.39,0.338,0.104,0.85,0.618,0.848,0.647,0.073,0.405,0.702,0.637,0.876,0.449,0.983,0.495,gluten_free,P020,2025-01-11
H01355,23,18-24,Tower Hamlets,young_professionals,students,0.503,0.755,0.221,0.253,0.243,0.579,0.62,0.503,0.669,0.916,0.531,0.953,0.813,0.388,0.51,0.634,vegetarian,P020,2025-01-11
H01356,23,18-24,Hounslow,students,fitness,0.797,0.344,0.475,0.36,0.289,0.392,0.7,0.676,0.944,0.658,0.464,0.608,0.814,0.618,0.328,0.658,none,P020,2025-01-11
H01357,33,25-34,Tower Hamlets,young_professionals,families,0.246,0.942,0.323,0.508,0.496,0.601,0.773,0.725,0.465,0.869,0.61,0.655,0.568,0.466,0.408,0.667,none,P020,2025-01-11
H01358,38,35-44,Tower Hamlets,foodies,fitness,0.489,0.499,0.513,0.186,0.924,0.656,1.0,0.743,0.391,0.291,0.647,0.714,0.605,0.777,0.745,0.468,none,P020,2025-01-11
H01359,20,18-24,Tower Hamlets,students,foodies,0.787,0.0,0.22,0.223,0.467,0.436,0.471,0.728,0.812,0.634,0.514,0.62,0.652,0.611,0.549,0.694,none,P020,2025-01-11
H01360,21,18-24,Tower Hamlets,students,foodies,0.875,0.311,0.334,0.267,0.359,0.647,0.868,0.823,0.828,0.63,0.603,0.717,0.679,0.85,0.455,0.651,none,P020,2025-01-11
H01361,31,25-34,Hammersmith and Fulham,young_professionals,foodies,0.48,0.827,0.287,0.275,0.567,0.67,0.741,0.765,0.489,0.772,0.659,0.77,0.581,0.607,0.61,0.577,none,P020,2025-01-11
H01362,35,35-44,Ealing,young_professionals,families,0.328,0.91,0.085,0.558,0.455,0.577,0.762,0.573,0.393,0.869,0.734,0.847,0.779,0.558,0.779,0.441,none,P020,2025-01-11
H01363,26,25-34,Tower Hamlets,students,young_professionals,0.846,0.425,0.294,0.269,0.208,0.614,0.628,0.744,0.927,0.742,0.405,0.61,0.572,0.825,0.592,0.403,none,P020,2025-01-11
H01364,23,18-24,Tower Hamlets,students,foodies,0.841,0.003,0.139,0.211,0.531,0.367,0.788,0.975,1.0,0.596,0.49,0.762,0.89,0.49,0.46,0.492,dairy_free,P020,2025-01-11
H01365,20,18-24,Brent,students,young_professionals,0.794,0.451,0.353,0.442,0.304,0.484,0.798,0.923,0.832,0.633,0.626,0.651,0.696,0.9,0.285,0.797,none,P020,2025-01-11
H01366,32,25-34,Tower Hamlets,young_professionals,families,0.284,0.804,0.261,0.428,0.248,0.545,0.906,0.69,0.464,0.867,0.822,0.487,0.676,0.518,0.574,0.668,none,P020,2025-01-11
H01367,29,25-34,Haringey,young_professionals,foodies,0.103,0.957,0.407,0.219,0.58,0.681,0.643,0.646,0.507,0.934,0.592,0.682,0.84,0.421,0.487,0.491,none,P020,2025-01-11
H01368,34,25-34,Hammersmith and Fulham,young_professionals,foodies,0.289,0.96,0.298,0.121,0.633,0.631,0.666,0.505,0.663,0.874,0.646,0.699,0.463,0.54,0.561,0.735,none,P020,2025-01-11
H01369,36,35-44,Tower Hamlets,fitness,young_professionals,0.448,0.571,0.698,0.465,0.374,0.998,0.62,0.712,0.332,0.53,0.893,0.821,0.427,0.304,0.343,0.668,vegetarian|gluten_free,P020,2025-01-11
H01370,19,18-24,Redbridge,students,young_professionals,0.897,0.684,0.262,0.342,0.336,0.433,0.728,0.851,0.963,0.752,0.584,0.71,0.492,0.843,0.509,0.432,vegetarian,P020,2025-01-11
H01371,32,25-34,Tower Hamlets,young_professionals,students,0.476,0.883,0.348,0.442,0.254,0.697,0.622,0.659,0.456,0.893,0.495,0.826,0.428,0.47,0.412,0.749,none,P020,2025-01-11
H01372,35,35-44,Wandsworth,young_professionals,foodies,0.253,1.0,0.31,0.287,0.496,0.567,0.342,0.803,0.381,0.826,0.578,0.656,0.679,0.545,0.514,0.668,gluten_free,P020,2025-01-11
H01373,39,35-44,Harrow,fitness,young_professionals,0.0,0.43,0.789,0.375,0.016,0.932,0.416,0.503,0.541,0.417,0.609,0.752,0.4,0.472,0.291,0.871,vegetarian|gluten_free,organic,2025-01-11
H01374,27,25-34,Wandsworth,young_professionals,foodies,0.351,0.755,0.329,0.457,0.466,0.759,0.777,0.689,0.41,0.798,0.422,0.825,0.55,0.517,0.595,0.583,none,organic,2025-01-11
H01375,22,18-24,Ealing,young_professionals,families,0.279,0.862,0.28,0.479,0.147,0.472,0.614,0.702,0.47,0.777,0.586,0.962,0.525,0.547,0.562,0.767,dairy_free,organic,2025-01-11
H01376,28,25-34,Westminster,foodies,fitness,0.205,0.299,0.39,0.335,0.842,0.517,0.902,0.671,0.286,0.314,0.85,0.727,0.695,0.489,0.76,0.422,none,organic,2025-01-12
H01377,24,18-24,Barnet,foodies,fitness,0.373,0.197,0.4,0.361,0.848,0.426,1.0,0.368,0.292,0.469,0.885,0.686,0.88,0.572,0.893,0.416,none,organic,2025-01-12
H01378,37,35-44,Bromley,families,foodies,0.233,0.271,0.14,0.8,0.335,0.594,0.181,0.374,0.647,0.653,0.634,0.461,0.64,0.612,0.523,0.465,none,organic,2025-01-12
H01379,26,25-34,Lewisham,students,families,0.763,0.134,0.26,0.397,0.312,0.503,0.631,0.67,1.0,0.709,0.478,0.469,0.764,0.752,0.583,0.268,dairy_free,organic,2025-01-13
H01380,35,35-44,Croydon,fitness,students,0.516,0.283,0.82,0.166,0.331,0.959,0.652,0.667,0.407,0.588,0.446,0.834,0.417,0.492,0.423,0.847,none,organic,2025-01-14
H01381,35,35-44,Hammersmith and Fulham,fitness,young_professionals,0.277,0.377,0.989,0.236,0.249,0.89,0.508,0.542,0.63,0.602,0.645,0.748,0.452,0.187,0.462,0.779,none,organic,2025-01-15
H01382,31,25-34,Westminster,young_professionals,students,0.389,0.897,0.31,0.217,0.064,0.535,0.684,0.748,0.478,0.837,0.506,0.832,0.515,0.708,0.613,0.526,none,organic,2025-01-16
H01383,34,25-34,Hammersmith and Fulham,young_professionals,families,0.217,0.958,0.298,0.477,0.267,0.368,0.743,0.71,0.553,0.801,0.613,0.845,0.628,0.486,0.622,0.84,none,organic,2025-01-16
H01384,23,18-24,Kensington and Chelsea,young_professionals,fitness,0.116,0.778,0.426,0.422,0.202,0.569,0.586,0.832,0.501,0.759,0.523,0.877,0.626,0.423,0.461,0.738,vegetarian,organic,2025-01-16
H01385,38,35-44,Hackney,families,students,0.334,0.324,0.0,0.786,0.134,0.66,0.378,0.283,0.51,0.649,0.679,0.398,0.505,0.784,0.568,0.204,vegetarian,organic,2025-01-17
H01386,20,18-24,Lewisham,fitness,families,0.074,0.339,0.865,0.493,0.026,0.906,0.525,0.55,0.501,0.659,0.732,0.807,0.541,0.056,0.402,0.774,gluten_free,organic,2025-01-17
H01387,30,25-34,Redbridge,young_professionals,students,0.486,0.909,0.264,0.35,0.135,0.607,0.862,0.693,0.384,1.0,0.635,0.947,0.524,0.458,0.685,0.324,none,organic,2025-01-18
H01388,33,25-34,Sutton,young_professionals,fitness,0.279,0.904,0.555,0.17,0.3,0.581,0.846,0.83,0.427,0.843,0.579,0.496,0.703,0.58,0.722,0.775,none,organic,2025-01-18
H01389,31,25-34,Ealing,young_professionals,fitness,0.263,0.855,0.402,0.307,0.36,0.471,0.687,0.793,0.39,0.75,0.705,0.771,0.64,0.609,0.614,0.552,dairy_free|nut_allergy,organic,2025-01-18
H01390,19,18-24,Haringey,students,foodies,0.687,0.101,0.217,0.044,0.222,0.384,0.795,0.709,0.803,0.488,0.439,0.623,0.55,0.728,0.476,0.446,none,organic,2025-01-18
H01391,20,18-24,Haringey,students,foodies,0.77,0.334,0.28,0.174,0.493,0.347,0.667,1.0,1.0,0.848,0.437,0.724,0.662,0.94,0.51,0.523,vegan,organic,2025-01-18
H01392,28,25-34,Southwark,fitness,foodies,0.383,0.206,0.927,0.214,0.409,0.927,0.636,0.5,0.355,0.567,0.835,0.732,0.541,0.293,0.249,0.766,none,organic,2025-01-19
H01393,28,25-34,Hounslow,fitness,young_professionals,0.438,0.489,0.854,0.209,0.234,0.904,0.378,0.46,0.551,0.797,0.639,0.57,0.483,0.231,0.518,0.952,vegetarian,organic,2025-01-19
H01394,25,25-34,Lambeth,foodies,families,0.106,0.084,0.204,0.27,0.734,0.501,0.864,0.579,0.255,0.374,0.775,0.543,0.927,0.466,1.0,0.43,none,organic,2025-01-19
H01395,32,25-34,Greenwich,fitness,students,0.455,0.062,0.799,0.452,0.227,0.91,0.492,0.593,0.343,0.654,0.646,0.314,0.335,0.298,0.41,1.0,vegetarian,organic,2025-01-20
H01396,30,25-34,Waltham Forest,young_professionals,foodies,0.182,0.916,0.264,0.273,0.313,0.607,0.76,0.805,0.408,0.982,0.657,0.639,0.577,0.695,0.77,0.644,none,organic,2025-01-21
H01397,36,35-44,Hackney,foodies,families,0.28,0.103,0.315,0.319,0.737,0.66,1.0,0.536,0.138,0.317,0.467,0.55,0.66,0.541,1.0,0.397,none,organic,2025-01-22
H01398,20,18-24,Westminster,students,fitness,1.0,0.284,0.739,0.293,0.028,0.525,0.847,0.658,0.789,0.706,0.67,0.656,0.483,0.86,0.125,0.498,none,organic,2025-01-22
H01399,28,25-34,Southwark,young_professionals,foodies,0.214,0.818,0.424,0.391,0.476,0.611,0.635,0.644,0.701,0.602,0.692,0.995,0.422,0.47,0.668,0.601,none,organic,2025-01-23
H01400,41,35-44,Bromley,families,students,0.628,0.096,0.282,0.853,0.249,0.762,0.29,0.408,0.756,0.839,0.543,0.589,0.52,0.71,0.563,0.352,none,organic,2025-01-23
H01401,31,25-34,Lewisham,young_professionals,families,0.244,0.896,0.325,0.379,0.331,0.586,0.834,0.698,0.401,0.887,0.489,0.833,0.591,0.57,0.478,0.676,none,organic,2025-01-24
H01402,30,25-34,Camden,young_professionals,foodies,0.381,0.89,0.486,0.471,0.498,0.46,0.68,0.679,0.453,0.807,0.65,0.836,0.715,0.62,0.693,0.434,none,organic,2025-01-24
H01403,24,18-24,Newham,young_professionals,families,0.202,0.86,0.308,0.591,0.219,0.576,0.932,0.58,0.556,0.781,0.683,0.874,0.586,0.473,0.676,0.737,none,organic,2025-01-24
H01404,32,25-34,Hillingdon,fitness,young_professionals,0.269,0.395,0.847,0.38,0.272,0.96,0.523,0.55,0.475,0.731,0.533,0.738,0.366,0.364,0.424,0.913,none,organic,2025-01-25
H01405,25,25-34,Ealing,young_professionals,families,0.172,0.909,0.173,0.551,0.192,0.592,0.789,0.813,0.623,0.743,0.482,0.608,0.786,0.64,0.682,0.716,gluten_free,organic,2025-01-25
H01406,28,25-34,Hounslow,young_professionals,foodies,0.392,0.793,0.294,0.328,0.412,0.65,0.629,0.598,0.376,0.814,0.672,0.687,0.839,0.427,0.369,0.523,gluten_free,organic,2025-01-25
H01407,28,25-34,Croydon,foodies,young_professionals,0.388,0.499,0.322,0.314,0.716,0.607,0.963,0.666,0.443,0.225,0.839,0.68,0.745,0.779,0.739,0.381,none,organic,2025-01-25
H01408,29,25-34,Haringey,foodies,young_professionals,0.019,0.311,0.286,0.166,0.863,0.793,0.759,0.543,0.162,0.287,0.711,0.545,0.75,0.66,0.949,0.439,dairy_free,organic,2025-01-26
H01409,39,35-44,Lewisham,young_professionals,families,0.181,0.93,0.308,0.463,0.217,0.603,0.834,0.534,0.497,0.952,0.597,0.722,0.651,0.438,0.575,0.855,none,organic,2025-01-27
H01410,26,25-34,Wandsworth,fitness,foodies,0.151,0.118,0.921,0.273,0.517,0.877,0.327,0.618,0.617,0.683,0.594,0.608,0.29,0.353,0.242,0.94,vegetarian,organic,2025-01-27
H01411,19,18-24,Barnet,fitness,families,0.274,0.272,0.772,0.354,0.073,0.826,0.571,0.604,0.53,0.728,0.658,0.638,0.467,0.315,0.319,0.854,gluten_free,organic,2025-01-27
H01412,31,25-34,Newham,young_professionals,families,0.249,0.766,0.221,0.325,0.259,0.633,0.646,0.677,0.357,0.828,0.514,0.785,0.431,0.538,0.441,0.571,vegetarian,organic,2025-01-28
H01413,37,35-44,Islington,young_professionals,families,0.453,0.834,0.313,0.506,0.382,0.693,0.637,0.626,0.61,0.869,0.521,0.574,0.631,0.474,0.746,0.556,vegetarian,organic,2025-01-28
H01414,22,18-24,Harrow,students,fitness,0.897,0.298,0.353,0.35,0.021,0.223,0.746,0.784,0.942,0.671,0.523,0.694,0.538,0.667,0.463,0.382,none,organic,2025-01-28
H01415,30,25-34,Barnet,foodies,students,0.261,0.155,0.029,0.178,0.876,0.592,0.866,0.465,0.326,0.355,0.946,0.666,0.661,0.508,0.868,0.136,none,organic,2025-01-28
H01416,26,25-34,Enfield,students,fitness,0.778,0.18,0.49,0.311,0.223,0.592,0.612,0.702,0.834,0.564,0.603,0.782,0.827,0.833,0.271,0.581,none,organic,2025-01-29
H01417,21,18-24,Hammersmith and Fulham,students,fitness,0.852,0.284,0.36,0.071,0.325,0.59,0.77,0.907,0.893,0.738,0.374,0.725,0.822,0.823,0.244,0.505,none,organic,2025-01-30
H01418,40,35-44,Sutton,fitness,families,0.004,0.208,0.827,0.38,0.268,0.934,0.374,0.495,0.447,0.764,0.74,0.622,0.548,0.329,0.325,0.839,none,organic,2025-01-30
H01419,31,25-34,Islington,young_professionals,students,0.328,0.908,0.207,0.079,0.127,0.646,0.701,0.662,0.489,0.703,0.627,0.702,0.607,0.491,0.565,0.69,none,organic,2025-01-30
H01420,31,25-34,Southwark,young_professionals,foodies,0.279,0.78,0.206,0.188,0.364,0.693,0.644,0.76,0.448,0.857,0.661,0.827,0.641,0.498,0.595,0.433,none,organic,2025-01-31
H01421,29,25-34,Ealing,young_professionals,families,0.32,0.9,0.234,0.438,0.171,0.431,0.498,0.632,0.439,0.741,0.513,0.933,0.755,0.399,0.547,0.699,vegetarian,P021,2025-02-01
H01422,27,25-34,Hackney,foodies,fitness,0.249,0.464,0.477,0.19,0.849,0.559,0.835,0.705,0.422,0.239,0.735,0.643,0.608,0.646,0.866,0.335,dairy_free,P021,2025-02-01
H01423,23,18-24,Hackney,foodies,families,0.0,0.438,0.189,0.62,0.809,0.603,0.943,0.577,0.186,0.307,0.821,0.607,0.657,0.418,0.961,0.267,none,P021,2025-02-01
H01424,28,25-34,Hackney,foodies,young_professionals,0.256,0.625,0.254,0.234,0.707,0.473,1.0,0.705,0.339,0.23,0.899,0.619,0.917,0.632,1.0,0.345,none,P021,2025-02-01
H01425,23,18-24,Hackney,students,foodies,0.931,0.327,0.293,0.389,0.516,0.438,0.608,0.837,1.0,0.669,0.627,0.983,0.854,0.673,0.478,0.608,nut_allergy,P021,2025-02-01
H01426,27,25-34,Tower Hamlets,families,young_professionals,0.172,0.289,0.148,0.85,0.191,0.787,0.356,0.313,0.588,0.729,0.661,0.401,0.672,0.761,0.739,0.397,gluten_free,P021,2025-02-01
H01427,32,25-34,Hackney,young_professionals,students,0.416,0.729,0.125,0.38,0.31,0.721,0.795,0.677,0.51,0.86,0.489,0.641,0.577,0.718,0.729,0.52,none,P021,2025-02-01
H01428,36,35-44,Hackney,families,fitness,0.277,0.22,0.511,0.868,0.332,0.498,0.356,0.511,0.736,0.818,0.414,0.431,0.336,0.733,0.24,0.51,vegan,P021,2025-02-01
H01429,34,25-34,Hackney,foodies,fitness,0.073,0.356,0.579,0.371,0.811,0.687,0.854,0.446,0.443,0.238,0.785,0.703,0.709,0.506,0.932,0.286,none,P021,2025-02-01
H01430,34,25-34,Hackney,fitness,students,0.297,0.215,0.843,0.105,0.068,0.948,0.71,0.575,0.432,0.67,0.338,0.696,0.531,0.372,0.386,0.978,nut_allergy,P021,2025-02-01
H01431,36,35-44,Tower Hamlets,foodies,fitness,0.253,0.0,0.447,0.377,0.795,0.485,0.956,0.528,0.231,0.439,0.65,0.756,0.712,0.402,1.0,0.437,vegetarian|dairy_free,P021,2025-02-01
H01432,45,45+,Redbridge,families,young_professionals,0.33,0.393,0.356,0.867,0.062,0.441,0.452,0.305,0.878,0.865,0.527,0.555,0.891,0.87,0.529,0.697,none,P021,2025-02-01
H01433,25,25-34,Brent,young_professionals,families,0.049,0.903,0.306,0.349,0.087,0.754,0.787,0.665,0.597,0.858,0.538,0.63,0.637,0.643,0.767,0.653,none,P021,2025-02-01
H01434,20,18-24,Hackney,students,foodies,0.885,0.104,0.224,0.11,0.601,0.436,0.995,0.879,1.0,0.833,0.55,0.641,0.736,0.632,0.442,0.549,none,P021,2025-02-01
H01435,50,45+,Tower Hamlets,foodies,families,0.0,0.117,0.247,0.524,0.733,0.617,0.891,0.575,0.216,0.319,0.784,0.82,0.814,0.454,1.0,0.457,none,P021,2025-02-01
H01436,32,25-34,Hackney,fitness,foodies,0.386,0.307,0.696,0.171,0.599,0.889,0.381,0.441,0.512,0.49,0.78,0.826,0.619,0.507,0.308,0.796,gluten_free,P021,2025-02-01
H01437,20,18-24,Hackney,students,foodies,0.953,0.176,0.269,0.217,0.356,0.621,0.613,0.893,0.893,0.761,0.311,0.669,0.838,0.742,0.601,0.697,vegetarian,P021,2025-02-01
H01438,32,25-34,Hackney,young_professionals,foodies,0.151,0.81,0.398,0.175,0.418,0.611,0.555,0.736,0.409,0.71,0.349,0.858,0.547,0.401,0.677,0.747,vegetarian|dairy_free,P021,2025-02-01
H01439,47,45+,Croydon,foodies,students,0.502,0.479,0.347,0.233,0.885,0.535,0.982,0.496,0.231,0.428,0.843,0.555,0.728,0.507,0.926,0.417,none,P021,2025-02-01
H01440,30,25-34,Hackney,young_professionals,foodies,0.341,0.792,0.358,0.383,0.403,0.571,0.722,0.467,0.411,0.675,0.804,0.775,0.665,0.578,0.673,0.767,none,P021,2025-02-01
H01441,42,35-44,Hackney,foodies,students,0.487,0.29,0.282,0.0,0.892,0.561,1.0,0.49,0.153,0.308,0.674,0.606,0.796,0.596,0.949,0.407,none,P021,2025-02-01
H01442,36,35-44,Hillingdon,families,fitness,0.174,0.265,0.511,0.787,0.102,0.688,0.353,0.343,0.664,0.686,0.435,0.664,0.706,0.716,0.542,0.397,none,P021,2025-02-01
H01443,32,25-34,Southwark,young_professionals,fitness,0.306,0.886,0.507,0.398,0.176,0.636,0.508,0.473,0.423,0.899,0.654,0.94,0.66,0.505,0.443,0.604,vegetarian,P021,2025-02-01
H01444,33,25-34,Wandsworth,fitness,families,0.382,0.491,0.844,0.505,0.191,0.959,0.625,0.641,0.581,0.734,0.67,0.774,0.481,0.221,0.326,0.908,vegan,P021,2025-02-01
H01445,24,18-24,Hammersmith and Fulham,foodies,families,0.334,0.436,0.301,0.715,0.886,0.766,1.0,0.515,0.332,0.195,0.902,0.677,0.862,0.587,0.727,0.716,none,P021,2025-02-01
H01446,25,25-34,Hackney,fitness,young_professionals,0.472,0.605,0.761,0.285,0.336,1.0,0.302,0.575,0.746,0.853,0.657,0.858,0.557,0.285,0.461,1.0,vegetarian,P021,2025-02-01
H01447,22,18-24,Hackney,students,foodies,0.939,0.315,0.302,0.335,0.347,0.379,0.845,0.843,1.0,0.636,0.467,0.836,0.766,0.726,0.534,0.629,none,P021,2025-02-01
H01448,35,35-44,Hackney,young_professionals,families,0.238,0.692,0.1,0.348,0.272,0.51,0.78,0.625,0.409,0.977,0.483,0.695,0.754,0.402,0.813,0.624,dairy_free,P021,2025-02-01
H01449,32,25-34,Newham,foodies,fitness,0.228,0.294,0.407,0.152,0.969,0.591,0.864,0.573,0.25,0.283,0.7,0.85,0.785,0.559,1.0,0.21,vegan,P021,2025-02-01
H01450,49,45+,Havering,families,fitness,0.452,0.366,0.494,0.845,0.241,0.58,0.417,0.537,0.82,0.785,0.541,0.708,0.602,0.863,0.735,0.45,none,P021,2025-02-01
H01451,37,35-44,Brent,families,fitness,0.406,0.367,0.631,0.759,0.251,0.607,0.351,0.309,0.651,0.676,0.478,0.379,0.542,0.643,0.57,0.374,dairy_free,P021,2025-02-01
H01452,37,35-44,Hackney,young_professionals,fitness,0.402,0.848,0.411,0.37,0.308,0.537,0.825,0.394,0.643,0.716,0.65,0.801,0.785,0.511,0.343,0.611,vegetarian,P021,2025-02-01
H01453,19,18-24,Hackney,fitness,foodies,0.307,0.139,0.83,0.263,0.594,0.96,0.471,0.404,0.564,0.692,0.684,0.667,0.198,0.364,0.349,1.0,none,P021,2025-02-01
H01454,36,35-44,Hounslow,foodies,fitness,0.21,0.203,0.285,0.162,1.0,0.554,1.0,0.8,0.125,0.497,0.722,0.582,0.763,0.479,1.0,0.287,none,P021,2025-02-01
H01455,24,18-24,Hackney,students,fitness,0.816,0.246,0.381,0.089,0.174,0.599,0.68,0.842,0.889,0.756,0.489,0.826,0.915,0.869,0.469,0.498,none,P021,2025-02-01
H01456,26,25-34,Hackney,foodies,students,0.432,0.35,0.291,0.328,0.884,0.658,1.0,0.503,0.282,0.159,0.806,0.752,0.581,0.772,0.864,0.359,nut_allergy,P021,2025-02-01
H01457,44,35-44,Hackney,foodies,fitness,0.171,0.344,0.416,0.385,0.911,0.537,0.932,0.528,0.552,0.581,0.739,0.712,0.701,0.558,0.964,0.395,none,P021,2025-02-01
H01458,29,25-34,Redbridge,young_professionals,families,0.347,0.962,0.246,0.431,0.38,0.627,0.918,0.563,0.338,0.887,0.636,0.791,0.672,0.475,0.422,0.684,none,P021,2025-02-01
H01459,30,25-34,Newham,foodies,young_professionals,0.365,0.598,0.447,0.515,0.879,0.502,0.976,0.658,0.381,0.43,0.904,0.644,0.764,0.512,0.834,0.612,none,P021,2025-02-01
H01460,41,35-44,Kingston upon Thames,families,students,0.476,0.051,0.434,0.83,0.21,0.725,0.222,0.388,0.968,0.796,0.624,0.373,0.453,0.845,0.466,0.491,none,P021,2025-02-01
H01461,55,45+,Hackney,families,foodies,0.229,0.358,0.181,0.781,0.381,0.842,0.343,0.428,0.813,0.627,0.466,0.473,0.757,0.884,0.598,0.345,none,P021,2025-02-01
H01462,29,25-34,Hackney,young_professionals,fitness,0.402,0.962,0.57,0.307,0.261,0.441,0.683,0.66,0.344,0.872,0.627,0.692,0.894,0.602,0.735,0.475,none,P021,2025-02-01
H01463,46,45+,Islington,foodies,young_professionals,0.149,0.322,0.115,0.192,0.811,0.659,0.809,0.701,0.371,0.351,0.734,0.572,0.723,0.794,1.0,0.369,none,P021,2025-02-01
H01464,24,18-24,Hackney,fitness,families,0.41,0.175,1.0,0.745,0.214,0.843,0.48,0.593,0.499,0.685,0.777,0.565,0.477,0.291,0.29,1.0,none,P021,2025-02-01
H01465,35,35-44,Tower Hamlets,foodies,families,0.279,0.097,0.043,0.59,0.852,0.662,0.941,0.725,0.137,0.42,0.849,0.762,0.651,0.662,0.857,0.365,none,P021,2025-02-01
H01466,28,25-34,City of London,young_professionals,families,0.226,0.876,0.105,0.594,0.225,0.687,0.405,0.568,0.438,0.837,0.851,0.709,0.769,0.767,0.68,0.569,vegetarian|nut_allergy,P021,2025-02-01
H01467,32,25-34,Hackney,young_professionals,families,0.547,0.762,0.485,0.689,0.426,0.633,0.665,0.666,0.471,0.689,0.556,0.602,0.601,0.455,0.721,0.773,gluten_free|nut_allergy,P021,2025-02-01
H01468,24,18-24,Hackney,foodies,families,0.285,0.098,0.278,0.397,0.888,0.548,0.938,0.571,0.099,0.394,0.621,0.689,0.516,0.514,0.898,0.544,none,P021,2025-02-01
H01469,25,25-34,Hackney,fitness,students,0.355,0.267,1.0,0.148,0.332,0.867,0.561,0.592,0.368,0.752,0.476,0.608,0.428,0.488,0.23,0.918,vegetarian|nut_allergy,P021,2025-02-01
H01470,24,18-24,Merton,students,families,0.863,0.452,0.5,0.568,0.375,0.439,0.81,0.655,0.882,0.899,0.65,0.774,0.797,0.706,0.24,0.605,none,P021,2025-02-01
H01471,31,25-34,Hackney,foodies,fitness,0.299,0.233,0.626,0.574,0.776,0.54,0.914,0.632,0.19,0.323,0.647,0.754,0.591,0.635,0.783,0.264,vegetarian,P021,2025-02-01
H01472,30,25-34,Hounslow,young_professionals,foodies,0.355,0.829,0.275,0.187,0.38,0.611,0.675,0.574,0.269,0.781,0.504,0.952,0.922,0.544,0.431,0.739,none,P021,2025-02-01
H01473,29,25-34,Hackney,foodies,fitness,0.206,0.225,0.247,0.103,0.932,0.712,0.915,0.544,0.132,0.567,0.83,0.754,0.918,0.627,1.0,0.343,none,P021,2025-02-01
H01474,29,25-34,Southwark,foodies,fitness,0.315,0.11,0.349,0.253,0.813,0.545,0.894,0.565,0.349,0.356,0.687,0.651,0.755,0.479,0.988,0.211,none,P021,2025-02-01
H01475,22,18-24,Hackney,students,fitness,0.82,0.133,0.47,0.44,0.273,0.3,0.765,0.844,0.936,0.745,0.645,0.646,0.761,0.715,0.606,0.802,none,P021,2025-02-01
H01476,28,25-34,Hackney,families,fitness,0.385,0.461,0.594,0.983,0.509,0.64,0.346,0.557,0.624,0.83,0.582,0.397,0.471,0.546,0.558,0.342,nut_allergy,P021,2025-02-01
H01477,36,35-44,Hillingdon,foodies,students,0.274,0.193,0.155,0.264,0.824,0.567,0.811,0.508,0.134,0.468,0.796,0.66,0.735,0.641,0.862,0.361,vegan,P021,2025-02-01
H01478,51,45+,Hackney,foodies,fitness,0.453,0.325,0.505,0.486,0.832,0.705,0.756,0.557,0.116,0.247,0.782,0.69,0.662,0.735,1.0,0.392,none,P021,2025-02-01
H01479,41,35-44,Greenwich,families,young_professionals,0.121,0.569,0.471,0.884,0.182,0.892,0.41,0.265,0.909,0.86,0.588,0.578,0.457,0.533,0.495,0.515,vegetarian,P021,2025-02-01
H01480,45,45+,Redbridge,families,fitness,0.303,0.478,0.528,0.861,0.268,0.646,0.15,0.566,0.663,0.688,0.686,0.617,0.633,0.842,0.361,0.34,none,P021,2025-02-01
H01481,33,25-34,Wandsworth,families,fitness,0.312,0.315,0.397,0.924,0.0,0.685,0.381,0.43,0.494,0.651,0.505,0.41,0.567,0.78,0.621,0.172,none,P021,2025-02-01
H01482,25,25-34,Croydon,young_professionals,families,0.271,0.825,0.302,0.401,0.314,0.727,0.634,0.577,0.374,0.682,0.8,0.696,0.547,0.415,0.553,0.567,none,P021,2025-02-01
H01483,32,25-34,Hackney,families,foodies,0.069,0.383,0.284,0.861,0.384,0.677,0.17,0.355,0.683,0.746,0.59,0.461,0.52,0.899,0.462,0.52,none,P021,2025-02-01
H01484,34,25-34,Enfield,young_professionals,foodies,0.279,0.934,0.237,0.314,0.53,0.548,0.63,0.789,0.519,0.956,0.556,0.688,0.764,0.518,0.527,0.54,vegetarian,P021,2025-02-01
H01485,33,25-34,Hackney,young_professionals,foodies,0.074,0.832,0.194,0.268,0.278,0.587,0.636,0.609,0.386,0.927,0.525,0.48,0.657,0.516,0.53,0.759,none,P021,2025-02-01
H01486,40,35-44,Hackney,fitness,students,0.458,0.206,0.799,0.376,0.38,0.962,0.574,0.341,0.465,0.605,0.584,0.792,0.185,0.138,0.268,0.919,vegetarian|dairy_free,P021,2025-02-01
H01487,25,25-34,Merton,young_professionals,foodies,0.405,0.836,0.33,0.167,0.437,0.502,0.693,0.659,0.324,0.744,0.489,0.574,0.568,0.758,0.617,0.57,none,organic,2025-02-02
H01488,39,35-44,Lambeth,families,foodies,0.184,0.086,0.236,0.881,0.402,0.544,0.239,0.392,0.651,0.722,0.53,0.668,0.546,0.808,0.373,0.516,vegetarian,organic,2025-02-02
H01489,38,35-44,Newham,fitness,young_professionals,0.399,0.417,0.735,0.352,0.351,0.919,0.696,0.65,0.524,0.502,0.478,0.396,0.364,0.366,0.363,0.981,vegetarian|gluten_free,organic,2025-02-03
H01490,22,18-24,Wandsworth,young_professionals,students,0.7,0.871,0.433,0.187,0.0,0.427,0.622,0.759,0.248,0.899,0.61,0.671,0.591,0.528,0.611,0.847,none,organic,2025-02-03
H01491,31,25-34,Hackney,young_professionals,families,0.214,0.799,0.359,0.387,0.288,0.45,0.756,0.729,0.537,0.685,0.568,0.682,0.621,0.402,0.807,0.702,none,organic,2025-02-04
H01492,22,18-24,Croydon,students,fitness,0.846,0.438,0.527,0.481,0.309,0.409,0.91,0.635,0.946,0.774,0.491,0.572,0.546,0.691,0.353,0.374,vegetarian,organic,2025-02-05
H01493,48,45+,Wandsworth,families,young_professionals,0.398,0.551,0.33,0.817,0.158,0.566,0.376,0.489,0.669,0.512,0.427,0.386,0.429,0.921,0.596,0.499,none,organic,2025-02-05
H01494,25,25-34,Camden,foodies,students,0.445,0.254,0.235,0.253,0.842,0.597,0.976,0.708,0.366,0.41,1.0,0.586,0.817,0.627,0.758,0.202,none,organic,2025-02-05
H01495,34,25-34,Croydon,foodies,families,0.572,0.414,0.454,0.605,0.889,0.581,0.91,0.441,0.186,0.351,0.55,0.849,0.681,0.64,0.767,0.313,none,organic,2025-02-06
H01496,20,18-24,Haringey,students,fitness,0.806,0.324,0.366,0.222,0.325,0.506,0.819,0.878,0.801,0.927,0.399,0.679,0.475,0.632,0.345,0.703,vegan,organic,2025-02-07
H01497,19,18-24,Newham,fitness,young_professionals,0.252,0.342,0.824,0.17,0.264,0.942,0.665,0.547,0.617,0.534,0.536,0.444,0.418,0.378,0.043,0.923,gluten_free,P022,2025-02-08
H01498,18,18-24,Bexley,students,fitness,0.939,0.301,0.389,0.281,0.357,0.518,0.893,0.929,0.971,0.466,0.486,0.63,0.755,0.953,0.32,0.819,none,P022,2025-02-08
H01499,26,25-34,Camden,young_professionals,students,0.427,0.767,0.397,0.185,0.375,0.578,0.612,0.754,0.383,0.964,0.707,0.696,0.654,0.493,0.665,0.627,none,P022,2025-02-08
H01500,22,18-24,Tower Hamlets,fitness,families,0.289,0.397,0.813,0.443,0.243,0.799,0.34,0.467,0.576,0.607,0.504,0.598,0.478,0.29,0.275,0.863,gluten_free,P022,2025-02-08
H01501,35,35-44,Newham,young_professionals,foodies,0.037,0.876,0.203,0.382,0.459,0.613,0.705,0.677,0.522,0.913,0.602,0.744,0.64,0.456,0.505,0.715,none,P022,2025-02-08
H01502,33,25-34,Croydon,foodies,fitness,0.423,0.396,0.426,0.229,0.909,0.659,0.868,0.589,0.396,0.253,0.644,0.602,0.779,0.496,0.923,0.387,none,P022,2025-02-08
H01503,26,25-34,Hackney,foodies,families,0.339,0.373,0.374,0.391,0.783,0.553,1.0,0.803,0.305,0.4,0.657,0.757,0.835,0.541,1.0,0.434,none,P022,2025-02-08
H01504,41,35-44,Camden,families,fitness,0.279,0.425,0.467,0.709,0.3,0.612,0.373,0.322,0.676,0.66,0.609,0.529,0.548,0.754,0.474,0.487,nut_allergy,P022,2025-02-08
H01505,27,25-34,Southwark,fitness,families,0.422,0.456,0.949,0.521,0.344,0.749,0.322,0.44,0.326,0.677,0.492,0.497,0.395,0.302,0.126,0.814,none,P022,2025-02-08
H01506,31,25-34,Barnet,foodies,young_professionals,0.477,0.622,0.253,0.102,0.866,0.754,0.848,0.679,0.363,0.474,0.941,0.69,0.491,0.516,1.0,0.23,none,P022,2025-02-08
H01507,24,18-24,Tower Hamlets,young_professionals,students,0.433,0.905,0.244,0.178,0.001,0.658,0.68,0.662,0.454,0.779,0.605,0.838,0.774,0.645,0.519,0.726,none,P022,2025-02-08
H01508,30,25-34,Waltham Forest,foodies,families,0.402,0.507,0.028,0.546,0.866,0.426,1.0,0.606,0.32,0.347,0.667,0.613,0.711,0.576,0.86,0.458,none,P022,2025-02-08
H01509,23,18-24,Richmond upon Thames,students,fitness,0.894,0.275,0.522,0.158,0.019,0.643,0.589,0.791,0.711,0.727,0.486,0.798,0.748,0.912,0.398,0.357,none,P022,2025-02-08
H01510,31,25-34,Camden,foodies,families,0.027,0.142,0.189,0.533,0.822,0.546,0.896,0.634,0.299,0.436,0.782,0.711,0.906,0.699,1.0,0.319,none,P022,2025-02-08
H01511,28,25-34,Newham,young_professionals,students,0.519,0.836,0.288,0.361,0.315,0.753,0.592,0.829,0.584,0.999,0.669,0.497,0.525,0.587,0.519,0.612,none,P022,2025-02-08
H01512,32,25-34,Camden,foodies,young_professionals,0.117,0.433,0.377,0.263,0.858,0.56,0.814,0.716,0.389,0.149,0.822,0.721,0.613,0.5,0.759,0.359,none,P022,2025-02-08
H01513,23,18-24,Camden,students,fitness,0.723,0.141,0.336,0.262,0.16,0.312,0.651,0.803,0.926,0.537,0.444,0.656,0.865,0.652,0.467,0.579,none,P022,2025-02-08
H01514,24,18-24,Greenwich,foodies,fitness,0.202,0.515,0.526,0.426,0.704,0.638,0.936,0.598,0.18,0.08,0.878,0.576,0.476,0.653,1.0,0.492,none,P022,2025-02-08
H01515,34,25-34,Croydon,families,foodies,0.252,0.423,0.0,0.921,0.44,0.783,0.233,0.225,0.879,0.657,0.519,0.563,0.693,0.879,0.527,0.223,none,P022,2025-02-08
H01516,18,18-24,Tower Hamlets,students,fitness,0.891,0.0,0.455,0.205,0.406,0.316,0.431,0.758,0.852,0.662,0.457,0.805,0.584,0.804,0.527,0.588,none,P022,2025-02-08
H01517,40,35-44,Camden,foodies,families,0.308,0.248,0.373,0.39,0.713,0.527,0.96,0.587,0.443,0.527,0.85,0.678,0.919,0.629,0.892,0.319,vegetarian,P022,2025-02-08
H01518,31,25-34,Barking and Dagenham,young_professionals,families,0.088,0.87,0.332,0.397,0.296,0.515,0.676,0.801,0.504,0.834,0.497,0.664,0.651,0.583,0.668,0.697,dairy_free,P022,2025-02-08
H01519,35,35-44,Camden,families,students,0.607,0.217,0.106,0.925,0.247,0.576,0.359,0.448,0.682,0.779,0.609,0.33,0.559,0.688,0.444,0.399,gluten_free,P022,2025-02-08
H01520,28,25-34,Hounslow,young_professionals,fitness,0.14,0.878,0.421,0.0,0.184,0.369,0.781,0.85,0.63,0.831,0.491,0.851,0.635,0.607,0.636,0.661,none,P022,2025-02-08
H01521,29,25-34,Croydon,foodies,fitness,0.162,0.0,0.248,0.136,0.823,0.674,0.858,0.563,0.379,0.37,0.638,0.757,0.851,0.742,1.0,0.648,gluten_free|dairy_free,P022,2025-02-08
H01522,39,35-44,Westminster,foodies,families,0.269,0.026,0.302,0.378,0.699,0.712,1.0,0.562,0.318,0.372,0.815,0.714,0.871,0.32,1.0,0.458,none,P022,2025-02-08
H01523,19,18-24,Camden,fitness,families,0.291,0.193,0.686,0.356,0.181,1.0,0.599,0.386,0.36,0.853,0.693,0.549,0.212,0.325,0.213,0.862,none,P022,2025-02-08
H01524,41,35-44,Bromley,foodies,students,0.575,0.228,0.13,0.358,0.818,0.588,0.961,0.778,0.261,0.15,0.73,0.686,0.724,0.581,1.0,0.416,none,P022,2025-02-08
H01525,28,25-34,Camden,foodies,young_professionals,0.038,0.349,0.337,0.141,0.838,0.514,0.887,0.692,0.321,0.326,0.781,0.814,0.759,0.631,1.0,0.381,dairy_free,P022,2025-02-08
H01526,36,35-44,Camden,families,foodies,0.067,0.351,0.352,0.792,0.455,0.748,0.446,0.308,0.619,0.803,0.648,0.258,0.634,0.486,0.434,0.481,none,P022,2025-02-08
H01527,28,25-34,Camden,young_professionals,fitness,0.113,0.816,0.31,0.199,0.161,0.5,0.629,0.714,0.427,0.675,0.702,0.8,0.484,0.506,0.505,0.731,none,P022,2025-02-08
H01528,31,25-34,Camden,fitness,families,0.272,0.078,0.865,0.399,0.188,0.842,0.401,0.329,0.625,0.615,0.688,0.829,0.27,0.188,0.559,0.892,none,P022,2025-02-08
H01529,25,25-34,Camden,young_professionals,foodies,0.279,0.962,0.403,0.327,0.538,0.69,0.675,0.696,0.689,0.945,0.648,0.657,0.673,0.429,0.706,0.753,gluten_free|dairy_free,P022,2025-02-08
H01530,41,35-44,Camden,fitness,students,0.528,0.322,0.764,0.212,0.259,0.899,0.23,0.525,0.361,0.589,0.745,0.408,0.302,0.4,0.266,0.807,vegan|dairy_free,P022,2025-02-08
H01531,33,25-34,Richmond upon Thames,young_professionals,families,0.374,0.847,0.49,0.586,0.047,0.71,0.836,0.53,0.369,0.778,0.732,0.634,0.537,0.415,0.93,0.633,none,P022,2025-02-08
H01532,25,25-34,Camden,foodies,students,0.444,0.034,0.153,0.19,0.787,0.541,0.99,0.355,0.373,0.279,0.679,0.885,0.636,0.715,0.984,0.446,none,P022,2025-02-08
H01533,46,45+,Southwark,families,foodies,0.44,0.225,0.143,0.944,0.447,0.848,0.218,0.468,0.598,0.856,0.611,0.716,0.66,0.702,0.441,0.32,none,P022,2025-02-08
H01534,45,45+,Camden,families,students,0.491,0.076,0.306,0.885,0.183,0.573,0.374,0.433,0.796,0.881,0.619,0.397,0.438,0.812,0.68,0.347,none,P022,2025-02-08
H01535,37,35-44,Camden,young_professionals,foodies,0.373,0.89,0.125,0.302,0.403,0.548,0.583,0.678,0.401,0.808,0.486,0.629,0.67,0.518,0.9,0.721,none,P022,2025-02-08
H01536,22,18-24,Redbridge,students,young_professionals,0.796,0.5,0.342,0.003,0.147,0.487,0.896,0.825,0.818,0.849,0.532,0.793,0.676,0.761,0.354,0.589,gluten_free|nut_allergy,P022,2025-02-08
H01537,30,25-34,Camden,foodies,young_professionals,0.217,0.354,0.176,0.072,0.841,0.536,0.958,0.614,0.245,0.272,0.812,0.623,0.79,0.706,0.912,0.514,none,P022,2025-02-08
H01538,27,25-34,Haringey,families,foodies,0.154,0.162,0.252,0.873,0.323,0.581,0.359,0.347,0.527,0.604,0.652,0.654,0.792,0.777,0.381,0.297,none,P022,2025-02-08
H01539,35,35-44,Lambeth,foodies,young_professionals,0.381,0.594,0.288,0.096,0.827,0.65,0.965,0.742,0.331,0.454,0.706,0.613,0.862,0.435,0.902,0.535,none,P022,2025-02-08
H01540,37,35-44,Waltham Forest,families,foodies,0.318,0.463,0.439,0.877,0.464,0.672,0.075,0.566,0.701,0.71,0.489,0.553,0.493,0.681,0.434,0.315,none,P022,2025-02-08
H01541,32,25-34,Camden,young_professionals,fitness,0.341,0.994,0.392,0.286,0.147,0.477,0.764,0.64,0.408,0.6,0.599,0.62,0.563,0.652,0.477,0.538,none,P022,2025-02-08
H01542,36,35-44,Islington,families,students,0.52,0.108,0.082,0.877,0.052,0.755,0.438,0.308,0.728,0.8,0.503,0.52,0.45,0.675,0.545,0.531,vegetarian,P022,2025-02-08
H01543,38,35-44,Lambeth,families,foodies,0.289,0.083,0.175,0.926,0.386,0.578,0.416,0.364,0.69,0.819,0.476,0.616,0.438,0.787,0.489,0.449,vegetarian,P022,2025-02-08
H01544,23,18-24,Wandsworth,students,families,0.869,0.286,0.201,0.437,0.345,0.434,0.856,0.823,0.856,0.711,0.56,0.708,0.771,0.625,0.463,0.339,none,P022,2025-02-08
H01545,32,25-34,Camden,families,fitness,0.477,0.0,0.551,0.874,0.12,0.62,0.296,0.207,0.698,0.738,0.658,0.346,0.523,0.894,0.535,0.416,vegetarian,P022,2025-02-08
H01546,31,25-34,Camden,young_professionals,students,0.573,0.841,0.148,0.396,0.215,0.697,0.601,0.551,0.641,0.697,0.597,0.972,0.647,0.712,0.678,0.649,none,P022,2025-02-08
H01547,22,18-24,Camden,young_professionals,families,0.252,0.9,0.335,0.67,0.342,0.565,0.744,0.633,0.512,0.749,0.615,0.936,0.623,0.771,0.62,0.643,vegan,P022,2025-02-08
H01548,18,18-24,Sutton,students,young_professionals,0.943,0.629,0.372,0.381,0.273,0.541,0.843,0.642,0.752,0.758,0.475,0.807,0.554,0.738,0.446,0.608,vegetarian,P022,2025-02-08
H01549,42,35-44,Hammersmith and Fulham,foodies,fitness,0.418,0.337,0.509,0.445,0.931,0.552,1.0,0.731,0.127,0.35,0.815,0.665,0.718,0.632,0.758,0.592,none,organic,2025-02-08
H01550,22,18-24,Hackney,students,families,0.723,0.364,0.274,0.452,0.438,0.289,0.74,0.722,0.856,0.649,0.551,0.568,0.693,0.958,0.457,0.742,none,organic,2025-02-08
H01551,24,18-24,Tower Hamlets,foodies,families,0.293,0.316,0.311,0.57,0.796,0.526,0.781,0.656,0.218,0.183,0.854,0.606,0.72,0.193,0.945,0.372,none,organic,2025-02-10
H01552,25,25-34,Hammersmith and Fulham,young_professionals,fitness,0.233,0.943,0.3,0.043,0.228,0.572,0.753,0.6,0.451,0.963,0.614,0.576,0.733,0.499,0.537,0.941,none,organic,2025-02-11
H01553,31,25-34,Tower Hamlets,young_professionals,families,0.099,0.764,0.384,0.5,0.215,0.66,0.754,0.622,0.683,0.716,0.547,0.628,0.558,0.52,0.638,0.653,none,organic,2025-02-11
H01554,32,25-34,Wandsworth,fitness,young_professionals,0.316,0.537,1.0,0.389,0.055,0.826,0.495,0.282,0.63,0.82,0.573,0.872,0.338,0.231,0.373,0.962,none,organic,2025-02-12
H01555,38,35-44,Barking and Dagenham,foodies,students,0.675,0.466,0.161,0.219,0.951,0.697,0.817,0.552,0.492,0.511,0.796,0.428,0.503,0.615,1.0,0.431,none,organic,2025-02-12
H01556,20,18-24,Haringey,students,fitness,0.733,0.305,0.388,0.287,0.304,0.317,0.888,0.857,0.883,0.734,0.49,0.626,0.515,0.462,0.44,0.345,none,organic,2025-02-12
H01557,28,25-34,Merton,young_professionals,students,0.407,0.877,0.332,0.392,0.116,0.688,0.679,0.616,0.427,0.992,0.595,0.664,0.577,0.461,0.7,0.781,none,organic,2025-02-12
H01558,21,18-24,Barnet,foodies,families,0.053,0.425,0.115,0.565,0.767,0.561,0.911,0.546,0.422,0.281,0.796,0.741,0.701,0.573,0.947,0.295,none,organic,2025-02-13
H01559,31,25-34,Haringey,foodies,families,0.415,0.323,0.405,0.461,0.85,0.5,0.931,0.492,0.341,0.512,0.9,0.493,0.566,0.651,0.881,0.55,gluten_free,organic,2025-02-13
H01560,32,25-34,Havering,foodies,young_professionals,0.231,0.422,0.258,0.308,0.853,0.676,0.909,0.498,0.134,0.395,0.875,0.659,0.897,0.687,0.921,0.258,dairy_free,organic,2025-02-13
H01561,23,18-24,Hackney,students,foodies,0.952,0.098,0.21,0.261,0.468,0.432,0.901,0.688,0.932,0.702,0.46,0.787,0.684,0.895,0.727,0.557,none,organic,2025-02-13
H01562,32,25-34,Lewisham,young_professionals,families,0.302,0.882,0.435,0.515,0.158,0.622,0.804,0.632,0.33,0.747,0.478,0.735,0.481,0.452,0.789,0.625,none,organic,2025-02-14
H01563,31,25-34,Camden,young_professionals,fitness,0.11,0.762,0.426,0.236,0.026,0.637,0.654,0.479,0.425,0.904,0.644,0.621,0.641,0.611,0.765,0.6,none,organic,2025-02-14
H01564,40,35-44,Greenwich,foodies,families,0.215,0.436,0.312,0.451,0.839,0.597,1.0,0.566,0.267,0.378,0.898,0.694,0.67,0.465,0.798,0.221,none,organic,2025-02-14
H01565,34,25-34,Enfield,foodies,families,0.176,0.084,0.276,0.355,0.992,0.47,1.0,0.702,0.336,0.403,0.712,0.692,0.721,0.572,1.0,0.329,none,organic,2025-02-15
H01566,37,35-44,Kingston upon Thames,young_professionals,fitness,0.213,0.945,0.458,0.168,0.185,0.54,0.724,0.536,0.498,0.871,0.432,0.702,0.608,0.621,0.473,0.779,none,organic,2025-02-16
H01567,30,25-34,Redbridge,young_professionals,families,0.347,0.796,0.351,0.411,0.386,0.572,0.676,0.799,0.399,0.707,0.479,0.744,0.751,0.673,0.585,0.892,vegetarian,organic,2025-02-16
H01568,25,25-34,Redbridge,foodies,families,0.369,0.008,0.178,0.429,0.873,0.59,0.952,0.611,0.581,0.298,0.848,0.438,0.734,0.74,1.0,0.465,dairy_free,organic,2025-02-16
H01569,28,25-34,Croydon,young_professionals,fitness,0.308,0.818,0.452,0.371,0.3,0.533,0.556,0.807,0.61,0.865,0.654,0.724,0.713,0.565,0.625,0.534,none,organic,2025-02-17
H01570,29,25-34,Wandsworth,fitness,students,0.419,0.252,0.868,0.277,0.301,0.772,0.476,0.608,0.466,0.849,0.63,0.724,0.264,0.37,0.419,0.786,none,organic,2025-02-17
H01571,25,25-34,Southwark,young_professionals,foodies,0.181,0.881,0.163,0.183,0.412,0.541,0.786,0.669,0.572,0.873,0.558,0.783,0.766,0.455,0.606,0.505,none,organic,2025-02-17
H01572,39,35-44,Westminster,families,fitness,0.075,0.31,0.555,0.876,0.377,0.655,0.282,0.453,0.857,0.815,0.482,0.412,0.449,0.738,0.401,0.38,vegetarian,organic,2025-02-17
H01573,30,25-34,Southwark,young_professionals,foodies,0.088,0.75,0.114,0.483,0.613,0.747,0.713,0.611,0.297,0.781,0.599,0.698,0.977,0.584,0.57,0.467,none,organic,2025-02-17
H01574,19,18-24,Tower Hamlets,students,fitness,0.778,0.283,0.413,0.221,0.388,0.48,0.759,0.758,1.0,0.655,0.638,0.655,0.642,0.764,0.47,0.774,none,organic,2025-02-18
H01575,28,25-34,Islington,young_professionals,foodies,0.34,0.899,0.208,0.057,0.504,0.753,0.857,0.801,0.453,0.923,0.652,0.766,0.701,0.457,0.415,0.702,none,organic,2025-02-19
H01576,24,18-24,Islington,students,fitness,0.822,0.286,0.503,0.382,0.284,0.324,0.779,0.834,0.78,0.673,0.513,0.628,0.763,0.788,0.416,0.791,none,organic,2025-02-20
H01577,31,25-34,Southwark,fitness,young_professionals,0.308,0.448,0.834,0.394,0.442,0.923,0.481,0.627,0.653,0.732,0.643,0.695,0.295,0.442,0.492,0.647,vegetarian,organic,2025-02-20
H01578,26,25-34,Barnet,young_professionals,students,0.269,0.916,0.231,0.147,0.176,0.658,0.594,0.512,0.64,0.941,0.471,0.828,0.739,0.743,0.497,0.632,nut_allergy,organic,2025-02-20
H01579,27,25-34,Southwark,fitness,students,0.378,0.247,0.814,0.343,0.049,1.0,0.528,0.806,0.484,0.641,0.525,0.868,0.314,0.312,0.071,1.0,none,organic,2025-02-20
H01580,32,25-34,Wandsworth,young_professionals,fitness,0.236,0.823,0.457,0.255,0.294,0.811,0.669,0.688,0.495,0.89,0.561,0.808,0.646,0.346,0.465,0.635,none,organic,2025-02-21
H01581,28,25-34,Kensington and Chelsea,foodies,families,0.36,0.35,0.0,0.5,0.836,0.562,0.874,0.434,0.342,0.268,0.735,0.591,0.698,0.579,0.899,0.417,none,organic,2025-02-21
H01582,23,18-24,Hillingdon,students,young_professionals,0.879,0.433,0.249,0.158,0.217,0.466,0.692,0.619,0.961,0.827,0.788,0.736,0.701,0.859,0.365,0.48,none,organic,2025-02-21
H01583,37,35-44,Greenwich,families,students,0.306,0.112,0.23,0.947,0.099,0.641,0.524,0.398,0.638,0.82,0.471,0.685,0.59,0.83,0.295,0.354,none,organic,2025-02-21
H01584,32,25-34,Newham,young_professionals,students,0.593,0.833,0.475,0.575,0.316,0.584,0.601,0.634,0.559,0.786,0.789,0.724,0.663,0.671,0.705,0.758,none,organic,2025-02-21
H01585,38,35-44,Newham,foodies,young_professionals,0.157,0.439,0.19,0.19,0.757,0.489,0.896,0.629,0.19,0.427,0.824,0.684,0.734,0.614,0.876,0.416,vegetarian,organic,2025-02-21
H01586,34,25-34,Southwark,young_professionals,students,0.495,0.828,0.416,0.408,0.078,0.662,0.657,0.42,0.482,0.824,0.647,0.609,0.703,0.448,0.399,0.609,none,organic,2025-02-22
H01587,24,18-24,Merton,foodies,families,0.238,0.22,0.269,0.341,0.985,0.616,0.81,0.474,0.345,0.315,0.914,0.564,0.579,0.472,1.0,0.593,none,organic,2025-02-22
H01588,27,25-34,Tower Hamlets,young_professionals,families,0.2,0.782,0.144,0.452,0.253,0.455,0.809,0.478,0.341,0.925,0.702,0.686,0.751,0.51,0.403,0.574,vegetarian,organic,2025-02-22
H01589,39,35-44,Lambeth,foodies,fitness,0.42,0.282,0.559,0.51,0.737,0.545,0.946,0.586,0.261,0.334,0.806,0.825,0.635,0.561,1.0,0.465,vegetarian|gluten_free,organic,2025-02-22
H01590,23,18-24,Newham,young_professionals,families,0.203,0.739,0.045,0.277,0.129,0.667,0.892,0.589,0.48,0.754,0.403,0.521,0.648,0.453,0.654,0.719,none,organic,2025-02-23
H01591,26,25-34,Ealing,fitness,students,0.284,0.054,0.803,0.0,0.257,0.802,0.394,0.583,0.56,0.542,0.73,0.931,0.32,0.21,0.461,0.879,gluten_free,organic,2025-02-23
H01592,27,25-34,Newham,young_professionals,students,0.577,0.87,0.4,0.45,0.419,0.636,0.669,0.891,0.335,0.858,0.631,0.705,0.573,0.516,0.794,0.607,vegetarian,organic,2025-02-24
H01593,20,18-24,Barking and Dagenham,students,fitness,0.886,0.181,0.358,0.199,0.236,0.511,0.822,0.799,1.0,0.638,0.557,0.557,0.73,0.689,0.519,0.501,none,organic,2025-02-24
H01594,23,18-24,Redbridge,students,fitness,0.856,0.128,0.447,0.245,0.229,0.513,0.533,0.828,0.919,0.882,0.78,0.721,0.764,0.729,0.445,0.503,nut_allergy,organic,2025-02-25
H01595,19,18-24,Hounslow,students,young_professionals,0.738,0.53,0.166,0.161,0.281,0.433,0.671,0.826,1.0,0.642,0.71,0.709,0.765,0.764,0.384,0.398,none,organic,2025-02-26
H01596,30,25-34,Bromley,young_professionals,students,0.371,0.901,0.347,0.046,0.245,0.829,0.541,0.339,0.538,0.936,0.605,0.765,0.744,0.647,0.477,0.5,none,organic,2025-02-26
H01597,36,35-44,Harrow,foodies,students,0.448,0.289,0.003,0.251,0.874,0.455,0.796,0.63,0.308,0.163,0.71,0.806,0.695,0.494,0.931,0.553,gluten_free,organic,2025-02-26
H01598,39,35-44,Croydon,families,fitness,0.034,0.34,0.606,0.817,0.241,0.706,0.351,0.422,0.616,0.901,0.405,0.494,0.603,0.704,0.508,0.231,vegetarian,organic,2025-02-26
H01599,36,35-44,Hackney,young_professionals,families,0.164,0.781,0.263,0.368,0.289,0.718,0.642,0.698,0.563,0.934,0.778,1.0,0.471,0.411,0.427,0.881,vegetarian|nut_allergy,organic,2025-02-27
H01600,35,35-44,Ealing,young_professionals,foodies,0.374,0.87,0.383,0.278,0.456,0.837,0.646,0.364,0.403,1.0,0.493,0.895,0.561,0.586,0.592,0.537,none,organic,2025-02-27
H01601,31,25-34,Wandsworth,foodies,families,0.123,0.317,0.162,0.372,0.75,0.795,0.899,0.609,0.226,0.372,0.922,0.681,0.828,0.603,0.827,0.318,vegetarian,P023,2025-03-01
H01602,44,35-44,Wandsworth,families,students,0.324,0.254,0.182,0.759,0.114,0.723,0.367,0.326,0.629,0.73,0.58,0.496,0.585,0.756,0.496,0.256,gluten_free,P023,2025-03-01
H01603,30,25-34,Ealing,foodies,students,0.319,0.0,0.268,0.135,1.0,0.761,0.985,0.604,0.326,0.336,0.755,0.645,0.746,0.809,0.805,0.537,nut_allergy,P023,2025-03-01
H01604,29,25-34,Southwark,fitness,families,0.362,0.276,0.857,0.561,0.159,0.896,0.352,0.563,0.487,0.402,0.548,0.756,0.272,0.361,0.402,0.778,none,P023,2025-03-01
H01605,27,25-34,Bexley,foodies,young_professionals,0.269,0.473,0.171,0.369,0.837,0.548,0.79,0.663,0.268,0.405,0.788,0.596,0.829,0.529,1.0,0.559,vegetarian,P023,2025-03-01
H01606,46,45+,Harrow,fitness,foodies,0.323,0.336,0.804,0.131,0.494,0.632,0.488,0.63,0.476,0.591,0.57,0.846,0.393,0.523,0.282,0.926,nut_allergy,P023,2025-03-01
H01607,48,45+,Ealing,foodies,young_professionals,0.327,0.619,0.237,0.529,0.917,0.591,1.0,0.655,0.177,0.16,0.8,0.84,0.584,0.852,0.949,0.165,none,P023,2025-03-01
H01608,32,25-34,Croydon,fitness,students,0.522,0.12,0.819,0.301,0.279,0.925,0.621,0.43,0.319,0.752,0.506,0.654,0.327,0.224,0.175,0.832,none,P023,2025-03-01
H01609,29,25-34,Ealing,young_professionals,fitness,0.376,0.875,0.435,0.224,0.0,0.774,0.704,0.627,0.439,1.0,0.64,1.0,0.684,0.472,0.53,0.657,none,P023,2025-03-01
H01610,36,35-44,Barnet,families,young_professionals,0.336,0.591,0.308,0.871,0.163,0.76,0.26,0.497,0.672,0.605,0.609,0.668,0.551,0.938,0.301,0.206,none,P023,2025-03-01
H01611,27,25-34,Greenwich,fitness,families,0.32,0.221,0.842,0.342,0.2,0.933,0.436,0.521,0.606,0.422,0.564,0.788,0.263,0.351,0.395,0.725,none,P023,2025-03-01
H01612,31,25-34,Ealing,young_professionals,students,0.4,0.848,0.311,0.343,0.124,0.567,0.645,0.615,0.29,0.698,0.662,0.583,0.521,0.538,0.551,0.756,none,P023,2025-03-01
H01613,37,35-44,Hackney,fitness,students,0.409,0.088,1.0,0.193,0.189,0.847,0.566,0.398,0.599,0.489,0.575,0.508,0.273,0.456,0.475,1.0,none,P023,2025-03-01
H01614,25,25-34,Ealing,young_professionals,students,0.351,0.983,0.18,0.213,0.13,0.717,0.572,0.767,0.278,0.84,0.763,0.834,0.701,0.424,0.512,0.811,none,P023,2025-03-01
H01615,39,35-44,Ealing,foodies,fitness,0.311,0.258,0.415,0.339,0.737,0.626,0.988,0.667,0.329,0.331,0.948,0.562,0.79,0.59,1.0,0.548,vegetarian,P023,2025-03-01
H01616,39,35-44,Newham,families,young_professionals,0.204,0.489,0.407,0.783,0.466,0.709,0.312,0.583,0.625,0.609,0.636,0.242,0.779,0.762,0.329,0.236,vegan,P023,2025-03-01
H01617,24,18-24,Croydon,young_professionals,foodies,0.375,0.942,0.229,0.376,0.394,0.558,0.658,0.679,0.45,0.901,0.589,0.68,0.673,0.44,0.668,0.616,dairy_free,P023,2025-03-01
H01618,44,35-44,Southwark,foodies,families,0.357,0.311,0.196,0.42,0.728,0.579,0.894,0.723,0.169,0.553,0.747,0.72,0.715,0.393,0.823,0.337,dairy_free,P023,2025-03-01
H01619,34,25-34,Hammersmith and Fulham,families,young_professionals,0.325,0.371,0.366,0.893,0.06,0.627,0.491,0.492,0.718,0.555,0.481,0.434,0.51,0.773,0.525,0.149,none,P023,2025-03-01
H01620,40,35-44,Bromley,families,foodies,0.412,0.185,0.489,0.778,0.527,0.614,0.422,0.396,0.591,0.47,0.801,0.509,0.247,0.786,0.583,0.264,none,P023,2025-03-01
H01621,38,35-44,Ealing,families,fitness,0.48,0.315,0.519,0.724,0.266,0.713,0.436,0.453,0.672,0.802,0.774,0.321,0.658,0.97,0.359,0.47,dairy_free,P023,2025-03-01
H01622,18,18-24,Ealing,students,foodies,0.841,0.259,0.291,0.251,0.497,0.462,0.79,0.92,0.924,0.653,0.449,0.735,0.736,0.74,0.482,0.612,dairy_free,P023,2025-03-01
H01623,26,25-34,Barnet,young_professionals,foodies,0.208,0.775,0.236,0.098,0.474,0.639,0.833,0.729,0.238,1.0,0.467,0.621,0.744,0.604,0.61,0.582,none,P023,2025-03-01
H01624,22,18-24,Redbridge,foodies,students,0.485,0.333,0.467,0.386,0.825,0.68,0.605,0.593,0.29,0.336,0.662,0.759,0.639,0.624,0.946,0.46,none,P023,2025-03-01
H01625,39,35-44,Barking and Dagenham,foodies,students,0.322,0.224,0.279,0.257,0.859,0.781,1.0,0.497,0.32,0.372,0.727,0.63,0.658,0.825,0.9,0.441,nut_allergy,P023,2025-03-01
H01626,41,35-44,Ealing,foodies,fitness,0.142,0.223,0.368,0.303,0.827,0.496,0.991,0.66,0.088,0.21,0.786,0.634,0.638,0.729,0.844,0.345,none,P023,2025-03-01
H01627,18,18-24,Wandsworth,students,foodies,0.792,0.042,0.253,0.408,0.411,0.539,0.704,0.773,0.934,0.558,0.557,0.764,0.794,0.678,0.569,0.43,none,P023,2025-03-01
H01628,35,35-44,Haringey,foodies,young_professionals,0.251,0.484,0.344,0.311,0.909,0.559,0.717,0.372,0.206,0.402,0.88,0.686,0.574,0.506,1.0,0.243,none,P023,2025-03-01
H01629,44,35-44,Tower Hamlets,fitness,families,0.357,0.249,0.762,0.436,0.202,0.998,0.628,0.571,0.538,0.548,0.702,0.852,0.176,0.512,0.266,0.971,nut_allergy,P023,2025-03-01
H01630,37,35-44,Redbridge,families,young_professionals,0.151,0.379,0.257,0.747,0.145,0.621,0.352,0.54,0.563,0.916,0.646,0.497,0.742,0.711,0.534,0.285,none,P023,2025-03-01
H01631,29,25-34,Wandsworth,young_professionals,families,0.402,0.678,0.177,0.413,0.153,0.602,0.762,0.489,0.44,0.862,0.463,0.585,0.606,0.551,0.601,0.583,none,P023,2025-03-01
H01632,35,35-44,Islington,foodies,students,0.487,0.0,0.393,0.283,0.945,0.605,0.801,0.644,0.459,0.253,0.769,0.753,0.664,0.763,0.898,0.386,vegetarian|dairy_free,P023,2025-03-01
H01633,33,25-34,Hounslow,foodies,students,0.395,0.205,0.198,0.369,0.9,0.724,0.792,0.68,0.327,0.331,0.573,0.465,0.656,0.424,0.909,0.486,dairy_free,P023,2025-03-01
H01634,29,25-34,Ealing,young_professionals,fitness,0.14,0.749,0.376,0.087,0.187,0.634,0.65,0.586,0.444,0.831,0.806,0.704,0.685,0.606,0.768,0.553,dairy_free,P023,2025-03-01
H01635,51,45+,Haringey,foodies,families,0.354,0.116,0.27,0.5,0.845,0.478,0.917,0.648,0.299,0.225,0.65,0.713,0.606,0.351,0.996,0.295,vegan,P023,2025-03-01
H01636,37,35-44,Islington,families,students,0.308,0.129,0.176,0.907,0.128,0.69,0.407,0.64,0.815,0.586,0.514,0.468,0.669,0.638,0.436,0.201,none,P023,2025-03-01
H01637,28,25-34,Camden,young_professionals,fitness,0.122,0.725,0.371,0.083,0.304,0.581,0.634,0.605,0.439,0.987,0.696,0.867,0.67,0.412,0.508,0.657,none,P023,2025-03-01
H01638,32,25-34,Greenwich,young_professionals,families,0.382,0.838,0.02,0.5,0.065,0.651,0.589,0.689,0.298,0.912,0.512,0.76,0.64,0.689,0.629,0.578,none,P023,2025-03-01
H01639,49,45+,Ealing,families,students,0.411,0.291,0.175,0.779,0.402,0.826,0.4,0.528,0.673,0.822,0.508,0.337,0.911,0.581,0.536,0.384,vegetarian|gluten_free,P023,2025-03-01
H01640,29,25-34,Ealing,young_professionals,fitness,0.288,0.744,0.372,0.3,0.29,0.686,0.684,0.712,0.315,1.0,0.69,0.74,0.706,0.639,0.44,0.851,none,P023,2025-03-01
H01641,18,18-24,Greenwich,students,fitness,0.891,0.332,0.372,0.304,0.15,0.722,0.788,0.812,0.832,0.655,0.345,0.795,0.598,0.858,0.445,0.565,vegan|dairy_free,P023,2025-03-01
H01642,43,35-44,Ealing,foodies,students,0.481,0.296,0.165,0.439,0.726,0.672,1.0,0.574,0.197,0.204,0.843,0.514,0.745,0.693,0.89,0.38,dairy_free,P023,2025-03-01
H01643,34,25-34,Ealing,families,fitness,0.164,0.265,0.492,0.793,0.285,0.79,0.256,0.417,0.643,0.721,0.612,0.46,0.623,0.865,0.682,0.385,none,P023,2025-03-01
H01644,25,25-34,Ealing,foodies,students,0.538,0.374,0.32,0.313,0.912,0.594,0.733,0.609,0.456,0.272,0.758,0.67,0.813,0.553,0.846,0.468,gluten_free,P023,2025-03-01
H01645,29,25-34,Ealing,families,fitness,0.576,0.439,0.583,0.88,0.402,0.779,0.227,0.278,0.759,0.708,0.599,0.619,0.655,0.674,0.654,0.439,none,P023,2025-03-01
H01646,35,35-44,Ealing,families,foodies,0.297,0.356,0.253,0.905,0.413,0.632,0.516,0.512,0.612,0.784,0.78,0.425,0.599,0.812,0.427,0.562,none,P023,2025-03-01
H01647,29,25-34,Croydon,foodies,students,0.398,0.18,0.345,0.384,0.805,0.673,0.952,0.563,0.348,0.309,0.796,0.707,0.985,0.56,0.933,0.322,none,P023,2025-03-01
H01648,20,18-24,Ealing,students,young_professionals,0.777,0.411,0.344,0.256,0.226,0.479,0.777,0.821,0.841,0.802,0.591,0.824,0.661,0.584,0.502,0.434,vegetarian,P023,2025-03-01
H01649,27,25-34,Tower Hamlets,young_professionals,foodies,0.208,0.91,0.339,0.359,0.396,0.567,0.736,0.553,0.371,0.633,0.56,0.878,0.632,0.538,0.633,0.53,none,P023,2025-03-01
H01650,26,25-34,Bromley,young_professionals,fitness,0.263,0.854,0.462,0.301,0.384,0.4,0.519,0.585,0.545,0.929,0.488,0.52,0.856,0.486,0.702,0.753,none,organic,2025-03-01
H01651,21,18-24,Kensington and Chelsea,foodies,fitness,0.124,0.156,0.294,0.183,0.81,0.467,0.846,0.623,0.307,0.194,0.795,0.644,0.927,0.671,1.0,0.287,none,organic,2025-03-02
H01652,27,25-34,Waltham Forest,foodies,students,0.464,0.114,0.305,0.076,0.932,0.674,0.967,0.471,0.291,0.357,0.733,0.563,0.742,0.529,0.965,0.394,none,organic,2025-03-02
H01653,28,25-34,Camden,young_professionals,students,0.408,0.811,0.054,0.371,0.348,0.833,0.817,0.584,0.394,0.774,0.632,0.667,0.399,0.494,0.712,0.815,none,organic,2025-03-03
H01654,41,35-44,Kensington and Chelsea,fitness,students,0.52,0.24,0.785,0.204,0.275,0.897,0.69,0.507,0.641,0.65,0.655,0.815,0.691,0.209,0.405,0.996,none,organic,2025-03-03
H01655,32,25-34,Redbridge,young_professionals,fitness,0.249,0.854,0.372,0.276,0.336,0.515,0.685,0.561,0.595,0.899,0.501,0.751,0.653,0.563,0.526,0.569,none,organic,2025-03-04
H01656,47,45+,Lewisham,foodies,families,0.234,0.307,0.293,0.609,0.918,0.362,0.934,0.816,0.301,0.372,0.832,0.683,0.839,0.653,1.0,0.479,none,organic,2025-03-04
H01657,18,18-24,Enfield,students,families,0.862,0.341,0.343,0.421,0.254,0.448,0.716,0.73,0.722,0.747,0.59,0.724,0.792,0.723,0.667,0.649,none,organic,2025-03-05
H01658,38,35-44,Lambeth,families,foodies,0.277,0.219,0.223,0.901,0.363,0.621,0.44,0.252,0.649,0.675,0.602,0.384,0.688,0.778,0.31,0.448,none,organic,2025-03-06
H01659,28,25-34,Newham,young_professionals,fitness,0.144,0.915,0.572,0.16,0.182,0.658,0.757,0.741,0.246,1.0,0.652,0.698,0.637,0.628,0.628,0.68,vegetarian,organic,2025-03-06
H01660,30,25-34,Lewisham,foodies,young_professionals,0.303,0.651,0.397,0.211,0.785,0.781,0.922,0.643,0.483,0.332,0.705,0.657,0.537,0.626,0.944,0.375,none,organic,2025-03-06
H01661,31,25-34,Barnet,foodies,fitness,0.198,0.0,0.431,0.309,0.897,0.504,0.881,0.678,0.368,0.198,0.836,0.667,0.784,0.662,0.749,0.424,none,organic,2025-03-07
H01662,22,18-24,Islington,students,foodies,0.777,0.24,0.183,0.127,0.432,0.212,0.878,0.916,0.875,0.711,0.456,0.669,1.0,0.965,0.484,0.322,none,organic,2025-03-07
H01663,39,35-44,Southwark,foodies,families,0.219,0.277,0.232,0.51,0.879,0.615,0.878,0.505,0.263,0.286,0.596,0.824,0.754,0.554,0.893,0.349,none,organic,2025-03-07
H01664,34,25-34,Redbridge,families,fitness,0.202,0.202,0.496,0.795,0.091,0.703,0.444,0.298,0.658,0.722,0.587,0.675,0.568,0.566,0.286,0.256,none,organic,2025-03-08
H01665,27,25-34,Camden,young_professionals,foodies,0.103,0.844,0.191,0.095,0.245,0.47,0.765,0.665,0.704,0.856,0.459,0.598,0.612,0.25,0.438,0.725,none,organic,2025-03-08
H01666,35,35-44,Hackney,fitness,young_professionals,0.344,0.464,0.828,0.218,0.054,0.888,0.443,0.592,0.509,0.718,0.784,0.748,0.331,0.355,0.583,0.979,none,P024,2025-03-09
H01667,40,35-44,Hillingdon,families,fitness,0.26,0.198,0.297,0.865,0.206,0.748,0.405,0.399,0.491,0.801,0.459,0.49,0.645,0.91,0.721,0.239,none,P024,2025-03-09
H01668,22,18-24,Barnet,students,fitness,0.798,0.298,0.39,0.115,0.151,0.354,0.685,0.868,0.999,0.741,0.731,0.738,0.513,0.762,0.381,0.716,none,P024,2025-03-09
H01669,23,18-24,Hackney,young_professionals,foodies,0.503,0.692,0.251,0.288,0.509,0.522,0.619,0.721,0.386,0.698,0.612,0.688,0.506,0.559,0.692,0.652,none,P024,2025-03-09
H01670,40,35-44,Westminster,foodies,students,0.632,0.516,0.149,0.429,0.758,0.649,0.727,0.43,0.315,0.367,0.566,0.697,0.83,0.574,0.957,0.469,none,P024,2025-03-09
H01671,30,25-34,Hackney,families,foodies,0.164,0.241,0.171,0.761,0.395,0.772,0.368,0.525,0.648,0.999,0.574,0.638,0.557,0.81,0.565,0.239,vegetarian,P024,2025-03-09
H01672,44,35-44,Enfield,families,fitness,0.025,0.246,0.496,0.76,0.488,0.51,0.443,0.265,0.819,0.757,0.547,0.536,0.504,0.767,0.357,0.512,none,P024,2025-03-09
H01673,33,25-34,Southwark,families,fitness,0.22,0.244,0.747,0.814,0.177,0.684,0.44,0.309,0.68,0.77,0.477,0.548,0.674,0.815,0.482,0.481,none,P024,2025-03-09
H01674,31,25-34,Hackney,foodies,students,0.516,0.134,0.045,0.17,0.953,0.795,0.885,0.467,0.546,0.389,0.83,0.852,0.774,0.717,0.957,0.488,none,P024,2025-03-09
H01675,29,25-34,Hounslow,young_professionals,families,0.24,1.0,0.375,0.423,0.396,0.801,0.623,0.74,0.451,0.845,0.47,0.859,0.495,0.377,0.739,0.865,none,P024,2025-03-09
H01676,24,18-24,Hackney,students,fitness,0.75,0.286,0.5,0.275,0.378,0.64,0.794,0.654,0.889,0.617,0.559,0.588,0.606,0.478,0.47,0.274,dairy_free,P024,2025-03-09
H01677,28,25-34,Islington,foodies,families,0.137,0.29,0.176,0.328,0.842,0.538,0.922,0.573,0.303,0.415,0.7,0.602,0.642,0.539,0.971,0.356,none,P024,2025-03-09
H01678,26,25-34,Hackney,students,fitness,0.989,0.344,0.456,0.26,0.151,0.352,0.701,0.92,0.968,0.681,0.727,0.681,0.869,0.776,0.682,0.64,vegetarian,P024,2025-03-09
H01679,38,35-44,Barking and Dagenham,families,fitness,0.191,0.095,0.346,0.843,0.22,0.606,0.428,0.362,0.644,0.965,0.473,0.232,0.515,0.509,0.386,0.247,none,P024,2025-03-09
H01680,18,18-24,Hackney,students,foodies,0.878,0.019,0.281,0.251,0.424,0.533,0.782,0.823,0.896,0.741,0.753,0.671,0.706,0.697,0.497,0.295,none,P024,2025-03-09
H01681,27,25-34,Westminster,young_professionals,fitness,0.328,0.83,0.35,0.0,0.089,0.579,0.722,0.684,0.465,0.609,0.608,0.732,0.754,0.637,0.629,0.688,none,P024,2025-03-09
H01682,39,35-44,Hillingdon,families,students,0.622,0.206,0.122,0.653,0.244,0.662,0.422,0.336,0.787,0.641,0.5,0.704,0.477,0.671,0.35,0.251,nut_allergy,P024,2025-03-09
H01683,42,35-44,Hackney,families,students,0.297,0.251,0.114,0.909,0.068,0.789,0.248,0.365,0.653,0.815,0.407,0.674,0.667,0.96,0.495,0.284,none,P024,2025-03-09
H01684,34,25-34,Islington,families,fitness,0.0,0.026,0.339,0.828,0.105,0.737,0.222,0.47,0.598,0.733,0.664,0.51,0.732,0.906,0.289,0.089,none,P024,2025-03-09
H01685,34,25-34,Hackney,young_professionals,fitness,0.338,0.926,0.434,0.431,0.254,0.823,0.611,0.687,0.508,0.845,0.667,0.789,0.546,0.614,0.535,0.859,none,P024,2025-03-09
H01686,26,25-34,Hackney,young_professionals,students,0.351,0.783,0.339,0.266,0.176,0.647,0.636,0.541,0.447,0.846,0.558,0.643,0.603,0.494,0.527,0.683,none,P024,2025-03-09
H01687,48,45+,Hillingdon,families,young_professionals,0.215,0.551,0.334,0.823,0.369,0.678,0.397,0.325,0.726,0.74,0.53,0.418,0.71,0.791,0.529,0.596,none,P024,2025-03-09
H01688,22,18-24,Westminster,students,foodies,0.875,0.141,0.336,0.0,0.341,0.353,0.804,0.811,0.864,0.654,0.549,0.861,0.806,0.746,0.552,0.553,vegan,P024,2025-03-09
H01689,39,35-44,Hackney,families,foodies,0.388,0.233,0.129,0.763,0.526,0.62,0.504,0.563,0.753,0.754,0.559,0.501,0.736,0.645,0.481,0.316,vegan,P024,2025-03-09
H01690,43,35-44,Hackney,families,young_professionals,0.205,0.455,0.062,0.857,0.281,0.592,0.576,0.336,0.724,0.807,0.521,0.666,0.665,0.725,0.665,0.228,none,P024,2025-03-09
H01691,32,25-34,Southwark,young_professionals,families,0.348,0.78,0.262,0.47,0.336,0.654,0.624,0.548,0.637,0.746,0.545,0.795,0.624,0.619,0.424,0.625,vegetarian,P024,2025-03-09
H01692,32,25-34,Hackney,young_professionals,foodies,0.214,0.863,0.332,0.103,0.493,0.52,0.74,0.704,0.547,0.875,0.713,0.916,0.681,0.588,0.533,0.531,vegetarian|gluten_free,P024,2025-03-09
H01693,38,35-44,Southwark,foodies,young_professionals,0.211,0.544,0.266,0.18,0.976,0.492,0.733,0.61,0.373,0.502,0.561,0.491,0.686,0.935,1.0,0.445,dairy_free,P024,2025-03-09
H01694,31,25-34,Westminster,fitness,students,0.285,0.26,0.961,0.188,0.153,0.998,0.442,0.534,0.664,0.553,0.672,0.821,0.437,0.286,0.605,0.898,none,P024,2025-03-09
H01695,21,18-24,Haringey,students,families,0.909,0.259,0.0,0.377,0.138,0.302,0.861,0.637,1.0,0.742,0.53,0.741,0.788,0.702,0.486,0.638,none,P024,2025-03-09
H01696,21,18-24,Camden,foodies,young_professionals,0.011,0.385,0.237,0.172,0.818,0.697,0.857,0.635,0.287,0.354,0.759,0.597,0.552,0.692,1.0,0.599,none,P024,2025-03-09
H01697,18,18-24,Southwark,students,fitness,0.919,0.212,0.51,0.258,0.196,0.361,0.706,0.628,0.929,0.636,0.518,0.817,0.803,0.748,0.684,0.408,vegetarian,organic,2025-03-09
H01698,40,35-44,Newham,families,foodies,0.201,0.353,0.317,0.729,0.455,0.759,0.434,0.322,0.705,0.81,0.604,0.565,0.607,0.853,0.594,0.393,gluten_free,organic,2025-03-09
H01699,30,25-34,Westminster,young_professionals,families,0.362,0.855,0.319,0.487,0.399,0.724,0.768,0.656,0.319,0.774,0.646,0.698,0.897,0.358,0.589,0.456,none,organic,2025-03-09
H01700,20,18-24,Islington,students,foodies,0.783,0.154,0.261,0.369,0.468,0.628,0.879,0.807,1.0,0.961,0.648,0.469,0.555,0.785,0.342,0.463,none,organic,2025-03-10
H01701,32,25-34,Croydon,foodies,fitness,0.057,0.141,0.438,0.156,0.855,0.663,0.738,0.572,0.48,0.349,0.677,0.477,0.647,0.695,1.0,0.556,none,organic,2025-03-10
H01702,35,35-44,Lewisham,young_professionals,students,0.394,0.765,0.0,0.079,0.27,0.414,0.671,0.55,0.445,0.816,0.581,0.784,0.883,0.681,0.564,0.587,none,organic,2025-03-10
H01703,22,18-24,Wandsworth,young_professionals,foodies,0.101,0.915,0.407,0.095,0.409,0.517,0.684,0.542,0.575,0.899,0.6,0.884,0.743,0.667,0.667,0.82,none,organic,2025-03-11
H01704,20,18-24,Tower Hamlets,students,young_professionals,0.977,0.309,0.249,0.156,0.107,0.416,0.745,0.85,0.768,0.677,0.548,0.773,0.694,0.72,0.538,0.35,none,organic,2025-03-11
H01705,20,18-24,Bromley,students,families,0.875,0.278,0.36,0.404,0.305,0.36,0.753,0.864,1.0,0.719,0.759,0.506,0.489,0.568,0.264,0.398,none,organic,2025-03-12
H01706,31,25-34,Islington,young_professionals,families,0.188,0.921,0.12,0.439,0.0,0.59,0.628,0.792,0.454,0.933,0.447,0.718,0.55,0.485,0.876,0.742,none,organic,2025-03-12
H01707,21,18-24,Wandsworth,foodies,fitness,0.21,0.326,0.457,0.378,0.927,0.486,0.809,0.81,0.213,0.359,0.501,0.812,0.799,0.812,0.828,0.551,none,organic,2025-03-14
H01708,24,18-24,Wandsworth,fitness,young_professionals,0.317,0.421,0.927,0.132,0.328,0.947,0.44,0.671,0.548,0.472,0.662,0.519,0.332,0.291,0.29,0.984,none,organic,2025-03-15
H01709,29,25-34,Tower Hamlets,young_professionals,students,0.328,0.808,0.157,0.203,0.262,0.522,0.695,0.783,0.284,0.985,0.65,0.696,0.366,0.775,0.559,0.726,none,organic,2025-03-16
H01710,32,25-34,Haringey,young_professionals,students,0.538,0.727,0.275,0.341,0.465,0.63,0.654,0.623,0.492,0.753,0.682,0.552,0.929,0.726,0.612,0.71,none,organic,2025-03-17
H01711,44,35-44,Haringey,families,fitness,0.289,0.197,0.471,0.819,0.294,0.585,0.305,0.381,0.755,0.699,0.415,0.555,0.521,0.785,0.626,0.337,none,organic,2025-03-18
H01712,28,25-34,Hammersmith and Fulham,young_professionals,foodies,0.08,0.817,0.034,0.0,0.086,0.623,0.866,0.821,0.355,0.749,0.535,0.781,0.82,0.42,0.59,0.634,none,organic,2025-03-19
H01713,27,25-34,Kingston upon Thames,young_professionals,fitness,0.124,0.902,0.429,0.355,0.267,0.672,0.633,0.563,0.501,0.993,0.69,0.608,0.569,0.42,0.77,0.643,none,organic,2025-03-19
H01714,18,18-24,Redbridge,students,fitness,0.859,0.297,0.33,0.171,0.293,0.445,0.7,0.808,0.899,0.645,0.514,0.667,0.713,0.513,0.602,0.517,gluten_free,organic,2025-03-19
H01715,39,35-44,Hillingdon,families,young_professionals,0.363,0.411,0.326,0.879,0.115,0.567,0.258,0.392,0.6,0.725,0.616,0.611,0.472,0.501,0.384,0.308,none,organic,2025-03-19
H01716,48,45+,Merton,foodies,families,0.452,0.292,0.105,0.48,0.861,0.676,0.685,0.636,0.25,0.293,0.726,0.566,0.786,0.455,0.732,0.382,none,organic,2025-03-20
H01717,19,18-24,Haringey,students,foodies,0.851,0.163,0.498,0.171,0.516,0.374,0.637,0.711,0.739,0.708,0.565,0.602,0.648,0.563,0.366,0.596,none,organic,2025-03-20
H01718,19,18-24,Enfield,students,foodies,0.958,0.214,0.194,0.0,0.404,0.348,0.811,0.839,0.855,0.695,0.337,0.667,0.753,0.7,0.347,0.716,none,organic,2025-03-22
H01719,30,25-34,Southwark,foodies,young_professionals,0.225,0.247,0.147,0.191,1.0,0.64,0.919,0.698,0.249,0.351,0.503,0.669,0.45,0.448,1.0,0.554,none,organic,2025-03-22
H01720,24,18-24,Ealing,students,families,0.773,0.288,0.263,0.353,0.226,0.516,0.807,0.862,0.929,0.487,0.478,0.667,0.849,0.692,0.567,0.722,dairy_free,organic,2025-03-22
H01721,18,18-24,Enfield,students,fitness,0.83,0.217,0.45,0.332,0.253,0.433,0.651,0.811,0.991,0.693,0.446,0.781,0.963,0.757,0.354,0.677,none,organic,2025-03-22
H01722,47,45+,Ealing,families,fitness,0.451,0.326,0.482,0.811,0.318,0.698,0.333,0.402,0.739,0.8,0.517,0.487,0.544,0.793,0.487,0.243,none,organic,2025-03-23
H01723,23,18-24,Brent,students,young_professionals,0.881,0.312,0.169,0.252,0.183,0.398,1.0,0.703,0.798,0.607,0.674,0.667,0.705,0.97,0.141,0.587,vegan,organic,2025-03-23
H01724,33,25-34,Hammersmith and Fulham,young_professionals,fitness,0.12,0.756,0.635,0.172,0.337,0.588,0.705,0.69,0.53,0.787,0.66,0.549,0.674,0.46,0.58,0.712,vegetarian,organic,2025-03-23
H01725,20,18-24,Enfield,students,families,0.769,0.166,0.232,0.293,0.192,0.339,0.719,0.868,0.77,0.631,0.683,0.716,0.827,0.619,0.369,0.669,none,organic,2025-03-24
H01726,33,25-34,Tower Hamlets,young_professionals,families,0.355,1.0,0.541,0.551,0.334,0.552,0.59,0.634,0.526,0.836,0.51,0.744,0.512,0.486,0.384,0.667,none,organic,2025-03-25
H01727,32,25-34,Newham,foodies,families,0.357,0.244,0.376,0.442,0.895,0.838,0.846,0.706,0.404,0.475,0.713,0.712,0.722,0.582,0.942,0.235,none,organic,2025-03-25
H01728,38,35-44,Greenwich,fitness,students,0.469,0.046,0.915,0.237,0.156,1.0,0.533,0.399,0.524,0.633,0.649,0.693,0.426,0.367,0.498,0.905,vegan,organic,2025-03-25
H01729,22,18-24,Merton,young_professionals,foodies,0.273,0.839,0.461,0.3,0.593,0.54,0.849,0.601,0.336,0.853,0.54,0.72,0.596,0.448,0.404,0.748,none,organic,2025-03-27
H01730,47,45+,Redbridge,foodies,students,0.449,0.251,0.295,0.064,0.903,0.544,0.918,0.624,0.236,0.388,0.669,0.648,0.629,0.543,1.0,0.509,none,organic,2025-03-28
H01731,20,18-24,Islington,students,families,0.795,0.0,0.408,0.51,0.249,0.541,0.737,1.0,0.799,0.841,0.478,0.548,0.747,0.608,0.493,0.668,vegan,organic,2025-03-28
H01732,21,18-24,Croydon,foodies,families,0.245,0.204,0.337,0.554,0.813,0.673,0.877,0.473,0.433,0.38,0.871,0.748,0.794,0.874,1.0,0.243,vegetarian,organic,2025-03-28
H01733,29,25-34,Barking and Dagenham,young_professionals,families,0.153,0.745,0.301,0.373,0.174,0.659,0.808,0.673,0.339,1.0,0.644,0.807,0.671,0.345,0.495,0.846,none,organic,2025-03-30
H01734,35,35-44,Sutton,families,students,0.364,0.347,0.336,0.836,0.327,0.802,0.169,0.42,0.682,0.826,0.478,0.475,0.492,0.7,0.576,0.399,none,organic,2025-03-30
H01735,44,35-44,Richmond upon Thames,families,foodies,0.233,0.415,0.342,0.798,0.57,0.579,0.328,0.247,0.547,0.725,0.589,0.299,0.654,0.692,0.547,0.378,none,organic,2025-03-30
H01736,22,18-24,Bexley,students,fitness,0.931,0.205,0.547,0.281,0.241,0.434,0.652,0.701,0.815,0.811,0.555,0.795,0.768,0.618,0.493,0.624,none,organic,2025-03-31
H01737,21,18-24,Lewisham,students,fitness,0.755,0.19,0.421,0.28,0.102,0.597,0.833,0.86,0.925,0.727,0.658,0.596,0.718,0.621,0.476,0.632,none,organic,2025-03-31
H01738,35,35-44,Barnet,young_professionals,fitness,0.281,0.889,0.52,0.422,0.218,0.765,0.84,0.542,0.461,0.811,0.576,0.876,0.732,0.36,0.735,0.595,nut_allergy,organic,2025-03-31
H01739,33,25-34,Lewisham,young_professionals,students,0.327,0.939,0.251,0.203,0.318,0.67,0.745,0.584,0.307,0.867,0.566,0.697,0.587,0.537,0.604,0.583,none,organic,2025-03-31
H01740,25,25-34,Bexley,fitness,foodies,0.426,0.19,0.661,0.424,0.493,0.97,0.605,0.606,0.583,0.837,0.738,0.619,0.483,0.431,0.385,0.976,gluten_free,organic,2025-04-01
H01741,18,18-24,Hillingdon,students,young_professionals,0.903,0.412,0.371,0.311,0.336,0.566,0.779,0.942,0.851,0.691,0.398,0.585,0.705,0.807,0.39,0.419,vegan,organic,2025-04-03
H01742,31,25-34,Tower Hamlets,young_professionals,foodies,0.351,0.768,0.384,0.271,0.458,0.635,0.501,0.715,0.339,0.782,0.91,0.807,0.665,0.52,0.747,0.516,none,organic,2025-04-03
H01743,22,18-24,Camden,young_professionals,fitness,0.184,0.773,0.311,0.024,0.31,0.472,0.619,0.787,0.44,0.764,0.631,0.692,0.564,0.499,0.714,0.645,vegetarian,organic,2025-04-05
H01744,23,18-24,Bromley,foodies,fitness,0.326,0.337,0.418,0.328,0.789,0.631,1.0,0.556,0.473,0.299,0.633,0.505,0.866,0.78,0.837,0.318,none,organic,2025-04-06
H01745,29,25-34,Newham,foodies,students,0.422,0.1,0.314,0.302,0.71,0.45,0.985,0.798,0.22,0.253,0.789,0.728,0.546,0.557,1.0,0.63,vegan,organic,2025-04-07
H01746,21,18-24,Tower Hamlets,students,fitness,0.843,0.31,0.37,0.249,0.269,0.436,0.709,0.928,0.868,0.746,0.316,0.518,1.0,0.756,0.33,0.579,vegetarian,P025,2025-04-09
H01747,18,18-24,Barnet,students,fitness,0.848,0.238,0.468,0.37,0.396,0.449,0.734,0.925,1.0,0.637,0.374,0.615,0.642,0.85,0.56,0.426,none,P025,2025-04-09
H01748,23,18-24,Tower Hamlets,young_professionals,fitness,0.32,0.727,0.418,0.375,0.392,0.542,0.806,0.648,0.422,0.986,0.47,0.922,0.573,0.569,0.621,0.599,gluten_free,P025,2025-04-09
H01749,25,25-34,Camden,young_professionals,students,0.594,0.839,0.474,0.454,0.354,0.751,0.437,0.67,0.427,0.866,0.486,0.792,0.675,0.881,0.616,0.812,none,P025,2025-04-09
H01750,24,18-24,Tower Hamlets,students,families,0.787,0.34,0.343,0.556,0.338,0.342,0.794,0.719,0.872,0.646,0.702,0.748,0.901,1.0,0.456,0.73,none,P025,2025-04-09
H01751,34,25-34,Tower Hamlets,young_professionals,families,0.179,0.781,0.381,0.404,0.109,0.618,0.753,0.697,0.373,0.809,0.693,0.685,0.603,0.369,0.597,0.691,dairy_free,P025,2025-04-09
H01752,33,25-34,Tower Hamlets,young_professionals,fitness,0.139,0.907,0.418,0.013,0.288,0.376,0.815,0.69,0.447,0.652,0.57,0.645,0.504,0.534,0.536,0.594,nut_allergy,P025,2025-04-09
H01753,27,25-34,Camden,young_professionals,families,0.207,0.967,0.263,0.388,0.144,0.559,0.694,0.668,0.527,0.708,0.539,0.947,0.654,0.733,0.958,0.591,none,P025,2025-04-09
H01754,31,25-34,Tower Hamlets,foodies,fitness,0.465,0.486,0.641,0.294,0.793,0.526,0.927,0.637,0.295,0.537,0.907,0.568,0.893,0.811,0.935,0.405,none,P025,2025-04-09
H01755,19,18-24,Tower Hamlets,students,young_professionals,0.789,0.498,0.366,0.217,0.161,0.464,0.853,0.884,0.76,0.592,0.527,0.743,0.914,0.758,0.654,0.465,none,P025,2025-04-09
H01756,20,18-24,Tower Hamlets,students,young_professionals,0.825,0.474,0.0,0.224,0.472,0.49,0.745,0.89,1.0,0.696,0.502,0.906,0.718,0.893,0.482,0.769,none,P025,2025-04-09
H01757,23,18-24,Redbridge,students,fitness,0.947,0.317,0.532,0.032,0.36,0.422,0.699,0.847,1.0,0.733,0.684,0.889,0.68,0.783,0.399,0.372,none,P025,2025-04-09
H01758,18,18-24,Tower Hamlets,students,foodies,0.819,0.067,0.326,0.064,0.401,0.501,0.854,0.884,0.853,0.821,0.458,0.611,0.735,0.876,0.31,0.657,none,P025,2025-04-09
H01759,27,25-34,Tower Hamlets,young_professionals,fitness,0.465,0.973,0.643,0.274,0.322,0.708,0.777,0.718,0.556,0.898,0.386,0.923,0.549,0.588,0.622,0.656,vegetarian,P025,2025-04-09
H01760,18,18-24,Tower Hamlets,students,young_professionals,0.768,0.424,0.083,0.168,0.363,0.49,0.623,0.821,0.828,0.712,0.622,0.679,0.86,0.845,0.559,0.598,none,P025,2025-04-09
H01761,22,18-24,Enfield,young_professionals,families,0.181,1.0,0.287,0.354,0.179,0.603,0.691,0.816,0.437,0.841,0.682,0.729,0.715,0.397,0.447,0.665,none,P025,2025-04-09
H01762,26,25-34,Tower Hamlets,fitness,foodies,0.318,0.331,0.768,0.222,0.332,0.852,0.41,0.449,0.487,0.853,0.657,0.54,0.485,0.209,0.349,0.829,none,P025,2025-04-09
H01763,24,18-24,Tower Hamlets,young_professionals,foodies,0.347,0.907,0.411,0.344,0.488,0.663,0.759,0.7,0.547,0.937,0.515,1.0,0.886,0.646,0.605,0.657,none,P025,2025-04-09
H01764,28,25-34,Tower Hamlets,young_professionals,fitness,0.0,0.849,0.477,0.048,0.433,0.608,0.563,0.695,0.556,0.891,0.577,1.0,0.539,0.643,0.629,0.891,nut_allergy,P025,2025-04-09
H01765,31,25-34,Haringey,young_professionals,families,0.141,0.833,0.259,0.444,0.335,0.59,0.797,0.639,0.552,0.837,0.641,0.782,0.691,0.752,0.405,0.642,none,P025,2025-04-09
H01766,27,25-34,Barking and Dagenham,young_professionals,families,0.22,0.827,0.289,0.666,0.379,0.636,0.784,0.679,0.517,0.903,0.452,0.784,0.808,0.571,0.443,0.61,none,P025,2025-04-09
H01767,36,35-44,Tower Hamlets,young_professionals,foodies,0.007,0.831,0.16,0.376,0.388,0.638,0.843,0.733,0.506,0.781,0.699,0.995,0.635,0.561,0.472,0.564,none,P025,2025-04-09
H01768,28,25-34,Haringey,young_professionals,students,0.356,0.719,0.275,0.157,0.328,0.57,0.722,0.463,0.326,0.811,0.738,0.813,0.666,0.439,0.467,0.683,none,P025,2025-04-09
H01769,22,18-24,Tower Hamlets,students,foodies,0.968,0.198,0.327,0.046,0.332,0.608,0.773,0.879,0.723,0.76,0.602,0.541,0.634,0.822,0.414,0.683,vegan|nut_allergy,P025,2025-04-09
H01770,21,18-24,Tower Hamlets,students,fitness,0.949,0.344,0.42,0.38,0.237,0.474,0.914,0.822,0.908,0.64,0.599,0.677,0.907,0.646,0.396,0.478,none,P025,2025-04-09
H01771,28,25-34,Tower Hamlets,young_professionals,families,0.218,0.798,0.163,0.379,0.379,0.777,0.921,0.62,0.362,1.0,0.504,0.627,0.529,0.534,0.362,0.478,none,P025,2025-04-09
H01772,33,25-34,Wandsworth,young_professionals,foodies,0.301,0.886,0.37,0.269,0.448,0.608,0.564,0.676,0.469,0.869,0.615,0.672,0.721,0.467,0.471,0.731,none,P025,2025-04-09
H01773,29,25-34,Newham,young_professionals,students,0.426,0.98,0.408,0.204,0.259,0.655,0.67,0.727,0.51,0.822,0.624,0.721,0.571,0.243,0.565,0.648,none,organic,2025-04-10
H01774,30,25-34,Sutton,young_professionals,foodies,0.456,0.845,0.139,0.115,0.542,0.744,0.784,0.581,0.606,0.904,0.58,0.761,0.418,0.39,0.693,0.677,none,organic,2025-04-10
H01775,41,35-44,Merton,foodies,students,0.57,0.308,0.471,0.256,0.859,0.608,0.656,0.513,0.3,0.185,0.776,0.388,0.691,0.689,1.0,0.584,none,organic,2025-04-10
H01776,28,25-34,Haringey,foodies,young_professionals,0.229,0.285,0.255,0.152,0.858,0.73,0.784,0.495,0.201,0.314,0.72,0.679,0.892,0.409,0.766,0.331,dairy_free,organic,2025-04-10
H01777,20,18-24,Enfield,students,fitness,0.8,0.283,0.34,0.089,0.304,0.432,0.694,0.589,0.859,0.731,0.675,0.326,0.906,0.822,0.431,0.458,none,organic,2025-04-10
H01778,28,25-34,Ealing,young_professionals,foodies,0.142,0.847,0.148,0.125,0.283,0.624,0.655,0.768,0.575,0.679,0.609,0.547,0.661,0.663,0.638,0.553,vegetarian|nut_allergy,organic,2025-04-10
H01779,36,35-44,Haringey,families,students,0.386,0.329,0.264,0.764,0.368,0.544,0.222,0.243,0.652,0.675,0.438,0.462,0.783,0.666,0.461,0.418,none,organic,2025-04-11
H01780,27,25-34,Tower Hamlets,fitness,young_professionals,0.511,0.566,0.765,0.271,0.338,0.87,0.749,0.736,0.363,0.733,0.466,0.761,0.351,0.373,0.389,0.929,none,organic,2025-04-11
H01781,20,18-24,Merton,students,foodies,0.969,0.204,0.223,0.297,0.311,0.676,0.743,0.838,0.909,0.728,0.474,0.711,0.615,0.792,0.503,0.526,none,organic,2025-04-11
H01782,21,18-24,Wandsworth,students,families,0.955,0.243,0.206,0.337,0.255,0.345,0.725,0.937,0.919,0.527,0.512,0.732,0.785,0.729,0.542,0.62,none,organic,2025-04-12
H01783,36,35-44,Westminster,young_professionals,families,0.252,1.0,0.263,0.55,0.353,0.676,0.743,0.564,0.316,0.805,0.753,0.964,0.457,0.712,0.819,0.8,none,organic,2025-04-12
H01784,39,35-44,Croydon,fitness,families,0.229,0.53,0.706,0.589,0.156,0.818,0.577,0.559,0.429,0.668,0.594,0.87,0.338,0.233,0.266,1.0,none,P026,2025-04-13
H01785,34,25-34,Hackney,young_professionals,families,0.145,0.857,0.339,0.485,0.463,0.438,0.76,0.871,0.246,0.772,0.609,0.935,0.555,0.621,0.57,0.963,vegetarian,P026,2025-04-13
H01786,30,25-34,Hackney,young_professionals,fitness,0.313,0.838,0.442,0.126,0.0,0.665,0.702,0.667,0.311,0.715,0.588,0.812,0.718,0.506,0.689,0.82,none,P026,2025-04-13
H01787,32,25-34,Hammersmith and Fulham,foodies,fitness,0.281,0.325,0.555,0.437,0.814,0.845,0.942,0.691,0.126,0.326,0.832,0.509,0.353,0.64,0.944,0.573,none,P026,2025-04-13
H01788,29,25-34,Hackney,young_professionals,families,0.405,0.851,0.194,0.442,0.222,0.581,0.797,0.695,0.474,0.849,0.631,0.631,0.744,0.652,0.557,0.702,none,P026,2025-04-13
H01789,30,25-34,Hackney,young_professionals,families,0.28,0.667,0.27,0.43,0.241,0.568,0.587,0.45,0.439,0.775,0.708,0.488,0.685,0.805,0.578,0.65,gluten_free,P026,2025-04-13
H01790,31,25-34,Hackney,young_professionals,foodies,0.239,0.819,0.398,0.014,0.425,0.565,0.685,0.89,0.318,0.958,0.657,0.935,0.725,0.55,0.722,0.678,none,P026,2025-04-13
H01791,43,35-44,Hackney,foodies,families,0.314,0.236,0.203,0.368,0.822,0.543,0.852,0.625,0.284,0.387,0.795,0.739,0.471,0.465,1.0,0.425,none,P026,2025-04-13
H01792,18,18-24,Hackney,students,foodies,0.841,0.256,0.325,0.305,0.37,0.509,0.709,0.825,0.742,0.698,0.404,0.761,0.616,0.77,0.488,0.559,gluten_free,P026,2025-04-13
H01793,28,25-34,Hackney,young_professionals,students,0.477,0.856,0.303,0.216,0.453,0.462,0.75,0.829,0.57,0.74,0.573,0.746,0.648,0.596,0.559,0.54,none,P026,2025-04-13
H01794,26,25-34,Havering,young_professionals,families,0.131,0.75,0.316,0.433,0.182,0.511,0.635,0.767,0.232,0.882,0.632,0.652,0.596,0.697,0.836,0.778,vegetarian,P026,2025-04-13
H01795,18,18-24,Newham,students,young_professionals,0.879,0.421,0.022,0.161,0.178,0.324,0.735,0.72,0.969,0.697,0.527,0.912,0.796,0.706,0.38,0.408,gluten_free,P026,2025-04-13
H01796,30,25-34,Hackney,young_professionals,foodies,0.013,0.865,0.223,0.135,0.306,0.628,0.708,0.53,0.434,0.846,0.628,0.788,0.563,0.642,0.663,0.563,none,P026,2025-04-13
H01797,23,18-24,Newham,young_professionals,fitness,0.331,0.857,0.513,0.137,0.418,0.656,0.689,0.505,0.395,1.0,0.583,0.859,0.752,0.496,0.446,0.512,none,P026,2025-04-13
H01798,30,25-34,Hackney,young_professionals,foodies,0.04,1.0,0.032,0.176,0.312,0.742,0.675,0.628,0.367,0.917,0.703,0.517,0.602,0.404,0.618,0.501,none,P026,2025-04-13
H01799,38,35-44,Hackney,fitness,families,0.275,0.291,0.818,0.446,0.237,1.0,0.507,0.523,0.694,0.783,0.718,0.64,0.328,0.08,0.466,0.909,none,P026,2025-04-13
H01800,34,25-34,Hackney,young_professionals,foodies,0.249,0.846,0.073,0.374,0.375,0.499,0.591,0.763,0.511,0.898,0.618,0.667,0.62,0.541,0.702,0.701,vegetarian,P026,2025-04-13
H01801,22,18-24,Greenwich,young_professionals,families,0.252,0.784,0.171,0.589,0.079,0.553,0.687,0.703,0.513,0.852,0.636,0.793,0.639,0.477,0.689,0.685,none,P026,2025-04-13
H01802,26,25-34,Hackney,fitness,families,0.228,0.27,0.874,0.78,0.0,0.903,0.556,0.596,0.519,0.592,0.882,0.743,0.491,0.239,0.373,0.922,none,P026,2025-04-13
H01803,19,18-24,Hackney,students,foodies,0.86,0.21,0.14,0.307,0.51,0.585,0.692,0.808,0.857,0.637,0.569,0.62,0.653,0.556,0.458,0.678,vegetarian,P026,2025-04-13
H01804,19,18-24,Greenwich,students,families,0.983,0.135,0.406,0.547,0.375,0.453,0.703,0.751,0.935,0.684,0.435,0.472,0.679,0.584,0.35,0.499,nut_allergy,P026,2025-04-13
H01805,38,35-44,Harrow,young_professionals,foodies,0.111,0.814,0.276,0.201,0.388,0.741,0.66,0.916,0.526,0.613,0.455,0.778,0.513,0.616,0.546,0.506,none,P026,2025-04-13
H01806,22,18-24,Southwark,young_professionals,students,0.457,0.811,0.25,0.089,0.383,0.593,0.849,0.612,0.413,0.884,0.62,0.778,0.683,0.57,0.55,0.75,none,P026,2025-04-13
H01807,32,25-34,Hackney,young_professionals,fitness,0.508,0.893,0.661,0.193,0.194,0.595,0.615,0.595,0.497,0.899,0.621,0.648,0.783,0.782,0.604,0.867,none,P026,2025-04-13
H01808,38,35-44,Hackney,young_professionals,fitness,0.371,0.956,0.426,0.235,0.361,0.675,0.734,0.568,0.383,0.896,0.683,0.834,0.569,0.532,0.459,0.483,none,P026,2025-04-13
H01809,21,18-24,Hillingdon,students,fitness,0.755,0.275,0.305,0.151,0.248,0.491,0.595,0.808,0.985,0.793,0.602,0.694,0.675,0.74,0.648,0.583,none,P026,2025-04-13
H01810,29,25-34,Havering,young_professionals,families,0.334,0.888,0.238,0.449,0.007,0.674,0.781,0.495,0.488,0.923,0.622,0.81,0.418,0.431,0.764,0.616,none,P026,2025-04-13
H01811,24,18-24,Hackney,young_professionals,students,0.535,0.898,0.429,0.256,0.317,0.566,0.826,0.719,0.539,0.855,0.768,0.785,0.571,0.653,0.711,0.726,vegetarian,P026,2025-04-13
H01812,39,35-44,Hackney,families,students,0.509,0.372,0.078,0.79,0.199,0.737,0.341,0.365,0.67,0.809,0.502,0.261,0.445,0.589,0.533,0.462,none,P026,2025-04-13
H01813,18,18-24,Hackney,students,fitness,0.914,0.208,0.739,0.508,0.555,0.606,0.714,0.728,0.752,0.724,0.673,0.854,0.915,0.8,0.461,0.704,vegetarian,P026,2025-04-13
H01814,27,25-34,Hackney,young_professionals,students,0.557,0.942,0.295,0.395,0.312,0.841,0.894,0.522,0.449,0.864,0.642,0.903,0.871,0.554,0.735,0.728,nut_allergy,P026,2025-04-13
H01815,33,25-34,Bromley,young_professionals,families,0.391,0.759,0.153,0.594,0.323,0.667,0.714,0.58,0.546,0.934,0.657,0.65,0.49,0.559,0.712,0.775,none,P026,2025-04-13
H01816,26,25-34,Southwark,young_professionals,fitness,0.297,1.0,0.466,0.228,0.241,0.557,0.668,0.642,0.512,0.861,0.661,0.702,0.695,0.559,0.433,0.708,none,P026,2025-04-13
H01817,20,18-24,Merton,students,families,0.889,0.263,0.564,0.614,0.0,0.463,0.946,0.676,0.888,0.655,0.655,0.843,0.769,0.754,0.244,0.721,none,P026,2025-04-13
H01818,21,18-24,Hackney,students,fitness,0.875,0.33,0.451,0.391,0.331,0.362,0.765,0.94,0.955,0.482,0.615,0.647,0.811,0.732,0.347,0.541,none,P026,2025-04-13
H01819,19,18-24,Harrow,students,fitness,0.791,0.41,0.466,0.387,0.203,0.574,0.856,0.854,0.753,0.761,0.562,0.655,0.913,0.732,0.386,0.685,vegetarian,P026,2025-04-13
H01820,24,18-24,Hackney,young_professionals,fitness,0.177,0.874,0.393,0.147,0.021,0.593,0.801,0.595,0.461,0.757,0.519,0.723,0.491,0.569,0.564,0.678,none,P026,2025-04-13
H01821,32,25-34,Hackney,young_professionals,fitness,0.555,0.889,0.586,0.306,0.247,0.549,0.679,0.651,0.452,0.987,0.471,0.732,0.545,0.701,0.533,0.609,none,P026,2025-04-13
H01822,34,25-34,Hackney,young_professionals,students,0.521,0.855,0.372,0.341,0.292,0.56,0.538,0.623,0.456,0.98,0.549,0.809,0.473,0.68,0.608,0.616,none,P026,2025-04-13
H01823,33,25-34,Hackney,young_professionals,fitness,0.144,0.702,0.652,0.597,0.438,0.536,0.664,0.712,0.318,1.0,0.497,0.62,0.725,0.705,0.561,0.521,none,P026,2025-04-13
H01824,22,18-24,Hammersmith and Fulham,students,families,0.791,0.364,0.355,0.424,0.239,0.332,0.706,0.913,0.787,0.805,0.409,0.51,0.571,0.764,0.538,0.705,none,P026,2025-04-13
H01825,19,18-24,Hammersmith and Fulham,students,fitness,0.696,0.418,0.513,0.145,0.494,0.495,0.756,0.894,1.0,0.713,0.468,0.563,0.954,0.938,0.556,0.557,vegetarian|dairy_free,P026,2025-04-13
H01826,27,25-34,Newham,young_professionals,families,0.304,0.861,0.281,0.532,0.462,0.624,0.647,0.649,0.435,0.78,0.785,0.693,0.379,0.764,0.498,0.758,none,P026,2025-04-13
H01827,31,25-34,Hackney,young_professionals,foodies,0.293,0.819,0.268,0.202,0.339,0.576,0.884,0.539,0.46,0.919,0.582,0.658,0.647,0.513,0.563,0.762,vegan,P026,2025-04-13
H01828,31,25-34,Hackney,young_professionals,fitness,0.35,0.746,0.496,0.257,0.423,0.473,0.629,0.714,0.398,0.816,0.526,0.89,0.754,0.492,0.682,0.621,none,P026,2025-04-13
H01829,32,25-34,Hounslow,young_professionals,fitness,0.166,0.843,0.675,0.327,0.305,0.536,0.703,0.594,0.48,0.856,0.623,0.627,0.592,0.688,0.536,0.333,none,P026,2025-04-13
H01830,50,45+,Hackney,foodies,students,0.427,0.212,0.292,0.402,0.782,0.261,0.974,0.654,0.374,0.42,0.769,0.619,0.674,0.545,0.902,0.183,none,P026,2025-04-13
H01831,27,25-34,Richmond upon Thames,families,fitness,0.0,0.25,0.281,0.974,0.0,0.603,0.296,0.418,0.575,0.788,0.495,0.562,0.658,0.679,0.254,0.32,none,P026,2025-04-13
H01832,28,25-34,Barking and Dagenham,young_professionals,foodies,0.212,0.853,0.478,0.232,0.653,0.423,0.786,0.7,0.454,1.0,0.775,0.859,0.585,0.407,0.691,0.813,none,P026,2025-04-13
H01833,20,18-24,Westminster,students,fitness,0.987,0.37,0.436,0.247,0.141,0.537,0.899,0.719,0.952,0.563,0.412,0.631,0.799,0.951,0.673,0.507,none,P026,2025-04-13
H01834,23,18-24,Hackney,students,fitness,0.823,0.275,0.311,0.283,0.269,0.638,0.787,0.758,0.837,0.705,0.605,0.671,0.574,0.661,0.452,0.639,none,P026,2025-04-13
H01835,30,25-34,Hackney,young_professionals,students,0.333,0.94,0.212,0.19,0.321,0.66,0.857,0.471,0.341,0.864,0.438,0.771,0.725,0.396,0.616,0.505,none,P026,2025-04-13
H01836,30,25-34,Hackney,young_professionals,families,0.204,0.815,0.358,0.504,0.184,0.593,0.666,0.674,0.377,0.956,0.71,0.632,0.73,0.507,0.606,0.833,none,P026,2025-04-13
H01837,22,18-24,Tower Hamlets,students,young_professionals,0.766,0.355,0.337,0.126,0.209,0.473,0.824,0.735,0.776,0.694,0.607,0.728,0.644,0.961,0.438,0.573,none,P026,2025-04-13
H01838,24,18-24,Hackney,students,families,0.931,0.347,0.127,0.464,0.414,0.331,0.713,0.747,1.0,0.564,0.494,0.723,0.902,0.836,0.644,0.591,none,P026,2025-04-13
H01839,23,18-24,Westminster,fitness,young_professionals,0.044,0.446,0.953,0.445,0.172,0.861,0.533,0.507,0.353,0.679,0.684,0.828,0.464,0.398,0.469,0.91,vegan,P026,2025-04-13
H01840,19,18-24,Newham,students,fitness,0.795,0.134,0.673,0.366,0.144,0.389,0.855,0.806,0.824,0.769,0.588,0.643,0.838,0.825,0.594,0.635,vegetarian,P026,2025-04-13
H01841,30,25-34,Brent,young_professionals,families,0.351,0.905,0.0,0.402,0.163,0.61,0.648,0.56,0.609,0.894,0.683,0.798,0.767,0.442,0.61,0.711,none,P026,2025-04-13
H01842,33,25-34,Hillingdon,fitness,students,0.201,0.121,0.796,0.184,0.0,0.951,0.499,0.33,0.451,0.693,0.597,0.723,0.482,0.319,0.428,0.799,none,P026,2025-04-13
H01843,31,25-34,Hackney,young_professionals,students,0.402,0.88,0.32,0.251,0.332,0.639,0.581,0.681,0.548,0.853,0.697,0.699,0.404,0.625,0.604,0.592,none,P026,2025-04-13
H01844,22,18-24,Hackney,students,families,0.863,0.356,0.478,0.609,0.511,0.487,0.654,0.937,0.868,0.809,0.48,0.609,0.909,0.675,0.262,0.425,none,P026,2025-04-13
H01845,32,25-34,Hackney,young_professionals,families,0.186,0.894,0.401,0.497,0.29,0.683,0.675,0.681,0.462,0.85,0.611,0.874,0.534,0.532,0.454,0.677,none,P026,2025-04-13
H01846,29,25-34,Southwark,young_professionals,fitness,0.233,0.853,0.559,0.064,0.206,0.59,0.571,0.668,0.274,0.783,0.649,0.893,0.932,0.499,0.496,0.713,nut_allergy,P026,2025-04-13
H01847,18,18-24,Kingston upon Thames,students,fitness,0.897,0.428,0.438,0.389,0.233,0.542,0.831,0.885,1.0,0.699,0.583,0.383,0.884,0.872,0.613,0.438,none,P026,2025-04-13
H01848,33,25-34,Hackney,young_professionals,foodies,0.202,0.789,0.369,0.045,0.388,0.678,0.751,0.752,0.361,0.87,0.586,0.828,0.681,0.476,0.559,0.848,none,P026,2025-04-13
H01849,24,18-24,Southwark,students,young_professionals,0.882,0.596,0.441,0.358,0.23,0.302,0.703,0.557,0.983,0.815,0.558,0.92,0.912,0.808,0.436,0.508,vegan,P026,2025-04-13
H01850,28,25-34,Hackney,young_professionals,families,0.382,0.852,0.266,0.464,0.266,0.555,0.479,0.706,0.394,0.882,0.699,0.778,0.689,0.446,0.685,0.627,none,P026,2025-04-13
H01851,36,35-44,Hackney,fitness,young_professionals,0.47,0.522,0.937,0.416,0.377,0.947,0.557,0.574,0.372,0.684,0.558,0.904,0.536,0.254,0.562,0.941,none,P026,2025-04-13
H01852,29,25-34,Hackney,young_professionals,students,0.545,0.783,0.29,0.096,0.12,0.667,0.779,0.759,0.339,0.767,0.677,0.674,0.734,0.751,0.425,0.607,none,P026,2025-04-13
H01853,35,35-44,Hackney,families,foodies,0.209,0.226,0.298,0.848,0.443,0.696,0.436,0.546,0.729,0.825,0.687,0.406,0.575,1.0,0.603,0.411,none,P026,2025-04-13
H01854,24,18-24,Hackney,young_professionals,fitness,0.203,0.825,0.363,0.245,0.314,0.512,0.72,0.774,0.294,0.794,0.425,0.677,0.659,0.642,0.346,0.716,none,P026,2025-04-13
H01855,24,18-24,Hackney,young_professionals,students,0.31,0.792,0.285,0.136,0.285,0.498,0.878,0.547,0.247,0.987,0.529,0.764,0.526,0.834,0.819,0.836,none,P026,2025-04-13
H01856,33,25-34,Hackney,young_professionals,families,0.292,0.822,0.238,0.538,0.231,0.679,0.852,0.658,0.672,0.963,0.814,0.743,0.451,0.465,0.528,0.536,vegetarian|dairy_free,P026,2025-04-13
H01857,24,18-24,Hackney,students,fitness,0.818,0.439,0.628,0.183,0.358,0.305,0.745,0.637,1.0,0.57,0.558,0.77,0.764,1.0,0.538,0.526,vegetarian,P026,2025-04-13
H01858,31,25-34,Haringey,fitness,students,0.337,0.235,0.941,0.224,0.016,0.995,0.619,0.553,0.446,0.481,0.68,0.619,0.266,0.304,0.31,0.718,none,P026,2025-04-13
H01859,33,25-34,Hackney,fitness,families,0.202,0.377,0.869,0.457,0.175,0.73,0.426,0.535,0.583,0.634,0.54,0.514,0.254,0.337,0.456,0.85,none,P026,2025-04-13
H01860,25,25-34,Hackney,young_professionals,fitness,0.241,0.926,0.529,0.32,0.03,0.685,0.538,0.725,0.49,0.755,0.729,0.803,0.808,0.423,0.648,0.543,vegan,P026,2025-04-13
H01861,23,18-24,Westminster,young_professionals,families,0.095,0.854,0.298,0.476,0.179,0.466,0.731,0.693,0.549,0.943,0.579,0.543,0.705,0.353,0.746,0.562,none,P026,2025-04-13
H01862,19,18-24,Hackney,students,foodies,0.802,0.18,0.407,0.207,0.415,0.423,0.804,0.798,0.959,0.659,0.471,0.751,0.691,0.925,0.458,0.385,none,P026,2025-04-13
H01863,24,18-24,Lambeth,students,foodies,0.892,0.291,0.344,0.287,0.429,0.561,0.908,0.816,0.803,0.612,0.688,0.477,0.931,0.655,0.681,0.542,vegan,P026,2025-04-13
H01864,26,25-34,Hackney,students,foodies,0.806,0.248,0.196,0.15,0.251,0.591,0.608,0.993,0.833,0.72,0.678,0.89,0.806,0.667,0.356,0.481,none,P026,2025-04-13
H01865,30,25-34,Camden,young_professionals,fitness,0.143,0.732,0.304,0.251,0.262,0.526,0.62,0.459,0.574,0.938,0.497,0.785,0.794,0.713,0.551,0.385,none,P026,2025-04-13
H01866,23,18-24,Hackney,students,families,0.752,0.292,0.209,0.66,0.361,0.307,0.677,0.772,0.933,0.764,0.797,0.611,0.712,0.665,0.58,0.686,none,P026,2025-04-13
H01867,19,18-24,Hillingdon,students,young_professionals,0.916,0.518,0.096,0.387,0.0,0.456,0.712,0.793,0.788,0.679,0.521,0.605,0.541,0.597,0.072,0.513,none,P026,2025-04-13
H01868,27,25-34,Hackney,families,foodies,0.336,0.282,0.123,0.772,0.458,0.625,0.586,0.501,0.531,0.711,0.797,0.382,0.608,0.898,0.578,0.446,none,P026,2025-04-13
H01869,26,25-34,Redbridge,young_professionals,families,0.365,0.986,0.228,0.522,0.243,0.373,0.799,0.645,0.357,0.943,0.345,0.664,0.614,0.652,0.869,0.621,none,P026,2025-04-13
H01870,27,25-34,Ealing,fitness,families,0.155,0.171,0.856,0.304,0.149,0.887,0.519,0.814,0.449,0.715,0.664,0.983,0.543,0.088,0.309,0.641,dairy_free,organic,2025-04-13
H01871,21,18-24,Southwark,students,fitness,0.799,0.151,0.393,0.0,0.282,0.591,0.789,0.761,0.98,0.594,0.577,0.676,0.834,0.518,0.358,0.516,dairy_free,organic,2025-04-13
H01872,27,25-34,Hackney,young_professionals,foodies,0.093,0.944,0.169,0.142,0.626,0.571,0.63,0.715,0.298,0.914,0.576,0.851,0.786,0.626,0.467,0.477,dairy_free,organic,2025-04-14
H01873,38,35-44,Islington,families,young_professionals,0.255,0.582,0.29,0.886,0.328,0.636,0.499,0.599,0.767,0.638,0.366,0.58,0.838,0.704,0.477,0.383,none,organic,2025-04-15
H01874,34,25-34,Hammersmith and Fulham,fitness,families,0.51,0.448,0.738,0.688,0.328,1.0,0.383,0.65,0.465,0.606,0.752,0.638,0.292,0.244,0.229,0.716,none,organic,2025-04-15
H01875,45,45+,Wandsworth,foodies,fitness,0.298,0.237,0.487,0.276,0.834,0.601,1.0,0.643,0.343,0.434,0.827,0.622,0.798,0.613,0.987,0.287,none,organic,2025-04-15
H01876,35,35-44,Ealing,fitness,families,0.49,0.005,0.88,0.657,0.143,0.874,0.863,0.634,0.55,0.753,0.717,0.74,0.394,0.231,0.376,1.0,none,organic,2025-04-16
H01877,35,35-44,Haringey,young_professionals,families,0.289,0.852,0.584,0.595,0.306,0.711,0.766,0.695,0.439,0.788,0.423,0.538,0.449,0.697,0.521,0.505,none,organic,2025-04-17
H01878,37,35-44,Camden,fitness,young_professionals,0.25,0.425,0.809,0.27,0.286,0.856,0.61,0.52,0.464,0.727,0.603,0.57,0.586,0.234,0.384,0.954,none,organic,2025-04-17
H01879,30,25-34,Bexley,young_professionals,families,0.284,0.758,0.246,0.433,0.213,0.702,0.88,0.68,0.59,0.869,0.742,0.491,0.516,0.505,0.706,0.737,none,organic,2025-04-17
H01880,33,25-34,Lambeth,families,students,0.44,0.434,0.325,0.885,0.379,0.73,0.219,0.124,0.571,0.757,0.751,0.544,0.778,0.845,0.256,0.363,none,organic,2025-04-17
H01881,18,18-24,Havering,students,young_professionals,0.935,0.341,0.131,0.28,0.322,0.363,0.915,0.809,0.718,0.855,0.466,0.794,0.623,0.882,0.477,0.471,gluten_free,organic,2025-04-17
H01882,29,25-34,Harrow,foodies,young_professionals,0.289,0.505,0.317,0.114,0.801,0.763,0.795,0.663,0.346,0.41,0.728,0.789,0.704,0.768,0.815,0.614,none,organic,2025-04-18
H01883,25,25-34,Wandsworth,students,fitness,1.0,0.161,0.298,0.232,0.283,0.288,0.62,0.805,0.959,0.613,0.476,0.504,0.811,0.754,0.451,0.393,dairy_free,organic,2025-04-19
H01884,19,18-24,Tower Hamlets,fitness,families,0.249,0.31,0.82,0.342,0.267,0.84,0.495,0.453,0.637,0.562,0.475,1.0,0.383,0.196,0.442,0.74,none,organic,2025-04-19
H01885,31,25-34,Bromley,fitness,young_professionals,0.329,0.425,0.754,0.301,0.407,0.762,0.461,0.603,0.557,0.638,0.493,0.683,0.182,0.401,0.303,1.0,none,organic,2025-04-19
H01886,28,25-34,Lewisham,young_professionals,students,0.404,0.938,0.144,0.398,0.391,0.607,0.764,0.43,0.436,0.788,0.719,0.719,0.657,0.526,0.647,0.654,gluten_free,organic,2025-04-20
H01887,23,18-24,Enfield,foodies,families,0.224,0.139,0.385,0.516,0.793,0.519,1.0,0.411,0.231,0.441,0.995,0.84,0.774,0.505,0.877,0.496,vegan,organic,2025-04-21
H01888,21,18-24,Wandsworth,fitness,students,0.546,0.421,0.908,0.319,0.38,0.827,0.647,0.712,0.465,0.78,0.581,0.655,0.444,0.21,0.31,1.0,none,organic,2025-04-22
H01889,26,25-34,Barnet,foodies,fitness,0.335,0.281,0.482,0.372,0.957,0.787,0.964,0.425,0.326,0.364,0.667,0.634,0.548,0.639,0.941,0.288,nut_allergy,organic,2025-04-22
H01890,29,25-34,Haringey,fitness,young_professionals,0.287,0.418,1.0,0.197,0.043,1.0,0.48,0.442,0.609,0.656,0.483,0.503,0.45,0.297,0.375,0.928,none,organic,2025-04-23
H01891,30,25-34,Southwark,young_professionals,fitness,0.317,0.967,0.541,0.12,0.237,0.606,0.697,0.708,0.453,0.945,0.676,0.491,0.661,0.524,0.633,0.621,none,organic,2025-04-23
H01892,25,25-34,Kensington and Chelsea,young_professionals,foodies,0.454,0.876,0.232,0.394,0.496,0.578,0.548,0.684,0.56,0.832,0.592,0.926,0.791,0.616,0.771,0.791,none,organic,2025-04-24
H01893,22,18-24,Tower Hamlets,young_professionals,families,0.168,0.91,0.46,0.609,0.35,0.674,0.86,0.717,0.374,0.709,0.769,0.632,0.61,0.375,0.655,0.866,none,organic,2025-04-24
H01894,31,25-34,Barnet,fitness,families,0.3,0.344,0.972,0.477,0.474,0.874,0.569,0.671,0.491,0.758,0.601,0.414,0.237,0.349,0.133,0.74,vegan|dairy_free,organic,2025-04-25
H01895,23,18-24,Barking and Dagenham,students,families,0.822,0.359,0.223,0.477,0.249,0.67,0.705,0.712,0.887,0.734,0.422,0.857,0.719,0.954,0.61,0.629,gluten_free,organic,2025-04-25
H01896,32,25-34,Westminster,foodies,families,0.151,0.21,0.216,0.251,0.916,0.573,0.874,0.577,0.405,0.358,0.915,0.798,0.688,0.716,0.804,0.389,none,organic,2025-04-25
H01897,20,18-24,Hackney,students,foodies,0.81,0.0,0.315,0.404,0.44,0.4,0.785,0.802,0.775,0.854,0.516,0.554,0.649,0.845,0.644,0.442,none,organic,2025-04-26
H01898,26,25-34,Harrow,students,fitness,0.555,0.219,0.257,0.207,0.068,0.613,0.693,0.887,0.885,0.656,0.694,0.964,0.698,0.616,0.444,0.589,none,organic,2025-04-26
H01899,42,35-44,Haringey,foodies,students,0.559,0.193,0.393,0.404,0.8,0.587,0.916,0.528,0.378,0.435,0.766,0.491,0.825,0.389,0.799,0.491,none,organic,2025-04-27
H01900,23,18-24,Lambeth,students,fitness,0.923,0.297,0.602,0.179,0.0,0.49,0.79,0.816,1.0,0.632,0.538,0.575,0.829,0.948,0.353,0.354,none,organic,2025-04-27
H01901,40,35-44,Lewisham,fitness,foodies,0.05,0.0,0.816,0.313,0.36,1.0,0.481,0.415,0.674,0.658,0.574,0.892,0.302,0.336,0.141,0.811,gluten_free|nut_allergy,organic,2025-04-27
H01902,28,25-34,Richmond upon Thames,young_professionals,foodies,0.331,0.725,0.442,0.08,0.46,0.52,0.594,0.584,0.553,0.972,0.59,0.772,0.879,0.5,0.519,0.759,none,organic,2025-04-29
H01903,25,25-34,Haringey,foodies,families,0.345,0.342,0.0,0.573,0.81,0.701,0.978,0.58,0.409,0.478,0.867,0.717,0.762,0.496,0.717,0.432,vegetarian,organic,2025-04-29
H01904,32,25-34,Waltham Forest,young_professionals,students,0.658,0.929,0.262,0.352,0.306,0.696,0.668,0.691,0.33,0.752,0.752,0.77,0.636,0.705,0.678,0.635,none,organic,2025-04-29
H01905,28,25-34,Hounslow,foodies,families,0.197,0.163,0.276,0.376,0.867,0.483,0.833,0.648,0.073,0.376,0.806,0.87,0.877,0.549,0.875,0.535,none,organic,2025-04-29
H01906,24,18-24,Redbridge,foodies,young_professionals,0.127,0.495,0.238,0.233,0.905,0.432,1.0,0.575,0.12,0.406,0.958,0.806,0.521,0.59,0.873,0.248,vegan,organic,2025-04-29
H01907,20,18-24,Tower Hamlets,students,foodies,0.863,0.19,0.074,0.176,0.262,0.484,0.632,0.639,0.853,1.0,0.549,0.801,0.892,0.713,0.628,0.609,none,organic,2025-04-30
H01908,20,18-24,Merton,students,fitness,0.894,0.225,0.384,0.259,0.156,0.573,0.851,0.79,0.802,0.722,0.546,0.751,0.616,0.668,0.553,0.569,gluten_free,organic,2025-04-30
H01909,26,25-34,Newham,foodies,students,0.54,0.488,0.143,0.164,0.89,0.676,1.0,0.477,0.425,0.414,0.661,0.708,0.723,0.629,1.0,0.617,vegetarian,organic,2025-04-30
H01910,25,25-34,Harrow,students,fitness,0.835,0.182,0.356,0.19,0.016,0.366,0.76,0.772,0.961,0.921,0.573,0.627,0.797,0.673,0.395,0.468,none,organic,2025-05-01
H01911,28,25-34,Barnet,young_professionals,foodies,0.383,1.0,0.332,0.242,0.464,0.5,0.793,0.653,0.475,0.822,0.531,0.671,0.843,0.432,0.552,0.433,nut_allergy,organic,2025-05-01
H01912,33,25-34,Southwark,families,foodies,0.177,0.213,0.323,0.951,0.394,0.729,0.29,0.563,0.864,0.663,0.583,0.312,0.502,0.645,0.428,0.317,vegetarian|nut_allergy,organic,2025-05-01
H01913,22,18-24,Newham,students,young_professionals,0.745,0.423,0.167,0.335,0.246,0.388,0.709,0.726,0.916,0.495,0.453,0.84,1.0,0.484,0.577,0.405,none,organic,2025-05-02
H01914,33,25-34,Southwark,young_professionals,fitness,0.436,0.855,0.534,0.217,0.22,0.486,0.707,0.821,0.326,0.764,0.613,0.86,0.673,0.665,0.713,0.514,none,organic,2025-05-02
H01915,41,35-44,Newham,families,students,0.545,0.336,0.202,0.923,0.0,0.637,0.269,0.336,0.991,0.761,0.291,0.43,0.547,0.944,0.675,0.362,none,organic,2025-05-02
H01916,27,25-34,Haringey,young_professionals,students,0.422,0.851,0.278,0.257,0.276,0.851,0.694,0.766,0.526,0.869,0.734,0.728,0.666,0.42,0.574,0.543,vegan,organic,2025-05-03
H01917,43,35-44,Enfield,fitness,young_professionals,0.226,0.402,0.856,0.364,0.16,0.906,0.386,0.517,0.497,0.757,0.735,0.678,0.39,0.527,0.159,0.725,none,organic,2025-05-04
H01918,21,18-24,Islington,students,young_professionals,0.83,0.51,0.185,0.41,0.427,0.382,0.726,0.948,0.858,0.91,0.64,0.64,0.691,0.774,0.459,0.41,none,organic,2025-05-05
H01919,39,35-44,Lambeth,foodies,families,0.303,0.172,0.139,0.346,0.881,0.566,0.849,0.634,0.306,0.311,0.679,0.562,0.8,0.482,0.873,0.491,none,organic,2025-05-07
H01920,26,25-34,Wandsworth,young_professionals,families,0.387,0.684,0.49,0.653,0.465,0.465,0.714,0.602,0.397,0.71,0.769,0.633,0.598,0.6,0.573,0.592,none,organic,2025-05-08
H01921,35,35-44,Bexley,young_professionals,families,0.112,0.874,0.236,0.572,0.327,0.727,0.46,0.6,0.392,0.827,0.593,0.914,0.69,0.708,0.548,0.629,none,organic,2025-05-09
H01922,26,25-34,Ealing,young_professionals,foodies,0.258,0.912,0.214,0.339,0.471,0.727,0.697,0.767,0.433,0.891,0.536,0.869,0.644,0.565,0.712,0.705,none,organic,2025-05-10
H01923,24,18-24,Hackney,young_professionals,fitness,0.322,0.826,0.497,0.421,0.254,0.559,0.798,0.809,0.374,0.903,0.641,0.61,0.548,0.537,0.447,0.954,none,organic,2025-05-10
H01924,36,35-44,Kensington and Chelsea,fitness,families,0.27,0.213,0.724,0.509,0.327,0.801,0.558,0.606,0.437,0.522,0.571,0.623,0.432,0.266,0.411,0.929,vegetarian,organic,2025-05-10
H01925,24,18-24,Haringey,foodies,students,0.53,0.247,0.435,0.458,0.845,0.736,0.803,0.745,0.367,0.363,0.844,0.582,0.756,0.499,0.877,0.29,none,organic,2025-05-11
H01926,42,35-44,Wandsworth,families,students,0.332,0.294,0.199,0.793,0.201,0.645,0.453,0.437,0.748,0.798,0.651,0.695,0.664,0.64,0.534,0.507,none,organic,2025-05-11
H01927,34,25-34,Hammersmith and Fulham,fitness,families,0.235,0.459,0.888,0.584,0.035,0.7,0.417,0.349,0.538,0.55,0.592,0.733,0.379,0.377,0.291,0.89,dairy_free,organic,2025-05-12
H01928,18,18-24,Haringey,students,foodies,0.754,0.371,0.292,0.302,0.4,0.396,0.594,0.748,0.941,0.584,0.403,0.657,0.666,0.521,0.218,0.663,none,organic,2025-05-12
H01929,26,25-34,Richmond upon Thames,young_professionals,students,0.402,0.776,0.388,0.241,0.209,0.596,0.655,0.774,0.526,0.883,0.669,0.632,0.75,0.486,0.585,0.74,none,organic,2025-05-12
H01930,29,25-34,Kensington and Chelsea,foodies,students,0.531,0.201,0.223,0.041,0.714,0.682,0.881,0.658,0.027,0.231,0.68,0.687,0.511,0.873,1.0,0.556,none,organic,2025-05-13
H01931,22,18-24,Hillingdon,young_professionals,families,0.285,0.853,0.064,0.495,0.406,0.577,0.831,0.707,0.479,0.749,0.643,0.449,0.564,0.399,0.553,0.613,vegan,organic,2025-05-13
H01932,37,35-44,Bexley,foodies,students,0.499,0.09,0.375,0.276,0.674,0.636,0.891,0.704,0.415,0.245,0.742,0.588,0.853,0.709,0.839,0.566,none,organic,2025-05-13
H01933,31,25-34,Redbridge,families,foodies,0.143,0.304,0.39,0.919,0.486,0.725,0.668,0.357,0.635,0.815,0.507,0.655,0.773,0.977,0.557,0.541,none,organic,2025-05-13
H01934,22,18-24,Barking and Dagenham,young_professionals,students,0.467,0.811,0.32,0.32,0.197,0.612,0.681,0.629,0.42,1.0,0.589,0.857,0.643,0.756,0.755,0.746,none,organic,2025-05-15
H01935,27,25-34,Camden,young_professionals,foodies,0.121,0.855,0.308,0.115,0.604,0.62,0.811,0.609,0.616,0.806,0.765,0.814,0.707,0.402,0.789,0.549,none,organic,2025-05-15
H01936,19,18-24,Tower Hamlets,students,young_professionals,0.765,0.402,0.233,0.365,0.302,0.401,0.597,0.812,0.933,0.714,0.668,0.52,0.654,0.8,0.482,0.392,none,P027,2025-05-17
H01937,31,25-34,Tower Hamlets,young_professionals,foodies,0.074,0.841,0.351,0.259,0.502,0.69,0.692,0.584,0.338,0.606,0.617,0.703,0.61,0.673,0.587,0.877,none,P027,2025-05-17
H01938,18,18-24,Hounslow,students,foodies,0.734,0.473,0.211,0.14,0.53,0.42,0.89,0.829,1.0,0.529,0.378,0.819,0.746,0.845,0.318,0.556,none,P027,2025-05-17
H01939,20,18-24,Tower Hamlets,students,families,0.746,0.096,0.359,0.517,0.114,0.597,0.843,0.828,0.685,0.771,0.443,0.673,0.751,0.978,0.42,0.379,none,P027,2025-05-17
H01940,23,18-24,Wandsworth,students,young_professionals,0.829,0.558,0.166,0.091,0.426,0.434,0.611,0.921,0.926,0.812,0.34,0.707,0.664,0.754,0.563,0.594,none,P027,2025-05-17
H01941,21,18-24,Tower Hamlets,students,foodies,0.916,0.164,0.468,0.224,0.471,0.237,0.874,0.75,0.891,0.692,0.546,0.542,0.768,0.821,0.205,0.394,none,P027,2025-05-17
H01942,35,35-44,Bexley,foodies,young_professionals,0.198,0.407,0.12,0.279,0.837,0.504,0.896,0.539,0.374,0.414,0.88,0.66,0.345,0.548,1.0,0.361,none,P027,2025-05-17
H01943,31,25-34,Islington,young_professionals,families,0.191,0.757,0.173,0.378,0.308,0.608,0.801,0.633,0.526,0.998,0.551,0.948,0.813,0.58,0.547,0.678,none,P027,2025-05-17
H01944,19,18-24,Tower Hamlets,students,families,0.903,0.146,0.249,0.251,0.095,0.454,0.754,0.874,0.907,0.909,0.596,0.582,0.621,0.814,0.328,0.621,none,P027,2025-05-17
H01945,19,18-24,Tower Hamlets,students,foodies,0.796,0.348,0.209,0.276,0.371,0.396,0.699,0.646,0.925,0.768,0.543,0.595,0.758,0.911,0.558,0.546,none,P027,2025-05-17
H01946,26,25-34,Tower Hamlets,students,foodies,0.858,0.263,0.404,0.163,0.427,0.544,0.817,0.835,0.67,0.625,0.524,0.57,0.547,0.633,0.456,0.556,none,P027,2025-05-17
H01947,38,35-44,Redbridge,foodies,young_professionals,0.274,0.57,0.063,0.0,0.915,0.755,0.886,0.777,0.211,0.399,0.773,0.756,0.731,0.718,1.0,0.269,none,P027,2025-05-17
H01948,26,25-34,Hounslow,young_professionals,students,0.404,0.706,0.227,0.247,0.092,0.58,0.671,0.748,0.354,0.837,0.545,0.683,0.654,0.536,0.726,0.649,none,P027,2025-05-17
H01949,35,35-44,Haringey,young_professionals,fitness,0.255,1.0,0.412,0.253,0.375,0.66,0.685,0.625,0.378,0.851,0.582,0.773,0.481,0.553,0.752,0.763,none,P027,2025-05-17
H01950,20,18-24,Tower Hamlets,students,families,0.728,0.082,0.239,0.568,0.245,0.432,0.805,0.793,0.939,0.646,0.593,0.7,0.665,0.767,0.404,0.624,none,P027,2025-05-17
H01951,22,18-24,Newham,foodies,families,0.155,0.205,0.181,0.219,0.906,0.534,0.905,0.495,0.2,0.214,0.651,0.66,0.664,0.568,0.914,0.613,vegetarian,P027,2025-05-17
H01952,34,25-34,Wandsworth,families,fitness,0.289,0.377,0.393,0.818,0.284,0.484,0.308,0.264,0.52,0.73,0.633,0.645,0.536,0.83,0.476,0.417,none,P027,2025-05-17
H01953,21,18-24,Tower Hamlets,students,families,0.755,0.118,0.398,0.455,0.44,0.32,0.726,0.631,0.962,0.755,0.885,0.823,0.79,0.781,0.412,0.566,vegan,P027,2025-05-17
H01954,21,18-24,Kingston upon Thames,students,young_professionals,0.856,0.563,0.28,0.185,0.34,0.523,0.683,0.778,0.954,0.673,0.811,0.73,0.601,0.649,0.337,0.451,none,P027,2025-05-17
H01955,18,18-24,Tower Hamlets,students,young_professionals,0.82,0.471,0.222,0.401,0.048,0.564,0.838,0.831,0.905,0.885,0.797,0.675,0.769,0.684,0.31,0.606,none,P027,2025-05-17
H01956,23,18-24,Tower Hamlets,young_professionals,students,0.368,0.979,0.21,0.2,0.364,0.464,0.721,0.699,0.446,0.882,0.606,0.675,0.509,0.539,0.757,0.773,none,P027,2025-05-17
H01957,20,18-24,Barnet,students,families,0.902,0.343,0.459,0.639,0.176,0.477,0.671,0.784,0.786,0.702,0.618,0.617,0.359,0.783,0.39,0.46,vegetarian,P027,2025-05-17
H01958,22,18-24,Tower Hamlets,students,fitness,0.86,0.44,0.443,0.259,0.222,0.258,0.732,0.741,0.894,0.484,0.503,0.651,0.727,0.722,0.456,0.733,none,P027,2025-05-17
H01959,25,25-34,Tower Hamlets,young_professionals,families,0.041,0.925,0.09,0.444,0.286,0.652,0.803,0.74,0.491,0.99,0.593,0.812,0.629,0.672,0.516,0.448,none,P027,2025-05-17
H01960,25,25-34,Tower Hamlets,young_professionals,students,0.49,0.903,0.249,0.0,0.38,0.53,0.732,0.684,0.529,0.709,0.434,0.704,0.528,0.572,0.443,0.792,none,P027,2025-05-17
H01961,25,25-34,Tower Hamlets,students,fitness,0.845,0.142,0.614,0.34,0.325,0.508,0.81,0.816,0.845,0.64,0.431,0.771,0.676,0.727,0.479,0.55,none,P027,2025-05-17
H01962,19,18-24,Tower Hamlets,students,families,0.804,0.253,0.287,0.474,0.376,0.472,0.713,0.726,0.899,0.766,0.682,0.524,0.962,0.715,0.561,0.461,none,P027,2025-05-17
H01963,18,18-24,Tower Hamlets,students,foodies,0.85,0.379,0.305,0.262,0.468,0.523,0.78,0.816,1.0,0.836,0.538,0.623,0.802,0.672,0.556,0.601,vegetarian,P027,2025-05-17
H01964,18,18-24,Hillingdon,students,families,0.981,0.013,0.0,0.317,0.121,0.357,0.644,0.77,0.943,0.649,0.595,0.934,0.581,0.697,0.284,0.45,none,P027,2025-05-17
H01965,41,35-44,Hillingdon,families,young_professionals,0.323,0.345,0.254,0.83,0.247,0.494,0.314,0.428,0.746,0.631,0.591,0.637,0.541,0.75,0.252,0.242,none,P027,2025-05-17
H01966,27,25-34,Hillingdon,young_professionals,students,0.7,0.876,0.109,0.493,0.112,0.498,0.544,0.602,0.739,0.933,0.655,0.82,0.592,0.878,0.655,0.694,none,P027,2025-05-17
H01967,27,25-34,Lambeth,foodies,young_professionals,0.263,0.449,0.105,0.29,0.724,0.635,0.901,0.491,0.235,0.386,0.685,0.673,0.592,0.654,1.0,0.205,none,P027,2025-05-17
H01968,23,18-24,Tower Hamlets,young_professionals,fitness,0.021,0.899,0.72,0.416,0.509,0.67,0.824,0.668,0.619,0.829,0.812,0.819,0.604,0.409,0.503,0.535,none,P027,2025-05-17
H01969,39,35-44,Bexley,fitness,students,0.317,0.311,0.979,0.185,0.0,0.934,0.595,0.56,0.346,0.723,0.642,0.841,0.25,0.212,0.397,0.787,none,P027,2025-05-17
H01970,21,18-24,Tower Hamlets,students,fitness,0.861,0.281,0.382,0.361,0.302,0.57,0.629,0.776,1.0,0.803,0.476,0.632,0.73,0.907,0.33,0.423,none,P027,2025-05-17
H01971,19,18-24,Wandsworth,students,foodies,0.797,0.295,0.095,0.353,0.383,0.468,0.701,0.862,0.852,0.658,0.534,0.64,0.879,0.599,0.446,0.561,none,P027,2025-05-17
H01972,22,18-24,Hammersmith and Fulham,foodies,students,0.385,0.113,0.224,0.098,0.804,0.764,0.987,0.469,0.254,0.361,0.692,0.954,0.642,0.595,0.878,0.428,none,P027,2025-05-17
H01973,29,25-34,Tower Hamlets,young_professionals,fitness,0.267,0.663,0.481,0.278,0.272,0.79,0.841,0.578,0.587,1.0,0.544,0.626,0.391,0.596,0.483,0.699,none,P027,2025-05-17
H01974,28,25-34,Tower Hamlets,foodies,students,0.216,0.105,0.216,0.19,0.858,0.607,0.851,0.661,0.303,0.436,0.91,0.563,0.774,0.67,1.0,0.348,none,P027,2025-05-17
H01975,27,25-34,Harrow,young_professionals,families,0.174,0.864,0.186,0.365,0.309,0.638,0.569,0.721,0.394,0.759,0.486,0.604,0.592,0.73,0.523,0.385,vegetarian,P027,2025-05-17
H01976,18,18-24,Tower Hamlets,students,families,0.75,0.237,0.259,0.48,0.393,0.397,0.642,0.802,0.867,0.78,0.631,0.629,0.577,0.606,0.176,0.517,none,P027,2025-05-17
H01977,18,18-24,Tower Hamlets,students,young_professionals,0.87,0.298,0.205,0.268,0.245,0.445,0.759,0.782,1.0,0.716,0.534,0.76,1.0,0.78,0.183,0.602,none,P027,2025-05-17
H01978,18,18-24,Tower Hamlets,students,young_professionals,0.779,0.522,0.164,0.165,0.324,0.57,0.74,0.796,0.963,0.7,0.723,0.542,0.853,0.736,0.315,0.82,none,P027,2025-05-17
H01979,31,25-34,Barnet,young_professionals,foodies,0.229,0.847,0.13,0.108,0.577,0.48,0.829,0.485,0.332,0.645,0.511,0.695,0.767,0.523,0.551,0.686,none,P027,2025-05-17
H01980,50,45+,Tower Hamlets,foodies,fitness,0.211,0.362,0.424,0.207,0.81,0.659,0.741,0.558,0.143,0.426,0.748,0.65,0.599,0.562,1.0,0.527,vegan,P027,2025-05-17
H01981,37,35-44,Hillingdon,families,foodies,0.338,0.19,0.051,0.755,0.525,0.654,0.287,0.405,0.572,0.798,0.482,0.425,0.662,0.701,0.458,0.49,gluten_free,P027,2025-05-17
H01982,22,18-24,Tower Hamlets,students,fitness,0.915,0.475,0.626,0.204,0.17,0.542,0.908,1.0,0.925,0.825,0.471,0.703,0.696,0.524,0.258,0.602,gluten_free,P027,2025-05-17
H01983,18,18-24,Tower Hamlets,students,fitness,0.922,0.134,0.339,0.238,0.316,0.344,0.739,0.765,0.935,0.652,0.534,0.894,0.595,0.75,0.316,0.631,none,P027,2025-05-17
H01984,18,18-24,Haringey,students,families,0.801,0.311,0.321,0.424,0.112,0.416,0.802,0.875,1.0,0.698,0.565,0.697,0.788,0.798,0.561,0.66,none,P027,2025-05-17
H01985,25,25-34,Tower Hamlets,students,families,0.801,0.208,0.233,0.284,0.137,0.633,0.813,0.845,0.834,0.729,0.549,0.604,0.691,0.693,0.271,0.391,none,P027,2025-05-17
H01986,31,25-34,Bexley,foodies,fitness,0.059,0.42,0.612,0.454,0.9,0.554,0.953,0.531,0.237,0.428,0.793,0.622,0.658,0.621,0.73,0.309,vegetarian,P027,2025-05-17
H01987,29,25-34,Tower Hamlets,young_professionals,students,0.463,1.0,0.223,0.194,0.187,0.55,0.713,0.662,0.51,0.663,0.489,0.738,0.572,0.513,0.613,0.561,vegan|nut_allergy,P027,2025-05-17
H01988,21,18-24,Camden,students,families,0.77,0.0,0.212,0.434,0.17,0.36,0.606,0.841,0.807,0.915,0.593,0.767,0.78,0.885,0.163,0.406,none,P027,2025-05-17
H01989,24,18-24,Newham,foodies,fitness,0.027,0.325,0.373,0.322,0.702,0.687,0.821,0.581,0.25,0.301,0.799,0.712,0.829,0.726,0.929,0.741,none,P027,2025-05-17
H01990,19,18-24,Tower Hamlets,students,foodies,0.84,0.002,0.304,0.551,0.717,0.418,0.633,0.768,0.819,0.742,0.385,0.717,0.83,0.928,0.532,0.721,none,P027,2025-05-17
H01991,21,18-24,Lewisham,foodies,fitness,0.283,0.358,0.372,0.064,0.83,0.706,1.0,0.569,0.585,0.273,0.851,0.536,0.793,0.683,0.829,0.384,vegan,P027,2025-05-17
H01992,26,25-34,Tower Hamlets,young_professionals,foodies,0.36,0.851,0.294,0.04,0.424,0.756,0.662,0.614,0.579,0.875,0.576,0.8,0.725,0.536,0.711,0.498,vegan,P027,2025-05-17
H01993,23,18-24,Tower Hamlets,students,foodies,0.819,0.0,0.281,0.118,0.493,0.568,0.861,1.0,0.928,0.69,0.529,0.739,0.418,0.75,0.477,0.531,dairy_free,P027,2025-05-17
H01994,28,25-34,Tower Hamlets,young_professionals,foodies,0.07,0.922,0.261,0.0,0.269,0.474,0.693,0.517,0.545,0.957,0.5,0.664,0.599,0.546,0.631,0.706,none,P027,2025-05-17
H01995,25,25-34,Tower Hamlets,students,families,0.867,0.105,0.059,0.545,0.376,0.398,0.66,0.631,0.876,0.827,0.504,0.535,0.784,0.672,0.636,0.679,vegan,P027,2025-05-17
H01996,28,25-34,Tower Hamlets,young_professionals,families,0.187,0.809,0.292,0.423,0.288,0.542,0.719,0.61,0.332,0.894,0.54,0.65,0.365,0.706,0.601,0.783,vegan,P027,2025-05-17
H01997,24,18-24,Tower Hamlets,students,fitness,0.909,0.094,0.414,0.32,0.23,0.558,0.847,0.869,0.889,0.771,0.661,0.773,0.774,0.835,0.387,0.732,none,P027,2025-05-17
H01998,20,18-24,Barking and Dagenham,students,families,0.774,0.346,0.131,0.623,0.097,0.367,0.816,0.77,0.923,0.811,0.381,0.939,0.733,0.557,0.367,0.562,dairy_free,P027,2025-05-17
H01999,29,25-34,Hackney,young_professionals,families,0.192,0.866,0.14,0.639,0.377,0.594,0.653,0.796,0.426,0.725,0.858,0.585,0.638,0.449,0.516,0.523,gluten_free,P027,2025-05-17
H02000,18,18-24,Ealing,students,young_professionals,0.964,0.463,0.376,0.319,0.341,0.521,0.595,0.631,0.889,0.844,0.604,0.763,0.853,0.702,0.523,0.48,none,P027,2025-05-17
H02001,21,18-24,Tower Hamlets,students,young_professionals,0.862,0.29,0.262,0.194,0.279,0.555,0.846,0.695,0.952,0.845,0.455,0.596,0.838,0.593,0.357,0.428,dairy_free,P027,2025-05-17
H02002,37,35-44,Tower Hamlets,families,young_professionals,0.188,0.472,0.171,0.905,0.083,0.62,0.294,0.398,0.753,0.801,0.489,0.43,0.564,0.662,0.352,0.567,dairy_free,P027,2025-05-17
H02003,20,18-24,Tower Hamlets,students,foodies,0.898,0.288,0.365,0.23,0.471,0.552,0.677,0.887,0.649,0.663,0.666,0.701,0.822,0.642,0.492,0.55,none,P027,2025-05-17
H02004,37,35-44,Tower Hamlets,young_professionals,students,0.496,0.727,0.421,0.164,0.229,0.585,0.587,0.803,0.318,0.962,0.375,0.733,0.506,0.471,0.817,0.608,none,P027,2025-05-17
H02005,31,25-34,Tower Hamlets,young_professionals,students,0.247,0.914,0.163,0.17,0.182,0.552,0.692,0.692,0.349,0.939,0.602,0.618,0.517,0.538,0.534,0.741,dairy_free,P027,2025-05-17
H02006,19,18-24,Barking and Dagenham,students,young_professionals,0.848,0.497,0.278,0.217,0.17,0.421,0.776,0.642,0.856,0.729,0.563,0.741,0.633,0.785,0.378,0.636,none,P027,2025-05-17
H02007,34,25-34,Lewisham,foodies,students,0.502,0.313,0.328,0.356,0.819,0.541,0.918,0.621,0.348,0.239,0.574,0.54,0.538,0.432,1.0,0.128,none,P027,2025-05-17
H02008,23,18-24,Tower Hamlets,students,families,0.886,0.342,0.498,0.568,0.255,0.26,0.894,0.853,0.959,0.464,0.446,0.879,0.729,0.543,0.477,0.631,none,P027,2025-05-17
H02009,24,18-24,Lewisham,students,young_professionals,0.823,0.381,0.32,0.28,0.243,0.392,0.842,0.896,0.917,0.708,0.477,0.638,0.776,0.745,0.592,0.495,none,P027,2025-05-17
H02010,23,18-24,Tower Hamlets,students,fitness,0.899,0.447,0.455,0.418,0.425,0.372,0.688,0.801,0.776,0.738,0.337,0.559,0.774,0.601,0.606,0.556,dairy_free,P027,2025-05-17
H02011,29,25-34,Barking and Dagenham,young_professionals,families,0.151,0.818,0.366,0.613,0.424,0.478,0.515,0.536,0.391,1.0,0.752,0.865,0.798,0.465,0.418,0.529,none,P027,2025-05-17
H02012,20,18-24,Wandsworth,students,families,0.851,0.32,0.197,0.385,0.199,0.467,0.807,0.596,1.0,0.575,0.571,0.915,0.865,0.571,0.429,0.698,none,P027,2025-05-17
H02013,20,18-24,Tower Hamlets,students,families,0.849,0.386,0.069,0.394,0.207,0.37,0.887,0.832,0.917,0.785,0.446,0.534,0.753,0.677,0.699,0.458,none,P027,2025-05-17
H02014,21,18-24,Tower Hamlets,students,families,0.915,0.151,0.058,0.509,0.312,0.351,0.756,0.73,0.786,0.705,0.684,0.693,0.614,0.903,0.357,0.728,none,P027,2025-05-17
H02015,35,35-44,Hounslow,young_professionals,foodies,0.097,0.779,0.251,0.279,0.696,0.602,0.895,0.654,0.482,1.0,0.53,0.658,0.594,0.487,0.381,0.667,gluten_free,P027,2025-05-17
H02016,22,18-24,Islington,students,families,0.967,0.103,0.343,0.384,0.06,0.506,0.698,0.811,0.868,0.717,0.557,0.639,0.708,0.528,0.55,0.586,none,P027,2025-05-17
H02017,23,18-24,Tower Hamlets,students,families,0.786,0.159,0.146,0.197,0.16,0.362,0.733,0.792,0.962,0.695,0.585,0.738,0.714,0.701,0.37,0.68,none,P027,2025-05-17
H02018,22,18-24,Tower Hamlets,students,young_professionals,0.881,0.459,0.002,0.345,0.112,0.44,0.766,0.918,0.869,0.801,0.546,0.855,0.722,0.67,0.318,0.546,dairy_free,P027,2025-05-17
H02019,19,18-24,Wandsworth,students,fitness,0.844,0.387,0.478,0.41,0.459,0.536,0.629,0.796,1.0,0.772,0.544,0.881,0.794,0.841,0.495,0.615,dairy_free,P027,2025-05-17
H02020,35,35-44,Ealing,young_professionals,fitness,0.232,0.777,0.491,0.28,0.104,0.726,0.587,0.615,0.46,0.931,0.714,0.685,0.769,0.348,0.705,0.489,none,P027,2025-05-17
H02021,24,18-24,Tower Hamlets,students,families,0.872,0.054,0.233,0.408,0.403,0.5,0.896,0.825,0.881,0.738,0.549,0.7,0.538,0.813,0.591,0.672,none,P027,2025-05-17
H02022,21,18-24,Lewisham,students,fitness,0.823,0.43,0.523,0.199,0.198,0.485,0.604,0.752,0.871,0.705,0.404,0.589,0.698,0.877,0.481,0.673,none,P027,2025-05-17
H02023,21,18-24,Tower Hamlets,students,young_professionals,0.917,0.273,0.206,0.077,0.21,0.315,0.439,0.704,0.854,0.585,0.619,0.602,0.751,1.0,0.464,0.536,nut_allergy,P027,2025-05-17
H02024,31,25-34,Ealing,young_professionals,foodies,0.149,0.899,0.2,0.258,0.574,0.436,0.866,0.634,0.224,0.69,0.713,0.56,0.812,0.56,0.686,0.619,vegetarian,P027,2025-05-17
H02025,29,25-34,Richmond upon Thames,young_professionals,families,0.14,0.887,0.027,0.44,0.33,0.855,0.674,0.548,0.431,0.755,0.482,0.871,0.712,0.612,0.753,0.708,none,P027,2025-05-17
H02026,18,18-24,Southwark,students,young_professionals,0.848,0.293,0.278,0.031,0.155,0.608,0.737,0.759,0.986,0.673,0.677,0.629,0.693,0.845,0.462,0.563,none,P027,2025-05-17
H02027,32,25-34,Islington,young_professionals,foodies,0.182,0.823,0.34,0.27,0.504,0.687,0.707,0.705,0.689,0.799,0.478,0.773,0.692,0.655,0.535,0.55,vegetarian,P027,2025-05-17
H02028,24,18-24,Tower Hamlets,young_professionals,fitness,0.238,0.792,0.61,0.046,0.35,0.589,0.844,0.726,0.589,0.846,0.695,0.658,0.546,0.812,0.47,0.598,none,P027,2025-05-17
H02029,19,18-24,Tower Hamlets,students,families,0.787,0.199,0.345,0.381,0.149,0.635,0.58,0.908,0.923,0.667,0.561,0.753,0.889,0.883,0.269,0.472,none,P027,2025-05-17
H02030,21,18-24,Newham,students,fitness,0.929,0.0,0.208,0.071,0.095,0.503,0.907,0.795,1.0,0.634,0.695,0.845,0.746,0.572,0.33,0.269,vegetarian|gluten_free,P027,2025-05-17
H02031,21,18-24,Sutton,students,young_professionals,1.0,0.504,0.345,0.217,0.322,0.399,0.749,0.952,0.979,0.659,0.637,0.701,0.791,0.78,0.197,0.184,none,P027,2025-05-17
H02032,30,25-34,Brent,families,young_professionals,0.177,0.439,0.354,0.776,0.368,0.575,0.459,0.457,0.7,0.903,0.421,0.445,0.518,0.793,0.642,0.232,none,P027,2025-05-17
H02033,22,18-24,Newham,students,families,0.708,0.307,0.181,0.46,0.172,0.252,0.747,0.679,0.989,0.755,0.648,0.665,0.727,0.57,0.326,0.664,none,P027,2025-05-17
H02034,21,18-24,Tower Hamlets,students,foodies,0.894,0.105,0.408,0.123,0.522,0.568,0.72,0.673,0.98,0.608,0.681,0.826,0.778,0.772,0.569,0.583,none,P027,2025-05-17
H02035,23,18-24,Croydon,students,young_professionals,0.902,0.713,0.286,0.345,0.349,0.46,0.79,0.915,0.877,0.555,0.523,0.601,0.495,0.737,0.474,0.672,vegan,P027,2025-05-17
H02036,21,18-24,Tower Hamlets,students,families,0.872,0.214,0.38,0.54,0.021,0.508,0.935,0.83,0.763,0.637,0.652,0.82,0.713,0.967,0.408,0.605,vegan,P027,2025-05-17
H02037,31,25-34,Tower Hamlets,families,young_professionals,0.283,0.657,0.162,0.775,0.127,0.663,0.391,0.238,0.72,0.785,0.664,0.385,0.502,0.829,0.669,0.279,none,P027,2025-05-17
H02038,18,18-24,Harrow,students,foodies,0.867,0.148,0.36,0.138,0.446,0.303,0.73,0.824,0.884,0.747,0.583,0.734,0.912,0.748,0.445,0.646,none,P027,2025-05-17
H02039,21,18-24,Havering,students,fitness,0.82,0.212,0.219,0.091,0.0,0.492,0.968,0.854,0.755,0.805,0.72,0.487,0.827,0.853,0.424,0.259,none,P027,2025-05-17
H02040,35,35-44,Kensington and Chelsea,young_professionals,families,0.287,0.787,0.212,0.349,0.309,0.62,0.656,0.643,0.532,0.787,0.686,0.573,0.67,0.553,0.72,0.54,vegetarian,P027,2025-05-17
H02041,27,25-34,Newham,young_professionals,families,0.338,0.856,0.234,0.392,0.285,0.615,0.669,0.604,0.346,0.947,0.477,0.769,0.868,0.682,0.661,0.68,none,P027,2025-05-17
H02042,27,25-34,Tower Hamlets,foodies,families,0.262,0.386,0.358,0.418,0.837,0.559,0.856,0.576,0.175,0.102,0.866,0.715,0.59,0.654,1.0,0.317,none,P027,2025-05-17
H02043,33,25-34,Tower Hamlets,young_professionals,families,0.084,0.817,0.355,0.582,0.384,0.708,0.813,0.648,0.409,0.807,0.427,0.762,0.66,0.452,0.38,0.675,vegetarian|nut_allergy,P027,2025-05-17
H02044,19,18-24,Camden,students,foodies,0.971,0.273,0.43,0.154,0.473,0.468,0.953,0.68,1.0,0.681,0.547,0.846,0.993,0.801,0.59,0.44,none,P027,2025-05-17
H02045,18,18-24,Tower Hamlets,students,foodies,0.839,0.385,0.332,0.559,0.608,0.505,0.651,0.678,0.895,0.68,0.578,0.684,0.546,0.497,0.538,0.47,vegetarian,P027,2025-05-17
H02046,27,25-34,Camden,foodies,young_professionals,0.159,0.453,0.264,0.395,0.875,0.506,0.926,0.416,0.44,0.288,0.702,0.486,0.696,0.568,1.0,0.503,none,P027,2025-05-17
H02047,22,18-24,Hammersmith and Fulham,young_professionals,fitness,0.146,0.774,0.352,0.278,0.303,0.644,0.502,0.444,0.483,0.955,0.576,1.0,0.477,0.468,0.617,0.706,none,P027,2025-05-17
H02048,23,18-24,Lambeth,students,fitness,0.836,0.248,0.375,0.28,0.279,0.544,0.752,0.693,1.0,0.704,0.416,0.889,0.913,0.641,0.411,0.495,none,P027,2025-05-17
H02049,22,18-24,Tower Hamlets,students,families,0.995,0.399,0.305,0.441,0.13,0.427,0.763,0.718,0.917,0.591,0.623,0.786,0.749,0.672,0.487,0.443,none,P027,2025-05-17
H02050,28,25-34,Tower Hamlets,young_professionals,students,0.694,0.792,0.0,0.204,0.043,0.708,0.704,0.743,0.42,1.0,0.647,0.656,0.724,0.553,0.576,0.662,none,P027,2025-05-17
H02051,20,18-24,Hillingdon,students,foodies,0.835,0.337,0.131,0.0,0.555,0.446,0.795,0.689,0.918,0.718,0.649,0.663,0.803,0.785,0.555,0.452,none,P027,2025-05-17
H02052,28,25-34,Islington,young_professionals,foodies,0.126,0.667,0.214,0.283,0.314,0.6,0.662,0.588,0.304,0.763,0.797,0.708,0.745,0.526,0.563,0.574,none,P027,2025-05-17
H02053,30,25-34,Tower Hamlets,young_professionals,fitness,0.182,0.893,0.461,0.0,0.347,0.63,0.685,0.66,0.521,1.0,0.661,0.847,0.673,0.778,0.424,0.442,vegan,P027,2025-05-17
H02054,18,18-24,Islington,students,fitness,0.764,0.273,0.412,0.364,0.029,0.344,0.955,0.857,0.979,0.838,0.652,0.704,0.728,0.905,0.453,0.46,none,P027,2025-05-17
H02055,26,25-34,Tower Hamlets,foodies,young_professionals,0.04,0.449,0.19,0.365,0.74,0.59,0.94,0.765,0.398,0.482,0.66,0.797,0.72,0.511,0.977,0.423,gluten_free,P027,2025-05-17
H02056,36,35-44,Tower Hamlets,foodies,fitness,0.183,0.148,0.293,0.098,0.83,0.598,0.841,0.476,0.496,0.433,0.744,0.678,0.668,0.45,1.0,0.502,none,P027,2025-05-17
H02057,22,18-24,Tower Hamlets,students,fitness,0.832,0.252,0.615,0.598,0.243,0.605,0.829,0.559,0.714,0.806,0.712,0.766,0.713,0.912,0.54,0.686,none,P027,2025-05-17
H02058,25,25-34,Lewisham,students,foodies,0.796,0.442,0.305,0.316,0.51,0.434,0.835,0.588,0.986,0.834,0.594,0.704,0.854,0.903,0.513,0.622,none,P027,2025-05-17
H02059,27,25-34,Harrow,foodies,students,0.49,0.281,0.305,0.316,0.99,0.551,1.0,0.541,0.235,0.224,0.877,0.83,0.745,0.482,0.949,0.364,none,P027,2025-05-17
H02060,22,18-24,Croydon,students,families,0.92,0.344,0.034,0.552,0.241,0.453,0.883,0.843,0.81,0.709,0.542,0.658,0.748,0.842,0.364,0.508,none,P027,2025-05-17
H02061,42,35-44,Richmond upon Thames,foodies,students,0.515,0.096,0.343,0.224,0.787,0.427,1.0,0.598,0.256,0.148,0.826,0.477,0.799,0.809,0.796,0.54,none,P027,2025-05-17
H02062,18,18-24,Hackney,students,foodies,0.93,0.36,0.063,0.305,0.424,0.461,0.741,0.827,0.824,0.811,0.397,0.639,0.746,0.806,0.529,0.729,none,P027,2025-05-17
H02063,28,25-34,Havering,young_professionals,foodies,0.252,0.864,0.14,0.274,0.543,0.481,0.554,0.585,0.542,1.0,0.645,0.596,0.647,0.765,0.563,0.667,none,P027,2025-05-17
H02064,33,25-34,Hammersmith and Fulham,young_professionals,students,0.428,0.79,0.1,0.155,0.412,0.598,0.733,0.672,0.429,0.807,0.788,0.697,0.814,0.468,0.697,0.864,vegan,P027,2025-05-17
H02065,20,18-24,Southwark,students,foodies,0.834,0.348,0.294,0.237,0.593,0.485,0.721,0.61,0.806,0.721,0.432,0.51,0.758,0.843,0.42,0.658,gluten_free,P027,2025-05-17
H02066,38,35-44,Hillingdon,young_professionals,students,0.692,0.779,0.231,0.309,0.536,0.572,0.83,0.58,0.611,0.793,0.493,0.78,0.731,0.573,0.618,0.842,none,P027,2025-05-17
H02067,18,18-24,Tower Hamlets,students,young_professionals,1.0,0.491,0.236,0.251,0.458,0.415,0.841,0.791,1.0,0.688,0.513,0.853,0.753,0.735,0.454,0.726,none,P027,2025-05-17
H02068,24,18-24,Tower Hamlets,students,young_professionals,0.775,0.463,0.336,0.432,0.445,0.604,0.684,0.651,0.872,0.82,0.441,0.524,0.544,0.838,0.276,0.616,none,P027,2025-05-17
H02069,19,18-24,Kensington and Chelsea,students,foodies,0.925,0.187,0.299,0.36,0.392,0.421,0.998,0.671,0.949,0.805,0.516,0.68,0.702,0.75,0.558,0.526,nut_allergy,P027,2025-05-17
H02070,21,18-24,Tower Hamlets,students,foodies,0.722,0.507,0.382,0.316,0.521,0.285,0.789,0.793,0.87,0.776,0.595,0.668,1.0,0.872,0.743,0.5,vegan,P027,2025-05-17
H02071,20,18-24,Southwark,students,young_professionals,0.893,0.749,0.196,0.265,0.082,0.401,0.721,0.74,0.85,0.797,0.767,0.741,0.647,0.758,0.407,0.657,dairy_free,P027,2025-05-17
H02072,24,18-24,Redbridge,students,young_professionals,0.846,0.524,0.223,0.345,0.122,0.59,0.727,0.813,0.753,0.752,0.502,0.815,0.593,0.802,0.188,0.624,none,P027,2025-05-17
H02073,22,18-24,Tower Hamlets,students,foodies,0.874,0.158,0.235,0.329,0.386,0.476,0.732,0.771,0.998,0.873,0.346,0.848,0.752,0.778,0.612,0.231,none,P027,2025-05-17
H02074,24,18-24,Tower Hamlets,students,fitness,0.932,0.091,0.546,0.037,0.363,0.392,0.754,0.646,0.958,0.452,0.586,0.755,0.655,0.602,0.401,0.627,gluten_free,P027,2025-05-17
H02075,18,18-24,Tower Hamlets,students,young_professionals,0.923,0.339,0.333,0.152,0.323,0.366,0.768,0.656,0.869,0.746,0.667,0.515,0.762,0.742,0.455,0.567,none,P027,2025-05-17
H02076,45,45+,Tower Hamlets,families,young_professionals,0.487,0.621,0.298,0.808,0.155,0.846,0.267,0.542,0.74,0.677,0.432,0.417,0.65,0.641,0.687,0.325,none,P027,2025-05-17
H02077,25,25-34,Southwark,students,foodies,0.868,0.316,0.09,0.315,0.471,0.37,0.628,0.802,0.894,0.821,0.54,0.58,0.937,0.397,0.455,0.576,none,P027,2025-05-17
H02078,31,25-34,Tower Hamlets,young_professionals,students,0.317,0.768,0.21,0.081,0.293,0.606,0.802,0.686,0.645,0.758,0.667,0.598,0.731,0.344,0.454,0.496,none,P027,2025-05-17
H02079,26,25-34,Havering,students,young_professionals,0.938,0.416,0.324,0.403,0.322,0.395,0.646,1.0,0.898,0.679,0.625,0.798,0.887,0.59,0.514,0.515,none,P027,2025-05-17
H02080,21,18-24,Tower Hamlets,students,young_professionals,0.837,0.438,0.256,0.228,0.279,0.466,0.678,0.66,0.953,0.855,0.555,0.688,0.735,0.688,0.59,0.561,none,P027,2025-05-17
H02081,23,18-24,Ealing,students,families,0.866,0.0,0.3,0.434,0.357,0.539,0.71,0.69,0.9,0.759,0.643,0.812,0.742,0.729,0.379,0.58,none,P027,2025-05-17
H02082,26,25-34,Enfield,students,families,0.891,0.324,0.357,0.376,0.155,0.516,0.653,0.746,0.842,0.536,0.626,0.796,0.71,0.747,0.464,0.579,none,P027,2025-05-17
H02083,22,18-24,Tower Hamlets,students,young_professionals,0.846,0.402,0.14,0.105,0.296,0.469,0.69,0.665,0.747,0.732,0.629,0.593,0.781,0.729,0.536,0.654,dairy_free,P027,2025-05-17
H02084,30,25-34,Wandsworth,young_professionals,fitness,0.22,0.793,0.305,0.224,0.159,0.659,0.594,0.628,0.457,0.786,0.554,0.8,0.703,0.39,0.634,0.716,none,P027,2025-05-17
H02085,19,18-24,Tower Hamlets,students,families,0.916,0.0,0.3,0.545,0.0,0.379,0.753,0.898,0.846,0.696,0.484,0.703,0.876,0.763,0.407,0.546,none,P027,2025-05-17
H02086,19,18-24,Tower Hamlets,students,young_professionals,0.753,0.546,0.031,0.387,0.429,0.304,0.827,0.854,1.0,0.594,0.622,0.612,0.825,0.746,0.678,0.604,vegetarian,P027,2025-05-17
H02087,37,35-44,Lewisham,families,young_professionals,0.127,0.589,0.54,1.0,0.405,0.774,0.475,0.47,0.735,0.65,0.582,0.424,0.663,0.658,0.562,0.509,none,P027,2025-05-17
H02088,22,18-24,Tower Hamlets,students,young_professionals,0.904,0.566,0.284,0.378,0.527,0.636,0.691,0.697,0.864,0.658,0.704,0.576,0.839,0.917,0.548,0.602,none,P027,2025-05-17
H02089,42,35-44,Tower Hamlets,fitness,young_professionals,0.263,0.442,0.837,0.024,0.26,0.869,0.395,0.575,0.638,0.788,0.54,0.939,0.357,0.178,0.187,0.771,none,P027,2025-05-17
H02090,26,25-34,Hounslow,young_professionals,foodies,0.173,0.999,0.167,0.452,0.571,0.641,0.893,0.672,0.678,0.737,0.645,0.788,0.532,0.646,0.784,0.914,dairy_free,P027,2025-05-17
H02091,18,18-24,Tower Hamlets,students,young_professionals,0.839,0.411,0.265,0.332,0.227,0.634,0.837,0.6,0.894,0.672,0.474,0.824,0.872,0.782,0.373,0.474,none,P027,2025-05-17
H02092,20,18-24,Tower Hamlets,students,young_professionals,0.975,0.384,0.07,0.186,0.295,0.493,0.878,0.664,0.819,0.727,0.599,0.988,0.533,0.746,0.441,0.579,vegan,P027,2025-05-17
H02093,18,18-24,Kingston upon Thames,students,young_professionals,0.887,0.526,0.339,0.057,0.277,0.493,0.865,0.846,0.996,0.715,0.598,0.553,0.837,0.6,0.537,0.497,none,P027,2025-05-17
H02094,25,25-34,Tower Hamlets,young_professionals,families,0.224,0.73,0.413,0.464,0.127,0.771,0.828,0.487,0.347,0.684,0.591,0.752,0.652,0.307,0.429,0.681,vegetarian|dairy_free,P027,2025-05-17
H02095,24,18-24,Ealing,foodies,students,0.453,0.116,0.298,0.102,0.689,0.577,0.771,0.59,0.292,0.308,0.85,0.522,0.495,0.537,0.965,0.387,vegetarian|gluten_free|dairy_free,P027,2025-05-17
H02096,19,18-24,Newham,students,fitness,0.938,0.215,0.465,0.34,0.22,0.539,0.584,0.866,0.962,0.84,0.645,0.862,0.809,0.805,0.41,0.648,none,P027,2025-05-17
H02097,37,35-44,Hounslow,foodies,students,0.511,0.228,0.445,0.27,0.786,0.498,0.752,0.64,0.132,0.506,0.904,0.775,0.699,0.8,1.0,0.336,vegetarian,P027,2025-05-17
H02098,21,18-24,Barnet,students,young_professionals,0.804,0.322,0.256,0.232,0.275,0.487,0.747,0.728,0.944,0.752,0.47,0.539,0.76,0.841,0.571,0.694,vegetarian|nut_allergy,P027,2025-05-17
H02099,20,18-24,Tower Hamlets,students,families,0.857,0.114,0.198,0.292,0.26,0.46,0.657,0.911,0.774,0.7,0.475,0.719,0.69,0.747,0.597,0.468,none,P027,2025-05-17
H02100,20,18-24,Tower Hamlets,students,fitness,0.883,0.287,0.485,0.273,0.478,0.692,0.601,0.849,0.798,0.626,0.5,0.746,0.67,0.754,0.55,0.685,none,P027,2025-05-17
H02101,32,25-34,Waltham Forest,foodies,young_professionals,0.215,0.381,0.142,0.318,0.847,0.358,0.72,0.68,0.315,0.278,0.847,0.573,0.63,0.506,1.0,0.428,vegan,P027,2025-05-17
H02102,18,18-24,Barnet,students,families,0.925,0.368,0.299,0.631,0.22,0.485,0.793,0.859,0.906,0.797,0.463,0.876,0.631,0.737,0.532,0.488,none,P027,2025-05-17
H02103,29,25-34,Tower Hamlets,fitness,families,0.318,0.273,0.667,0.638,0.174,0.868,0.332,0.422,0.497,0.494,0.563,0.871,0.441,0.305,0.225,0.922,vegan|dairy_free,P027,2025-05-17
H02104,23,18-24,Islington,students,foodies,0.779,0.319,0.377,0.223,0.47,0.589,0.523,0.81,0.837,0.683,0.515,0.815,0.756,0.871,0.604,0.554,none,P027,2025-05-17
H02105,36,35-44,Tower Hamlets,foodies,students,0.386,0.127,0.335,0.262,0.795,0.487,0.919,0.481,0.361,0.329,0.836,0.822,0.492,0.545,0.805,0.659,nut_allergy,P027,2025-05-17
H02106,31,25-34,Tower Hamlets,families,students,0.636,0.191,0.057,0.854,0.321,0.594,0.327,0.477,0.868,0.64,0.661,0.462,0.405,0.531,0.66,0.524,none,P027,2025-05-17
H02107,28,25-34,Tower Hamlets,young_professionals,foodies,0.033,0.739,0.296,0.067,0.331,0.7,0.805,0.598,0.477,0.894,0.647,0.957,0.7,0.507,0.651,0.598,none,P027,2025-05-17
H02108,31,25-34,Redbridge,young_professionals,fitness,0.021,1.0,0.414,0.065,0.187,0.806,0.746,0.887,0.386,1.0,0.602,0.711,0.727,0.537,0.59,0.708,none,P027,2025-05-17
H02109,19,18-24,Tower Hamlets,students,young_professionals,0.927,0.449,0.354,0.341,0.36,0.324,0.748,0.901,0.858,0.633,0.603,0.661,0.856,0.723,0.316,0.72,none,P027,2025-05-17
H02110,36,35-44,Southwark,foodies,families,0.251,0.393,0.169,0.431,0.774,0.584,0.742,0.568,0.475,0.556,0.686,0.54,0.645,0.816,1.0,0.576,gluten_free,P027,2025-05-17
H02111,25,25-34,Kensington and Chelsea,young_professionals,foodies,0.196,0.861,0.198,0.216,0.396,0.369,0.764,0.752,0.457,0.811,0.466,0.89,0.709,0.585,0.599,0.594,vegan|gluten_free,P027,2025-05-17
H02112,20,18-24,Havering,students,young_professionals,0.77,0.558,0.293,0.0,0.22,0.465,0.742,0.787,0.878,0.698,0.584,0.726,0.885,0.684,0.479,0.844,none,P027,2025-05-17
H02113,33,25-34,Tower Hamlets,foodies,students,0.3,0.11,0.193,0.284,0.902,0.612,0.864,0.505,0.178,0.382,0.8,0.634,0.698,0.514,1.0,0.407,none,P027,2025-05-17
H02114,32,25-34,Tower Hamlets,young_professionals,students,0.397,0.598,0.307,0.156,0.321,0.716,0.647,0.624,0.252,0.897,0.463,0.83,0.773,0.542,0.472,0.8,none,P027,2025-05-17
H02115,25,25-34,Enfield,young_professionals,foodies,0.329,0.931,0.101,0.501,0.564,0.494,0.659,0.68,0.421,0.748,0.601,0.739,0.751,0.555,0.371,0.696,none,P027,2025-05-17
H02116,29,25-34,Tower Hamlets,young_professionals,students,0.448,0.831,0.385,0.188,0.263,0.611,0.793,0.63,0.478,0.815,0.574,0.791,0.922,0.639,0.666,0.743,none,P027,2025-05-17
H02117,23,18-24,Waltham Forest,students,young_professionals,0.93,0.294,0.159,0.235,0.175,0.348,0.65,0.748,0.987,0.628,0.655,0.864,0.784,0.897,0.287,0.483,none,P027,2025-05-17
H02118,22,18-24,Tower Hamlets,students,families,0.767,0.15,0.219,0.287,0.222,0.577,0.699,0.826,0.958,0.741,0.558,0.619,0.829,0.705,0.453,0.571,vegetarian,P027,2025-05-17
H02119,26,25-34,Tower Hamlets,students,families,0.826,0.308,0.077,0.522,0.307,0.528,0.682,0.727,0.889,0.78,0.6,0.607,0.83,0.633,0.371,0.569,none,P027,2025-05-17
H02120,26,25-34,Tower Hamlets,foodies,fitness,0.533,0.505,0.643,0.368,0.838,0.639,0.823,0.568,0.464,0.23,0.967,0.716,0.644,0.608,0.868,0.334,vegan,P027,2025-05-17
H02121,28,25-34,Tower Hamlets,young_professionals,students,0.16,0.984,0.103,0.109,0.108,0.641,0.864,0.646,0.51,0.92,0.507,0.755,0.429,0.534,0.567,0.609,none,P027,2025-05-17
H02122,41,35-44,Tower Hamlets,families,young_professionals,0.167,0.579,0.385,0.93,0.397,0.671,0.328,0.401,0.581,0.755,0.467,0.458,0.646,0.693,0.465,0.448,none,P027,2025-05-17
H02123,19,18-24,Tower Hamlets,students,families,0.899,0.177,0.319,0.396,0.179,0.651,0.689,0.635,0.914,0.783,0.522,0.737,1.0,0.775,0.808,0.702,none,P027,2025-05-17
H02124,35,35-44,Tower Hamlets,foodies,fitness,0.252,0.337,0.384,0.239,0.956,0.531,0.998,0.602,0.339,0.258,0.324,0.557,0.764,0.575,1.0,0.533,vegetarian,P027,2025-05-17
H02125,18,18-24,Wandsworth,students,fitness,0.798,0.099,0.383,0.252,0.22,0.503,0.702,0.772,1.0,0.661,0.599,0.578,0.754,0.559,0.443,0.596,none,P027,2025-05-17
H02126,19,18-24,Tower Hamlets,students,fitness,0.767,0.203,0.262,0.155,0.0,0.291,0.79,0.799,0.874,0.822,0.595,0.715,0.77,0.852,0.367,0.444,none,P027,2025-05-17
H02127,25,25-34,Tower Hamlets,foodies,young_professionals,0.293,0.315,0.29,0.246,0.925,0.623,0.941,0.649,0.383,0.277,0.609,0.58,0.77,0.489,0.718,0.417,none,P027,2025-05-17
H02128,29,25-34,Sutton,young_professionals,families,0.242,0.802,0.313,0.388,0.297,0.481,0.806,0.477,0.529,0.89,0.615,0.693,0.793,0.564,0.427,0.505,none,P027,2025-05-17
H02129,43,35-44,Southwark,foodies,students,0.463,0.279,0.086,0.142,0.846,0.719,0.923,0.564,0.257,0.275,0.63,0.899,0.906,0.501,0.74,0.42,none,P027,2025-05-17
H02130,32,25-34,Tower Hamlets,young_professionals,fitness,0.428,0.829,0.492,0.247,0.391,0.724,0.62,0.554,0.413,0.806,0.495,0.763,0.669,0.606,0.502,0.537,none,P027,2025-05-17
H02131,20,18-24,Waltham Forest,students,young_professionals,0.847,0.35,0.159,0.282,0.254,0.149,0.925,0.856,0.967,0.671,0.592,0.649,0.848,0.773,0.446,0.555,none,P027,2025-05-17
H02132,18,18-24,Camden,students,young_professionals,0.858,0.373,0.278,0.292,0.14,0.336,0.75,0.769,0.946,0.71,0.511,0.711,0.724,0.941,0.355,0.581,none,P027,2025-05-17
H02133,36,35-44,Tower Hamlets,foodies,young_professionals,0.255,0.505,0.0,0.136,0.78,0.609,1.0,0.461,0.308,0.485,0.848,0.822,0.629,0.71,0.899,0.471,none,P027,2025-05-17
H02134,18,18-24,Camden,students,young_professionals,0.867,0.373,0.284,0.276,0.0,0.469,0.782,0.782,0.905,0.717,0.577,0.757,0.784,0.972,0.363,0.505,vegan,P027,2025-05-17
H02135,28,25-34,Tower Hamlets,young_professionals,families,0.44,0.727,0.266,0.448,0.378,0.636,0.654,0.682,0.356,1.0,0.719,0.787,0.77,0.491,0.467,0.384,none,P027,2025-05-17
H02136,22,18-24,Camden,students,foodies,0.817,0.371,0.422,0.081,0.43,0.539,0.6,0.705,0.872,0.567,0.523,0.661,0.76,0.743,0.578,0.619,none,P027,2025-05-17
H02137,38,35-44,Bexley,fitness,young_professionals,0.193,0.304,0.893,0.0,0.131,1.0,0.599,0.596,0.359,0.651,0.682,0.566,0.351,0.283,0.269,0.986,dairy_free,organic,2025-05-17
H02138,20,18-24,Hackney,students,foodies,0.687,0.034,0.361,0.316,0.662,0.456,0.764,0.627,0.958,0.852,0.451,0.647,0.58,0.806,0.43,0.647,none,organic,2025-05-18
H02139,29,25-34,Lambeth,young_professionals,students,0.568,0.866,0.404,0.309,0.49,0.683,0.512,0.6,0.313,0.738,0.596,0.669,0.739,0.52,0.62,0.552,none,organic,2025-05-18
H02140,29,25-34,Waltham Forest,young_professionals,fitness,0.063,0.831,0.486,0.429,0.298,0.841,0.71,0.575,0.538,0.958,0.406,0.9,0.542,0.744,0.753,0.666,none,organic,2025-05-18
H02141,22,18-24,Harrow,foodies,students,0.449,0.141,0.276,0.236,0.824,0.673,0.917,0.578,0.224,0.398,0.715,0.563,0.577,0.723,0.772,0.458,vegan|nut_allergy,organic,2025-05-18
H02142,22,18-24,Ealing,students,families,0.913,0.321,0.418,0.43,0.236,0.452,0.731,0.858,0.991,0.72,0.689,0.686,0.606,0.929,0.427,0.349,none,organic,2025-05-18
H02143,22,18-24,Barking and Dagenham,young_professionals,students,0.413,0.788,0.102,0.306,0.186,0.623,0.68,0.451,0.445,0.753,0.712,0.801,0.768,0.484,0.707,0.515,none,organic,2025-05-19
H02144,22,18-24,Kingston upon Thames,young_professionals,students,0.502,0.85,0.246,0.235,0.253,0.497,0.693,0.708,0.459,0.856,0.605,0.731,0.583,0.456,0.603,0.689,vegan,organic,2025-05-19
H02145,27,25-34,Hammersmith and Fulham,young_professionals,students,0.484,0.758,0.123,0.281,0.209,0.686,0.763,0.512,0.504,0.917,0.55,0.898,0.574,0.677,0.671,0.629,nut_allergy,organic,2025-05-19
H02146,18,18-24,Barnet,students,families,0.814,0.333,0.005,0.381,0.329,0.377,0.737,0.673,0.954,0.99,0.458,0.748,0.767,0.773,0.393,0.55,none,organic,2025-05-20
H02147,36,35-44,Waltham Forest,fitness,foodies,0.163,0.31,0.927,0.261,0.319,1.0,0.421,0.565,0.541,0.653,0.54,0.767,0.291,0.346,0.28,1.0,vegan,organic,2025-05-21
H02148,34,25-34,Islington,young_professionals,students,0.651,0.971,0.459,0.528,0.185,0.557,0.728,0.733,0.507,0.793,0.472,0.651,0.737,0.614,0.576,0.622,none,organic,2025-05-21
H02149,30,25-34,Brent,young_professionals,families,0.408,0.721,0.165,0.476,0.191,0.564,0.686,0.664,0.428,0.778,0.476,0.805,0.566,0.365,0.542,0.568,none,organic,2025-05-21
H02150,26,25-34,Westminster,young_professionals,foodies,0.166,0.904,0.262,0.194,0.35,0.628,0.628,0.636,0.445,0.601,0.496,0.69,0.315,0.707,0.615,0.664,none,organic,2025-05-23
H02151,39,35-44,Enfield,foodies,fitness,0.044,0.254,0.391,0.213,0.928,0.496,0.912,0.627,0.267,0.51,0.546,0.697,0.538,0.609,0.998,0.554,dairy_free,organic,2025-05-23
H02152,18,18-24,Harrow,students,foodies,0.828,0.172,0.273,0.0,0.53,0.297,0.884,0.726,0.858,0.812,0.406,0.644,0.894,0.759,0.322,0.503,none,organic,2025-05-23
H02153,34,25-34,Lewisham,families,fitness,0.154,0.127,0.319,0.979,0.245,0.719,0.396,0.563,0.933,0.859,0.556,0.425,0.498,0.883,0.439,0.294,gluten_free,organic,2025-05-23
H02154,33,25-34,Newham,foodies,fitness,0.179,0.3,0.397,0.356,0.968,0.507,0.851,0.498,0.315,0.344,0.857,0.738,0.731,0.691,1.0,0.517,vegan,organic,2025-05-23
H02155,25,25-34,Southwark,fitness,families,0.135,0.218,0.672,0.361,0.17,0.843,0.577,0.659,0.61,0.761,0.449,0.618,0.324,0.307,0.384,1.0,none,organic,2025-05-24
H02156,50,45+,Lambeth,foodies,families,0.057,0.194,0.222,0.638,0.936,0.626,1.0,0.458,0.267,0.428,0.641,0.642,0.594,0.699,0.998,0.482,vegetarian,P028,2025-05-25
H02157,33,25-34,Harrow,young_professionals,foodies,0.212,0.899,0.004,0.188,0.647,0.791,0.802,0.661,0.457,0.926,0.468,0.519,0.739,0.559,0.443,0.399,none,P028,2025-05-25
H02158,33,25-34,Southwark,fitness,foodies,0.26,0.295,0.828,0.289,0.387,0.848,0.501,0.693,0.536,0.866,0.622,0.68,0.398,0.317,0.389,0.781,none,P028,2025-05-25
H02159,43,35-44,Southwark,families,young_professionals,0.011,0.324,0.072,0.705,0.24,0.489,0.298,0.508,0.815,0.878,0.806,0.439,0.645,0.708,0.263,0.339,none,P028,2025-05-25
H02160,31,25-34,Merton,families,students,0.366,0.183,0.032,0.815,0.209,0.901,0.548,0.544,0.63,0.7,0.59,0.393,0.481,0.925,0.493,0.216,none,P028,2025-05-25
H02161,35,35-44,Lambeth,families,foodies,0.003,0.13,0.223,0.948,0.326,0.679,0.302,0.284,0.92,0.696,0.579,0.318,0.688,0.605,0.701,0.566,vegetarian,P028,2025-05-25
H02162,39,35-44,Lambeth,families,foodies,0.272,0.293,0.361,0.777,0.447,0.476,0.302,0.183,0.632,0.687,0.58,0.405,0.534,0.906,0.748,0.239,none,P028,2025-05-25
H02163,29,25-34,Camden,families,fitness,0.181,0.0,0.349,1.0,0.32,0.749,0.624,0.468,0.818,0.857,0.494,0.535,0.485,0.905,0.37,0.434,none,P028,2025-05-25
H02164,26,25-34,Waltham Forest,young_professionals,fitness,0.275,0.894,0.323,0.162,0.173,0.806,0.687,0.664,0.407,0.874,0.948,0.708,0.803,0.561,0.741,0.418,none,P028,2025-05-25
H02165,29,25-34,Waltham Forest,fitness,foodies,0.435,0.322,0.832,0.0,0.574,0.867,0.375,0.64,0.61,0.582,0.596,0.712,0.453,0.537,0.311,0.86,none,P028,2025-05-25
H02166,21,18-24,Ealing,foodies,young_professionals,0.32,0.379,0.3,0.291,0.87,0.657,0.948,0.426,0.405,0.32,0.758,0.497,0.951,0.303,1.0,0.451,gluten_free,P028,2025-05-25
H02167,37,35-44,Lambeth,young_professionals,foodies,0.377,0.817,0.237,0.38,0.557,0.634,0.745,0.618,0.367,0.789,0.567,0.793,0.745,0.292,0.631,0.709,none,P028,2025-05-25
H02168,27,25-34,Lambeth,young_professionals,students,0.513,0.953,0.245,0.288,0.416,0.518,0.742,0.805,0.379,0.838,0.616,0.672,0.563,0.59,0.456,0.558,vegetarian,P028,2025-05-25
H02169,40,35-44,Lambeth,families,foodies,0.073,0.28,0.106,0.844,0.418,0.518,0.339,0.347,0.643,0.766,0.405,0.395,0.479,0.719,0.408,0.266,nut_allergy,P028,2025-05-25
H02170,27,25-34,Lambeth,young_professionals,families,0.301,0.681,0.176,0.606,0.195,0.59,0.677,0.765,0.228,0.717,0.517,0.547,0.592,0.481,0.717,0.639,none,P028,2025-05-25
H02171,29,25-34,Lambeth,fitness,foodies,0.142,0.434,0.796,0.118,0.543,1.0,0.438,0.543,0.669,0.516,0.554,0.823,0.463,0.407,0.191,0.939,nut_allergy,P028,2025-05-25
H02172,49,45+,Lambeth,families,students,0.421,0.297,0.343,0.781,0.405,0.654,0.449,0.229,0.683,0.606,0.522,0.327,0.619,0.699,0.59,0.497,none,P028,2025-05-25
H02173,36,35-44,Lambeth,fitness,students,0.507,0.162,0.874,0.294,0.153,1.0,0.458,0.47,0.332,0.747,0.641,0.651,0.305,0.435,0.329,0.88,dairy_free,P028,2025-05-25
H02174,37,35-44,Islington,foodies,fitness,0.088,0.312,0.443,0.287,0.957,0.55,0.844,0.854,0.273,0.457,0.663,0.854,0.655,0.606,0.73,0.534,gluten_free,P028,2025-05-25
H02175,25,25-34,Lambeth,foodies,students,0.476,0.099,0.395,0.257,0.87,0.57,1.0,0.676,0.196,0.513,0.789,0.75,0.759,0.65,0.71,0.533,none,P028,2025-05-25
H02176,43,35-44,Lambeth,families,young_professionals,0.315,0.425,0.324,0.872,0.302,0.71,0.476,0.328,0.924,0.768,0.592,0.35,0.734,0.697,0.41,0.312,none,P028,2025-05-25
H02177,27,25-34,Islington,foodies,young_professionals,0.22,0.511,0.265,0.384,0.576,0.649,0.973,0.698,0.443,0.506,0.761,0.562,0.669,0.615,0.944,0.279,dairy_free,P028,2025-05-25
H02178,26,25-34,Lambeth,young_professionals,students,0.366,0.918,0.313,0.322,0.317,0.617,0.574,0.532,0.451,0.692,0.567,0.672,0.614,0.686,0.471,0.754,none,P028,2025-05-25
H02179,31,25-34,Havering,young_professionals,foodies,0.259,0.602,0.244,0.034,0.357,0.537,0.917,0.531,0.26,1.0,0.66,0.525,0.487,0.616,0.496,0.563,none,P028,2025-05-25
H02180,39,35-44,Tower Hamlets,families,young_professionals,0.277,0.435,0.216,0.844,0.0,0.669,0.378,0.396,0.674,0.593,0.667,0.454,0.547,0.685,0.339,0.34,none,P028,2025-05-25
H02181,34,25-34,Lambeth,families,students,0.456,0.245,0.07,0.919,0.33,0.656,0.287,0.568,0.637,0.783,0.507,0.532,0.487,0.705,0.425,0.429,vegetarian,P028,2025-05-25
H02182,33,25-34,Lambeth,young_professionals,families,0.176,0.875,0.394,0.429,0.083,0.626,0.7,0.744,0.458,0.797,0.498,0.607,0.561,0.482,0.646,0.631,none,P028,2025-05-25
H02183,29,25-34,Lambeth,young_professionals,families,0.101,0.703,0.269,0.379,0.193,0.661,0.609,0.608,0.564,1.0,0.633,0.353,0.693,0.72,0.564,0.53,none,organic,2025-05-25
H02184,27,25-34,Croydon,young_professionals,fitness,0.318,1.0,0.379,0.33,0.316,0.632,0.569,0.749,0.569,0.853,0.59,0.906,0.446,0.633,0.427,0.72,none,organic,2025-05-25
H02185,25,25-34,Hammersmith and Fulham,foodies,students,0.442,0.201,0.106,0.303,0.821,0.527,0.956,0.506,0.184,0.358,0.779,0.742,0.912,0.37,0.869,0.405,gluten_free,organic,2025-05-25
H02186,24,18-24,Barnet,fitness,young_professionals,0.233,0.572,0.927,0.436,0.479,0.874,0.51,0.806,0.378,0.642,0.64,0.704,0.42,0.105,0.384,0.772,none,organic,2025-05-25
H02187,28,25-34,Haringey,fitness,foodies,0.37,0.329,0.62,0.373,0.57,0.98,0.512,0.466,0.376,0.592,0.671,0.818,0.19,0.27,0.312,0.936,none,organic,2025-05-26
H02188,41,35-44,Waltham Forest,families,young_professionals,0.0,0.49,0.337,1.0,0.367,0.652,0.155,0.413,0.653,0.84,0.461,0.435,0.519,0.713,0.51,0.419,none,organic,2025-05-27
H02189,37,35-44,Camden,young_professionals,students,0.358,0.775,0.153,0.337,0.348,0.51,0.942,0.698,0.674,0.74,0.479,0.721,0.498,0.495,0.791,0.613,none,organic,2025-05-27
H02190,32,25-34,Barnet,fitness,young_professionals,0.317,0.508,0.807,0.47,0.47,0.81,0.453,0.593,0.507,0.652,0.437,0.64,0.353,0.193,0.483,0.855,none,organic,2025-05-27
H02191,48,45+,Camden,families,students,0.418,0.352,0.305,0.724,0.265,0.696,0.469,0.287,0.583,0.93,0.374,0.547,0.793,0.802,0.674,0.513,none,organic,2025-05-27
H02192,23,18-24,Redbridge,students,foodies,0.82,0.233,0.151,0.252,0.436,0.474,0.82,0.746,1.0,0.538,0.507,0.702,0.867,0.92,0.617,0.569,none,organic,2025-05-27
H02193,33,25-34,Kensington and Chelsea,foodies,families,0.332,0.236,0.271,0.447,0.86,0.564,1.0,0.669,0.313,0.421,0.7,0.639,0.619,0.713,0.843,0.345,dairy_free,organic,2025-05-27
H02194,41,35-44,Southwark,families,young_professionals,0.272,0.441,0.288,0.834,0.406,0.597,0.424,0.417,0.831,0.694,0.486,0.535,0.483,0.9,0.466,0.557,none,organic,2025-05-27
H02195,26,25-34,Hammersmith and Fulham,young_professionals,foodies,0.008,0.824,0.329,0.1,0.404,0.522,0.726,0.763,0.448,0.832,0.528,0.7,0.52,0.701,0.689,0.499,dairy_free|nut_allergy,organic,2025-05-28
H02196,20,18-24,Greenwich,students,families,0.923,0.335,0.463,0.604,0.443,0.52,0.793,0.768,0.759,0.732,0.595,0.58,0.768,0.786,0.583,0.587,none,organic,2025-05-28
H02197,24,18-24,Hounslow,young_professionals,students,0.482,0.69,0.0,0.032,0.244,0.592,0.895,0.67,0.466,0.745,0.5,0.669,0.724,0.589,0.363,0.704,none,organic,2025-05-28
H02198,36,35-44,Croydon,foodies,students,0.355,0.139,0.284,0.22,0.952,0.827,0.967,0.521,0.261,0.428,0.72,0.639,0.902,0.521,0.894,0.736,none,organic,2025-05-28
H02199,27,25-34,Newham,families,students,0.41,0.141,0.393,0.756,0.369,0.587,0.251,0.329,0.777,0.907,0.612,0.424,0.606,0.755,0.61,0.353,none,organic,2025-05-28
H02200,38,35-44,Newham,families,fitness,0.263,0.203,0.334,0.715,0.175,0.631,0.384,0.247,0.709,0.795,0.599,0.74,0.632,0.855,0.614,0.261,none,organic,2025-05-29
H02201,36,35-44,Redbridge,young_professionals,fitness,0.448,0.91,0.606,0.523,0.136,0.872,0.715,0.465,0.348,0.801,0.566,0.705,0.683,0.723,0.641,0.412,none,organic,2025-05-30
H02202,21,18-24,Waltham Forest,students,young_professionals,0.715,0.406,0.184,0.172,0.02,0.43,0.973,0.681,0.875,0.734,0.442,0.664,0.577,0.709,0.627,0.57,none,organic,2025-05-30
H02203,21,18-24,Lewisham,students,fitness,0.708,0.268,0.524,0.357,0.12,0.462,0.587,0.894,0.918,0.771,0.495,0.7,0.579,0.884,0.436,0.263,dairy_free,organic,2025-05-30
H02204,24,18-24,Ealing,fitness,foodies,0.308,0.071,0.841,0.266,0.375,0.836,0.458,0.535,0.373,0.753,0.722,0.715,0.377,0.267,0.464,0.778,none,organic,2025-05-30
H02205,38,35-44,Havering,families,fitness,0.229,0.232,0.332,0.812,0.211,0.698,0.377,0.26,0.733,0.836,0.507,0.421,0.741,0.878,0.388,0.374,none,organic,2025-05-31
H02206,36,35-44,Enfield,foodies,young_professionals,0.339,0.425,0.268,0.209,0.821,0.563,0.921,0.559,0.271,0.256,0.65,0.673,0.592,0.487,1.0,0.515,none,organic,2025-05-31
H02207,29,25-34,Barnet,young_professionals,families,0.287,0.836,0.304,0.321,0.205,0.62,0.836,0.629,0.509,0.833,0.825,0.749,0.583,0.591,0.551,0.907,vegetarian,organic,2025-06-01
H02208,30,25-34,Barnet,fitness,families,0.102,0.211,1.0,0.303,0.062,0.956,0.551,0.355,0.628,0.724,0.668,0.616,0.439,0.085,0.418,0.887,dairy_free,organic,2025-06-01
H02209,37,35-44,Southwark,families,fitness,0.281,0.214,0.692,0.867,0.354,0.659,0.385,0.509,0.571,0.842,0.649,0.588,0.592,0.692,0.56,0.378,none,organic,2025-06-02
H02210,25,25-34,Hackney,students,foodies,0.877,0.35,0.314,0.321,0.405,0.452,0.697,0.757,0.89,0.752,0.438,0.77,0.727,0.621,0.514,0.589,none,organic,2025-06-02
H02211,43,35-44,Brent,families,students,0.445,0.302,0.253,0.949,0.273,0.689,0.336,0.483,0.79,0.767,0.643,0.35,0.592,0.89,0.601,0.329,none,organic,2025-06-02
H02212,19,18-24,Redbridge,students,families,0.988,0.169,0.315,0.412,0.371,0.466,0.62,0.778,0.885,0.818,0.479,0.753,0.633,0.854,0.632,0.45,vegetarian|dairy_free,organic,2025-06-03
H02213,44,35-44,Newham,families,foodies,0.294,0.365,0.247,0.846,0.442,0.572,0.371,0.486,0.356,0.652,0.507,0.532,0.6,0.453,0.453,0.162,none,organic,2025-06-04
H02214,37,35-44,Wandsworth,families,young_professionals,0.301,0.363,0.277,0.768,0.175,0.821,0.464,0.463,0.591,0.878,0.608,0.377,0.685,0.689,0.599,0.487,none,organic,2025-06-05
H02215,32,25-34,Newham,young_professionals,fitness,0.263,0.967,0.334,0.0,0.14,0.574,0.822,0.682,0.351,0.953,0.567,0.805,0.556,0.669,0.56,0.677,none,organic,2025-06-05
H02216,40,35-44,Brent,fitness,foodies,0.267,0.329,0.758,0.342,0.48,0.823,0.588,0.505,0.614,0.675,0.53,0.553,0.372,0.307,0.273,0.745,none,organic,2025-06-08
H02217,27,25-34,Brent,foodies,young_professionals,0.108,0.371,0.345,0.237,0.968,0.845,0.934,0.603,0.333,0.593,0.728,0.656,0.707,0.731,0.982,0.214,gluten_free,organic,2025-06-08
H02218,18,18-24,Enfield,students,fitness,0.702,0.274,0.431,0.073,0.228,0.362,0.872,1.0,0.968,0.626,0.485,0.743,0.702,0.88,0.422,0.652,none,organic,2025-06-08
H02219,33,25-34,Ealing,young_professionals,families,0.11,0.7,0.286,0.364,0.186,0.595,0.733,0.684,0.47,0.809,0.62,0.876,0.565,0.378,0.676,0.565,none,organic,2025-06-08
H02220,31,25-34,Southwark,young_professionals,fitness,0.144,0.863,0.544,0.47,0.491,0.544,0.645,0.594,0.276,0.668,0.762,0.965,0.793,0.612,0.455,0.805,none,organic,2025-06-10
H02221,39,35-44,Wandsworth,families,fitness,0.266,0.161,0.351,0.973,0.121,0.764,0.325,0.456,0.735,0.733,0.561,0.633,0.792,0.72,0.342,0.547,none,P029,2025-06-11
H02222,36,35-44,Richmond upon Thames,young_professionals,students,0.349,0.813,0.103,0.102,0.301,0.552,0.792,0.643,0.478,1.0,0.884,0.827,0.715,0.408,0.644,0.657,none,P029,2025-06-11
H02223,29,25-34,Wandsworth,fitness,families,0.33,0.391,0.908,0.535,0.49,0.954,0.523,0.586,0.491,0.434,0.474,0.774,0.29,0.287,0.203,0.814,vegetarian,P029,2025-06-11
H02224,33,25-34,Southwark,young_professionals,foodies,0.19,0.845,0.086,0.308,0.443,0.454,0.57,0.749,0.601,0.742,0.607,0.561,0.533,0.581,0.538,0.42,dairy_free,P029,2025-06-11
H02225,25,25-34,Enfield,young_professionals,fitness,0.319,0.925,0.363,0.249,0.347,0.553,0.659,0.601,0.324,0.896,0.706,0.729,0.764,0.491,0.534,0.699,vegan|dairy_free,P029,2025-06-11
H02226,23,18-24,Tower Hamlets,students,fitness,0.932,0.254,0.445,0.444,0.425,0.397,0.653,0.713,0.846,0.51,0.497,0.706,0.738,0.71,0.367,0.481,none,P029,2025-06-11
H02227,29,25-34,Newham,young_professionals,students,0.775,0.975,0.366,0.253,0.25,0.449,0.712,0.462,0.463,0.923,0.687,0.733,0.831,0.59,0.701,0.562,none,P029,2025-06-11
H02228,46,45+,Ealing,families,students,0.504,0.339,0.361,0.898,0.177,0.723,0.198,0.295,0.665,0.89,0.489,0.627,0.525,0.814,0.387,0.327,none,P029,2025-06-11
H02229,41,35-44,Redbridge,fitness,students,0.516,0.196,0.813,0.056,0.287,0.805,0.35,0.468,0.387,0.526,0.641,0.668,0.417,0.363,0.148,0.968,none,P029,2025-06-11
H02230,27,25-34,Wandsworth,young_professionals,foodies,0.016,0.84,0.047,0.12,0.131,0.505,0.633,0.801,0.573,0.932,0.696,0.806,0.69,0.556,0.804,0.594,none,P029,2025-06-11
H02231,18,18-24,Wandsworth,students,young_professionals,0.741,0.572,0.393,0.268,0.312,0.609,0.779,0.552,1.0,0.616,0.566,0.712,0.779,0.756,0.458,0.391,none,P029,2025-06-11
H02232,32,25-34,Wandsworth,young_professionals,families,0.308,0.882,0.139,0.43,0.217,0.8,0.831,0.628,0.419,1.0,0.81,0.716,0.835,0.674,0.744,0.662,none,P029,2025-06-11
H02233,23,18-24,Greenwich,fitness,students,0.587,0.302,0.798,0.45,0.228,0.754,0.506,0.463,0.559,0.645,0.569,0.596,0.572,0.388,0.268,0.737,none,P029,2025-06-11
H02234,34,25-34,Wandsworth,young_professionals,foodies,0.436,0.844,0.282,0.421,0.454,0.571,0.678,0.729,0.313,0.739,0.491,0.732,0.688,0.422,0.709,0.826,none,P029,2025-06-11
H02235,38,35-44,Wandsworth,fitness,families,0.163,0.166,0.964,0.294,0.166,1.0,0.442,0.567,0.556,0.85,0.556,0.724,0.471,0.13,0.089,0.78,none,P029,2025-06-11
H02236,25,25-34,Wandsworth,students,fitness,0.967,0.117,0.53,0.215,0.244,0.482,0.672,0.766,1.0,0.853,0.549,0.618,0.717,0.911,0.609,0.573,vegetarian,P029,2025-06-11
H02237,41,35-44,Kingston upon Thames,fitness,families,0.082,0.265,0.865,0.311,0.227,0.822,0.446,0.453,0.585,0.552,0.619,0.655,0.315,0.465,0.334,0.82,vegetarian,P029,2025-06-11
H02238,42,35-44,Greenwich,families,students,0.491,0.275,0.266,0.788,0.325,0.55,0.349,0.628,0.859,0.766,0.513,0.234,0.54,0.741,0.462,0.32,none,P029,2025-06-11
H02239,18,18-24,Wandsworth,students,families,0.787,0.283,0.168,0.551,0.412,0.477,0.849,0.861,0.873,0.794,0.381,0.62,0.738,0.816,0.411,0.336,none,P029,2025-06-11
H02240,36,35-44,Haringey,families,foodies,0.164,0.138,0.32,0.955,0.32,0.613,0.409,0.49,0.735,0.727,0.4,0.494,0.577,0.778,0.514,0.539,vegetarian,P029,2025-06-11
H02241,32,25-34,Tower Hamlets,families,young_professionals,0.205,0.462,0.105,0.918,0.362,0.575,0.424,0.412,0.689,0.589,0.473,0.735,0.56,0.635,0.454,0.364,none,P029,2025-06-11
H02242,35,35-44,Wandsworth,fitness,young_professionals,0.199,0.491,0.898,0.233,0.281,0.842,0.605,0.603,0.711,0.593,0.614,0.737,0.508,0.463,0.361,0.769,none,P029,2025-06-11
H02243,30,25-34,Wandsworth,young_professionals,students,0.468,0.76,0.124,0.414,0.106,0.474,0.863,0.673,0.518,0.819,0.589,0.666,0.688,0.65,0.624,0.777,vegan,P029,2025-06-11
H02244,30,25-34,Harrow,fitness,foodies,0.233,0.413,0.701,0.319,0.452,0.769,0.541,0.563,0.353,0.62,0.637,0.898,0.269,0.395,0.221,0.748,vegan,P029,2025-06-11
H02245,31,25-34,Wandsworth,young_professionals,fitness,0.319,0.826,0.369,0.306,0.317,0.532,0.659,0.757,0.45,0.796,0.636,0.662,0.487,0.566,0.538,0.648,none,P029,2025-06-11
H02246,34,25-34,Wandsworth,families,foodies,0.293,0.073,0.078,0.779,0.405,0.633,0.387,0.244,0.792,0.855,0.564,0.555,0.561,0.854,0.401,0.346,nut_allergy,P029,2025-06-11
H02247,37,35-44,Barking and Dagenham,fitness,students,0.628,0.284,0.809,0.18,0.455,1.0,0.407,0.519,0.37,0.635,0.595,0.8,0.693,0.238,0.02,0.978,none,P029,2025-06-11
H02248,31,25-34,Sutton,fitness,foodies,0.186,0.148,0.833,0.259,0.52,0.874,0.399,0.441,0.564,0.648,0.494,0.795,0.541,0.287,0.47,0.78,none,P029,2025-06-11
H02249,26,25-34,Islington,fitness,students,0.608,0.335,0.757,0.303,0.17,0.807,0.381,0.422,0.603,0.676,0.669,0.822,0.36,0.477,0.275,0.769,none,P029,2025-06-11
H02250,30,25-34,Wandsworth,young_professionals,foodies,0.321,0.871,0.316,0.347,0.504,0.441,0.646,0.593,0.661,0.79,0.644,0.682,0.525,0.618,0.514,0.675,none,P029,2025-06-11
H02251,23,18-24,Redbridge,fitness,families,0.277,0.283,0.648,0.598,0.274,1.0,0.532,0.531,0.713,0.563,0.66,0.55,0.49,0.164,0.406,1.0,none,P029,2025-06-11
H02252,27,25-34,Wandsworth,families,foodies,0.305,0.372,0.435,0.84,0.529,0.557,0.406,0.335,0.737,0.669,0.579,0.407,0.372,0.865,0.416,0.32,none,P029,2025-06-11
H02253,30,25-34,Harrow,young_professionals,foodies,0.381,0.875,0.293,0.363,0.532,0.593,0.702,0.621,0.538,0.756,0.461,0.651,0.577,0.543,0.504,0.393,none,P029,2025-06-11
H02254,24,18-24,Haringey,young_professionals,fitness,0.0,0.872,0.532,0.286,0.34,0.486,0.836,0.7,0.537,0.785,0.627,0.624,0.649,0.508,0.881,0.716,none,P029,2025-06-11
H02255,33,25-34,Wandsworth,foodies,families,0.355,0.229,0.135,0.399,0.896,0.597,0.909,0.521,0.148,0.407,0.903,0.723,0.731,0.455,1.0,0.458,none,P029,2025-06-11
H02256,35,35-44,Havering,young_professionals,fitness,0.133,0.948,0.322,0.162,0.136,0.721,0.804,0.642,0.561,0.893,0.556,0.796,0.756,0.391,0.473,0.633,none,P029,2025-06-11
H02257,36,35-44,Brent,families,foodies,0.449,0.446,0.348,0.807,0.613,0.719,0.325,0.525,0.6,0.866,0.639,0.285,0.538,0.872,0.696,0.436,none,P029,2025-06-11
H02258,25,25-34,Wandsworth,young_professionals,foodies,0.385,0.995,0.242,0.266,0.432,0.7,0.721,0.601,0.485,0.965,0.623,0.738,0.568,0.861,0.493,0.532,none,P029,2025-06-11
H02259,37,35-44,Enfield,fitness,students,0.459,0.118,0.884,0.169,0.418,0.915,0.514,0.452,0.542,0.756,0.497,0.661,0.462,0.299,0.185,0.847,none,P029,2025-06-11
H02260,30,25-34,Wandsworth,fitness,young_professionals,0.281,0.535,0.99,0.042,0.314,0.748,0.433,0.544,0.554,0.592,0.57,0.705,0.307,0.289,0.406,0.758,none,P029,2025-06-11
H02261,25,25-34,Wandsworth,young_professionals,fitness,0.139,0.848,0.505,0.043,0.23,0.59,0.727,0.491,0.445,0.895,0.514,0.805,0.443,0.561,0.761,0.624,dairy_free,P029,2025-06-11
H02262,18,18-24,Wandsworth,students,young_professionals,0.86,0.439,0.292,0.23,0.01,0.473,0.711,0.748,0.927,0.726,0.453,0.629,0.756,0.77,0.508,0.48,none,P029,2025-06-11
H02263,33,25-34,Wandsworth,young_professionals,students,0.307,0.826,0.265,0.207,0.159,0.672,0.771,0.742,0.395,0.988,0.616,0.745,0.504,0.502,0.388,0.62,none,P029,2025-06-11
H02264,23,18-24,Wandsworth,fitness,families,0.406,0.389,0.932,0.549,0.323,0.838,0.508,0.667,0.525,0.698,0.647,0.689,0.491,0.281,0.229,0.958,vegetarian|gluten_free,P029,2025-06-11
H02265,28,25-34,Wandsworth,young_professionals,students,0.346,0.83,0.292,0.233,0.194,0.512,0.71,0.598,0.577,0.839,0.596,0.728,0.695,0.729,0.475,0.683,none,P029,2025-06-11
H02266,34,25-34,Wandsworth,young_professionals,families,0.284,0.872,0.109,0.422,0.05,0.657,0.671,0.692,0.426,0.911,0.641,0.685,0.536,0.665,0.502,0.71,none,P029,2025-06-11
H02267,28,25-34,Wandsworth,fitness,foodies,0.364,0.505,0.716,0.319,0.543,0.856,0.368,0.546,0.59,0.748,0.627,0.649,0.389,0.382,0.632,0.758,none,P029,2025-06-11
H02268,39,35-44,Wandsworth,foodies,young_professionals,0.328,0.511,0.349,0.203,0.94,0.55,1.0,0.363,0.309,0.361,0.959,0.648,0.753,0.615,0.961,0.612,none,P029,2025-06-11
H02269,26,25-34,Wandsworth,young_professionals,foodies,0.413,0.889,0.258,0.289,0.437,0.479,0.767,0.705,0.592,0.718,0.593,0.722,0.602,0.365,0.472,0.682,gluten_free,P029,2025-06-11
H02270,26,25-34,Wandsworth,fitness,young_professionals,0.515,0.656,0.683,0.075,0.359,0.906,0.612,0.489,0.498,0.568,0.525,0.6,0.494,0.13,0.31,0.949,vegan,P029,2025-06-11
H02271,38,35-44,Lewisham,families,foodies,0.215,0.439,0.17,0.879,0.503,0.648,0.264,0.291,0.695,0.614,0.536,0.468,0.586,0.798,0.575,0.265,gluten_free,P029,2025-06-11
H02272,42,35-44,Kensington and Chelsea,fitness,foodies,0.212,0.058,0.875,0.364,0.48,0.968,0.583,0.628,0.176,0.643,0.542,0.655,0.366,0.417,0.374,0.839,none,P029,2025-06-11
H02273,28,25-34,Sutton,foodies,young_professionals,0.28,0.621,0.207,0.259,0.722,0.643,0.684,0.593,0.336,0.383,0.734,0.571,0.677,0.748,0.878,0.517,dairy_free,P029,2025-06-11
H02274,30,25-34,Newham,fitness,families,0.153,0.075,0.763,0.371,0.34,0.864,0.523,0.573,0.492,0.661,0.63,0.592,0.448,0.404,0.398,0.857,vegetarian,P029,2025-06-11
H02275,29,25-34,Wandsworth,fitness,families,0.282,0.122,0.913,0.59,0.194,0.848,0.505,0.513,0.796,0.597,0.633,0.855,0.554,0.432,0.299,0.882,vegetarian,P029,2025-06-11
H02276,31,25-34,Richmond upon Thames,fitness,young_professionals,0.411,0.569,0.953,0.461,0.297,1.0,0.538,0.62,0.531,0.699,0.73,0.643,0.456,0.207,0.419,0.93,dairy_free,P029,2025-06-11
H02277,29,25-34,Wandsworth,young_professionals,fitness,0.215,0.88,0.353,0.34,0.012,0.727,0.525,0.554,0.347,0.876,0.717,0.81,0.519,0.498,0.503,0.711,none,P029,2025-06-11
H02278,23,18-24,Wandsworth,fitness,young_professionals,0.388,0.489,0.685,0.318,0.074,0.999,0.587,0.518,0.4,0.458,0.743,0.587,0.22,0.316,0.171,0.915,vegetarian|gluten_free,P029,2025-06-11
H02279,36,35-44,Bexley,fitness,students,0.465,0.331,1.0,0.144,0.22,0.973,0.457,0.579,0.551,0.601,0.619,0.892,0.325,0.458,0.279,1.0,none,P029,2025-06-11
H02280,35,35-44,Wandsworth,young_professionals,students,0.533,0.782,0.138,0.312,0.3,0.549,0.651,0.547,0.587,0.712,0.48,0.711,0.647,0.629,0.519,0.835,none,P029,2025-06-11
H02281,25,25-34,Wandsworth,fitness,families,0.134,0.184,0.839,0.413,0.15,0.753,0.367,0.748,0.475,0.513,0.708,0.708,0.468,0.031,0.311,1.0,none,P029,2025-06-11
H02282,38,35-44,Wandsworth,fitness,foodies,0.102,0.283,0.897,0.127,0.341,0.756,0.61,0.459,0.359,0.59,0.511,0.669,0.251,0.354,0.516,0.913,none,P029,2025-06-11
H02283,22,18-24,Southwark,students,foodies,0.749,0.115,0.053,0.317,0.624,0.491,0.786,0.806,0.885,0.734,0.618,0.9,0.687,0.765,0.439,0.673,none,P029,2025-06-11
H02284,32,25-34,Westminster,young_professionals,fitness,0.436,0.644,0.594,0.047,0.39,0.622,0.694,0.588,0.36,0.845,0.52,0.847,0.641,0.343,0.621,0.7,vegetarian,P029,2025-06-11
H02285,25,25-34,Harrow,young_professionals,foodies,0.514,1.0,0.304,0.413,0.519,0.588,0.88,0.715,0.656,0.742,0.562,0.8,0.739,0.536,0.696,0.745,none,P029,2025-06-11
H02286,33,25-34,Kingston upon Thames,young_professionals,families,0.344,0.923,0.258,0.366,0.17,0.471,0.657,0.657,0.592,0.919,0.747,0.581,0.607,0.799,0.511,0.558,none,P029,2025-06-11
H02287,27,25-34,Brent,fitness,students,0.384,0.359,0.904,0.298,0.217,0.766,0.638,0.545,0.528,0.873,0.46,0.677,0.252,0.34,0.284,0.759,vegetarian,P029,2025-06-11
H02288,18,18-24,Barking and Dagenham,students,foodies,0.903,0.331,0.049,0.334,0.501,0.346,0.812,0.602,0.781,0.593,0.5,0.856,0.841,0.763,0.457,0.549,dairy_free,P029,2025-06-11
H02289,22,18-24,Wandsworth,young_professionals,students,0.416,0.977,0.375,0.376,0.41,0.68,0.77,0.608,0.546,0.845,0.557,0.677,0.687,0.476,0.619,0.756,vegetarian,P029,2025-06-11
H02290,21,18-24,Tower Hamlets,students,families,0.871,0.446,0.529,0.596,0.036,0.46,0.843,0.751,0.867,0.63,0.451,0.672,0.791,0.901,0.307,0.546,vegetarian|dairy_free,P029,2025-06-11
H02291,44,35-44,Lambeth,families,foodies,0.234,0.407,0.267,0.84,0.541,0.509,0.396,0.466,0.781,0.893,0.645,0.428,0.553,0.851,0.547,0.348,none,P029,2025-06-11
H02292,35,35-44,Wandsworth,families,students,0.387,0.007,0.0,0.887,0.22,0.647,0.404,0.433,0.705,0.856,0.617,0.478,0.676,0.565,0.628,0.353,none,P029,2025-06-11
H02293,27,25-34,Wandsworth,young_professionals,students,0.456,0.781,0.362,0.432,0.304,0.595,0.573,0.658,0.563,0.97,0.475,0.67,0.752,0.634,0.526,0.592,none,P029,2025-06-11
H02294,18,18-24,Wandsworth,students,foodies,0.868,0.462,0.242,0.087,0.512,0.337,0.74,0.641,0.83,0.674,0.599,0.447,0.908,0.73,0.605,0.634,dairy_free,P029,2025-06-11
H02295,37,35-44,Wandsworth,young_professionals,foodies,0.183,0.94,0.151,0.285,0.408,0.667,0.749,0.733,0.416,0.951,0.601,0.716,0.518,0.299,0.412,0.676,none,P029,2025-06-11
H02296,20,18-24,Tower Hamlets,students,young_professionals,0.901,0.362,0.296,0.291,0.219,0.417,0.717,0.598,1.0,0.632,0.635,0.705,0.917,0.814,0.559,0.479,none,P029,2025-06-11
H02297,19,18-24,Haringey,fitness,families,0.23,0.122,0.837,0.389,0.379,0.988,0.624,0.473,0.358,0.528,0.533,0.693,0.205,0.25,0.325,0.939,dairy_free,P029,2025-06-11
H02298,42,35-44,Wandsworth,fitness,students,0.464,0.333,0.862,0.199,0.086,0.797,0.448,0.549,0.429,0.626,0.63,0.685,0.4,0.187,0.411,0.952,dairy_free,P029,2025-06-11
H02299,38,35-44,Wandsworth,fitness,students,0.562,0.335,0.833,0.457,0.371,0.964,0.619,0.395,0.504,0.84,0.54,0.614,0.131,0.312,0.42,0.969,none,P029,2025-06-11
H02300,39,35-44,Hounslow,families,fitness,0.308,0.136,0.312,0.905,0.019,0.825,0.431,0.438,0.562,0.739,0.408,0.402,0.835,0.627,0.219,0.448,none,P029,2025-06-11
H02301,36,35-44,Wandsworth,fitness,foodies,0.124,0.236,0.873,0.102,0.275,1.0,0.546,0.539,0.544,0.627,0.441,0.694,0.53,0.124,0.232,0.83,none,P029,2025-06-11
H02302,26,25-34,Brent,young_professionals,students,0.314,1.0,0.255,0.293,0.23,0.582,0.675,0.528,0.283,0.887,0.581,0.855,0.543,0.418,0.693,0.615,none,P029,2025-06-11
H02303,42,35-44,Barking and Dagenham,fitness,students,0.413,0.361,0.879,0.259,0.054,0.908,0.575,0.571,0.637,0.767,0.58,0.831,0.362,0.242,0.205,1.0,vegetarian,P029,2025-06-11
H02304,31,25-34,Lambeth,young_professionals,foodies,0.235,0.983,0.265,0.25,0.709,0.656,0.713,0.744,0.408,0.856,0.502,0.646,0.347,0.605,0.688,0.78,none,P029,2025-06-11
H02305,31,25-34,Waltham Forest,fitness,students,0.411,0.202,0.85,0.067,0.192,1.0,0.415,0.599,0.444,0.605,0.512,0.575,0.343,0.426,0.259,0.791,none,P029,2025-06-11
H02306,29,25-34,Wandsworth,young_professionals,foodies,0.29,0.838,0.149,0.165,0.448,0.704,0.752,0.668,0.286,0.788,0.607,0.579,0.745,0.536,0.362,0.582,none,P029,2025-06-11
H02307,28,25-34,Wandsworth,young_professionals,students,0.513,0.86,0.095,0.077,0.26,0.643,0.591,0.461,0.464,0.7,0.515,0.668,0.676,0.704,0.602,0.585,none,P029,2025-06-11
H02308,36,35-44,Hillingdon,families,fitness,0.227,0.314,0.551,0.84,0.126,0.612,0.182,0.342,0.696,0.857,0.417,0.39,0.464,0.553,0.182,0.403,none,organic,2025-06-12
H02309,32,25-34,Croydon,foodies,young_professionals,0.307,0.423,0.325,0.205,0.812,0.596,0.841,0.671,0.243,0.291,0.579,0.811,0.656,0.551,0.882,0.353,none,organic,2025-06-13
H02310,21,18-24,Tower Hamlets,foodies,families,0.232,0.079,0.171,0.337,0.695,0.689,0.924,0.575,0.249,0.41,0.666,0.55,0.76,0.69,0.95,0.476,none,organic,2025-06-14
H02311,26,25-34,Lambeth,young_professionals,fitness,0.487,1.0,0.745,0.345,0.28,0.539,0.633,0.766,0.589,0.981,0.624,0.836,0.536,0.763,0.471,0.534,none,organic,2025-06-14
H02312,35,35-44,Southwark,foodies,families,0.418,0.447,0.279,0.458,0.932,0.607,0.887,0.575,0.367,0.313,0.634,0.466,0.502,0.495,0.861,0.571,none,organic,2025-06-15
H02313,28,25-34,Islington,young_professionals,students,0.513,0.797,0.11,0.262,0.296,0.629,0.614,0.714,0.646,0.845,0.733,0.833,0.705,0.424,0.733,0.701,none,organic,2025-06-15
H02314,30,25-34,Barnet,young_professionals,families,0.41,0.664,0.234,0.614,0.091,0.64,0.675,0.78,0.467,0.878,0.582,0.834,0.637,0.671,0.434,0.665,dairy_free,organic,2025-06-15
H02315,22,18-24,Hackney,young_professionals,families,0.314,0.842,0.293,0.485,0.203,0.523,0.476,0.656,0.467,0.975,0.562,0.78,0.77,0.716,0.645,0.608,none,organic,2025-06-16
H02316,44,35-44,Lambeth,fitness,students,0.454,0.409,0.794,0.257,0.08,0.961,0.565,0.846,0.577,0.795,0.606,0.94,0.307,0.423,0.338,1.0,gluten_free,organic,2025-06-17
H02317,21,18-24,Newham,foodies,fitness,0.007,0.152,0.5,0.297,0.81,0.668,0.951,0.492,0.318,0.373,0.572,0.517,0.621,0.541,1.0,0.289,vegetarian,organic,2025-06-17
H02318,40,35-44,Newham,families,foodies,0.064,0.098,0.198,0.714,0.481,0.56,0.447,0.358,0.68,0.605,0.634,0.547,0.629,0.696,0.438,0.417,none,organic,2025-06-18
H02319,26,25-34,Kensington and Chelsea,young_professionals,fitness,0.227,0.818,0.376,0.351,0.331,0.454,0.842,0.725,0.551,0.734,0.55,0.742,0.693,0.458,0.808,0.756,dairy_free,organic,2025-06-19
H02320,21,18-24,Wandsworth,foodies,families,0.18,0.026,0.2,0.252,0.835,0.534,0.867,0.796,0.24,0.415,0.849,0.653,0.622,0.375,1.0,0.427,none,organic,2025-06-19
H02321,27,25-34,Hammersmith and Fulham,young_professionals,foodies,0.01,0.798,0.05,0.059,0.425,0.794,0.577,0.551,0.375,0.948,0.402,0.706,0.679,0.69,0.493,0.681,none,organic,2025-06-20
H02322,31,25-34,Merton,foodies,young_professionals,0.301,0.497,0.293,0.233,1.0,0.542,0.714,0.704,0.216,0.363,0.689,0.691,0.943,0.554,0.888,0.239,none,organic,2025-06-20
H02323,29,25-34,Lewisham,young_professionals,fitness,0.298,0.73,0.415,0.112,0.168,0.657,0.676,0.556,0.388,0.92,0.659,0.734,0.522,0.398,0.386,0.543,none,organic,2025-06-20
H02324,34,25-34,Newham,young_professionals,fitness,0.329,0.87,0.407,0.295,0.09,0.609,0.686,0.558,0.314,0.872,0.728,0.848,0.501,0.506,0.571,0.503,none,organic,2025-06-20
H02325,27,25-34,Harrow,foodies,young_professionals,0.09,0.401,0.199,0.18,0.874,0.607,0.886,0.431,0.503,0.407,0.768,0.691,0.946,0.736,0.992,0.315,vegan|dairy_free,P030,2025-06-21
H02326,21,18-24,Merton,foodies,young_professionals,0.245,0.399,0.395,0.392,0.894,0.348,0.819,0.419,0.237,0.228,0.843,0.743,0.741,0.747,0.882,0.409,none,P030,2025-06-21
H02327,31,25-34,Lewisham,young_professionals,families,0.185,0.923,0.15,0.552,0.066,0.636,0.618,0.63,0.399,0.762,0.481,0.846,0.689,0.581,0.556,0.656,none,P030,2025-06-21
H02328,34,25-34,Merton,families,students,0.557,0.433,0.216,0.799,0.045,0.801,0.33,0.429,0.634,0.781,0.758,0.381,0.466,0.646,0.46,0.287,none,P030,2025-06-21
H02329,31,25-34,Merton,fitness,students,0.534,0.278,0.96,0.351,0.397,0.812,0.519,0.704,0.573,0.646,0.502,0.883,0.393,0.265,0.417,0.846,dairy_free,P030,2025-06-21
H02330,27,25-34,Merton,fitness,families,0.201,0.131,0.784,0.446,0.4,1.0,0.501,0.65,0.479,0.742,0.585,0.411,0.313,0.316,0.48,0.882,none,P030,2025-06-21
H02331,40,35-44,Ealing,fitness,students,0.525,0.199,0.861,0.029,0.391,0.792,0.463,0.51,0.537,0.767,0.711,0.719,0.378,0.232,0.138,0.898,none,P030,2025-06-21
H02332,32,25-34,Havering,foodies,students,0.412,0.228,0.199,0.391,0.876,0.701,0.798,0.431,0.286,0.402,0.704,0.805,0.921,0.369,0.904,0.126,vegetarian,P030,2025-06-21
H02333,32,25-34,Merton,foodies,fitness,0.198,0.229,0.472,0.101,0.668,0.875,0.876,0.48,0.424,0.237,0.713,0.333,0.664,0.447,1.0,0.283,none,P030,2025-06-21
H02334,32,25-34,Merton,foodies,young_professionals,0.319,0.378,0.292,0.203,0.891,0.541,0.882,0.487,0.338,0.342,0.769,0.828,0.603,0.585,0.752,0.466,vegetarian|gluten_free,P030,2025-06-21
H02335,21,18-24,Richmond upon Thames,students,fitness,0.759,0.213,0.674,0.306,0.344,0.382,0.517,0.761,0.832,0.586,0.695,0.818,0.53,0.768,0.352,0.594,none,P030,2025-06-21
H02336,28,25-34,Merton,fitness,students,0.444,0.423,0.924,0.267,0.082,0.811,0.469,0.841,0.713,0.729,0.534,0.613,0.486,0.48,0.289,0.845,none,P030,2025-06-21
H02337,31,25-34,Merton,families,foodies,0.096,0.124,0.382,0.711,0.471,0.595,0.306,0.375,0.681,0.818,0.429,0.477,0.739,1.0,0.337,0.39,none,P030,2025-06-21
H02338,35,35-44,Barnet,families,young_professionals,0.182,0.413,0.406,0.71,0.102,0.511,0.388,0.392,0.807,0.836,0.644,0.523,0.793,0.819,0.436,0.253,none,P030,2025-06-21
H02339,24,18-24,Greenwich,foodies,students,0.323,0.175,0.112,0.136,0.911,0.763,0.909,0.586,0.436,0.485,0.812,0.756,0.551,0.569,1.0,0.497,none,P030,2025-06-21
H02340,27,25-34,Merton,young_professionals,students,0.531,0.808,0.327,0.332,0.287,0.671,0.755,0.791,0.495,0.932,0.617,0.636,0.623,0.621,0.681,0.824,none,P030,2025-06-21
H02341,22,18-24,Merton,students,young_professionals,0.832,0.544,0.356,0.359,0.295,0.544,0.759,0.765,0.879,0.724,0.512,0.828,0.749,0.78,0.352,0.678,none,P030,2025-06-21
H02342,36,35-44,Sutton,foodies,fitness,0.284,0.343,0.368,0.0,0.939,0.538,0.792,0.633,0.137,0.252,0.698,0.742,1.0,0.636,0.826,0.319,dairy_free,P030,2025-06-21
H02343,31,25-34,Merton,families,students,0.465,0.341,0.281,0.789,0.438,0.585,0.393,0.47,0.698,0.662,0.485,0.42,0.344,0.759,0.3,0.359,none,P030,2025-06-21
H02344,41,35-44,Wandsworth,families,students,0.304,0.017,0.216,0.823,0.207,0.822,0.34,0.413,0.726,0.718,0.478,0.555,0.656,1.0,0.589,0.441,none,P030,2025-06-21
H02345,24,18-24,Lambeth,foodies,fitness,0.149,0.403,0.513,0.41,0.984,0.43,0.904,0.677,0.004,0.448,0.613,0.737,0.46,0.423,1.0,0.546,none,P030,2025-06-21
H02346,33,25-34,Redbridge,families,young_professionals,0.145,0.255,0.248,0.895,0.189,0.649,0.329,0.194,0.708,0.81,0.544,0.406,0.398,0.804,0.504,0.517,none,P030,2025-06-21
H02347,36,35-44,Merton,families,fitness,0.102,0.454,0.486,0.913,0.378,0.672,0.352,0.42,0.685,0.775,0.532,0.637,0.725,1.0,0.497,0.385,none,P030,2025-06-21
H02348,34,25-34,Camden,young_professionals,fitness,0.056,0.917,0.599,0.504,0.487,0.747,0.743,0.73,0.479,0.907,0.388,0.788,0.599,0.545,0.627,0.564,none,P030,2025-06-21
H02349,31,25-34,Kingston upon Thames,families,foodies,0.127,0.147,0.085,0.701,0.165,0.707,0.358,0.376,0.857,0.652,0.654,0.451,0.598,0.66,0.418,0.298,none,P030,2025-06-21
H02350,32,25-34,Camden,fitness,young_professionals,0.075,0.399,0.939,0.2,0.182,0.898,0.543,0.66,0.255,0.763,0.549,0.76,0.6,0.263,0.295,0.893,vegetarian,P030,2025-06-21
H02351,49,45+,Merton,families,young_professionals,0.294,0.547,0.25,0.762,0.442,0.79,0.506,0.333,0.642,0.703,0.622,0.356,0.463,0.664,0.387,0.456,vegetarian,P030,2025-06-21
H02352,37,35-44,Tower Hamlets,families,fitness,0.0,0.231,0.487,0.96,0.136,0.774,0.183,0.229,0.62,0.832,0.55,0.478,0.445,0.735,0.423,0.239,none,P030,2025-06-21
H02353,19,18-24,Bromley,students,fitness,0.863,0.035,0.375,0.336,0.265,0.424,0.748,0.885,0.982,0.809,0.51,0.784,0.811,0.705,0.464,0.534,vegetarian,P030,2025-06-21
H02354,28,25-34,Newham,young_professionals,fitness,0.239,0.954,0.501,0.347,0.399,0.556,0.706,0.842,0.264,0.872,0.534,0.75,0.505,0.505,0.603,0.679,none,P030,2025-06-21
H02355,30,25-34,Redbridge,fitness,young_professionals,0.274,0.29,0.867,0.175,0.068,0.901,0.475,0.509,0.477,0.768,0.447,0.622,0.527,0.398,0.511,0.893,none,P030,2025-06-21
H02356,37,35-44,Croydon,families,students,0.414,0.262,0.25,0.815,0.304,0.717,0.236,0.437,0.667,0.628,0.728,0.459,0.663,0.615,0.686,0.584,none,P030,2025-06-21
H02357,21,18-24,Merton,students,fitness,0.874,0.23,0.361,0.048,0.182,0.604,0.682,0.88,0.97,0.601,0.492,0.645,0.703,0.594,0.514,0.467,none,P030,2025-06-21
H02358,37,35-44,Lambeth,foodies,young_professionals,0.207,0.456,0.4,0.194,0.93,0.68,1.0,0.637,0.208,0.368,0.853,0.662,0.758,0.504,0.863,0.509,none,P030,2025-06-21
H02359,28,25-34,Westminster,young_professionals,fitness,0.347,0.86,0.547,0.313,0.399,0.361,0.757,0.682,0.487,0.732,0.432,0.823,0.811,0.576,0.697,0.595,vegan,P030,2025-06-21
H02360,38,35-44,Merton,fitness,young_professionals,0.253,0.478,1.0,0.208,0.382,0.867,0.514,0.494,0.726,0.769,0.777,0.605,0.181,0.265,0.652,0.861,none,P030,2025-06-21
H02361,33,25-34,Merton,families,fitness,0.176,0.288,0.616,0.903,0.0,0.683,0.385,0.535,0.542,0.933,0.476,0.531,0.54,0.611,0.555,0.378,none,P030,2025-06-21
H02362,37,35-44,Merton,families,young_professionals,0.529,0.629,0.488,0.9,0.054,0.552,0.418,0.319,0.69,0.655,0.515,0.459,0.649,0.857,0.646,0.272,vegetarian,P030,2025-06-21
H02363,30,25-34,Hackney,fitness,foodies,0.306,0.162,0.948,0.277,0.323,0.803,0.429,0.391,0.569,0.725,0.612,0.535,0.356,0.466,0.423,0.994,none,P030,2025-06-21
H02364,30,25-34,Merton,young_professionals,fitness,0.0,0.838,0.346,0.303,0.274,0.504,0.698,0.619,0.509,0.842,0.577,0.925,0.662,0.565,0.65,0.731,none,P030,2025-06-21
H02365,35,35-44,Merton,young_professionals,foodies,0.107,0.954,0.285,0.255,0.414,0.536,0.706,0.61,0.164,0.911,0.678,0.731,0.621,0.505,0.395,0.432,none,P030,2025-06-21
H02366,31,25-34,Lambeth,young_professionals,fitness,0.357,0.826,0.407,0.182,0.333,0.569,0.816,0.505,0.151,0.932,0.696,0.536,0.635,0.734,0.471,0.662,none,P030,2025-06-21
H02367,31,25-34,Lewisham,young_professionals,families,0.086,0.867,0.046,0.275,0.181,0.563,0.604,0.695,0.401,0.902,0.507,0.694,0.702,0.535,0.37,0.648,none,P030,2025-06-21
H02368,43,35-44,Hammersmith and Fulham,families,foodies,0.0,0.42,0.358,0.748,0.432,0.569,0.289,0.354,0.77,0.756,0.65,0.545,0.399,0.816,0.528,0.275,none,P030,2025-06-21
H02369,41,35-44,Tower Hamlets,families,young_professionals,0.441,0.446,0.237,0.805,0.347,0.653,0.321,0.555,0.727,0.701,0.369,0.476,0.531,0.676,0.613,0.36,none,P030,2025-06-21
H02370,23,18-24,Hackney,young_professionals,students,0.404,0.867,0.313,0.296,0.278,0.529,0.738,0.548,0.565,0.702,0.516,0.555,0.7,0.499,0.682,0.533,none,P030,2025-06-21
H02371,39,35-44,Kingston upon Thames,families,foodies,0.305,0.321,0.163,0.821,0.382,0.654,0.411,0.397,0.908,0.792,0.628,0.496,0.721,0.725,0.423,0.459,none,P030,2025-06-21
H02372,23,18-24,Tower Hamlets,students,families,0.846,0.278,0.22,0.459,0.249,0.425,0.787,0.782,1.0,0.665,0.524,0.714,0.718,0.788,0.597,0.568,dairy_free,P030,2025-06-21
H02373,31,25-34,Merton,foodies,families,0.224,0.314,0.301,0.476,0.966,0.637,0.928,0.567,0.093,0.566,0.645,0.683,0.612,0.726,0.904,0.31,dairy_free,P030,2025-06-21
H02374,36,35-44,Newham,families,young_professionals,0.404,0.526,0.156,0.69,0.353,0.554,0.522,0.142,0.588,0.686,0.455,0.646,0.401,0.937,0.467,0.187,none,P030,2025-06-21
H02375,37,35-44,Merton,families,young_professionals,0.195,0.335,0.232,0.816,0.279,0.654,0.434,0.155,0.69,0.728,0.587,0.404,0.731,0.661,0.445,0.27,none,P030,2025-06-21
H02376,36,35-44,Hillingdon,young_professionals,foodies,0.521,0.926,0.454,0.32,0.548,0.825,0.747,0.748,0.501,0.895,0.548,0.665,0.584,0.222,0.59,0.679,gluten_free,P030,2025-06-21
H02377,30,25-34,Tower Hamlets,foodies,fitness,0.101,0.196,0.433,0.086,0.862,0.739,0.833,0.516,0.325,0.559,0.796,0.714,0.935,0.712,0.97,0.265,vegetarian,organic,2025-06-21
H02378,31,25-34,Merton,foodies,fitness,0.245,0.372,0.547,0.3,0.858,0.693,0.824,0.504,0.296,0.214,0.642,0.56,0.553,0.587,0.953,0.337,none,organic,2025-06-21
H02379,31,25-34,Wandsworth,young_professionals,fitness,0.425,0.768,0.479,0.224,0.331,0.558,0.825,0.621,0.511,0.92,0.639,0.815,0.459,0.481,0.54,0.73,none,organic,2025-06-21
H02380,19,18-24,Barnet,students,fitness,0.88,0.103,0.513,0.169,0.105,0.369,0.643,0.838,0.951,0.786,0.483,0.831,0.975,0.744,0.27,0.411,dairy_free|nut_allergy,organic,2025-06-21
H02381,28,25-34,Lewisham,young_professionals,students,0.492,0.704,0.172,0.07,0.166,0.653,0.744,0.608,0.434,1.0,0.707,0.862,0.538,0.609,0.698,0.754,none,organic,2025-06-22
H02382,30,25-34,Wandsworth,foodies,students,0.304,0.021,0.269,0.274,0.907,0.485,0.809,0.591,0.185,0.318,0.593,0.583,0.521,0.663,0.968,0.26,none,organic,2025-06-22
H02383,21,18-24,Haringey,students,fitness,0.79,0.293,0.351,0.251,0.17,0.504,0.805,0.934,0.684,0.748,0.443,0.685,0.617,0.776,0.322,0.322,dairy_free,organic,2025-06-23
H02384,34,25-34,Southwark,young_professionals,fitness,0.196,0.847,0.437,0.236,0.143,0.606,0.514,0.65,0.313,0.77,0.521,0.808,0.425,0.516,0.578,0.733,none,organic,2025-06-23
H02385,26,25-34,Tower Hamlets,fitness,foodies,0.486,0.183,0.738,0.396,0.544,0.97,0.469,0.652,0.649,0.628,0.541,0.644,0.458,0.165,0.42,0.92,gluten_free,organic,2025-06-24
H02386,31,25-34,Croydon,young_professionals,fitness,0.102,0.845,0.335,0.314,0.273,0.637,0.691,0.538,0.328,0.879,0.543,0.783,0.657,0.727,0.556,0.731,none,organic,2025-06-24
H02387,28,25-34,Wandsworth,young_professionals,families,0.121,0.889,0.335,0.474,0.293,0.693,0.731,0.566,0.449,0.905,0.641,0.64,0.423,0.595,0.598,0.719,none,organic,2025-06-25
H02388,28,25-34,Croydon,young_professionals,students,0.452,0.971,0.143,0.317,0.289,0.581,0.608,0.701,0.439,0.965,0.5,0.755,0.665,0.532,0.729,0.64,none,organic,2025-06-25
H02389,41,35-44,Lewisham,families,young_professionals,0.214,0.355,0.219,0.785,0.138,0.733,0.304,0.249,0.735,0.748,0.536,0.369,0.556,0.831,0.355,0.129,none,organic,2025-06-25
H02390,28,25-34,Camden,young_professionals,foodies,0.26,0.796,0.352,0.212,0.423,0.625,0.654,0.671,0.326,0.968,0.684,0.63,0.499,0.484,0.621,0.657,none,organic,2025-06-25
H02391,30,25-34,Hackney,fitness,foodies,0.174,0.275,0.919,0.281,0.577,0.856,0.617,0.661,0.406,0.824,0.654,0.449,0.429,0.378,0.268,1.0,nut_allergy,organic,2025-06-25
H02392,28,25-34,Havering,young_professionals,foodies,0.097,0.702,0.224,0.25,0.288,0.622,0.734,0.712,0.542,0.71,0.522,0.808,0.694,0.547,0.914,0.661,none,organic,2025-06-25
H02393,29,25-34,Lewisham,foodies,fitness,0.156,0.297,0.618,0.24,1.0,0.361,0.854,0.524,0.307,0.596,0.795,0.683,0.649,0.674,0.952,0.3,vegan|gluten_free,organic,2025-06-25
H02394,32,25-34,Greenwich,fitness,foodies,0.348,0.037,0.921,0.344,0.431,0.994,0.501,0.664,0.696,0.779,0.551,0.651,0.389,0.371,0.497,0.696,none,organic,2025-06-25
H02395,33,25-34,Hillingdon,young_professionals,students,0.605,0.782,0.288,0.153,0.335,0.633,0.664,0.663,0.293,0.868,0.559,0.905,0.888,0.602,0.688,0.612,none,organic,2025-06-25
H02396,29,25-34,Lambeth,young_professionals,students,0.486,0.799,0.121,0.441,0.257,0.492,0.804,0.637,0.434,0.794,0.561,0.661,0.788,0.571,0.543,0.55,gluten_free,organic,2025-06-25
H02397,42,35-44,Tower Hamlets,families,young_professionals,0.28,0.55,0.077,0.828,0.191,0.801,0.371,0.409,0.735,0.786,0.646,0.248,0.667,0.778,0.478,0.467,none,organic,2025-06-25
H02398,22,18-24,Hackney,students,foodies,0.935,0.227,0.275,0.048,0.408,0.563,0.832,0.899,0.931,0.548,0.326,0.639,0.647,0.74,0.309,0.41,none,organic,2025-06-26
H02399,28,25-34,Ealing,young_professionals,fitness,0.31,0.732,0.37,0.005,0.304,0.598,0.756,0.621,0.257,0.988,0.651,0.858,0.46,0.874,0.695,0.943,vegetarian,organic,2025-06-26
H02400,24,18-24,Haringey,fitness,foodies,0.39,0.446,0.809,0.366,0.506,0.977,0.667,0.568,0.375,0.573,0.614,0.874,0.479,0.193,0.272,0.865,dairy_free,organic,2025-06-27
H02401,22,18-24,Bexley,young_professionals,fitness,0.192,0.825,0.41,0.272,0.009,0.348,0.595,0.429,0.628,0.778,0.641,0.599,0.574,0.481,0.634,0.603,none,organic,2025-06-27
H02402,30,25-34,Waltham Forest,young_professionals,families,0.306,0.853,0.243,0.333,0.0,0.498,0.633,0.612,0.237,0.675,0.654,0.678,0.864,0.436,0.822,0.438,none,organic,2025-06-27
H02403,40,35-44,Wandsworth,young_professionals,fitness,0.293,0.985,0.444,0.329,0.088,0.468,0.682,0.568,0.514,0.946,0.569,0.736,0.589,0.422,0.675,0.535,none,organic,2025-06-27
H02404,37,35-44,Havering,families,foodies,0.372,0.33,0.126,0.819,0.563,0.56,0.373,0.443,0.873,0.55,0.662,0.458,0.838,0.95,0.722,0.304,vegetarian|gluten_free,organic,2025-06-27
H02405,37,35-44,Barnet,foodies,families,0.389,0.355,0.1,0.445,0.951,0.452,0.864,0.562,0.426,0.416,0.689,0.636,0.675,0.675,0.829,0.435,none,organic,2025-06-28
H02406,35,35-44,Kensington and Chelsea,families,foodies,0.531,0.074,0.145,1.0,0.545,0.695,0.61,0.513,0.822,0.663,0.642,0.639,0.715,0.549,0.411,0.263,vegetarian,organic,2025-06-28
H02407,28,25-34,Hounslow,young_professionals,foodies,0.077,0.837,0.176,0.264,0.339,0.838,0.845,0.649,0.357,0.813,0.62,0.699,0.61,0.627,0.576,0.688,none,organic,2025-06-29
H02408,27,25-34,Merton,foodies,families,0.34,0.418,0.332,0.585,0.778,0.369,0.858,0.596,0.309,0.418,0.856,0.845,0.79,0.583,0.945,0.488,none,organic,2025-06-29
H02409,30,25-34,Westminster,young_professionals,students,0.477,0.852,0.313,0.268,0.174,0.565,0.73,0.426,0.55,0.879,0.73,0.467,0.751,0.428,0.7,0.745,none,organic,2025-06-29
H02410,29,25-34,Wandsworth,young_professionals,students,0.469,0.807,0.048,0.233,0.27,0.592,0.621,0.794,0.458,0.769,0.587,0.776,0.85,0.612,0.522,0.729,none,organic,2025-06-30
H02411,27,25-34,Southwark,young_professionals,students,0.338,0.826,0.237,0.047,0.059,0.697,0.754,0.578,0.535,0.748,0.621,0.776,0.572,0.607,0.442,0.645,none,organic,2025-07-01
H02412,30,25-34,Merton,young_professionals,students,0.484,0.864,0.046,0.418,0.011,0.681,0.631,0.716,0.422,0.862,0.459,0.878,0.669,0.62,0.734,0.615,gluten_free,organic,2025-07-01
H02413,27,25-34,Hackney,fitness,young_professionals,0.205,0.318,0.722,0.248,0.2,1.0,0.544,0.46,0.329,0.556,0.612,0.558,0.559,0.259,0.512,0.853,none,organic,2025-07-01
H02414,27,25-34,Tower Hamlets,foodies,young_professionals,0.423,0.456,0.323,0.122,0.869,0.718,0.738,0.52,0.221,0.441,0.759,0.835,0.665,0.439,0.862,0.291,none,organic,2025-07-02
H02415,37,35-44,Hackney,fitness,young_professionals,0.13,0.161,0.797,0.0,0.112,0.809,0.635,0.466,0.548,0.671,0.718,0.877,0.278,0.023,0.324,0.947,none,organic,2025-07-02
H02416,28,25-34,Lewisham,young_professionals,families,0.298,0.887,0.299,0.483,0.338,0.641,0.741,0.477,0.505,0.884,0.667,0.6,0.642,0.597,0.621,0.738,none,organic,2025-07-02
H02417,25,25-34,Lewisham,young_professionals,fitness,0.151,0.851,0.34,0.291,0.22,0.406,0.541,0.722,0.46,0.913,0.538,0.682,0.562,0.229,0.466,0.522,vegetarian,organic,2025-07-03
H02418,36,35-44,Southwark,young_professionals,foodies,0.065,0.915,0.289,0.315,0.429,0.663,0.71,0.534,0.41,0.803,0.603,0.702,0.867,0.605,0.593,0.684,none,organic,2025-07-04
H02419,22,18-24,Westminster,students,young_professionals,0.792,0.373,0.199,0.357,0.1,0.483,0.708,0.776,0.942,0.734,0.432,0.562,0.742,0.828,0.37,0.487,none,organic,2025-07-05
H02420,31,25-34,Hackney,young_professionals,students,0.649,1.0,0.19,0.343,0.43,0.617,0.703,0.522,0.297,0.839,0.524,0.679,0.756,0.629,0.556,0.772,none,organic,2025-07-06
H02421,25,25-34,Redbridge,young_professionals,fitness,0.281,0.812,0.289,0.255,0.086,0.564,0.78,0.733,0.513,0.851,0.853,0.648,0.708,0.637,0.403,0.481,none,organic,2025-07-06
H02422,38,35-44,Haringey,families,young_professionals,0.341,0.414,0.32,0.635,0.0,0.619,0.297,0.383,0.686,0.819,0.506,0.398,0.602,0.748,0.353,0.395,none,organic,2025-07-07
H02423,38,35-44,Newham,foodies,fitness,0.216,0.367,0.429,0.281,0.77,0.624,0.801,0.78,0.179,0.369,0.843,0.506,0.604,0.615,0.872,0.451,none,organic,2025-07-07
H02424,26,25-34,Islington,young_professionals,foodies,0.254,0.824,0.319,0.245,0.382,0.637,0.644,0.765,0.558,0.717,0.31,0.745,0.627,0.651,0.769,0.836,none,organic,2025-07-07
H02425,40,35-44,Southwark,fitness,students,0.455,0.421,0.891,0.26,0.127,0.891,0.627,0.471,0.683,0.486,0.762,0.729,0.464,0.369,0.072,0.866,none,organic,2025-07-08
H02426,37,35-44,Westminster,fitness,young_professionals,0.203,0.51,0.802,0.359,0.156,0.911,0.648,0.389,0.118,0.64,0.593,0.688,0.31,0.136,0.33,0.848,gluten_free|dairy_free,organic,2025-07-08
H02427,39,35-44,Kensington and Chelsea,foodies,students,0.394,0.18,0.164,0.343,0.938,0.647,0.868,0.722,0.175,0.465,0.892,0.781,0.596,0.636,1.0,0.473,vegan,organic,2025-07-09
H02428,33,25-34,Newham,families,foodies,0.256,0.202,0.03,0.821,0.355,0.621,0.172,0.716,0.654,0.697,0.576,0.452,0.504,0.886,0.32,0.243,none,organic,2025-07-09
H02429,32,25-34,Camden,foodies,young_professionals,0.29,0.591,0.0,0.191,0.839,0.569,0.84,0.686,0.085,0.325,0.729,0.594,0.624,0.578,1.0,0.472,none,organic,2025-07-11
H02430,31,25-34,Tower Hamlets,fitness,students,0.483,0.212,0.94,0.226,0.172,1.0,0.599,0.737,0.475,0.637,0.633,0.601,0.509,0.23,0.198,1.0,none,organic,2025-07-11
H02431,45,45+,Croydon,families,foodies,0.175,0.335,0.304,0.916,0.485,0.583,0.298,0.399,0.607,0.783,0.471,0.385,0.983,0.983,0.517,0.452,vegetarian,P031,2025-07-12
H02432,30,25-34,Lewisham,young_professionals,families,0.261,1.0,0.49,0.534,0.34,0.666,0.752,0.614,0.365,0.775,0.614,0.732,0.417,0.753,0.55,0.799,none,P031,2025-07-12
H02433,32,25-34,Croydon,fitness,students,0.446,0.425,0.838,0.376,0.401,0.991,0.418,0.734,0.492,0.717,0.506,0.646,0.525,0.195,0.357,0.957,none,P031,2025-07-12
H02434,23,18-24,Hillingdon,students,foodies,0.82,0.369,0.398,0.167,0.52,0.478,0.847,0.727,0.876,0.847,0.567,0.661,0.874,0.85,0.294,0.638,none,P031,2025-07-12
H02435,23,18-24,Croydon,students,foodies,1.0,0.37,0.025,0.166,0.411,0.455,0.855,0.785,1.0,0.538,0.552,0.765,0.718,0.793,0.491,0.676,none,P031,2025-07-12
H02436,39,35-44,Barnet,foodies,families,0.097,0.187,0.092,0.382,0.961,0.365,0.933,0.572,0.287,0.257,0.683,0.733,0.528,0.661,0.853,0.198,none,P031,2025-07-12
H02437,27,25-34,Newham,young_professionals,foodies,0.218,1.0,0.178,0.205,0.368,0.585,0.846,0.801,0.488,0.971,0.585,0.884,0.662,0.682,0.744,0.736,none,P031,2025-07-12
H02438,20,18-24,Croydon,students,young_professionals,0.828,0.434,0.324,0.253,0.329,0.327,0.624,0.792,0.705,0.883,0.514,0.647,0.897,0.733,0.528,0.481,none,P031,2025-07-12
H02439,23,18-24,Croydon,students,families,0.843,0.379,0.0,0.49,0.217,0.361,0.804,0.856,0.862,0.571,0.546,0.744,0.743,0.679,0.506,0.702,none,P031,2025-07-12
H02440,28,25-34,Croydon,young_professionals,students,0.711,0.88,0.11,0.228,0.186,0.478,0.611,0.525,0.431,0.762,0.678,0.68,0.751,0.609,0.677,0.758,vegetarian,P031,2025-07-12
H02441,42,35-44,Southwark,families,young_professionals,0.36,0.459,0.317,0.77,0.106,0.584,0.179,0.371,0.694,0.794,0.567,0.715,0.697,0.838,0.544,0.414,gluten_free,P031,2025-07-12
H02442,34,25-34,Barnet,foodies,students,0.588,0.289,0.1,0.405,0.862,0.398,0.911,0.546,0.449,0.374,0.664,0.787,0.405,0.661,0.798,0.345,none,P031,2025-07-12
H02443,23,18-24,Croydon,students,families,0.799,0.033,0.367,0.63,0.214,0.582,0.673,0.608,0.755,0.642,0.699,0.557,0.933,0.907,0.477,0.244,none,P031,2025-07-12
H02444,19,18-24,Croydon,students,families,0.848,0.215,0.184,0.328,0.089,0.643,0.636,0.826,0.95,0.714,0.558,0.803,0.8,0.729,0.369,0.53,none,P031,2025-07-12
H02445,21,18-24,Lewisham,students,foodies,0.805,0.146,0.425,0.0,0.48,0.577,0.847,0.914,0.791,0.721,0.473,0.566,0.77,0.7,0.43,0.49,gluten_free,P031,2025-07-12
H02446,32,25-34,Newham,fitness,families,0.084,0.327,0.81,0.444,0.222,0.934,0.459,0.572,0.662,0.834,0.593,0.806,0.38,0.241,0.216,0.91,gluten_free,P031,2025-07-12
H02447,24,18-24,Croydon,young_professionals,foodies,0.257,1.0,0.337,0.339,0.381,0.633,0.68,0.735,0.513,0.855,0.649,0.671,0.746,0.716,0.612,0.601,none,P031,2025-07-12
H02448,31,25-34,Croydon,fitness,young_professionals,0.12,0.443,0.859,0.364,0.02,0.908,0.459,0.402,0.395,0.553,0.698,0.8,0.663,0.239,0.285,0.916,none,P031,2025-07-12
H02449,29,25-34,Kingston upon Thames,young_professionals,students,0.406,0.885,0.214,0.09,0.277,0.514,0.721,0.514,0.574,0.902,0.51,0.572,0.564,0.442,0.454,0.481,none,P031,2025-07-12
H02450,23,18-24,Croydon,students,families,0.872,0.367,0.251,0.392,0.182,0.397,0.67,0.718,0.902,0.724,0.578,0.851,0.808,0.603,0.474,0.62,none,P031,2025-07-12
H02451,28,25-34,Croydon,young_professionals,fitness,0.278,0.997,0.327,0.06,0.028,0.475,0.88,0.852,0.377,0.908,0.631,0.716,0.455,0.827,0.382,0.675,none,P031,2025-07-12
H02452,32,25-34,Hounslow,young_professionals,foodies,0.153,0.815,0.067,0.329,0.407,0.655,0.725,0.525,0.346,0.828,0.466,0.654,0.595,0.619,0.515,0.596,none,P031,2025-07-12
H02453,20,18-24,Croydon,fitness,young_professionals,0.334,0.358,0.972,0.225,0.14,0.873,0.618,0.595,0.461,0.761,0.535,0.662,0.463,0.327,0.269,0.716,none,P031,2025-07-12
H02454,26,25-34,Croydon,young_professionals,students,0.304,0.906,0.192,0.26,0.289,0.657,0.8,0.784,0.348,0.978,0.595,0.639,0.626,0.695,0.655,0.505,dairy_free,P031,2025-07-12
H02455,24,18-24,Croydon,foodies,young_professionals,0.19,0.312,0.131,0.236,0.979,0.703,0.97,0.413,0.239,0.313,0.617,0.77,0.873,0.599,0.986,0.399,none,P031,2025-07-12
H02456,18,18-24,Hackney,students,foodies,0.744,0.302,0.193,0.224,0.575,0.491,0.742,0.71,0.945,0.69,0.613,0.811,0.572,0.874,0.419,0.649,vegetarian,P031,2025-07-12
H02457,46,45+,Croydon,foodies,students,0.301,0.24,0.223,0.144,0.762,0.592,0.923,0.369,0.344,0.283,0.725,0.811,0.717,0.558,0.93,0.613,none,P031,2025-07-12
H02458,20,18-24,Barnet,students,fitness,0.884,0.232,0.541,0.275,0.099,0.333,0.844,0.6,0.883,0.78,0.331,0.708,0.57,0.529,0.322,0.528,none,P031,2025-07-12
H02459,29,25-34,Westminster,young_professionals,families,0.227,0.803,0.334,0.609,0.195,0.506,0.671,0.752,0.454,0.979,0.528,0.472,0.963,0.576,0.693,0.555,none,P031,2025-07-12
H02460,18,18-24,Barking and Dagenham,students,foodies,0.88,0.453,0.367,0.338,0.562,0.636,0.852,0.759,0.792,0.734,0.677,0.511,0.764,0.505,0.409,0.351,none,P031,2025-07-12
H02461,34,25-34,Merton,young_professionals,foodies,0.219,0.925,0.058,0.359,0.374,0.447,0.654,0.488,0.483,1.0,0.69,0.677,0.711,0.592,0.628,0.494,none,P031,2025-07-12
H02462,20,18-24,Lambeth,students,families,0.859,0.244,0.312,0.318,0.31,0.554,0.784,0.833,0.808,0.456,0.525,0.472,0.772,0.907,0.376,0.483,none,P031,2025-07-12
H02463,21,18-24,Croydon,students,families,0.841,0.147,0.437,0.705,0.478,0.333,0.787,0.911,0.865,0.679,0.62,0.787,0.801,0.781,0.497,0.517,none,P031,2025-07-12
H02464,31,25-34,Ealing,young_professionals,students,0.316,0.952,0.176,0.315,0.312,0.773,0.663,0.754,0.384,0.769,0.545,0.78,0.671,0.61,0.54,0.655,none,P031,2025-07-12
H02465,45,45+,Croydon,families,foodies,0.103,0.177,0.236,0.782,0.415,0.656,0.367,0.245,0.844,0.705,0.426,0.439,0.544,0.654,0.593,0.467,none,P031,2025-07-12
H02466,28,25-34,Merton,fitness,young_professionals,0.274,0.556,0.976,0.534,0.278,0.921,0.564,0.462,0.534,0.587,0.747,0.75,0.483,0.055,0.435,0.879,none,P031,2025-07-12
H02467,30,25-34,Lewisham,families,young_professionals,0.392,0.515,0.031,0.691,0.275,0.701,0.478,0.354,0.785,0.515,0.698,0.596,0.295,0.796,0.262,0.277,none,P031,2025-07-12
H02468,30,25-34,Croydon,fitness,students,0.488,0.31,0.848,0.465,0.249,0.794,0.286,0.698,0.41,0.626,0.756,0.683,0.462,0.13,0.518,0.885,vegan,P031,2025-07-12
H02469,45,45+,Redbridge,foodies,families,0.212,0.151,0.235,0.307,0.886,0.807,0.851,0.735,0.24,0.207,0.583,0.686,0.839,0.462,0.845,0.446,gluten_free,P031,2025-07-12
H02470,18,18-24,Camden,students,young_professionals,0.875,0.398,0.374,0.304,0.142,0.254,0.686,0.729,0.956,0.96,0.563,0.556,0.731,0.751,0.541,0.699,nut_allergy,P031,2025-07-12
H02471,33,25-34,Hillingdon,foodies,students,0.523,0.248,0.308,0.263,0.952,0.608,0.764,0.603,0.21,0.228,0.837,0.697,0.88,0.553,0.834,0.477,none,P031,2025-07-12
H02472,31,25-34,Lewisham,young_professionals,families,0.281,0.899,0.09,0.441,0.245,0.546,0.734,0.568,0.482,0.997,0.555,0.592,0.6,0.379,0.76,0.66,none,P031,2025-07-12
H02473,24,18-24,Greenwich,young_professionals,families,0.452,0.951,0.076,0.456,0.263,0.602,0.689,0.806,0.433,0.936,0.663,0.857,0.528,0.635,0.64,0.507,none,P031,2025-07-12
H02474,38,35-44,Croydon,young_professionals,fitness,0.241,0.814,0.368,0.219,0.321,0.703,0.561,0.819,0.351,0.969,0.746,0.687,0.598,0.537,0.675,0.53,none,P031,2025-07-12
H02475,20,18-24,Croydon,students,fitness,0.856,0.143,0.319,0.317,0.185,0.482,0.81,0.786,0.846,0.685,0.624,0.555,0.834,0.788,0.419,0.524,gluten_free,P031,2025-07-12
H02476,22,18-24,Hammersmith and Fulham,students,young_professionals,0.86,0.235,0.128,0.017,0.126,0.192,0.733,0.88,0.875,0.573,0.465,0.661,0.842,0.728,0.526,0.54,none,P031,2025-07-12
H02477,25,25-34,Croydon,young_professionals,fitness,0.197,0.888,0.39,0.256,0.0,0.795,0.68,0.67,0.388,0.82,0.616,0.625,0.853,0.651,0.662,0.633,vegan,P031,2025-07-12
H02478,43,35-44,Croydon,families,students,0.392,0.24,0.137,0.83,0.304,0.756,0.344,0.461,0.818,0.693,0.467,0.796,0.671,0.717,0.649,0.313,none,P031,2025-07-12
H02479,33,25-34,Southwark,foodies,fitness,0.259,0.187,0.336,0.204,0.826,0.518,0.918,0.648,0.402,0.446,0.782,0.646,0.801,0.591,0.795,0.22,gluten_free,P031,2025-07-12
H02480,21,18-24,Croydon,students,foodies,0.872,0.282,0.307,0.239,0.393,0.464,0.7,0.945,1.0,0.677,0.454,0.696,0.734,0.742,0.402,0.424,none,P031,2025-07-12
H02481,41,35-44,Kensington and Chelsea,foodies,young_professionals,0.216,0.494,0.191,0.291,0.959,0.578,0.798,0.513,0.135,0.322,0.676,0.912,0.561,0.512,1.0,0.275,none,organic,2025-07-12
H02482,27,25-34,Croydon,young_professionals,students,0.362,0.868,0.166,0.228,0.14,0.634,0.592,0.563,0.363,0.843,0.709,0.666,0.613,0.694,0.436,0.833,none,organic,2025-07-13
H02483,18,18-24,Wandsworth,students,foodies,0.845,0.447,0.207,0.367,0.546,0.485,0.724,0.773,0.908,0.586,0.53,0.78,0.61,0.81,0.535,0.767,dairy_free,organic,2025-07-14
H02484,25,25-34,Kingston upon Thames,young_professionals,foodies,0.256,0.784,0.374,0.215,0.492,0.567,0.809,0.641,0.511,0.894,0.434,0.972,0.464,0.677,0.552,0.646,none,organic,2025-07-14
H02485,26,25-34,Haringey,young_professionals,fitness,0.274,0.871,0.418,0.355,0.32,0.504,0.609,0.521,0.325,0.823,0.57,0.68,0.54,0.697,0.773,0.725,none,organic,2025-07-14
H02486,31,25-34,Westminster,young_professionals,fitness,0.286,0.952,0.341,0.332,0.292,0.682,0.725,0.626,0.512,0.799,0.67,0.929,0.64,0.736,0.568,0.436,gluten_free,organic,2025-07-15
H02487,31,25-34,Barking and Dagenham,families,young_professionals,0.31,0.418,0.088,0.761,0.363,0.693,0.455,0.369,0.504,0.632,0.499,0.522,0.506,0.777,0.394,0.489,none,organic,2025-07-15
H02488,27,25-34,Tower Hamlets,young_professionals,foodies,0.251,0.831,0.141,0.192,0.351,0.737,0.675,0.59,0.424,0.761,0.711,0.578,0.661,0.743,0.506,0.395,vegetarian,organic,2025-07-15
H02489,42,35-44,Hackney,foodies,students,0.514,0.44,0.267,0.502,0.799,0.49,0.963,0.578,0.267,0.216,0.648,0.538,0.757,0.931,0.979,0.494,vegan,organic,2025-07-16
H02490,37,35-44,Greenwich,fitness,students,0.494,0.493,0.991,0.041,0.376,0.876,0.438,0.611,0.629,0.623,0.549,0.631,0.614,0.168,0.37,0.766,none,organic,2025-07-16
H02491,22,18-24,Lewisham,young_professionals,students,0.46,0.876,0.294,0.178,0.288,0.742,0.676,0.67,0.229,0.768,0.641,0.716,0.721,0.29,0.676,0.631,vegetarian,organic,2025-07-16
H02492,30,25-34,Redbridge,fitness,students,0.466,0.254,0.77,0.264,0.303,1.0,0.54,0.645,0.447,0.508,0.548,0.843,0.552,0.158,0.206,0.793,none,organic,2025-07-17
H02493,18,18-24,Newham,students,families,0.811,0.419,0.424,0.498,0.062,0.418,0.695,0.825,0.889,0.631,0.49,0.823,0.936,0.811,0.382,0.534,dairy_free,organic,2025-07-17
H02494,34,25-34,Kensington and Chelsea,young_professionals,families,0.175,0.994,0.28,0.342,0.302,0.602,0.665,0.617,0.546,0.714,0.705,0.821,0.672,0.643,0.38,0.69,none,organic,2025-07-18
H02495,30,25-34,Tower Hamlets,foodies,families,0.302,0.23,0.083,0.343,1.0,0.484,0.775,0.534,0.254,0.239,0.834,0.279,0.767,0.562,1.0,0.381,vegetarian|gluten_free,organic,2025-07-18
H02496,37,35-44,Barnet,fitness,foodies,0.196,0.301,0.856,0.145,0.312,0.656,0.445,0.592,0.45,0.66,0.597,0.593,0.736,0.287,0.273,1.0,none,organic,2025-07-18
H02497,26,25-34,Enfield,fitness,foodies,0.152,0.531,0.936,0.22,0.808,0.896,0.454,0.425,0.6,0.666,0.592,0.909,0.419,0.448,0.223,0.805,dairy_free,organic,2025-07-19
H02498,22,18-24,Haringey,young_professionals,students,0.542,0.898,0.355,0.459,0.21,0.748,0.692,0.811,0.456,0.91,0.673,0.689,0.675,0.376,0.613,0.658,none,organic,2025-07-20
H02499,22,18-24,Brent,students,families,0.824,0.184,0.29,0.5,0.364,0.598,0.652,1.0,0.825,0.767,0.604,0.565,0.567,0.597,0.426,0.632,none,organic,2025-07-20
H02500,21,18-24,Kensington and Chelsea,students,families,0.939,0.169,0.026,0.36,0.18,0.389,0.634,0.755,0.67,0.814,0.625,0.628,0.522,0.636,0.532,0.636,none,organic,2025-07-20
H02501,43,35-44,Lambeth,families,fitness,0.345,0.349,0.367,0.685,0.0,0.716,0.37,0.441,0.924,0.651,0.689,0.503,0.591,0.825,0.279,0.222,none,organic,2025-07-21
H02502,33,25-34,Hackney,young_professionals,fitness,0.26,0.836,0.344,0.17,0.145,0.477,0.792,0.725,0.55,0.747,0.597,0.82,0.683,0.876,0.815,0.777,none,organic,2025-07-21
H02503,33,25-34,Havering,foodies,families,0.232,0.351,0.305,0.39,0.768,0.588,0.865,0.62,0.206,0.328,0.758,0.436,0.854,0.85,1.0,0.354,nut_allergy,organic,2025-07-22
H02504,32,25-34,Westminster,foodies,students,0.357,0.325,0.286,0.295,0.914,0.819,0.862,0.861,0.0,0.301,0.74,0.63,0.666,0.662,0.888,0.411,vegan,organic,2025-07-22
H02505,18,18-24,Harrow,students,fitness,0.792,0.236,0.545,0.0,0.408,0.698,0.734,0.696,0.971,0.786,0.552,0.577,0.862,0.65,0.34,0.419,dairy_free,organic,2025-07-23
H02506,22,18-24,Tower Hamlets,students,foodies,0.697,0.046,0.204,0.312,0.346,0.521,0.781,0.795,0.864,0.696,0.729,0.558,0.621,0.775,0.288,0.377,none,organic,2025-07-23
H02507,21,18-24,Enfield,fitness,young_professionals,0.135,0.384,0.923,0.279,0.0,1.0,0.582,0.561,0.459,0.78,0.584,0.339,0.398,0.274,0.268,0.997,vegan,organic,2025-07-23
H02508,44,35-44,Wandsworth,families,foodies,0.272,0.301,0.253,0.856,0.405,0.795,0.213,0.434,0.551,0.897,0.623,0.424,0.816,0.654,0.515,0.086,none,organic,2025-07-24
H02509,23,18-24,Sutton,fitness,families,0.171,0.354,0.932,0.421,0.233,0.781,0.404,0.501,0.565,0.749,0.707,0.325,0.344,0.268,0.3,0.694,none,organic,2025-07-24
H02510,28,25-34,Tower Hamlets,young_professionals,foodies,0.29,0.886,0.281,0.393,0.451,0.449,0.675,0.604,0.619,0.9,0.582,0.884,0.671,0.455,0.737,0.465,none,organic,2025-07-25
H02511,30,25-34,Barking and Dagenham,foodies,families,0.356,0.357,0.086,0.411,0.803,0.612,0.877,0.582,0.24,0.363,0.819,0.488,0.777,0.712,1.0,0.384,none,P032,2025-07-26
H02512,38,35-44,Southwark,families,young_professionals,0.304,0.62,0.346,0.882,0.431,0.641,0.335,0.394,0.749,0.574,0.439,0.442,0.759,1.0,0.501,0.355,none,P032,2025-07-26
H02513,33,25-34,Merton,young_professionals,families,0.367,0.874,0.113,0.597,0.528,0.473,0.619,0.586,0.495,0.824,0.597,0.608,0.497,0.555,0.535,0.651,none,P032,2025-07-26
H02514,38,35-44,Tower Hamlets,families,students,0.572,0.361,0.403,0.786,0.408,0.689,0.211,0.609,0.783,0.695,0.436,0.614,0.478,0.846,0.628,0.272,none,P032,2025-07-26
H02515,33,25-34,Waltham Forest,families,foodies,0.334,0.356,0.409,0.771,0.426,0.718,0.223,0.484,0.645,0.719,0.483,0.694,0.46,0.802,0.425,0.481,none,P032,2025-07-26
H02516,34,25-34,Greenwich,foodies,young_professionals,0.242,0.456,0.263,0.436,1.0,0.606,0.922,0.641,0.475,0.073,0.935,0.957,0.49,0.606,1.0,0.51,dairy_free,P032,2025-07-26
H02517,40,35-44,Merton,families,young_professionals,0.0,0.496,0.395,0.753,0.07,0.609,0.637,0.345,0.768,0.705,0.597,0.396,0.499,0.706,0.435,0.314,none,P032,2025-07-26
H02518,35,35-44,Redbridge,families,foodies,0.152,0.301,0.172,0.856,0.46,0.755,0.348,0.413,0.713,0.683,0.465,0.477,0.643,0.68,0.388,0.243,none,P032,2025-07-26
H02519,25,25-34,Islington,young_professionals,fitness,0.233,0.997,0.256,0.114,0.0,0.476,0.891,0.606,0.412,0.854,0.605,0.819,0.705,0.481,0.603,0.715,vegan,P032,2025-07-26
H02520,38,35-44,Wandsworth,families,students,0.54,0.091,0.398,0.922,0.205,0.626,0.433,0.37,0.741,0.77,0.558,0.625,0.384,0.762,0.416,0.188,none,P032,2025-07-26
H02521,20,18-24,Southwark,students,families,0.694,0.381,0.239,0.538,0.244,0.335,0.654,0.876,0.988,0.635,0.414,0.716,0.788,0.818,0.382,0.535,vegan,P032,2025-07-26
H02522,42,35-44,Lambeth,foodies,fitness,0.54,0.495,0.572,0.452,0.973,0.646,0.695,0.505,0.336,0.414,0.732,0.659,0.524,0.813,0.905,0.495,vegetarian,P032,2025-07-26
H02523,39,35-44,Croydon,families,fitness,0.342,0.261,0.439,0.82,0.308,0.558,0.36,0.301,0.499,0.671,0.493,0.439,0.564,0.751,0.356,0.392,none,P032,2025-07-26
H02524,42,35-44,Merton,foodies,young_professionals,0.261,0.434,0.198,0.248,0.823,0.654,0.918,0.453,0.184,0.39,0.813,0.68,0.643,0.539,0.976,0.25,none,P032,2025-07-26
H02525,26,25-34,Hackney,foodies,young_professionals,0.327,0.387,0.351,0.133,0.849,0.646,0.826,0.583,0.318,0.436,0.852,0.737,0.825,0.526,1.0,0.359,none,P032,2025-07-26
H02526,29,25-34,Merton,young_professionals,fitness,0.393,0.929,0.414,0.179,0.064,0.608,0.526,0.497,0.466,0.789,0.565,0.701,0.496,0.524,0.598,0.58,none,P032,2025-07-26
H02527,28,25-34,Merton,young_professionals,foodies,0.423,0.795,0.011,0.121,0.44,0.615,0.737,0.68,0.541,0.842,0.452,0.789,0.484,0.768,0.557,0.644,none,P032,2025-07-26
H02528,31,25-34,Sutton,young_professionals,fitness,0.198,1.0,0.31,0.286,0.187,0.565,0.436,0.528,0.667,0.966,0.62,0.561,0.726,0.517,0.684,0.517,none,P032,2025-07-26
H02529,37,35-44,Southwark,young_professionals,fitness,0.201,0.871,0.453,0.111,0.122,0.423,0.78,0.669,0.487,0.836,0.751,0.689,0.521,0.75,0.336,0.632,none,P032,2025-07-26
H02530,18,18-24,Enfield,students,fitness,0.707,0.444,0.508,0.237,0.16,0.477,0.702,0.797,0.875,0.703,0.46,0.699,0.669,0.659,0.226,0.529,none,P032,2025-07-26
H02531,31,25-34,Havering,foodies,families,0.488,0.454,0.56,0.639,0.757,0.521,0.885,0.584,0.338,0.553,0.798,0.598,0.629,0.577,0.845,0.417,none,P032,2025-07-26
H02532,37,35-44,Merton,families,foodies,0.28,0.126,0.243,0.807,0.479,0.769,0.371,0.309,0.836,0.716,0.595,0.485,0.839,0.677,0.61,0.34,none,P032,2025-07-26
H02533,28,25-34,Tower Hamlets,families,fitness,0.29,0.166,0.367,0.808,0.229,0.518,0.293,0.325,0.67,0.888,0.635,0.442,0.542,0.856,0.36,0.353,none,P032,2025-07-26
H02534,30,25-34,Merton,fitness,families,0.421,0.2,0.843,0.63,0.391,0.828,0.566,0.394,0.479,0.542,0.456,0.845,0.253,0.212,0.248,1.0,none,P032,2025-07-26
H02535,34,25-34,Merton,young_professionals,foodies,0.182,0.797,0.181,0.187,0.195,0.491,0.633,0.585,0.544,0.9,0.583,0.664,0.744,0.765,0.597,0.458,none,P032,2025-07-26
H02536,28,25-34,Merton,fitness,foodies,0.171,0.165,0.857,0.07,0.295,0.973,0.516,0.673,0.386,0.571,0.554,1.0,0.461,0.383,0.428,0.909,none,P032,2025-07-26
H02537,30,25-34,Westminster,young_professionals,students,0.364,0.892,0.127,0.138,0.147,0.579,0.793,0.689,0.639,0.729,0.445,0.661,0.716,0.499,0.753,0.603,none,P032,2025-07-26
H02538,27,25-34,Merton,foodies,young_professionals,0.477,0.505,0.215,0.373,0.891,0.596,0.79,0.598,0.412,0.349,0.499,0.524,0.77,0.535,1.0,0.255,vegetarian,P032,2025-07-26
H02539,40,35-44,Merton,families,students,0.418,0.202,0.417,0.854,0.0,0.74,0.376,0.467,0.592,0.856,0.22,0.683,0.762,0.84,0.767,0.134,none,P032,2025-07-26
H02540,30,25-34,Barking and Dagenham,young_professionals,fitness,0.125,0.745,0.352,0.197,0.29,0.697,0.636,0.684,0.559,0.712,0.461,0.577,0.436,0.424,0.537,0.831,none,P032,2025-07-26
H02541,30,25-34,Merton,families,foodies,0.325,0.272,0.183,0.737,0.46,0.635,0.34,0.479,0.533,0.784,0.513,0.623,0.522,0.771,0.457,0.4,none,P032,2025-07-26
H02542,39,35-44,Merton,families,students,0.563,0.257,0.36,0.655,0.358,0.711,0.411,0.278,0.75,0.887,0.405,0.462,0.643,0.762,0.672,0.437,none,P032,2025-07-26
H02543,23,18-24,Barnet,students,fitness,0.757,0.247,0.449,0.189,0.289,0.558,0.892,0.752,0.591,0.815,0.555,0.706,0.866,0.706,0.374,0.507,none,P032,2025-07-26
H02544,25,25-34,Lambeth,students,foodies,0.867,0.278,0.433,0.154,0.513,0.283,0.707,0.743,0.942,0.673,0.285,0.65,0.575,0.625,0.57,0.347,nut_allergy,P032,2025-07-26
H02545,27,25-34,Merton,young_professionals,families,0.195,0.942,0.348,0.365,0.041,0.547,0.68,0.535,0.481,0.895,0.871,0.861,0.791,0.338,0.365,0.614,none,P032,2025-07-26
H02546,50,45+,Merton,foodies,fitness,0.197,0.212,0.382,0.27,0.901,0.505,1.0,0.736,0.36,0.276,0.702,0.602,0.791,0.648,1.0,0.593,none,P032,2025-07-26
H02547,36,35-44,Merton,foodies,fitness,0.369,0.286,0.441,0.374,0.839,0.47,0.947,0.74,0.305,0.445,0.766,0.527,0.941,0.309,0.951,0.308,none,P032,2025-07-26
H02548,32,25-34,Brent,foodies,fitness,0.338,0.0,0.512,0.498,0.86,0.644,0.817,0.485,0.287,0.225,0.625,0.451,0.642,0.664,1.0,0.637,vegetarian,organic,2025-07-26
H02549,24,18-24,Newham,young_professionals,fitness,0.428,0.857,0.505,0.418,0.05,0.826,0.864,0.312,0.517,0.831,0.691,0.819,0.687,0.636,0.48,0.429,vegan,organic,2025-07-26
H02550,49,45+,Barking and Dagenham,families,young_professionals,0.385,0.419,0.049,0.897,0.246,0.586,0.342,0.317,0.615,0.77,0.753,0.536,0.67,0.718,0.472,0.422,vegetarian,organic,2025-07-26
H02551,32,25-34,Waltham Forest,young_professionals,fitness,0.282,0.768,0.398,0.246,0.269,0.63,0.686,0.593,0.459,0.918,0.638,0.665,0.765,0.556,0.604,0.584,none,organic,2025-07-28
H02552,38,35-44,Redbridge,families,fitness,0.414,0.122,0.695,0.805,0.337,0.596,0.264,0.518,0.755,0.694,0.551,0.523,0.463,0.624,0.445,0.246,none,organic,2025-07-28
H02553,25,25-34,Hackney,students,young_professionals,1.0,0.46,0.345,0.449,0.378,0.576,0.754,0.938,0.931,0.584,0.641,0.63,0.698,0.907,0.608,0.601,none,organic,2025-07-28
H02554,33,25-34,Richmond upon Thames,foodies,young_professionals,0.557,0.663,0.279,0.349,0.79,0.648,0.743,0.634,0.05,0.324,0.594,0.563,0.686,0.587,0.927,0.67,none,organic,2025-07-29
H02555,30,25-34,Islington,fitness,foodies,0.127,0.36,0.813,0.193,0.548,1.0,0.534,0.531,0.453,0.629,0.684,0.447,0.394,0.424,0.187,1.0,none,organic,2025-07-29
H02556,36,35-44,Wandsworth,foodies,fitness,0.252,0.187,0.4,0.294,0.868,0.516,0.956,0.588,0.207,0.314,0.925,0.534,0.584,0.496,1.0,0.422,vegetarian,organic,2025-07-29
H02557,29,25-34,Hounslow,young_professionals,students,0.372,0.886,0.312,0.125,0.004,0.67,0.775,0.641,0.427,0.876,0.312,0.742,0.457,0.6,0.708,0.344,none,organic,2025-07-30
H02558,21,18-24,Tower Hamlets,foodies,students,0.639,0.141,0.229,0.158,0.878,0.598,0.925,0.567,0.073,0.189,0.856,0.678,0.572,0.588,1.0,0.329,vegan,organic,2025-07-30
H02559,32,25-34,Brent,young_professionals,students,0.568,0.752,0.113,0.35,0.388,0.5,0.774,0.639,0.303,0.789,0.48,0.832,0.479,0.602,0.598,0.69,none,organic,2025-07-31
H02560,21,18-24,Barnet,students,young_professionals,0.868,0.597,0.59,0.128,0.513,0.335,0.667,0.774,1.0,0.477,0.607,0.739,0.814,0.49,0.355,0.485,none,organic,2025-07-31
H02561,21,18-24,Haringey,students,fitness,0.837,0.199,0.457,0.143,0.181,0.457,0.717,0.84,0.722,0.562,0.64,0.635,0.654,0.802,0.434,0.664,none,organic,2025-08-01
H02562,28,25-34,Hammersmith and Fulham,fitness,students,0.664,0.338,0.917,0.337,0.212,0.856,0.555,0.368,0.657,0.633,0.671,0.777,0.457,0.224,0.262,1.0,none,organic,2025-08-01
H02563,31,25-34,Havering,young_professionals,families,0.247,0.888,0.274,0.421,0.347,0.714,0.746,0.652,0.531,0.917,0.621,0.707,0.561,0.65,0.642,0.619,none,organic,2025-08-01
H02564,36,35-44,Richmond upon Thames,families,fitness,0.158,0.24,0.385,0.875,0.314,0.615,0.422,0.45,0.786,0.697,0.528,0.741,0.474,0.83,0.621,0.407,none,organic,2025-08-02
H02565,18,18-24,Ealing,students,foodies,0.79,0.473,0.397,0.281,0.594,0.577,0.702,0.949,0.887,0.631,0.699,0.615,0.521,0.544,0.522,0.44,none,organic,2025-08-02
H02566,38,35-44,Tower Hamlets,families,foodies,0.209,0.278,0.308,0.857,0.345,0.65,0.288,0.204,0.672,0.787,0.694,0.503,0.601,0.656,0.5,0.29,none,organic,2025-08-03
H02567,36,35-44,Southwark,fitness,families,0.075,0.125,0.807,0.398,0.349,0.812,0.593,0.269,0.219,0.727,0.772,0.367,0.341,0.515,0.158,1.0,none,organic,2025-08-03
H02568,25,25-34,Greenwich,foodies,fitness,0.078,0.01,0.338,0.145,0.981,0.432,0.912,0.661,0.481,0.313,0.872,0.576,0.812,0.5,0.965,0.322,vegetarian,organic,2025-08-04
H02569,26,25-34,Wandsworth,young_professionals,fitness,0.378,0.764,0.523,0.275,0.176,0.628,0.517,0.533,0.351,0.728,0.513,0.75,0.816,0.521,0.504,0.707,vegetarian,organic,2025-08-05
H02570,33,25-34,Tower Hamlets,young_professionals,foodies,0.349,0.772,0.058,0.496,0.527,0.568,0.697,0.547,0.54,0.825,0.61,0.683,0.442,0.437,0.57,0.628,none,organic,2025-08-05
H02571,18,18-24,Wandsworth,students,fitness,0.791,0.232,0.479,0.332,0.215,0.437,0.86,0.623,1.0,0.778,0.639,0.508,0.754,0.652,0.309,0.324,vegan,organic,2025-08-07
H02572,43,35-44,Waltham Forest,foodies,young_professionals,0.425,0.631,0.132,0.221,0.954,0.598,0.92,0.501,0.303,0.264,0.763,0.61,0.614,0.744,1.0,0.46,none,organic,2025-08-08
H02573,32,25-34,Camden,young_professionals,families,0.374,0.867,0.27,0.493,0.079,0.694,0.852,0.593,0.507,0.88,0.562,0.892,0.62,0.423,0.555,0.63,gluten_free,organic,2025-08-08
H02574,22,18-24,Redbridge,young_professionals,fitness,0.114,0.845,0.628,0.372,0.321,0.603,0.809,0.581,0.322,0.749,0.598,0.731,0.496,0.486,0.609,0.735,none,organic,2025-08-08
H02575,37,35-44,Islington,fitness,families,0.412,0.059,0.88,0.465,0.127,0.907,0.746,0.618,0.378,0.584,0.58,0.704,0.289,0.446,0.272,0.912,none,organic,2025-08-08
H02576,31,25-34,Hackney,fitness,families,0.236,0.154,1.0,0.239,0.209,0.959,0.521,0.633,0.546,0.578,0.641,0.563,0.255,0.231,0.325,0.916,none,organic,2025-08-08
H02577,24,18-24,Croydon,young_professionals,families,0.3,0.868,0.397,0.398,0.167,0.566,0.594,0.627,0.386,0.75,0.566,0.697,0.918,0.657,0.523,0.783,none,organic,2025-08-09
H02578,48,45+,Brent,families,students,0.437,0.311,0.35,0.921,0.227,0.557,0.371,0.445,0.832,0.544,0.711,0.646,0.664,0.713,0.628,0.577,none,organic,2025-08-10
H02579,43,35-44,Kensington and Chelsea,foodies,families,0.118,0.016,0.193,0.397,0.829,0.556,1.0,0.549,0.379,0.46,0.493,0.832,0.567,0.545,1.0,0.345,none,organic,2025-08-10
H02580,27,25-34,Newham,young_professionals,foodies,0.659,0.936,0.322,0.415,0.661,0.558,0.778,0.76,0.575,0.799,0.455,0.808,0.677,0.333,0.557,0.526,vegetarian,organic,2025-08-10
H02581,19,18-24,Hillingdon,students,foodies,0.789,0.21,0.191,0.008,0.449,0.576,0.704,0.695,0.945,0.543,0.489,0.61,0.932,0.672,0.47,0.394,vegetarian,organic,2025-08-10
H02582,24,18-24,Wandsworth,foodies,fitness,0.101,0.299,0.311,0.211,0.789,0.543,0.843,0.672,0.311,0.362,0.755,0.543,0.578,0.567,0.927,0.45,vegetarian,organic,2025-08-11
H02583,24,18-24,Haringey,foodies,families,0.059,0.321,0.226,0.394,0.953,0.654,0.857,0.584,0.367,0.428,0.719,0.666,0.811,0.513,0.76,0.341,none,organic,2025-08-11
H02584,21,18-24,Lewisham,students,young_professionals,0.794,0.469,0.205,0.352,0.226,0.535,0.808,0.913,0.949,0.589,0.436,0.647,0.644,0.472,0.325,0.684,none,organic,2025-08-11
H02585,19,18-24,Bexley,students,foodies,0.79,0.453,0.211,0.261,0.485,0.554,0.802,0.836,1.0,0.786,0.549,0.519,0.981,0.688,0.169,0.749,none,organic,2025-08-11
H02586,25,25-34,Hackney,students,young_professionals,0.892,0.471,0.208,0.195,0.073,0.483,0.628,0.92,0.678,0.591,0.617,0.771,0.824,0.593,0.089,0.714,vegetarian,organic,2025-08-12
H02587,30,25-34,Tower Hamlets,fitness,foodies,0.235,0.044,0.919,0.291,0.293,0.957,0.632,0.578,0.387,0.581,0.582,0.616,0.259,0.227,0.466,0.945,none,organic,2025-08-14
H02588,40,35-44,Croydon,families,foodies,0.368,0.308,0.359,0.946,0.62,0.912,0.257,0.393,0.707,0.62,0.689,0.541,0.402,0.789,0.405,0.347,none,organic,2025-08-14
H02589,30,25-34,Greenwich,fitness,foodies,0.163,0.312,0.835,0.246,0.346,0.713,0.542,0.609,0.389,0.645,0.378,0.706,0.347,0.343,0.419,0.876,none,organic,2025-08-14
H02590,38,35-44,Westminster,foodies,young_professionals,0.335,0.549,0.0,0.18,0.858,0.924,0.915,0.678,0.405,0.399,0.831,0.808,0.696,0.532,1.0,0.595,none,organic,2025-08-15
H02591,36,35-44,Harrow,fitness,families,0.284,0.342,0.956,0.376,0.116,0.736,0.6,0.64,0.451,0.609,0.582,0.729,0.514,0.255,0.158,0.885,none,organic,2025-08-16
H02592,31,25-34,Havering,young_professionals,families,0.146,0.857,0.0,0.312,0.191,0.754,0.639,0.725,0.527,0.851,0.703,0.754,0.471,0.702,0.527,0.439,none,organic,2025-08-17
H02593,27,25-34,Haringey,young_professionals,students,0.396,0.842,0.394,0.224,0.229,0.562,0.767,0.759,0.181,0.77,0.6,0.687,0.448,0.562,0.434,0.801,vegetarian,organic,2025-08-17
H02594,28,25-34,Redbridge,foodies,students,0.473,0.299,0.255,0.145,0.9,0.581,0.844,0.491,0.306,0.43,0.942,0.707,0.856,0.614,1.0,0.332,none,organic,2025-08-18
H02595,35,35-44,Haringey,young_professionals,foodies,0.362,0.908,0.269,0.129,0.461,0.636,0.687,0.541,0.641,0.849,0.715,0.456,0.502,0.682,0.578,0.776,gluten_free,organic,2025-08-18
H02596,24,18-24,Ealing,fitness,families,0.3,0.4,0.804,0.691,0.272,0.841,0.573,0.469,0.453,0.457,0.585,0.878,0.404,0.102,0.598,0.823,none,organic,2025-08-18
H02597,22,18-24,Sutton,students,fitness,0.77,0.203,0.458,0.396,0.28,0.493,0.845,0.885,1.0,0.646,0.628,0.758,0.847,0.764,0.508,0.428,vegan|dairy_free,organic,2025-08-19
H02598,27,25-34,Havering,young_professionals,students,0.442,0.815,0.109,0.389,0.376,0.447,0.752,0.594,0.404,0.758,0.567,0.779,0.573,0.46,0.61,0.613,none,organic,2025-08-19
H02599,28,25-34,Waltham Forest,foodies,fitness,0.272,0.234,0.301,0.264,0.909,0.602,0.886,0.837,0.36,0.247,0.778,0.706,0.616,0.695,0.814,0.303,none,organic,2025-08-19
H02600,31,25-34,Southwark,young_professionals,families,0.486,0.895,0.239,0.557,0.448,0.552,0.94,0.691,0.295,1.0,0.54,0.971,0.763,0.198,0.35,0.647,none,organic,2025-08-19
H02601,42,35-44,Tower Hamlets,foodies,young_professionals,0.123,0.53,0.099,0.11,0.865,0.664,0.996,0.544,0.275,0.415,0.847,0.577,0.696,0.434,0.902,0.578,none,organic,2025-08-20
H02602,46,45+,Wandsworth,families,students,0.394,0.243,0.229,0.794,0.212,0.757,0.246,0.327,0.797,0.719,0.472,0.413,0.89,0.69,0.561,0.428,vegetarian,organic,2025-08-21
H02603,24,18-24,Tower Hamlets,young_professionals,fitness,0.251,0.852,0.339,0.268,0.286,0.69,0.704,0.904,0.389,0.821,0.428,0.906,0.876,0.594,0.779,0.478,none,organic,2025-08-21
H02604,25,25-34,Redbridge,young_professionals,fitness,0.508,0.771,0.59,0.261,0.553,0.62,0.739,0.558,0.446,0.964,0.788,0.728,0.631,0.762,0.598,0.57,none,organic,2025-08-21
H02605,32,25-34,Lambeth,foodies,families,0.384,0.37,0.16,0.545,0.91,0.506,0.942,0.608,0.352,0.247,0.82,0.462,0.661,0.638,0.864,0.409,vegetarian,organic,2025-08-21
H02606,30,25-34,Camden,fitness,families,0.335,0.362,0.802,0.377,0.361,1.0,0.458,0.446,0.523,0.547,0.643,0.562,0.487,0.273,0.564,1.0,none,organic,2025-08-21
H02607,26,25-34,Ealing,young_professionals,students,0.409,0.924,0.01,0.362,0.263,0.594,0.79,0.595,0.24,0.782,0.505,0.677,0.477,0.643,0.673,0.541,none,organic,2025-08-22
H02608,29,25-34,Ealing,young_professionals,students,0.441,0.833,0.315,0.233,0.386,0.705,0.67,0.671,0.439,0.851,0.564,0.731,0.617,0.462,0.305,0.654,none,organic,2025-08-22
H02609,35,35-44,Greenwich,families,foodies,0.385,0.152,0.0,0.946,0.481,0.542,0.4,0.374,0.872,0.759,0.295,0.283,0.851,0.707,0.529,0.351,none,P033,2025-08-23
H02610,42,35-44,Hackney,foodies,students,0.489,0.301,0.362,0.244,0.896,0.601,0.954,0.573,0.405,0.36,0.741,0.795,0.493,0.566,0.876,0.445,none,P033,2025-08-23
H02611,19,18-24,Tower Hamlets,students,families,0.852,0.349,0.273,0.466,0.392,0.428,0.773,0.94,0.979,0.57,0.384,0.753,0.89,0.551,0.425,0.835,gluten_free,P033,2025-08-23
H02612,26,25-34,Greenwich,students,young_professionals,0.832,0.203,0.195,0.108,0.046,0.424,0.793,0.636,0.927,0.694,0.513,0.704,0.735,0.592,0.652,0.664,vegetarian|gluten_free,P033,2025-08-23
H02613,27,25-34,Bromley,families,students,0.601,0.274,0.414,0.829,0.254,0.475,0.268,0.385,0.74,0.9,0.502,0.504,0.376,0.79,0.391,0.313,vegetarian,P033,2025-08-23
H02614,37,35-44,Greenwich,foodies,families,0.082,0.42,0.294,0.49,0.978,0.698,0.858,0.654,0.245,0.351,0.741,0.41,0.603,0.873,0.94,0.419,none,P033,2025-08-23
H02615,27,25-34,Greenwich,young_professionals,foodies,0.305,0.757,0.0,0.418,0.542,0.538,0.756,0.713,0.457,0.938,0.678,0.671,0.442,0.621,0.689,0.614,none,P033,2025-08-23
H02616,38,35-44,Croydon,foodies,fitness,0.258,0.0,0.274,0.025,0.902,0.462,1.0,0.465,0.105,0.213,0.798,0.618,0.608,0.663,0.99,0.123,none,P033,2025-08-23
H02617,30,25-34,Hammersmith and Fulham,fitness,young_professionals,0.265,0.584,0.854,0.275,0.35,0.814,0.427,0.645,0.341,0.89,0.597,0.535,0.422,0.204,0.3,0.719,vegan,P033,2025-08-23
H02618,18,18-24,Greenwich,students,foodies,0.921,0.176,0.225,0.185,0.305,0.565,0.677,0.879,0.814,0.643,0.514,0.754,0.62,0.636,0.373,0.556,none,P033,2025-08-23
H02619,35,35-44,Greenwich,foodies,families,0.246,0.399,0.309,0.563,0.753,0.536,0.918,0.509,0.397,0.427,0.763,0.721,0.64,0.42,0.911,0.34,vegetarian|gluten_free,P033,2025-08-23
H02620,33,25-34,Greenwich,families,fitness,0.115,0.142,0.5,0.891,0.445,0.548,0.474,0.442,0.819,0.61,0.49,0.286,0.643,0.699,0.591,0.354,none,P033,2025-08-23
H02621,29,25-34,Lambeth,young_professionals,students,0.37,0.798,0.287,0.147,0.133,0.506,0.669,0.615,0.454,0.825,0.617,0.744,0.748,0.74,0.598,0.575,none,P033,2025-08-23
H02622,35,35-44,Greenwich,fitness,young_professionals,0.165,0.652,0.902,0.268,0.05,0.931,0.602,0.543,0.545,0.76,0.722,0.625,0.296,0.426,0.405,0.971,none,P033,2025-08-23
H02623,32,25-34,Greenwich,young_professionals,foodies,0.136,0.768,0.317,0.318,0.417,0.468,0.889,0.643,0.415,0.736,0.709,0.871,0.748,0.543,0.69,0.551,none,P033,2025-08-23
H02624,30,25-34,Southwark,young_professionals,families,0.292,0.758,0.028,0.58,0.543,0.551,0.816,0.817,0.619,0.966,0.608,0.797,0.696,0.408,0.738,0.733,none,P033,2025-08-23
H02625,22,18-24,Greenwich,young_professionals,students,0.368,0.735,0.298,0.225,0.096,0.565,0.869,0.619,0.457,0.832,0.671,0.503,0.626,0.557,0.48,0.691,vegetarian,P033,2025-08-23
H02626,36,35-44,Greenwich,young_professionals,foodies,0.235,0.873,0.371,0.265,0.47,0.674,0.808,0.634,0.428,0.645,0.529,0.636,0.687,0.537,0.491,0.668,none,P033,2025-08-23
H02627,33,25-34,Redbridge,young_professionals,students,0.452,1.0,0.353,0.251,0.059,0.575,0.774,0.587,0.541,0.88,0.621,0.664,0.699,0.782,0.621,0.717,none,P033,2025-08-23
H02628,21,18-24,Ealing,students,fitness,0.789,0.0,0.418,0.16,0.402,0.607,0.658,0.805,0.954,0.74,0.554,0.689,0.852,0.771,0.566,0.597,dairy_free,P033,2025-08-23
H02629,24,18-24,Greenwich,students,young_professionals,0.792,0.466,0.276,0.09,0.251,0.479,0.859,0.782,0.744,0.582,0.53,0.795,0.727,0.892,0.67,0.443,vegan,P033,2025-08-23
H02630,26,25-34,Ealing,students,foodies,0.795,0.265,0.299,0.18,0.525,0.432,0.639,0.959,0.885,0.737,0.636,0.943,0.859,0.72,0.321,0.591,none,P033,2025-08-23
H02631,30,25-34,Greenwich,young_professionals,foodies,0.31,0.846,0.02,0.322,0.41,0.397,0.681,0.547,0.463,0.918,0.578,0.642,0.678,0.843,0.339,0.678,vegetarian,P033,2025-08-23
H02632,27,25-34,Greenwich,young_professionals,fitness,0.284,0.952,0.39,0.264,0.0,0.736,0.737,0.727,0.591,0.816,0.644,0.492,0.46,0.61,0.678,0.604,none,P033,2025-08-23
H02633,28,25-34,Greenwich,young_professionals,fitness,0.329,0.84,0.37,0.305,0.337,0.492,0.699,0.606,0.421,0.816,0.744,0.981,0.679,0.5,0.44,0.482,none,P033,2025-08-23
H02634,23,18-24,Greenwich,young_professionals,students,0.234,0.797,0.0,0.112,0.099,0.519,0.742,0.695,0.178,0.914,0.613,0.781,0.792,0.336,0.449,0.642,none,P033,2025-08-23
H02635,20,18-24,Greenwich,students,young_professionals,0.811,0.359,0.312,0.265,0.236,0.458,0.635,0.929,1.0,0.543,0.543,0.725,0.501,0.496,0.35,0.392,none,P033,2025-08-23
H02636,37,35-44,Hammersmith and Fulham,families,young_professionals,0.166,0.467,0.327,0.8,0.047,0.62,0.566,0.431,0.704,0.624,0.426,0.474,0.736,0.726,0.481,0.261,none,P033,2025-08-23
H02637,34,25-34,Greenwich,fitness,young_professionals,0.262,0.367,0.747,0.155,0.334,0.859,0.561,0.27,0.588,0.629,0.486,0.656,0.311,0.153,0.117,0.988,none,P033,2025-08-23
H02638,29,25-34,Greenwich,fitness,foodies,0.427,0.308,0.89,0.401,0.523,0.824,0.435,0.652,0.457,0.821,0.585,0.84,0.446,0.385,0.329,0.887,none,P033,2025-08-23
H02639,22,18-24,Bexley,students,foodies,0.986,0.339,0.202,0.218,0.369,0.471,0.888,0.736,1.0,0.679,0.486,0.541,0.94,0.887,0.393,0.615,vegetarian,P033,2025-08-23
H02640,29,25-34,Greenwich,fitness,students,0.445,0.206,0.803,0.339,0.31,0.952,0.452,0.602,0.489,0.623,0.595,0.913,0.477,0.264,0.457,1.0,gluten_free,P033,2025-08-23
H02641,28,25-34,Greenwich,young_professionals,fitness,0.241,0.9,0.327,0.209,0.234,0.639,0.719,0.676,0.307,0.889,0.512,0.797,0.562,0.621,0.582,0.513,none,P033,2025-08-23
H02642,27,25-34,Lambeth,families,fitness,0.325,0.148,0.507,0.923,0.328,0.651,0.161,0.503,0.895,0.707,0.667,0.484,0.528,0.704,0.51,0.263,none,P033,2025-08-23
H02643,18,18-24,Kingston upon Thames,students,families,0.967,0.196,0.251,0.292,0.099,0.638,0.726,0.919,0.767,0.582,0.718,0.648,0.61,0.744,0.602,0.458,gluten_free,P033,2025-08-23
H02644,28,25-34,Newham,fitness,students,0.45,0.182,0.911,0.184,0.209,0.943,0.659,0.456,0.398,0.536,0.683,0.695,0.467,0.239,0.424,0.865,none,P033,2025-08-23
H02645,39,35-44,Greenwich,foodies,fitness,0.295,0.253,0.342,0.083,0.802,0.344,0.818,0.617,0.224,0.217,0.798,0.807,0.613,0.705,1.0,0.283,dairy_free,P033,2025-08-23
H02646,46,45+,Greenwich,foodies,fitness,0.132,0.209,0.595,0.215,0.768,0.61,0.974,0.51,0.524,0.454,0.714,0.622,0.929,0.557,0.893,0.538,none,P033,2025-08-23
H02647,34,25-34,Tower Hamlets,foodies,families,0.194,0.065,0.31,0.403,0.756,0.779,0.966,0.461,0.234,0.289,0.781,0.614,0.565,0.671,1.0,0.388,gluten_free,P033,2025-08-23
H02648,31,25-34,Bromley,foodies,families,0.11,0.04,0.434,0.468,0.943,0.606,0.735,0.538,0.308,0.307,0.817,0.703,0.909,0.665,1.0,0.306,none,organic,2025-08-23
H02649,25,25-34,Lewisham,young_professionals,foodies,0.253,0.759,0.353,0.438,0.492,0.658,0.571,0.707,0.549,0.827,0.774,0.712,0.447,0.538,0.437,0.705,none,organic,2025-08-24
H02650,27,25-34,Barnet,young_professionals,fitness,0.317,0.853,0.584,0.149,0.422,0.673,0.731,0.819,0.6,0.79,0.628,0.944,0.708,0.637,0.798,0.829,dairy_free,organic,2025-08-25
H02651,34,25-34,Haringey,foodies,families,0.428,0.297,0.205,0.443,0.88,0.606,0.72,0.58,0.159,0.356,0.749,0.643,0.696,0.66,1.0,0.441,none,organic,2025-08-25
H02652,21,18-24,Hounslow,foodies,fitness,0.154,0.221,0.35,0.087,0.878,0.613,0.787,0.371,0.223,0.289,0.76,0.657,0.617,0.604,1.0,0.372,none,organic,2025-08-25
H02653,18,18-24,Camden,students,foodies,0.839,0.426,0.0,0.114,0.44,0.406,0.646,0.827,0.769,0.792,0.497,0.761,0.661,0.847,0.592,0.641,vegan|gluten_free,organic,2025-08-26
H02654,39,35-44,Hounslow,foodies,young_professionals,0.256,0.44,0.199,0.125,1.0,0.626,0.875,0.591,0.148,0.265,0.752,0.696,0.826,0.608,1.0,0.466,none,organic,2025-08-26
H02655,25,25-34,Ealing,young_professionals,foodies,0.154,0.982,0.302,0.279,0.34,0.595,0.796,0.711,0.536,0.854,0.666,0.723,0.528,0.495,0.673,0.714,none,organic,2025-08-27
H02656,33,25-34,Hackney,fitness,young_professionals,0.064,0.506,0.839,0.23,0.134,0.823,0.44,0.491,0.5,0.75,0.74,0.82,0.566,0.429,0.342,0.862,none,organic,2025-08-27
H02657,36,35-44,Barnet,foodies,families,0.238,0.287,0.175,0.504,0.785,0.455,0.848,0.63,0.35,0.609,0.896,0.848,0.516,0.64,1.0,0.253,vegetarian,organic,2025-08-28
H02658,41,35-44,Westminster,foodies,families,0.14,0.156,0.142,0.451,0.879,0.646,0.982,0.625,0.144,0.162,0.612,0.783,0.889,0.468,1.0,0.156,gluten_free,organic,2025-08-28
H02659,37,35-44,Newham,fitness,families,0.202,0.196,0.771,0.298,0.198,0.867,0.531,0.311,0.508,0.635,0.594,0.723,0.332,0.345,0.028,0.933,none,organic,2025-08-28
H02660,32,25-34,Wandsworth,young_professionals,fitness,0.346,0.889,0.556,0.145,0.303,0.643,0.647,0.836,0.586,0.785,0.584,0.889,0.731,0.567,0.484,0.546,none,organic,2025-08-29
H02661,19,18-24,Camden,students,families,0.803,0.115,0.152,0.344,0.255,0.356,0.875,0.994,0.9,0.683,0.554,0.617,0.889,0.863,0.394,0.51,none,organic,2025-08-29
H02662,41,35-44,Southwark,families,students,0.514,0.013,0.495,0.808,0.078,0.566,0.296,0.449,0.638,0.716,0.514,0.303,0.536,0.721,0.501,0.434,none,organic,2025-08-29
H02663,22,18-24,Brent,fitness,families,0.308,0.109,0.846,0.441,0.386,0.827,0.525,0.416,0.52,0.715,0.53,0.741,0.238,0.354,0.295,0.784,none,organic,2025-08-29
H02664,38,35-44,Haringey,families,fitness,0.303,0.29,0.507,0.83,0.419,0.658,0.416,0.426,0.881,0.594,0.539,0.385,0.354,0.627,0.641,0.346,none,P034,2025-08-30
H02665,34,25-34,Haringey,foodies,students,0.392,0.348,0.381,0.233,0.753,0.829,1.0,0.614,0.203,0.146,0.821,0.802,0.747,0.395,0.969,0.342,none,P034,2025-08-30
H02666,47,45+,Haringey,foodies,students,0.418,0.386,0.293,0.362,0.894,0.661,1.0,0.647,0.233,0.345,0.779,0.837,0.81,0.711,0.958,0.271,none,P034,2025-08-30
H02667,41,35-44,Camden,families,foodies,0.225,0.386,0.181,0.911,0.511,0.632,0.241,0.399,0.841,0.659,0.555,0.696,0.563,0.735,0.338,0.425,none,P034,2025-08-30
H02668,22,18-24,Haringey,foodies,young_professionals,0.157,0.331,0.063,0.092,0.844,0.589,0.982,0.612,0.123,0.155,0.659,0.461,0.733,0.534,1.0,0.453,none,P034,2025-08-30
H02669,25,25-34,Haringey,young_professionals,families,0.377,0.836,0.407,0.483,0.408,0.477,0.702,0.694,0.389,0.816,0.661,0.763,0.664,0.432,0.596,0.602,vegetarian,P034,2025-08-30
H02670,29,25-34,Haringey,foodies,fitness,0.296,0.17,0.302,0.245,0.694,0.569,0.847,0.572,0.365,0.31,0.716,0.739,0.707,0.529,0.979,0.519,none,P034,2025-08-30
H02671,24,18-24,Haringey,foodies,young_professionals,0.109,0.45,0.257,0.0,0.815,0.471,0.868,0.649,0.304,0.388,0.691,0.717,0.652,0.906,0.792,0.724,dairy_free,P034,2025-08-30
H02672,38,35-44,Hammersmith and Fulham,foodies,students,0.491,0.424,0.164,0.39,0.872,0.513,0.995,0.643,0.169,0.25,0.536,0.759,0.783,0.469,1.0,0.638,vegan,P034,2025-08-30
H02673,23,18-24,Bexley,young_professionals,students,0.442,0.818,0.24,0.334,0.216,0.66,0.758,0.5,0.591,0.856,0.567,0.642,0.889,0.833,0.824,0.665,none,P034,2025-08-30
H02674,31,25-34,Ealing,foodies,fitness,0.381,0.334,0.588,0.515,0.972,0.548,0.756,0.518,0.323,0.454,0.841,0.702,0.516,0.497,0.926,0.516,vegetarian,P034,2025-08-30
H02675,35,35-44,Southwark,young_professionals,fitness,0.19,0.85,0.334,0.292,0.225,0.463,0.606,0.75,0.507,0.859,0.429,0.677,0.624,0.533,0.737,0.889,none,P034,2025-08-30
H02676,29,25-34,Haringey,foodies,students,0.482,0.212,0.0,0.113,0.819,0.515,1.0,0.617,0.46,0.305,0.964,0.65,0.637,0.889,0.731,0.334,nut_allergy,P034,2025-08-30
H02677,21,18-24,Westminster,foodies,families,0.393,0.101,0.262,0.434,0.883,0.585,0.749,0.547,0.258,0.493,0.634,0.364,0.699,0.449,0.933,0.479,none,P034,2025-08-30
H02678,21,18-24,Barnet,students,fitness,0.727,0.127,0.409,0.149,0.39,0.368,0.747,0.83,0.87,0.772,0.583,0.63,0.901,0.817,0.349,0.448,gluten_free,P034,2025-08-30
H02679,40,35-44,Haringey,families,fitness,0.0,0.18,0.213,0.861,0.147,0.796,0.524,0.353,0.588,0.835,0.609,0.725,0.857,0.507,0.639,0.323,none,P034,2025-08-30
H02680,42,35-44,Haringey,families,foodies,0.41,0.45,0.216,0.78,0.478,0.496,0.441,0.228,0.952,0.741,0.447,0.55,0.305,0.71,0.475,0.198,none,P034,2025-08-30
H02681,34,25-34,Croydon,foodies,students,0.36,0.182,0.101,0.264,0.762,0.667,0.736,0.466,0.412,0.578,0.818,0.707,0.63,0.533,0.977,0.565,none,P034,2025-08-30
H02682,25,25-34,Newham,young_professionals,students,0.393,0.769,0.321,0.392,0.22,0.666,0.753,0.6,0.415,0.895,0.564,0.804,0.552,0.782,0.623,0.665,none,P034,2025-08-30
H02683,24,18-24,Redbridge,foodies,young_professionals,0.195,0.428,0.336,0.213,0.827,0.652,0.745,0.618,0.312,0.532,0.906,0.619,0.602,0.505,0.915,0.556,none,P034,2025-08-30
H02684,39,35-44,Kensington and Chelsea,foodies,fitness,0.151,0.194,0.378,0.183,0.763,0.573,0.945,0.552,0.35,0.297,0.742,0.617,0.703,0.633,0.891,0.386,nut_allergy,P034,2025-08-30
H02685,38,35-44,Islington,families,fitness,0.167,0.313,0.401,0.797,0.102,0.539,0.32,0.223,0.797,0.769,0.618,0.377,0.649,0.671,0.477,0.392,vegetarian,P034,2025-08-30
H02686,32,25-34,Sutton,fitness,foodies,0.231,0.426,0.831,0.313,0.5,0.801,0.511,0.67,0.581,0.689,0.725,0.702,0.281,0.258,0.343,0.839,none,P034,2025-08-30
H02687,29,25-34,Newham,families,foodies,0.278,0.0,0.286,0.968,0.566,0.559,0.311,0.31,0.574,0.783,0.565,0.233,0.444,0.781,0.491,0.302,none,P034,2025-08-30
H02688,20,18-24,Hounslow,students,fitness,0.707,0.203,0.347,0.128,0.176,0.411,0.538,0.834,0.792,0.713,0.321,0.667,0.834,0.82,0.42,0.544,gluten_free,P034,2025-08-30
H02689,31,25-34,Haringey,foodies,students,0.394,0.188,0.202,0.063,0.824,0.56,0.738,0.69,0.211,0.647,0.7,0.402,0.904,0.587,0.974,0.439,vegan,P034,2025-08-30
H02690,26,25-34,Hammersmith and Fulham,students,young_professionals,1.0,0.538,0.371,0.318,0.222,0.343,0.739,0.863,1.0,0.903,0.366,0.819,0.626,0.632,0.379,0.471,none,P034,2025-08-30
H02691,22,18-24,Haringey,young_professionals,students,0.509,0.841,0.29,0.147,0.478,0.612,0.758,0.667,0.414,0.9,0.69,0.93,0.509,0.677,0.403,0.766,vegetarian,P034,2025-08-30
H02692,35,35-44,Hackney,young_professionals,foodies,0.327,0.841,0.285,0.229,0.469,0.604,0.621,0.534,0.371,0.87,0.416,0.801,0.659,0.704,0.684,0.563,none,P034,2025-08-30
H02693,45,45+,Hackney,families,young_professionals,0.344,0.39,0.206,0.925,0.072,0.463,0.412,0.489,0.68,0.839,0.667,0.563,0.34,0.612,0.702,0.36,dairy_free,P034,2025-08-30
H02694,35,35-44,Westminster,families,young_professionals,0.479,0.525,0.42,0.844,0.394,0.671,0.376,0.434,0.77,0.673,0.668,0.411,0.629,0.608,0.48,0.271,none,P034,2025-08-30
H02695,42,35-44,Haringey,families,young_professionals,0.311,0.594,0.419,0.88,0.287,0.76,0.38,0.167,0.522,0.806,0.305,0.573,0.718,0.886,0.471,0.403,none,P034,2025-08-30
H02696,18,18-24,Haringey,students,young_professionals,0.954,0.509,0.403,0.225,0.411,0.554,0.802,0.955,0.717,0.756,0.598,0.808,0.935,0.643,0.631,0.648,none,P034,2025-08-30
H02697,26,25-34,Haringey,fitness,foodies,0.329,0.343,0.818,0.206,0.391,0.928,0.365,0.636,0.439,0.67,0.501,0.795,0.349,0.408,0.324,0.842,dairy_free,P034,2025-08-30
H02698,25,25-34,Haringey,fitness,students,0.57,0.328,0.93,0.24,0.303,1.0,0.503,0.693,0.627,0.72,0.678,0.629,0.619,0.271,0.417,0.981,gluten_free|dairy_free,P034,2025-08-30
H02699,38,35-44,Haringey,families,students,0.331,0.283,0.294,0.748,0.176,0.676,0.298,0.305,0.574,0.727,0.629,0.528,0.603,0.623,0.81,0.251,vegetarian,P034,2025-08-30
H02700,29,25-34,Croydon,young_professionals,families,0.179,0.83,0.099,0.561,0.342,0.635,0.739,0.886,0.406,1.0,0.56,0.666,0.64,0.54,0.667,0.371,none,P034,2025-08-30
H02701,35,35-44,Haringey,families,fitness,0.191,0.106,0.245,0.719,0.236,0.654,0.294,0.255,0.611,0.577,0.664,0.656,0.77,0.679,0.656,0.399,none,P034,2025-08-30
H02702,30,25-34,Southwark,fitness,foodies,0.315,0.354,0.841,0.248,0.503,1.0,0.335,0.577,0.534,0.751,0.637,0.927,0.429,0.462,0.475,1.0,none,P034,2025-08-30
H02703,36,35-44,Haringey,foodies,fitness,0.245,0.324,0.332,0.0,0.921,0.617,0.892,0.718,0.247,0.312,0.884,0.53,0.64,0.616,1.0,0.257,none,P034,2025-08-30
H02704,35,35-44,Wandsworth,fitness,students,0.332,0.282,0.969,0.074,0.315,0.932,0.407,0.437,0.577,0.585,0.679,0.676,0.455,0.112,0.405,0.926,gluten_free,P034,2025-08-30
H02705,30,25-34,Croydon,young_professionals,foodies,0.409,0.925,0.223,0.419,0.557,0.712,0.704,0.587,0.378,0.847,0.477,0.641,0.834,0.426,0.504,0.685,none,P034,2025-08-30
H02706,32,25-34,Barking and Dagenham,young_professionals,foodies,0.068,0.738,0.213,0.257,0.588,0.531,0.707,0.739,0.414,0.943,0.74,0.802,0.713,0.479,0.285,0.72,none,P034,2025-08-30
H02707,30,25-34,Haringey,young_professionals,families,0.436,0.957,0.378,0.521,0.4,0.571,0.875,0.596,0.274,0.706,0.648,0.659,0.405,0.381,0.62,0.744,none,P034,2025-08-30
H02708,32,25-34,Haringey,young_professionals,students,0.437,0.801,0.282,0.21,0.381,0.692,0.704,0.59,0.363,0.691,0.719,0.71,0.445,0.698,0.611,0.766,vegan,P034,2025-08-30
H02709,36,35-44,Sutton,foodies,fitness,0.379,0.258,0.497,0.442,0.761,0.551,0.896,0.642,0.241,0.438,0.808,0.628,0.601,0.589,1.0,0.309,none,P034,2025-08-30
H02710,34,25-34,Hackney,families,young_professionals,0.219,0.442,0.308,0.846,0.25,0.707,0.236,0.582,0.708,0.791,0.596,0.498,0.615,0.76,0.562,0.251,none,P034,2025-08-30
H02711,23,18-24,Haringey,students,families,0.808,0.0,0.229,0.529,0.276,0.414,0.674,0.953,0.829,0.63,0.526,0.688,0.808,0.862,0.553,0.842,dairy_free,P034,2025-08-30
H02712,35,35-44,Haringey,foodies,young_professionals,0.222,0.601,0.326,0.0,0.871,0.634,0.915,0.705,0.303,0.41,0.629,0.817,0.607,0.708,0.982,0.416,none,P034,2025-08-30
H02713,18,18-24,Haringey,students,fitness,0.825,0.412,0.588,0.296,0.0,0.507,0.68,0.872,0.845,0.67,0.497,0.663,0.859,0.536,0.582,0.571,none,P034,2025-08-30
H02714,27,25-34,Tower Hamlets,foodies,young_professionals,0.055,0.168,0.016,0.097,0.948,0.571,0.918,0.811,0.341,0.417,0.977,0.683,0.838,0.657,1.0,0.284,none,P034,2025-08-30
H02715,31,25-34,Harrow,families,foodies,0.226,0.31,0.428,0.821,0.505,0.621,0.363,0.41,0.92,0.726,0.586,0.506,0.308,0.606,0.234,0.216,nut_allergy,organic,2025-08-30
H02716,30,25-34,Wandsworth,young_professionals,foodies,0.325,0.785,0.11,0.238,0.741,0.711,0.627,0.788,0.392,0.914,0.647,0.769,0.769,0.588,0.706,0.478,none,organic,2025-08-30
H02717,39,35-44,Westminster,fitness,families,0.187,0.364,0.867,0.41,0.192,0.837,0.472,0.638,0.501,0.595,0.608,0.752,0.381,0.495,0.354,0.989,none,organic,2025-08-31
H02718,22,18-24,Barking and Dagenham,students,families,0.917,0.235,0.0,0.404,0.205,0.377,0.886,1.0,0.774,0.609,0.534,0.673,0.883,0.882,0.391,0.456,gluten_free,organic,2025-08-31
H02719,28,25-34,Havering,young_professionals,families,0.411,0.97,0.378,0.419,0.146,0.77,0.793,0.6,0.345,0.666,0.618,0.536,0.605,0.607,0.484,0.636,none,organic,2025-08-31
H02720,25,25-34,Lambeth,students,fitness,0.953,0.361,0.528,0.335,0.017,0.466,0.774,0.716,1.0,0.833,0.653,0.894,0.77,0.875,0.554,0.569,vegan,organic,2025-08-31
H02721,32,25-34,Brent,young_professionals,foodies,0.384,0.939,0.285,0.252,0.442,0.602,0.729,0.652,0.238,0.939,0.533,0.789,0.703,0.502,0.71,0.889,none,organic,2025-08-31
H02722,25,25-34,Ealing,young_professionals,students,0.465,0.843,0.431,0.392,0.462,0.53,0.693,0.581,0.451,0.852,0.634,0.802,0.694,0.385,0.515,0.532,none,organic,2025-08-31
H02723,32,25-34,Camden,fitness,foodies,0.321,0.108,1.0,0.152,0.325,0.818,0.584,0.618,0.679,0.732,0.67,0.448,0.515,0.398,0.257,1.0,none,organic,2025-09-01
H02724,29,25-34,Lewisham,young_professionals,families,0.214,0.725,0.302,0.425,0.315,0.55,0.703,0.697,0.423,0.911,0.646,0.79,0.604,0.667,0.774,0.646,none,organic,2025-09-01
H02725,22,18-24,Croydon,students,foodies,0.834,0.412,0.299,0.215,0.486,0.258,0.864,0.645,0.707,0.685,0.635,0.673,0.829,0.775,0.519,0.726,none,organic,2025-09-02
H02726,31,25-34,Lewisham,families,young_professionals,0.335,0.398,0.163,0.936,0.252,0.626,0.247,0.411,0.668,0.724,0.433,0.603,0.55,0.714,0.375,0.479,none,organic,2025-09-02
H02727,32,25-34,Haringey,young_professionals,fitness,0.389,0.949,0.4,0.236,0.334,0.715,0.621,0.683,0.497,0.979,0.552,0.852,0.567,0.508,0.601,0.636,none,organic,2025-09-03
H02728,31,25-34,Hackney,young_professionals,students,0.47,0.798,0.383,0.203,0.107,0.646,0.665,0.614,0.445,0.807,0.545,0.921,0.748,0.663,0.786,0.783,none,organic,2025-09-03
H02729,18,18-24,Croydon,students,fitness,0.941,0.299,0.389,0.355,0.194,0.449,0.855,0.791,1.0,0.866,0.652,0.818,0.858,0.758,0.319,0.688,none,organic,2025-09-04
H02730,23,18-24,Kensington and Chelsea,students,foodies,0.93,0.321,0.126,0.169,0.6,0.588,0.667,0.727,0.877,0.829,0.66,0.438,0.8,0.89,0.424,0.616,gluten_free,organic,2025-09-05
H02731,29,25-34,Tower Hamlets,young_professionals,foodies,0.385,0.927,0.313,0.391,0.436,0.559,0.702,0.678,0.328,0.774,0.646,0.837,0.633,0.495,0.645,0.531,none,organic,2025-09-05
H02732,36,35-44,Haringey,young_professionals,students,0.321,0.863,0.2,0.216,0.08,0.584,0.566,0.728,0.379,0.841,0.499,0.888,0.752,0.382,0.612,0.775,none,organic,2025-09-07
H02733,32,25-34,Islington,young_professionals,students,0.423,0.758,0.415,0.201,0.287,0.514,0.582,0.789,0.565,0.773,0.568,0.772,0.531,0.612,0.409,0.588,none,organic,2025-09-07
H02734,20,18-24,Tower Hamlets,students,young_professionals,0.889,0.408,0.218,0.145,0.214,0.643,0.78,0.815,0.977,0.696,0.467,0.526,0.661,0.924,0.487,0.381,none,organic,2025-09-07
H02735,21,18-24,Bromley,students,foodies,0.683,0.355,0.469,0.288,0.544,0.601,0.897,0.807,0.739,0.518,0.377,0.647,0.779,0.816,0.519,0.451,none,organic,2025-09-08
H02736,29,25-34,Hackney,young_professionals,students,0.254,0.841,0.08,0.227,0.0,0.664,0.777,0.655,0.477,0.792,0.72,1.0,0.475,0.558,0.565,0.704,none,organic,2025-09-08
H02737,20,18-24,Merton,students,fitness,0.706,0.317,0.416,0.351,0.391,0.415,0.761,0.977,0.903,0.514,0.598,0.842,0.887,0.711,0.419,0.641,none,organic,2025-09-08
H02738,40,35-44,Tower Hamlets,fitness,families,0.114,0.227,0.792,0.347,0.233,0.726,0.596,0.555,0.516,0.68,0.53,0.698,0.464,0.494,0.549,0.987,none,organic,2025-09-08
H02739,22,18-24,Redbridge,foodies,families,0.045,0.056,0.363,0.449,0.856,0.512,0.929,0.786,0.277,0.421,0.943,0.588,0.543,0.597,0.884,0.407,none,organic,2025-09-08
H02740,37,35-44,Bromley,families,foodies,0.0,0.133,0.275,0.803,0.377,0.788,0.449,0.297,0.726,0.656,0.498,0.584,0.623,0.789,0.552,0.518,vegan,organic,2025-09-08
H02741,23,18-24,Wandsworth,students,families,0.808,0.388,0.147,0.473,0.025,0.46,0.687,0.877,0.842,0.701,0.52,0.692,0.768,0.755,0.443,0.466,none,organic,2025-09-09
H02742,24,18-24,Hackney,foodies,fitness,0.155,0.247,0.357,0.351,1.0,0.448,0.876,0.411,0.331,0.401,0.607,0.458,0.703,0.642,0.776,0.367,none,organic,2025-09-09
H02743,36,35-44,Westminster,families,students,0.326,0.16,0.133,0.807,0.276,0.804,0.373,0.21,0.633,0.782,0.479,0.377,0.705,0.696,0.391,0.243,nut_allergy,organic,2025-09-12
H02744,24,18-24,Southwark,young_professionals,fitness,0.466,0.889,0.571,0.446,0.174,0.581,0.678,0.684,0.169,0.737,0.613,0.74,0.89,0.551,0.437,0.567,none,organic,2025-09-12
H02745,21,18-24,Barnet,foodies,young_professionals,0.013,0.186,0.119,0.052,0.832,0.555,1.0,0.703,0.306,0.388,0.706,0.618,0.564,0.518,1.0,0.572,none,organic,2025-09-13
H02746,20,18-24,Hillingdon,students,young_professionals,0.868,0.345,0.094,0.034,0.032,0.603,0.686,0.811,0.859,0.677,0.629,0.774,0.529,0.623,0.546,0.389,vegetarian,organic,2025-09-14
H02747,19,18-24,Sutton,students,fitness,0.827,0.315,0.406,0.122,0.174,0.336,0.744,0.799,0.949,0.688,0.473,0.674,1.0,0.791,0.334,0.67,none,organic,2025-09-14
H02748,36,35-44,Enfield,families,students,0.475,0.281,0.314,0.85,0.113,0.619,0.158,0.189,0.811,0.647,0.517,0.623,0.626,1.0,0.609,0.283,vegan,organic,2025-09-14
H02749,30,25-34,Westminster,young_professionals,foodies,0.313,0.776,0.178,0.272,0.416,0.56,0.738,0.552,0.401,0.791,0.664,0.55,0.582,0.732,0.734,0.775,vegan,organic,2025-09-15
H02750,42,35-44,Waltham Forest,families,young_professionals,0.132,0.618,0.444,0.727,0.231,0.704,0.361,0.257,0.674,0.763,0.557,0.488,0.747,0.881,0.364,0.181,none,organic,2025-09-16
H02751,21,18-24,Tower Hamlets,foodies,students,0.402,0.145,0.242,0.33,0.903,0.729,1.0,0.689,0.283,0.328,0.635,0.79,0.761,0.673,0.993,0.096,none,organic,2025-09-16
H02752,35,35-44,Tower Hamlets,fitness,families,0.233,0.045,0.926,0.437,0.032,0.751,0.611,0.304,0.472,0.552,0.537,0.664,0.45,0.303,0.343,0.866,none,organic,2025-09-16
H02753,20,18-24,Southwark,students,families,1.0,0.433,0.336,0.445,0.102,0.55,0.761,0.758,0.912,0.69,0.585,0.822,0.806,0.772,0.372,0.589,none,P035,2025-09-17
H02754,31,25-34,Lambeth,young_professionals,students,0.433,0.834,0.33,0.356,0.402,0.561,0.941,0.554,0.434,0.814,0.475,0.593,0.718,0.635,0.533,0.819,none,P035,2025-09-17
H02755,26,25-34,Westminster,young_professionals,foodies,0.299,0.914,0.27,0.373,0.519,0.551,0.726,0.708,0.394,0.937,0.626,0.89,0.533,0.341,0.553,0.653,none,P035,2025-09-17
H02756,24,18-24,Ealing,students,families,0.858,0.321,0.142,0.488,0.237,0.441,0.793,0.779,0.919,0.666,0.5,0.59,0.717,0.71,0.67,0.669,vegetarian,P035,2025-09-17
H02757,20,18-24,Southwark,students,young_professionals,0.933,0.591,0.419,0.042,0.429,0.365,0.79,0.646,0.768,0.782,0.6,0.85,0.806,0.751,0.605,0.499,none,P035,2025-09-17
H02758,21,18-24,Southwark,students,foodies,0.859,0.29,0.077,0.26,0.295,0.389,0.756,0.775,0.877,0.597,0.749,0.746,0.67,0.656,0.457,0.29,none,P035,2025-09-17
H02759,40,35-44,Tower Hamlets,families,foodies,0.365,0.445,0.374,0.824,0.453,0.69,0.36,0.583,0.661,0.818,0.437,0.762,0.457,0.999,0.484,0.082,none,P035,2025-09-17
H02760,29,25-34,Southwark,young_professionals,foodies,0.232,0.87,0.4,0.362,0.47,0.579,0.672,0.743,0.305,0.959,0.538,0.454,0.505,0.513,0.653,0.634,none,P035,2025-09-17
H02761,18,18-24,Hammersmith and Fulham,students,fitness,1.0,0.286,0.392,0.034,0.22,0.561,0.903,0.685,0.795,0.728,0.587,0.758,0.971,0.633,0.455,0.637,none,P035,2025-09-17
H02762,19,18-24,Southwark,students,fitness,0.912,0.231,0.556,0.153,0.251,0.466,0.663,0.823,0.896,0.83,0.614,0.526,0.65,0.676,0.472,0.53,none,P035,2025-09-17
H02763,20,18-24,Lambeth,students,foodies,0.901,0.278,0.0,0.329,0.468,0.386,0.791,0.77,1.0,0.747,0.472,0.563,0.681,1.0,0.421,0.641,vegetarian,P035,2025-09-17
H02764,21,18-24,Kensington and Chelsea,students,foodies,0.885,0.106,0.206,0.435,0.539,0.473,0.628,0.825,0.868,0.644,0.639,0.585,0.922,0.85,0.331,0.694,none,P035,2025-09-17
H02765,24,18-24,Southwark,students,foodies,0.836,0.063,0.106,0.239,0.43,0.529,0.708,0.711,0.792,0.587,0.776,0.691,0.859,0.852,0.467,0.438,none,P035,2025-09-17
H02766,33,25-34,Southwark,families,foodies,0.39,0.144,0.235,0.655,0.51,0.734,0.411,0.604,0.773,0.738,0.495,0.431,0.755,0.961,0.62,0.0,dairy_free,P035,2025-09-17
H02767,38,35-44,Southwark,families,fitness,0.275,0.303,0.488,0.728,0.326,0.475,0.084,0.312,0.837,0.902,0.391,0.318,0.691,0.697,0.664,0.439,none,P035,2025-09-17
H02768,19,18-24,Southwark,students,young_professionals,0.722,0.602,0.321,0.293,0.235,0.372,0.818,0.768,0.869,0.777,0.719,0.973,0.767,0.716,0.4,0.621,none,P035,2025-09-17
H02769,32,25-34,Bromley,foodies,families,0.159,0.0,0.2,0.519,0.925,0.769,0.912,0.571,0.416,0.357,0.77,0.832,0.395,0.643,0.858,0.375,vegetarian|dairy_free,P035,2025-09-17
H02770,30,25-34,Southwark,young_professionals,students,0.358,0.856,0.317,0.282,0.285,0.589,0.824,0.739,0.459,0.944,0.624,0.612,0.757,0.322,0.178,0.734,gluten_free,P035,2025-09-17
H02771,35,35-44,Enfield,young_professionals,fitness,0.296,0.87,0.419,0.193,0.264,0.782,0.673,0.669,0.301,1.0,0.514,0.609,0.643,0.443,0.644,0.469,vegan,P035,2025-09-17
H02772,32,25-34,Wandsworth,foodies,fitness,0.052,0.178,0.309,0.118,0.934,0.615,0.946,0.681,0.35,0.496,0.752,0.488,0.831,0.571,0.858,0.485,none,P035,2025-09-17
H02773,18,18-24,Southwark,students,young_professionals,1.0,0.581,0.349,0.262,0.05,0.383,0.74,0.8,0.998,0.759,0.577,0.81,0.587,0.801,0.477,0.544,none,P035,2025-09-17
H02774,27,25-34,Waltham Forest,young_professionals,students,0.709,0.833,0.464,0.221,0.156,0.51,0.823,0.687,0.363,0.924,0.541,0.722,0.513,0.552,0.722,0.593,none,P035,2025-09-17
H02775,24,18-24,Lambeth,students,young_professionals,0.813,0.533,0.402,0.337,0.342,0.507,0.809,0.927,0.867,0.619,0.403,0.733,0.918,0.741,0.453,0.549,none,P035,2025-09-17
H02776,40,35-44,Southwark,foodies,students,0.588,0.375,0.385,0.264,0.84,0.613,0.804,0.68,0.259,0.235,0.796,0.711,0.597,0.675,1.0,0.637,none,P035,2025-09-17
H02777,19,18-24,Haringey,students,fitness,0.831,0.299,0.448,0.235,0.371,0.449,0.755,0.804,0.936,0.689,0.812,0.659,0.603,0.581,0.529,0.359,none,P035,2025-09-17
H02778,24,18-24,Southwark,young_professionals,students,0.369,0.79,0.158,0.363,0.0,0.645,0.744,0.702,0.471,0.736,0.522,1.0,0.499,0.38,0.682,0.523,gluten_free,P035,2025-09-17
H02779,26,25-34,Southwark,students,families,0.743,0.346,0.026,0.455,0.0,0.418,0.67,0.736,0.965,0.728,0.606,0.684,0.836,0.746,0.391,0.618,none,P035,2025-09-17
H02780,20,18-24,Southwark,students,young_professionals,0.827,0.446,0.255,0.431,0.108,0.464,0.734,0.92,0.745,0.633,0.591,0.883,0.708,0.719,0.295,0.485,none,P035,2025-09-17
H02781,25,25-34,Southwark,students,foodies,0.752,0.18,0.31,0.058,0.485,0.493,0.833,0.98,0.79,0.516,0.395,0.482,0.606,0.591,0.4,0.653,dairy_free,P035,2025-09-17
H02782,28,25-34,Wandsworth,fitness,students,0.602,0.389,1.0,0.318,0.257,0.949,0.422,0.555,0.439,0.54,0.486,0.679,0.412,0.277,0.25,0.883,none,P035,2025-09-17
H02783,18,18-24,Southwark,students,young_professionals,0.951,0.572,0.278,0.081,0.52,0.611,0.658,0.548,0.898,0.61,0.479,0.671,0.799,0.656,0.466,0.535,none,P035,2025-09-17
H02784,22,18-24,Southwark,students,families,0.902,0.11,0.191,0.33,0.307,0.43,0.816,0.7,0.865,0.608,0.62,0.591,0.997,0.69,0.546,0.491,vegetarian,P035,2025-09-17
H02785,20,18-24,Brent,students,young_professionals,0.79,0.491,0.346,0.162,0.311,0.371,0.734,0.649,0.812,0.778,0.64,0.396,0.68,0.903,0.496,0.599,none,P035,2025-09-17
H02786,19,18-24,Southwark,students,young_professionals,0.759,0.371,0.316,0.241,0.293,0.402,0.579,0.795,0.837,0.748,0.498,0.49,0.584,0.699,0.463,0.41,none,P035,2025-09-17
H02787,24,18-24,Lambeth,students,families,0.924,0.257,0.207,0.381,0.253,0.445,0.742,0.662,1.0,0.756,0.466,0.947,0.69,0.85,0.461,0.495,none,P035,2025-09-17
H02788,25,25-34,Waltham Forest,students,families,0.893,0.282,0.0,0.346,0.113,0.524,0.784,0.793,0.855,0.749,0.506,0.646,0.758,0.956,0.268,0.61,none,P035,2025-09-17
H02789,18,18-24,Haringey,students,families,0.894,0.351,0.11,0.452,0.148,0.418,0.809,0.801,0.767,0.738,0.52,0.386,0.703,0.547,0.302,0.52,dairy_free,P035,2025-09-17
H02790,27,25-34,Southwark,foodies,students,0.379,0.283,0.236,0.307,0.678,0.496,0.985,0.616,0.108,0.417,0.803,0.472,0.722,0.674,0.757,0.434,vegan|dairy_free,P035,2025-09-17
H02791,22,18-24,Southwark,students,young_professionals,0.92,0.456,0.263,0.208,0.192,0.311,0.753,0.805,0.758,0.701,0.604,0.835,0.88,1.0,0.45,0.616,none,P035,2025-09-17
H02792,19,18-24,Hillingdon,students,young_professionals,0.817,0.557,0.182,0.455,0.369,0.507,0.673,0.874,0.725,0.661,0.521,0.779,0.962,0.776,0.407,0.466,none,P035,2025-09-17
H02793,37,35-44,Southwark,families,fitness,0.225,0.443,0.475,0.842,0.076,0.896,0.286,0.533,0.749,0.694,0.535,0.433,0.631,0.868,0.456,0.452,none,P035,2025-09-17
H02794,18,18-24,Hackney,students,young_professionals,0.817,0.406,0.137,0.104,0.296,0.369,0.802,0.631,1.0,0.763,0.566,0.827,0.744,0.856,0.225,0.648,none,P035,2025-09-17
H02795,39,35-44,Southwark,families,foodies,0.174,0.267,0.263,0.976,0.354,0.657,0.359,0.418,0.587,0.859,0.558,0.571,0.746,0.519,0.576,0.33,vegetarian,P035,2025-09-17
H02796,19,18-24,Southwark,students,fitness,0.767,0.142,0.36,0.343,0.277,0.475,0.795,0.993,0.952,0.709,0.522,0.681,0.796,0.66,0.375,0.542,none,P035,2025-09-17
H02797,22,18-24,Southwark,students,fitness,0.78,0.339,0.373,0.318,0.0,0.391,0.751,0.796,0.963,0.466,0.477,0.579,0.448,0.691,0.27,0.504,none,P035,2025-09-17
H02798,31,25-34,Barnet,foodies,fitness,0.046,0.352,0.663,0.461,0.834,0.534,0.729,0.532,0.425,0.364,0.395,0.569,0.808,0.564,1.0,0.353,none,P035,2025-09-17
H02799,19,18-24,Bromley,students,young_professionals,0.925,0.53,0.358,0.316,0.174,0.547,0.624,0.714,0.763,0.556,0.703,0.582,0.615,0.743,0.36,0.821,vegetarian,P035,2025-09-17
H02800,36,35-44,Southwark,foodies,families,0.183,0.051,0.191,0.192,0.722,0.72,0.658,0.527,0.163,0.285,0.889,0.563,0.643,0.501,1.0,0.124,vegan,P035,2025-09-17
H02801,18,18-24,Barnet,students,families,0.711,0.03,0.231,0.288,0.187,0.461,0.809,0.764,1.0,0.701,0.54,0.765,0.673,0.69,0.515,0.638,none,P035,2025-09-17
H02802,22,18-24,Bromley,students,foodies,0.787,0.136,0.3,0.0,0.411,0.365,0.773,0.727,0.984,0.683,0.639,0.67,0.815,0.635,0.682,0.346,vegan,P035,2025-09-17
H02803,18,18-24,Southwark,students,families,0.881,0.381,0.117,0.45,0.195,0.489,0.723,0.613,0.888,0.613,0.689,0.536,0.897,0.729,0.499,0.384,none,P035,2025-09-17
H02804,26,25-34,Southwark,students,fitness,0.994,0.473,0.475,0.471,0.211,0.456,0.768,0.665,0.903,0.814,0.632,0.65,0.737,0.574,0.37,0.509,none,P035,2025-09-17
H02805,27,25-34,Southwark,fitness,foodies,0.145,0.414,0.887,0.174,0.422,0.912,0.439,0.495,0.483,0.554,0.492,0.689,0.519,0.051,0.303,0.933,none,P035,2025-09-17
H02806,20,18-24,Wandsworth,students,fitness,0.922,0.368,0.422,0.14,0.368,0.396,0.679,0.683,0.837,0.967,0.391,0.54,0.743,0.987,0.539,0.736,none,P035,2025-09-17
H02807,20,18-24,Lambeth,students,families,0.776,0.302,0.268,0.389,0.193,0.329,0.752,0.779,0.746,0.647,0.707,0.624,0.654,0.744,0.559,0.513,none,P035,2025-09-17
H02808,18,18-24,Southwark,students,fitness,0.927,0.333,0.433,0.02,0.255,0.308,0.745,0.825,0.994,0.688,0.647,0.693,0.764,0.76,0.529,0.615,dairy_free,P035,2025-09-17
H02809,30,25-34,Southwark,young_professionals,students,0.381,0.865,0.149,0.381,0.248,0.446,0.754,0.407,0.425,0.898,0.671,0.737,0.621,0.618,0.714,0.816,vegetarian,P035,2025-09-17
H02810,20,18-24,Southwark,students,families,0.827,0.095,0.194,0.43,0.228,0.497,0.729,0.845,0.992,0.812,0.567,0.564,0.601,0.612,0.321,0.562,nut_allergy,P035,2025-09-17
H02811,22,18-24,Southwark,students,families,0.855,0.444,0.176,0.456,0.445,0.437,0.74,0.768,0.879,0.581,0.493,0.508,0.8,0.76,0.435,0.656,none,P035,2025-09-17
H02812,18,18-24,Southwark,students,families,0.793,0.391,0.499,0.537,0.236,0.442,0.839,0.728,0.913,0.886,0.369,0.83,0.796,0.902,0.566,0.47,none,P035,2025-09-17
H02813,23,18-24,Southwark,young_professionals,foodies,0.222,0.815,0.346,0.418,0.537,0.516,0.596,0.543,0.396,0.764,0.723,0.456,0.663,0.613,0.484,0.622,none,P035,2025-09-17
H02814,32,25-34,Southwark,foodies,students,0.399,0.386,0.21,0.074,0.797,0.669,1.0,0.651,0.308,0.403,0.798,0.754,0.707,0.443,0.774,0.455,gluten_free,P035,2025-09-17
H02815,24,18-24,Havering,students,young_professionals,0.784,0.482,0.339,0.304,0.311,0.332,0.669,0.724,0.927,0.639,0.53,0.598,0.693,0.743,0.434,0.788,none,P035,2025-09-17
H02816,20,18-24,Southwark,students,families,0.914,0.336,0.004,0.383,0.321,0.506,0.737,0.958,0.952,0.533,0.649,0.621,0.846,0.785,0.133,0.623,none,P035,2025-09-17
H02817,20,18-24,Southwark,students,families,0.874,0.418,0.162,0.467,0.072,0.328,0.681,0.704,0.787,0.88,0.378,0.835,0.602,0.627,0.325,0.417,none,P035,2025-09-17
H02818,28,25-34,Croydon,young_professionals,students,0.706,0.807,0.309,0.197,0.179,0.631,0.743,0.564,0.346,0.904,0.687,0.676,0.723,0.694,0.557,0.477,vegetarian,P035,2025-09-17
H02819,20,18-24,Hackney,students,families,0.951,0.298,0.259,0.402,0.186,0.43,0.68,0.726,0.831,0.584,0.837,0.466,0.632,0.822,0.368,0.508,dairy_free,P035,2025-09-17
H02820,20,18-24,Croydon,students,foodies,0.773,0.045,0.209,0.374,0.596,0.399,0.802,0.767,1.0,0.686,0.61,0.733,0.702,0.85,0.304,0.484,none,P035,2025-09-17
H02821,32,25-34,Lewisham,young_professionals,foodies,0.178,0.832,0.312,0.069,0.451,0.589,0.587,0.624,0.598,1.0,0.579,0.802,0.697,0.343,0.462,0.372,none,P035,2025-09-17
H02822,24,18-24,Sutton,students,families,0.855,0.286,0.247,0.459,0.332,0.287,0.72,0.756,0.847,0.588,0.477,0.568,0.849,0.795,0.487,0.319,none,P035,2025-09-17
H02823,20,18-24,Southwark,students,families,0.832,0.412,0.265,0.606,0.385,0.374,0.681,0.977,1.0,0.724,0.495,0.634,0.706,0.965,0.485,0.64,none,P035,2025-09-17
H02824,27,25-34,Southwark,foodies,fitness,0.315,0.139,0.479,0.188,0.915,0.537,0.956,0.598,0.409,0.277,0.726,0.474,0.689,0.549,1.0,0.325,vegetarian,P035,2025-09-17
H02825,33,25-34,Kingston upon Thames,foodies,students,0.598,0.0,0.293,0.476,0.892,0.594,0.961,0.696,0.295,0.381,0.802,0.595,0.843,0.476,0.934,0.492,none,P035,2025-09-17
H02826,30,25-34,Hammersmith and Fulham,young_professionals,students,0.499,1.0,0.276,0.335,0.34,0.562,0.599,0.562,0.53,0.853,0.526,0.732,0.62,0.556,0.419,0.519,none,P035,2025-09-17
H02827,19,18-24,Lambeth,students,fitness,0.867,0.415,0.576,0.424,0.215,0.594,0.691,0.774,0.928,0.855,0.578,0.749,0.852,0.871,0.511,0.672,none,P035,2025-09-17
H02828,18,18-24,Southwark,students,families,0.792,0.144,0.22,0.25,0.224,0.408,0.862,0.748,0.846,0.793,0.548,0.639,0.691,0.885,0.52,0.578,none,P035,2025-09-17
H02829,22,18-24,Southwark,students,foodies,0.765,0.163,0.21,0.404,0.486,0.508,0.613,0.855,0.69,0.793,0.547,0.753,0.778,0.545,0.614,0.59,none,P035,2025-09-17
H02830,26,25-34,Southwark,young_professionals,foodies,0.336,0.898,0.322,0.159,0.848,0.533,0.797,0.628,0.375,0.787,0.478,0.515,0.446,0.555,0.681,0.952,none,P035,2025-09-17
H02831,32,25-34,Southwark,families,fitness,0.296,0.405,0.455,0.858,0.386,0.703,0.07,0.554,0.816,0.593,0.518,0.532,0.448,0.809,0.625,0.389,none,P035,2025-09-17
H02832,21,18-24,Kingston upon Thames,students,foodies,0.9,0.266,0.26,0.029,0.421,0.604,0.748,0.634,0.897,0.492,0.575,0.717,0.685,0.637,0.517,0.54,vegetarian,P035,2025-09-17
H02833,24,18-24,Southwark,students,fitness,0.75,0.102,0.504,0.459,0.237,0.515,0.729,0.713,0.75,0.732,0.64,0.639,0.893,0.704,0.46,0.523,none,P035,2025-09-17
H02834,21,18-24,Camden,students,foodies,0.893,0.122,0.0,0.22,0.271,0.531,0.753,0.915,0.845,0.696,0.574,0.779,0.8,0.807,0.482,0.527,none,P035,2025-09-17
H02835,26,25-34,Hillingdon,young_professionals,students,0.539,0.783,0.288,0.508,0.281,0.475,0.768,0.607,0.322,0.802,0.538,0.72,0.588,0.75,0.636,0.441,gluten_free,P035,2025-09-17
H02836,24,18-24,Haringey,students,fitness,0.855,0.272,0.579,0.14,0.42,0.51,0.839,0.834,0.794,0.543,0.704,0.725,0.76,0.967,0.322,0.247,none,P035,2025-09-17
H02837,29,25-34,Islington,young_professionals,families,0.509,0.948,0.0,0.72,0.238,0.583,0.561,0.815,0.46,1.0,0.556,0.679,0.721,0.519,0.717,0.823,none,P035,2025-09-17
H02838,32,25-34,Ealing,young_professionals,fitness,0.218,0.843,0.405,0.207,0.226,0.484,0.78,0.548,0.457,0.809,0.677,0.709,0.529,0.669,0.501,0.669,none,P035,2025-09-17
H02839,19,18-24,Southwark,students,foodies,0.8,0.235,0.32,0.29,0.438,0.438,0.927,0.79,1.0,0.711,0.555,0.657,0.719,0.857,0.362,0.665,none,P035,2025-09-17
H02840,29,25-34,Southwark,foodies,students,0.481,0.457,0.43,0.205,0.84,0.532,0.936,0.458,0.233,0.164,0.89,0.663,0.737,0.469,1.0,0.58,none,P035,2025-09-17
H02841,36,35-44,Southwark,families,foodies,0.383,0.41,0.431,0.795,0.445,0.674,0.434,0.419,0.901,0.697,0.351,0.533,0.535,0.62,0.464,0.256,none,P035,2025-09-17
H02842,29,25-34,Hillingdon,young_professionals,students,0.26,0.844,0.256,0.115,0.101,0.666,0.7,0.593,0.489,1.0,0.614,0.695,0.631,0.518,0.666,0.558,gluten_free,P035,2025-09-17
H02843,22,18-24,Southwark,students,foodies,0.797,0.137,0.278,0.221,0.289,0.432,0.711,0.913,0.885,0.58,0.437,0.775,0.994,0.851,0.404,0.523,none,P035,2025-09-17
H02844,21,18-24,Hounslow,students,families,0.962,0.566,0.464,0.589,0.552,0.422,0.596,0.958,0.941,0.872,0.624,0.864,0.89,0.668,0.389,0.499,none,P035,2025-09-17
H02845,21,18-24,Ealing,students,foodies,0.795,0.1,0.423,0.239,0.489,0.499,0.651,0.88,0.907,0.705,0.557,0.696,0.646,0.568,0.243,0.586,none,P035,2025-09-17
H02846,22,18-24,Merton,students,young_professionals,0.671,0.454,0.261,0.363,0.006,0.529,0.737,0.859,0.787,0.534,0.497,0.793,0.665,0.828,0.327,0.48,vegetarian,P035,2025-09-17
H02847,19,18-24,Southwark,students,fitness,0.997,0.0,0.426,0.282,0.158,0.583,0.882,0.74,1.0,0.68,0.396,0.649,0.789,0.673,0.468,0.614,dairy_free,P035,2025-09-17
H02848,41,35-44,Southwark,families,students,0.273,0.191,0.079,0.841,0.219,0.486,0.331,0.317,0.611,0.759,0.553,0.566,0.468,0.644,0.635,0.323,none,P035,2025-09-17
H02849,22,18-24,Islington,students,young_professionals,0.829,0.473,0.232,0.113,0.141,0.393,0.727,0.866,0.897,0.646,0.518,0.846,0.877,0.794,0.468,0.828,vegetarian,P035,2025-09-17
H02850,21,18-24,Southwark,students,families,0.793,0.354,0.0,0.454,0.109,0.644,0.76,0.778,0.978,0.615,0.453,0.656,0.746,0.502,0.578,0.579,none,P035,2025-09-17
H02851,28,25-34,Hammersmith and Fulham,foodies,families,0.193,0.27,0.295,0.43,0.791,0.669,0.786,0.662,0.308,0.173,0.813,0.618,0.565,0.715,1.0,0.262,none,P035,2025-09-17
H02852,30,25-34,Southwark,young_professionals,families,0.29,0.696,0.278,0.441,0.361,0.593,0.697,0.645,0.564,0.682,0.633,0.789,0.498,0.614,0.645,0.645,none,P035,2025-09-17
H02853,23,18-24,Southwark,students,young_professionals,0.953,0.361,0.0,0.22,0.085,0.356,0.673,0.892,0.806,0.567,0.518,0.594,0.974,0.843,0.381,0.43,none,P035,2025-09-17
H02854,41,35-44,Southwark,foodies,students,0.344,0.157,0.084,0.243,0.812,0.55,0.796,0.638,0.197,0.358,0.734,0.722,0.556,0.654,0.822,0.284,vegan,P035,2025-09-17
H02855,19,18-24,Hillingdon,students,families,0.79,0.158,0.242,0.58,0.358,0.427,0.709,0.87,0.847,0.787,0.656,0.774,0.723,0.582,0.423,0.47,none,P035,2025-09-17
H02856,28,25-34,Bexley,young_professionals,foodies,0.372,0.894,0.094,0.156,0.554,0.657,0.784,0.799,0.406,0.99,0.538,0.707,0.651,0.66,0.56,0.848,none,P035,2025-09-17
H02857,19,18-24,Hammersmith and Fulham,students,foodies,0.739,0.0,0.411,0.176,0.488,0.545,0.851,0.765,0.839,0.563,0.575,0.798,0.768,0.639,0.664,0.298,none,P035,2025-09-17
H02858,30,25-34,Southwark,young_professionals,students,0.37,0.706,0.277,0.344,0.287,0.526,0.603,0.735,0.496,0.749,0.709,0.785,0.542,0.609,0.641,0.639,none,P035,2025-09-17
H02859,36,35-44,Newham,fitness,families,0.316,0.259,0.824,0.479,0.394,0.846,0.533,0.738,0.565,0.812,0.592,0.643,0.539,0.081,0.372,1.0,vegetarian,P035,2025-09-17
H02860,24,18-24,Hillingdon,young_professionals,foodies,0.283,0.885,0.377,0.299,0.41,0.649,0.746,0.62,0.513,1.0,0.498,0.865,0.78,0.525,0.696,0.619,none,P035,2025-09-17
H02861,18,18-24,Southwark,students,foodies,0.832,0.133,0.313,0.178,0.524,0.337,0.878,0.842,0.917,0.749,0.355,0.661,0.714,0.868,0.274,0.676,none,P035,2025-09-17
H02862,33,25-34,Newham,foodies,young_professionals,0.375,0.431,0.0,0.351,0.827,0.624,0.955,0.689,0.222,0.365,0.769,0.452,0.586,0.707,0.895,0.713,vegan,P035,2025-09-17
H02863,22,18-24,Southwark,students,young_professionals,0.962,0.416,0.328,0.088,0.4,0.596,0.752,0.75,1.0,0.663,0.525,0.755,0.715,0.843,0.504,0.608,none,P035,2025-09-17
H02864,34,25-34,Hammersmith and Fulham,families,young_professionals,0.188,0.344,0.178,0.881,0.128,0.769,0.334,0.317,0.809,0.719,0.471,0.607,0.774,0.772,0.379,0.534,none,P035,2025-09-17
H02865,22,18-24,Southwark,students,foodies,0.781,0.469,0.134,0.119,0.584,0.589,0.784,0.725,0.931,0.562,0.453,0.669,0.757,0.606,0.48,0.613,none,P035,2025-09-17
H02866,18,18-24,Southwark,students,young_professionals,0.896,0.572,0.369,0.302,0.244,0.487,0.555,0.761,0.954,0.77,0.547,0.441,0.827,0.94,0.349,0.499,none,P035,2025-09-17
H02867,41,35-44,Wandsworth,foodies,students,0.452,0.07,0.228,0.394,0.879,0.593,0.895,0.657,0.271,0.518,0.873,0.59,0.724,0.746,0.873,0.31,vegan,P035,2025-09-17
H02868,32,25-34,Southwark,young_professionals,students,0.461,0.949,0.262,0.099,0.321,0.623,0.606,0.805,0.395,0.951,0.555,0.8,0.637,0.548,0.64,0.76,none,P035,2025-09-17
H02869,24,18-24,Wandsworth,students,young_professionals,0.933,0.583,0.412,0.235,0.392,0.518,0.651,0.851,0.988,0.689,0.374,0.612,0.832,0.901,0.2,0.56,none,P035,2025-09-17
H02870,28,25-34,Tower Hamlets,young_professionals,students,0.654,0.86,0.457,0.451,0.271,0.55,0.68,0.666,0.494,0.83,0.523,0.801,0.745,0.492,0.482,0.596,none,P035,2025-09-17
H02871,23,18-24,Newham,students,young_professionals,0.942,0.585,0.295,0.512,0.483,0.424,0.917,0.862,0.995,0.578,0.507,0.74,0.745,0.603,0.541,0.679,none,P035,2025-09-17
H02872,23,18-24,Southwark,students,young_professionals,1.0,0.529,0.264,0.134,0.335,0.556,0.762,0.713,0.909,0.741,0.471,0.686,0.71,0.845,0.414,0.346,none,P035,2025-09-17
H02873,18,18-24,Kingston upon Thames,students,young_professionals,0.744,0.421,0.155,0.11,0.285,0.457,0.878,0.59,0.933,0.582,0.69,0.798,0.844,0.648,0.482,0.595,none,P035,2025-09-17
H02874,22,18-24,Southwark,young_professionals,foodies,0.172,0.827,0.323,0.071,0.674,0.62,0.487,0.72,0.348,0.945,0.616,0.872,0.66,0.659,0.64,0.629,vegetarian,organic,2025-09-17
H02875,43,35-44,Lewisham,foodies,families,0.289,0.031,0.213,0.308,0.743,0.462,0.806,0.672,0.196,0.374,0.604,0.729,0.661,0.646,0.798,0.653,none,organic,2025-09-17
H02876,31,25-34,Hackney,fitness,young_professionals,0.31,0.42,0.764,0.186,0.188,1.0,0.367,0.61,0.551,0.539,0.42,0.7,0.488,0.145,0.278,0.899,none,organic,2025-09-17
H02877,34,25-34,Southwark,families,students,0.633,0.369,0.408,0.867,0.147,0.56,0.421,0.41,0.753,0.884,0.483,0.383,0.744,0.953,0.654,0.07,none,organic,2025-09-18
H02878,28,25-34,Ealing,foodies,families,0.446,0.166,0.0,0.589,0.622,0.655,0.813,0.55,0.358,0.307,0.83,0.677,0.676,0.735,0.921,0.236,none,organic,2025-09-18
H02879,28,25-34,Harrow,young_professionals,foodies,0.28,0.886,0.264,0.378,0.382,0.742,0.715,0.589,0.414,0.859,0.569,0.633,0.526,0.499,0.53,0.423,none,organic,2025-09-18
H02880,19,18-24,Islington,students,young_professionals,0.831,0.682,0.271,0.168,0.301,0.396,0.823,0.894,1.0,0.596,0.457,0.703,0.532,0.62,0.486,0.3,dairy_free,organic,2025-09-18
H02881,29,25-34,Ealing,young_professionals,families,0.251,0.777,0.343,0.472,0.286,0.778,0.805,0.687,0.476,0.854,0.548,0.811,0.599,0.747,0.772,0.676,none,organic,2025-09-18
H02882,19,18-24,Hammersmith and Fulham,students,foodies,0.912,0.439,0.312,0.3,0.453,0.393,0.765,0.688,0.867,0.539,0.62,0.867,0.629,0.56,0.515,0.58,none,organic,2025-09-21
H02883,21,18-24,Merton,students,fitness,1.0,0.195,0.408,0.059,0.326,0.41,0.801,0.706,0.983,0.749,0.428,0.816,1.0,0.857,0.217,0.835,none,organic,2025-09-21
H02884,40,35-44,Havering,young_professionals,fitness,0.092,0.799,0.384,0.347,0.234,0.613,0.753,0.783,0.491,0.871,0.692,0.58,0.586,0.532,0.496,0.738,none,organic,2025-09-21
H02885,25,25-34,Kensington and Chelsea,young_professionals,fitness,0.458,0.668,0.525,0.072,0.26,0.836,0.692,0.933,0.603,0.783,0.551,0.944,0.483,0.718,0.586,0.352,none,organic,2025-09-22
H02886,28,25-34,Brent,young_professionals,foodies,0.208,0.896,0.489,0.18,0.507,0.573,0.671,0.638,0.473,0.823,0.495,0.603,0.659,0.274,0.822,0.618,none,organic,2025-09-22
H02887,36,35-44,Croydon,young_professionals,foodies,0.508,0.821,0.229,0.093,0.658,0.698,0.449,0.907,0.526,0.887,0.552,0.748,0.646,0.528,0.637,0.637,none,organic,2025-09-22
H02888,42,35-44,Islington,foodies,families,0.182,0.162,0.312,0.362,0.878,0.676,0.823,0.503,0.343,0.186,0.801,0.515,0.882,0.552,1.0,0.375,none,P036,2025-09-24
H02889,32,25-34,Islington,young_professionals,foodies,0.344,0.716,0.239,0.241,0.654,0.727,0.595,0.601,0.46,0.743,0.692,0.753,0.544,0.455,0.756,0.617,none,P036,2025-09-24
H02890,29,25-34,Hammersmith and Fulham,families,fitness,0.412,0.461,0.576,0.901,0.0,0.642,0.407,0.417,0.718,0.794,0.381,0.494,0.629,0.705,0.4,0.26,none,P036,2025-09-24
H02891,35,35-44,Waltham Forest,young_professionals,students,0.499,0.773,0.159,0.399,0.495,0.479,0.537,0.96,0.457,1.0,0.751,0.554,0.693,0.395,0.564,0.424,none,P036,2025-09-24
H02892,26,25-34,Islington,young_professionals,foodies,0.218,0.872,0.145,0.322,0.47,0.755,0.777,0.706,0.51,0.85,0.521,0.637,0.86,0.562,0.466,0.712,vegan,P036,2025-09-24
H02893,29,25-34,Islington,fitness,young_professionals,0.165,0.41,0.787,0.348,0.311,0.71,0.631,0.376,0.461,0.54,0.528,0.967,0.388,0.343,0.445,0.822,none,P036,2025-09-24
H02894,36,35-44,Islington,foodies,students,0.413,0.191,0.367,0.299,0.807,0.537,0.967,0.599,0.494,0.307,0.738,0.598,0.924,0.427,0.961,0.438,none,P036,2025-09-24
H02895,40,35-44,Islington,young_professionals,fitness,0.16,0.822,0.553,0.244,0.322,0.597,0.706,0.67,0.432,0.764,0.575,0.962,0.645,0.628,0.476,0.615,none,P036,2025-09-24
H02896,25,25-34,Ealing,young_professionals,students,0.494,0.662,0.356,0.351,0.341,0.495,0.577,0.65,0.259,0.799,0.533,0.747,0.936,0.432,0.649,0.676,none,P036,2025-09-24
H02897,28,25-34,Islington,young_professionals,students,0.516,0.809,0.405,0.088,0.314,0.693,0.729,0.656,0.418,0.825,0.522,0.699,0.692,0.735,0.582,0.553,vegetarian,P036,2025-09-24
H02898,33,25-34,Hillingdon,young_professionals,foodies,0.085,0.783,0.229,0.348,0.612,0.617,0.6,0.668,0.411,0.982,0.68,0.591,0.616,0.613,0.482,0.52,nut_allergy,P036,2025-09-24
H02899,30,25-34,Islington,young_professionals,fitness,0.456,0.761,0.669,0.198,0.411,0.518,0.745,0.505,0.477,0.815,0.522,0.821,0.644,0.525,0.688,0.878,none,P036,2025-09-24
H02900,18,18-24,Hackney,students,young_professionals,0.927,0.454,0.32,0.377,0.291,0.422,0.766,0.832,0.928,0.842,0.553,0.723,0.91,0.978,0.448,0.489,none,P036,2025-09-24
H02901,36,35-44,Islington,foodies,fitness,0.269,0.038,0.468,0.422,0.958,0.594,0.992,0.546,0.229,0.307,0.797,0.642,0.526,0.45,0.966,0.42,none,P036,2025-09-24
H02902,23,18-24,Ealing,students,families,0.816,0.35,0.356,0.54,0.146,0.46,0.87,0.762,0.831,0.609,0.516,1.0,0.796,0.822,0.45,0.566,none,P036,2025-09-24
H02903,22,18-24,Islington,students,families,1.0,0.302,0.247,0.364,0.313,0.404,0.653,0.767,0.868,0.715,0.529,0.592,0.896,0.798,0.385,0.444,none,P036,2025-09-24
H02904,23,18-24,Islington,young_professionals,families,0.457,0.866,0.212,0.505,0.393,0.439,0.62,0.83,0.367,0.665,0.69,0.78,0.687,0.531,0.709,0.834,none,P036,2025-09-24
H02905,33,25-34,Newham,young_professionals,foodies,0.213,0.755,0.467,0.114,0.539,0.61,0.637,0.624,0.412,0.934,0.559,0.672,0.473,0.479,0.586,0.514,none,P036,2025-09-24
H02906,18,18-24,Merton,students,young_professionals,0.955,0.535,0.427,0.454,0.376,0.34,0.67,0.785,1.0,0.549,0.553,0.55,0.683,0.862,0.348,0.518,none,P036,2025-09-24
H02907,23,18-24,Islington,students,young_professionals,0.909,0.489,0.233,0.373,0.272,0.38,0.748,0.722,0.825,0.383,0.688,0.897,0.828,0.645,0.298,0.362,dairy_free,P036,2025-09-24
H02908,30,25-34,Wandsworth,young_professionals,families,0.429,0.771,0.184,0.451,0.442,0.689,0.615,0.707,0.334,0.832,0.589,0.866,0.651,0.519,0.771,0.599,none,P036,2025-09-24
H02909,28,25-34,Bexley,young_professionals,fitness,0.159,0.722,0.336,0.137,0.177,0.471,0.682,0.53,0.634,0.933,0.495,0.794,0.472,0.534,0.579,0.739,none,P036,2025-09-24
H02910,33,25-34,Islington,foodies,fitness,0.266,0.0,0.534,0.201,1.0,0.718,0.858,0.654,0.341,0.341,0.782,0.545,0.664,0.446,0.897,0.537,none,P036,2025-09-24
H02911,23,18-24,Lewisham,young_professionals,families,0.348,0.825,0.381,0.507,0.239,0.731,0.734,0.74,0.546,0.985,0.565,0.863,0.92,0.547,0.442,0.579,none,P036,2025-09-24
H02912,26,25-34,Lambeth,young_professionals,fitness,0.251,1.0,0.569,0.403,0.133,0.651,0.433,0.748,0.531,0.804,0.692,0.619,0.549,0.616,0.575,0.575,none,P036,2025-09-24
H02913,34,25-34,Hillingdon,young_professionals,foodies,0.364,0.926,0.378,0.171,0.475,0.732,0.87,0.656,0.538,0.798,0.622,0.744,0.637,0.769,0.439,0.649,dairy_free,P036,2025-09-24
H02914,18,18-24,Ealing,students,families,0.722,0.211,0.0,0.474,0.08,0.395,0.81,0.686,0.933,0.79,0.691,0.514,0.714,0.942,0.561,0.526,dairy_free,P036,2025-09-24
H02915,33,25-34,Islington,foodies,fitness,0.345,0.244,0.382,0.374,0.811,0.734,0.901,0.746,0.444,0.244,0.701,0.6,0.738,0.687,0.968,0.334,none,P036,2025-09-24
H02916,27,25-34,Islington,young_professionals,foodies,0.411,0.874,0.29,0.401,0.531,0.632,0.946,0.65,0.565,0.894,0.644,0.707,0.607,0.61,0.496,0.581,none,P036,2025-09-24
H02917,29,25-34,Hackney,young_professionals,fitness,0.31,0.734,0.554,0.466,0.483,0.528,0.596,0.586,0.481,0.826,0.625,0.627,0.649,0.717,0.64,0.697,vegetarian,P036,2025-09-24
H02918,29,25-34,Islington,foodies,students,0.545,0.354,0.327,0.403,0.75,0.567,0.935,0.554,0.252,0.291,0.918,0.592,0.837,0.548,0.884,0.447,none,P036,2025-09-24
H02919,21,18-24,Newham,students,fitness,0.92,0.185,0.596,0.295,0.289,0.34,0.758,0.721,0.81,0.729,0.554,0.845,0.89,0.757,0.51,0.381,none,P036,2025-09-24
H02920,33,25-34,Islington,fitness,foodies,0.443,0.254,0.873,0.256,0.515,1.0,0.604,0.644,0.613,0.732,0.531,0.563,0.3,0.388,0.083,0.898,none,P036,2025-09-24
H02921,29,25-34,Barnet,young_professionals,fitness,0.245,0.873,0.286,0.262,0.227,0.5,0.72,0.594,0.413,0.765,0.62,0.594,0.699,0.484,0.686,0.708,none,P036,2025-09-24
H02922,32,25-34,Islington,young_professionals,students,0.534,0.901,0.103,0.209,0.228,0.479,0.649,0.46,0.211,0.898,0.632,0.771,0.84,0.349,0.35,0.515,none,P036,2025-09-24
H02923,35,35-44,Islington,families,fitness,0.387,0.344,0.454,0.808,0.239,0.807,0.42,0.431,0.669,0.669,0.522,0.615,0.656,0.862,0.513,0.242,nut_allergy,P036,2025-09-24
H02924,33,25-34,Islington,young_professionals,fitness,0.328,0.777,0.375,0.23,0.261,0.563,0.583,0.634,0.442,0.918,0.651,0.871,0.408,0.454,0.589,0.708,none,P036,2025-09-24
H02925,22,18-24,Islington,young_professionals,fitness,0.153,0.854,0.237,0.188,0.167,0.698,0.847,0.49,0.473,0.772,0.606,0.74,0.489,0.695,0.582,0.594,none,P036,2025-09-24
H02926,19,18-24,Islington,students,foodies,0.709,0.024,0.0,0.154,0.22,0.493,0.652,0.867,1.0,0.588,0.444,0.529,0.682,0.795,0.628,0.657,vegetarian|gluten_free,P036,2025-09-24
H02927,31,25-34,Islington,young_professionals,students,0.368,0.859,0.297,0.339,0.239,0.633,0.786,0.636,0.469,0.828,0.545,0.813,0.712,0.661,0.6,0.506,gluten_free,P036,2025-09-24
H02928,26,25-34,Hackney,young_professionals,families,0.22,0.957,0.267,0.393,0.235,0.768,0.64,0.636,0.459,0.757,0.438,0.462,1.0,0.35,0.401,0.719,none,P036,2025-09-24
H02929,18,18-24,Islington,students,families,0.857,0.344,0.139,0.397,0.289,0.37,0.641,0.951,0.86,0.474,0.576,0.604,0.745,0.718,0.629,0.504,none,P036,2025-09-24
H02930,24,18-24,Southwark,young_professionals,foodies,0.328,1.0,0.119,0.119,0.423,0.82,0.64,0.823,0.395,0.753,0.586,0.854,0.637,0.639,0.627,0.812,none,P036,2025-09-24
H02931,25,25-34,Islington,students,fitness,0.881,0.269,0.3,0.172,0.149,0.332,0.764,0.849,1.0,0.582,0.587,0.872,0.63,0.602,0.273,0.625,none,P036,2025-09-24
H02932,28,25-34,Merton,young_professionals,students,0.57,0.765,0.179,0.255,0.418,0.531,0.873,0.62,0.758,0.865,0.515,0.56,0.798,0.527,0.699,0.929,vegetarian,P036,2025-09-24
H02933,30,25-34,Islington,young_professionals,families,0.484,0.973,0.111,0.5,0.293,0.448,0.756,0.748,0.394,0.83,0.379,0.731,0.5,0.612,0.64,0.652,none,P036,2025-09-24
H02934,30,25-34,Islington,young_professionals,fitness,0.348,0.947,0.449,0.163,0.363,0.48,0.737,0.378,0.355,0.991,0.504,0.719,0.685,0.585,0.536,0.716,none,P036,2025-09-24
H02935,20,18-24,Tower Hamlets,students,young_professionals,0.759,0.405,0.305,0.281,0.068,0.684,0.7,0.939,1.0,0.78,0.465,0.716,0.703,0.992,0.499,0.524,none,P036,2025-09-24
H02936,20,18-24,Islington,students,foodies,0.8,0.405,0.352,0.284,0.426,0.441,0.86,0.857,0.578,0.618,0.567,0.734,0.835,0.936,0.52,0.3,none,P036,2025-09-24
H02937,24,18-24,Islington,students,families,0.897,0.331,0.226,0.442,0.247,0.518,0.854,0.724,0.817,0.706,0.625,0.764,0.66,0.844,0.375,0.631,none,P036,2025-09-24
H02938,37,35-44,Islington,families,foodies,0.22,0.32,0.312,0.943,0.39,0.662,0.444,0.389,0.516,0.83,0.59,0.518,0.459,0.65,0.414,0.28,none,P036,2025-09-24
H02939,24,18-24,Islington,young_professionals,students,0.623,0.98,0.342,0.295,0.574,0.591,0.721,0.672,0.594,0.769,0.697,0.621,0.678,0.675,0.668,0.612,nut_allergy,P036,2025-09-24
H02940,25,25-34,Islington,students,foodies,1.0,0.385,0.445,0.242,0.56,0.384,0.813,0.515,0.962,0.682,0.496,0.929,0.713,0.556,0.505,0.596,nut_allergy,P036,2025-09-24
H02941,26,25-34,Islington,students,families,0.765,0.452,0.348,0.491,0.25,0.291,0.702,0.73,0.95,0.652,0.413,0.632,0.822,0.766,0.361,0.651,vegetarian,P036,2025-09-24
H02942,18,18-24,Newham,students,foodies,0.865,0.279,0.0,0.106,0.42,0.418,0.597,0.712,1.0,0.616,0.628,0.776,0.73,0.58,0.458,0.297,none,P036,2025-09-24
H02943,32,25-34,Tower Hamlets,young_professionals,foodies,0.277,0.878,0.197,0.23,0.394,0.66,0.563,0.612,0.439,0.747,0.433,0.609,0.433,0.623,0.648,0.559,none,P036,2025-09-24
H02944,34,25-34,Islington,young_professionals,fitness,0.366,0.767,0.478,0.321,0.348,0.646,0.698,0.635,0.432,0.898,0.496,0.697,0.374,0.326,0.444,0.752,none,P036,2025-09-24
H02945,31,25-34,Lewisham,young_professionals,foodies,0.339,0.822,0.311,0.338,0.63,0.687,0.889,0.676,0.382,0.897,0.628,1.0,0.739,0.438,0.753,0.743,none,P036,2025-09-24
H02946,22,18-24,Islington,students,young_professionals,0.877,0.366,0.262,0.32,0.283,0.552,0.785,0.739,0.959,0.649,0.499,0.745,0.922,0.784,0.357,0.508,none,P036,2025-09-24
H02947,33,25-34,Lewisham,young_professionals,foodies,0.359,0.925,0.602,0.097,0.661,0.647,0.736,0.728,0.439,0.798,0.645,0.688,0.635,0.377,0.607,0.539,none,P036,2025-09-24
H02948,25,25-34,Islington,young_professionals,foodies,0.297,0.923,0.211,0.16,0.417,0.427,0.602,0.775,0.471,0.973,0.702,0.713,0.614,0.666,0.691,0.768,none,P036,2025-09-24
H02949,20,18-24,Bromley,students,fitness,0.913,0.197,0.289,0.276,0.231,0.497,0.524,0.817,0.905,0.603,0.568,0.554,0.745,0.6,0.696,0.653,none,P036,2025-09-24
H02950,20,18-24,Southwark,students,fitness,0.836,0.336,0.36,0.334,0.351,0.631,0.723,1.0,0.908,0.815,0.553,0.72,0.736,0.691,0.568,0.549,none,P036,2025-09-24
H02951,23,18-24,Islington,students,young_professionals,0.851,0.363,0.073,0.252,0.296,0.423,0.641,0.644,0.782,0.801,0.624,0.594,0.762,0.847,0.206,0.763,none,P036,2025-09-24
H02952,32,25-34,Islington,young_professionals,families,0.48,0.909,0.267,0.489,0.299,0.649,0.775,0.665,0.566,0.878,0.615,0.97,0.535,0.717,0.758,0.751,none,P036,2025-09-24
H02953,30,25-34,Islington,young_professionals,fitness,0.179,0.762,0.32,0.167,0.265,0.595,0.782,0.641,0.558,0.915,0.435,0.77,0.515,0.496,0.564,0.753,none,P036,2025-09-24
H02954,30,25-34,Barnet,young_professionals,students,0.814,0.834,0.124,0.325,0.331,0.588,0.861,0.558,0.533,0.721,0.54,0.67,0.546,0.381,0.445,0.431,gluten_free,organic,2025-09-24
H02955,38,35-44,Haringey,foodies,students,0.295,0.189,0.147,0.0,0.799,0.512,0.883,0.553,0.292,0.431,0.945,0.568,0.507,0.562,0.957,0.462,none,organic,2025-09-24
H02956,35,35-44,Tower Hamlets,families,students,0.353,0.126,0.132,0.719,0.306,0.657,0.346,0.341,0.817,0.701,0.402,0.664,0.491,0.714,0.615,0.269,none,organic,2025-09-25
H02957,39,35-44,Havering,families,foodies,0.261,0.0,0.268,0.762,0.419,0.721,0.49,0.365,0.67,0.734,0.49,0.552,0.561,0.603,0.288,0.335,none,organic,2025-09-26
H02958,35,35-44,Haringey,foodies,families,0.089,0.267,0.072,0.395,0.926,0.545,0.903,0.765,0.386,0.415,0.727,0.624,0.879,0.55,0.89,0.199,gluten_free,organic,2025-09-26
H02959,23,18-24,Newham,students,families,0.932,0.345,0.388,0.428,0.119,0.403,0.639,0.979,0.751,0.583,0.381,0.892,0.72,0.831,0.525,0.618,none,organic,2025-09-26
H02960,48,45+,Waltham Forest,foodies,young_professionals,0.27,0.393,0.202,0.249,0.869,0.602,1.0,0.585,0.153,0.363,0.528,0.678,0.733,0.352,0.717,0.277,none,organic,2025-09-26
H02961,29,25-34,Southwark,young_professionals,foodies,0.246,0.647,0.432,0.29,0.445,0.639,0.575,0.746,0.456,0.879,0.598,0.887,0.687,0.67,0.541,0.724,vegetarian,organic,2025-09-27
H02962,25,25-34,Hackney,young_professionals,families,0.061,0.683,0.34,0.407,0.303,0.391,0.651,0.661,0.434,0.811,0.808,0.776,0.608,0.643,0.694,0.699,none,organic,2025-09-27
H02963,28,25-34,Hackney,young_professionals,fitness,0.193,0.821,0.4,0.359,0.03,0.476,0.762,0.705,0.368,0.896,0.55,0.528,0.593,0.417,0.523,0.708,none,organic,2025-09-27
H02964,22,18-24,Hillingdon,young_professionals,fitness,0.39,0.925,0.522,0.102,0.148,0.594,0.722,0.564,0.399,0.74,0.665,0.833,0.548,0.519,0.619,0.484,gluten_free,organic,2025-09-28
H02965,26,25-34,Redbridge,young_professionals,fitness,0.241,0.851,0.557,0.242,0.1,0.619,0.647,0.645,0.36,0.806,0.632,0.796,0.676,0.477,0.866,0.639,nut_allergy,organic,2025-09-28
H02966,30,25-34,Wandsworth,foodies,fitness,0.387,0.303,0.446,0.158,0.881,0.671,0.875,0.659,0.246,0.271,0.699,0.443,0.552,0.561,0.757,0.353,vegetarian,organic,2025-09-28
H02967,21,18-24,Southwark,students,young_professionals,0.959,0.385,0.138,0.18,0.274,0.326,0.67,0.835,0.738,0.804,0.622,0.78,0.8,0.76,0.352,0.495,none,organic,2025-09-28
H02968,23,18-24,Southwark,young_professionals,students,0.484,0.789,0.336,0.483,0.07,0.626,0.835,0.67,0.576,0.823,0.628,0.867,0.673,0.425,0.512,0.66,none,organic,2025-09-28
H02969,30,25-34,Kensington and Chelsea,young_professionals,foodies,0.028,0.8,0.23,0.141,0.451,0.748,0.844,0.477,0.223,0.795,0.636,0.921,0.424,0.767,0.399,0.754,none,organic,2025-09-29
H02970,44,35-44,Lambeth,foodies,students,0.358,0.072,0.267,0.042,0.848,0.662,0.911,0.583,0.406,0.433,0.664,0.683,0.882,0.609,0.795,0.448,none,organic,2025-09-30
H02971,32,25-34,Southwark,foodies,students,0.446,0.3,0.129,0.31,0.85,0.573,0.803,0.395,0.324,0.304,0.782,0.681,0.785,0.471,0.952,0.65,none,organic,2025-09-30
H02972,22,18-24,Enfield,young_professionals,students,0.512,1.0,0.199,0.221,0.443,0.582,0.78,0.752,0.314,0.785,0.432,0.878,0.695,0.596,0.601,0.681,none,organic,2025-09-30
H02973,22,18-24,Bexley,foodies,young_professionals,0.322,0.334,0.278,0.265,0.965,0.682,0.787,0.43,0.434,0.503,0.674,0.865,0.47,0.599,0.881,0.385,none,organic,2025-10-02
H02974,39,35-44,Barking and Dagenham,foodies,families,0.373,0.051,0.185,0.406,0.746,0.621,0.771,0.656,0.337,0.295,0.615,0.786,0.735,0.488,1.0,0.405,gluten_free,organic,2025-10-03
H02975,31,25-34,Haringey,young_professionals,foodies,0.103,0.887,0.314,0.131,0.383,0.71,0.672,0.636,0.482,0.975,0.626,0.69,0.715,0.681,0.718,0.671,none,organic,2025-10-03
H02976,24,18-24,Tower Hamlets,young_professionals,foodies,0.375,0.91,0.463,0.399,0.499,0.783,0.64,0.544,0.505,0.833,0.755,0.584,0.509,0.785,0.493,0.58,none,organic,2025-10-03
H02977,40,35-44,Harrow,families,fitness,0.154,0.21,0.284,0.653,0.172,0.726,0.472,0.323,0.537,0.914,0.531,0.653,0.61,0.927,0.556,0.307,none,organic,2025-10-04
H02978,25,25-34,Redbridge,young_professionals,foodies,0.168,0.762,0.235,0.211,0.342,0.504,0.708,0.601,0.391,0.91,0.664,0.611,0.531,0.635,0.471,0.54,none,organic,2025-10-04
H02979,35,35-44,Lewisham,foodies,families,0.402,0.19,0.203,0.628,0.678,0.55,0.949,0.709,0.235,0.433,0.632,0.655,0.72,0.613,0.977,0.422,none,organic,2025-10-04
H02980,26,25-34,Croydon,young_professionals,fitness,0.052,0.8,0.597,0.232,0.332,0.515,0.751,0.606,0.363,0.777,0.722,0.686,0.709,0.584,0.61,0.582,none,organic,2025-10-04
H02981,40,35-44,Greenwich,families,young_professionals,0.036,0.35,0.329,0.679,0.0,0.8,0.468,0.386,0.79,0.665,0.519,0.257,0.511,0.708,0.593,0.45,none,organic,2025-10-04
H02982,32,25-34,Bexley,young_professionals,fitness,0.369,0.713,0.58,0.555,0.224,0.659,0.685,0.742,0.442,1.0,0.822,0.776,0.609,0.54,0.725,0.752,none,organic,2025-10-05
H02983,28,25-34,Lambeth,families,foodies,0.244,0.303,0.179,0.881,0.382,0.592,0.555,0.441,0.604,0.742,0.515,0.599,0.562,0.565,0.57,0.286,none,organic,2025-10-05
H02984,31,25-34,Lewisham,young_professionals,foodies,0.154,1.0,0.045,0.262,0.462,0.599,0.699,0.62,0.63,0.908,0.532,0.83,0.773,0.406,0.728,0.762,dairy_free,organic,2025-10-05
H02985,29,25-34,Hackney,families,young_professionals,0.344,0.401,0.132,0.889,0.159,0.513,0.263,0.341,0.652,0.734,0.362,0.596,0.632,0.703,0.433,0.286,vegetarian,organic,2025-10-06
H02986,44,35-44,Bexley,foodies,young_professionals,0.164,0.666,0.085,0.122,0.705,0.422,0.672,0.563,0.332,0.243,0.51,0.744,0.81,0.413,0.787,0.474,dairy_free,organic,2025-10-07
H02987,34,25-34,Croydon,young_professionals,students,0.379,0.673,0.318,0.177,0.208,0.611,0.757,0.662,0.368,0.829,0.491,0.852,0.762,0.539,0.812,0.623,vegetarian,organic,2025-10-07
H02988,30,25-34,Croydon,families,students,0.315,0.279,0.188,0.725,0.157,0.588,0.409,0.43,0.608,0.652,0.671,0.435,0.807,0.595,0.467,0.165,none,organic,2025-10-07
H02989,29,25-34,Barnet,young_professionals,families,0.399,0.92,0.129,0.536,0.417,0.571,0.98,0.445,0.57,0.883,0.538,0.708,0.962,0.662,0.589,0.563,none,organic,2025-10-07
H02990,44,35-44,Ealing,foodies,families,0.107,0.139,0.137,0.324,0.801,0.639,0.977,0.485,0.372,0.426,0.67,0.722,0.729,0.655,1.0,0.421,none,organic,2025-10-08
H02991,28,25-34,Croydon,fitness,students,0.54,0.355,0.859,0.315,0.266,0.777,0.476,0.516,0.606,0.638,0.526,0.467,0.336,0.447,0.411,0.802,none,organic,2025-10-08
H02992,25,25-34,Tower Hamlets,foodies,young_professionals,0.44,0.479,0.396,0.386,0.876,0.648,1.0,0.702,0.271,0.414,0.739,0.681,0.824,0.281,0.918,0.283,none,organic,2025-10-08
H02993,37,35-44,Redbridge,young_professionals,students,0.711,0.885,0.395,0.3,0.218,0.586,0.59,0.569,0.396,0.87,0.608,0.679,0.59,0.575,0.543,0.536,none,organic,2025-10-09
H02994,25,25-34,Haringey,young_professionals,foodies,0.068,0.783,0.292,0.311,0.344,0.894,0.576,0.467,0.626,0.769,0.55,0.889,0.85,0.528,0.689,0.867,none,organic,2025-10-09
H02995,38,35-44,Southwark,families,foodies,0.297,0.479,0.492,0.866,0.497,0.799,0.164,0.421,0.603,0.876,0.438,0.637,0.537,0.995,0.387,0.375,dairy_free,organic,2025-10-09
H02996,24,18-24,Tower Hamlets,young_professionals,families,0.041,0.919,0.173,0.256,0.227,0.3,0.731,0.608,0.427,0.971,0.525,0.665,0.471,0.556,0.592,0.737,nut_allergy,organic,2025-10-11
H02997,34,25-34,Tower Hamlets,foodies,young_professionals,0.163,0.343,0.256,0.044,0.903,0.529,0.906,0.48,0.278,0.409,1.0,0.569,0.44,0.74,0.956,0.561,none,organic,2025-10-11
H02998,27,25-34,Southwark,young_professionals,fitness,0.27,0.87,0.373,0.305,0.36,0.612,0.637,0.705,0.523,0.712,0.622,0.596,0.708,0.494,0.503,0.445,none,P037,2025-10-12
H02999,18,18-24,Redbridge,students,young_professionals,0.904,0.445,0.359,0.085,0.279,0.384,0.811,0.868,0.844,0.775,0.407,0.679,0.588,0.614,0.286,0.471,nut_allergy,P037,2025-10-12
H03000,21,18-24,Southwark,students,families,0.793,0.274,0.0,0.386,0.0,0.651,0.751,0.79,0.884,0.639,0.588,0.853,0.451,0.73,0.629,0.597,vegetarian|gluten_free,P037,2025-10-12
H03001,23,18-24,Tower Hamlets,students,families,0.756,0.33,0.202,0.366,0.144,0.47,0.634,0.928,0.854,0.737,0.476,0.77,0.83,0.549,0.368,0.531,none,P037,2025-10-12
H03002,32,25-34,Southwark,young_professionals,foodies,0.21,0.727,0.373,0.284,0.413,0.601,0.714,0.668,0.507,0.724,0.651,0.568,0.315,0.787,0.487,0.596,nut_allergy,P037,2025-10-12
H03003,20,18-24,Southwark,students,foodies,0.869,0.336,0.119,0.233,0.355,0.519,0.823,0.636,0.944,0.636,0.449,0.649,0.769,0.562,0.453,0.524,none,P037,2025-10-12
H03004,34,25-34,Southwark,young_professionals,families,0.358,0.791,0.491,0.588,0.268,0.514,1.0,0.512,0.512,0.77,0.778,0.686,0.616,0.333,0.85,0.576,none,P037,2025-10-12
H03005,20,18-24,Redbridge,students,foodies,0.902,0.266,0.259,0.348,0.622,0.445,0.701,0.632,1.0,0.686,0.517,0.567,0.693,0.646,0.307,0.57,none,P037,2025-10-12
H03006,23,18-24,Southwark,students,families,0.922,0.317,0.313,0.358,0.174,0.506,0.856,0.77,0.991,0.631,0.504,0.716,0.852,0.684,0.533,0.578,none,P037,2025-10-12
H03007,26,25-34,Southwark,young_professionals,fitness,0.242,0.679,0.351,0.179,0.106,0.722,0.679,0.705,0.407,0.781,0.677,0.879,0.498,0.687,0.483,0.37,none,P037,2025-10-12
H03008,23,18-24,Waltham Forest,young_professionals,families,0.003,0.909,0.206,0.505,0.302,0.681,0.811,0.737,0.438,0.701,0.591,0.669,0.761,0.499,0.546,0.911,none,P037,2025-10-12
H03009,27,25-34,Kingston upon Thames,young_professionals,fitness,0.135,0.777,0.524,0.107,0.222,0.505,0.851,0.699,0.543,0.813,0.573,0.752,0.689,0.715,0.519,0.633,none,P037,2025-10-12
H03010,33,25-34,Newham,young_professionals,families,0.562,0.914,0.335,0.578,0.369,0.642,0.615,0.701,0.689,0.92,0.717,0.858,0.371,0.534,0.654,0.399,dairy_free,P037,2025-10-12
H03011,29,25-34,Southwark,young_professionals,fitness,0.115,0.943,0.501,0.0,0.341,0.562,0.643,0.632,0.371,0.766,0.488,0.8,0.53,0.401,0.471,0.675,none,P037,2025-10-12
H03012,23,18-24,Southwark,students,young_professionals,0.792,0.38,0.292,0.368,0.366,0.409,0.612,0.865,0.839,0.645,0.746,0.78,0.828,0.606,0.227,0.666,none,P037,2025-10-12
H03013,19,18-24,Harrow,students,foodies,0.935,0.234,0.142,0.118,0.338,0.39,0.826,0.834,0.711,0.678,0.556,0.569,0.721,0.809,0.351,0.578,none,P037,2025-10-12
H03014,18,18-24,Southwark,students,young_professionals,0.673,0.476,0.122,0.443,0.298,0.495,0.768,0.957,0.818,0.71,0.595,0.785,0.876,0.698,0.528,0.439,none,P037,2025-10-12
H03015,31,25-34,Southwark,young_professionals,students,0.446,1.0,0.314,0.288,0.382,0.691,0.606,0.714,0.462,0.885,0.578,0.678,0.533,0.623,0.591,0.521,vegan,P037,2025-10-12
H03016,26,25-34,Southwark,students,young_professionals,0.851,0.548,0.0,0.259,0.443,0.4,0.727,0.777,0.813,0.684,0.523,0.556,0.851,0.801,0.373,0.568,none,P037,2025-10-12
H03017,27,25-34,Southwark,young_professionals,students,0.403,0.77,0.223,0.347,0.289,0.603,0.51,0.569,0.499,0.988,0.436,0.868,0.424,0.718,0.571,0.564,none,P037,2025-10-12
H03018,22,18-24,Tower Hamlets,students,foodies,0.877,0.0,0.178,0.329,0.46,0.56,0.783,0.772,0.87,0.596,0.613,0.736,0.82,0.759,0.475,0.514,none,P037,2025-10-12
H03019,31,25-34,Southwark,young_professionals,students,0.326,0.951,0.035,0.002,0.245,0.628,0.651,0.596,0.387,0.874,0.639,0.526,0.559,0.539,0.653,0.665,none,P037,2025-10-12
H03020,31,25-34,Hammersmith and Fulham,young_professionals,students,0.608,0.774,0.313,0.378,0.218,0.616,0.678,0.798,0.581,0.934,0.721,0.706,0.681,0.52,0.48,0.66,vegetarian|dairy_free,P037,2025-10-12
H03021,37,35-44,Southwark,families,fitness,0.291,0.309,0.433,0.904,0.108,0.543,0.274,0.385,0.818,0.773,0.493,0.476,0.52,0.701,0.587,0.12,vegan,P037,2025-10-12
H03022,30,25-34,Redbridge,young_professionals,fitness,0.175,0.818,0.342,0.221,0.154,0.685,0.679,0.834,0.385,0.889,0.819,0.875,0.739,0.586,0.606,0.629,none,P037,2025-10-12
H03023,41,35-44,Bexley,families,foodies,0.069,0.398,0.254,0.734,0.511,0.513,0.759,0.294,0.996,0.859,0.539,0.527,0.555,0.792,0.412,0.435,none,P037,2025-10-12
H03024,31,25-34,Hackney,young_professionals,foodies,0.355,0.839,0.236,0.377,0.464,0.498,0.61,0.739,0.431,0.901,0.537,0.678,0.566,0.391,0.53,0.526,none,P037,2025-10-12
H03025,37,35-44,Lambeth,foodies,families,0.14,0.2,0.3,0.572,0.739,0.568,1.0,0.539,0.259,0.303,0.853,0.642,0.881,0.652,1.0,0.182,none,P037,2025-10-12
H03026,18,18-24,Southwark,students,fitness,0.811,0.069,0.486,0.27,0.392,0.509,0.718,0.629,1.0,0.661,0.519,0.966,0.762,0.688,0.381,0.627,none,P037,2025-10-12
H03027,33,25-34,Wandsworth,young_professionals,fitness,0.287,0.872,0.29,0.197,0.05,0.636,0.631,0.743,0.357,0.941,0.526,0.842,0.795,0.364,0.438,0.678,vegetarian,P037,2025-10-12
H03028,28,25-34,Southwark,young_professionals,foodies,0.229,0.804,0.35,0.155,0.355,0.678,0.557,0.795,0.464,0.792,0.601,0.913,0.394,0.673,0.743,0.611,none,P037,2025-10-12
H03029,30,25-34,Southwark,young_professionals,students,0.41,1.0,0.298,0.285,0.402,0.447,0.818,0.686,0.459,0.763,0.593,0.611,0.647,0.59,0.535,0.559,none,P037,2025-10-12
H03030,23,18-24,Southwark,students,fitness,0.982,0.059,0.409,0.381,0.328,0.386,0.847,0.892,1.0,0.742,0.385,0.72,0.754,0.898,0.577,0.624,none,P037,2025-10-12
H03031,28,25-34,Islington,young_professionals,fitness,0.249,0.784,0.522,0.417,0.162,0.597,0.867,0.502,0.514,0.903,0.57,0.748,0.7,0.515,0.523,0.564,none,P037,2025-10-12
H03032,30,25-34,Southwark,foodies,young_professionals,0.33,0.418,0.268,0.305,0.782,0.467,1.0,0.57,0.255,0.337,1.0,0.703,0.681,0.254,1.0,0.317,none,P037,2025-10-12
H03033,26,25-34,Southwark,young_professionals,students,0.52,0.879,0.072,0.269,0.175,0.594,0.575,0.454,0.478,0.822,0.578,0.839,0.417,0.557,0.68,0.628,none,P037,2025-10-12
H03034,19,18-24,Southwark,students,fitness,0.929,0.063,0.356,0.3,0.204,0.459,0.643,0.814,0.86,0.658,0.546,0.821,0.685,0.772,0.503,0.405,none,P037,2025-10-12
H03035,21,18-24,Southwark,students,fitness,0.846,0.422,0.445,0.134,0.144,0.516,0.897,0.745,0.92,0.868,0.553,0.737,0.971,0.994,0.323,0.501,vegan|gluten_free,P037,2025-10-12
H03036,22,18-24,Southwark,students,families,0.878,0.0,0.007,0.568,0.416,0.488,0.809,0.748,0.998,0.795,0.371,0.897,0.89,0.775,0.434,0.645,vegan,P037,2025-10-12
H03037,28,25-34,Southwark,young_professionals,students,0.541,0.906,0.2,0.367,0.292,0.547,0.736,0.689,0.46,0.821,0.606,0.73,0.646,0.725,0.456,0.691,none,P037,2025-10-12
H03038,29,25-34,Westminster,young_professionals,foodies,0.11,0.959,0.081,0.205,0.392,0.54,0.851,0.541,0.568,0.788,0.532,0.716,0.557,0.601,0.747,0.397,none,P037,2025-10-12
H03039,23,18-24,Bexley,students,foodies,0.956,0.274,0.195,0.058,0.592,0.25,0.745,0.99,0.807,0.789,0.655,0.787,0.99,0.865,0.667,0.412,dairy_free,P037,2025-10-12
H03040,26,25-34,Ealing,young_professionals,families,0.0,0.85,0.191,0.384,0.215,0.738,0.585,0.672,0.307,0.675,0.704,0.991,0.611,0.77,0.522,0.622,vegan|gluten_free,P037,2025-10-12
H03041,33,25-34,Wandsworth,young_professionals,foodies,0.248,0.868,0.224,0.0,0.489,0.696,0.728,0.641,0.541,0.799,0.475,0.744,0.654,0.523,0.743,0.71,none,P037,2025-10-12
H03042,29,25-34,Southwark,young_professionals,students,0.312,0.793,0.308,0.277,0.1,0.736,0.725,0.693,0.443,0.787,0.555,0.809,0.619,0.61,0.617,0.685,vegetarian,P037,2025-10-12
H03043,28,25-34,Croydon,young_professionals,fitness,0.436,0.859,0.438,0.0,0.186,0.563,0.656,0.566,0.501,0.894,0.691,0.766,0.493,0.508,0.703,0.442,none,P037,2025-10-12
H03044,37,35-44,Islington,young_professionals,fitness,0.21,0.881,0.553,0.212,0.461,0.572,0.675,0.637,0.558,0.805,0.649,0.778,0.751,0.534,0.639,0.635,none,P037,2025-10-12
H03045,28,25-34,Croydon,foodies,fitness,0.228,0.171,0.36,0.228,0.893,0.586,0.798,0.824,0.28,0.213,0.642,0.609,0.933,0.58,0.905,0.501,vegetarian|nut_allergy,P037,2025-10-12
H03046,30,25-34,Lewisham,young_professionals,families,0.134,0.808,0.061,0.266,0.236,0.636,0.566,0.695,0.476,0.892,0.613,0.793,0.6,0.603,0.737,0.591,none,P037,2025-10-12
H03047,23,18-24,Southwark,students,foodies,0.813,0.192,0.363,0.235,0.483,0.395,0.864,0.634,0.822,0.704,0.48,0.663,0.632,0.725,0.506,0.486,vegan|dairy_free,P037,2025-10-12
H03048,20,18-24,Southwark,students,young_professionals,0.953,0.464,0.228,0.376,0.297,0.358,0.782,0.937,0.967,0.624,0.468,0.531,0.928,0.614,0.536,0.379,none,P037,2025-10-12
H03049,38,35-44,Lambeth,families,students,0.482,0.195,0.385,0.936,0.358,0.586,0.327,0.279,0.793,0.742,0.435,0.401,0.496,0.861,0.555,0.334,none,P037,2025-10-12
H03050,28,25-34,Southwark,young_professionals,students,0.567,0.752,0.429,0.251,0.552,0.507,0.769,0.716,0.508,0.866,0.568,0.88,0.546,0.556,0.526,0.566,none,P037,2025-10-12
H03051,26,25-34,Southwark,young_professionals,students,0.382,0.837,0.365,0.205,0.305,0.573,0.574,0.562,0.578,0.899,0.614,0.682,0.858,0.446,0.617,0.71,none,P037,2025-10-12
H03052,26,25-34,Southwark,young_professionals,fitness,0.231,0.789,0.234,0.085,0.07,0.601,0.674,0.724,0.52,0.751,0.515,0.835,0.682,0.623,0.493,0.56,none,P037,2025-10-12
H03053,26,25-34,Southwark,young_professionals,families,0.072,0.845,0.269,0.555,0.174,0.833,0.779,0.665,0.355,0.832,0.543,0.576,0.395,0.45,0.596,0.784,none,P037,2025-10-12
H03054,22,18-24,Tower Hamlets,young_professionals,fitness,0.18,0.893,0.635,0.33,0.325,0.73,0.693,0.693,0.306,1.0,0.562,0.666,0.716,0.473,0.651,0.499,none,P037,2025-10-12
H03055,19,18-24,Newham,students,young_professionals,0.941,0.433,0.247,0.272,0.364,0.215,0.658,0.777,0.938,0.822,0.38,0.87,0.812,0.721,0.274,0.481,none,P037,2025-10-12
H03056,28,25-34,Tower Hamlets,young_professionals,foodies,0.154,0.798,0.278,0.265,0.286,0.533,0.661,0.646,0.37,0.732,0.622,0.977,0.759,0.704,0.444,0.627,none,P037,2025-10-12
H03057,35,35-44,Southwark,young_professionals,students,0.438,0.824,0.0,0.126,0.395,0.761,0.843,0.597,0.479,0.925,0.602,0.72,0.442,0.446,0.517,0.499,vegetarian,P037,2025-10-12
H03058,36,35-44,Southwark,fitness,families,0.237,0.0,0.792,0.341,0.331,0.922,0.41,0.588,0.516,0.858,0.592,0.94,0.41,0.22,0.223,0.795,none,P037,2025-10-12
H03059,22,18-24,Tower Hamlets,young_professionals,foodies,0.453,0.706,0.023,0.452,0.552,0.559,0.655,0.692,0.606,0.844,0.553,0.716,0.729,0.39,0.598,0.537,none,P037,2025-10-12
H03060,18,18-24,Southwark,students,young_professionals,0.765,0.462,0.002,0.381,0.203,0.489,0.998,0.771,1.0,0.641,0.467,0.912,0.75,0.777,0.516,0.443,nut_allergy,P037,2025-10-12
H03061,30,25-34,Southwark,young_professionals,fitness,0.355,0.957,0.604,0.296,0.315,0.805,0.883,0.74,0.568,0.899,0.557,0.947,0.536,0.666,0.539,0.596,none,P037,2025-10-12
H03062,25,25-34,Lambeth,students,families,0.84,0.309,0.417,0.505,0.036,0.395,0.809,0.719,0.813,0.74,0.579,0.904,0.862,0.627,0.37,0.64,none,P037,2025-10-12
H03063,20,18-24,Southwark,students,fitness,0.811,0.104,0.489,0.325,0.206,0.365,0.61,0.69,0.973,0.899,0.627,0.621,0.893,0.694,0.35,0.51,none,P037,2025-10-12
H03064,26,25-34,Southwark,young_professionals,students,0.483,0.776,0.062,0.388,0.157,0.557,0.466,0.633,0.611,0.913,0.562,0.806,0.725,0.449,0.751,0.67,none,P037,2025-10-12
H03065,25,25-34,Southwark,students,foodies,0.67,0.124,0.396,0.401,0.547,0.426,0.851,0.717,0.892,0.719,0.718,0.8,0.775,0.827,0.58,0.595,gluten_free,P037,2025-10-12
H03066,29,25-34,Croydon,young_professionals,fitness,0.247,0.762,0.387,0.377,0.157,0.583,0.702,0.746,0.309,0.748,0.478,0.852,0.638,0.44,0.573,0.574,none,P037,2025-10-12
H03067,34,25-34,Southwark,young_professionals,families,0.278,1.0,0.083,0.376,0.084,0.506,0.779,0.736,0.451,0.875,0.793,0.828,0.556,0.64,0.535,0.562,vegetarian,P037,2025-10-12
H03068,29,25-34,Lambeth,young_professionals,students,0.401,0.988,0.396,0.08,0.103,0.665,0.697,0.54,0.271,0.767,0.612,0.608,0.768,0.43,0.402,0.65,vegetarian,P037,2025-10-12
H03069,25,25-34,Southwark,students,young_professionals,0.958,0.514,0.328,0.207,0.402,0.513,0.896,0.807,0.871,0.745,0.527,0.44,0.812,0.868,0.579,0.411,none,P037,2025-10-12
H03070,26,25-34,Ealing,students,foodies,0.687,0.448,0.151,0.131,0.448,0.409,0.965,0.923,0.985,0.703,0.492,0.83,0.713,0.759,0.524,0.575,vegetarian,P037,2025-10-12
H03071,29,25-34,Newham,young_professionals,students,0.621,0.967,0.27,0.42,0.293,0.632,0.756,0.692,0.378,0.804,0.575,0.761,0.62,0.682,0.485,0.442,none,P037,2025-10-12
H03072,33,25-34,Kensington and Chelsea,young_professionals,students,0.391,0.789,0.28,0.258,0.353,0.546,0.737,0.473,0.57,0.852,0.643,0.776,0.57,0.42,0.516,0.469,none,P037,2025-10-12
H03073,23,18-24,Hounslow,young_professionals,foodies,0.208,0.773,0.494,0.107,0.624,0.571,0.569,0.778,0.564,0.784,0.593,0.829,0.593,0.714,0.587,0.588,none,P037,2025-10-12
H03074,31,25-34,Tower Hamlets,young_professionals,students,0.335,1.0,0.216,0.054,0.226,0.633,0.668,0.498,0.384,0.83,0.5,0.648,0.771,0.475,0.653,0.629,none,P037,2025-10-12
H03075,22,18-24,Greenwich,students,foodies,0.798,0.184,0.287,0.436,0.489,0.505,0.764,0.733,0.876,0.682,0.67,0.721,0.772,0.631,0.595,0.458,none,P037,2025-10-12
H03076,34,25-34,Southwark,young_professionals,students,0.433,0.733,0.138,0.269,0.214,0.635,0.655,0.752,0.38,0.717,0.585,0.799,0.553,0.424,0.55,0.699,none,P037,2025-10-12
H03077,40,35-44,Southwark,young_professionals,families,0.28,0.849,0.083,0.388,0.231,0.612,0.708,0.521,0.653,0.996,0.613,0.567,0.84,0.686,0.612,0.794,none,P037,2025-10-12
H03078,30,25-34,Wandsworth,young_professionals,fitness,0.067,0.817,0.382,0.336,0.093,0.576,0.661,0.478,0.44,0.898,0.623,0.833,0.739,0.814,0.465,0.678,none,P037,2025-10-12
H03079,20,18-24,Southwark,students,young_professionals,0.811,0.375,0.36,0.142,0.03,0.295,0.673,0.775,0.818,0.714,0.38,0.674,0.726,0.576,0.477,0.29,none,P037,2025-10-12
H03080,32,25-34,Southwark,young_professionals,foodies,0.0,0.8,0.125,0.211,0.511,0.615,0.654,0.495,0.3,0.981,0.77,0.766,0.437,0.457,0.501,0.583,vegan,P037,2025-10-12
H03081,30,25-34,Croydon,young_professionals,students,0.537,0.751,0.33,0.411,0.453,0.511,0.605,0.568,0.421,0.879,0.554,0.871,0.65,0.538,0.44,0.869,none,P037,2025-10-12
H03082,36,35-44,Southwark,young_professionals,families,0.207,0.918,0.216,0.573,0.468,0.693,0.503,0.765,0.552,0.794,0.381,0.79,0.514,0.359,0.644,0.808,vegetarian,P037,2025-10-12
H03083,34,25-34,Southwark,young_professionals,families,0.4,0.916,0.217,0.462,0.216,0.384,0.591,0.604,0.567,0.705,0.597,0.788,0.68,0.538,0.526,0.62,none,P037,2025-10-12
H03084,22,18-24,Greenwich,young_professionals,families,0.37,0.757,0.142,0.504,0.378,0.685,0.545,0.508,0.511,0.798,0.583,0.816,0.753,0.402,0.333,0.636,none,P037,2025-10-12
H03085,29,25-34,Redbridge,young_professionals,foodies,0.154,0.892,0.303,0.214,0.315,0.6,0.747,0.617,0.497,0.896,0.564,0.801,0.626,0.501,0.54,0.678,none,P037,2025-10-12
H03086,18,18-24,Southwark,students,fitness,0.776,0.324,0.564,0.365,0.178,0.331,0.616,0.583,0.838,0.73,0.646,0.751,0.593,0.716,0.622,0.489,none,P037,2025-10-12
H03087,23,18-24,Southwark,students,foodies,0.705,0.365,0.414,0.078,0.527,0.53,0.74,0.771,1.0,0.658,0.546,0.676,1.0,0.649,0.55,0.346,dairy_free,P037,2025-10-12
H03088,21,18-24,Harrow,students,families,0.91,0.285,0.197,0.493,0.15,0.413,1.0,0.877,0.934,0.788,0.378,0.841,0.591,0.854,0.379,0.454,dairy_free,P037,2025-10-12
H03089,21,18-24,Southwark,students,families,0.748,0.446,0.117,0.504,0.298,0.474,0.732,0.874,0.957,0.703,0.526,0.718,0.678,0.627,0.315,0.538,none,P037,2025-10-12
H03090,34,25-34,Bromley,young_professionals,foodies,0.269,0.812,0.266,0.496,0.549,0.603,0.686,0.479,0.559,0.865,0.507,0.789,0.758,0.338,0.222,0.645,none,P037,2025-10-12
H03091,20,18-24,Brent,students,families,0.74,0.272,0.068,0.305,0.101,0.293,0.725,0.752,0.92,0.725,0.566,0.581,0.753,0.688,0.608,0.563,none,P037,2025-10-12
H03092,18,18-24,Southwark,students,young_professionals,0.785,0.339,0.288,0.287,0.037,0.483,0.869,0.836,0.958,0.597,0.587,0.607,0.757,0.81,0.415,0.648,none,P037,2025-10-12
H03093,35,35-44,Southwark,foodies,students,0.584,0.375,0.188,0.228,0.933,0.7,0.697,0.687,0.443,0.111,0.749,0.741,0.531,0.54,1.0,0.337,dairy_free,P037,2025-10-12
H03094,30,25-34,Southwark,young_professionals,families,0.125,0.959,0.37,0.442,0.36,0.64,0.637,0.572,0.36,0.794,0.807,0.969,0.611,0.5,0.342,0.531,none,P037,2025-10-12
H03095,27,25-34,Southwark,young_professionals,foodies,0.215,0.878,0.416,0.191,0.516,0.665,0.785,0.597,0.57,0.722,0.543,0.784,0.512,0.439,0.489,0.695,vegan,P037,2025-10-12
H03096,37,35-44,Ealing,young_professionals,fitness,0.341,1.0,0.355,0.166,0.29,0.473,0.683,0.514,0.604,0.949,0.523,0.527,0.709,0.545,0.869,0.818,none,P037,2025-10-12
H03097,20,18-24,Waltham Forest,students,foodies,0.853,0.353,0.194,0.095,0.589,0.471,0.778,0.81,0.956,0.738,0.532,0.56,0.747,0.84,0.531,0.707,vegan,P037,2025-10-12
H03098,30,25-34,Camden,young_professionals,families,0.352,0.895,0.42,0.499,0.456,0.32,0.646,0.657,0.7,0.85,0.604,0.65,0.856,0.452,0.844,0.561,none,P037,2025-10-12
H03099,27,25-34,Hounslow,young_professionals,students,0.451,0.868,0.272,0.296,0.238,0.588,0.649,0.579,0.385,0.947,0.624,0.938,0.662,0.321,0.475,0.664,none,P037,2025-10-12
H03100,42,35-44,Wandsworth,families,young_professionals,0.281,0.427,0.41,0.885,0.172,0.641,0.385,0.516,0.79,0.783,0.619,0.599,0.471,0.814,0.345,0.479,none,organic,2025-10-12
H03101,22,18-24,Camden,students,fitness,0.798,0.4,0.482,0.22,0.228,0.432,0.826,0.84,0.961,0.756,0.572,0.566,0.762,0.677,0.552,0.474,none,organic,2025-10-12
H03102,43,35-44,Kensington and Chelsea,families,students,0.596,0.382,0.309,0.913,0.208,0.719,0.295,0.353,0.636,0.809,0.587,0.397,0.593,0.671,0.447,0.296,vegan,organic,2025-10-13
H03103,27,25-34,Southwark,young_professionals,fitness,0.407,0.93,0.422,0.141,0.301,0.439,0.607,0.595,0.508,0.998,0.64,0.611,0.627,0.44,0.571,0.541,gluten_free,organic,2025-10-14
H03104,31,25-34,Haringey,fitness,young_professionals,0.36,0.518,0.883,0.36,0.416,0.874,0.524,0.686,0.458,0.796,0.44,0.552,0.298,0.392,0.238,0.75,gluten_free,organic,2025-10-15
H03105,31,25-34,Islington,fitness,foodies,0.189,0.082,0.92,0.14,0.356,1.0,0.677,0.621,0.514,0.718,0.687,0.431,0.386,0.143,0.242,0.939,vegan,organic,2025-10-15
H03106,25,25-34,Camden,young_professionals,students,0.507,0.846,0.387,0.38,0.392,0.441,0.75,0.758,0.479,0.814,0.626,0.832,0.526,0.305,0.584,0.774,none,organic,2025-10-15
H03107,29,25-34,Hammersmith and Fulham,young_professionals,students,0.509,0.805,0.384,0.324,0.457,0.714,0.777,0.772,0.417,0.986,0.653,0.533,0.814,0.62,0.565,0.635,none,organic,2025-10-16
H03108,22,18-24,Newham,students,families,0.939,0.43,0.325,0.537,0.452,0.403,0.785,0.806,0.836,0.536,0.518,0.606,0.902,0.794,0.392,0.694,none,organic,2025-10-16
H03109,32,25-34,Westminster,young_professionals,fitness,0.0,0.899,0.526,0.3,0.105,0.501,0.572,0.725,0.46,0.595,0.665,0.609,0.651,0.5,0.715,0.712,none,organic,2025-10-16
H03110,31,25-34,Newham,families,students,0.319,0.201,0.234,0.832,0.145,0.631,0.362,0.495,0.604,0.709,0.681,0.594,0.485,0.736,0.55,0.456,none,organic,2025-10-18
H03111,31,25-34,Lambeth,fitness,young_professionals,0.233,0.519,0.815,0.276,0.244,0.855,0.4,0.566,0.518,0.744,0.462,0.691,0.538,0.406,0.491,0.857,none,organic,2025-10-18
H03112,24,18-24,Southwark,young_professionals,students,0.398,1.0,0.228,0.0,0.267,0.692,0.727,0.583,0.521,0.894,0.654,0.817,0.639,0.354,0.616,0.588,dairy_free,organic,2025-10-18
H03113,34,25-34,Hounslow,foodies,fitness,0.328,0.275,0.444,0.13,0.787,0.467,1.0,0.556,0.608,0.353,0.874,0.653,0.736,0.55,0.734,0.6,none,organic,2025-10-19
H03114,31,25-34,Harrow,young_professionals,foodies,0.0,0.858,0.302,0.319,0.337,0.667,0.677,0.76,0.472,0.739,0.567,0.702,0.658,0.42,0.815,0.749,none,organic,2025-10-19
H03115,27,25-34,Wandsworth,young_professionals,foodies,0.209,0.817,0.171,0.231,0.377,0.694,0.666,0.564,0.561,0.775,0.57,0.708,0.591,0.684,0.419,0.568,nut_allergy,organic,2025-10-19
H03116,22,18-24,Southwark,students,fitness,0.859,0.289,0.513,0.437,0.36,0.529,0.805,0.82,0.909,0.868,0.658,0.865,0.809,0.888,0.504,0.533,none,organic,2025-10-20
H03117,21,18-24,Croydon,foodies,fitness,0.255,0.291,0.564,0.317,0.885,0.715,0.916,0.619,0.25,0.224,0.769,0.583,0.718,0.358,0.963,0.393,nut_allergy,organic,2025-10-20
H03118,36,35-44,Lewisham,foodies,students,0.324,0.28,0.199,0.174,0.823,0.639,0.759,0.536,0.248,0.375,0.624,0.824,0.697,0.592,0.775,0.436,dairy_free,organic,2025-10-21
H03119,23,18-24,Hackney,fitness,families,0.326,0.26,0.659,0.331,0.309,1.0,0.491,0.546,0.467,0.425,0.518,0.712,0.472,0.296,0.415,0.694,vegetarian|gluten_free,organic,2025-10-21
H03120,35,35-44,Bexley,young_professionals,families,0.0,0.96,0.137,0.512,0.226,0.701,0.716,0.602,0.316,0.941,0.707,0.831,0.74,0.578,0.544,0.785,none,organic,2025-10-22
H03121,26,25-34,Islington,young_professionals,students,0.337,0.877,0.211,0.016,0.206,0.682,0.737,0.909,0.332,0.834,0.606,0.652,0.789,0.504,0.516,0.755,none,organic,2025-10-22
H03122,26,25-34,Greenwich,young_professionals,students,0.447,0.838,0.355,0.206,0.334,0.79,0.705,0.642,0.461,0.785,0.48,0.69,0.567,0.622,0.699,0.421,none,organic,2025-10-25
H03123,29,25-34,Havering,young_professionals,families,0.396,0.868,0.0,0.417,0.318,0.385,0.767,0.721,0.32,0.776,0.713,0.632,0.829,0.438,0.717,0.534,dairy_free,organic,2025-10-26
H03124,24,18-24,Ealing,fitness,families,0.096,0.303,0.869,0.611,0.228,0.769,0.594,0.555,0.529,0.637,0.545,0.764,0.334,0.269,0.356,0.938,dairy_free,organic,2025-10-27
H03125,34,25-34,Southwark,young_professionals,fitness,0.328,0.714,0.524,0.285,0.082,0.452,0.669,0.655,0.449,0.721,0.668,0.85,0.618,0.296,0.676,0.685,none,organic,2025-10-27
H03126,23,18-24,Sutton,students,fitness,0.78,0.249,0.342,0.286,0.175,0.606,0.599,0.681,0.755,0.79,0.522,0.707,0.822,0.749,0.373,0.418,vegan,organic,2025-10-28
H03127,27,25-34,Islington,foodies,families,0.142,0.181,0.284,0.326,0.752,0.739,0.826,0.656,0.048,0.379,0.8,0.555,0.716,0.39,0.818,0.398,none,organic,2025-10-28
H03128,25,25-34,Southwark,young_professionals,foodies,0.301,0.77,0.295,0.347,0.367,0.697,0.713,0.668,0.53,0.84,0.507,0.731,0.783,0.777,0.454,0.846,none,P038,2025-10-29
H03129,31,25-34,Kingston upon Thames,fitness,students,0.555,0.239,0.875,0.204,0.306,1.0,0.42,0.607,0.742,0.506,0.51,0.95,0.384,0.314,0.31,1.0,none,P038,2025-10-29
H03130,38,35-44,Kingston upon Thames,fitness,families,0.078,0.065,0.788,0.281,0.193,0.633,0.496,0.625,0.472,0.524,0.675,0.535,0.361,0.297,0.479,0.969,none,P038,2025-10-29
H03131,37,35-44,Kingston upon Thames,fitness,young_professionals,0.126,0.537,0.88,0.514,0.174,0.767,0.527,0.53,0.469,0.774,0.715,0.59,0.453,0.112,0.159,0.793,gluten_free,P038,2025-10-29
H03132,34,25-34,Greenwich,fitness,young_professionals,0.298,0.467,0.781,0.144,0.435,0.861,0.827,0.424,0.428,0.583,0.484,0.574,0.387,0.357,0.159,0.84,vegetarian,P038,2025-10-29
H03133,25,25-34,Kingston upon Thames,foodies,students,0.449,0.185,0.095,0.432,0.869,0.595,0.972,0.597,0.3,0.299,0.816,0.694,0.479,0.386,0.91,0.516,vegetarian,P038,2025-10-29
H03134,32,25-34,Kingston upon Thames,young_professionals,students,0.277,0.822,0.192,0.249,0.087,0.54,0.446,0.574,0.525,0.894,0.561,0.839,0.594,0.413,0.689,0.577,none,P038,2025-10-29
H03135,22,18-24,Kingston upon Thames,young_professionals,fitness,0.215,0.861,0.374,0.267,0.343,0.545,0.567,0.725,0.514,0.949,0.492,0.765,0.567,0.556,0.949,0.758,nut_allergy,P038,2025-10-29
H03136,20,18-24,Kingston upon Thames,students,families,0.716,0.319,0.071,0.349,0.0,0.345,1.0,0.659,1.0,0.735,0.562,0.61,0.642,0.818,0.608,0.574,none,P038,2025-10-29
H03137,44,35-44,Merton,fitness,young_professionals,0.336,0.605,0.861,0.293,0.461,0.881,0.447,0.613,0.393,0.435,0.543,0.958,0.461,0.198,0.403,0.884,none,P038,2025-10-29
H03138,21,18-24,Tower Hamlets,students,young_professionals,0.805,0.523,0.381,0.329,0.306,0.361,0.69,0.672,0.875,0.798,0.48,0.691,0.834,0.895,0.252,0.493,none,P038,2025-10-29
H03139,25,25-34,Kingston upon Thames,young_professionals,families,0.243,0.811,0.245,0.305,0.144,0.526,0.868,0.696,0.481,0.918,0.497,0.708,0.724,0.454,0.558,0.722,dairy_free,P038,2025-10-29
H03140,21,18-24,Kingston upon Thames,students,families,0.953,0.274,0.428,0.614,0.344,0.539,0.85,0.749,0.868,0.7,0.573,0.77,0.702,0.726,0.613,0.517,none,P038,2025-10-29
H03141,29,25-34,Kingston upon Thames,young_professionals,foodies,0.312,0.808,0.233,0.363,0.601,0.74,0.844,0.793,0.469,0.908,0.558,0.483,0.681,0.531,0.716,0.753,vegan,P038,2025-10-29
H03142,38,35-44,Kingston upon Thames,young_professionals,foodies,0.358,0.808,0.128,0.0,0.415,0.493,0.747,0.591,0.508,0.8,0.757,0.775,0.797,0.612,0.669,0.56,none,P038,2025-10-29
H03143,22,18-24,Kingston upon Thames,students,families,0.775,0.0,0.321,0.526,0.164,0.506,0.736,0.765,0.882,0.778,0.662,0.823,0.819,0.916,0.338,0.597,none,P038,2025-10-29
H03144,22,18-24,Kingston upon Thames,young_professionals,families,0.22,0.833,0.343,0.516,0.381,0.645,0.722,0.854,0.254,0.841,0.526,0.721,0.722,0.668,0.538,0.73,none,P038,2025-10-29
H03145,23,18-24,Kingston upon Thames,fitness,families,0.311,0.267,0.705,0.619,0.209,1.0,0.566,0.726,0.32,0.777,0.585,0.653,0.403,0.216,0.333,1.0,none,P038,2025-10-29
H03146,31,25-34,Newham,young_professionals,fitness,0.283,0.97,0.355,0.228,0.184,0.475,0.613,0.654,0.479,0.656,0.529,0.769,0.795,0.651,0.545,0.77,none,P038,2025-10-29
H03147,18,18-24,Kingston upon Thames,students,young_professionals,0.851,0.369,0.328,0.301,0.345,0.477,0.848,0.72,0.838,0.53,0.418,0.547,0.867,0.542,0.505,0.518,none,P038,2025-10-29
H03148,29,25-34,Newham,young_professionals,fitness,0.47,0.84,0.502,0.199,0.005,0.62,0.855,0.698,0.368,0.863,0.625,0.808,0.658,0.663,0.448,0.634,none,P038,2025-10-29
H03149,32,25-34,Islington,fitness,young_professionals,0.151,0.624,0.764,0.111,0.464,0.697,0.454,0.479,0.482,0.598,0.679,0.633,0.457,0.286,0.275,0.814,nut_allergy,P038,2025-10-29
H03150,27,25-34,Tower Hamlets,fitness,young_professionals,0.307,0.373,0.729,0.036,0.372,0.938,0.497,0.626,0.427,0.644,0.68,0.542,0.321,0.419,0.352,0.882,gluten_free,P038,2025-10-29
H03151,29,25-34,Lambeth,young_professionals,families,0.307,0.749,0.058,0.375,0.177,0.706,0.706,0.675,0.578,0.565,0.639,0.788,0.749,0.334,0.531,0.538,none,P038,2025-10-29
H03152,26,25-34,Kingston upon Thames,students,young_professionals,0.855,0.439,0.406,0.084,0.221,0.547,0.885,0.738,0.742,0.639,0.413,0.582,0.762,0.684,0.528,0.586,none,P038,2025-10-29
H03153,25,25-34,Hammersmith and Fulham,young_professionals,fitness,0.014,0.807,0.588,0.327,0.34,0.71,0.703,0.661,0.411,0.9,0.559,0.792,0.775,0.348,0.377,0.645,vegetarian,P038,2025-10-29
H03154,39,35-44,Kingston upon Thames,families,fitness,0.118,0.435,0.586,0.852,0.191,0.497,0.487,0.463,0.691,0.761,0.539,0.288,0.429,0.725,0.473,0.349,gluten_free,P038,2025-10-29
H03155,34,25-34,Richmond upon Thames,families,foodies,0.308,0.09,0.323,0.836,0.334,0.626,0.287,0.435,0.846,0.836,0.479,0.554,0.627,0.876,0.536,0.382,none,P038,2025-10-29
H03156,23,18-24,Havering,fitness,families,0.313,0.217,0.659,0.387,0.3,1.0,0.586,0.522,0.458,0.586,0.632,0.605,0.386,0.17,0.436,0.92,none,P038,2025-10-29
H03157,35,35-44,Lewisham,families,fitness,0.347,0.112,0.435,0.897,0.233,0.634,0.449,0.544,0.657,0.712,0.581,0.364,0.56,0.7,0.358,0.294,vegetarian,P038,2025-10-29
H03158,32,25-34,Kingston upon Thames,young_professionals,students,0.273,0.927,0.254,0.036,0.147,0.588,0.673,0.581,0.463,0.928,0.455,0.765,0.766,0.5,0.534,0.548,none,P038,2025-10-29
H03159,29,25-34,Westminster,fitness,students,0.477,0.221,0.804,0.141,0.024,0.834,0.659,0.613,0.642,0.828,0.534,0.798,0.292,0.424,0.449,0.646,none,P038,2025-10-29
H03160,26,25-34,Kingston upon Thames,fitness,students,0.249,0.201,0.785,0.197,0.108,0.974,0.582,0.653,0.751,0.73,0.629,0.644,0.437,0.438,0.204,1.0,none,P038,2025-10-29
H03161,28,25-34,Kingston upon Thames,young_professionals,foodies,0.378,0.866,0.369,0.127,0.431,0.571,0.523,0.786,0.334,1.0,0.576,0.896,0.775,0.665,0.606,0.507,vegan,P038,2025-10-29
H03162,29,25-34,Kingston upon Thames,fitness,students,0.285,0.116,0.86,0.0,0.255,0.931,0.497,0.586,0.68,0.7,0.626,0.829,0.406,0.198,0.405,0.92,vegetarian,P038,2025-10-29
H03163,20,18-24,Harrow,fitness,families,0.219,0.168,0.984,0.277,0.163,0.837,0.754,0.385,0.505,0.637,0.575,0.467,0.395,0.322,0.435,0.958,none,P038,2025-10-29
H03164,28,25-34,Kingston upon Thames,families,young_professionals,0.265,0.676,0.459,0.766,0.313,0.65,0.324,0.431,0.623,0.713,0.471,0.456,0.684,0.786,0.416,0.486,none,P038,2025-10-29
H03165,28,25-34,Lambeth,young_professionals,students,0.564,0.903,0.073,0.479,0.559,0.833,0.599,0.641,0.469,0.829,0.416,0.87,0.56,0.458,0.557,0.622,vegan,P038,2025-10-29
H03166,23,18-24,Kingston upon Thames,students,families,0.848,0.261,0.21,0.281,0.166,0.327,0.679,0.842,0.914,0.805,0.277,0.798,0.685,0.61,0.243,0.483,none,P038,2025-10-29
H03167,33,25-34,Kingston upon Thames,young_professionals,students,0.545,0.838,0.316,0.063,0.063,0.545,0.564,0.468,0.462,0.787,0.612,0.725,0.642,0.694,0.726,0.694,none,P038,2025-10-29
H03168,32,25-34,Southwark,young_professionals,fitness,0.495,1.0,0.529,0.183,0.4,0.352,0.625,0.685,0.585,0.891,0.747,0.691,0.581,0.591,0.555,0.785,none,P038,2025-10-29
H03169,22,18-24,Kingston upon Thames,young_professionals,fitness,0.089,0.798,0.481,0.355,0.437,0.593,0.728,0.713,0.44,0.802,0.682,0.783,0.704,0.62,0.618,0.609,none,P038,2025-10-29
H03170,21,18-24,Kingston upon Thames,students,young_professionals,0.813,0.379,0.322,0.353,0.134,0.518,0.773,0.68,0.952,0.649,0.414,0.789,0.608,0.707,0.485,0.541,none,P038,2025-10-29
H03171,26,25-34,Southwark,young_professionals,foodies,0.138,0.799,0.218,0.093,0.257,0.383,0.548,0.6,0.289,0.788,0.603,0.682,0.683,0.477,0.509,0.855,dairy_free,P038,2025-10-29
H03172,32,25-34,Kingston upon Thames,fitness,families,0.427,0.432,0.931,0.457,0.233,0.735,0.546,0.529,0.461,0.815,0.571,0.638,0.184,0.17,0.455,0.813,none,P038,2025-10-29
H03173,23,18-24,Kingston upon Thames,fitness,families,0.17,0.166,0.907,0.268,0.133,0.89,0.527,0.588,0.406,0.84,0.597,0.704,0.35,0.438,0.493,0.919,none,P038,2025-10-29
H03174,29,25-34,Lewisham,young_professionals,families,0.232,0.853,0.067,0.521,0.411,0.651,0.769,0.561,0.493,0.968,0.63,1.0,0.628,0.344,0.498,0.57,none,P038,2025-10-29
H03175,23,18-24,Kingston upon Thames,students,fitness,0.814,0.344,0.587,0.175,0.289,0.493,0.631,0.717,0.898,0.656,0.422,0.773,0.694,0.766,0.457,0.666,none,P038,2025-10-29
H03176,26,25-34,Kingston upon Thames,fitness,students,0.474,0.229,0.801,0.156,0.0,0.751,0.592,0.615,0.473,0.508,0.48,0.73,0.319,0.233,0.341,0.85,none,P038,2025-10-29
H03177,24,18-24,Kingston upon Thames,young_professionals,foodies,0.104,0.737,0.314,0.307,0.478,0.627,0.72,0.612,0.509,1.0,0.692,0.732,0.863,0.608,0.468,0.657,none,P038,2025-10-29
H03178,27,25-34,Kingston upon Thames,young_professionals,fitness,0.347,0.898,0.54,0.392,0.024,0.789,0.672,0.704,0.402,0.948,0.384,0.597,0.598,0.543,0.62,0.803,none,P038,2025-10-29
H03179,29,25-34,Newham,fitness,families,0.209,0.383,0.804,0.515,0.463,0.764,0.609,0.51,0.554,0.671,0.725,0.445,0.551,0.449,0.384,0.963,dairy_free,P038,2025-10-29
H03180,25,25-34,Kingston upon Thames,young_professionals,families,0.308,0.9,0.032,0.371,0.313,0.541,0.634,0.759,0.416,0.946,0.495,0.708,0.541,0.616,0.575,0.738,none,P038,2025-10-29
H03181,28,25-34,Hammersmith and Fulham,young_professionals,families,0.07,0.719,0.383,0.399,0.282,0.607,0.689,0.529,0.503,0.801,0.623,0.809,0.689,0.389,0.554,0.906,none,P038,2025-10-29
H03182,39,35-44,Wandsworth,families,young_professionals,0.152,0.276,0.237,0.926,0.083,0.598,0.362,0.456,0.691,0.632,0.606,0.5,0.479,0.555,0.796,0.45,none,P038,2025-10-29
H03183,35,35-44,Waltham Forest,fitness,young_professionals,0.142,0.33,0.817,0.146,0.284,0.807,0.611,0.547,0.499,0.52,0.544,0.764,0.283,0.211,0.289,0.491,none,P038,2025-10-29
H03184,37,35-44,Kingston upon Thames,foodies,families,0.355,0.441,0.233,0.572,0.832,0.556,0.677,0.68,0.198,0.301,0.644,0.718,0.635,0.307,0.984,0.31,none,P038,2025-10-29
H03185,25,25-34,Hillingdon,fitness,families,0.292,0.184,0.751,0.312,0.297,1.0,0.539,0.55,0.484,0.64,0.677,0.594,0.512,0.115,0.43,1.0,none,P038,2025-10-29
H03186,22,18-24,Kingston upon Thames,students,families,0.924,0.24,0.131,0.337,0.31,0.355,0.82,0.782,0.964,0.848,0.339,0.846,0.736,0.647,0.397,0.426,dairy_free,P038,2025-10-29
H03187,38,35-44,Brent,fitness,students,0.404,0.334,0.848,0.102,0.288,0.853,0.339,0.656,0.452,0.759,0.747,0.858,0.396,0.242,0.284,1.0,none,P038,2025-10-29
H03188,43,35-44,Kingston upon Thames,families,students,0.372,0.238,0.262,0.814,0.305,0.702,0.53,0.329,0.768,0.876,0.688,0.654,0.602,0.857,0.378,0.543,gluten_free,P038,2025-10-29
H03189,43,35-44,Wandsworth,families,young_professionals,0.456,0.61,0.458,0.699,0.388,0.7,0.467,0.4,0.932,0.716,0.618,0.541,0.559,0.907,0.393,0.101,none,P038,2025-10-29
H03190,37,35-44,Islington,fitness,foodies,0.113,0.379,0.848,0.348,0.457,0.874,0.444,0.518,0.518,0.623,0.685,0.804,0.115,0.128,0.061,0.867,none,P038,2025-10-29
H03191,30,25-34,Kingston upon Thames,young_professionals,students,0.426,0.732,0.21,0.299,0.226,0.506,0.74,0.736,0.479,0.864,0.685,0.695,0.777,0.788,0.472,0.62,none,P038,2025-10-29
H03192,25,25-34,Kingston upon Thames,fitness,families,0.359,0.047,0.911,0.458,0.334,0.958,0.41,0.622,0.32,0.407,0.631,0.582,0.332,0.405,0.425,0.753,none,P038,2025-10-29
H03193,28,25-34,Kingston upon Thames,young_professionals,students,0.363,0.865,0.074,0.193,0.0,0.471,0.669,0.52,0.473,0.954,0.392,0.828,0.846,0.565,0.519,0.645,none,P038,2025-10-29
H03194,23,18-24,Hillingdon,students,young_professionals,1.0,0.623,0.502,0.282,0.304,0.364,0.687,0.861,0.899,0.801,0.565,0.721,0.715,0.984,0.399,0.66,none,P038,2025-10-29
H03195,28,25-34,Kingston upon Thames,young_professionals,students,0.601,0.857,0.09,0.145,0.54,0.54,0.76,0.546,0.357,0.851,0.603,0.653,0.707,0.576,0.363,0.744,none,P038,2025-10-29
H03196,26,25-34,Hammersmith and Fulham,students,foodies,0.813,0.203,0.507,0.174,0.584,0.44,0.457,0.901,0.939,0.689,0.609,0.705,0.637,0.794,0.427,0.639,gluten_free,P038,2025-10-29
H03197,27,25-34,Kingston upon Thames,young_professionals,families,0.218,0.756,0.222,0.365,0.188,0.426,0.587,0.563,0.478,0.839,0.497,0.416,0.706,0.655,0.716,0.534,none,P038,2025-10-29
H03198,41,35-44,Southwark,families,fitness,0.209,0.28,0.575,0.865,0.293,0.657,0.497,0.436,0.963,0.831,0.458,0.451,0.515,0.853,0.638,0.556,none,P038,2025-10-29
H03199,39,35-44,Harrow,fitness,students,0.532,0.115,0.745,0.121,0.21,0.903,0.336,0.824,0.451,0.517,0.658,0.699,0.302,0.347,0.269,0.865,none,P038,2025-10-29
H03200,32,25-34,Kingston upon Thames,fitness,students,0.392,0.222,0.817,0.184,0.178,0.964,0.614,0.533,0.351,0.518,0.771,0.505,0.227,0.248,0.184,0.964,none,P038,2025-10-29
H03201,33,25-34,Kingston upon Thames,fitness,foodies,0.208,0.343,0.915,0.085,0.468,0.991,0.376,0.441,0.448,0.678,0.55,0.613,0.514,0.26,0.254,0.947,vegetarian,P038,2025-10-29
H03202,29,25-34,Kingston upon Thames,young_professionals,foodies,0.367,0.777,0.427,0.086,0.486,0.527,0.603,0.751,0.363,0.624,0.565,0.995,0.522,0.442,0.552,0.835,none,P038,2025-10-29
H03203,33,25-34,Wandsworth,fitness,foodies,0.343,0.373,0.883,0.215,0.469,0.975,0.412,0.704,0.601,0.621,0.582,0.716,0.379,0.458,0.285,0.72,vegan,P038,2025-10-29
H03204,36,35-44,Kingston upon Thames,fitness,students,0.452,0.317,0.666,0.293,0.202,0.804,0.413,0.583,0.429,0.578,0.755,0.571,0.312,0.353,0.344,0.735,gluten_free,P038,2025-10-29
H03205,26,25-34,Kingston upon Thames,young_professionals,fitness,0.263,0.89,0.624,0.239,0.162,0.538,0.517,0.614,0.399,0.586,0.618,0.824,0.627,0.367,0.752,0.878,none,P038,2025-10-29
H03206,28,25-34,Kingston upon Thames,young_professionals,families,0.365,0.784,0.365,0.367,0.189,0.551,0.84,0.773,0.492,1.0,0.688,0.766,0.593,0.503,0.646,0.605,nut_allergy,P038,2025-10-29
H03207,37,35-44,Croydon,fitness,young_professionals,0.0,0.51,0.927,0.265,0.343,0.89,0.296,0.595,0.458,0.588,0.666,0.548,0.413,0.259,0.328,0.934,none,P038,2025-10-29
H03208,33,25-34,Kingston upon Thames,fitness,young_professionals,0.504,0.509,0.763,0.023,0.264,0.912,0.609,0.443,0.617,0.644,0.551,0.721,0.57,0.306,0.217,0.951,vegetarian,P038,2025-10-29
H03209,28,25-34,Kingston upon Thames,young_professionals,students,0.453,0.731,0.354,0.418,0.083,0.633,0.529,0.666,0.464,0.925,0.543,0.9,0.66,0.755,0.69,0.683,none,P038,2025-10-29
H03210,41,35-44,Lambeth,fitness,students,0.432,0.257,0.813,0.333,0.098,0.823,0.372,0.609,0.455,0.586,0.622,0.786,0.495,0.307,0.075,1.0,none,P038,2025-10-29
H03211,33,25-34,Kingston upon Thames,fitness,young_professionals,0.282,0.637,0.749,0.231,0.098,0.892,0.452,0.514,0.484,0.672,0.628,0.502,0.42,0.257,0.228,0.855,none,P038,2025-10-29
H03212,32,25-34,Waltham Forest,foodies,young_professionals,0.288,0.417,0.4,0.336,0.768,0.673,0.875,0.547,0.476,0.504,0.747,0.68,0.655,0.463,0.961,0.43,none,organic,2025-10-29
H03213,24,18-24,Harrow,young_professionals,students,0.517,0.708,0.419,0.251,0.01,0.59,0.602,0.741,0.594,0.787,0.587,0.791,0.552,0.336,0.616,0.718,gluten_free,organic,2025-10-29
H03214,35,35-44,Waltham Forest,young_professionals,foodies,0.211,0.87,0.25,0.175,0.364,0.629,0.754,0.746,0.306,0.902,0.493,0.78,0.418,0.613,0.757,0.616,none,organic,2025-10-29
H03215,19,18-24,Brent,students,fitness,0.878,0.342,0.494,0.221,0.436,0.522,0.771,0.809,0.561,0.643,0.45,0.766,0.722,0.549,0.518,0.53,none,organic,2025-10-30
H03216,28,25-34,Tower Hamlets,young_professionals,foodies,0.162,0.874,0.266,0.129,0.516,0.448,0.602,0.587,0.363,1.0,0.699,0.596,0.723,0.528,0.622,0.605,none,organic,2025-10-30
H03217,38,35-44,Lewisham,families,foodies,0.396,0.073,0.257,0.744,0.44,0.778,0.245,0.427,0.814,0.712,0.501,0.701,0.58,0.471,0.516,0.415,none,organic,2025-10-30
H03218,39,35-44,Lambeth,fitness,young_professionals,0.128,0.298,0.869,0.167,0.274,0.844,0.429,0.678,0.569,0.806,0.728,0.688,0.371,0.316,0.342,0.976,none,organic,2025-10-30
H03219,28,25-34,Enfield,young_professionals,students,0.519,0.947,0.111,0.322,0.288,0.667,0.627,0.681,0.515,0.719,0.572,0.93,0.803,0.595,0.571,0.61,vegan,organic,2025-10-31
H03220,22,18-24,Hillingdon,students,families,0.872,0.259,0.303,0.537,0.183,0.37,0.741,0.826,0.899,0.559,0.418,0.759,0.9,0.6,0.167,0.6,none,organic,2025-10-31
H03221,33,25-34,Enfield,foodies,families,0.328,0.213,0.464,0.513,0.757,0.543,0.701,0.55,0.465,0.376,0.792,0.759,0.599,0.627,1.0,0.288,vegan,P039,2025-11-01
H03222,34,25-34,Hackney,young_professionals,foodies,0.24,0.783,0.326,0.202,0.327,0.602,0.721,0.747,0.397,0.821,0.497,0.773,0.67,0.519,0.69,0.526,none,P039,2025-11-01
H03223,20,18-24,Brent,students,families,0.886,0.046,0.323,0.554,0.209,0.411,0.758,0.634,1.0,0.639,0.611,0.879,0.785,0.603,0.462,0.329,none,P039,2025-11-01
H03224,23,18-24,Ealing,foodies,young_professionals,0.176,0.578,0.274,0.166,0.812,0.497,0.894,0.583,0.245,0.371,0.639,0.795,0.756,0.579,0.966,0.364,none,P039,2025-11-01
H03225,25,25-34,Hackney,young_professionals,fitness,0.273,0.773,0.397,0.384,0.216,0.639,0.869,0.629,0.367,1.0,0.563,0.655,0.601,0.495,0.752,0.449,dairy_free,P039,2025-11-01
H03226,20,18-24,Hounslow,students,fitness,0.788,0.262,0.313,0.232,0.29,0.48,0.762,0.747,0.927,0.868,0.558,0.668,0.762,0.755,0.384,0.461,dairy_free,P039,2025-11-01
H03227,24,18-24,Hackney,students,families,0.901,0.369,0.318,0.435,0.164,0.428,0.638,0.854,0.968,0.756,0.565,0.821,0.819,0.678,0.096,0.51,none,P039,2025-11-01
H03228,28,25-34,Enfield,young_professionals,foodies,0.219,0.75,0.145,0.365,0.463,0.639,0.65,0.782,0.423,0.823,0.651,0.714,0.623,0.505,0.578,0.674,vegetarian,P039,2025-11-01
H03229,22,18-24,Tower Hamlets,young_professionals,families,0.239,0.678,0.251,0.405,0.352,0.622,0.765,0.582,0.36,0.864,0.719,0.881,0.749,0.792,0.711,0.789,vegan,P039,2025-11-01
H03230,31,25-34,Hackney,foodies,students,0.47,0.153,0.364,0.209,0.871,0.46,0.895,0.558,0.319,0.308,0.878,0.642,0.818,0.486,0.916,0.326,none,P039,2025-11-01
H03231,18,18-24,Brent,students,young_professionals,0.71,0.384,0.179,0.34,0.203,0.347,0.881,0.79,0.936,0.65,0.594,0.837,0.77,0.793,0.555,0.635,none,P039,2025-11-01
H03232,30,25-34,Hackney,young_professionals,fitness,0.348,1.0,0.43,0.235,0.38,0.502,0.562,0.629,0.611,0.797,0.688,0.717,0.604,0.612,0.416,0.85,vegetarian,P039,2025-11-01
H03233,24,18-24,Hackney,students,fitness,0.775,0.374,0.44,0.286,0.169,0.404,0.69,0.894,0.955,0.577,0.417,0.567,0.746,0.891,0.624,0.64,vegetarian,P039,2025-11-01
H03234,30,25-34,Hackney,young_professionals,students,0.466,1.0,0.067,0.254,0.281,0.688,0.607,0.802,0.563,0.885,0.775,0.704,0.745,0.583,0.523,0.577,vegan,P039,2025-11-01
H03235,33,25-34,Hackney,young_professionals,foodies,0.433,0.947,0.406,0.245,0.555,0.647,0.616,0.775,0.382,0.847,0.553,0.437,0.671,0.811,0.638,1.0,none,P039,2025-11-01
H03236,21,18-24,Greenwich,students,fitness,0.899,0.355,0.527,0.174,0.301,0.402,0.817,0.998,0.901,0.677,0.597,0.722,0.781,0.728,0.419,0.429,dairy_free,P039,2025-11-01
H03237,20,18-24,Camden,fitness,young_professionals,0.221,0.44,0.923,0.057,0.249,0.863,0.333,0.575,0.348,0.635,0.514,0.676,0.547,0.332,0.479,0.808,none,organic,2025-11-01
H03238,21,18-24,Barnet,students,young_professionals,0.802,0.547,0.308,0.344,0.137,0.326,0.681,0.745,0.96,0.856,0.465,0.718,0.96,0.73,0.555,0.392,dairy_free,organic,2025-11-01
H03239,32,25-34,Barnet,families,foodies,0.374,0.364,0.019,0.867,0.533,0.564,0.449,0.379,0.653,0.919,0.742,0.523,0.414,0.738,0.388,0.218,none,organic,2025-11-03
H03240,22,18-24,Lewisham,young_professionals,fitness,0.381,0.761,0.56,0.28,0.352,0.437,0.662,0.75,0.287,0.857,0.557,0.601,0.763,0.456,0.854,0.624,none,organic,2025-11-05
H03241,35,35-44,Enfield,fitness,families,0.281,0.289,0.726,0.32,0.187,0.814,0.482,0.547,0.356,0.596,0.639,0.688,0.338,0.258,0.414,1.0,none,organic,2025-11-07
H03242,44,35-44,Barnet,families,students,0.377,0.14,0.259,0.885,0.205,0.742,0.354,0.323,0.906,0.818,0.411,0.472,0.405,0.699,0.509,0.453,vegetarian,organic,2025-11-07
H03243,46,45+,Newham,families,fitness,0.376,0.11,0.436,0.773,0.155,0.655,0.462,0.444,0.603,0.713,0.648,0.713,0.688,1.0,0.474,0.438,none,organic,2025-11-07
H03244,28,25-34,Lambeth,fitness,students,0.475,0.447,0.907,0.459,0.338,0.699,0.429,0.673,0.646,0.764,0.561,0.66,0.447,0.371,0.107,0.792,none,organic,2025-11-07
H03245,43,35-44,Greenwich,families,fitness,0.242,0.261,0.335,0.76,0.197,0.555,0.426,0.395,0.827,0.665,0.556,0.633,0.746,0.88,0.567,0.347,none,organic,2025-11-08
H03246,34,25-34,Westminster,foodies,fitness,0.238,0.395,0.491,0.22,0.789,0.686,0.917,0.778,0.297,0.376,0.703,0.572,0.691,0.743,0.893,0.341,gluten_free,organic,2025-11-09
H03247,28,25-34,Southwark,young_professionals,students,0.609,0.788,0.202,0.34,0.474,0.733,0.717,0.6,0.637,1.0,0.773,0.697,0.775,0.808,0.553,0.625,none,organic,2025-11-10
H03248,32,25-34,Westminster,fitness,students,0.369,0.36,0.796,0.208,0.072,0.966,0.393,0.625,0.494,0.593,0.499,0.867,0.19,0.352,0.333,0.868,none,organic,2025-11-11
H03249,33,25-34,Islington,families,young_professionals,0.067,0.434,0.328,0.903,0.16,0.602,0.149,0.303,0.639,0.711,0.47,0.638,0.638,0.861,0.46,0.431,vegetarian,organic,2025-11-11
H03250,18,18-24,Bromley,students,foodies,0.843,0.086,0.25,0.226,0.398,0.435,0.773,0.824,0.843,0.729,0.563,0.706,0.571,0.809,0.524,0.643,vegetarian,organic,2025-11-12
H03251,28,25-34,Barnet,young_professionals,foodies,0.242,0.939,0.217,0.058,0.275,0.815,0.527,0.557,0.552,0.755,0.673,0.853,0.898,0.678,0.545,0.562,vegetarian,organic,2025-11-12
H03252,26,25-34,Tower Hamlets,young_professionals,families,0.334,0.849,0.302,0.342,0.185,0.548,0.851,0.736,0.603,0.789,0.571,0.782,0.662,0.684,0.681,0.76,none,organic,2025-11-12
H03253,40,35-44,Wandsworth,foodies,young_professionals,0.358,0.365,0.356,0.037,0.922,0.459,0.939,0.812,0.232,0.198,0.696,0.702,0.705,0.675,0.903,0.426,none,organic,2025-11-14
H03254,26,25-34,Hillingdon,fitness,young_professionals,0.302,0.444,0.873,0.23,0.436,1.0,0.438,0.874,0.425,0.737,0.454,0.75,0.201,0.407,0.354,1.0,none,organic,2025-11-14
H03255,26,25-34,Barnet,students,families,0.816,0.501,0.306,0.568,0.319,0.275,0.716,0.739,0.814,0.805,0.502,0.644,0.741,0.79,0.508,0.57,none,organic,2025-11-14
H03256,31,25-34,Richmond upon Thames,young_professionals,foodies,0.125,0.839,0.192,0.065,0.276,0.676,0.575,0.483,0.338,0.962,0.311,0.68,0.761,0.573,0.582,0.761,none,organic,2025-11-15
H03257,28,25-34,Kensington and Chelsea,young_professionals,foodies,0.342,0.844,0.316,0.333,0.562,0.683,0.82,0.557,0.347,0.979,0.51,0.774,0.796,0.525,0.54,0.515,none,organic,2025-11-15
H03258,31,25-34,Newham,young_professionals,students,0.564,0.869,0.049,0.473,0.377,0.464,0.595,0.447,0.569,0.855,0.651,0.75,0.764,0.502,0.635,0.683,vegetarian,P040,2025-11-16
H03259,28,25-34,Newham,foodies,fitness,0.255,0.348,0.508,0.317,0.875,0.536,1.0,0.509,0.293,0.448,0.663,0.754,0.454,0.469,0.939,0.689,vegan,P040,2025-11-16
H03260,44,35-44,Hounslow,families,fitness,0.137,0.0,0.56,0.855,0.233,0.702,0.228,0.556,0.729,0.681,0.4,0.458,0.622,0.889,0.369,0.251,none,P040,2025-11-16
H03261,28,25-34,Newham,foodies,fitness,0.223,0.158,0.363,0.228,0.874,0.573,0.905,0.61,0.182,0.508,0.68,0.658,0.84,0.559,0.978,0.137,vegan|nut_allergy,P040,2025-11-16
H03262,21,18-24,Newham,students,foodies,0.755,0.466,0.42,0.061,0.49,0.466,0.726,0.7,1.0,0.639,0.485,0.687,0.773,0.668,0.564,0.568,none,P040,2025-11-16
H03263,26,25-34,Merton,young_professionals,fitness,0.212,0.681,0.439,0.263,0.252,0.619,0.733,0.574,0.345,1.0,0.519,0.51,0.679,0.498,0.672,0.838,none,P040,2025-11-16
H03264,35,35-44,Islington,fitness,students,0.706,0.642,0.905,0.442,0.568,1.0,0.46,0.505,0.394,0.697,0.599,0.527,0.75,0.087,0.177,1.0,none,P040,2025-11-16
H03265,34,25-34,Newham,families,foodies,0.183,0.369,0.357,0.896,0.449,0.686,0.435,0.452,0.511,0.687,0.558,0.556,0.699,0.816,0.415,0.46,none,P040,2025-11-16
H03266,39,35-44,Redbridge,fitness,students,0.298,0.203,0.836,0.136,0.162,0.811,0.261,0.665,0.496,0.682,0.618,0.76,0.429,0.312,0.442,1.0,vegetarian|dairy_free,P040,2025-11-16
H03267,30,25-34,Havering,young_professionals,families,0.059,0.904,0.27,0.411,0.282,0.357,0.764,0.557,0.469,0.737,0.601,0.406,0.646,0.445,0.448,0.742,none,P040,2025-11-16
H03268,27,25-34,Lewisham,fitness,foodies,0.434,0.235,0.927,0.484,0.514,0.876,0.666,0.517,0.438,0.61,0.707,0.723,0.455,0.328,0.087,0.772,none,P040,2025-11-16
H03269,25,25-34,Richmond upon Thames,fitness,young_professionals,0.148,0.253,0.989,0.0,0.0,1.0,0.572,0.422,0.309,0.7,0.548,0.613,0.542,0.089,0.306,0.976,none,P040,2025-11-16
H03270,20,18-24,Hounslow,students,fitness,0.816,0.148,0.289,0.196,0.0,0.414,0.752,0.804,0.848,0.869,0.447,0.784,0.903,0.733,0.457,0.614,none,P040,2025-11-16
H03271,37,35-44,Ealing,families,students,0.547,0.385,0.312,0.852,0.278,0.631,0.407,0.465,0.692,0.715,0.418,0.368,0.673,0.821,0.381,0.398,none,P040,2025-11-16
H03272,48,45+,Newham,foodies,fitness,0.386,0.196,0.412,0.144,0.752,0.657,0.885,0.773,0.288,0.423,0.616,0.496,0.785,0.637,1.0,0.315,none,P040,2025-11-16
H03273,28,25-34,Newham,young_professionals,students,0.427,0.761,0.296,0.189,0.249,0.439,0.758,0.536,0.412,0.927,0.502,0.921,0.681,0.606,0.729,0.757,none,P040,2025-11-16
H03274,25,25-34,Islington,foodies,families,0.258,0.371,0.107,0.387,0.835,0.617,0.836,0.409,0.159,0.274,0.819,0.603,0.749,0.512,1.0,0.505,none,P040,2025-11-16
H03275,30,25-34,Newham,foodies,families,0.115,0.383,0.362,0.389,0.83,0.528,0.797,0.509,0.342,0.346,0.701,0.73,0.875,0.541,0.82,0.513,gluten_free,P040,2025-11-16
H03276,37,35-44,Newham,families,foodies,0.453,0.261,0.36,0.839,0.787,0.64,0.4,0.324,0.62,0.562,0.587,0.422,0.863,0.693,0.65,0.487,vegan|dairy_free,P040,2025-11-16
H03277,28,25-34,Newham,foodies,fitness,0.28,0.47,0.643,0.115,0.802,0.638,0.858,0.532,0.316,0.215,0.792,0.608,0.866,0.638,0.932,0.372,none,P040,2025-11-16
H03278,37,35-44,Newham,families,young_professionals,0.27,0.308,0.271,0.782,0.26,0.764,0.444,0.272,0.704,0.792,0.608,0.692,0.46,0.644,0.42,0.394,none,P040,2025-11-16
H03279,22,18-24,Enfield,young_professionals,fitness,0.3,0.779,0.435,0.116,0.237,0.766,0.543,0.531,0.61,0.84,0.582,0.675,0.65,0.499,0.512,0.482,none,P040,2025-11-16
H03280,20,18-24,Newham,students,foodies,0.881,0.399,0.224,0.284,0.551,0.446,0.688,0.759,0.772,0.721,0.558,0.87,0.755,0.657,0.616,0.586,none,P040,2025-11-16
H03281,29,25-34,Harrow,young_professionals,foodies,0.16,0.922,0.256,0.343,0.457,0.581,0.678,0.574,0.569,0.853,0.581,0.757,0.666,0.525,0.743,0.792,none,P040,2025-11-16
H03282,30,25-34,Hammersmith and Fulham,young_professionals,fitness,0.2,0.807,0.525,0.397,0.115,0.722,0.691,0.613,0.314,0.878,0.548,0.717,0.574,0.477,0.678,0.635,none,P040,2025-11-16
H03283,25,25-34,Newham,foodies,students,0.477,0.216,0.282,0.364,0.93,0.599,0.858,0.565,0.36,0.377,0.678,0.826,0.541,0.433,0.815,0.449,none,P040,2025-11-16
H03284,27,25-34,Newham,foodies,families,0.205,0.293,0.134,0.414,0.833,0.599,0.982,0.631,0.205,0.165,0.686,0.685,0.648,0.469,0.876,0.615,none,P040,2025-11-16
H03285,36,35-44,Newham,families,young_professionals,0.217,0.587,0.073,0.86,0.304,0.6,0.448,0.422,0.856,0.794,0.639,0.17,0.606,0.798,0.559,0.531,none,P040,2025-11-16
H03286,32,25-34,Newham,families,young_professionals,0.376,0.421,0.204,0.848,0.413,0.709,0.39,0.303,0.717,0.801,0.592,0.614,0.474,0.728,0.23,0.489,none,P040,2025-11-16
H03287,32,25-34,Hounslow,foodies,young_professionals,0.372,0.456,0.256,0.361,0.674,0.7,1.0,0.641,0.098,0.296,0.761,0.622,0.44,0.569,0.838,0.471,none,P040,2025-11-16
H03288,41,35-44,Newham,families,young_professionals,0.245,0.303,0.287,0.789,0.22,0.773,0.275,0.483,0.711,0.694,0.476,0.532,0.698,0.916,0.581,0.419,none,P040,2025-11-16
H03289,30,25-34,Newham,young_professionals,families,0.076,0.945,0.365,0.587,0.294,0.578,0.663,0.553,0.497,0.825,0.638,0.77,0.521,0.677,0.612,0.753,none,P040,2025-11-16
H03290,28,25-34,Newham,foodies,families,0.241,0.336,0.284,0.505,0.792,0.695,0.75,0.775,0.222,0.315,0.689,0.582,0.638,0.457,1.0,0.414,vegetarian,P040,2025-11-16
H03291,43,35-44,Newham,families,students,0.565,0.066,0.544,0.883,0.097,0.547,0.424,0.348,0.74,0.899,0.534,0.584,0.596,0.706,0.313,0.345,dairy_free,P040,2025-11-16
H03292,18,18-24,Sutton,students,young_professionals,0.851,0.568,0.306,0.085,0.21,0.413,0.788,0.667,1.0,0.717,0.429,0.63,0.819,0.55,0.343,0.494,none,P040,2025-11-16
H03293,36,35-44,Newham,young_professionals,families,0.357,0.641,0.132,0.591,0.324,0.458,0.641,0.755,0.395,0.899,0.683,0.771,0.517,0.456,0.554,0.72,gluten_free,P040,2025-11-16
H03294,38,35-44,Islington,foodies,families,0.061,0.345,0.29,0.374,0.766,0.478,0.954,0.461,0.282,0.301,0.789,0.578,0.661,0.491,0.92,0.426,none,P040,2025-11-16
H03295,28,25-34,Newham,young_professionals,foodies,0.325,0.959,0.412,0.106,0.415,0.89,0.482,0.665,0.522,0.867,0.615,0.625,0.581,0.619,0.346,0.759,gluten_free,P040,2025-11-16
H03296,37,35-44,Newham,foodies,young_professionals,0.427,0.583,0.51,0.12,0.633,0.728,0.852,0.588,0.477,0.447,0.733,0.707,0.925,0.434,0.82,0.331,none,P040,2025-11-16
H03297,40,35-44,Newham,foodies,students,0.185,0.159,0.103,0.159,0.677,0.701,1.0,0.696,0.334,0.481,0.813,0.783,0.714,0.473,1.0,0.713,none,P040,2025-11-16
H03298,21,18-24,Enfield,students,fitness,0.852,0.173,0.346,0.286,0.303,0.491,0.688,0.865,0.896,0.739,0.568,0.693,0.789,0.851,0.464,0.563,dairy_free,P040,2025-11-16
H03299,29,25-34,Redbridge,young_professionals,foodies,0.11,0.889,0.17,0.192,0.202,0.691,0.728,0.715,0.288,0.58,0.389,0.675,0.814,0.581,0.553,0.718,none,P040,2025-11-16
H03300,40,35-44,Croydon,families,young_professionals,0.425,0.615,0.288,1.0,0.239,0.546,0.316,0.613,0.71,0.831,0.443,0.47,0.515,0.861,0.589,0.497,none,P040,2025-11-16
H03301,19,18-24,Islington,fitness,families,0.342,0.426,0.853,0.459,0.289,0.752,0.556,0.612,0.583,0.641,0.557,0.753,0.375,0.317,0.333,0.885,none,organic,2025-11-16
H03302,35,35-44,Bexley,young_professionals,families,0.182,0.824,0.261,0.434,0.281,0.762,0.729,0.802,0.356,0.866,0.591,1.0,0.654,0.449,0.645,0.718,none,organic,2025-11-16
H03303,32,25-34,Havering,families,fitness,0.21,0.28,0.356,0.758,0.111,0.652,0.428,0.418,0.659,0.752,0.527,0.53,0.489,0.882,0.495,0.238,none,organic,2025-11-17
H03304,42,35-44,Tower Hamlets,fitness,students,0.315,0.262,0.853,0.25,0.221,1.0,0.597,0.457,0.393,0.686,0.66,0.797,0.327,0.59,0.218,1.0,none,organic,2025-11-18
H03305,29,25-34,Wandsworth,fitness,foodies,0.211,0.169,0.906,0.278,0.32,0.92,0.427,0.638,0.621,0.591,0.761,0.82,0.647,0.463,0.354,0.755,none,organic,2025-11-18
H03306,40,35-44,Haringey,families,fitness,0.434,0.276,0.448,0.899,0.264,0.792,0.526,0.533,0.693,0.839,0.418,0.179,0.565,0.778,0.472,0.38,none,organic,2025-11-18
H03307,44,35-44,Wandsworth,families,young_professionals,0.297,0.349,0.166,0.823,0.265,0.83,0.434,0.234,0.801,0.813,0.426,0.496,0.702,0.535,0.599,0.309,none,organic,2025-11-20
H03308,22,18-24,Waltham Forest,students,young_professionals,1.0,0.843,0.058,0.208,0.36,0.531,0.872,0.762,0.995,0.625,0.572,0.619,0.55,0.86,0.327,0.461,dairy_free,organic,2025-11-20
H03309,28,25-34,Tower Hamlets,fitness,families,0.423,0.372,0.977,0.472,0.128,0.804,0.496,0.614,0.501,0.515,0.561,0.74,0.375,0.523,0.438,0.983,none,organic,2025-11-21
H03310,21,18-24,Wandsworth,foodies,fitness,0.387,0.226,0.41,0.237,0.828,0.537,0.804,0.649,0.412,0.417,0.924,0.685,0.633,0.764,0.788,0.303,none,organic,2025-11-21
H03311,26,25-34,Barking and Dagenham,young_professionals,fitness,0.084,0.821,0.532,0.133,0.059,0.83,0.621,0.673,0.311,1.0,0.58,0.38,0.49,0.729,0.381,0.638,none,organic,2025-11-22
H03312,38,35-44,Kingston upon Thames,foodies,families,0.23,0.265,0.258,0.472,0.817,0.529,0.856,0.488,0.227,0.245,0.843,0.455,0.549,0.606,0.756,0.416,vegetarian|dairy_free,organic,2025-11-22
H03313,24,18-24,Wandsworth,young_professionals,students,0.62,0.833,0.269,0.43,0.294,0.43,0.866,0.491,0.397,0.928,0.696,0.798,0.587,0.445,0.564,0.683,none,organic,2025-11-22
H03314,31,25-34,Ealing,young_professionals,families,0.432,0.927,0.415,0.441,0.058,0.561,0.785,0.711,0.504,0.772,0.561,0.713,0.728,0.715,0.666,0.55,none,organic,2025-11-23
H03315,29,25-34,Brent,young_professionals,fitness,0.086,0.736,0.344,0.082,0.104,0.658,0.755,0.518,0.497,0.806,0.452,0.598,0.773,0.342,0.91,0.42,vegetarian,organic,2025-11-23
H03316,32,25-34,Lambeth,fitness,young_professionals,0.52,0.576,0.914,0.233,0.364,0.967,0.411,0.53,0.513,0.734,0.684,0.506,0.145,0.232,0.486,0.833,none,organic,2025-11-24
H03317,46,45+,Hammersmith and Fulham,foodies,students,0.351,0.13,0.066,0.27,0.84,0.485,0.883,0.588,0.385,0.2,0.747,0.445,0.49,0.56,1.0,0.486,none,organic,2025-11-24
H03318,21,18-24,Lewisham,foodies,students,0.462,0.311,0.408,0.39,1.0,0.617,0.912,0.51,0.337,0.378,0.854,0.874,0.855,0.734,0.93,0.358,none,organic,2025-11-25
H03319,23,18-24,Bromley,foodies,families,0.102,0.143,0.236,0.283,0.929,0.658,1.0,0.642,0.223,0.134,0.802,0.635,0.599,0.412,0.977,0.334,none,organic,2025-11-25
H03320,51,45+,Ealing,families,fitness,0.216,0.268,0.364,0.815,0.177,0.687,0.354,0.266,0.574,0.68,0.668,0.676,0.445,0.869,0.317,0.43,vegetarian,organic,2025-11-25
H03321,24,18-24,Haringey,students,fitness,0.791,0.448,0.469,0.182,0.342,0.516,0.814,0.682,0.795,0.744,0.422,0.609,0.883,0.732,0.211,0.38,none,organic,2025-11-25
H03322,40,35-44,Camden,families,young_professionals,0.126,0.285,0.243,0.884,0.224,0.671,0.492,0.437,0.706,0.771,0.367,0.372,0.644,0.958,0.383,0.428,vegetarian,organic,2025-11-26
H03323,44,35-44,Westminster,families,fitness,0.0,0.199,0.358,0.956,0.179,0.698,0.266,0.433,0.643,0.889,0.525,0.521,0.73,0.775,0.596,0.205,none,organic,2025-11-27
H03324,42,35-44,Hammersmith and Fulham,foodies,fitness,0.0,0.216,0.393,0.328,0.772,0.61,0.924,0.636,0.215,0.334,0.63,0.772,0.42,0.566,1.0,0.455,dairy_free,organic,2025-11-27
H03325,40,35-44,Hammersmith and Fulham,families,young_professionals,0.107,0.399,0.253,0.834,0.0,0.614,0.423,0.435,0.729,0.692,0.452,0.557,0.515,0.923,0.745,0.265,vegetarian,organic,2025-11-28
H03326,35,35-44,Southwark,fitness,foodies,0.443,0.349,0.826,0.271,0.46,0.919,0.566,0.763,0.604,0.813,0.698,0.609,0.373,0.109,0.324,0.832,gluten_free,organic,2025-11-28
H03327,30,25-34,Hillingdon,fitness,students,0.383,0.0,0.939,0.164,0.07,0.808,0.481,0.7,0.549,0.583,0.617,0.63,0.578,0.393,0.345,0.922,vegan,organic,2025-11-29
H03328,25,25-34,Southwark,foodies,families,0.312,0.111,0.312,0.339,0.876,0.449,0.972,0.542,0.388,0.522,0.758,0.714,0.743,0.714,0.922,0.479,vegetarian,organic,2025-11-29
H03329,30,25-34,Camden,families,students,0.341,0.297,0.146,0.907,0.313,0.578,0.341,0.385,0.621,0.842,0.601,0.486,0.906,0.615,0.349,0.526,gluten_free,organic,2025-11-29
H03330,40,35-44,Hammersmith and Fulham,foodies,fitness,0.334,0.236,0.457,0.332,0.968,0.712,0.942,0.601,0.14,0.292,0.698,0.681,0.643,0.556,0.652,0.505,none,organic,2025-11-30
H03331,21,18-24,Harrow,students,foodies,0.823,0.11,0.435,0.154,0.629,0.275,0.726,0.692,0.873,0.834,0.716,0.484,0.531,0.754,0.42,0.381,none,organic,2025-11-30
H03332,21,18-24,Camden,students,foodies,0.922,0.239,0.258,0.265,0.445,0.5,0.747,0.82,0.711,0.637,0.697,0.825,0.72,0.617,0.529,0.318,none,organic,2025-11-30
H03333,34,25-34,Brent,fitness,students,0.346,0.189,0.867,0.018,0.342,0.885,0.389,0.545,0.668,0.565,0.495,0.673,0.322,0.388,0.308,0.942,none,organic,2025-12-01
H03334,35,35-44,Newham,fitness,families,0.12,0.248,0.888,0.384,0.249,0.885,0.612,0.605,0.512,0.591,0.837,0.879,0.275,0.367,0.494,0.954,none,organic,2025-12-01
H03335,21,18-24,Westminster,students,foodies,0.857,0.395,0.208,0.326,0.483,0.493,0.812,0.818,0.787,0.687,0.371,0.655,0.812,0.854,0.359,0.781,none,organic,2025-12-01
H03336,26,25-34,Croydon,fitness,families,0.471,0.386,0.847,0.514,0.302,0.851,0.391,0.511,0.411,0.73,0.755,0.691,0.261,0.257,0.297,1.0,none,organic,2025-12-01
H03337,35,35-44,Croydon,young_professionals,students,0.548,0.627,0.157,0.363,0.237,0.754,0.793,0.683,0.468,0.873,0.47,0.67,0.42,0.502,0.426,0.724,none,organic,2025-12-02
H03338,30,25-34,Kingston upon Thames,young_professionals,fitness,0.225,0.943,0.49,0.313,0.243,0.667,0.668,0.599,0.483,0.874,0.848,0.793,0.661,0.483,0.478,0.47,none,organic,2025-12-03
H03339,41,35-44,Waltham Forest,families,foodies,0.273,0.415,0.285,0.865,0.523,0.795,0.295,0.468,0.476,0.671,0.732,0.551,0.802,0.749,0.465,0.471,vegan,organic,2025-12-04
H03340,36,35-44,Hammersmith and Fulham,families,fitness,0.399,0.233,0.505,0.822,0.253,0.687,0.374,0.401,0.729,0.686,0.567,0.482,0.474,0.755,0.503,0.196,nut_allergy,organic,2025-12-05
H03341,28,25-34,Camden,young_professionals,students,0.304,0.769,0.287,0.201,0.126,0.519,0.682,0.667,0.458,0.948,0.749,0.805,0.665,0.614,0.588,0.794,vegan,organic,2025-12-06
H03342,29,25-34,Camden,fitness,families,0.178,0.443,0.848,0.481,0.293,0.886,0.52,0.712,0.379,0.556,0.63,0.494,0.461,0.204,0.296,1.0,none,organic,2025-12-07
H03343,34,25-34,Waltham Forest,young_professionals,families,0.129,0.846,0.042,0.326,0.203,0.539,0.621,0.689,0.526,0.661,0.487,0.725,0.644,0.735,0.447,0.58,none,organic,2025-12-07
H03344,23,18-24,Haringey,students,young_professionals,0.77,0.433,0.097,0.388,0.337,0.294,0.884,0.903,1.0,0.649,0.498,0.841,0.792,0.753,0.549,0.633,none,organic,2025-12-07
H03345,34,25-34,Hackney,young_professionals,students,0.393,0.855,0.367,0.284,0.212,0.44,0.829,0.638,0.38,1.0,0.581,0.737,0.573,0.306,0.489,0.574,none,organic,2025-12-08
H03346,37,35-44,Croydon,foodies,young_professionals,0.0,0.568,0.29,0.343,0.948,0.648,0.689,0.803,0.246,0.434,0.558,0.816,0.818,0.547,1.0,0.421,none,organic,2025-12-08
H03347,36,35-44,Wandsworth,foodies,young_professionals,0.336,0.393,0.148,0.097,0.777,0.563,1.0,0.803,0.392,0.374,0.852,0.631,0.731,0.686,1.0,0.515,none,organic,2025-12-08
H03348,30,25-34,Barking and Dagenham,young_professionals,foodies,0.247,0.882,0.069,0.19,0.348,0.64,0.529,0.513,0.538,0.791,0.841,0.694,0.595,0.708,0.717,0.626,vegan|dairy_free,organic,2025-12-09
H03349,35,35-44,Barnet,young_professionals,foodies,0.342,0.859,0.094,0.351,0.411,0.64,0.651,0.704,0.491,0.751,0.706,0.775,0.556,0.735,0.673,0.697,vegan,organic,2025-12-09
H03350,29,25-34,Lewisham,young_professionals,foodies,0.305,0.952,0.419,0.38,0.692,0.424,0.629,0.665,0.526,0.74,0.739,0.858,0.532,0.549,0.709,0.793,gluten_free,organic,2025-12-09
H03351,27,25-34,Southwark,young_professionals,students,0.402,0.822,0.047,0.31,0.261,0.771,0.693,0.733,0.424,0.805,0.601,0.637,0.545,0.79,0.592,0.712,none,organic,2025-12-09
H03352,23,18-24,Hackney,foodies,students,0.538,0.331,0.301,0.361,0.93,0.61,0.783,0.434,0.226,0.237,0.807,0.419,0.843,0.554,1.0,0.321,gluten_free,organic,2025-12-09
H03353,29,25-34,Hammersmith and Fulham,foodies,fitness,0.358,0.3,0.426,0.366,0.809,0.516,0.767,0.552,0.235,0.256,0.729,0.497,0.633,0.484,0.81,0.252,none,organic,2025-12-10
H03354,31,25-34,Camden,fitness,foodies,0.367,0.275,0.817,0.46,0.57,0.819,0.442,0.546,0.503,0.535,0.62,0.435,0.481,0.393,0.258,0.907,none,organic,2025-12-11
H03355,23,18-24,Hammersmith and Fulham,young_professionals,foodies,0.027,0.836,0.345,0.151,0.385,0.653,0.587,0.627,0.466,0.729,0.677,0.614,0.853,0.661,0.517,0.521,vegetarian,organic,2025-12-11
H03356,32,25-34,Camden,young_professionals,families,0.435,0.8,0.393,0.436,0.219,0.708,0.782,0.654,0.405,0.827,0.638,0.833,0.516,0.636,0.729,0.748,none,organic,2025-12-11
H03357,54,45+,Merton,families,foodies,0.231,0.313,0.401,0.895,0.597,0.604,0.298,0.467,0.868,0.834,0.522,0.487,0.367,0.894,0.368,0.493,none,organic,2025-12-11
H03358,32,25-34,Brent,young_professionals,families,0.283,0.926,0.189,0.367,0.364,0.443,0.708,0.76,0.544,0.68,0.625,1.0,0.583,0.606,0.746,0.471,none,organic,2025-12-13
H03359,24,18-24,Merton,young_professionals,foodies,0.101,0.904,0.363,0.324,0.428,0.612,0.705,0.725,0.394,0.844,0.54,0.741,0.552,0.524,0.553,0.779,none,organic,2025-12-14
H03360,24,18-24,Croydon,fitness,young_professionals,0.468,0.634,0.872,0.251,0.094,0.801,0.528,0.658,0.547,0.665,0.493,0.755,0.289,0.395,0.445,0.732,none,organic,2025-12-14
H03361,33,25-34,Westminster,young_professionals,families,0.28,0.842,0.24,0.396,0.284,0.655,0.567,0.598,0.562,0.707,0.528,0.569,0.722,0.467,0.749,0.668,none,organic,2025-12-14
H03362,27,25-34,Islington,young_professionals,students,0.41,0.854,0.275,0.406,0.284,0.427,0.56,0.696,0.415,0.787,0.78,0.894,0.459,0.446,0.486,0.657,none,organic,2025-12-15
H03363,41,35-44,Southwark,families,fitness,0.281,0.206,0.503,0.851,0.476,0.561,0.262,0.47,0.739,0.618,0.666,0.65,0.567,0.542,0.329,0.28,none,organic,2025-12-15
H03364,32,25-34,Hackney,young_professionals,families,0.24,0.8,0.371,0.457,0.3,0.702,0.642,0.581,0.54,0.894,0.584,0.748,0.614,0.526,0.452,0.557,none,organic,2025-12-15
H03365,33,25-34,Havering,young_professionals,families,0.61,0.971,0.274,0.661,0.041,0.537,0.595,0.475,0.476,0.963,0.657,0.74,0.691,0.517,0.666,0.457,none,organic,2025-12-15
H03366,43,35-44,Haringey,fitness,young_professionals,0.295,0.62,0.961,0.336,0.354,1.0,0.664,0.524,0.446,0.698,0.472,0.888,0.303,0.314,0.189,0.815,none,organic,2025-12-15
H03367,21,18-24,Haringey,foodies,families,0.363,0.202,0.008,0.408,0.858,0.601,0.911,0.472,0.164,0.381,0.702,0.87,0.551,0.544,0.965,0.34,none,organic,2025-12-16
H03368,38,35-44,Haringey,families,young_professionals,0.308,0.504,0.313,0.83,0.317,0.655,0.363,0.648,0.754,0.5,0.542,0.355,0.568,0.723,0.316,0.574,vegetarian,organic,2025-12-16
H03369,23,18-24,Ealing,young_professionals,students,0.463,0.918,0.154,0.174,0.304,0.488,0.841,0.493,0.375,1.0,0.519,0.748,0.819,0.535,0.646,0.569,none,organic,2025-12-17
H03370,21,18-24,Wandsworth,fitness,families,0.234,0.003,0.924,0.325,0.296,0.986,0.466,0.656,0.356,0.666,0.569,0.999,0.271,0.359,0.502,0.833,nut_allergy,organic,2025-12-17
H03371,26,25-34,Barking and Dagenham,students,fitness,0.897,0.272,0.472,0.143,0.297,0.281,0.681,0.802,0.956,0.824,0.707,0.519,0.627,0.693,0.488,0.54,none,organic,2025-12-18
H03372,39,35-44,Wandsworth,families,students,0.392,0.332,0.175,0.929,0.303,0.761,0.374,0.323,0.596,0.828,0.495,0.494,0.769,0.649,0.642,0.23,none,organic,2025-12-19
H03373,19,18-24,Sutton,students,families,0.954,0.487,0.23,0.775,0.513,0.599,0.645,0.847,0.904,0.697,0.629,0.759,0.855,0.815,0.494,0.461,dairy_free,organic,2025-12-20
H03374,19,18-24,Havering,students,young_professionals,0.859,0.671,0.181,0.189,0.281,0.316,0.871,0.567,0.926,0.666,0.585,0.536,0.846,0.711,0.356,0.493,none,organic,2025-12-20
H03375,22,18-24,Sutton,fitness,families,0.166,0.227,0.855,0.334,0.333,0.974,0.521,0.464,0.676,0.696,0.485,0.482,0.483,0.455,0.404,0.974,none,P041,2025-12-21
H03376,21,18-24,Redbridge,fitness,young_professionals,0.195,0.419,0.864,0.271,0.218,0.884,0.549,0.556,0.654,0.704,0.641,0.745,0.65,0.295,0.37,0.913,vegan,P041,2025-12-21
H03377,38,35-44,Merton,families,fitness,0.452,0.377,0.527,0.921,0.375,0.63,0.246,0.363,0.876,0.757,0.576,0.75,0.7,0.715,0.296,0.427,vegetarian,P041,2025-12-21
H03378,38,35-44,Merton,foodies,fitness,0.293,0.361,0.434,0.041,0.849,0.441,0.912,0.653,0.266,0.433,0.739,0.64,0.527,0.547,1.0,0.568,none,P041,2025-12-21
H03379,42,35-44,Merton,families,students,0.512,0.159,0.348,0.783,0.461,0.773,0.251,0.353,0.801,0.81,0.524,0.39,0.131,0.559,0.463,0.315,none,P041,2025-12-21
H03380,35,35-44,Merton,fitness,students,0.639,0.185,0.851,0.161,0.552,0.901,0.587,0.606,0.699,0.635,0.624,0.698,0.317,0.349,0.317,1.0,none,P041,2025-12-21
H03381,28,25-34,Merton,young_professionals,families,0.113,0.771,0.101,0.299,0.125,0.656,0.634,0.453,0.34,0.821,0.595,0.817,0.633,0.672,0.643,0.481,none,P041,2025-12-21
H03382,33,25-34,Merton,families,foodies,0.321,0.356,0.284,0.851,0.498,0.567,0.294,0.237,0.684,0.745,0.624,0.585,0.621,0.884,0.577,0.311,none,P041,2025-12-21
H03383,24,18-24,Barnet,foodies,students,0.364,0.075,0.272,0.0,0.792,0.605,0.839,0.543,0.243,0.337,0.694,0.704,0.488,0.42,1.0,0.348,none,P041,2025-12-21
H03384,32,25-34,Redbridge,young_professionals,students,0.396,0.854,0.223,0.25,0.347,0.931,0.673,0.482,0.485,0.955,0.648,0.774,0.604,0.516,0.321,0.753,vegan,P041,2025-12-21
H03385,27,25-34,Lambeth,young_professionals,fitness,0.292,0.748,0.5,0.426,0.019,0.494,0.802,0.598,0.509,0.829,0.792,0.924,0.906,0.748,0.584,0.586,none,P041,2025-12-21
H03386,21,18-24,Haringey,students,fitness,0.863,0.176,0.354,0.243,0.228,0.256,0.82,0.795,0.794,0.633,0.567,0.435,0.8,0.868,0.557,0.689,none,P041,2025-12-21
H03387,43,35-44,Merton,families,foodies,0.341,0.175,0.37,0.946,0.531,0.825,0.288,0.567,0.558,0.712,0.626,0.374,0.512,0.814,0.293,0.483,none,P041,2025-12-21
H03388,44,35-44,Merton,foodies,students,0.349,0.236,0.246,0.343,0.82,0.61,0.904,0.652,0.351,0.336,0.806,0.733,0.898,0.609,0.856,0.319,none,P041,2025-12-21
H03389,32,25-34,Tower Hamlets,families,fitness,0.304,0.208,0.423,0.97,0.22,0.807,0.09,0.366,0.795,0.723,0.556,0.523,0.638,0.653,0.592,0.381,none,P041,2025-12-21
H03390,30,25-34,Merton,foodies,fitness,0.088,0.332,0.374,0.332,0.861,0.609,0.968,0.572,0.364,0.381,0.545,0.929,0.549,0.487,1.0,0.402,vegan,P041,2025-12-21
H03391,27,25-34,Enfield,foodies,young_professionals,0.18,0.418,0.225,0.14,0.838,0.53,1.0,0.817,0.305,0.422,0.656,0.579,0.754,0.316,1.0,0.332,gluten_free,P041,2025-12-21
H03392,43,35-44,Greenwich,foodies,fitness,0.253,0.344,0.368,0.336,0.868,0.752,0.876,0.495,0.356,0.49,0.639,0.367,0.842,0.703,0.996,0.184,none,P041,2025-12-21
H03393,37,35-44,Merton,fitness,students,0.623,0.258,0.926,0.0,0.445,1.0,0.612,0.582,0.527,0.705,0.566,0.863,0.346,0.352,0.278,1.0,none,P041,2025-12-21
H03394,26,25-34,Merton,students,young_professionals,0.878,0.441,0.205,0.254,0.294,0.432,0.617,0.85,0.984,0.796,0.565,0.628,0.711,0.769,0.448,0.449,none,P041,2025-12-21
H03395,37,35-44,Croydon,families,foodies,0.346,0.239,0.262,0.837,0.535,0.72,0.421,0.376,0.787,0.841,0.634,0.428,0.561,0.673,0.62,0.386,none,P041,2025-12-21
H03396,23,18-24,Greenwich,foodies,students,0.432,0.219,0.233,0.175,0.845,0.7,0.88,0.565,0.289,0.43,0.911,0.595,0.668,0.604,0.918,0.33,none,P041,2025-12-21
H03397,26,25-34,Merton,fitness,families,0.409,0.521,0.794,0.549,0.284,0.849,0.413,0.653,0.478,0.681,0.599,0.675,0.439,0.361,0.367,0.877,none,P041,2025-12-21
H03398,29,25-34,Southwark,fitness,families,0.302,0.039,0.777,0.348,0.213,0.947,0.625,0.561,0.409,0.824,0.568,0.515,0.426,0.109,0.34,0.843,dairy_free,P041,2025-12-21
H03399,36,35-44,Wandsworth,families,young_professionals,0.241,0.414,0.185,0.787,0.381,0.785,0.447,0.372,0.693,0.796,0.598,0.665,0.736,0.584,0.309,0.285,none,P041,2025-12-21
H03400,24,18-24,Merton,students,foodies,0.804,0.255,0.169,0.062,0.477,0.679,0.793,0.783,0.839,0.789,0.587,0.734,0.886,0.88,0.502,0.36,none,P041,2025-12-21
H03401,38,35-44,Kensington and Chelsea,families,young_professionals,0.525,0.608,0.359,0.816,0.073,0.734,0.47,0.429,0.683,0.66,0.466,0.629,0.51,0.992,0.614,0.391,vegetarian,P041,2025-12-21
H03402,44,35-44,Merton,families,fitness,0.235,0.146,0.236,0.76,0.186,0.465,0.436,0.299,0.73,0.746,0.526,0.322,0.509,0.635,0.429,0.492,none,P041,2025-12-21
H03403,28,25-34,Merton,foodies,fitness,0.397,0.349,0.605,0.452,0.914,0.629,0.795,0.463,0.387,0.35,0.622,0.748,0.372,0.503,0.751,0.544,none,P041,2025-12-21
H03404,40,35-44,Barking and Dagenham,families,foodies,0.421,0.404,0.42,0.798,0.428,0.704,0.37,0.437,0.593,0.911,0.514,0.622,0.535,0.578,0.738,0.278,none,P041,2025-12-21
H03405,29,25-34,Tower Hamlets,young_professionals,foodies,0.391,0.747,0.285,0.268,0.431,0.63,0.703,0.556,0.452,0.857,0.539,0.7,0.572,0.276,0.711,0.793,none,P041,2025-12-21
H03406,38,35-44,Merton,fitness,foodies,0.36,0.135,0.777,0.194,0.438,0.885,0.568,0.642,0.424,0.733,0.557,0.798,0.384,0.179,0.426,0.855,nut_allergy,P041,2025-12-21
H03407,33,25-34,Merton,fitness,families,0.52,0.235,0.806,0.547,0.3,0.756,0.623,0.512,0.532,0.714,0.425,0.837,0.333,0.528,0.254,1.0,none,P041,2025-12-21
H03408,28,25-34,Merton,fitness,foodies,0.271,0.253,0.839,0.327,0.38,1.0,0.374,0.618,0.606,0.677,0.708,0.615,0.457,0.118,0.368,0.805,vegan,P041,2025-12-21
H03409,43,35-44,Merton,foodies,students,0.561,0.108,0.487,0.51,0.959,0.59,0.828,0.533,0.3,0.265,0.817,0.793,0.817,0.949,0.999,0.603,none,P041,2025-12-21
H03410,37,35-44,Merton,families,young_professionals,0.318,0.325,0.281,0.941,0.153,0.756,0.261,0.397,0.731,0.594,0.628,0.621,0.633,0.74,0.496,0.518,none,P041,2025-12-21
H03411,38,35-44,Merton,families,fitness,0.197,0.0,0.464,1.0,0.169,0.589,0.42,0.494,0.64,0.561,0.645,0.575,0.701,0.756,0.616,0.272,none,P041,2025-12-21
H03412,33,25-34,Merton,families,students,0.474,0.293,0.335,0.916,0.264,0.774,0.295,0.296,0.784,0.748,0.488,0.469,0.431,0.77,0.464,0.414,nut_allergy,P041,2025-12-21
H03413,37,35-44,Croydon,families,foodies,0.305,0.232,0.262,0.847,0.455,0.65,0.399,0.553,0.745,0.781,0.493,0.315,0.657,0.817,0.632,0.555,none,P041,2025-12-21
H03414,29,25-34,Merton,foodies,fitness,0.4,0.3,0.517,0.271,0.854,0.598,0.776,0.548,0.331,0.338,0.786,0.669,0.983,0.631,0.964,0.451,none,P041,2025-12-21
H03415,32,25-34,Westminster,young_professionals,students,0.494,0.993,0.403,0.26,0.339,0.632,0.741,0.696,0.538,0.834,0.585,0.681,0.666,0.615,0.709,0.542,none,P041,2025-12-21
H03416,20,18-24,Merton,students,fitness,0.885,0.022,0.511,0.341,0.382,0.675,0.754,0.756,0.82,0.805,0.564,0.596,0.714,0.787,0.404,0.648,none,P041,2025-12-21
H03417,28,25-34,Barnet,young_professionals,families,0.176,0.785,0.006,0.465,0.1,0.533,0.688,0.491,0.397,0.973,0.682,0.697,0.528,0.525,0.424,0.626,none,P041,2025-12-21
H03418,30,25-34,Merton,foodies,families,0.279,0.381,0.144,0.444,1.0,0.69,0.924,0.779,0.374,0.456,0.692,0.679,0.469,0.667,1.0,0.567,none,P041,2025-12-21
H03419,29,25-34,Westminster,foodies,young_professionals,0.288,0.361,0.0,0.284,0.966,0.735,1.0,0.609,0.233,0.357,0.805,0.585,0.597,0.659,0.973,0.511,none,P041,2025-12-21
H03420,39,35-44,Merton,foodies,families,0.127,0.298,0.358,0.421,0.845,0.81,0.925,0.591,0.325,0.337,0.621,0.686,0.526,0.612,0.759,0.141,gluten_free,P041,2025-12-21
H03421,22,18-24,Wandsworth,students,young_professionals,0.926,0.322,0.206,0.28,0.202,0.344,0.856,0.808,0.929,0.73,0.729,0.451,0.735,0.754,0.448,0.646,gluten_free,P041,2025-12-21
H03422,21,18-24,Barnet,foodies,students,0.676,0.299,0.313,0.489,0.953,0.66,0.839,0.459,0.37,0.488,0.789,0.69,0.887,0.672,0.871,0.326,none,P041,2025-12-21
H03423,41,35-44,Islington,foodies,families,0.355,0.402,0.352,0.445,0.829,0.458,0.782,0.576,0.372,0.277,0.815,0.558,0.719,0.65,0.813,0.447,none,P041,2025-12-21
H03424,28,25-34,Merton,young_professionals,fitness,0.311,0.725,0.314,0.304,0.292,0.512,0.732,0.629,0.391,1.0,0.51,0.809,0.833,0.596,0.526,0.584,none,P041,2025-12-21
H03425,39,35-44,Barking and Dagenham,families,foodies,0.262,0.514,0.294,0.758,0.527,0.618,0.146,0.231,0.98,0.828,0.68,0.807,0.562,0.739,0.308,0.321,gluten_free|nut_allergy,P041,2025-12-21
H03426,31,25-34,Merton,foodies,students,0.465,0.415,0.445,0.124,0.881,0.652,0.949,0.553,0.236,0.347,0.707,0.47,0.787,0.668,0.861,0.299,none,P041,2025-12-21
H03427,37,35-44,Ealing,fitness,students,0.48,0.254,0.866,0.28,0.191,0.766,0.293,0.457,0.657,0.649,0.656,0.75,0.387,0.194,0.284,1.0,nut_allergy,P041,2025-12-21
H03428,30,25-34,Sutton,foodies,young_professionals,0.252,0.311,0.274,0.159,0.732,0.643,0.913,0.798,0.347,0.304,0.904,0.711,0.913,0.377,0.914,0.364,gluten_free,P041,2025-12-21
H03429,39,35-44,Merton,families,foodies,0.244,0.0,0.185,0.793,0.436,0.814,0.416,0.216,0.662,0.782,0.351,0.495,0.658,0.502,0.59,0.335,none,P041,2025-12-21
H03430,28,25-34,Merton,young_professionals,foodies,0.141,0.828,0.253,0.272,0.46,0.675,0.67,0.58,0.399,0.841,0.549,0.943,0.606,0.538,0.51,0.563,none,P041,2025-12-21
H03431,36,35-44,Newham,young_professionals,families,0.382,0.714,0.202,0.485,0.175,0.59,0.602,0.697,0.367,0.686,0.469,0.753,0.556,0.563,0.733,0.574,vegetarian,P041,2025-12-21
H03432,28,25-34,Haringey,young_professionals,families,0.1,0.885,0.263,0.414,0.211,0.712,0.754,0.678,0.491,1.0,0.611,0.837,0.569,0.73,0.654,0.609,vegetarian,P041,2025-12-21
H03433,37,35-44,Merton,families,foodies,0.301,0.331,0.27,0.871,0.566,0.625,0.475,0.42,0.696,0.706,0.518,0.63,0.49,0.83,0.585,0.376,none,P041,2025-12-21
H03434,23,18-24,Merton,young_professionals,foodies,0.4,0.778,0.325,0.308,0.415,0.781,0.755,0.531,0.497,0.948,0.427,0.716,0.806,0.367,0.566,0.624,none,P041,2025-12-21
H03435,38,35-44,Wandsworth,fitness,families,0.255,0.147,0.902,0.416,0.297,0.866,0.421,0.567,0.387,0.693,0.622,0.688,0.456,0.371,0.321,0.904,none,P041,2025-12-21
H03436,28,25-34,Merton,foodies,students,0.537,0.27,0.298,0.288,0.806,0.399,0.892,0.485,0.167,0.61,0.804,0.718,0.694,0.457,0.93,0.357,none,P041,2025-12-21
H03437,36,35-44,Merton,young_professionals,fitness,0.287,0.973,0.318,0.093,0.159,0.583,0.646,0.877,0.376,0.761,0.649,0.596,0.773,0.526,0.615,0.685,none,P041,2025-12-21
H03438,36,35-44,Merton,fitness,students,0.397,0.377,0.989,0.248,0.283,1.0,0.537,0.636,0.572,0.662,0.609,0.806,0.298,0.508,0.286,1.0,none,P041,2025-12-21
H03439,36,35-44,Southwark,foodies,students,0.319,0.035,0.287,0.113,0.839,0.903,1.0,0.446,0.162,0.243,0.827,0.903,0.809,0.623,0.839,0.366,none,P041,2025-12-21
H03440,39,35-44,Merton,foodies,young_professionals,0.225,0.36,0.341,0.315,0.86,0.617,0.895,0.676,0.319,0.464,0.761,0.72,0.908,0.752,0.931,0.53,none,P041,2025-12-21
H03441,39,35-44,Sutton,foodies,students,0.529,0.187,0.296,0.3,0.753,0.473,0.897,0.548,0.279,0.359,0.657,0.849,0.623,0.712,0.843,0.407,none,P041,2025-12-21
H03442,32,25-34,Bexley,fitness,foodies,0.262,0.226,0.997,0.199,0.35,0.9,0.585,0.751,0.402,0.76,0.626,0.653,0.274,0.23,0.419,1.0,none,P041,2025-12-21
H03443,31,25-34,Merton,young_professionals,families,0.214,0.842,0.362,0.588,0.192,0.572,0.672,0.686,0.519,0.733,0.585,0.75,0.675,0.707,0.429,0.765,none,P041,2025-12-21
H03444,39,35-44,Wandsworth,families,fitness,0.265,0.196,0.474,0.917,0.354,0.793,0.441,0.474,0.706,0.696,0.357,0.563,0.56,0.777,0.796,0.5,none,organic,2025-12-21
H03445,36,35-44,Wandsworth,foodies,families,0.158,0.237,0.216,0.371,0.808,0.697,0.977,0.634,0.288,0.159,0.724,0.617,0.679,0.664,1.0,0.386,none,organic,2025-12-21
H03446,23,18-24,Wandsworth,fitness,foodies,0.307,0.019,0.786,0.308,0.526,0.854,0.493,0.55,0.451,0.691,0.548,0.874,0.457,0.14,0.398,0.893,none,organic,2025-12-21
H03447,18,18-24,Hounslow,students,young_professionals,0.791,0.427,0.179,0.348,0.256,0.392,0.806,0.811,0.936,0.695,0.49,0.879,0.783,0.555,0.5,0.382,none,organic,2025-12-21
H03448,22,18-24,Barnet,young_professionals,foodies,0.122,0.922,0.364,0.467,0.499,0.602,0.78,0.369,0.51,0.728,0.687,0.599,0.663,0.314,0.476,0.707,none,organic,2025-12-21
H03449,27,25-34,Lewisham,foodies,students,0.266,0.127,0.078,0.164,0.705,0.757,0.861,0.549,0.359,0.252,0.753,0.819,0.78,0.636,0.981,0.328,none,organic,2025-12-22
H03450,41,35-44,Lambeth,foodies,young_professionals,0.135,0.584,0.164,0.335,0.845,0.497,0.952,0.581,0.335,0.378,0.667,0.568,0.565,0.685,0.792,0.149,none,organic,2025-12-23
H03451,29,25-34,Tower Hamlets,fitness,students,0.383,0.251,0.873,0.297,0.09,0.998,0.516,0.616,0.527,0.634,0.721,0.486,0.303,0.254,0.355,0.864,gluten_free,organic,2025-12-24
H03452,28,25-34,Newham,young_professionals,fitness,0.413,0.748,0.443,0.228,0.222,0.592,0.723,0.672,0.625,0.851,0.512,0.724,0.497,0.753,0.655,0.77,vegetarian|gluten_free,organic,2025-12-24
H03453,25,25-34,Harrow,fitness,foodies,0.194,0.134,0.748,0.252,0.448,0.942,0.429,0.654,0.692,0.479,0.542,0.824,0.524,0.282,0.461,0.957,gluten_free|dairy_free,organic,2025-12-25
H03454,32,25-34,Wandsworth,young_professionals,families,0.319,0.846,0.029,0.434,0.054,0.5,0.434,0.701,0.452,0.756,0.725,0.814,0.65,0.614,0.665,0.645,none,organic,2025-12-25
H03455,32,25-34,Sutton,young_professionals,students,0.539,0.794,0.298,0.329,0.144,0.523,0.759,0.677,0.379,0.885,0.55,0.854,0.836,0.488,0.631,0.71,vegan,organic,2025-12-25
H03456,31,25-34,Bromley,young_professionals,families,0.196,0.815,0.267,0.581,0.218,0.435,0.58,0.678,0.321,0.839,0.623,0.724,0.614,0.568,0.493,0.875,dairy_free,organic,2025-12-26
H03457,24,18-24,Lambeth,young_professionals,fitness,0.338,0.919,0.443,0.342,0.234,0.59,0.583,0.885,0.338,0.884,0.591,0.681,0.606,0.462,0.645,0.835,none,organic,2025-12-26
H03458,42,35-44,Newham,families,students,0.355,0.276,0.179,0.726,0.028,0.684,0.322,0.373,0.629,0.859,0.616,0.575,0.507,0.688,0.557,0.279,none,P042,2025-12-27
H03459,31,25-34,Harrow,families,young_professionals,0.269,0.434,0.322,0.802,0.371,0.909,0.121,0.224,0.81,0.839,0.586,0.261,0.665,0.632,0.488,0.399,vegan,P042,2025-12-27
H03460,26,25-34,Ealing,young_professionals,students,0.493,0.845,0.156,0.228,0.186,0.624,0.858,0.634,0.366,0.682,0.517,0.676,0.359,0.449,0.498,0.653,none,P042,2025-12-27
H03461,30,25-34,Lewisham,families,young_professionals,0.13,0.439,0.261,0.865,0.279,0.707,0.309,0.516,0.875,0.662,0.669,0.498,0.646,0.734,0.646,0.392,vegan,P042,2025-12-27
H03462,32,25-34,Islington,families,young_professionals,0.214,0.483,0.462,0.926,0.135,0.689,0.52,0.417,0.596,0.769,0.403,0.485,0.469,0.725,0.53,0.385,vegetarian,P042,2025-12-27
H03463,31,25-34,Westminster,families,fitness,0.203,0.004,0.393,0.962,0.124,0.767,0.377,0.295,0.83,0.741,0.458,0.737,0.469,0.651,0.5,0.389,none,P042,2025-12-27
H03464,21,18-24,Ealing,foodies,students,0.305,0.143,0.246,0.178,0.829,0.596,0.731,0.488,0.296,0.342,0.671,0.647,0.732,0.67,1.0,0.545,none,P042,2025-12-27
H03465,37,35-44,Wandsworth,families,fitness,0.11,0.427,0.506,0.938,0.474,0.51,0.375,0.455,0.557,0.941,0.659,0.632,0.649,0.636,0.348,0.338,none,P042,2025-12-27
H03466,41,35-44,Harrow,fitness,foodies,0.253,0.246,0.83,0.127,0.525,0.998,0.501,0.264,0.407,0.5,0.793,0.87,0.142,0.179,0.184,0.926,dairy_free,P042,2025-12-27
H03467,23,18-24,Waltham Forest,foodies,fitness,0.365,0.048,0.675,0.526,0.899,0.715,0.899,0.655,0.267,0.309,0.603,0.703,0.641,0.446,0.879,0.434,vegetarian,P042,2025-12-27
H03468,37,35-44,Ealing,families,young_professionals,0.46,0.524,0.257,0.746,0.2,0.612,0.365,0.268,0.715,0.816,0.698,0.658,0.644,0.723,0.48,0.399,none,P042,2025-12-27
H03469,26,25-34,Lewisham,foodies,families,0.401,0.345,0.187,0.523,0.736,0.594,0.962,0.443,0.19,0.353,0.677,0.625,0.79,0.504,0.862,0.413,none,P042,2025-12-27
H03470,40,35-44,Ealing,foodies,families,0.32,0.314,0.219,0.403,0.948,0.464,0.761,0.565,0.111,0.581,0.843,0.712,0.794,0.753,0.876,0.357,none,P042,2025-12-27
H03471,25,25-34,Bexley,young_professionals,fitness,0.221,0.846,0.437,0.109,0.272,0.654,0.798,0.684,0.641,0.962,0.655,0.666,0.786,0.458,0.69,0.357,gluten_free,P042,2025-12-27
H03472,23,18-24,Ealing,fitness,families,0.257,0.069,0.824,0.37,0.202,0.926,0.341,0.559,0.491,0.601,0.777,0.854,0.308,0.376,0.439,0.918,gluten_free,P042,2025-12-27
H03473,25,25-34,Ealing,young_professionals,foodies,0.379,0.969,0.257,0.497,0.524,0.537,0.662,0.534,0.521,1.0,0.838,0.78,0.629,0.546,0.763,0.811,none,P042,2025-12-27
H03474,39,35-44,Brent,families,fitness,0.19,0.277,0.555,0.925,0.224,0.585,0.332,0.526,0.782,0.77,0.363,0.535,0.403,0.855,0.608,0.356,none,P042,2025-12-27
H03475,32,25-34,Redbridge,fitness,students,0.278,0.101,0.791,0.151,0.149,0.95,0.579,0.565,0.631,0.599,0.598,0.666,0.642,0.224,0.505,0.736,none,P042,2025-12-27
H03476,39,35-44,Waltham Forest,families,students,0.273,0.147,0.2,0.773,0.25,0.421,0.339,0.232,0.973,0.765,0.647,0.425,0.557,0.882,0.562,0.551,gluten_free,P042,2025-12-27
H03477,28,25-34,Ealing,young_professionals,students,0.377,0.877,0.363,0.102,0.159,0.591,0.621,0.574,0.578,0.888,0.625,0.757,0.541,0.482,0.312,0.574,none,P042,2025-12-27
H03478,35,35-44,Croydon,families,students,0.418,0.261,0.322,0.946,0.405,0.801,0.244,0.472,0.479,0.831,0.531,0.455,0.517,0.742,0.457,0.171,none,P042,2025-12-27
H03479,32,25-34,Ealing,young_professionals,foodies,0.24,0.877,0.307,0.373,0.398,0.56,0.541,0.831,0.659,0.832,0.676,0.834,0.673,0.696,0.448,0.628,none,P042,2025-12-27
H03480,21,18-24,Bexley,fitness,young_professionals,0.024,0.226,0.791,0.2,0.218,0.773,0.574,0.382,0.623,0.547,0.608,0.581,0.402,0.237,0.232,0.708,dairy_free,P042,2025-12-27
H03481,41,35-44,Wandsworth,families,foodies,0.192,0.193,0.274,0.815,0.3,0.789,0.468,0.409,0.581,0.695,0.474,0.331,0.487,0.663,0.333,0.462,none,P042,2025-12-27
H03482,40,35-44,Enfield,families,fitness,0.346,0.19,0.57,0.863,0.05,0.591,0.365,0.408,0.821,0.833,0.393,0.48,0.451,0.925,0.383,0.374,dairy_free,P042,2025-12-27
H03483,35,35-44,Islington,families,students,0.54,0.273,0.269,0.924,0.231,0.733,0.282,0.426,0.784,0.813,0.36,0.546,0.433,0.876,0.628,0.186,none,organic,2025-12-27
H03484,25,25-34,Hounslow,foodies,students,0.39,0.299,0.269,0.0,0.791,0.544,0.838,0.659,0.206,0.285,0.755,0.725,0.609,0.502,0.915,0.292,none,organic,2025-12-27
H03485,27,25-34,Hammersmith and Fulham,young_professionals,foodies,0.272,0.904,0.29,0.491,0.498,0.569,0.665,0.698,0.315,0.833,0.729,0.93,0.545,0.434,0.532,0.26,none,organic,2025-12-27
H03486,39,35-44,Tower Hamlets,fitness,students,0.227,0.207,0.776,0.131,0.211,0.898,0.472,0.459,0.487,0.701,0.647,0.618,0.385,0.394,0.388,0.814,vegetarian,organic,2025-12-27
H03487,22,18-24,Sutton,young_professionals,fitness,0.3,0.886,0.434,0.055,0.344,0.437,0.688,0.671,0.336,0.912,0.653,0.751,0.547,0.552,0.821,0.539,none,organic,2025-12-28
H03488,23,18-24,Ealing,students,young_professionals,0.905,0.418,0.304,0.124,0.229,0.537,0.773,0.652,0.863,0.596,0.537,0.793,0.763,0.756,0.641,0.445,none,organic,2025-12-28
H03489,37,35-44,Waltham Forest,families,fitness,0.141,0.239,0.38,0.919,0.078,0.544,0.294,0.577,0.666,0.768,0.532,0.472,0.545,0.921,0.599,0.174,none,organic,2025-12-29
H03490,25,25-34,Westminster,students,young_professionals,0.749,0.481,0.232,0.293,0.323,0.491,0.666,0.804,1.0,0.763,0.68,0.905,0.713,0.71,0.453,0.294,none,organic,2025-12-29
H03491,26,25-34,Southwark,young_professionals,fitness,0.303,0.962,0.396,0.3,0.275,0.491,0.637,0.62,0.484,0.927,0.743,0.949,0.606,0.57,0.753,0.671,none,organic,2025-12-29
H03492,33,25-34,Tower Hamlets,foodies,families,0.322,0.055,0.185,0.425,0.968,0.604,0.925,0.515,0.343,0.4,0.668,0.548,0.696,0.623,0.877,0.569,none,organic,2025-12-30
H03493,37,35-44,Harrow,young_professionals,families,0.113,0.809,0.283,0.289,0.206,0.711,0.73,0.678,0.369,0.968,0.607,0.855,0.603,0.46,0.417,0.662,gluten_free|dairy_free,organic,2025-12-31
H03494,27,25-34,Redbridge,young_professionals,foodies,0.293,0.805,0.091,0.268,0.53,0.556,0.826,0.65,0.45,0.605,0.44,0.874,0.762,0.575,0.934,0.619,vegetarian,organic,2025-12-31
H03495,31,25-34,Brent,fitness,students,0.552,0.317,0.774,0.14,0.209,0.885,0.498,0.851,0.548,0.645,0.518,0.855,0.26,0.341,0.351,0.869,none,organic,2026-01-01
H03496,24,18-24,Lambeth,fitness,students,0.398,0.253,0.954,0.293,0.262,0.986,0.416,0.632,0.366,0.855,0.668,0.784,0.353,0.301,0.674,0.769,none,organic,2026-01-02
H03497,44,35-44,Sutton,foodies,fitness,0.197,0.208,0.455,0.17,0.782,0.741,1.0,0.495,0.271,0.484,0.796,0.594,0.662,0.711,0.913,0.543,gluten_free,organic,2026-01-02
H03498,26,25-34,Westminster,young_professionals,families,0.166,0.729,0.328,0.599,0.162,0.634,0.662,0.652,0.401,0.855,0.555,0.925,0.617,0.495,0.384,0.52,vegan,organic,2026-01-02
H03499,40,35-44,Lewisham,foodies,fitness,0.326,0.383,0.412,0.212,0.803,0.567,0.743,0.727,0.29,0.305,0.74,0.83,0.819,0.557,1.0,0.547,vegetarian|gluten_free,P043,2026-01-03
H03500,32,25-34,Ealing,fitness,young_professionals,0.0,0.487,0.782,0.019,0.029,0.877,0.313,0.492,0.296,0.516,0.663,0.498,0.209,0.089,0.443,1.0,none,P043,2026-01-03
H03501,25,25-34,Brent,foodies,students,0.484,0.193,0.4,0.296,0.779,0.464,0.944,0.682,0.283,0.342,0.899,0.556,0.636,0.677,1.0,0.371,none,P043,2026-01-03
H03502,24,18-24,Ealing,foodies,students,0.642,0.121,0.134,0.351,0.772,0.761,0.919,0.473,0.174,0.209,0.686,0.655,0.726,0.735,0.701,0.399,dairy_free,P043,2026-01-03
H03503,22,18-24,Ealing,young_professionals,fitness,0.368,0.869,0.416,0.346,0.259,0.709,0.719,0.663,0.419,0.948,0.541,0.764,0.627,0.389,0.626,0.467,none,P043,2026-01-03
H03504,39,35-44,Hammersmith and Fulham,families,fitness,0.323,0.17,0.457,0.954,0.406,0.533,0.345,0.344,0.685,0.839,0.388,0.486,0.529,0.753,0.43,0.208,none,P043,2026-01-03
H03505,29,25-34,Hillingdon,young_professionals,foodies,0.191,0.719,0.44,0.168,0.495,0.715,0.601,0.586,0.41,0.998,0.647,0.832,0.629,0.648,0.414,0.601,nut_allergy,P043,2026-01-03
H03506,20,18-24,Merton,students,foodies,0.798,0.336,0.479,0.0,0.523,0.508,0.484,0.678,0.977,0.659,0.462,0.883,0.975,0.75,0.603,0.732,none,P043,2026-01-03
H03507,29,25-34,Harrow,young_professionals,families,0.082,0.782,0.251,0.308,0.306,0.374,0.657,0.699,0.468,0.958,0.505,0.693,0.76,0.54,0.622,0.904,none,P043,2026-01-03
H03508,33,25-34,Greenwich,families,young_professionals,0.257,0.453,0.386,0.671,0.354,0.708,0.242,0.248,0.64,0.719,0.605,0.368,0.781,0.634,0.489,0.351,none,P043,2026-01-03
H03509,31,25-34,Ealing,young_professionals,students,0.639,0.886,0.347,0.287,0.447,0.517,0.648,0.609,0.411,0.821,0.507,0.754,0.542,0.478,0.594,0.34,none,P043,2026-01-03
H03510,40,35-44,Lewisham,families,young_professionals,0.222,0.314,0.119,0.748,0.047,0.652,0.524,0.45,0.493,0.754,0.504,0.647,0.588,0.577,0.484,0.266,none,P043,2026-01-03
H03511,32,25-34,Ealing,foodies,fitness,0.301,0.357,0.453,0.258,0.783,0.599,1.0,0.592,0.274,0.354,0.682,0.463,0.491,0.513,1.0,0.54,none,P043,2026-01-03
H03512,30,25-34,Richmond upon Thames,young_professionals,fitness,0.191,0.725,0.414,0.354,0.31,0.649,0.81,0.822,0.376,0.834,0.391,0.455,0.713,0.448,0.363,0.51,none,P043,2026-01-03
H03513,22,18-24,Harrow,young_professionals,students,0.485,0.775,0.341,0.306,0.298,0.61,0.81,0.603,0.515,0.829,0.742,0.581,0.806,0.486,0.853,0.702,none,P043,2026-01-03
H03514,41,35-44,Enfield,families,fitness,0.402,0.279,0.415,0.852,0.203,0.765,0.424,0.385,0.955,0.758,0.572,0.696,0.783,0.835,0.392,0.364,none,P043,2026-01-03
H03515,37,35-44,Ealing,young_professionals,students,0.742,0.781,0.428,0.178,0.281,0.641,0.631,0.481,0.317,0.689,0.619,0.652,0.768,0.579,0.38,0.601,none,P043,2026-01-03
H03516,18,18-24,Ealing,students,fitness,0.964,0.158,0.583,0.412,0.251,0.479,0.809,0.98,0.946,0.713,0.4,0.725,0.692,0.735,0.393,0.609,none,P043,2026-01-03
H03517,30,25-34,Ealing,young_professionals,families,0.144,0.861,0.249,0.37,0.183,0.454,0.714,0.712,0.485,0.939,0.665,0.786,0.752,0.505,0.663,0.653,none,P043,2026-01-03
H03518,24,18-24,Harrow,young_professionals,families,0.338,0.767,0.409,0.412,0.209,0.452,0.625,0.89,0.645,0.971,0.604,0.84,0.604,0.225,0.532,0.593,none,P043,2026-01-03
H03519,46,45+,Hammersmith and Fulham,families,students,0.305,0.149,0.271,0.786,0.283,0.615,0.352,0.396,0.603,0.783,0.458,0.698,0.552,0.823,0.588,0.307,none,P043,2026-01-03
H03520,32,25-34,Ealing,young_professionals,fitness,0.087,0.81,0.391,0.27,0.194,0.518,0.669,0.71,0.352,0.794,0.57,0.644,0.782,0.464,0.586,0.664,none,P043,2026-01-03
H03521,48,45+,Enfield,foodies,families,0.246,0.267,0.441,0.588,0.949,0.616,0.908,0.637,0.307,0.283,0.995,0.676,0.856,0.653,1.0,0.307,gluten_free,P043,2026-01-03
H03522,35,35-44,Barnet,families,students,0.34,0.263,0.086,0.92,0.242,0.755,0.345,0.449,0.811,0.63,0.525,0.551,0.624,0.594,0.584,0.356,none,P043,2026-01-03
H03523,21,18-24,Lewisham,foodies,young_professionals,0.382,0.388,0.237,0.077,0.93,0.58,1.0,0.508,0.273,0.455,0.825,0.704,0.747,0.645,0.922,0.532,vegetarian,P043,2026-01-03
H03524,33,25-34,Ealing,families,young_professionals,0.092,0.208,0.206,0.88,0.124,0.634,0.275,0.283,0.658,0.672,0.432,0.528,0.471,0.818,0.603,0.246,none,P043,2026-01-03
H03525,21,18-24,Hillingdon,students,foodies,0.999,0.043,0.536,0.498,0.54,0.525,0.826,0.787,0.697,0.549,0.598,0.639,0.83,0.604,0.613,0.437,none,P043,2026-01-03
H03526,31,25-34,Lambeth,young_professionals,fitness,0.16,0.801,0.461,0.435,0.177,0.579,0.697,0.649,0.37,0.792,0.568,0.848,0.569,0.349,0.561,0.598,none,P043,2026-01-03
H03527,27,25-34,Ealing,young_professionals,foodies,0.167,0.826,0.363,0.22,0.377,0.712,0.721,0.596,0.556,1.0,0.45,0.745,0.73,0.354,0.417,0.764,none,P043,2026-01-03
H03528,30,25-34,Redbridge,families,students,0.349,0.09,0.147,0.762,0.249,0.544,0.386,0.443,0.598,0.81,0.574,0.531,0.8,0.765,0.389,0.366,none,P043,2026-01-03
H03529,32,25-34,Ealing,families,fitness,0.0,0.29,0.441,0.976,0.342,0.552,0.302,0.487,0.555,0.653,0.631,0.457,0.576,0.705,0.732,0.417,none,P043,2026-01-03
H03530,31,25-34,Lewisham,young_professionals,students,0.577,0.986,0.325,0.304,0.436,0.756,0.782,0.587,0.314,0.914,0.492,0.632,0.675,0.638,0.56,0.625,none,P043,2026-01-03
H03531,33,25-34,Ealing,families,fitness,0.243,0.057,0.41,0.945,0.309,0.672,0.469,0.393,0.584,0.684,0.785,0.538,0.861,0.706,0.586,0.196,none,P043,2026-01-03
H03532,26,25-34,Newham,young_professionals,families,0.196,0.856,0.317,0.584,0.264,0.591,0.57,0.596,0.552,0.755,0.669,0.56,0.568,0.759,0.549,0.805,none,P043,2026-01-03
H03533,35,35-44,Camden,families,foodies,0.0,0.344,0.357,0.768,0.509,0.53,0.371,0.304,0.678,0.709,0.514,0.284,0.22,0.851,0.635,0.043,none,P043,2026-01-03
H03534,24,18-24,Lewisham,young_professionals,families,0.435,0.783,0.459,0.562,0.45,0.435,0.787,0.671,0.363,0.927,0.566,0.591,0.81,0.302,0.617,0.637,dairy_free,P043,2026-01-03
H03535,30,25-34,Ealing,young_professionals,fitness,0.196,0.806,0.451,0.333,0.0,0.702,0.863,0.796,0.505,0.823,0.643,0.746,0.744,0.482,0.708,0.656,none,P043,2026-01-03
H03536,29,25-34,Hammersmith and Fulham,fitness,students,0.367,0.273,0.97,0.115,0.351,0.87,0.459,0.632,0.567,0.618,0.488,0.5,0.216,0.224,0.388,0.7,none,P043,2026-01-03
H03537,18,18-24,Wandsworth,students,foodies,0.738,0.12,0.389,0.109,0.418,0.521,0.538,0.782,1.0,0.708,0.515,0.691,0.619,0.771,0.71,0.499,vegetarian,organic,2026-01-03
H03538,25,25-34,Redbridge,young_professionals,foodies,0.023,0.903,0.229,0.32,0.345,0.576,0.874,0.812,0.501,0.79,0.633,0.623,0.731,0.629,0.449,1.0,none,organic,2026-01-03
H03539,30,25-34,Hillingdon,young_professionals,foodies,0.227,0.99,0.194,0.204,0.403,0.662,0.641,0.727,0.488,0.869,0.546,0.554,0.599,0.643,0.391,0.463,none,organic,2026-01-04
H03540,24,18-24,Enfield,students,fitness,0.883,0.067,0.378,0.268,0.119,0.298,0.836,0.725,0.699,0.66,0.481,0.808,0.671,0.736,0.515,0.556,vegetarian,organic,2026-01-04
H03541,37,35-44,Hackney,fitness,young_professionals,0.435,0.442,0.852,0.29,0.179,1.0,0.511,0.649,0.463,0.709,0.664,0.713,0.325,0.348,0.422,0.756,vegan,organic,2026-01-05
H03542,22,18-24,Haringey,young_professionals,students,0.605,0.876,0.282,0.371,0.398,0.475,0.721,0.466,0.309,0.902,0.551,0.732,0.841,0.671,0.628,0.523,none,organic,2026-01-05
H03543,28,25-34,Greenwich,foodies,young_professionals,0.241,0.509,0.154,0.427,0.929,0.549,0.903,0.547,0.33,0.427,0.698,0.601,0.849,0.649,0.933,0.324,vegetarian,organic,2026-01-05
H03544,18,18-24,Bexley,students,foodies,0.836,0.304,0.28,0.557,0.585,0.559,0.745,0.769,0.8,0.699,0.511,0.508,0.722,0.748,0.507,0.487,vegetarian|dairy_free,organic,2026-01-05
H03545,21,18-24,Lambeth,foodies,fitness,0.214,0.108,0.406,0.309,0.843,0.522,0.82,0.683,0.176,0.332,0.662,0.815,0.617,0.447,0.931,0.381,none,organic,2026-01-07
H03546,28,25-34,Camden,young_professionals,students,0.418,0.958,0.213,0.111,0.367,0.656,0.684,0.777,0.489,0.922,0.582,0.641,0.718,0.628,0.526,0.624,none,organic,2026-01-07
H03547,22,18-24,Ealing,young_professionals,foodies,0.325,0.966,0.146,0.228,0.453,0.552,0.627,0.744,0.465,0.795,0.609,0.805,0.456,0.602,0.754,0.561,gluten_free,organic,2026-01-07
H03548,34,25-34,Tower Hamlets,young_professionals,students,0.452,0.839,0.255,0.36,0.433,0.639,0.588,0.53,0.376,0.818,0.617,0.697,0.647,0.379,0.745,0.484,none,organic,2026-01-08
H03549,26,25-34,Lewisham,foodies,young_professionals,0.354,0.544,0.172,0.127,0.79,0.472,0.865,0.574,0.044,0.302,0.731,0.546,0.787,0.695,0.967,0.261,dairy_free,organic,2026-01-08
H03550,36,35-44,Lambeth,families,fitness,0.147,0.334,0.608,0.929,0.16,0.722,0.225,0.38,0.653,0.861,0.65,0.338,0.361,0.568,0.551,0.076,none,organic,2026-01-09
H03551,35,35-44,Southwark,fitness,students,0.496,0.173,1.0,0.0,0.443,0.928,0.361,0.544,0.564,0.531,0.464,0.633,0.421,0.375,0.444,0.796,none,organic,2026-01-09
H03552,28,25-34,Barking and Dagenham,young_professionals,fitness,0.247,0.883,0.313,0.117,0.163,0.666,0.609,0.33,0.586,0.731,0.766,0.682,0.423,0.437,0.644,0.836,none,organic,2026-01-09
H03553,21,18-24,Haringey,students,foodies,0.731,0.138,0.116,0.187,0.325,0.395,0.805,0.834,1.0,0.581,0.543,0.669,0.502,0.803,0.413,0.637,none,organic,2026-01-09
H03554,26,25-34,Lewisham,fitness,foodies,0.316,0.399,0.787,0.107,0.497,0.819,0.565,0.692,0.271,0.694,0.454,0.754,0.529,0.176,0.253,0.916,vegetarian,organic,2026-01-10
H03555,27,25-34,Lewisham,young_professionals,families,0.196,0.91,0.185,0.349,0.293,0.722,0.534,0.563,0.429,0.941,0.51,0.82,0.321,0.531,0.456,0.615,none,organic,2026-01-10
H03556,31,25-34,Newham,fitness,families,0.081,0.205,0.771,0.401,0.151,0.977,0.563,0.504,0.452,0.632,0.423,0.651,0.504,0.198,0.566,0.746,none,organic,2026-01-11
H03557,31,25-34,Lewisham,young_professionals,foodies,0.288,0.814,0.145,0.273,0.324,0.418,0.622,0.618,0.53,0.782,0.662,0.905,0.583,0.59,0.754,0.657,none,organic,2026-01-11
H03558,22,18-24,Hillingdon,students,families,0.875,0.299,0.317,0.331,0.322,0.677,0.678,0.744,0.867,0.865,0.604,0.803,0.719,0.65,0.335,0.514,nut_allergy,organic,2026-01-12
H03559,21,18-24,Barking and Dagenham,students,foodies,0.849,0.298,0.418,0.257,0.453,0.61,0.672,0.713,0.706,0.675,0.5,0.708,0.65,0.948,0.38,0.48,dairy_free,organic,2026-01-13
H03560,31,25-34,Brent,foodies,families,0.251,0.382,0.244,0.444,0.884,0.494,0.809,0.619,0.395,0.214,0.828,0.756,0.907,0.553,1.0,0.424,none,organic,2026-01-13
H03561,40,35-44,Croydon,foodies,students,0.58,0.472,0.235,0.255,0.872,0.555,0.961,0.567,0.302,0.308,0.717,0.685,0.373,0.761,0.931,0.283,none,organic,2026-01-13
H03562,33,25-34,Islington,foodies,young_professionals,0.39,0.586,0.166,0.29,0.758,0.642,0.881,0.525,0.338,0.325,0.804,0.789,0.609,0.548,1.0,0.567,none,organic,2026-01-15
H03563,31,25-34,Croydon,young_professionals,fitness,0.318,0.799,0.394,0.13,0.35,0.567,0.531,0.515,0.292,0.891,0.793,0.891,0.76,0.747,0.682,0.788,none,organic,2026-01-15
H03564,39,35-44,Hounslow,families,fitness,0.321,0.326,0.348,0.981,0.0,0.518,0.2,0.547,0.665,0.78,0.448,0.693,0.7,0.683,0.684,0.43,none,organic,2026-01-15
H03565,38,35-44,Tower Hamlets,foodies,students,0.402,0.167,0.108,0.315,0.694,0.499,0.948,0.475,0.206,0.437,0.74,0.597,0.681,0.806,1.0,0.235,vegan,organic,2026-01-15
H03566,18,18-24,Wandsworth,students,foodies,0.832,0.343,0.407,0.183,0.576,0.504,0.884,0.702,0.817,0.708,0.635,0.479,0.766,0.949,0.48,0.618,gluten_free,organic,2026-01-15
H03567,32,25-34,Southwark,foodies,young_professionals,0.198,0.518,0.475,0.149,0.855,0.53,0.962,0.658,0.482,0.487,0.822,0.611,0.604,0.733,1.0,0.309,dairy_free,organic,2026-01-15
H03568,40,35-44,Brent,fitness,students,0.441,0.319,0.828,0.371,0.393,0.923,0.651,0.595,0.321,0.549,0.5,0.777,0.249,0.429,0.554,1.0,none,organic,2026-01-15
H03569,30,25-34,Hackney,fitness,foodies,0.323,0.084,0.703,0.205,0.34,0.891,0.47,0.639,0.624,0.594,0.539,0.755,0.324,0.177,0.278,0.778,vegetarian|gluten_free,organic,2026-01-17
H03570,25,25-34,Kensington and Chelsea,young_professionals,fitness,0.14,0.811,0.406,0.308,0.17,0.712,0.707,0.575,0.311,0.658,0.612,0.743,0.846,0.6,0.665,0.587,none,organic,2026-01-17
H03571,30,25-34,Havering,fitness,young_professionals,0.02,0.329,1.0,0.315,0.215,0.991,0.405,0.582,0.525,0.545,0.551,0.868,0.38,0.26,0.37,0.863,none,organic,2026-01-17
H03572,39,35-44,Kensington and Chelsea,families,students,0.438,0.262,0.365,0.748,0.252,0.473,0.296,0.175,0.529,0.76,0.393,0.318,0.606,0.759,0.56,0.378,none,organic,2026-01-18
H03573,36,35-44,Ealing,fitness,students,0.587,0.0,0.855,0.254,0.215,1.0,0.479,0.603,0.27,0.437,0.709,0.683,0.552,0.432,0.166,0.978,none,organic,2026-01-19
H03574,30,25-34,Redbridge,fitness,foodies,0.273,0.357,0.903,0.348,0.423,1.0,0.664,0.489,0.414,0.548,0.472,0.703,0.323,0.371,0.28,0.766,none,organic,2026-01-19
H03575,30,25-34,Haringey,young_professionals,students,0.389,0.965,0.221,0.194,0.151,0.674,0.609,0.811,0.392,0.882,0.635,0.855,0.476,0.439,0.556,0.785,none,organic,2026-01-19
H03576,22,18-24,Tower Hamlets,students,young_professionals,0.935,0.367,0.206,0.346,0.198,0.453,0.719,0.794,0.947,0.767,0.439,0.699,0.723,0.772,0.497,0.538,none,organic,2026-01-20
H03577,30,25-34,Wandsworth,foodies,students,0.365,0.234,0.164,0.237,0.883,0.505,0.78,0.788,0.294,0.359,0.694,0.465,0.94,0.454,0.835,0.365,gluten_free,organic,2026-01-21
H03578,34,25-34,Redbridge,foodies,families,0.133,0.323,0.262,0.511,0.965,0.627,1.0,0.669,0.124,0.287,0.642,0.711,0.818,0.427,1.0,0.298,none,organic,2026-01-22
H03579,36,35-44,Wandsworth,foodies,young_professionals,0.0,0.349,0.105,0.191,0.769,0.559,0.898,0.612,0.236,0.654,0.714,0.697,0.465,0.525,0.953,0.247,gluten_free,organic,2026-01-22
H03580,33,25-34,Westminster,foodies,students,0.332,0.206,0.233,0.183,0.895,0.645,0.715,0.613,0.226,0.218,0.772,0.5,0.729,0.775,0.986,0.372,vegetarian,P044,2026-01-23
H03581,33,25-34,Westminster,young_professionals,foodies,0.254,0.811,0.16,0.166,0.434,0.614,0.682,0.696,0.551,0.846,0.543,0.764,0.553,0.567,0.6,0.552,vegetarian,P044,2026-01-23
H03582,32,25-34,Waltham Forest,young_professionals,foodies,0.169,0.871,0.244,0.385,0.409,0.464,0.739,0.601,0.461,0.842,0.562,0.777,0.635,0.474,0.468,0.693,none,P044,2026-01-23
H03583,47,45+,Westminster,families,students,0.493,0.062,0.394,0.878,0.212,0.618,0.415,0.49,0.466,0.46,0.584,0.421,0.441,0.705,0.849,0.19,none,P044,2026-01-23
H03584,23,18-24,Islington,young_professionals,students,0.208,0.838,0.065,0.191,0.136,0.383,0.708,0.875,0.529,0.833,0.484,0.946,0.631,0.469,0.522,0.899,none,P044,2026-01-23
H03585,40,35-44,Westminster,families,foodies,0.27,0.29,0.236,0.737,0.307,0.739,0.536,0.214,0.708,0.696,0.459,0.241,0.643,0.692,0.435,0.494,dairy_free,P044,2026-01-23
H03586,23,18-24,Harrow,fitness,young_professionals,0.164,0.52,0.879,0.493,0.174,0.665,0.542,0.61,0.615,0.571,0.597,0.509,0.206,0.362,0.502,1.0,none,P044,2026-01-23
H03587,29,25-34,Hillingdon,fitness,students,0.435,0.102,0.869,0.228,0.282,0.649,0.392,0.684,0.45,0.718,0.664,0.693,0.39,0.22,0.617,0.785,none,P044,2026-01-23
H03588,37,35-44,Hounslow,foodies,students,0.282,0.078,0.128,0.184,0.921,0.379,0.745,0.693,0.099,0.349,0.659,0.669,0.683,0.63,0.902,0.485,none,P044,2026-01-23
H03589,34,25-34,Westminster,young_professionals,families,0.246,0.917,0.329,0.596,0.292,0.605,0.823,0.773,0.445,0.95,0.558,0.651,0.491,0.534,0.558,0.77,none,P044,2026-01-23
H03590,29,25-34,Westminster,young_professionals,foodies,0.309,0.839,0.033,0.123,0.418,0.629,0.698,0.666,0.513,0.921,0.645,0.357,0.788,0.574,0.437,0.674,none,P044,2026-01-23
H03591,26,25-34,Hackney,young_professionals,fitness,0.134,0.909,0.386,0.207,0.314,0.685,0.739,0.735,0.333,0.843,0.639,0.741,0.95,0.527,0.386,0.657,vegetarian,P044,2026-01-23
H03592,26,25-34,Westminster,young_professionals,foodies,0.294,1.0,0.291,0.21,0.465,0.637,0.609,0.828,0.42,0.875,0.52,0.643,0.65,0.562,0.704,0.447,none,P044,2026-01-23
H03593,34,25-34,Sutton,families,young_professionals,0.175,0.476,0.413,0.893,0.336,0.48,0.405,0.419,0.55,0.792,0.52,0.393,0.478,0.65,0.401,0.15,none,organic,2026-01-23
H03594,37,35-44,Lambeth,families,young_professionals,0.104,0.484,0.167,0.707,0.307,0.844,0.326,0.419,0.607,0.673,0.461,0.288,0.471,0.927,0.57,0.11,none,organic,2026-01-23
H03595,33,25-34,Wandsworth,foodies,fitness,0.058,0.256,0.429,0.0,0.74,0.484,0.846,0.604,0.113,0.229,0.695,0.708,0.695,0.682,0.843,0.553,none,organic,2026-01-23
H03596,38,35-44,Barking and Dagenham,fitness,students,0.397,0.264,0.805,0.306,0.363,0.925,0.482,0.55,0.62,0.796,0.453,0.565,0.42,0.254,0.172,0.946,none,organic,2026-01-23
H03597,23,18-24,Westminster,fitness,foodies,0.383,0.406,0.891,0.27,0.556,0.916,0.496,0.627,0.51,0.725,0.718,0.684,0.605,0.295,0.43,0.893,none,organic,2026-01-23
H03598,40,35-44,Lambeth,families,young_professionals,0.198,0.423,0.338,0.925,0.152,0.692,0.326,0.486,0.791,0.717,0.472,0.533,0.625,0.558,0.528,0.254,none,organic,2026-01-24
H03599,30,25-34,Camden,young_professionals,families,0.238,0.935,0.301,0.533,0.257,0.417,0.708,0.575,0.388,0.937,0.588,0.747,0.639,0.503,0.504,0.45,none,organic,2026-01-24
H03600,26,25-34,Barking and Dagenham,young_professionals,families,0.215,0.835,0.0,0.753,0.578,0.669,0.612,0.654,0.408,1.0,0.707,0.659,0.805,0.595,0.732,0.763,none,organic,2026-01-24
H03601,22,18-24,Hounslow,students,young_professionals,0.896,0.599,0.308,0.201,0.192,0.55,0.782,0.884,0.929,0.689,0.546,0.742,0.739,0.581,0.692,0.45,none,organic,2026-01-24
H03602,36,35-44,Hackney,families,fitness,0.461,0.633,0.641,0.773,0.624,0.746,0.333,0.344,0.752,0.784,0.507,0.448,0.674,0.669,0.33,0.189,vegetarian,organic,2026-01-24
H03603,23,18-24,Tower Hamlets,young_professionals,fitness,0.391,0.918,0.455,0.332,0.381,0.475,0.685,0.768,0.433,0.764,0.656,0.687,0.697,0.558,0.478,0.779,vegetarian,organic,2026-01-25
H03604,36,35-44,Tower Hamlets,fitness,foodies,0.294,0.346,0.673,0.0,0.423,0.763,0.413,0.444,0.478,0.815,0.678,0.799,0.447,0.121,0.484,0.937,none,organic,2026-01-25
H03605,24,18-24,Brent,students,fitness,0.918,0.134,0.539,0.217,0.224,0.396,0.822,0.761,1.0,0.814,0.404,0.541,0.728,0.637,0.367,0.452,none,organic,2026-01-26
H03606,22,18-24,Westminster,students,fitness,0.813,0.307,0.311,0.013,0.215,0.426,0.854,0.871,1.0,0.593,0.642,0.741,0.712,0.792,0.592,0.515,none,organic,2026-01-26
H03607,32,25-34,Ealing,young_professionals,fitness,0.407,0.708,0.51,0.405,0.254,0.658,0.879,0.578,0.477,0.775,0.674,0.69,0.438,0.695,0.592,0.819,none,organic,2026-01-26
H03608,38,35-44,Hillingdon,fitness,families,0.304,0.188,0.774,0.351,0.163,0.961,0.533,0.48,0.537,0.58,0.49,0.874,0.54,0.189,0.411,0.736,vegetarian,organic,2026-01-26
H03609,24,18-24,Sutton,young_professionals,foodies,0.184,0.843,0.225,0.153,0.438,0.672,0.685,0.773,0.488,1.0,0.562,0.633,0.873,0.688,0.377,0.705,none,organic,2026-01-27
H03610,30,25-34,Lewisham,young_professionals,students,0.556,0.887,0.158,0.026,0.28,0.507,0.856,0.728,0.411,0.855,0.702,0.666,0.682,0.527,0.753,0.613,none,organic,2026-01-28
H03611,37,35-44,Wandsworth,foodies,young_professionals,0.39,0.397,0.235,0.169,0.811,0.651,0.853,0.671,0.211,0.365,0.793,0.728,0.683,0.47,0.948,0.546,none,organic,2026-01-30
H03612,33,25-34,Lambeth,young_professionals,families,0.295,0.9,0.239,0.421,0.314,0.444,0.555,0.599,0.56,0.849,0.466,0.715,0.598,0.523,0.687,0.712,none,organic,2026-01-30
H03613,31,25-34,Southwark,young_professionals,foodies,0.414,0.863,0.362,0.326,0.466,0.646,0.709,0.503,0.34,0.813,0.604,0.609,0.399,0.538,0.601,0.754,none,organic,2026-01-31
H03614,24,18-24,Islington,young_professionals,fitness,0.236,0.74,0.255,0.253,0.24,0.516,0.561,0.677,0.379,0.902,0.69,0.755,0.581,0.742,0.649,0.556,none,organic,2026-01-31
H03615,41,35-44,Islington,foodies,families,0.296,0.355,0.205,0.384,0.719,0.522,1.0,0.708,0.309,0.255,0.844,0.685,0.613,0.626,0.973,0.307,none,organic,2026-02-01
H03616,29,25-34,Greenwich,fitness,students,0.336,0.29,0.907,0.302,0.042,1.0,0.561,0.53,0.583,0.753,0.74,0.797,0.579,0.309,0.464,0.781,vegetarian,organic,2026-02-02
H03617,31,25-34,Newham,young_professionals,families,0.234,0.825,0.142,0.39,0.084,0.577,0.824,0.741,0.471,0.908,0.424,0.617,0.715,0.426,0.607,0.605,nut_allergy,organic,2026-02-02
H03618,29,25-34,Lambeth,young_professionals,students,0.423,0.908,0.291,0.401,0.055,0.563,0.625,0.744,0.482,0.878,0.692,0.824,0.813,0.508,0.664,0.81,dairy_free,organic,2026-02-03
H03619,24,18-24,Camden,students,young_professionals,0.901,0.469,0.13,0.312,0.192,0.408,0.86,0.723,0.857,0.772,0.538,0.658,0.913,0.432,0.557,0.297,nut_allergy,organic,2026-02-03
H03620,35,35-44,Tower Hamlets,young_professionals,families,0.195,0.945,0.27,0.403,0.259,0.687,0.649,0.481,0.513,0.718,0.588,0.814,0.885,0.832,0.653,0.394,none,organic,2026-02-04
H03621,40,35-44,Haringey,foodies,students,0.591,0.559,0.0,0.307,0.979,0.617,0.863,0.455,0.398,0.149,0.765,0.612,0.779,0.86,0.729,0.325,none,organic,2026-02-04
H03622,32,25-34,Lambeth,young_professionals,fitness,0.375,0.8,0.416,0.415,0.311,0.604,0.807,0.718,0.431,0.826,0.776,0.646,0.728,0.696,0.468,0.63,vegetarian,organic,2026-02-05
H03623,33,25-34,Southwark,young_professionals,students,0.423,1.0,0.144,0.289,0.407,0.673,0.504,0.537,0.503,1.0,0.542,0.821,0.822,0.607,0.602,0.821,gluten_free,organic,2026-02-05
H03624,27,25-34,Lewisham,families,fitness,0.273,0.361,0.434,0.865,0.286,0.627,0.421,0.514,0.53,0.744,0.501,0.646,0.414,0.824,0.547,0.443,vegetarian|dairy_free,organic,2026-02-05
H03625,25,25-34,Enfield,fitness,young_professionals,0.492,0.554,0.835,0.023,0.309,0.916,0.348,0.874,0.248,0.595,0.623,0.854,0.278,0.078,0.227,1.0,gluten_free,organic,2026-02-06
H03626,19,18-24,Newham,students,families,0.871,0.233,0.156,0.499,0.306,0.445,0.791,0.88,0.863,0.593,0.413,0.579,0.667,0.659,0.295,0.66,none,organic,2026-02-07
H03627,31,25-34,Barnet,young_professionals,fitness,0.168,0.859,0.464,0.381,0.157,0.642,0.646,0.594,0.494,0.67,0.487,0.728,0.634,0.669,0.43,0.596,none,organic,2026-02-07
H03628,26,25-34,Hounslow,fitness,foodies,0.4,0.232,0.818,0.407,0.537,0.946,0.376,0.454,0.579,0.562,0.735,0.609,0.535,0.393,0.356,0.922,none,organic,2026-02-07
H03629,22,18-24,Lambeth,young_professionals,fitness,0.0,0.818,0.41,0.214,0.264,0.66,0.659,0.538,0.503,0.853,0.58,0.784,0.673,0.533,0.367,0.556,gluten_free,organic,2026-02-07
H03630,41,35-44,Ealing,foodies,young_professionals,0.04,0.397,0.134,0.0,0.702,0.545,0.926,0.518,0.37,0.331,0.805,0.463,0.752,0.608,0.75,0.151,vegetarian,organic,2026-02-07
H03631,20,18-24,Bexley,students,foodies,0.85,0.151,0.175,0.128,0.283,0.51,0.708,0.815,0.941,0.61,0.602,0.719,0.76,0.649,0.558,0.353,none,organic,2026-02-09
H03632,31,25-34,Hackney,young_professionals,families,0.167,0.969,0.223,0.33,0.05,0.665,0.785,0.686,0.568,0.884,0.508,1.0,0.55,0.651,0.66,0.777,vegetarian,organic,2026-02-10
H03633,41,35-44,Hillingdon,families,students,0.528,0.096,0.0,0.926,0.408,0.55,0.352,0.341,0.761,0.729,0.539,0.462,0.649,0.915,0.405,0.355,none,organic,2026-02-10
H03634,19,18-24,Tower Hamlets,students,young_professionals,0.787,0.48,0.311,0.193,0.331,0.408,0.905,0.83,0.887,0.797,0.656,0.753,0.866,0.817,0.456,0.669,gluten_free,organic,2026-02-11
H03635,32,25-34,Croydon,young_professionals,foodies,0.17,0.795,0.194,0.086,0.347,0.903,0.524,0.708,0.633,0.748,0.63,0.674,0.609,0.599,0.388,0.529,none,organic,2026-02-11
H03636,38,35-44,Camden,foodies,students,0.549,0.073,0.294,0.45,0.74,0.459,0.818,0.529,0.289,0.342,0.839,0.557,0.878,0.77,1.0,0.605,none,organic,2026-02-11
H03637,25,25-34,Barking and Dagenham,young_professionals,foodies,0.336,0.977,0.224,0.22,0.359,0.676,0.706,0.634,0.269,0.896,0.739,0.582,0.544,0.494,0.566,0.564,none,organic,2026-02-12
H03638,22,18-24,Camden,students,fitness,0.911,0.0,0.335,0.322,0.263,0.366,0.92,0.815,0.762,0.725,0.437,0.734,0.589,0.566,0.536,0.475,vegetarian,organic,2026-02-12
H03639,32,25-34,Camden,fitness,students,0.623,0.092,0.973,0.255,0.139,1.0,0.414,0.456,0.429,0.608,0.495,0.663,0.552,0.308,0.116,1.0,none,organic,2026-02-12
H03640,22,18-24,Westminster,young_professionals,families,0.072,0.886,0.121,0.179,0.145,0.625,0.713,0.716,0.531,0.735,0.575,0.868,0.585,0.569,0.745,0.937,none,organic,2026-02-13
H03641,18,18-24,Southwark,students,foodies,0.952,0.036,0.322,0.306,0.42,0.477,0.699,0.677,0.72,0.458,0.524,0.618,0.66,0.611,0.382,0.418,gluten_free,organic,2026-02-14
H03642,26,25-34,Newham,young_professionals,foodies,0.486,0.641,0.254,0.36,0.495,0.576,0.677,0.686,0.458,0.797,0.687,0.883,0.689,0.716,0.777,0.578,none,organic,2026-02-15
H03643,34,25-34,Islington,young_professionals,fitness,0.167,0.999,0.607,0.351,0.201,0.456,0.588,0.709,0.353,0.931,0.384,0.724,0.583,0.52,0.548,0.694,none,organic,2026-02-15
H03644,21,18-24,Southwark,students,foodies,0.805,0.294,0.0,0.297,0.347,0.424,0.947,0.72,0.836,0.794,0.473,0.805,0.638,0.749,0.561,0.403,none,organic,2026-02-16
H03645,31,25-34,Westminster,young_professionals,families,0.374,0.754,0.431,0.447,0.337,0.637,0.652,0.598,0.587,0.728,0.611,0.867,0.661,0.448,0.67,0.59,none,organic,2026-02-17
H03646,24,18-24,Greenwich,young_professionals,foodies,0.455,0.876,0.213,0.246,0.513,0.453,0.636,0.718,0.274,0.833,0.478,0.692,0.711,0.542,0.683,0.797,none,organic,2026-02-19
H03647,23,18-24,Bexley,students,foodies,0.778,0.306,0.158,0.177,0.587,0.464,0.8,0.77,0.88,0.747,0.69,0.855,0.371,0.549,0.699,0.486,none,organic,2026-02-19
H03648,37,35-44,Lewisham,fitness,young_professionals,0.282,0.626,0.811,0.204,0.349,0.864,0.525,0.465,0.613,0.519,0.698,0.698,0.296,0.214,0.406,0.754,none,organic,2026-02-20
H03649,31,25-34,Ealing,fitness,families,0.42,0.192,0.86,0.453,0.314,0.952,0.536,0.597,0.343,0.692,0.44,0.668,0.633,0.368,0.389,0.8,none,organic,2026-02-20
H03650,24,18-24,Havering,young_professionals,families,0.319,0.917,0.248,0.324,0.194,0.635,0.493,0.463,0.417,0.785,0.593,0.755,0.833,0.506,0.672,0.592,none,organic,2026-02-20
H03651,27,25-34,Sutton,young_professionals,fitness,0.24,0.878,0.442,0.289,0.407,0.777,0.668,0.82,0.31,0.911,0.665,0.591,0.425,0.724,0.49,0.794,none,organic,2026-02-20
H03652,18,18-24,Merton,students,families,0.891,0.207,0.265,0.285,0.171,0.392,0.554,0.677,0.917,0.714,0.689,0.841,0.803,0.665,0.384,0.603,none,organic,2026-02-21
H03653,33,25-34,Croydon,families,fitness,0.265,0.312,0.4,0.896,0.294,0.504,0.264,0.28,0.564,0.756,0.669,0.505,0.742,0.437,0.524,0.418,none,organic,2026-02-21
H03654,39,35-44,Wandsworth,families,young_professionals,0.36,0.48,0.188,0.745,0.324,0.665,0.455,0.529,0.611,0.676,0.393,0.561,0.534,0.89,0.624,0.409,none,organic,2026-02-21
H03655,20,18-24,Tower Hamlets,students,fitness,0.854,0.368,0.478,0.415,0.314,0.526,0.768,0.61,0.814,0.58,0.446,0.622,0.826,0.634,0.29,0.639,none,organic,2026-02-21
H03656,29,25-34,Westminster,young_professionals,families,0.42,0.645,0.093,0.595,0.398,0.539,0.75,0.804,0.586,0.747,0.751,0.711,0.639,0.563,0.852,0.484,none,organic,2026-02-21
H03657,31,25-34,Lambeth,foodies,young_professionals,0.154,0.419,0.132,0.346,0.743,0.636,0.986,0.87,0.31,0.284,0.771,0.823,0.76,0.7,1.0,0.461,none,P045,2026-02-22
H03658,23,18-24,Haringey,young_professionals,families,0.063,0.858,0.138,0.579,0.194,0.532,0.629,0.619,0.531,0.788,0.609,0.798,0.681,0.574,0.432,0.665,vegetarian,P045,2026-02-22
H03659,27,25-34,Westminster,young_professionals,fitness,0.222,0.835,0.446,0.418,0.239,0.615,0.698,0.561,0.527,0.738,0.678,0.802,0.758,0.527,0.647,0.773,none,P045,2026-02-22
H03660,41,35-44,Lambeth,families,foodies,0.423,0.32,0.438,0.844,0.49,0.699,0.41,0.3,0.732,0.733,0.571,0.257,0.491,0.78,0.626,0.334,none,P045,2026-02-22
H03661,31,25-34,Haringey,families,young_professionals,0.233,0.342,0.291,0.83,0.261,0.792,0.166,0.37,0.863,0.948,0.541,0.632,0.693,0.691,0.556,0.247,none,P045,2026-02-22
H03662,37,35-44,Haringey,foodies,students,0.384,0.122,0.279,0.122,0.815,0.69,0.961,0.694,0.344,0.397,0.763,0.597,0.806,0.568,0.964,0.444,none,P045,2026-02-22
H03663,39,35-44,Wandsworth,families,fitness,0.147,0.327,0.417,0.919,0.387,0.552,0.425,0.568,0.806,0.715,0.451,0.449,0.615,0.741,0.377,0.504,none,P045,2026-02-22
H03664,37,35-44,Haringey,young_professionals,fitness,0.051,0.782,0.338,0.301,0.233,0.619,0.673,0.691,0.379,0.859,0.608,0.939,0.863,0.532,0.703,0.669,none,P045,2026-02-22
H03665,38,35-44,Wandsworth,foodies,families,0.428,0.364,0.321,0.456,0.804,0.675,0.886,0.606,0.391,0.339,0.788,0.52,0.742,0.439,0.794,0.34,vegan,P045,2026-02-22
H03666,29,25-34,Haringey,young_professionals,families,0.182,0.965,0.348,0.457,0.166,0.463,0.64,0.64,0.347,0.993,0.65,0.964,0.745,0.382,0.757,0.596,none,P045,2026-02-22
H03667,25,25-34,Haringey,students,foodies,0.872,0.461,0.365,0.298,0.583,0.558,0.819,0.765,0.818,0.843,0.703,0.888,0.593,0.725,0.457,0.73,dairy_free,P045,2026-02-22
H03668,34,25-34,Haringey,foodies,fitness,0.407,0.412,0.552,0.518,0.789,0.674,0.925,0.691,0.238,0.205,0.682,0.754,0.924,0.781,0.93,0.519,none,P045,2026-02-22
H03669,46,45+,Haringey,families,foodies,0.385,0.425,0.019,0.877,0.583,0.7,0.466,0.362,0.743,0.749,0.594,0.615,0.656,0.859,0.569,0.46,none,P045,2026-02-22
H03670,31,25-34,Haringey,young_professionals,students,0.411,0.861,0.375,0.174,0.036,0.602,0.593,0.533,0.483,0.815,0.679,0.905,0.464,0.681,0.485,0.61,none,P045,2026-02-22
H03671,22,18-24,Wandsworth,young_professionals,fitness,0.239,0.851,0.244,0.031,0.006,0.598,0.622,0.634,0.534,0.938,0.636,0.94,0.705,0.589,0.78,0.564,dairy_free,P045,2026-02-22
H03672,19,18-24,Haringey,students,families,0.827,0.025,0.338,0.499,0.159,0.4,0.773,0.822,0.86,0.728,0.512,0.75,0.742,0.581,0.234,0.293,vegan,P045,2026-02-22
H03673,34,25-34,Croydon,families,students,0.263,0.202,0.175,0.742,0.18,0.591,0.279,0.391,0.771,0.832,0.691,0.342,0.475,0.64,0.5,0.221,none,P045,2026-02-22
H03674,38,35-44,Haringey,foodies,students,0.461,0.404,0.348,0.201,0.941,0.562,0.96,0.723,0.455,0.409,0.789,0.817,0.596,0.774,0.966,0.417,none,P045,2026-02-22
H03675,32,25-34,Haringey,families,students,0.521,0.361,0.245,0.714,0.25,0.729,0.286,0.398,0.612,0.812,0.685,0.523,0.664,0.814,0.47,0.507,none,P045,2026-02-22
H03676,28,25-34,Islington,young_professionals,students,0.527,0.757,0.415,0.223,0.269,0.651,0.937,0.583,0.181,0.791,0.634,0.807,0.625,0.42,0.644,0.661,none,organic,2026-02-22
H03677,32,25-34,Greenwich,foodies,families,0.176,0.443,0.108,0.489,0.728,0.655,0.922,0.427,0.214,0.47,0.753,0.63,0.533,0.675,0.935,0.385,none,organic,2026-02-22
H03678,37,35-44,Havering,families,students,0.584,0.003,0.215,0.896,0.282,0.718,0.198,0.286,0.708,0.734,0.572,0.298,0.559,0.719,0.523,0.452,vegan,organic,2026-02-22
H03679,43,35-44,Bromley,foodies,young_professionals,0.441,0.534,0.281,0.217,0.841,0.634,0.759,0.501,0.22,0.309,0.759,0.885,0.795,0.529,0.953,0.335,none,organic,2026-02-23
H03680,21,18-24,Newham,students,fitness,0.904,0.322,0.45,0.364,0.36,0.632,0.785,0.861,0.961,0.817,0.686,0.529,0.908,0.743,0.359,0.421,none,organic,2026-02-24
H03681,30,25-34,Richmond upon Thames,fitness,families,0.246,0.302,0.822,0.488,0.38,0.937,0.708,0.668,0.468,0.714,0.723,0.505,0.28,0.412,0.173,0.909,none,organic,2026-02-25
H03682,23,18-24,Merton,students,families,0.933,0.205,0.125,0.493,0.107,0.283,0.817,0.799,0.901,0.694,0.548,0.642,0.865,0.538,0.277,0.713,none,P046,2026-02-26
H03683,22,18-24,Lambeth,students,families,0.753,0.495,0.438,0.615,0.255,0.349,0.699,0.938,1.0,0.773,0.614,0.668,0.744,0.561,0.302,0.565,none,P046,2026-02-26
H03684,32,25-34,Camden,young_professionals,foodies,0.293,0.78,0.209,0.368,0.402,0.671,0.686,0.51,0.584,0.948,0.462,0.771,0.806,0.513,0.693,0.783,dairy_free,P046,2026-02-26
H03685,23,18-24,Hammersmith and Fulham,students,fitness,0.778,0.275,0.293,0.215,0.133,0.618,0.659,0.87,0.781,0.727,0.413,0.627,0.825,0.695,0.321,0.467,none,P046,2026-02-26
H03686,22,18-24,Camden,students,fitness,0.993,0.27,0.454,0.214,0.285,0.457,0.774,0.876,0.842,0.683,0.669,0.555,0.453,0.672,0.523,0.56,none,P046,2026-02-26
H03687,21,18-24,Camden,students,families,0.729,0.065,0.249,0.412,0.258,0.427,0.568,0.917,0.783,0.797,0.661,0.553,0.602,0.703,0.56,0.478,none,P046,2026-02-26
H03688,23,18-24,Harrow,students,foodies,0.821,0.192,0.145,0.141,0.46,0.373,0.762,0.684,0.869,0.789,0.495,0.572,0.877,0.739,0.429,0.613,none,P046,2026-02-26
H03689,21,18-24,Camden,students,fitness,0.989,0.174,0.579,0.144,0.31,0.484,0.877,0.812,0.843,0.69,0.602,0.74,0.72,0.616,0.579,0.519,none,P046,2026-02-26
H03690,26,25-34,Camden,young_professionals,foodies,0.195,0.916,0.11,0.125,0.526,0.591,0.557,0.443,0.48,0.866,0.625,0.842,0.711,0.728,0.742,0.657,none,P046,2026-02-26
H03691,22,18-24,Camden,students,foodies,0.816,0.438,0.388,0.051,0.532,0.418,0.752,0.715,0.929,0.618,0.6,0.575,0.68,0.629,0.386,0.336,none,P046,2026-02-26
H03692,31,25-34,Camden,foodies,young_professionals,0.07,0.56,0.246,0.406,0.765,0.658,0.84,0.701,0.398,0.213,0.778,0.519,0.799,0.465,0.989,0.489,vegan,P046,2026-02-26
H03693,23,18-24,Camden,students,young_professionals,0.826,0.535,0.135,0.242,0.012,0.498,0.85,0.894,0.787,0.626,0.569,0.725,0.916,0.715,0.542,0.533,none,P046,2026-02-26
H03694,21,18-24,Waltham Forest,students,fitness,0.836,0.342,0.396,0.316,0.0,0.471,0.658,0.891,1.0,0.59,0.531,0.927,0.882,0.556,0.59,0.139,none,P046,2026-02-26
H03695,22,18-24,Brent,students,fitness,0.924,0.32,0.388,0.226,0.21,0.494,0.663,0.952,0.922,0.516,0.578,0.588,0.747,0.732,0.531,0.63,none,P046,2026-02-26
H03696,26,25-34,Camden,students,fitness,0.926,0.505,0.509,0.351,0.369,0.378,0.646,0.702,0.836,0.638,0.561,0.607,0.809,0.986,0.6,0.423,none,P046,2026-02-26
H03697,34,25-34,Hackney,foodies,students,0.338,0.326,0.143,0.203,0.882,0.569,0.852,0.541,0.257,0.377,0.759,0.801,0.724,0.697,0.791,0.418,none,P046,2026-02-26
H03698,32,25-34,Camden,young_professionals,foodies,0.338,0.84,0.16,0.193,0.351,0.571,0.716,0.667,0.52,0.826,0.645,0.742,0.738,0.365,0.287,0.8,dairy_free,P046,2026-02-26
H03699,21,18-24,Westminster,students,foodies,0.753,0.355,0.374,0.237,0.439,0.28,0.739,0.877,0.926,0.72,0.503,0.72,0.811,0.673,0.314,0.645,none,P046,2026-02-26
H03700,21,18-24,Hammersmith and Fulham,foodies,fitness,0.488,0.205,0.57,0.144,0.846,0.764,0.777,0.54,0.553,0.387,0.684,0.682,0.785,0.64,1.0,0.296,none,P046,2026-02-26
H03701,25,25-34,Camden,young_professionals,foodies,0.175,0.752,0.14,0.344,0.395,0.698,0.619,0.719,0.587,0.971,0.62,0.743,0.482,0.5,0.421,0.787,none,P046,2026-02-26
H03702,30,25-34,Camden,fitness,foodies,0.207,0.088,0.71,0.375,0.44,0.893,0.478,0.54,0.44,0.509,0.474,0.703,0.557,0.433,0.378,0.841,none,P046,2026-02-26
H03703,22,18-24,Kensington and Chelsea,students,families,0.801,0.338,0.114,0.612,0.174,0.522,0.598,0.875,0.913,0.63,0.563,0.714,0.435,0.915,0.595,0.393,none,P046,2026-02-26
H03704,24,18-24,Camden,students,fitness,0.805,0.358,0.365,0.356,0.14,0.353,0.898,0.727,0.813,0.703,0.571,0.712,0.591,0.801,0.568,0.54,dairy_free,P046,2026-02-26
H03705,18,18-24,Greenwich,students,fitness,0.907,0.218,0.544,0.288,0.259,0.39,0.554,0.788,0.79,0.817,0.408,0.703,0.822,0.801,0.39,0.336,none,P046,2026-02-26
H03706,19,18-24,Camden,students,young_professionals,0.723,0.289,0.186,0.106,0.087,0.515,0.603,0.865,0.939,0.68,0.469,0.705,0.804,0.582,0.523,0.759,none,P046,2026-02-26
H03707,36,35-44,Brent,foodies,students,0.34,0.195,0.249,0.153,0.79,0.578,0.844,0.534,0.176,0.351,0.733,0.492,0.762,0.855,0.779,0.386,none,P046,2026-02-26
H03708,19,18-24,Camden,students,families,0.865,0.359,0.399,0.575,0.032,0.348,0.963,0.662,1.0,0.596,0.56,0.936,0.845,0.577,0.41,0.547,none,P046,2026-02-26
H03709,21,18-24,Camden,students,young_professionals,0.638,0.558,0.537,0.405,0.206,0.577,0.679,0.825,0.94,0.544,0.463,0.648,1.0,0.796,0.292,0.499,none,P046,2026-02-26
H03710,28,25-34,Islington,young_professionals,fitness,0.41,0.825,0.482,0.255,0.275,0.559,0.885,0.596,0.592,0.716,0.628,0.653,0.641,0.641,0.532,0.566,none,P046,2026-02-26
H03711,40,35-44,Camden,young_professionals,foodies,0.33,0.907,0.365,0.043,0.438,0.509,0.539,0.623,0.427,0.693,0.522,0.626,0.607,0.628,0.617,0.646,none,P046,2026-02-26
H03712,21,18-24,Camden,students,fitness,0.811,0.042,0.432,0.1,0.314,0.468,0.734,0.73,0.808,0.696,0.485,0.907,0.687,0.79,0.439,0.515,none,P046,2026-02-26
H03713,22,18-24,Camden,students,young_professionals,0.809,0.382,0.058,0.366,0.263,0.349,0.773,0.688,0.928,0.716,0.526,0.691,0.94,0.819,0.471,0.601,dairy_free,P046,2026-02-26
H03714,19,18-24,Havering,students,fitness,0.869,0.328,0.724,0.633,0.224,0.389,0.731,0.733,0.727,0.788,0.439,0.619,0.841,0.897,0.382,0.426,none,P046,2026-02-26
H03715,24,18-24,Kingston upon Thames,students,foodies,0.863,0.337,0.102,0.37,0.418,0.496,0.864,0.905,1.0,0.67,0.782,0.831,0.708,0.715,0.541,0.494,none,P046,2026-02-26
H03716,31,25-34,Camden,fitness,foodies,0.0,0.354,0.918,0.26,0.472,0.963,0.428,0.572,0.424,0.602,0.754,1.0,0.613,0.333,0.372,1.0,none,P046,2026-02-26
H03717,26,25-34,Brent,students,families,0.803,0.481,0.414,0.579,0.429,0.281,0.894,0.643,0.862,0.666,0.567,0.596,0.886,0.77,0.448,0.472,none,P046,2026-02-26
H03718,52,45+,Hackney,foodies,families,0.159,0.28,0.014,0.402,0.872,0.487,0.914,0.515,0.406,0.362,0.903,0.538,0.727,0.599,0.981,0.332,none,P046,2026-02-26
H03719,21,18-24,Greenwich,students,foodies,0.896,0.225,0.125,0.021,0.456,0.324,0.785,0.782,0.836,0.832,0.612,0.786,0.724,0.792,0.447,0.61,none,P046,2026-02-26
H03720,21,18-24,Camden,foodies,students,0.503,0.298,0.386,0.197,0.972,0.768,0.922,0.665,0.441,0.115,0.82,0.812,0.608,0.725,0.949,0.197,none,P046,2026-02-26
H03721,32,25-34,Ealing,foodies,fitness,0.397,0.158,0.416,0.163,0.941,0.583,0.831,0.632,0.219,0.288,0.712,0.557,0.659,0.67,0.844,0.256,none,P046,2026-02-26
H03722,34,25-34,Lambeth,young_professionals,fitness,0.195,0.8,0.368,0.111,0.173,0.512,0.839,0.803,0.53,0.931,0.557,0.956,0.562,0.357,0.696,0.58,none,P046,2026-02-26
H03723,20,18-24,Ealing,fitness,foodies,0.368,0.233,0.763,0.369,0.461,0.955,0.395,0.596,0.517,0.777,0.507,0.62,0.448,0.47,0.326,0.972,none,P046,2026-02-26
H03724,24,18-24,Lewisham,students,families,0.831,0.234,0.225,0.254,0.196,0.374,0.692,0.89,1.0,0.669,0.479,0.69,0.76,0.833,0.402,0.485,none,P046,2026-02-26
H03725,18,18-24,Camden,students,young_professionals,0.852,0.523,0.262,0.366,0.048,0.521,0.669,0.556,0.937,0.701,0.626,0.715,0.755,0.754,0.317,0.329,vegetarian,P046,2026-02-26
H03726,25,25-34,Camden,young_professionals,families,0.293,0.854,0.229,0.589,0.289,0.451,0.817,0.562,0.61,0.774,0.464,0.982,0.472,0.278,0.426,0.633,dairy_free,P046,2026-02-26
H03727,20,18-24,Camden,students,young_professionals,0.778,0.463,0.363,0.11,0.0,0.48,0.838,0.786,0.863,0.778,0.699,0.666,0.76,0.66,0.46,0.439,none,P046,2026-02-26
H03728,36,35-44,Newham,young_professionals,foodies,0.216,0.768,0.337,0.28,0.489,0.562,0.671,0.658,0.579,0.634,0.677,0.693,0.629,0.42,0.606,0.603,none,P046,2026-02-26
H03729,22,18-24,Camden,students,young_professionals,0.857,0.513,0.211,0.402,0.395,0.576,0.739,0.844,1.0,0.722,0.554,0.708,0.629,0.704,0.432,0.562,none,P046,2026-02-26
H03730,20,18-24,Southwark,students,young_professionals,1.0,0.51,0.041,0.266,0.104,0.221,0.783,0.793,0.797,0.675,0.388,0.888,0.753,0.86,0.392,0.711,none,P046,2026-02-26
H03731,22,18-24,Southwark,students,fitness,0.747,0.45,0.697,0.13,0.282,0.242,0.765,0.713,0.959,0.815,0.49,0.765,0.707,0.756,0.499,0.43,none,P046,2026-02-26
H03732,28,25-34,Kingston upon Thames,foodies,students,0.492,0.034,0.44,0.301,0.862,0.565,0.814,0.681,0.326,0.451,0.758,0.765,0.946,0.509,0.895,0.208,none,P046,2026-02-26
H03733,34,25-34,Redbridge,young_professionals,foodies,0.296,0.868,0.329,0.265,0.355,0.592,0.682,0.527,0.401,0.926,0.685,0.791,0.528,0.667,0.822,0.721,none,P046,2026-02-26
H03734,26,25-34,Camden,fitness,families,0.298,0.226,0.823,0.493,0.432,1.0,0.439,0.485,0.591,0.583,0.461,0.647,0.563,0.237,0.272,0.843,vegan,P046,2026-02-26
H03735,29,25-34,Hillingdon,fitness,families,0.09,0.24,0.754,0.357,0.279,0.908,0.465,0.448,0.531,0.652,0.489,0.624,0.377,0.117,0.263,0.976,none,P046,2026-02-26
H03736,34,25-34,Camden,families,students,0.462,0.352,0.404,0.849,0.257,0.822,0.366,0.515,0.713,0.746,0.634,0.606,0.661,0.73,0.442,0.205,gluten_free,P046,2026-02-26
H03737,22,18-24,Camden,students,fitness,0.95,0.081,0.316,0.27,0.291,0.621,0.91,0.849,0.904,0.769,0.626,0.652,0.727,1.0,0.402,0.652,none,P046,2026-02-26
H03738,32,25-34,Camden,foodies,fitness,0.162,0.162,0.393,0.375,0.852,0.456,1.0,0.543,0.333,0.387,0.771,0.529,0.868,0.513,0.655,0.502,none,P046,2026-02-26
H03739,21,18-24,Hillingdon,students,young_professionals,0.839,0.512,0.392,0.424,0.408,0.417,0.923,0.812,0.964,0.579,0.544,0.83,0.586,0.745,0.499,0.721,none,P046,2026-02-26
H03740,36,35-44,Camden,young_professionals,foodies,0.425,0.814,0.157,0.152,0.552,0.709,0.479,0.786,0.367,0.835,0.522,0.59,0.559,0.451,0.452,0.835,gluten_free|dairy_free,P046,2026-02-26
H03741,29,25-34,Camden,families,foodies,0.0,0.365,0.04,0.865,0.595,0.816,0.307,0.321,0.692,0.846,0.516,0.532,0.661,1.0,0.611,0.245,none,P046,2026-02-26
H03742,28,25-34,Waltham Forest,foodies,students,0.227,0.151,0.224,0.221,0.796,0.51,1.0,0.803,0.424,0.174,0.684,0.735,0.61,0.516,0.785,0.357,dairy_free,P046,2026-02-26
H03743,22,18-24,Camden,students,fitness,0.919,0.0,0.473,0.363,0.1,0.521,0.856,0.9,1.0,0.795,0.472,0.721,0.624,0.895,0.347,0.818,none,P046,2026-02-26
H03744,21,18-24,Camden,students,families,0.816,0.192,0.22,0.335,0.303,0.42,0.635,0.766,0.937,0.647,0.437,0.743,0.806,0.824,0.301,0.714,none,P046,2026-02-26
H03745,24,18-24,Bexley,students,families,1.0,0.253,0.175,0.366,0.1,0.563,0.787,0.73,0.844,0.619,0.638,0.811,0.813,0.78,0.525,0.352,none,P046,2026-02-26
H03746,22,18-24,Croydon,students,foodies,0.811,0.205,0.215,0.222,0.333,0.401,0.802,0.803,0.83,0.83,0.465,0.342,0.76,0.766,0.457,0.598,dairy_free,P046,2026-02-26
H03747,33,25-34,Lambeth,families,students,0.443,0.395,0.391,0.726,0.142,0.728,0.537,0.425,0.747,0.746,0.532,0.583,0.49,0.826,0.462,0.345,none,organic,2026-02-26
H03748,24,18-24,Croydon,young_professionals,families,0.34,0.92,0.0,0.364,0.135,0.535,0.811,0.704,0.498,0.953,0.707,0.787,0.428,0.715,0.54,0.691,vegetarian,organic,2026-02-26
H03749,31,25-34,Hammersmith and Fulham,young_professionals,families,0.206,0.921,0.276,0.43,0.363,0.647,0.816,0.692,0.556,0.619,0.651,0.921,0.777,0.432,0.521,0.859,none,organic,2026-02-26
H03750,21,18-24,Hounslow,students,fitness,0.884,0.2,0.398,0.186,0.141,0.71,0.702,0.737,0.962,0.593,0.611,0.775,0.709,0.924,0.259,0.505,none,organic,2026-02-26
H03751,28,25-34,Southwark,young_professionals,families,0.382,0.904,0.147,0.442,0.397,0.533,0.733,0.478,0.257,0.923,0.614,0.8,0.664,0.375,0.512,0.609,none,organic,2026-02-26
H03752,20,18-24,Richmond upon Thames,students,fitness,0.895,0.228,0.38,0.012,0.133,0.449,0.612,0.909,0.871,0.749,0.32,0.398,0.961,1.0,0.492,0.736,none,organic,2026-02-27
H03753,38,35-44,Havering,families,fitness,0.219,0.213,0.449,0.786,0.301,0.742,0.312,0.352,0.84,0.714,0.454,0.282,0.601,0.627,0.737,0.559,none,organic,2026-02-27
H03754,24,18-24,Greenwich,students,young_professionals,1.0,0.444,0.345,0.024,0.239,0.41,0.691,0.808,0.696,0.766,0.693,0.479,0.878,0.829,0.494,0.556,none,organic,2026-02-27
H03755,29,25-34,Wandsworth,young_professionals,foodies,0.402,0.944,0.282,0.098,0.41,0.444,0.756,0.656,0.658,0.849,0.464,0.954,0.686,0.482,0.871,0.646,vegan|nut_allergy,organic,2026-02-28
H03756,43,35-44,Southwark,families,fitness,0.284,0.268,0.397,0.886,0.229,0.762,0.311,0.355,0.775,0.777,0.477,0.343,0.806,0.771,0.725,0.291,none,organic,2026-03-01
H03757,32,25-34,Ealing,fitness,young_professionals,0.091,0.24,0.847,0.114,0.055,0.974,0.623,0.602,0.595,0.647,0.538,0.522,0.235,0.285,0.506,0.787,none,organic,2026-03-01
H03758,22,18-24,Lambeth,young_professionals,fitness,0.286,0.701,0.506,0.218,0.263,0.537,0.62,0.725,0.288,0.784,0.587,0.701,0.641,0.686,0.568,0.53,gluten_free,organic,2026-03-01
H03759,23,18-24,Lewisham,young_professionals,families,0.0,0.828,0.309,0.481,0.204,0.731,0.721,0.715,0.58,0.829,0.579,0.62,0.752,0.363,0.623,0.712,gluten_free,organic,2026-03-02
H03760,28,25-34,Southwark,young_professionals,students,0.677,0.999,0.209,0.268,0.181,0.572,0.703,0.657,0.66,0.894,0.563,0.798,0.762,0.436,0.631,0.653,none,organic,2026-03-02
H03761,33,25-34,Wandsworth,young_professionals,fitness,0.017,0.85,0.145,0.103,0.082,0.556,0.721,0.528,0.479,0.529,0.597,0.788,0.534,0.678,0.737,0.675,none,organic,2026-03-02
H03762,39,35-44,Tower Hamlets,young_professionals,families,0.242,0.815,0.146,0.273,0.072,0.68,0.619,0.493,0.559,0.88,0.584,0.746,0.523,0.588,0.634,0.682,nut_allergy,organic,2026-03-02
H03763,24,18-24,Southwark,students,fitness,0.865,0.587,0.609,0.193,0.46,0.58,0.66,0.726,1.0,0.727,0.729,0.807,0.882,0.625,0.492,0.769,none,organic,2026-03-03
H03764,28,25-34,Croydon,young_professionals,students,0.353,0.946,0.105,0.301,0.218,0.597,0.742,0.742,0.59,1.0,0.501,0.892,0.644,0.529,0.569,0.74,none,organic,2026-03-03
H03765,39,35-44,Tower Hamlets,foodies,students,0.37,0.153,0.314,0.104,0.82,0.633,0.791,0.498,0.211,0.216,0.749,0.471,0.726,0.41,1.0,0.43,vegetarian,organic,2026-03-03
H03766,34,25-34,Kensington and Chelsea,young_professionals,fitness,0.305,0.814,0.49,0.376,0.0,0.603,0.799,0.827,0.315,0.871,0.559,0.738,0.561,0.376,0.646,0.605,none,organic,2026-03-03
H03767,22,18-24,Camden,young_professionals,families,0.442,0.787,0.315,0.531,0.163,0.623,0.661,0.612,0.472,1.0,0.611,0.787,0.716,0.324,0.647,0.473,none,organic,2026-03-04
H03768,43,35-44,Hackney,fitness,foodies,0.187,0.175,0.894,0.339,0.403,1.0,0.499,0.432,0.593,0.527,0.811,0.57,0.575,0.531,0.194,0.732,dairy_free,organic,2026-03-05
H03769,33,25-34,Southwark,families,foodies,0.089,0.21,0.032,0.855,0.264,0.642,0.42,0.463,0.808,0.661,0.431,0.489,0.582,0.9,0.561,0.368,none,organic,2026-03-05
H03770,38,35-44,Southwark,foodies,students,0.567,0.365,0.176,0.316,0.941,0.675,0.85,0.561,0.379,0.409,0.626,0.518,0.761,0.327,0.972,0.327,none,organic,2026-03-05
H03771,19,18-24,Islington,fitness,families,0.19,0.311,0.844,0.553,0.244,0.845,0.568,0.43,0.44,0.692,0.567,0.467,0.389,0.095,0.341,1.0,none,organic,2026-03-06
H03772,33,25-34,Lambeth,fitness,foodies,0.273,0.142,0.847,0.311,0.405,0.987,0.36,0.428,0.449,0.557,0.565,0.664,0.388,0.453,0.601,0.749,none,organic,2026-03-06
H03773,33,25-34,Tower Hamlets,young_professionals,foodies,0.235,0.865,0.229,0.337,0.51,0.592,0.812,0.606,0.505,1.0,0.608,0.71,0.583,0.482,0.604,0.849,vegetarian,organic,2026-03-07
H03774,24,18-24,Wandsworth,students,young_professionals,0.863,0.528,0.119,0.377,0.17,0.523,0.761,0.77,0.973,0.781,0.501,0.721,0.701,0.805,0.361,0.575,none,organic,2026-03-08
H03775,19,18-24,Lambeth,fitness,foodies,0.228,0.185,0.887,0.363,0.366,0.826,0.511,0.445,0.419,0.809,0.536,0.806,0.41,0.415,0.375,0.901,gluten_free,organic,2026-03-08
H03776,19,18-24,Kensington and Chelsea,fitness,students,0.274,0.264,0.786,0.215,0.067,0.844,0.464,0.469,0.558,0.467,0.569,0.654,0.367,0.35,0.14,0.948,gluten_free,organic,2026-03-08
H03777,32,25-34,Haringey,young_professionals,families,0.42,0.709,0.377,0.431,0.302,0.666,0.725,0.563,0.513,0.867,0.449,0.765,0.716,0.446,0.616,0.527,none,organic,2026-03-08
H03778,34,25-34,Wandsworth,families,students,0.298,0.026,0.211,0.829,0.256,0.615,0.257,0.324,0.674,0.861,0.445,0.54,0.534,0.862,0.452,0.256,none,organic,2026-03-09
H03779,26,25-34,Havering,foodies,students,0.568,0.549,0.229,0.313,0.807,0.734,0.829,0.52,0.256,0.491,0.788,0.989,0.773,0.799,0.936,0.299,none,organic,2026-03-09
H03780,24,18-24,Greenwich,fitness,families,0.171,0.32,0.966,0.358,0.171,0.995,0.464,0.467,0.561,0.69,0.679,0.792,0.321,0.286,0.08,0.916,none,organic,2026-03-09
H03781,24,18-24,Lambeth,young_professionals,foodies,0.106,0.947,0.318,0.217,0.348,0.72,0.869,0.669,0.321,0.862,0.591,0.831,0.608,0.562,0.672,0.571,none,organic,2026-03-09
H03782,37,35-44,Tower Hamlets,foodies,young_professionals,0.23,0.444,0.281,0.365,0.808,0.556,0.825,0.531,0.22,0.257,0.743,0.572,0.575,0.751,0.884,0.332,none,organic,2026-03-09
H03783,30,25-34,Croydon,young_professionals,students,0.43,0.89,0.048,0.245,0.179,0.654,0.676,0.483,0.424,0.693,0.591,0.787,0.588,0.496,0.464,0.97,dairy_free,organic,2026-03-09
H03784,41,35-44,Newham,families,students,0.583,0.069,0.325,0.892,0.137,0.671,0.491,0.416,0.689,0.731,0.349,0.277,0.715,0.988,0.692,0.58,none,organic,2026-03-09
H03785,30,25-34,Bromley,young_professionals,families,0.209,0.929,0.396,0.495,0.061,0.502,0.733,0.695,0.304,0.767,0.741,0.821,0.673,0.668,0.503,0.606,vegan,organic,2026-03-10
H03786,39,35-44,Haringey,families,young_professionals,0.238,0.329,0.112,0.904,0.209,0.616,0.171,0.549,0.683,0.849,0.512,0.511,0.405,0.651,0.678,0.455,none,organic,2026-03-11
H03787,30,25-34,Harrow,young_professionals,students,0.657,0.872,0.154,0.446,0.328,0.698,0.856,0.761,0.5,1.0,0.619,0.869,0.853,0.506,0.757,0.514,gluten_free,organic,2026-03-11
H03788,18,18-24,Brent,students,fitness,0.879,0.357,0.65,0.282,0.309,0.358,0.769,0.809,0.872,0.801,0.778,0.744,0.656,0.579,0.441,0.663,vegetarian,organic,2026-03-11
H03789,32,25-34,Westminster,foodies,young_professionals,0.22,0.459,0.0,0.434,1.0,0.645,1.0,0.505,0.061,0.233,0.751,0.523,0.532,0.56,1.0,0.052,none,organic,2026-03-11
H03790,26,25-34,Wandsworth,fitness,young_professionals,0.437,0.618,0.695,0.093,0.255,0.82,0.488,0.409,0.393,0.728,0.707,0.622,0.462,0.394,0.222,0.954,vegan,organic,2026-03-13
H03791,18,18-24,Wandsworth,students,foodies,0.791,0.02,0.312,0.329,0.556,0.528,0.856,0.669,0.956,0.701,0.787,0.786,0.751,0.873,0.52,0.641,none,organic,2026-03-13
H03792,34,25-34,Bromley,young_professionals,families,0.207,1.0,0.303,0.581,0.452,0.498,0.614,0.881,0.396,0.961,0.434,0.757,0.525,0.525,0.712,0.615,none,organic,2026-03-13
H03793,22,18-24,Hillingdon,young_professionals,fitness,0.121,0.971,0.659,0.435,0.397,0.689,0.496,0.551,0.597,0.948,0.609,0.812,0.687,0.832,0.631,0.704,none,organic,2026-03-13
H03794,37,35-44,Harrow,families,young_professionals,0.253,0.66,0.265,0.886,0.409,0.645,0.331,0.35,0.78,0.842,0.665,0.377,0.725,0.523,0.493,0.454,none,organic,2026-03-14
H03795,36,35-44,Newham,young_professionals,foodies,0.242,0.927,0.286,0.091,0.365,0.731,0.658,0.705,0.293,0.79,0.803,0.799,0.61,0.329,0.622,0.599,none,organic,2026-03-15
H03796,35,35-44,Barking and Dagenham,young_professionals,students,0.678,0.782,0.412,0.587,0.372,0.444,0.499,0.641,0.425,1.0,0.55,0.784,0.597,0.328,0.592,0.675,dairy_free|nut_allergy,organic,2026-03-16
H03797,19,18-24,Newham,students,young_professionals,0.769,0.545,0.196,0.517,0.473,0.422,0.653,0.84,1.0,0.751,0.421,0.847,0.772,0.65,0.427,0.702,none,organic,2026-03-16
H03798,28,25-34,Tower Hamlets,young_professionals,foodies,0.365,0.782,0.163,0.282,0.594,0.577,0.758,0.795,0.589,0.906,0.672,0.594,0.567,0.394,0.724,0.695,none,P047,2026-03-17
H03799,40,35-44,Tower Hamlets,fitness,young_professionals,0.381,0.471,0.928,0.428,0.144,0.825,0.43,0.41,0.483,0.709,0.773,0.603,0.443,0.303,0.349,0.716,none,P047,2026-03-17
H03800,37,35-44,Lambeth,fitness,young_professionals,0.342,0.369,0.801,0.233,0.239,0.725,0.462,0.605,0.512,0.481,0.703,0.67,0.441,0.425,0.335,0.671,none,P047,2026-03-17
H03801,19,18-24,Tower Hamlets,fitness,young_professionals,0.25,0.494,0.836,0.204,0.267,0.809,0.638,0.644,0.491,0.714,0.752,0.58,0.273,0.345,0.195,0.714,none,P047,2026-03-17
H03802,19,18-24,Tower Hamlets,fitness,families,0.239,0.0,0.945,0.376,0.268,0.873,0.324,0.643,0.507,0.644,0.316,0.764,0.393,0.235,0.25,0.913,none,P047,2026-03-17
H03803,41,35-44,Islington,families,foodies,0.127,0.202,0.403,0.872,0.558,0.596,0.374,0.366,0.726,0.823,0.552,0.579,0.396,0.8,0.503,0.319,none,P047,2026-03-17
H03804,32,25-34,Tower Hamlets,fitness,young_professionals,0.353,0.361,0.681,0.12,0.146,0.886,0.326,0.575,0.489,0.633,0.799,0.688,0.619,0.201,0.169,0.803,none,P047,2026-03-17
H03805,26,25-34,Tower Hamlets,young_professionals,families,0.086,0.776,0.242,0.386,0.199,0.673,0.879,0.737,0.346,0.778,0.606,0.794,0.844,0.738,0.574,0.586,vegetarian,P047,2026-03-17
H03806,33,25-34,Lewisham,young_professionals,fitness,0.31,0.847,0.617,0.402,0.0,0.529,0.767,0.515,0.401,0.935,0.464,0.626,0.447,0.443,0.537,0.622,dairy_free,P047,2026-03-17
H03807,37,35-44,Camden,fitness,young_professionals,0.35,0.62,0.809,0.233,0.323,1.0,0.513,0.598,0.533,0.595,0.504,0.73,0.387,0.401,0.064,0.879,gluten_free,P047,2026-03-17
H03808,25,25-34,Croydon,young_professionals,fitness,0.104,0.901,0.418,0.377,0.317,0.673,0.649,0.455,0.593,0.875,0.621,0.728,0.75,0.396,0.6,0.684,vegan,P047,2026-03-17
H03809,41,35-44,Brent,families,foodies,0.237,0.202,0.066,0.87,0.281,0.83,0.272,0.354,0.446,0.576,0.613,0.651,0.506,0.674,0.31,0.214,none,P047,2026-03-17
H03810,22,18-24,Waltham Forest,young_professionals,foodies,0.385,0.931,0.241,0.2,0.387,0.636,0.647,0.675,0.426,0.856,0.602,0.84,0.752,0.548,0.575,0.646,none,P047,2026-03-17
H03811,38,35-44,Tower Hamlets,fitness,families,0.216,0.276,0.839,0.347,0.34,1.0,0.3,0.51,0.333,0.514,0.645,0.734,0.327,0.496,0.486,0.894,none,P047,2026-03-17
H03812,30,25-34,Islington,foodies,families,0.344,0.42,0.24,0.492,0.893,0.568,1.0,0.735,0.245,0.315,0.748,0.683,0.777,0.682,1.0,0.64,none,P047,2026-03-17
H03813,28,25-34,Southwark,young_professionals,families,0.258,0.879,0.395,0.559,0.194,0.516,0.654,0.616,0.467,0.835,0.676,0.42,0.532,0.777,0.431,0.607,none,P047,2026-03-17
H03814,26,25-34,Haringey,fitness,foodies,0.367,0.425,0.936,0.361,0.429,1.0,0.411,0.326,0.546,0.606,0.825,0.732,0.548,0.241,0.421,0.945,none,P047,2026-03-17
H03815,30,25-34,Tower Hamlets,young_professionals,foodies,0.221,0.824,0.193,0.177,0.293,0.673,0.515,0.662,0.536,0.984,0.58,0.906,0.687,0.24,0.588,0.549,none,P047,2026-03-17
H03816,37,35-44,Tower Hamlets,fitness,families,0.345,0.222,0.906,0.366,0.272,0.826,0.453,0.468,0.482,0.643,0.722,0.651,0.414,0.075,0.246,1.0,none,P047,2026-03-17
H03817,25,25-34,Hammersmith and Fulham,fitness,foodies,0.274,0.557,0.767,0.007,0.717,0.845,0.506,0.598,0.642,0.671,0.608,0.613,0.366,0.24,0.185,1.0,none,P047,2026-03-17
H03818,39,35-44,Tower Hamlets,families,fitness,0.483,0.0,0.636,0.807,0.167,0.609,0.286,0.236,0.758,0.75,0.6,0.588,0.682,0.742,0.697,0.291,none,P047,2026-03-17
H03819,22,18-24,Barking and Dagenham,students,families,1.0,0.249,0.252,0.496,0.104,0.484,0.657,0.74,0.74,0.714,0.532,0.458,0.668,0.747,0.553,0.396,none,P047,2026-03-17
H03820,35,35-44,Harrow,fitness,young_professionals,0.2,0.378,0.755,0.044,0.29,0.929,0.608,0.531,0.541,0.482,0.624,0.597,0.405,0.175,0.399,0.977,gluten_free,P047,2026-03-17
H03821,34,25-34,Southwark,fitness,young_professionals,0.534,0.588,0.955,0.342,0.103,0.884,0.455,0.523,0.498,0.648,0.452,0.748,0.354,0.49,0.453,1.0,none,P047,2026-03-17
H03822,32,25-34,Tower Hamlets,young_professionals,families,0.278,0.809,0.336,0.56,0.434,0.612,0.726,0.567,0.408,0.734,0.742,0.688,0.669,0.364,0.452,0.62,none,P047,2026-03-17
H03823,39,35-44,Tower Hamlets,families,students,0.602,0.0,0.447,0.815,0.207,0.528,0.438,0.322,0.581,0.767,0.468,0.686,0.605,0.775,0.525,0.419,none,P047,2026-03-17
H03824,38,35-44,Tower Hamlets,families,fitness,0.148,0.277,0.309,0.753,0.0,0.679,0.393,0.495,0.667,0.489,0.376,0.56,0.624,0.833,0.841,0.376,none,P047,2026-03-17
H03825,24,18-24,Barnet,fitness,students,0.413,0.274,0.8,0.06,0.301,0.861,0.701,0.415,0.422,0.341,0.555,0.783,0.449,0.317,0.245,0.877,dairy_free,P047,2026-03-17
H03826,30,25-34,Tower Hamlets,young_professionals,foodies,0.247,0.748,0.285,0.199,0.312,0.703,0.879,0.585,0.436,0.971,0.42,0.754,0.614,0.658,0.571,0.704,none,P047,2026-03-17
H03827,25,25-34,Hackney,young_professionals,students,0.431,0.752,0.0,0.309,0.391,0.468,0.933,0.616,0.462,1.0,0.686,0.816,0.777,0.616,0.666,0.718,vegetarian,P047,2026-03-17
H03828,32,25-34,Ealing,young_professionals,families,0.0,0.803,0.181,0.336,0.049,0.562,0.763,0.665,0.373,0.878,0.783,0.89,0.421,0.847,0.742,0.84,none,P047,2026-03-17
H03829,31,25-34,Lewisham,young_professionals,foodies,0.132,0.906,0.545,0.25,0.556,0.661,0.731,0.592,0.48,1.0,0.561,0.823,0.891,0.581,0.541,0.59,none,P047,2026-03-17
H03830,33,25-34,Hammersmith and Fulham,fitness,students,0.445,0.236,0.802,0.434,0.184,0.806,0.578,0.352,0.466,0.573,0.753,0.91,0.451,0.231,0.557,0.816,nut_allergy,P047,2026-03-17
H03831,22,18-24,Tower Hamlets,young_professionals,fitness,0.315,0.939,0.513,0.213,0.107,0.319,0.578,0.656,0.317,0.871,0.485,0.905,0.736,0.583,0.557,0.526,none,P047,2026-03-17
H03832,37,35-44,Newham,young_professionals,fitness,0.348,0.959,0.535,0.293,0.51,0.545,0.674,0.603,0.356,0.92,0.466,0.65,0.687,0.52,0.62,0.646,none,P047,2026-03-17
H03833,35,35-44,Tower Hamlets,young_professionals,students,0.471,0.919,0.372,0.226,0.463,0.691,0.824,0.507,0.514,0.678,0.646,0.752,0.614,0.485,0.741,0.587,none,P047,2026-03-17
H03834,21,18-24,Tower Hamlets,students,foodies,0.94,0.383,0.369,0.334,0.623,0.458,0.909,0.695,0.81,0.751,0.584,0.763,0.789,0.736,0.517,0.575,none,P047,2026-03-17
H03835,29,25-34,Tower Hamlets,young_professionals,foodies,0.219,0.829,0.384,0.104,0.403,0.705,0.708,0.73,0.248,0.911,0.639,0.565,0.58,0.583,0.646,0.765,none,P047,2026-03-17
H03836,21,18-24,Tower Hamlets,students,fitness,1.0,0.423,0.493,0.49,0.371,0.393,0.75,0.707,0.913,0.765,0.585,0.683,0.894,0.654,0.421,0.484,none,P047,2026-03-17
H03837,33,25-34,Southwark,fitness,students,0.422,0.224,0.799,0.266,0.181,0.828,0.549,0.525,0.565,0.625,0.621,0.848,0.457,0.217,0.125,0.887,vegetarian,P047,2026-03-17
H03838,30,25-34,Tower Hamlets,young_professionals,families,0.168,1.0,0.399,0.509,0.266,0.52,0.571,0.624,0.364,0.815,0.597,0.585,0.814,0.693,0.545,0.828,none,P047,2026-03-17
H03839,33,25-34,Tower Hamlets,young_professionals,fitness,0.097,0.841,0.394,0.275,0.274,0.67,0.576,0.616,0.467,1.0,0.614,0.841,0.749,0.219,0.61,0.598,vegan,P047,2026-03-17
H03840,35,35-44,Tower Hamlets,fitness,students,0.431,0.378,0.953,0.425,0.297,0.927,0.485,0.545,0.323,0.653,0.613,0.486,0.262,0.319,0.399,0.894,none,P047,2026-03-17
H03841,29,25-34,Tower Hamlets,young_professionals,foodies,0.218,0.949,0.09,0.212,0.294,0.827,0.775,0.694,0.378,0.807,0.5,0.929,0.71,0.513,0.543,0.531,vegetarian,P047,2026-03-17
H03842,22,18-24,Lewisham,young_professionals,fitness,0.155,0.762,0.463,0.217,0.031,0.613,0.744,0.923,0.326,0.813,0.629,0.697,0.402,0.611,0.524,0.522,none,P047,2026-03-17
H03843,42,35-44,Westminster,foodies,families,0.136,0.04,0.435,0.609,0.737,0.648,0.763,0.694,0.348,0.452,0.684,0.698,0.576,0.681,0.922,0.383,none,P047,2026-03-17
H03844,24,18-24,Tower Hamlets,students,young_professionals,0.726,0.479,0.468,0.178,0.26,0.578,0.951,0.932,0.883,0.739,0.657,0.711,0.983,0.9,0.784,0.573,none,P047,2026-03-17
H03845,36,35-44,Redbridge,families,young_professionals,0.326,0.567,0.219,1.0,0.203,0.602,0.285,0.226,0.652,0.478,0.583,0.501,0.515,0.533,0.667,0.282,none,P047,2026-03-17
H03846,45,45+,Redbridge,families,students,0.388,0.317,0.174,0.785,0.269,0.696,0.348,0.444,0.547,0.762,0.615,0.465,0.663,0.845,0.413,0.5,none,P047,2026-03-17
H03847,46,45+,Tower Hamlets,foodies,students,0.496,0.361,0.178,0.283,0.805,0.648,0.87,0.521,0.39,0.343,0.848,0.539,0.736,0.542,1.0,0.444,gluten_free,P047,2026-03-17
H03848,44,35-44,Kensington and Chelsea,families,students,0.249,0.179,0.0,0.846,0.037,0.755,0.337,0.318,0.532,0.829,0.449,0.803,0.467,0.871,0.653,0.189,none,P047,2026-03-17
H03849,50,45+,Islington,fitness,foodies,0.263,0.129,0.814,0.143,0.291,1.0,0.529,0.553,0.308,0.712,0.553,0.733,0.179,0.333,0.373,0.872,none,P047,2026-03-17
H03850,34,25-34,Tower Hamlets,young_professionals,fitness,0.188,0.816,0.457,0.175,0.412,0.638,0.619,0.595,0.521,0.809,0.55,0.649,0.595,0.427,0.688,0.596,gluten_free,P047,2026-03-17
H03851,28,25-34,Tower Hamlets,young_professionals,fitness,0.091,1.0,0.503,0.137,0.278,0.656,0.632,0.678,0.595,0.917,0.468,0.761,0.766,0.368,0.802,0.667,none,P047,2026-03-17
H03852,29,25-34,Tower Hamlets,fitness,foodies,0.307,0.166,0.709,0.569,0.622,1.0,0.347,0.575,0.579,0.59,0.737,0.481,0.396,0.098,0.257,0.841,gluten_free,P047,2026-03-17
H03853,24,18-24,Westminster,fitness,foodies,0.067,0.235,0.678,0.375,0.473,0.857,0.599,0.613,0.45,0.671,0.646,0.669,0.459,0.204,0.237,0.864,dairy_free,P047,2026-03-17
H03854,35,35-44,Tower Hamlets,fitness,foodies,0.312,0.267,0.976,0.358,0.46,0.871,0.616,0.625,0.589,0.662,0.657,0.772,0.317,0.371,0.35,0.851,none,P047,2026-03-17
H03855,35,35-44,Ealing,foodies,young_professionals,0.435,0.506,0.024,0.384,0.91,0.766,0.919,0.398,0.232,0.532,0.73,0.511,0.717,0.589,0.819,0.322,vegan,organic,2026-03-17
H03856,28,25-34,Redbridge,young_professionals,families,0.161,0.757,0.0,0.191,0.118,0.625,0.449,0.603,0.578,1.0,0.681,0.757,0.55,0.7,0.581,0.62,none,organic,2026-03-18
H03857,36,35-44,Wandsworth,young_professionals,fitness,0.52,0.841,0.596,0.188,0.426,0.789,0.814,0.617,0.458,0.866,0.563,0.714,0.751,0.625,0.54,0.663,none,organic,2026-03-18
H03858,24,18-24,Barking and Dagenham,students,fitness,0.788,0.441,0.555,0.271,0.01,0.605,0.73,0.822,0.79,0.822,0.553,0.793,0.575,0.904,0.488,0.461,none,organic,2026-03-18
H03859,19,18-24,Camden,students,foodies,1.0,0.187,0.203,0.135,0.304,0.409,0.775,0.835,0.853,0.568,0.569,0.609,0.432,0.763,0.479,0.524,none,organic,2026-03-18
H03860,29,25-34,Hackney,young_professionals,families,0.429,0.855,0.442,0.516,0.464,0.689,0.703,0.484,0.322,0.941,0.504,0.756,0.595,0.608,0.595,0.544,none,organic,2026-03-19
H03861,19,18-24,Greenwich,students,foodies,0.659,0.248,0.056,0.254,0.368,0.442,0.7,0.881,0.82,0.732,0.663,0.725,0.757,0.799,0.366,0.288,none,organic,2026-03-20
H03862,18,18-24,Tower Hamlets,students,families,0.783,0.01,0.462,0.541,0.426,0.637,0.704,0.883,0.955,0.615,0.554,0.58,0.924,0.641,0.494,0.491,none,P048,2026-03-21
H03863,27,25-34,Hackney,young_professionals,foodies,0.026,0.879,0.194,0.324,0.428,0.355,0.669,0.571,0.373,0.883,0.772,0.642,0.661,0.482,0.482,0.528,vegetarian,P048,2026-03-21
H03864,33,25-34,Tower Hamlets,foodies,fitness,0.271,0.197,0.31,0.204,0.87,0.616,0.979,0.718,0.322,0.373,0.849,0.322,0.711,0.53,0.957,0.443,vegetarian,P048,2026-03-21
H03865,19,18-24,Lambeth,students,families,0.788,0.209,0.094,0.621,0.431,0.393,0.888,0.652,1.0,0.756,0.51,0.79,0.775,0.494,0.401,0.505,none,P048,2026-03-21
H03866,20,18-24,Kensington and Chelsea,students,families,0.755,0.291,0.122,0.463,0.237,0.557,0.685,0.682,0.785,0.694,0.743,0.828,0.89,0.622,0.582,0.668,none,P048,2026-03-21
H03867,40,35-44,Croydon,foodies,young_professionals,0.198,0.399,0.243,0.152,1.0,0.475,1.0,0.481,0.021,0.381,0.615,0.637,0.539,0.53,0.958,0.433,none,P048,2026-03-21
H03868,21,18-24,Tower Hamlets,students,fitness,0.85,0.264,0.439,0.13,0.234,0.581,0.678,0.936,0.926,0.72,0.67,0.724,0.797,0.761,0.24,0.599,none,P048,2026-03-21
H03869,18,18-24,Hackney,students,young_professionals,0.887,0.171,0.131,0.117,0.006,0.443,0.828,0.679,0.91,0.813,0.62,0.739,0.762,0.707,0.408,0.364,none,P048,2026-03-21
H03870,34,25-34,Tower Hamlets,young_professionals,fitness,0.344,0.844,0.39,0.0,0.224,0.581,0.776,0.665,0.498,0.878,0.514,0.938,0.799,0.601,0.618,0.74,none,P048,2026-03-21
H03871,29,25-34,Hillingdon,foodies,students,0.457,0.287,0.059,0.426,0.928,0.694,0.842,0.603,0.25,0.366,0.563,0.881,0.606,0.538,0.96,0.235,none,P048,2026-03-21
H03872,25,25-34,Camden,students,families,0.857,0.239,0.131,0.621,0.312,0.463,0.618,0.79,0.879,0.712,0.353,0.591,0.69,0.81,0.218,0.716,none,P048,2026-03-21
H03873,19,18-24,Tower Hamlets,students,families,0.859,0.336,0.284,0.389,0.363,0.404,0.758,0.734,1.0,0.669,0.491,0.707,0.549,0.815,0.413,0.882,gluten_free|dairy_free,P048,2026-03-21
H03874,33,25-34,Waltham Forest,young_professionals,foodies,0.417,0.891,0.258,0.128,0.7,0.617,0.562,0.717,0.568,0.965,0.644,0.773,0.6,0.604,0.587,0.426,none,P048,2026-03-21
H03875,24,18-24,Barnet,young_professionals,families,0.128,0.926,0.0,0.409,0.396,0.488,0.575,0.648,0.464,0.943,0.666,0.74,0.774,0.508,0.563,0.752,none,P048,2026-03-21
H03876,37,35-44,Tower Hamlets,fitness,families,0.273,0.311,0.69,0.435,0.211,0.941,0.541,0.693,0.442,0.535,0.649,0.743,0.248,0.279,0.415,0.933,vegan,P048,2026-03-21
H03877,28,25-34,Tower Hamlets,foodies,families,0.087,0.163,0.43,0.455,0.971,0.727,1.0,0.65,0.46,0.253,0.869,0.684,0.725,0.429,0.991,0.538,vegan,P048,2026-03-21
H03878,19,18-24,Southwark,fitness,foodies,0.087,0.286,0.777,0.281,0.37,1.0,0.475,0.561,0.544,0.586,0.395,0.829,0.414,0.147,0.443,1.0,none,P048,2026-03-21
H03879,18,18-24,Westminster,students,young_professionals,0.985,0.353,0.282,0.251,0.0,0.47,0.814,0.895,0.887,0.579,0.426,0.825,0.717,0.627,0.361,0.539,gluten_free,P048,2026-03-21
H03880,29,25-34,Tower Hamlets,young_professionals,students,0.488,0.943,0.035,0.43,0.467,0.72,0.638,0.555,0.462,0.831,0.546,0.734,0.626,0.473,0.679,0.56,vegetarian,P048,2026-03-21
H03881,24,18-24,Tower Hamlets,young_professionals,students,0.315,0.813,0.156,0.311,0.285,0.581,0.639,0.656,0.477,0.732,0.659,1.0,0.67,0.446,0.565,0.611,vegetarian,P048,2026-03-21
H03882,32,25-34,Tower Hamlets,young_professionals,fitness,0.027,0.797,0.494,0.484,0.454,0.576,0.936,0.472,0.433,0.709,0.612,0.793,0.573,0.482,0.442,0.704,vegan,P048,2026-03-21
H03883,31,25-34,Tower Hamlets,young_professionals,fitness,0.221,0.842,0.411,0.372,0.332,0.754,0.639,0.561,0.479,0.971,0.681,0.753,0.797,0.333,0.721,0.612,none,P048,2026-03-21
H03884,30,25-34,Ealing,young_professionals,fitness,0.311,0.971,0.554,0.352,0.333,0.639,0.541,0.778,0.342,0.796,0.619,0.672,0.417,0.402,0.612,0.83,vegetarian|nut_allergy,P048,2026-03-21
H03885,30,25-34,Islington,young_professionals,students,0.42,0.931,0.318,0.323,0.331,0.708,0.505,0.609,0.412,0.761,0.525,0.687,0.723,0.7,0.666,0.54,none,P048,2026-03-21
H03886,22,18-24,Havering,young_professionals,foodies,0.486,0.877,0.326,0.039,0.542,0.471,0.694,0.554,0.38,0.966,0.609,0.74,0.509,0.545,0.582,0.532,gluten_free,P048,2026-03-21
H03887,18,18-24,Hackney,students,families,0.815,0.109,0.286,0.369,0.351,0.469,0.905,0.797,0.871,0.825,0.537,0.776,0.78,0.817,0.556,0.709,none,organic,2026-03-21
H03888,41,35-44,Croydon,families,young_professionals,0.222,0.389,0.23,0.912,0.332,0.64,0.347,0.471,0.765,0.848,0.548,0.452,0.653,0.801,0.545,0.579,none,organic,2026-03-23
H03889,32,25-34,Croydon,foodies,families,0.295,0.084,0.292,0.346,0.952,0.496,0.733,0.638,0.251,0.348,0.641,0.781,0.545,0.7,0.942,0.371,dairy_free,organic,2026-03-23
H03890,34,25-34,Lambeth,young_professionals,students,0.48,0.924,0.0,0.272,0.441,0.704,0.718,0.742,0.313,0.842,0.436,0.874,0.749,0.435,0.572,0.724,none,organic,2026-03-23
H03891,31,25-34,Westminster,fitness,young_professionals,0.241,0.444,0.79,0.407,0.271,0.923,0.583,0.644,0.568,0.597,0.609,0.697,0.587,0.184,0.289,1.0,vegetarian,organic,2026-03-23
H03892,31,25-34,Ealing,young_professionals,foodies,0.105,0.812,0.202,0.269,0.574,0.549,0.707,0.63,0.442,0.932,0.473,0.767,0.787,0.68,0.617,0.725,gluten_free,organic,2026-03-23
H03893,22,18-24,Lambeth,young_professionals,students,0.439,0.857,0.421,0.154,0.307,0.706,0.661,0.587,0.631,0.745,0.692,0.627,0.524,0.653,0.677,0.55,none,organic,2026-03-24
H03894,46,45+,Barnet,foodies,students,0.462,0.45,0.349,0.226,0.776,0.663,0.87,0.722,0.424,0.105,0.666,0.546,0.806,0.432,0.659,0.276,none,organic,2026-03-24
H03895,26,25-34,Newham,foodies,families,0.29,0.429,0.322,0.467,0.799,0.693,0.895,0.655,0.451,0.445,0.728,0.705,0.92,0.683,0.929,0.647,vegetarian,organic,2026-03-26
H03896,18,18-24,Brent,students,foodies,0.826,0.141,0.12,0.227,0.433,0.363,0.745,0.899,0.893,0.537,0.479,0.309,0.784,0.905,0.625,0.54,none,organic,2026-03-27
H03897,24,18-24,Lambeth,foodies,families,0.462,0.349,0.377,0.476,0.75,0.522,0.79,0.495,0.289,0.43,0.938,0.717,0.902,0.458,1.0,0.362,none,organic,2026-03-27
H03898,32,25-34,Wandsworth,young_professionals,fitness,0.305,0.814,0.422,0.161,0.154,0.57,0.798,0.634,0.497,0.657,0.544,0.77,0.618,0.706,0.643,0.724,none,organic,2026-03-29
H03899,21,18-24,Greenwich,students,families,0.792,0.32,0.328,0.444,0.338,0.553,0.683,0.863,0.879,0.817,0.742,0.725,0.978,0.732,0.474,0.537,vegetarian,organic,2026-03-29
H03900,32,25-34,Ealing,families,young_professionals,0.467,0.52,0.351,0.856,0.187,0.619,0.184,0.388,0.58,0.716,0.584,0.283,0.57,0.796,0.319,0.28,none,organic,2026-03-29
H03901,20,18-24,Bromley,students,fitness,0.868,0.28,0.329,0.056,0.244,0.36,0.773,0.814,0.949,0.911,0.611,0.617,0.905,0.723,0.424,0.445,none,organic,2026-03-29
H03902,31,25-34,Lewisham,young_professionals,students,0.381,0.855,0.217,0.371,0.347,0.524,0.908,0.626,0.386,0.847,0.486,0.64,0.847,0.605,0.711,0.595,none,organic,2026-03-29
H03903,27,25-34,Wandsworth,foodies,fitness,0.2,0.0,0.282,0.0,0.657,0.417,0.998,0.718,0.279,0.306,0.515,0.643,0.779,0.643,0.968,0.228,none,organic,2026-03-30
H03904,23,18-24,Southwark,students,young_professionals,0.867,0.628,0.616,0.157,0.308,0.574,0.798,0.936,0.995,0.763,0.656,0.645,0.732,0.588,0.544,0.479,none,organic,2026-03-31
H03905,31,25-34,Westminster,young_professionals,fitness,0.197,0.955,0.297,0.26,0.188,0.561,0.524,0.6,0.435,0.947,0.622,0.736,0.638,0.665,0.481,0.668,dairy_free,organic,2026-03-31
H03906,26,25-34,Brent,foodies,fitness,0.289,0.352,0.584,0.303,0.787,0.507,0.944,0.585,0.369,0.206,0.78,0.742,0.706,0.7,1.0,0.326,none,organic,2026-03-31
H03907,22,18-24,Islington,students,foodies,0.895,0.308,0.347,0.163,0.445,0.412,0.962,0.745,0.903,0.73,0.513,0.731,0.662,0.616,0.378,0.394,none,organic,2026-04-01
H03908,25,25-34,Redbridge,young_professionals,families,0.231,0.838,0.312,0.56,0.13,0.562,0.669,0.553,0.431,0.968,0.683,0.689,0.611,0.516,0.534,0.678,none,organic,2026-04-01
H03909,20,18-24,Camden,fitness,students,0.576,0.473,0.904,0.207,0.101,0.95,0.653,0.607,0.514,0.57,0.683,0.71,0.412,0.367,0.353,0.946,none,organic,2026-04-02
H03910,27,25-34,Wandsworth,young_professionals,fitness,0.176,0.806,0.473,0.071,0.302,0.612,0.556,0.612,0.372,0.836,0.407,0.759,0.744,0.478,0.626,0.519,none,organic,2026-04-02
H03911,29,25-34,Wandsworth,young_professionals,students,0.41,0.777,0.084,0.171,0.142,0.7,0.711,0.734,0.441,0.983,0.616,0.864,0.76,0.505,0.623,0.789,none,organic,2026-04-02
H03912,38,35-44,Barnet,fitness,young_professionals,0.0,0.474,0.89,0.44,0.337,1.0,0.413,0.648,0.583,0.486,0.68,0.612,0.566,0.314,0.636,0.883,none,organic,2026-04-03
H03913,55,45+,Ealing,foodies,fitness,0.276,0.174,0.337,0.251,0.825,0.704,0.762,0.642,0.196,0.299,0.76,0.576,0.701,0.702,0.987,0.344,none,organic,2026-04-03
H03914,19,18-24,Hammersmith and Fulham,students,young_professionals,0.838,0.675,0.343,0.263,0.191,0.38,0.726,0.879,0.835,0.91,0.481,0.761,0.785,0.846,0.204,0.664,dairy_free,organic,2026-04-04
H03915,22,18-24,Hackney,students,foodies,0.902,0.281,0.174,0.0,0.498,0.616,0.717,0.69,0.923,0.674,0.575,0.629,0.679,0.82,0.211,0.583,none,organic,2026-04-05
H03916,40,35-44,Tower Hamlets,foodies,fitness,0.251,0.405,0.57,0.116,0.733,0.55,0.918,0.572,0.393,0.658,0.734,0.591,0.601,0.403,0.876,0.414,vegetarian|dairy_free,organic,2026-04-05
H03917,44,35-44,Islington,families,foodies,0.304,0.27,0.274,0.709,0.33,0.689,0.593,0.376,0.775,0.552,0.548,0.425,0.45,0.775,0.708,0.393,none,organic,2026-04-05
H03918,40,35-44,Tower Hamlets,families,young_professionals,0.155,0.43,0.391,0.908,0.226,0.695,0.24,0.457,0.752,0.682,0.576,0.426,0.67,0.644,0.659,0.502,vegetarian,organic,2026-04-06
H03919,20,18-24,Haringey,students,young_professionals,0.853,0.476,0.209,0.0,0.0,0.574,0.745,0.769,0.807,0.753,0.511,0.858,0.76,0.765,0.245,0.477,none,organic,2026-04-06
H03920,31,25-34,Waltham Forest,foodies,families,0.239,0.327,0.314,0.362,0.901,0.655,0.912,0.621,0.281,0.309,0.762,0.646,0.608,0.399,0.866,0.418,none,organic,2026-04-06
H03921,21,18-24,Barking and Dagenham,students,families,0.954,0.14,0.208,0.44,0.328,0.341,0.816,0.908,0.901,0.774,0.684,0.693,0.796,0.698,0.52,0.442,dairy_free,organic,2026-04-07
H03922,35,35-44,Bromley,fitness,families,0.28,0.172,0.894,0.521,0.271,0.872,0.426,0.612,0.377,0.732,0.708,0.508,0.221,0.235,0.479,0.813,none,organic,2026-04-08
H03923,24,18-24,Westminster,young_professionals,families,0.382,0.759,0.342,0.552,0.043,0.692,0.585,0.589,0.378,0.968,0.564,0.682,0.619,0.554,0.754,0.703,gluten_free,organic,2026-04-08
H03924,29,25-34,Barnet,fitness,families,0.234,0.234,0.746,0.464,0.253,0.804,0.492,0.613,0.478,0.59,0.444,0.625,0.448,0.115,0.298,0.932,gluten_free,organic,2026-04-09
H03925,29,25-34,Islington,young_professionals,students,0.62,0.75,0.262,0.575,0.444,0.665,0.91,0.691,0.546,0.763,0.494,0.656,0.686,0.565,0.406,0.608,none,organic,2026-04-09
H03926,31,25-34,Newham,families,young_professionals,0.128,0.515,0.286,0.973,0.443,0.762,0.329,0.585,0.666,0.727,0.442,0.587,0.828,0.846,0.51,0.296,none,organic,2026-04-10
H03927,31,25-34,Kingston upon Thames,young_professionals,foodies,0.407,0.88,0.203,0.359,0.412,0.426,0.702,0.472,0.377,0.874,0.481,0.696,0.578,0.573,0.549,0.791,vegetarian,organic,2026-04-10
H03928,36,35-44,Kingston upon Thames,young_professionals,foodies,0.311,1.0,0.432,0.332,0.591,0.573,0.619,0.592,0.435,0.65,0.564,0.748,0.757,0.477,0.649,0.658,none,organic,2026-04-10
H03929,22,18-24,Lambeth,students,foodies,0.821,0.362,0.286,0.36,0.513,0.303,0.724,0.794,1.0,0.797,0.514,0.638,0.669,0.615,0.644,0.459,vegetarian,P049,2026-04-11
H03930,34,25-34,Lambeth,foodies,fitness,0.288,0.315,0.481,0.172,0.847,0.739,0.911,0.545,0.337,0.281,0.758,0.66,0.851,0.633,0.816,0.47,none,P049,2026-04-11
H03931,32,25-34,Hammersmith and Fulham,families,students,0.601,0.25,0.254,0.708,0.204,0.595,0.462,0.333,0.682,0.894,0.481,0.867,0.707,0.759,0.47,0.511,none,P049,2026-04-11
H03932,35,35-44,Harrow,young_professionals,foodies,0.244,0.847,0.201,0.01,0.452,0.52,0.738,0.654,0.346,0.805,0.601,0.713,0.877,0.578,0.576,0.606,vegetarian,P049,2026-04-11
H03933,34,25-34,Kensington and Chelsea,families,young_professionals,0.39,0.531,0.232,0.858,0.2,0.426,0.213,0.383,0.621,0.692,0.576,0.401,0.59,1.0,0.454,0.325,none,P049,2026-04-11
H03934,34,25-34,Lambeth,families,foodies,0.211,0.286,0.329,0.974,0.384,0.788,0.376,0.496,0.696,0.787,0.496,0.505,0.567,0.763,0.301,0.216,none,P049,2026-04-11
H03935,22,18-24,Barnet,young_professionals,foodies,0.215,0.742,0.338,0.287,0.402,0.644,0.675,0.64,0.584,0.857,0.794,0.47,0.649,0.417,0.489,0.571,vegetarian,P049,2026-04-11
H03936,30,25-34,Lambeth,foodies,families,0.129,0.399,0.123,0.551,0.827,0.518,0.945,0.733,0.106,0.258,0.695,0.544,0.777,0.527,0.96,0.579,none,P049,2026-04-11
H03937,30,25-34,Lambeth,young_professionals,foodies,0.282,0.835,0.164,0.243,0.299,0.676,0.583,0.524,0.639,0.978,0.733,0.792,0.735,0.516,0.429,0.485,none,P049,2026-04-11
H03938,33,25-34,Lambeth,young_professionals,foodies,0.275,0.956,0.287,0.346,0.416,0.417,0.841,0.558,0.425,0.937,0.526,0.741,0.729,0.451,0.572,0.608,none,P049,2026-04-11
H03939,25,25-34,Ealing,young_professionals,families,0.312,0.805,0.305,0.565,0.357,0.658,0.663,0.555,0.587,0.918,0.699,0.707,0.55,0.486,0.417,0.61,none,P049,2026-04-11
H03940,33,25-34,Bromley,foodies,students,0.314,0.212,0.122,0.084,0.861,0.586,0.926,0.617,0.367,0.498,0.78,0.714,0.876,0.535,0.838,0.481,none,P049,2026-04-11
H03941,26,25-34,Lambeth,young_professionals,students,0.526,0.997,0.345,0.084,0.362,0.636,0.756,0.707,0.447,0.894,0.581,0.711,0.648,0.619,0.522,0.676,gluten_free,P049,2026-04-11
H03942,40,35-44,Hackney,foodies,young_professionals,0.356,0.357,0.158,0.263,0.88,0.535,0.91,0.554,0.434,0.438,0.836,0.62,0.81,0.723,1.0,0.335,none,P049,2026-04-11
H03943,28,25-34,Lambeth,foodies,students,0.696,0.27,0.491,0.323,0.849,0.652,0.901,0.501,0.338,0.288,0.726,0.655,0.457,0.548,1.0,0.377,none,P049,2026-04-11
H03944,40,35-44,Redbridge,families,young_professionals,0.255,0.26,0.233,0.894,0.177,0.699,0.391,0.485,0.6,0.671,0.682,0.552,0.545,0.538,0.351,0.235,none,P049,2026-04-11
H03945,23,18-24,Enfield,fitness,families,0.221,0.11,0.896,0.658,0.478,0.88,0.497,0.384,0.505,0.626,0.504,0.727,0.352,0.335,0.424,0.77,vegetarian,P049,2026-04-11
H03946,38,35-44,Barking and Dagenham,fitness,students,0.426,0.248,0.772,0.322,0.131,0.836,0.566,0.53,0.544,0.542,0.445,0.865,0.24,0.478,0.305,0.801,none,P049,2026-04-11
H03947,35,35-44,Lambeth,young_professionals,foodies,0.195,0.943,0.446,0.371,0.612,0.66,0.896,0.483,0.542,0.934,0.666,0.632,0.639,0.434,0.652,0.493,vegetarian,P049,2026-04-11
H03948,34,25-34,Barnet,families,fitness,0.241,0.164,0.339,0.8,0.19,0.597,0.411,0.496,0.765,0.771,0.407,0.701,0.607,0.787,0.415,0.324,none,P049,2026-04-11
H03949,29,25-34,Kensington and Chelsea,fitness,students,0.529,0.149,0.794,0.011,0.419,0.871,0.494,0.479,0.388,0.673,0.456,0.69,0.59,0.39,0.374,0.768,none,P049,2026-04-11
H03950,35,35-44,Havering,young_professionals,foodies,0.229,0.996,0.267,0.183,0.335,0.78,0.825,0.725,0.433,0.836,0.578,1.0,0.627,0.482,0.587,0.712,none,P049,2026-04-11
H03951,31,25-34,Lambeth,young_professionals,families,0.0,0.994,0.041,0.18,0.012,0.53,0.56,0.667,0.587,0.889,0.563,0.792,0.704,0.373,0.532,0.728,none,P049,2026-04-11
H03952,30,25-34,Lambeth,young_professionals,foodies,0.239,1.0,0.187,0.284,0.428,0.582,0.7,0.755,0.647,0.98,0.621,0.789,0.899,0.423,0.749,0.512,none,P049,2026-04-11
H03953,31,25-34,Lambeth,foodies,students,0.33,0.209,0.228,0.134,0.778,0.662,0.913,0.794,0.212,0.349,0.72,0.495,0.819,0.635,1.0,0.478,none,organic,2026-04-11
H03954,30,25-34,Newham,young_professionals,fitness,0.077,0.945,0.378,0.293,0.338,0.743,0.668,0.648,0.419,0.834,0.586,0.857,0.682,0.458,0.395,0.794,none,organic,2026-04-11
H03955,30,25-34,Bexley,young_professionals,students,0.414,0.95,0.251,0.082,0.122,0.538,0.416,0.74,0.481,0.892,0.664,0.746,0.676,0.545,0.774,0.541,none,organic,2026-04-12
H03956,38,35-44,Newham,families,students,0.494,0.119,0.079,0.796,0.319,0.449,0.254,0.452,0.761,0.61,0.537,0.242,0.597,0.822,0.311,0.229,none,organic,2026-04-13
H03957,22,18-24,Kensington and Chelsea,young_professionals,foodies,0.25,0.796,0.204,0.168,0.51,0.547,0.756,0.768,0.421,0.951,0.603,0.596,0.888,0.343,0.435,0.594,none,organic,2026-04-14
H03958,34,25-34,Lambeth,young_professionals,fitness,0.32,0.936,0.414,0.346,0.384,0.596,0.663,0.677,0.36,0.795,0.679,0.545,0.588,0.563,0.648,0.549,none,organic,2026-04-14
H03959,28,25-34,Kingston upon Thames,young_professionals,fitness,0.17,0.901,0.478,0.379,0.105,0.67,0.627,0.701,0.499,0.6,0.658,0.773,0.931,0.789,0.591,0.703,none,organic,2026-04-16
H03960,26,25-34,Wandsworth,students,young_professionals,0.798,0.388,0.231,0.383,0.14,0.476,0.695,0.747,0.903,0.695,0.638,0.595,0.683,0.794,0.274,0.727,none,organic,2026-04-16
H03961,18,18-24,Richmond upon Thames,students,foodies,0.748,0.226,0.11,0.272,0.542,0.395,0.593,0.88,0.894,0.689,0.355,0.58,0.726,0.622,0.565,0.542,none,organic,2026-04-17
H03962,28,25-34,Tower Hamlets,young_professionals,foodies,0.286,0.904,0.348,0.161,0.583,0.663,0.948,0.709,0.36,0.924,0.653,0.916,0.739,0.567,0.716,0.448,dairy_free,organic,2026-04-17
H03963,32,25-34,Kensington and Chelsea,fitness,families,0.0,0.216,0.751,0.488,0.099,0.799,0.643,0.523,0.368,0.546,0.599,0.642,0.394,0.632,0.206,0.972,none,organic,2026-04-17
H03964,39,35-44,Hammersmith and Fulham,families,young_professionals,0.271,0.306,0.252,0.786,0.305,0.531,0.286,0.485,0.672,0.674,0.628,0.292,0.425,0.584,0.418,0.161,nut_allergy,organic,2026-04-17
H03965,23,18-24,Islington,students,families,0.875,0.346,0.117,0.435,0.171,0.445,0.917,0.794,1.0,0.636,0.558,0.702,0.785,0.847,0.607,0.539,none,organic,2026-04-17
H03966,24,18-24,Ealing,young_professionals,fitness,0.407,0.963,0.447,0.359,0.191,0.606,0.917,0.523,0.464,0.759,0.517,0.718,0.713,0.262,0.427,0.59,none,organic,2026-04-17
H03967,25,25-34,Greenwich,young_professionals,students,0.588,0.882,0.285,0.218,0.257,0.708,0.884,0.919,0.3,0.853,0.561,0.727,0.55,0.591,0.449,0.708,none,organic,2026-04-18
H03968,31,25-34,Westminster,young_professionals,families,0.364,0.834,0.358,0.42,0.35,0.436,0.497,0.632,0.655,1.0,0.545,0.679,0.604,0.576,0.833,0.766,vegan,organic,2026-04-18
H03969,33,25-34,Lewisham,young_professionals,fitness,0.2,0.972,0.334,0.203,0.15,0.552,0.622,0.665,0.521,0.896,0.538,0.619,0.534,0.59,0.664,0.592,vegetarian,organic,2026-04-19
H03970,31,25-34,Barnet,young_professionals,students,0.279,0.974,0.195,0.144,0.254,0.503,0.737,0.667,0.602,0.971,0.474,0.626,0.315,0.573,0.508,0.888,vegetarian,organic,2026-04-19
H03971,40,35-44,Lewisham,fitness,foodies,0.201,0.315,0.873,0.36,0.488,0.796,0.452,0.695,0.55,0.665,0.678,0.419,0.481,0.603,0.359,0.934,none,organic,2026-04-20
H03972,22,18-24,Enfield,students,young_professionals,0.883,0.405,0.007,0.176,0.365,0.443,0.675,0.768,0.898,0.774,0.379,0.745,0.933,0.704,0.326,0.677,nut_allergy,organic,2026-04-20
H03973,35,35-44,Kensington and Chelsea,fitness,students,0.51,0.438,0.928,0.413,0.375,0.827,0.47,0.551,0.56,0.622,0.761,0.722,0.384,0.432,0.397,0.741,none,organic,2026-04-20
H03974,22,18-24,Westminster,students,fitness,0.882,0.109,0.539,0.318,0.183,0.505,0.724,0.643,0.875,0.644,0.539,0.634,0.77,0.708,0.547,0.624,none,P050,2026-04-22
H03975,42,35-44,Westminster,foodies,fitness,0.192,0.131,0.458,0.211,0.747,0.604,0.999,0.506,0.047,0.474,0.684,0.581,0.635,0.441,0.903,0.366,none,P050,2026-04-22
H03976,21,18-24,Bexley,foodies,young_professionals,0.099,0.467,0.174,0.382,0.915,0.474,0.863,0.592,0.322,0.304,0.592,0.505,0.574,0.282,1.0,0.461,none,P050,2026-04-22
H03977,29,25-34,Hillingdon,young_professionals,students,0.427,0.892,0.28,0.0,0.33,0.549,0.738,0.591,0.379,0.686,0.821,0.696,0.514,0.622,0.622,0.716,none,P050,2026-04-22
H03978,43,35-44,Westminster,families,foodies,0.14,0.322,0.063,0.778,0.401,0.426,0.421,0.301,0.695,0.619,0.635,0.462,0.739,0.626,0.475,0.072,vegan,P050,2026-04-22
H03979,48,45+,Westminster,families,students,0.627,0.53,0.211,0.88,0.344,0.605,0.375,0.262,0.615,0.674,0.632,0.524,0.641,0.638,0.505,0.257,none,P050,2026-04-22
H03980,22,18-24,Westminster,students,young_professionals,0.805,0.284,0.26,0.124,0.213,0.41,0.632,0.81,0.997,0.852,0.498,0.573,0.808,0.793,0.451,0.474,none,P050,2026-04-22
H03981,23,18-24,Islington,students,young_professionals,0.714,0.557,0.335,0.274,0.123,0.367,0.771,0.808,0.805,0.834,0.537,0.833,0.751,0.71,0.356,0.508,none,P050,2026-04-22
H03982,23,18-24,Greenwich,students,young_professionals,1.0,0.388,0.331,0.1,0.325,0.438,0.838,0.765,1.0,0.6,0.556,0.669,1.0,0.703,0.5,0.311,none,P050,2026-04-22
H03983,22,18-24,Westminster,students,families,0.843,0.263,0.251,0.272,0.043,0.377,0.93,0.891,0.949,0.65,0.624,0.518,0.682,0.791,0.523,0.576,none,P050,2026-04-22
H03984,21,18-24,Westminster,students,fitness,0.831,0.501,0.578,0.292,0.124,0.416,0.703,0.806,0.979,0.828,0.629,0.587,0.737,0.763,0.487,0.609,none,P050,2026-04-22
H03985,23,18-24,Bromley,students,families,0.965,0.444,0.422,0.518,0.333,0.383,0.744,0.747,0.911,0.692,0.522,0.718,0.668,0.647,0.307,0.335,none,P050,2026-04-22
H03986,21,18-24,Greenwich,students,fitness,0.765,0.239,0.59,0.325,0.215,0.486,0.757,0.764,0.76,0.886,0.576,0.768,0.669,0.714,0.591,0.285,none,P050,2026-04-22
H03987,20,18-24,Westminster,students,young_professionals,0.851,0.55,0.228,0.0,0.136,0.554,0.844,0.605,0.816,0.686,0.484,0.84,0.752,0.577,0.505,0.612,none,P050,2026-04-22
H03988,27,25-34,Westminster,foodies,young_professionals,0.193,0.505,0.287,0.0,0.907,0.594,0.949,0.59,0.322,0.257,0.895,0.595,0.568,0.508,1.0,0.316,none,P050,2026-04-22
H03989,23,18-24,City of London,students,foodies,0.923,0.207,0.305,0.122,0.371,0.528,0.744,0.921,0.905,0.673,0.489,0.712,0.871,0.626,0.301,0.404,none,P050,2026-04-22
H03990,35,35-44,Harrow,young_professionals,fitness,0.222,0.743,0.534,0.19,0.401,0.506,0.635,0.432,0.417,0.785,0.699,0.788,0.498,0.472,0.859,0.541,none,P050,2026-04-22
H03991,18,18-24,Kingston upon Thames,students,young_professionals,0.806,0.521,0.08,0.398,0.483,0.461,0.713,0.857,0.823,0.609,0.55,0.727,0.907,0.805,0.535,0.509,dairy_free,P050,2026-04-22
H03992,26,25-34,Redbridge,students,young_professionals,0.983,0.322,0.315,0.27,0.294,0.452,0.625,0.742,1.0,0.817,0.52,0.781,0.776,0.959,0.434,0.577,none,P050,2026-04-22
H03993,21,18-24,Westminster,students,families,0.821,0.339,0.451,0.554,0.372,0.39,0.73,0.833,0.735,0.666,0.619,0.868,0.741,1.0,0.534,0.557,none,P050,2026-04-22
H03994,18,18-24,Lewisham,students,foodies,0.734,0.38,0.457,0.453,0.602,0.567,0.778,0.798,0.968,0.726,0.589,0.778,0.802,0.868,0.456,0.57,vegan,P050,2026-04-22
H03995,23,18-24,Westminster,students,fitness,0.9,0.03,0.396,0.278,0.272,0.374,0.785,0.717,0.923,0.865,0.546,0.537,0.7,0.847,0.463,0.634,vegetarian,P050,2026-04-22
H03996,23,18-24,Haringey,students,families,0.901,0.242,0.306,0.465,0.32,0.495,0.805,0.877,0.951,0.678,0.367,0.563,0.883,0.649,0.441,0.558,none,P050,2026-04-22
H03997,22,18-24,Westminster,students,young_professionals,0.893,0.297,0.26,0.126,0.259,0.464,0.881,0.785,0.811,0.755,0.517,0.767,0.504,0.754,0.42,0.435,vegan,P050,2026-04-22
H03998,37,35-44,Westminster,families,foodies,0.14,0.0,0.124,0.755,0.304,0.664,0.407,0.406,0.714,0.539,0.498,0.407,0.726,0.703,0.419,0.42,none,P050,2026-04-22
H03999,18,18-24,Enfield,students,fitness,0.839,0.231,0.519,0.278,0.166,0.419,0.894,0.872,0.796,0.702,0.675,0.765,0.781,0.594,0.728,0.637,vegetarian,P050,2026-04-22
H04000,21,18-24,Barnet,students,foodies,0.86,0.446,0.525,0.456,0.638,0.471,0.799,0.813,0.921,0.764,0.627,0.641,0.53,0.625,0.505,0.462,none,P050,2026-04-22
H04001,33,25-34,Barking and Dagenham,foodies,young_professionals,0.374,0.478,0.298,0.144,0.907,0.538,0.994,0.605,0.12,0.423,0.829,0.646,0.479,0.708,0.827,0.357,none,P050,2026-04-22
H04002,21,18-24,Hammersmith and Fulham,students,foodies,0.865,0.317,0.269,0.188,0.52,0.388,0.613,0.747,0.734,0.73,0.389,0.657,0.837,0.721,0.443,0.603,nut_allergy,P050,2026-04-22
H04003,31,25-34,Hackney,young_professionals,families,0.354,0.928,0.336,0.549,0.397,0.487,0.621,0.521,0.476,0.831,0.581,0.668,0.549,0.55,0.733,0.838,dairy_free,P050,2026-04-22
H04004,18,18-24,Islington,students,young_professionals,0.898,0.491,0.363,0.297,0.206,0.554,0.841,0.76,0.717,0.834,0.674,0.715,0.698,0.713,0.562,0.614,none,P050,2026-04-22
H04005,38,35-44,Westminster,young_professionals,foodies,0.071,0.916,0.213,0.316,0.47,0.592,0.619,0.567,0.539,0.995,0.593,0.537,0.684,0.466,0.643,0.685,none,P050,2026-04-22
H04006,23,18-24,Richmond upon Thames,students,fitness,0.807,0.136,0.398,0.05,0.335,0.518,0.808,0.628,0.908,0.727,0.605,0.69,0.836,0.635,0.689,0.617,vegetarian,P050,2026-04-22
H04007,45,45+,Westminster,families,fitness,0.133,0.301,0.317,0.855,0.282,0.577,0.336,0.331,0.674,0.836,0.54,0.44,0.673,0.518,0.454,0.514,none,P050,2026-04-22
H04008,24,18-24,Westminster,students,families,0.716,0.114,0.226,0.302,0.19,0.212,0.814,0.794,0.649,0.802,0.558,0.508,0.798,0.772,0.515,0.318,none,P050,2026-04-22
H04009,25,25-34,Westminster,young_professionals,families,0.276,0.928,0.132,0.531,0.474,0.414,0.788,0.712,0.388,0.935,0.612,0.826,0.54,0.579,0.63,0.622,dairy_free,P050,2026-04-22
H04010,21,18-24,Westminster,students,fitness,0.82,0.158,0.386,0.337,0.361,0.534,0.536,0.639,0.979,0.708,0.351,0.647,0.771,0.618,0.276,0.347,none,P050,2026-04-22
H04011,23,18-24,Croydon,students,young_professionals,1.0,0.492,0.073,0.45,0.317,0.43,0.72,0.762,0.907,0.723,0.814,0.717,0.698,0.752,0.351,0.349,none,P050,2026-04-22
H04012,26,25-34,Westminster,students,families,0.779,0.228,0.353,0.677,0.33,0.216,0.797,0.84,0.934,0.615,0.749,0.57,0.632,0.723,0.609,0.714,none,P050,2026-04-22
H04013,24,18-24,Tower Hamlets,young_professionals,families,0.045,0.772,0.433,0.437,0.17,0.481,0.602,0.555,0.537,0.849,0.768,0.699,0.625,0.59,0.525,0.458,none,P050,2026-04-22
H04014,19,18-24,Westminster,students,fitness,0.8,0.21,0.368,0.247,0.058,0.633,0.624,0.721,1.0,0.648,0.475,0.633,0.982,0.995,0.499,0.574,dairy_free,P050,2026-04-22
H04015,30,25-34,Merton,young_professionals,foodies,0.232,0.829,0.374,0.321,0.52,0.557,0.623,0.698,0.645,0.807,0.487,0.703,0.427,0.612,0.669,0.597,none,P050,2026-04-22
H04016,32,25-34,Hammersmith and Fulham,families,fitness,0.187,0.305,0.429,0.899,0.305,0.718,0.603,0.389,0.755,0.534,0.556,0.498,0.722,0.688,0.353,0.378,none,P050,2026-04-22
H04017,19,18-24,Westminster,students,families,0.795,0.0,0.262,0.537,0.058,0.471,0.644,0.812,0.887,0.656,0.382,0.699,0.82,0.84,0.451,0.554,none,P050,2026-04-22
H04018,37,35-44,Westminster,fitness,foodies,0.122,0.222,0.755,0.283,0.497,0.91,0.488,0.7,0.423,0.633,0.563,0.863,0.341,0.193,0.257,0.805,none,P050,2026-04-22
H04019,33,25-34,Havering,foodies,families,0.105,0.386,0.306,0.543,0.879,0.499,0.786,0.486,0.225,0.354,0.724,0.713,0.569,0.495,0.968,0.284,none,P050,2026-04-22
H04020,29,25-34,Hammersmith and Fulham,young_professionals,fitness,0.29,0.958,0.483,0.345,0.3,0.698,0.739,0.679,0.596,0.716,0.727,0.766,0.539,0.408,0.395,0.718,none,P050,2026-04-22
H04021,27,25-34,Westminster,young_professionals,families,0.172,0.902,0.317,0.488,0.154,0.726,0.632,0.9,0.456,0.793,0.743,0.767,0.605,0.485,0.852,0.531,none,P050,2026-04-22
H04022,29,25-34,Kingston upon Thames,foodies,young_professionals,0.288,0.37,0.053,0.218,0.932,0.741,0.873,0.468,0.241,0.35,0.68,0.588,0.815,0.503,0.79,0.497,dairy_free,P050,2026-04-22
H04023,26,25-34,Westminster,foodies,students,0.406,0.13,0.191,0.134,0.895,0.636,0.974,0.606,0.219,0.366,0.872,0.802,0.39,0.675,0.891,0.448,gluten_free,P050,2026-04-22
H04024,18,18-24,Havering,students,families,0.78,0.391,0.367,0.622,0.223,0.341,0.613,0.883,0.836,0.674,0.389,0.603,0.655,0.724,0.413,0.726,vegetarian,P050,2026-04-22
H04025,22,18-24,Westminster,young_professionals,foodies,0.453,0.811,0.31,0.448,0.48,0.697,0.624,0.629,0.422,0.708,0.708,0.904,0.633,0.459,0.572,0.589,none,P050,2026-04-22
H04026,19,18-24,Islington,students,fitness,0.827,0.268,0.59,0.316,0.239,0.528,0.801,0.642,0.952,0.784,0.575,0.502,0.59,0.744,0.676,0.485,none,P050,2026-04-22
H04027,25,25-34,Islington,students,foodies,0.794,0.118,0.178,0.166,0.317,0.445,0.817,0.58,0.915,0.662,0.568,0.676,0.727,0.785,0.384,0.786,none,P050,2026-04-22
H04028,25,25-34,Westminster,students,fitness,0.828,0.26,0.347,0.16,0.15,0.181,0.595,0.773,0.744,0.681,0.572,0.665,0.717,0.985,0.458,0.533,vegetarian,P050,2026-04-22
H04029,21,18-24,Westminster,students,young_professionals,0.95,0.57,0.385,0.513,0.331,0.354,0.604,0.898,0.732,0.869,0.468,0.768,0.825,0.617,0.505,0.571,none,P050,2026-04-22
H04030,24,18-24,Westminster,students,fitness,0.889,0.17,0.28,0.176,0.214,0.585,0.817,0.798,1.0,0.648,0.562,0.807,0.604,1.0,0.379,0.496,dairy_free,P050,2026-04-22
H04031,32,25-34,Westminster,young_professionals,students,0.425,0.764,0.29,0.35,0.069,0.577,0.94,0.624,0.551,0.719,0.612,0.669,0.888,0.483,0.596,0.551,gluten_free|dairy_free,P050,2026-04-22
H04032,33,25-34,Haringey,fitness,foodies,0.459,0.213,0.843,0.493,0.539,0.913,0.352,0.585,0.637,0.575,0.415,0.771,0.189,0.111,0.154,0.66,none,P050,2026-04-22
H04033,39,35-44,Westminster,families,fitness,0.609,0.41,0.609,0.748,0.354,0.664,0.364,0.533,0.628,0.729,0.56,0.392,0.546,0.842,0.401,0.683,none,P050,2026-04-22
H04034,22,18-24,Hackney,students,families,0.819,0.384,0.314,0.713,0.192,0.489,0.742,0.924,0.943,0.799,0.521,0.635,0.709,0.786,0.584,0.802,none,P050,2026-04-22
H04035,23,18-24,Newham,students,families,0.822,0.318,0.415,0.427,0.228,0.286,0.58,0.882,0.845,0.727,0.479,0.682,0.711,0.668,0.598,0.707,none,P050,2026-04-22
H04036,24,18-24,Redbridge,young_professionals,fitness,0.268,0.735,0.406,0.111,0.4,0.739,0.557,0.688,0.515,0.849,0.744,0.684,0.6,0.471,0.629,0.618,none,P050,2026-04-22
H04037,21,18-24,Harrow,students,fitness,0.773,0.183,0.46,0.411,0.406,0.434,0.764,0.876,0.905,0.727,0.58,0.97,0.565,0.912,0.511,0.596,dairy_free,P050,2026-04-22
H04038,41,35-44,Westminster,foodies,young_professionals,0.138,0.529,0.227,0.529,0.78,0.623,1.0,0.629,0.418,0.411,0.855,0.648,0.776,0.823,0.917,0.457,gluten_free,P050,2026-04-22
H04039,23,18-24,Ealing,young_professionals,fitness,0.263,0.799,0.285,0.039,0.192,0.761,0.795,0.604,0.534,0.726,0.519,0.53,0.642,0.632,0.49,0.645,none,P050,2026-04-22
H04040,20,18-24,Westminster,students,young_professionals,0.879,0.494,0.204,0.27,0.229,0.581,0.819,0.916,0.946,0.642,0.665,0.723,0.796,0.594,0.364,0.51,gluten_free,P050,2026-04-22
H04041,26,25-34,Westminster,students,families,0.598,0.281,0.16,0.495,0.356,0.324,0.959,0.849,0.857,0.627,0.536,0.687,0.825,0.727,0.406,0.575,none,P050,2026-04-22
H04042,35,35-44,Richmond upon Thames,young_professionals,families,0.235,0.784,0.185,0.466,0.047,0.588,0.571,0.567,0.541,0.824,0.597,0.765,0.462,0.363,0.646,0.601,none,P050,2026-04-22
H04043,19,18-24,Harrow,students,fitness,0.985,0.247,0.35,0.246,0.205,0.426,0.711,0.705,0.997,0.765,0.543,0.729,0.713,0.668,0.388,0.642,none,P050,2026-04-22
H04044,21,18-24,Westminster,students,families,0.804,0.441,0.202,0.529,0.214,0.476,0.596,0.804,1.0,0.465,0.542,0.645,0.629,0.566,0.582,0.574,none,P050,2026-04-22
H04045,19,18-24,Westminster,students,families,1.0,0.064,0.313,0.338,0.336,0.337,0.895,0.709,0.985,0.779,0.59,0.66,0.713,0.808,0.513,0.635,none,P050,2026-04-22
H04046,30,25-34,Westminster,young_professionals,foodies,0.512,0.911,0.306,0.216,0.667,0.568,0.673,0.672,0.396,0.815,0.448,0.463,0.887,0.489,0.564,0.658,none,P050,2026-04-22
H04047,32,25-34,Westminster,young_professionals,families,0.454,0.933,0.26,0.49,0.273,0.62,0.929,0.63,0.439,0.927,0.542,0.732,0.608,0.786,0.609,0.74,none,P050,2026-04-22
H04048,23,18-24,Tower Hamlets,students,young_professionals,0.81,0.455,0.167,0.286,0.107,0.433,0.732,0.877,0.77,0.45,0.556,0.903,0.727,0.798,0.44,0.639,vegan,P050,2026-04-22
H04049,36,35-44,Lewisham,young_professionals,students,0.472,0.806,0.2,0.211,0.131,0.666,0.89,0.675,0.367,0.739,0.562,0.902,0.712,0.402,0.643,0.822,none,P050,2026-04-22
H04050,34,25-34,Westminster,young_professionals,families,0.42,0.698,0.179,0.561,0.249,0.554,0.519,0.543,0.594,0.519,0.561,0.686,0.721,0.294,0.508,0.579,none,P050,2026-04-22
H04051,38,35-44,Westminster,families,foodies,0.052,0.249,0.183,0.99,0.263,0.606,0.31,0.436,0.605,0.813,0.512,0.392,0.379,0.618,0.475,0.339,none,P050,2026-04-22
H04052,20,18-24,Brent,students,fitness,0.962,0.11,0.463,0.28,0.363,0.372,0.808,0.896,0.76,0.609,0.511,0.598,0.718,0.79,0.6,0.485,none,P050,2026-04-22
H04053,22,18-24,Westminster,students,foodies,0.936,0.061,0.165,0.242,0.411,0.427,0.749,0.755,1.0,0.541,0.506,0.818,0.72,0.731,0.559,0.6,none,P050,2026-04-22
H04054,31,25-34,Redbridge,families,fitness,0.224,0.169,0.34,0.719,0.0,0.881,0.394,0.447,0.763,0.6,0.482,0.366,0.666,0.63,0.463,0.258,none,P050,2026-04-22
H04055,18,18-24,Wandsworth,students,fitness,0.912,0.275,0.495,0.331,0.326,0.422,0.539,0.716,0.851,0.82,0.525,0.899,0.795,0.543,0.576,0.663,vegan,P050,2026-04-22
H04056,37,35-44,Westminster,foodies,students,0.502,0.0,0.124,0.428,0.961,0.786,0.857,0.701,0.272,0.265,0.643,0.706,0.847,0.649,0.971,0.252,none,P050,2026-04-22
H04057,25,25-34,Enfield,young_professionals,foodies,0.353,0.964,0.229,0.404,0.528,0.722,0.631,0.528,0.478,0.811,0.784,0.685,0.765,0.598,0.423,0.712,none,P050,2026-04-22
H04058,26,25-34,Westminster,students,foodies,0.762,0.15,0.0,0.174,0.398,0.528,0.56,0.866,0.82,0.704,0.589,0.708,0.989,0.691,0.277,0.802,none,P050,2026-04-22
H04059,26,25-34,Lewisham,students,young_professionals,0.852,0.277,0.127,0.274,0.075,0.707,0.697,0.731,0.91,0.571,0.667,0.581,0.644,0.845,0.475,0.573,none,P050,2026-04-22
H04060,18,18-24,Kingston upon Thames,students,foodies,0.824,0.355,0.268,0.264,0.4,0.691,0.916,0.68,0.763,0.833,0.657,0.878,0.697,0.731,0.237,0.567,none,P050,2026-04-22
H04061,37,35-44,Kingston upon Thames,fitness,young_professionals,0.277,0.424,0.771,0.382,0.103,0.878,0.42,0.551,0.537,0.523,0.613,0.493,0.364,0.281,0.346,0.665,dairy_free,P050,2026-04-22
H04062,23,18-24,Westminster,students,families,0.792,0.518,0.304,0.672,0.186,0.527,0.661,0.787,0.936,0.748,0.636,0.853,0.826,0.603,0.52,0.68,gluten_free,P050,2026-04-22
H04063,42,35-44,Westminster,foodies,families,0.336,0.281,0.173,0.605,0.85,0.537,0.956,0.574,0.348,0.494,0.506,0.77,0.985,0.807,1.0,0.547,vegetarian,P050,2026-04-22
H04064,30,25-34,Westminster,young_professionals,fitness,0.278,0.885,0.448,0.27,0.022,0.508,0.597,0.594,0.523,0.712,0.688,0.598,0.604,0.546,0.564,0.725,none,P050,2026-04-22
H04065,22,18-24,Redbridge,young_professionals,families,0.36,0.929,0.226,0.399,0.176,0.477,0.547,0.709,0.374,0.854,0.659,0.606,0.528,0.745,0.551,0.772,none,P050,2026-04-22
H04066,30,25-34,Westminster,young_professionals,foodies,0.171,0.917,0.272,0.31,0.408,0.495,0.6,0.756,0.457,1.0,0.531,0.785,0.696,0.599,0.674,0.705,none,P050,2026-04-22
H04067,21,18-24,Westminster,foodies,students,0.43,0.0,0.115,0.194,0.832,0.537,1.0,0.705,0.324,0.319,0.826,0.803,0.622,0.534,0.898,0.192,vegetarian,P050,2026-04-22
H04068,31,25-34,Haringey,foodies,students,0.518,0.219,0.49,0.038,0.814,0.525,0.738,0.697,0.329,0.17,0.815,0.665,0.648,0.553,1.0,0.438,none,P050,2026-04-22
H04069,35,35-44,Southwark,foodies,fitness,0.186,0.324,0.453,0.312,0.932,0.507,0.904,0.508,0.405,0.299,0.816,0.471,0.663,0.446,1.0,0.307,none,P050,2026-04-22
H04070,34,25-34,Tower Hamlets,families,young_professionals,0.12,0.328,0.01,0.732,0.279,0.726,0.373,0.44,0.796,0.908,0.281,0.341,0.62,0.783,0.314,0.256,none,P050,2026-04-22
H04071,20,18-24,Westminster,students,young_professionals,0.823,0.569,0.314,0.418,0.386,0.165,0.908,0.781,0.901,0.708,0.683,0.721,0.747,0.636,0.364,0.627,dairy_free,P050,2026-04-22
H04072,25,25-34,Westminster,students,fitness,0.808,0.127,0.345,0.287,0.12,0.529,0.694,0.963,0.796,0.736,0.546,0.7,0.455,0.618,0.43,0.314,none,P050,2026-04-22
H04073,18,18-24,Westminster,students,young_professionals,0.956,0.372,0.116,0.27,0.364,0.428,0.612,0.944,0.943,0.787,0.616,0.648,0.57,0.84,0.532,0.585,dairy_free,P050,2026-04-22
H04074,29,25-34,Westminster,foodies,young_professionals,0.253,0.331,0.225,0.265,0.798,0.663,0.98,0.584,0.291,0.346,0.719,0.805,0.76,0.752,0.845,0.55,none,P050,2026-04-22
H04075,38,35-44,Westminster,foodies,families,0.014,0.544,0.366,0.58,0.686,0.654,0.89,0.56,0.371,0.267,0.753,0.818,0.554,0.576,1.0,0.302,none,P050,2026-04-22
H04076,20,18-24,Hillingdon,students,foodies,0.919,0.186,0.257,0.308,0.466,0.33,0.677,0.865,0.78,0.931,0.616,0.63,0.734,0.595,0.273,0.504,none,P050,2026-04-22
H04077,24,18-24,Newham,students,foodies,0.833,0.336,0.311,0.416,0.465,0.351,0.932,0.831,0.76,0.616,0.535,0.861,0.727,0.822,0.364,0.627,none,P050,2026-04-22
H04078,22,18-24,Brent,young_professionals,foodies,0.277,0.823,0.401,0.311,0.557,0.544,0.758,0.754,0.441,0.909,0.651,0.743,0.64,0.642,0.83,0.769,dairy_free,P050,2026-04-22
H04079,26,25-34,Westminster,young_professionals,fitness,0.405,0.981,0.441,0.21,0.18,0.581,0.791,0.668,0.537,0.986,0.724,0.543,0.712,0.727,0.514,0.889,none,P050,2026-04-22
H04080,33,25-34,Ealing,young_professionals,foodies,0.098,0.698,0.374,0.233,0.544,0.584,0.739,0.616,0.451,0.869,0.578,0.711,0.524,0.562,0.61,0.553,none,P050,2026-04-22
H04081,42,35-44,Westminster,foodies,fitness,0.329,0.383,0.467,0.314,0.676,0.515,0.775,0.645,0.332,0.32,0.675,0.661,1.0,0.569,1.0,0.379,none,P050,2026-04-22
H04082,29,25-34,Lambeth,young_professionals,foodies,0.414,0.99,0.329,0.291,0.418,0.737,0.645,0.615,0.566,0.936,0.499,0.836,0.584,0.617,0.622,0.644,none,P050,2026-04-22
H04083,23,18-24,Westminster,young_professionals,foodies,0.224,0.889,0.387,0.194,0.485,0.551,0.531,0.57,0.569,0.752,0.764,0.681,0.714,0.596,0.58,0.631,none,P050,2026-04-22
H04084,37,35-44,Westminster,young_professionals,families,0.4,0.716,0.118,0.401,0.32,0.546,0.8,0.716,0.479,0.857,0.668,0.742,0.486,0.683,0.827,0.677,none,P050,2026-04-22
H04085,21,18-24,Westminster,students,foodies,0.882,0.316,0.124,0.24,0.441,0.445,0.6,0.92,0.966,1.0,0.511,0.806,0.679,0.664,0.748,0.321,vegetarian,P050,2026-04-22
H04086,37,35-44,Westminster,young_professionals,fitness,0.09,0.798,0.458,0.141,0.371,0.717,0.767,0.704,0.491,0.83,0.538,0.771,0.637,0.648,0.512,0.613,none,P050,2026-04-22
H04087,26,25-34,Westminster,young_professionals,foodies,0.107,0.972,0.12,0.344,0.395,0.604,0.725,0.785,0.473,0.951,0.497,0.819,0.461,0.696,0.589,0.495,none,P050,2026-04-22
H04088,25,25-34,Newham,foodies,fitness,0.182,0.254,0.439,0.012,0.837,0.652,0.958,0.539,0.254,0.117,0.831,0.642,0.64,0.488,0.899,0.461,none,P050,2026-04-22
H04089,25,25-34,Lewisham,foodies,families,0.258,0.184,0.276,0.401,0.988,0.647,0.858,0.451,0.304,0.334,0.633,0.693,0.768,0.61,0.918,0.356,none,P050,2026-04-22
H04090,35,35-44,Brent,young_professionals,students,0.666,0.769,0.21,0.138,0.434,0.6,0.578,0.406,0.556,0.788,0.716,0.708,0.637,0.575,0.535,0.456,gluten_free,P050,2026-04-22
H04091,21,18-24,Tower Hamlets,students,families,0.881,0.191,0.285,0.336,0.181,0.375,0.691,0.788,0.879,0.803,0.491,0.747,0.694,0.641,0.523,0.6,none,P050,2026-04-22
H04092,41,35-44,Tower Hamlets,foodies,fitness,0.417,0.473,0.481,0.302,0.707,0.465,0.999,0.712,0.226,0.472,0.76,0.826,0.772,0.676,0.979,0.313,none,P050,2026-04-22
H04093,29,25-34,Haringey,young_professionals,students,0.69,0.847,0.173,0.287,0.245,0.56,0.759,0.443,0.549,0.997,0.745,0.666,0.686,0.496,0.422,0.661,vegetarian|gluten_free,P050,2026-04-22
H04094,22,18-24,Westminster,students,young_professionals,0.86,0.494,0.377,0.238,0.272,0.494,0.715,0.824,0.818,0.558,0.425,0.77,0.616,0.709,0.557,0.684,vegetarian,P050,2026-04-22
H04095,22,18-24,Westminster,young_professionals,fitness,0.179,0.777,0.401,0.123,0.035,0.555,0.71,0.675,0.511,0.837,0.704,0.882,0.616,0.641,0.647,0.969,none,P050,2026-04-22
H04096,22,18-24,Westminster,students,foodies,0.685,0.145,0.379,0.044,0.544,0.437,0.818,0.717,0.874,0.701,0.523,0.79,0.805,0.737,0.245,0.692,none,P050,2026-04-22
H04097,47,45+,Westminster,families,fitness,0.173,0.338,0.395,0.827,0.347,0.689,0.368,0.257,0.816,0.785,0.505,0.539,0.767,0.836,0.736,0.455,gluten_free,P050,2026-04-22
H04098,24,18-24,Westminster,students,families,0.873,0.503,0.433,0.552,0.366,0.393,0.766,0.872,1.0,0.672,0.513,0.361,0.926,0.587,0.508,0.585,none,P050,2026-04-22
H04099,22,18-24,Newham,students,foodies,0.815,0.335,0.169,0.08,0.523,0.565,0.914,0.644,1.0,0.867,0.505,0.79,0.866,0.665,0.56,0.474,none,P050,2026-04-22
H04100,34,25-34,Bromley,fitness,young_professionals,0.056,0.359,0.793,0.166,0.222,0.847,0.505,0.608,0.411,0.591,0.654,0.809,0.549,0.358,0.151,0.795,none,P050,2026-04-22
H04101,25,25-34,Westminster,students,families,1.0,0.274,0.15,0.513,0.141,0.418,0.751,0.939,0.962,0.719,0.664,0.59,0.836,0.833,0.63,0.386,none,P050,2026-04-22
H04102,26,25-34,Westminster,young_professionals,foodies,0.372,0.869,0.385,0.0,0.521,0.606,0.749,0.64,0.314,0.832,0.763,0.684,0.661,0.65,0.854,0.619,none,P050,2026-04-22
H04103,19,18-24,Lambeth,students,foodies,0.937,0.391,0.228,0.259,0.423,0.458,0.892,0.687,1.0,0.719,0.547,0.596,0.784,1.0,0.144,0.315,none,P050,2026-04-22
H04104,23,18-24,Barnet,students,foodies,0.793,0.055,0.392,0.274,0.433,0.389,0.737,0.948,1.0,0.743,0.653,0.613,0.912,0.708,0.298,0.688,vegetarian,P050,2026-04-22
H04105,24,18-24,Westminster,students,foodies,0.857,0.106,0.328,0.165,0.49,0.498,0.662,0.648,0.919,0.607,0.542,0.596,0.587,0.553,0.462,0.682,none,P050,2026-04-22
H04106,21,18-24,Westminster,students,fitness,0.915,0.22,0.423,0.226,0.191,0.41,0.808,0.91,0.826,0.627,0.521,0.433,0.79,0.859,0.518,0.608,none,P050,2026-04-22
H04107,23,18-24,Redbridge,young_professionals,families,0.285,0.82,0.319,0.495,0.354,0.661,0.61,0.683,0.537,0.874,0.625,0.758,0.714,0.507,0.584,0.542,none,P050,2026-04-22
H04108,22,18-24,Westminster,young_professionals,foodies,0.304,0.849,0.29,0.438,0.5,0.638,0.669,0.577,0.486,0.753,0.676,0.784,0.637,0.545,0.471,0.528,none,P050,2026-04-22
H04109,32,25-34,Westminster,foodies,young_professionals,0.086,0.438,0.146,0.386,0.833,0.392,0.821,0.55,0.399,0.471,0.64,0.797,0.607,0.5,0.784,0.441,vegan,P050,2026-04-22
H04110,19,18-24,Greenwich,students,fitness,0.821,0.118,0.455,0.318,0.344,0.389,0.599,0.648,0.827,0.66,0.692,0.819,0.652,0.843,0.354,0.539,vegetarian,P050,2026-04-22
H04111,22,18-24,Tower Hamlets,students,fitness,0.86,0.412,0.471,0.433,0.151,0.428,0.696,0.898,1.0,0.739,0.559,0.75,0.584,0.701,0.41,0.548,none,P050,2026-04-22
H04112,19,18-24,Westminster,students,families,0.921,0.365,0.094,0.45,0.349,0.449,0.851,0.879,0.722,0.617,0.589,0.793,0.768,0.546,0.517,0.769,vegetarian,P050,2026-04-22
H04113,26,25-34,Lambeth,students,fitness,0.857,0.288,0.435,0.287,0.381,0.254,1.0,0.756,0.873,0.66,0.552,0.609,0.929,0.726,0.325,0.206,none,P050,2026-04-22
H04114,22,18-24,Camden,students,families,0.76,0.314,0.296,0.438,0.325,0.498,0.786,0.825,0.992,0.773,0.625,0.487,0.542,0.655,0.42,0.459,none,P050,2026-04-22
H04115,30,25-34,Westminster,young_professionals,foodies,0.169,0.922,0.096,0.209,0.261,0.612,0.615,0.706,0.255,0.984,0.619,0.794,0.713,0.497,0.753,0.563,vegetarian,P050,2026-04-22
H04116,18,18-24,Islington,students,fitness,0.823,0.339,0.41,0.294,0.164,0.266,0.858,0.872,0.777,0.765,0.554,0.545,0.624,0.732,0.539,0.621,none,P050,2026-04-22
H04117,21,18-24,Enfield,students,young_professionals,0.808,0.444,0.323,0.377,0.135,0.342,0.787,0.701,0.879,0.858,0.587,0.658,0.853,0.663,0.332,0.506,none,P050,2026-04-22
H04118,28,25-34,Wandsworth,fitness,foodies,0.257,0.363,0.87,0.264,0.507,0.935,0.619,0.682,0.621,0.603,0.543,0.601,0.418,0.412,0.282,0.878,none,P050,2026-04-22
H04119,20,18-24,Westminster,students,young_professionals,0.885,0.467,0.304,0.192,0.314,0.605,0.753,0.761,0.974,0.667,0.436,0.53,0.57,0.778,0.531,0.433,none,P050,2026-04-22
H04120,22,18-24,Westminster,students,families,0.75,0.402,0.332,0.5,0.394,0.368,0.784,0.852,0.92,0.649,0.422,0.56,0.656,0.905,0.304,0.569,none,P050,2026-04-22
H04121,23,18-24,Westminster,students,families,0.921,0.212,0.394,0.473,0.441,0.495,0.651,0.757,0.994,0.804,0.598,0.645,0.617,0.656,0.604,0.573,none,P050,2026-04-22
H04122,38,35-44,Tower Hamlets,foodies,fitness,0.146,0.227,0.397,0.336,0.91,0.759,0.797,0.665,0.387,0.385,0.783,0.401,0.708,0.599,1.0,0.515,dairy_free,P050,2026-04-22
H04123,18,18-24,Hillingdon,students,foodies,0.86,0.288,0.083,0.102,0.335,0.626,0.844,0.997,0.954,0.541,0.468,0.799,0.721,0.75,0.353,0.723,none,P050,2026-04-22
H04124,20,18-24,Islington,students,young_professionals,0.865,0.457,0.055,0.402,0.374,0.396,0.79,0.683,1.0,0.896,0.574,0.773,0.556,0.772,0.281,0.343,dairy_free,P050,2026-04-22
H04125,31,25-34,Tower Hamlets,foodies,families,0.315,0.166,0.362,0.417,0.813,0.616,0.957,0.473,0.305,0.347,0.727,0.599,0.71,0.479,0.859,0.433,none,organic,2026-04-22
H04126,26,25-34,Haringey,young_professionals,families,0.151,0.838,0.368,0.441,0.106,0.552,0.852,0.787,0.6,0.828,0.578,0.617,0.681,0.499,0.6,0.373,vegan,organic,2026-04-22
H04127,42,35-44,Tower Hamlets,foodies,families,0.262,0.218,0.375,0.461,0.861,0.635,0.887,0.533,0.168,0.462,0.822,0.654,0.576,0.683,0.882,0.189,vegetarian,organic,2026-04-22
H04128,28,25-34,Southwark,young_professionals,students,0.448,0.898,0.314,0.254,0.074,0.645,0.661,0.668,0.624,0.684,0.652,0.71,0.589,0.707,0.609,0.627,vegetarian|nut_allergy,organic,2026-04-22
H04129,32,25-34,Harrow,young_professionals,foodies,0.578,0.78,0.131,0.266,0.726,0.461,0.659,0.695,0.344,0.98,0.667,0.903,0.885,0.582,0.433,0.695,none,organic,2026-04-22
H04130,33,25-34,Haringey,fitness,young_professionals,0.207,0.432,0.837,0.392,0.158,0.855,0.487,0.42,0.293,0.642,0.5,0.494,0.299,0.33,0.397,0.871,none,organic,2026-04-23
H04131,38,35-44,Hackney,families,students,0.384,0.204,0.223,0.799,0.195,0.57,0.341,0.538,0.623,0.659,0.576,0.462,0.949,0.565,0.5,0.66,none,organic,2026-04-23
H04132,30,25-34,Barnet,young_professionals,fitness,0.27,0.743,0.366,0.168,0.365,0.694,0.655,0.642,0.387,0.768,0.446,0.621,0.336,0.557,0.773,0.671,dairy_free,organic,2026-04-24
H04133,28,25-34,City of London,young_professionals,students,0.351,0.711,0.336,0.346,0.318,0.667,0.776,0.622,0.45,0.77,0.355,0.659,0.484,0.369,0.515,0.933,none,organic,2026-04-25
H04134,27,25-34,Hillingdon,fitness,young_professionals,0.087,0.417,0.867,0.378,0.249,0.996,0.553,0.691,0.571,0.417,0.459,0.707,0.6,0.252,0.184,0.995,none,organic,2026-04-25
H04135,25,25-34,Hammersmith and Fulham,young_professionals,fitness,0.474,0.751,0.48,0.262,0.101,0.578,0.84,0.647,0.417,0.82,0.675,0.586,0.43,0.575,0.625,0.721,none,organic,2026-04-25
H04136,25,25-34,Lambeth,young_professionals,foodies,0.239,0.924,0.445,0.337,0.489,0.501,0.69,0.722,0.185,0.796,0.824,0.93,0.472,0.358,0.419,0.548,none,organic,2026-04-25
H04137,21,18-24,Croydon,foodies,families,0.109,0.332,0.218,0.384,0.859,0.653,0.954,0.779,0.185,0.442,0.77,0.459,0.729,0.677,0.823,0.333,none,organic,2026-04-26
H04138,36,35-44,Wandsworth,young_professionals,students,0.441,0.763,0.368,0.387,0.122,0.673,0.716,0.619,0.374,0.901,0.592,0.737,0.663,0.659,0.363,0.589,nut_allergy,organic,2026-04-26
H04139,29,25-34,Hammersmith and Fulham,young_professionals,students,0.527,0.77,0.105,0.0,0.339,0.572,0.814,0.513,0.412,0.857,0.595,0.785,0.568,0.438,0.654,0.629,vegetarian,organic,2026-04-27
H04140,20,18-24,Barnet,students,families,0.873,0.355,0.241,0.564,0.543,0.596,0.665,0.659,0.899,0.616,0.469,0.68,0.698,0.716,0.426,0.585,none,organic,2026-04-27
H04141,24,18-24,Merton,young_professionals,families,0.262,0.902,0.109,0.554,0.317,0.7,0.594,0.697,0.486,0.877,0.582,0.816,0.643,0.518,0.689,0.896,none,organic,2026-04-27
H04142,19,18-24,Brent,students,young_professionals,0.821,0.622,0.372,0.263,0.122,0.307,0.856,0.761,0.821,0.694,0.589,0.637,0.826,0.639,0.588,0.357,none,organic,2026-04-27
H04143,21,18-24,Barking and Dagenham,students,foodies,0.8,0.324,0.29,0.262,0.388,0.411,0.795,1.0,0.783,0.75,0.515,0.858,0.751,0.718,0.283,0.439,vegan,organic,2026-04-27
H04144,18,18-24,Merton,students,foodies,0.814,0.251,0.0,0.153,0.407,0.475,0.848,0.702,0.923,0.621,0.623,0.554,0.764,0.88,0.413,0.705,none,organic,2026-04-28
H04145,44,35-44,Sutton,families,fitness,0.338,0.241,0.472,0.997,0.288,0.733,0.283,0.438,0.675,0.786,0.541,0.601,0.715,0.667,0.307,0.334,none,organic,2026-04-29
H04146,33,25-34,Newham,fitness,foodies,0.037,0.315,0.744,0.29,0.398,1.0,0.373,0.667,0.628,0.505,0.722,0.651,0.484,0.415,0.463,0.876,none,organic,2026-04-29
H04147,33,25-34,Ealing,young_professionals,fitness,0.218,0.685,0.254,0.027,0.118,0.631,0.849,0.602,0.601,0.858,0.602,0.756,0.815,0.797,0.449,0.771,none,organic,2026-05-01
H04148,18,18-24,Wandsworth,students,young_professionals,0.811,0.466,0.246,0.037,0.235,0.442,0.837,0.898,1.0,0.506,0.583,0.789,0.676,0.743,0.606,0.521,vegetarian,organic,2026-05-03
H04149,25,25-34,Croydon,young_professionals,families,0.057,0.888,0.225,0.49,0.17,0.558,0.618,0.622,0.487,0.782,0.634,0.768,0.519,0.592,0.726,0.618,vegetarian,organic,2026-05-03
H04150,38,35-44,Brent,families,students,0.501,0.373,0.347,0.897,0.369,0.519,0.295,0.384,0.635,0.797,0.468,0.427,0.706,0.745,0.583,0.414,none,organic,2026-05-03
H04151,44,35-44,Enfield,foodies,young_professionals,0.338,0.434,0.078,0.392,0.603,0.783,1.0,0.643,0.173,0.286,0.535,0.653,0.746,0.574,0.921,0.359,vegetarian,organic,2026-05-03
H04152,26,25-34,Lewisham,fitness,families,0.19,0.057,0.784,0.538,0.359,0.894,0.558,0.783,0.286,0.676,0.629,0.655,0.311,0.415,0.346,0.9,none,organic,2026-05-04
H04153,32,25-34,Wandsworth,young_professionals,foodies,0.199,0.865,0.29,0.1,0.458,0.489,0.94,0.739,0.352,0.861,0.625,0.757,0.582,0.383,0.513,0.588,vegetarian,organic,2026-05-04
H04154,28,25-34,Tower Hamlets,foodies,fitness,0.241,0.266,0.332,0.294,0.99,0.681,0.902,0.685,0.229,0.322,0.834,0.385,0.644,0.721,0.92,0.529,none,organic,2026-05-04
H04155,41,35-44,Bromley,families,fitness,0.195,0.249,0.586,0.688,0.218,0.558,0.458,0.342,0.636,0.741,0.494,0.588,0.498,1.0,0.566,0.308,none,organic,2026-05-05
H04156,32,25-34,Lewisham,foodies,students,0.506,0.297,0.478,0.132,0.735,0.638,0.894,0.839,0.337,0.262,0.688,0.816,0.665,0.751,1.0,0.358,none,organic,2026-05-05
H04157,41,35-44,Westminster,fitness,young_professionals,0.322,0.497,0.911,0.379,0.444,0.918,0.575,0.407,0.549,0.486,0.518,0.747,0.401,0.104,0.13,0.865,none,organic,2026-05-06
H04158,27,25-34,Camden,fitness,students,0.462,0.296,0.903,0.387,0.242,0.886,0.34,0.579,0.466,0.522,0.483,0.491,0.633,0.295,0.394,1.0,none,organic,2026-05-06
H04159,23,18-24,Newham,foodies,families,0.3,0.144,0.281,0.375,0.806,0.699,0.741,0.568,0.298,0.369,0.757,0.583,0.712,0.943,1.0,0.214,none,organic,2026-05-06
H04160,42,35-44,Ealing,foodies,young_professionals,0.204,0.246,0.159,0.122,0.783,0.38,0.835,0.879,0.305,0.342,0.853,0.825,0.586,0.602,0.95,0.224,gluten_free,organic,2026-05-06
H04161,22,18-24,Camden,young_professionals,families,0.207,0.785,0.372,0.516,0.355,0.716,0.703,0.615,0.371,0.884,0.417,0.574,0.549,0.452,0.524,0.76,none,organic,2026-05-06
H04162,22,18-24,Lambeth,students,fitness,0.936,0.163,0.371,0.171,0.366,0.321,0.879,0.798,0.877,0.753,0.763,0.452,0.978,0.735,0.463,0.433,none,organic,2026-05-06
H04163,20,18-24,Newham,students,foodies,0.92,0.505,0.038,0.518,0.632,0.349,0.898,0.866,0.946,0.807,0.541,0.747,0.689,0.727,0.524,0.562,none,organic,2026-05-06
H04164,28,25-34,Southwark,young_professionals,families,0.293,0.804,0.303,0.363,0.355,0.538,0.75,0.519,0.587,0.903,0.53,0.608,0.363,0.604,0.412,0.602,none,organic,2026-05-06
H04165,42,35-44,Hammersmith and Fulham,foodies,families,0.323,0.269,0.181,0.42,0.954,0.586,0.997,0.631,0.333,0.269,0.728,0.527,0.822,0.651,0.965,0.421,vegan|gluten_free,organic,2026-05-07
H04166,36,35-44,Tower Hamlets,young_professionals,families,0.362,0.833,0.296,0.621,0.309,0.512,0.685,0.589,0.432,0.835,0.626,0.634,0.854,0.699,0.665,0.738,none,organic,2026-05-07
H04167,23,18-24,Sutton,students,foodies,0.764,0.268,0.16,0.353,0.402,0.424,0.611,0.737,0.871,0.619,0.565,0.879,0.95,0.68,0.661,0.686,none,organic,2026-05-07
H04168,34,25-34,Tower Hamlets,foodies,students,0.408,0.376,0.0,0.369,0.782,0.503,0.963,0.645,0.539,0.353,0.579,0.825,0.826,0.509,1.0,0.439,gluten_free,organic,2026-05-07
H04169,32,25-34,Lambeth,young_professionals,foodies,0.266,0.803,0.167,0.202,0.34,0.712,0.705,0.639,0.497,0.854,0.622,0.739,0.756,0.471,0.77,0.695,none,organic,2026-05-07
H04170,36,35-44,Lambeth,families,fitness,0.159,0.3,0.318,0.769,0.208,0.532,0.39,0.372,0.592,0.727,0.464,0.311,0.691,0.612,0.554,0.624,none,organic,2026-05-09
H04171,40,35-44,Merton,fitness,foodies,0.238,0.305,0.828,0.317,0.389,0.821,0.332,0.528,0.481,0.661,0.533,0.887,0.479,0.309,0.314,1.0,none,organic,2026-05-10
H04172,38,35-44,Wandsworth,families,foodies,0.336,0.259,0.03,0.856,0.411,0.736,0.13,0.506,0.815,0.806,0.544,0.532,0.488,0.645,0.674,0.285,none,organic,2026-05-11
H04173,22,18-24,Newham,young_professionals,fitness,0.267,0.614,0.337,0.28,0.231,0.509,0.711,0.78,0.423,0.893,0.641,0.767,0.608,0.821,0.785,0.664,none,organic,2026-05-11
H04174,23,18-24,Hackney,foodies,students,0.345,0.093,0.154,0.138,0.865,0.66,0.812,0.604,0.206,0.437,0.801,0.769,0.84,0.419,1.0,0.102,none,organic,2026-05-12
H04175,38,35-44,Hackney,families,young_professionals,0.312,0.429,0.225,0.975,0.349,0.74,0.418,0.296,0.73,0.887,0.62,0.3,0.678,0.6,0.526,0.26,none,P051,2026-05-13
H04176,25,25-34,Bexley,fitness,students,0.347,0.317,0.904,0.22,0.073,0.847,0.495,0.348,0.657,0.597,0.73,0.62,0.391,0.206,0.238,0.865,none,P051,2026-05-13
H04177,28,25-34,Tower Hamlets,young_professionals,families,0.072,0.922,0.006,0.249,0.063,0.595,0.748,0.69,0.246,0.916,0.639,0.656,0.534,0.557,0.622,0.518,vegetarian,P051,2026-05-13
H04178,32,25-34,Tower Hamlets,fitness,students,0.429,0.283,0.782,0.338,0.046,0.699,0.465,0.417,0.632,0.582,0.715,0.663,0.443,0.236,0.635,0.762,none,P051,2026-05-13
H04179,26,25-34,Waltham Forest,foodies,students,0.331,0.29,0.221,0.239,0.821,0.6,0.819,0.475,0.0,0.317,0.725,0.813,0.826,0.659,1.0,0.502,none,P051,2026-05-13
H04180,24,18-24,Hammersmith and Fulham,young_professionals,foodies,0.227,0.922,0.217,0.277,0.545,0.643,0.932,0.709,0.371,0.78,0.684,0.842,0.767,0.613,0.475,0.834,vegan,P051,2026-05-13
H04181,22,18-24,Haringey,students,families,0.802,0.244,0.126,0.386,0.076,0.487,0.594,0.841,0.95,0.779,0.511,0.651,0.818,0.599,0.548,0.531,vegetarian,P051,2026-05-13
H04182,29,25-34,Westminster,fitness,families,0.321,0.304,0.911,0.392,0.0,0.79,0.371,0.528,0.622,0.722,0.546,0.68,0.335,0.157,0.224,0.932,none,P051,2026-05-13
H04183,29,25-34,Tower Hamlets,young_professionals,families,0.147,0.776,0.396,0.533,0.504,0.654,0.792,0.745,0.419,0.667,0.701,0.677,0.647,0.534,0.646,0.575,none,P051,2026-05-13
H04184,36,35-44,Barking and Dagenham,fitness,foodies,0.282,0.281,0.841,0.377,0.388,0.925,0.516,0.592,0.486,0.778,0.6,0.867,0.427,0.161,0.45,0.856,vegetarian,P051,2026-05-13
H04185,43,35-44,Tower Hamlets,families,foodies,0.113,0.037,0.267,0.862,0.43,0.701,0.447,0.45,0.644,0.858,0.529,0.507,0.521,0.721,0.449,0.184,none,P051,2026-05-13
H04186,32,25-34,Camden,young_professionals,foodies,0.194,0.767,0.065,0.381,0.401,0.586,0.439,0.743,0.297,0.655,0.626,0.874,0.601,0.566,0.811,0.536,none,P051,2026-05-13
H04187,32,25-34,Lambeth,fitness,students,0.514,0.106,0.946,0.085,0.406,0.738,0.355,0.356,0.364,0.557,0.661,0.735,0.581,0.151,0.395,1.0,none,P051,2026-05-13
H04188,39,35-44,Barnet,fitness,families,0.247,0.515,0.773,0.543,0.489,0.744,0.322,0.425,0.604,0.464,0.737,0.81,0.558,0.341,0.548,0.728,none,P051,2026-05-13
H04189,29,25-34,Ealing,fitness,families,0.292,0.162,0.899,0.328,0.0,0.974,0.529,0.783,0.487,0.597,0.625,0.714,0.596,0.49,0.262,0.877,vegetarian,P051,2026-05-13
H04190,18,18-24,Westminster,students,families,0.835,0.199,0.233,0.716,0.204,0.461,0.683,0.787,0.997,0.798,0.507,0.607,0.855,0.786,0.555,0.434,gluten_free,P051,2026-05-13
H04191,27,25-34,Islington,fitness,students,0.583,0.545,0.864,0.27,0.348,0.896,0.59,0.687,0.575,0.687,0.578,0.709,0.236,0.157,0.501,1.0,none,P051,2026-05-13
H04192,22,18-24,Southwark,fitness,students,0.547,0.297,0.882,0.205,0.224,1.0,0.58,0.468,0.543,0.454,0.67,0.5,0.486,0.295,0.471,0.906,dairy_free,P051,2026-05-13
H04193,22,18-24,Tower Hamlets,students,young_professionals,0.858,0.242,0.234,0.091,0.129,0.493,0.754,0.829,1.0,0.717,0.498,0.639,0.685,0.682,0.545,0.754,vegetarian,P051,2026-05-13
H04194,33,25-34,Tower Hamlets,families,young_professionals,0.109,0.559,0.445,0.962,0.321,0.385,0.31,0.346,0.752,0.775,0.57,0.614,0.32,0.744,0.36,0.2,nut_allergy,P051,2026-05-13
H04195,34,25-34,Hammersmith and Fulham,fitness,foodies,0.365,0.176,0.825,0.516,0.542,1.0,0.574,0.533,0.43,0.898,0.677,0.815,0.375,0.307,0.204,0.991,none,P051,2026-05-13
H04196,26,25-34,Southwark,fitness,students,0.662,0.255,0.74,0.121,0.272,1.0,0.653,0.551,0.461,0.662,0.805,0.668,0.4,0.174,0.269,0.953,none,P051,2026-05-13
H04197,36,35-44,Barnet,fitness,families,0.15,0.135,0.866,0.229,0.124,0.943,0.638,0.566,0.481,0.592,0.522,0.811,0.22,0.229,0.308,0.731,none,P051,2026-05-13
H04198,37,35-44,Waltham Forest,fitness,young_professionals,0.224,0.315,0.928,0.118,0.014,0.896,0.429,0.62,0.736,0.596,0.521,0.393,0.152,0.47,0.329,0.763,none,P051,2026-05-13
H04199,21,18-24,Hounslow,students,fitness,0.775,0.159,0.519,0.216,0.185,0.442,0.697,0.981,0.952,0.728,0.522,0.63,0.629,0.909,0.256,0.507,none,P051,2026-05-13
H04200,33,25-34,Newham,foodies,young_professionals,0.31,0.323,0.178,0.277,0.845,0.682,1.0,0.574,0.3,0.4,0.89,0.493,0.723,0.677,0.91,0.452,none,organic,2026-05-13
H04201,30,25-34,Barnet,young_professionals,fitness,0.336,0.869,0.617,0.486,0.3,0.534,0.791,0.753,0.459,0.859,0.598,0.788,0.714,0.352,0.544,0.497,vegan,organic,2026-05-13
H04202,30,25-34,Westminster,young_professionals,students,0.236,0.836,0.023,0.0,0.081,0.618,0.71,0.525,0.629,0.762,0.79,0.816,0.683,0.371,0.641,0.64,none,organic,2026-05-14
H04203,27,25-34,Wandsworth,fitness,students,0.428,0.331,0.782,0.291,0.385,1.0,0.385,0.672,0.474,0.728,0.681,0.679,0.404,0.138,0.135,0.913,none,organic,2026-05-14
H04204,25,25-34,Hackney,young_professionals,fitness,0.307,0.942,0.437,0.259,0.084,0.585,0.772,0.434,0.224,0.87,0.445,0.954,0.775,0.747,0.556,0.688,none,organic,2026-05-14
H04205,27,25-34,Bromley,young_professionals,foodies,0.349,0.905,0.373,0.401,0.41,0.491,0.703,0.682,0.471,0.852,0.627,0.707,0.701,0.587,0.493,0.859,none,organic,2026-05-15
H04206,34,25-34,Lewisham,young_professionals,fitness,0.32,0.815,0.347,0.161,0.296,0.625,0.798,0.717,0.546,0.747,0.546,0.751,0.618,0.437,0.75,0.513,none,organic,2026-05-15
H04207,23,18-24,Haringey,young_professionals,students,0.354,0.811,0.327,0.3,0.331,0.673,0.698,0.712,0.496,0.68,0.662,0.876,0.701,0.428,0.499,0.555,none,organic,2026-05-15
H04208,46,45+,Lambeth,families,foodies,0.192,0.151,0.118,0.769,0.493,0.594,0.329,0.361,0.581,0.79,0.544,0.523,0.337,0.791,0.653,0.276,none,organic,2026-05-15
H04209,24,18-24,Newham,students,foodies,0.966,0.295,0.433,0.186,0.44,0.558,0.654,0.759,0.936,0.617,0.551,0.777,1.0,0.795,0.26,0.633,dairy_free,organic,2026-05-16
H04210,44,35-44,Waltham Forest,families,students,0.388,0.231,0.348,0.683,0.329,0.611,0.415,0.489,0.54,0.53,0.489,0.61,0.643,0.839,0.351,0.202,none,organic,2026-05-16
H04211,36,35-44,Kingston upon Thames,fitness,students,0.325,0.158,0.703,0.317,0.241,0.756,0.506,0.587,0.356,0.735,0.551,0.742,0.405,0.289,0.668,0.967,none,organic,2026-05-17
H04212,37,35-44,Hounslow,foodies,students,0.402,0.009,0.379,0.319,0.997,0.744,0.73,0.48,0.397,0.254,0.724,0.533,0.709,0.744,0.761,0.429,none,organic,2026-05-18
H04213,29,25-34,Croydon,fitness,foodies,0.217,0.366,0.791,0.236,0.629,0.812,0.471,0.499,0.48,0.483,0.443,0.792,0.33,0.323,0.396,0.908,vegetarian,organic,2026-05-18
H04214,27,25-34,Harrow,fitness,young_professionals,0.199,0.442,0.872,0.298,0.228,0.975,0.697,0.814,0.498,0.652,0.671,0.772,0.112,0.264,0.239,0.947,none,organic,2026-05-18
H04215,27,25-34,Lambeth,young_professionals,students,0.501,0.821,0.125,0.195,0.405,0.569,0.559,0.548,0.353,0.863,0.519,0.774,0.619,0.481,0.736,0.44,none,organic,2026-05-18
H04216,29,25-34,Newham,young_professionals,fitness,0.244,0.841,0.358,0.222,0.122,0.452,0.576,0.459,0.427,0.713,0.522,0.779,0.624,0.342,0.578,0.636,none,organic,2026-05-18
H04217,40,35-44,Newham,families,foodies,0.235,0.125,0.253,0.829,0.436,0.622,0.284,0.254,0.806,0.671,0.641,0.547,0.679,0.637,0.541,0.351,none,organic,2026-05-19
H04218,28,25-34,Hounslow,young_professionals,fitness,0.364,0.806,0.564,0.235,0.504,0.549,0.614,0.709,0.454,0.88,0.639,0.917,0.784,0.64,0.582,0.496,gluten_free,organic,2026-05-19
H04219,26,25-34,Newham,young_professionals,fitness,0.224,0.861,0.405,0.007,0.288,0.606,0.692,0.793,0.532,0.784,0.57,0.798,0.517,0.55,0.65,0.522,dairy_free,organic,2026-05-20
H04220,37,35-44,Wandsworth,fitness,young_professionals,0.387,0.498,0.859,0.17,0.108,0.816,0.369,0.653,0.584,0.759,0.538,0.967,0.51,0.186,0.616,0.969,vegetarian,organic,2026-05-21
H04221,22,18-24,Hammersmith and Fulham,young_professionals,families,0.316,0.722,0.493,0.585,0.198,0.389,0.566,0.734,0.387,0.999,0.601,0.775,0.686,0.596,0.573,0.629,dairy_free,organic,2026-05-21
H04222,22,18-24,Hillingdon,fitness,young_professionals,0.27,0.696,0.823,0.632,0.156,0.838,0.415,0.538,0.565,0.728,0.731,0.748,0.499,0.134,0.477,1.0,none,organic,2026-05-21
H04223,41,35-44,Lambeth,fitness,families,0.405,0.237,0.795,0.611,0.268,0.782,0.611,0.436,0.385,0.577,0.508,0.624,0.194,0.468,0.166,1.0,none,organic,2026-05-21
H04224,27,25-34,Lambeth,young_professionals,students,0.576,0.806,0.48,0.207,0.356,0.601,0.525,0.544,0.62,0.851,0.394,0.822,0.656,0.589,0.663,0.531,dairy_free,organic,2026-05-21
H04225,26,25-34,Lewisham,students,foodies,0.813,0.372,0.18,0.37,0.466,0.369,0.638,0.858,0.934,0.742,0.651,0.697,0.91,0.554,0.666,0.546,gluten_free,organic,2026-05-22
H04226,26,25-34,Ealing,young_professionals,foodies,0.133,0.777,0.193,0.133,0.328,0.651,0.54,0.683,0.452,0.978,0.44,0.69,0.665,0.704,0.692,0.573,vegan|dairy_free,organic,2026-05-22
H04227,40,35-44,Wandsworth,foodies,students,0.516,0.409,0.274,0.38,0.942,0.378,0.921,0.296,0.468,0.417,0.731,0.772,0.566,0.744,0.984,0.436,none,organic,2026-05-23
H04228,23,18-24,Hillingdon,young_professionals,foodies,0.177,0.896,0.368,0.396,0.415,0.588,0.551,0.632,0.294,0.913,0.556,0.68,0.42,0.589,0.887,0.581,none,organic,2026-05-23
H04229,22,18-24,Wandsworth,students,young_professionals,0.802,0.507,0.311,0.349,0.173,0.51,0.831,0.819,0.889,0.717,0.472,0.63,0.749,0.763,0.208,0.428,dairy_free,organic,2026-05-23
H04230,20,18-24,Camden,students,young_professionals,0.777,0.39,0.302,0.216,0.357,0.443,0.817,0.841,0.829,0.649,0.521,0.665,0.654,0.888,0.558,0.399,gluten_free,organic,2026-05-23
H04231,30,25-34,Merton,fitness,foodies,0.259,0.226,0.781,0.436,0.512,0.962,0.384,0.48,0.448,0.752,0.73,0.701,0.509,0.213,0.39,1.0,gluten_free,organic,2026-05-24
H04232,27,25-34,Tower Hamlets,young_professionals,fitness,0.134,0.866,0.294,0.167,0.008,0.477,0.709,0.699,0.341,0.861,0.572,0.819,0.738,0.252,0.652,0.703,none,organic,2026-05-24
H04233,22,18-24,Tower Hamlets,young_professionals,foodies,0.17,0.844,0.217,0.0,0.261,0.548,0.587,0.808,0.407,0.749,0.65,0.562,0.533,0.597,0.484,0.853,none,organic,2026-05-25
H04234,40,35-44,Greenwich,foodies,students,0.442,0.308,0.272,0.159,0.907,0.542,0.793,0.815,0.382,0.481,0.767,0.683,0.595,0.566,0.913,0.28,nut_allergy,organic,2026-05-25
H04235,18,18-24,Newham,students,young_professionals,0.901,0.509,0.065,0.281,0.43,0.465,0.671,0.761,1.0,0.584,0.374,0.623,0.8,0.921,0.453,0.355,none,P052,2026-05-26
H04236,22,18-24,Wandsworth,students,foodies,0.787,0.019,0.099,0.28,0.47,0.413,0.832,0.758,0.989,0.664,0.552,0.796,0.737,0.699,0.442,0.657,dairy_free,P052,2026-05-26
H04237,19,18-24,Newham,fitness,foodies,0.192,0.193,0.901,0.013,0.342,0.84,0.718,0.631,0.486,0.673,0.637,0.631,0.35,0.539,0.529,0.855,none,P052,2026-05-26
H04238,26,25-34,Bromley,students,young_professionals,0.597,0.487,0.218,0.209,0.162,0.383,0.827,0.875,0.982,0.707,0.468,0.557,0.49,0.841,0.248,0.534,none,P052,2026-05-26
H04239,29,25-34,Newham,young_professionals,fitness,0.348,0.779,0.369,0.233,0.258,0.708,0.558,0.754,0.512,0.951,0.487,0.726,0.685,0.601,0.701,0.728,none,P052,2026-05-26
H04240,31,25-34,Newham,young_professionals,fitness,0.403,0.95,0.472,0.288,0.046,0.752,0.747,0.614,0.319,0.859,0.731,0.682,0.694,0.734,0.387,0.698,none,P052,2026-05-26
H04241,18,18-24,Lewisham,students,families,0.916,0.0,0.102,0.427,0.251,0.492,0.727,0.632,0.751,0.954,0.612,0.667,0.865,0.927,0.595,0.527,nut_allergy,P052,2026-05-26
H04242,23,18-24,Newham,students,young_professionals,0.746,0.48,0.317,0.419,0.456,0.603,0.398,0.92,0.668,0.694,0.411,0.634,0.763,0.814,0.622,0.389,none,P052,2026-05-26
H04243,28,25-34,Newham,young_professionals,fitness,0.262,0.79,0.426,0.048,0.288,0.561,0.738,0.645,0.544,0.876,0.66,0.778,0.512,0.505,0.52,0.741,none,P052,2026-05-26
H04244,29,25-34,Newham,young_professionals,foodies,0.322,1.0,0.242,0.0,0.421,0.647,0.717,0.656,0.42,0.768,0.668,0.961,0.409,0.292,0.454,0.597,dairy_free,P052,2026-05-26
H04245,21,18-24,Islington,students,foodies,0.732,0.491,0.161,0.436,0.598,0.281,0.699,0.842,0.865,0.721,0.569,0.812,0.611,0.761,0.623,0.455,none,P052,2026-05-26
H04246,21,18-24,Newham,students,foodies,0.778,0.125,0.248,0.263,0.413,0.359,0.779,0.953,1.0,0.698,0.585,0.612,0.638,0.706,0.482,0.637,none,P052,2026-05-26
H04247,22,18-24,Southwark,young_professionals,foodies,0.326,0.849,0.112,0.368,0.517,0.675,0.697,0.788,0.243,0.839,0.575,0.737,0.46,0.515,0.559,0.679,none,P052,2026-05-26
H04248,21,18-24,Newham,students,young_professionals,0.913,0.489,0.478,0.0,0.42,0.527,0.74,0.871,1.0,0.52,0.575,0.671,0.802,0.772,0.542,0.36,none,P052,2026-05-26
H04249,28,25-34,Islington,young_professionals,fitness,0.036,0.752,0.297,0.288,0.19,0.492,0.759,0.594,0.572,0.889,0.571,0.641,0.606,0.469,0.597,0.653,none,P052,2026-05-26
H04250,19,18-24,Newham,students,young_professionals,1.0,0.405,0.178,0.292,0.17,0.422,0.663,0.819,0.815,0.715,0.344,0.603,0.7,0.87,0.228,0.672,none,P052,2026-05-26
H04251,31,25-34,Lambeth,young_professionals,families,0.16,0.905,0.395,0.419,0.214,0.502,0.801,0.665,0.428,0.756,0.603,0.686,0.44,0.706,0.517,0.617,vegan,P052,2026-05-26
H04252,24,18-24,Greenwich,students,foodies,0.73,0.304,0.206,0.304,0.376,0.48,0.911,0.941,0.842,0.663,0.687,0.771,0.819,0.533,0.56,0.516,gluten_free,P052,2026-05-26
H04253,25,25-34,Lambeth,students,young_professionals,0.808,0.593,0.304,0.275,0.168,0.568,0.856,0.863,0.95,0.594,0.571,0.57,0.872,0.785,0.586,0.691,none,P052,2026-05-26
H04254,26,25-34,Newham,young_professionals,families,0.0,0.898,0.275,0.42,0.405,0.567,0.702,0.618,0.394,0.93,0.467,0.7,0.398,0.426,0.412,0.738,none,P052,2026-05-26
H04255,26,25-34,Newham,young_professionals,foodies,0.0,0.735,0.135,0.246,0.414,0.647,0.852,0.656,0.419,1.0,0.548,0.688,0.586,0.73,0.665,0.713,none,P052,2026-05-26
H04256,20,18-24,Newham,students,families,0.915,0.155,0.241,0.342,0.271,0.559,0.577,0.819,0.919,0.632,0.546,0.721,0.611,0.655,0.434,0.538,none,P052,2026-05-26
H04257,21,18-24,Ealing,students,foodies,0.733,0.284,0.227,0.403,0.455,0.488,0.782,0.733,0.845,0.83,0.635,0.958,0.432,0.803,0.153,0.534,none,P052,2026-05-26
H04258,24,18-24,Newham,young_professionals,fitness,0.195,0.884,0.351,0.113,0.175,0.73,0.597,0.633,0.465,0.889,0.684,0.714,0.745,0.368,0.618,0.412,none,P052,2026-05-26
H04259,30,25-34,Ealing,young_professionals,fitness,0.213,0.841,0.278,0.116,0.008,0.558,0.705,0.753,0.531,0.901,0.545,0.874,0.811,0.648,0.953,0.74,none,P052,2026-05-26
H04260,32,25-34,Newham,young_professionals,students,0.281,0.827,0.185,0.186,0.119,0.638,0.69,0.859,0.371,0.794,0.612,0.797,0.677,0.544,0.663,0.722,none,P052,2026-05-26
H04261,26,25-34,Newham,students,fitness,0.834,0.259,0.487,0.0,0.131,0.507,0.878,0.816,0.999,0.69,0.681,0.609,0.564,0.705,0.439,0.603,none,P052,2026-05-26
H04262,25,25-34,Greenwich,young_professionals,students,0.544,0.793,0.229,0.348,0.155,0.737,0.734,0.702,0.348,0.869,0.488,0.86,0.664,0.544,0.661,0.591,none,P052,2026-05-26
H04263,36,35-44,Croydon,young_professionals,fitness,0.266,1.0,0.404,0.302,0.0,0.612,0.514,0.723,0.545,0.681,0.646,0.647,0.597,0.592,0.704,0.69,none,P052,2026-05-26
H04264,22,18-24,Barking and Dagenham,students,families,0.869,0.173,0.289,0.386,0.215,0.433,0.806,0.825,0.762,0.582,0.514,0.682,0.656,0.604,0.107,0.751,dairy_free,P052,2026-05-26
H04265,26,25-34,Newham,young_professionals,families,0.084,0.822,0.0,0.454,0.396,0.804,0.629,0.607,0.531,0.974,0.468,0.923,0.649,0.539,0.58,0.648,none,P052,2026-05-26
H04266,22,18-24,Waltham Forest,students,foodies,0.832,0.331,0.269,0.289,0.363,0.538,0.894,0.794,0.987,0.763,0.568,0.772,0.716,0.947,0.46,0.462,none,P052,2026-05-26
H04267,23,18-24,Newham,students,young_professionals,0.773,0.584,0.496,0.115,0.416,0.492,0.75,0.747,0.848,0.811,0.515,0.867,0.674,0.756,0.487,0.692,none,P052,2026-05-26
H04268,30,25-34,Newham,young_professionals,families,0.311,0.805,0.271,0.639,0.156,0.673,0.735,0.548,0.282,0.646,0.478,0.627,0.595,0.581,0.554,0.84,none,P052,2026-05-26
H04269,18,18-24,Barnet,students,fitness,0.871,0.26,0.403,0.1,0.057,0.21,0.752,0.869,0.945,0.911,0.506,0.689,0.903,0.756,0.631,0.648,none,P052,2026-05-26
H04270,29,25-34,Newham,young_professionals,foodies,0.265,0.705,0.173,0.402,0.587,0.727,0.695,0.732,0.391,0.83,0.651,0.799,0.749,0.509,0.6,0.766,none,P052,2026-05-26
H04271,24,18-24,Hackney,students,fitness,0.708,0.331,0.342,0.227,0.273,0.469,0.635,0.789,0.796,0.702,0.618,0.723,0.802,0.877,0.352,0.497,gluten_free,P052,2026-05-26
H04272,20,18-24,Newham,students,families,0.882,0.398,0.369,0.525,0.225,0.497,0.887,0.757,0.829,0.962,0.437,0.803,0.8,0.789,0.303,0.875,nut_allergy,P052,2026-05-26
H04273,20,18-24,Newham,students,fitness,0.802,0.0,0.406,0.174,0.26,0.315,0.735,0.852,0.911,0.513,0.556,0.58,0.753,0.866,0.151,0.731,none,P052,2026-05-26
H04274,32,25-34,Hillingdon,young_professionals,foodies,0.255,0.795,0.195,0.041,0.471,0.772,0.651,0.627,0.493,0.852,0.461,0.872,0.842,0.568,0.447,0.636,none,P052,2026-05-26
H04275,30,25-34,Enfield,young_professionals,foodies,0.398,0.827,0.394,0.141,0.402,0.481,0.55,0.715,0.504,0.976,0.59,0.784,0.707,0.363,0.407,0.738,none,P052,2026-05-26
H04276,39,35-44,Newham,fitness,students,0.577,0.255,0.685,0.097,0.378,0.789,0.293,0.62,0.482,0.684,0.594,0.691,0.42,0.277,0.309,0.779,dairy_free,P052,2026-05-26
H04277,33,25-34,Newham,young_professionals,students,0.524,0.821,0.258,0.273,0.3,0.553,0.638,0.658,0.333,0.924,0.49,0.609,0.573,0.533,0.703,0.641,none,P052,2026-05-26
H04278,31,25-34,Waltham Forest,young_professionals,fitness,0.213,0.951,0.515,0.17,0.444,0.595,0.816,0.565,0.536,0.818,0.432,0.629,0.698,0.577,0.653,0.606,none,P052,2026-05-26
H04279,50,45+,Lambeth,foodies,young_professionals,0.241,0.454,0.397,0.318,0.961,0.543,0.841,0.605,0.36,0.318,0.729,0.663,0.61,0.53,0.894,0.435,dairy_free,P052,2026-05-26
H04280,24,18-24,Newham,young_professionals,foodies,0.336,0.656,0.275,0.227,0.471,0.648,0.514,0.65,0.506,0.801,0.591,0.898,0.825,0.58,0.594,0.737,none,P052,2026-05-26
H04281,33,25-34,Newham,young_professionals,foodies,0.221,0.819,0.297,0.207,0.354,0.671,0.696,0.648,0.618,0.926,0.524,0.862,0.582,0.568,0.348,0.748,vegetarian,P052,2026-05-26
H04282,20,18-24,Newham,students,young_professionals,0.829,0.327,0.311,0.109,0.305,0.486,0.791,0.788,1.0,0.664,0.598,0.662,0.649,0.607,0.34,0.623,none,P052,2026-05-26
H04283,31,25-34,Newham,young_professionals,foodies,0.25,0.88,0.325,0.144,0.433,0.673,0.638,0.609,0.354,0.872,0.682,0.521,0.717,0.491,0.589,0.522,none,P052,2026-05-26
H04284,20,18-24,Hillingdon,students,fitness,0.924,0.163,0.687,0.37,0.297,0.399,0.782,0.779,0.969,0.71,0.466,0.879,0.704,0.817,0.293,0.642,none,P052,2026-05-26
H04285,32,25-34,Hillingdon,young_professionals,foodies,0.267,0.896,0.11,0.27,0.412,0.412,0.699,0.652,0.325,0.744,0.75,0.663,0.599,0.454,0.65,0.684,none,P052,2026-05-26
H04286,20,18-24,Newham,students,families,0.886,0.017,0.087,0.5,0.466,0.727,0.662,0.935,0.997,0.647,0.759,0.591,0.746,0.827,0.439,0.923,none,P052,2026-05-26
H04287,35,35-44,Newham,young_professionals,foodies,0.0,0.979,0.308,0.411,0.524,0.753,0.576,0.584,0.536,0.955,0.735,0.742,0.59,0.634,0.468,0.85,gluten_free,P052,2026-05-26
H04288,28,25-34,Newham,young_professionals,families,0.413,0.871,0.128,0.473,0.144,0.524,0.611,0.713,0.53,0.943,0.622,0.686,0.744,0.54,0.681,0.588,none,P052,2026-05-26
H04289,22,18-24,Merton,young_professionals,students,0.501,0.767,0.0,0.325,0.235,0.437,0.963,0.654,0.631,0.765,0.659,0.608,0.304,0.659,0.623,0.586,none,P052,2026-05-26
H04290,36,35-44,Newham,families,students,0.341,0.138,0.32,0.839,0.12,0.625,0.081,0.374,0.585,0.893,0.513,0.601,0.775,0.66,0.509,0.355,none,P052,2026-05-26
H04291,24,18-24,Newham,students,foodies,0.808,0.208,0.23,0.178,0.253,0.401,0.689,0.947,0.985,0.83,0.646,0.463,0.648,0.57,0.638,0.651,none,P052,2026-05-26
H04292,27,25-34,Newham,young_professionals,foodies,0.232,0.883,0.397,0.316,0.404,0.549,0.749,0.681,0.431,0.848,0.701,0.815,0.762,0.555,0.738,0.743,vegetarian,P052,2026-05-26
H04293,26,25-34,Croydon,young_professionals,fitness,0.138,0.807,0.55,0.473,0.367,0.686,0.724,0.481,0.433,0.889,0.627,0.683,0.591,0.47,0.4,0.647,vegan|nut_allergy,P052,2026-05-26
H04294,24,18-24,Barnet,young_professionals,students,0.449,0.872,0.234,0.159,0.278,0.604,0.847,0.627,0.39,0.8,0.782,0.727,0.84,0.495,0.434,0.734,vegetarian,P052,2026-05-26
H04295,30,25-34,Southwark,young_professionals,fitness,0.328,0.893,0.338,0.318,0.247,0.467,0.791,0.578,0.518,0.978,0.641,0.888,0.521,0.54,0.522,0.571,none,P052,2026-05-26
H04296,29,25-34,Newham,young_professionals,students,0.441,0.785,0.142,0.228,0.189,0.461,0.797,0.668,0.489,0.895,0.662,0.768,0.55,0.732,0.677,0.542,gluten_free,P052,2026-05-26
H04297,28,25-34,Brent,young_professionals,fitness,0.198,1.0,0.368,0.229,0.32,0.69,0.561,0.642,0.468,0.907,0.867,0.661,0.714,0.535,0.564,0.652,none,P052,2026-05-26
H04298,30,25-34,Bromley,young_professionals,families,0.288,0.904,0.424,0.454,0.447,0.815,0.751,0.666,0.265,0.783,0.684,0.572,0.698,0.384,0.525,0.461,vegetarian,P052,2026-05-26
H04299,21,18-24,Wandsworth,students,fitness,0.845,0.33,0.37,0.334,0.286,0.498,0.875,0.834,0.827,0.67,0.376,0.865,0.857,0.65,0.542,0.631,none,P052,2026-05-26
H04300,22,18-24,Newham,students,young_professionals,0.923,0.358,0.323,0.313,0.215,0.493,0.763,0.741,0.853,0.624,0.378,0.847,0.83,0.905,0.408,0.609,none,P052,2026-05-26
H04301,27,25-34,Newham,young_professionals,students,0.607,0.839,0.442,0.338,0.091,0.506,0.822,0.644,0.499,0.98,0.479,0.805,0.666,0.57,0.573,0.669,dairy_free,P052,2026-05-26
H04302,24,18-24,Newham,students,young_professionals,0.872,0.566,0.158,0.151,0.361,0.381,0.762,0.631,0.925,0.71,0.546,0.905,0.929,0.86,0.557,0.563,vegetarian,P052,2026-05-26
H04303,37,35-44,Islington,foodies,young_professionals,0.311,0.381,0.31,0.363,0.798,0.743,0.766,0.45,0.266,0.39,0.789,0.805,0.608,0.711,0.751,0.284,gluten_free,P052,2026-05-26
H04304,25,25-34,Newham,young_professionals,fitness,0.382,0.822,0.45,0.43,0.199,0.508,0.547,0.646,0.333,0.884,0.48,1.0,0.777,0.462,0.507,0.627,none,P052,2026-05-26
H04305,30,25-34,Newham,foodies,fitness,0.126,0.082,0.297,0.191,0.68,0.519,0.965,0.463,0.071,0.333,0.661,0.5,0.768,0.626,1.0,0.45,none,P052,2026-05-26
H04306,26,25-34,Newham,young_professionals,families,0.0,0.931,0.374,0.541,0.123,0.565,0.784,0.57,0.38,0.834,0.662,0.756,0.611,0.677,0.671,0.595,none,P052,2026-05-26
H04307,28,25-34,Newham,young_professionals,families,0.206,0.85,0.412,0.469,0.291,0.535,0.742,0.63,0.393,0.986,0.763,0.797,0.667,0.49,0.598,0.505,none,P052,2026-05-26
H04308,19,18-24,Lewisham,students,young_professionals,0.844,0.406,0.262,0.182,0.0,0.339,0.638,0.752,1.0,0.934,0.668,0.777,0.517,1.0,0.497,0.418,none,P052,2026-05-26
H04309,29,25-34,Newham,young_professionals,foodies,0.425,0.953,0.385,0.403,0.429,0.569,0.826,0.697,0.441,0.824,0.483,0.642,0.669,0.551,0.693,0.624,vegan|dairy_free,P052,2026-05-26
H04310,19,18-24,Wandsworth,students,foodies,0.977,0.302,0.411,0.476,0.483,0.391,0.786,0.823,0.731,0.605,0.572,0.674,0.825,0.985,0.301,0.828,none,P052,2026-05-26
H04311,18,18-24,Hillingdon,students,families,0.88,0.157,0.387,0.395,0.321,0.496,0.74,0.831,1.0,0.648,0.771,0.522,0.824,0.748,0.481,0.641,nut_allergy,P052,2026-05-26
H04312,24,18-24,Newham,students,families,0.725,0.257,0.222,0.49,0.447,0.29,0.535,0.906,0.819,0.697,0.437,0.802,0.791,0.734,0.302,0.531,vegetarian|dairy_free,P052,2026-05-26
H04313,27,25-34,Greenwich,young_professionals,families,0.302,0.931,0.364,0.476,0.287,0.533,0.58,0.573,0.387,0.891,0.474,0.791,0.654,0.66,0.674,0.749,none,P052,2026-05-26
H04314,34,25-34,Newham,young_professionals,families,0.076,0.895,0.297,0.313,0.146,0.722,0.868,0.804,0.631,0.957,0.662,0.66,0.582,0.664,0.386,0.809,none,P052,2026-05-26
H04315,23,18-24,Lambeth,students,young_professionals,0.967,0.237,0.163,0.075,0.0,0.569,0.824,0.818,0.845,0.723,0.608,0.731,0.896,0.63,0.419,0.617,gluten_free,P052,2026-05-26
H04316,33,25-34,Newham,young_professionals,students,0.501,0.953,0.357,0.269,0.256,0.67,0.635,0.633,0.438,0.874,0.551,0.958,0.517,0.368,0.586,0.412,none,P052,2026-05-26
H04317,27,25-34,Newham,fitness,students,0.302,0.27,0.896,0.183,0.243,0.931,0.438,0.576,0.406,0.788,0.683,0.586,0.565,0.323,0.214,1.0,none,P052,2026-05-26
H04318,30,25-34,Greenwich,young_professionals,families,0.298,0.809,0.419,0.448,0.023,0.604,0.76,0.689,0.309,1.0,0.469,1.0,0.391,0.558,0.431,0.844,vegetarian,P052,2026-05-26
H04319,25,25-34,Newham,young_professionals,fitness,0.305,0.892,0.485,0.267,0.252,0.752,0.636,0.585,0.441,0.83,0.686,0.623,0.802,0.516,0.742,0.954,none,P052,2026-05-26
H04320,31,25-34,Newham,young_professionals,students,0.467,0.875,0.339,0.199,0.209,0.538,0.725,0.765,0.521,0.847,0.42,0.709,0.905,0.52,0.599,0.67,none,P052,2026-05-26
H04321,25,25-34,Westminster,fitness,families,0.177,0.085,0.963,0.459,0.296,0.882,0.514,0.506,0.247,0.659,0.476,0.657,0.249,0.278,0.23,0.908,none,organic,2026-05-26
H04322,26,25-34,Lambeth,young_professionals,foodies,0.338,0.862,0.243,0.123,0.643,0.612,0.724,0.628,0.44,0.953,0.503,0.959,0.72,0.516,0.709,0.751,none,organic,2026-05-26
H04323,28,25-34,Brent,young_professionals,foodies,0.327,0.837,0.237,0.248,0.351,0.407,0.741,0.543,0.298,0.973,0.494,0.669,0.597,0.572,0.597,0.744,none,organic,2026-05-26
H04324,31,25-34,Hounslow,foodies,fitness,0.232,0.143,0.372,0.324,0.729,0.474,0.919,0.349,0.369,0.284,0.584,0.367,0.737,0.584,0.91,0.43,none,organic,2026-05-26
H04325,48,45+,Hillingdon,families,students,0.401,0.398,0.257,0.822,0.105,0.551,0.344,0.482,0.919,0.699,0.486,0.633,0.631,0.826,0.55,0.347,none,organic,2026-05-26
H04326,36,35-44,Merton,young_professionals,foodies,0.369,0.921,0.237,0.066,0.42,0.587,0.772,0.624,0.279,0.789,0.885,0.898,0.693,0.464,0.655,0.779,none,organic,2026-05-26
H04327,48,45+,Southwark,foodies,fitness,0.201,0.173,0.212,0.013,0.953,0.633,0.836,0.601,0.24,0.363,0.658,0.759,0.658,0.45,0.924,0.391,dairy_free,organic,2026-05-27
H04328,38,35-44,Lewisham,foodies,fitness,0.372,0.126,0.573,0.409,0.664,0.631,1.0,0.468,0.361,0.348,0.695,0.387,0.755,0.519,0.904,0.568,vegetarian,organic,2026-05-28
H04329,36,35-44,Merton,fitness,students,0.471,0.294,0.903,0.228,0.242,1.0,0.553,0.584,0.57,0.606,0.708,0.83,0.343,0.311,0.323,0.982,none,organic,2026-05-28
H04330,25,25-34,Barnet,foodies,fitness,0.27,0.311,0.338,0.069,0.947,0.578,0.833,0.585,0.393,0.225,0.75,0.655,0.859,0.536,0.932,0.463,vegetarian,organic,2026-05-29
H04331,21,18-24,Lewisham,students,foodies,0.944,0.341,0.339,0.35,0.361,0.464,0.673,0.718,0.857,0.708,0.619,0.612,0.767,0.799,0.391,0.596,none,organic,2026-05-29
H04332,28,25-34,Haringey,young_professionals,students,0.499,0.882,0.349,0.365,0.317,0.599,0.86,0.724,0.44,0.654,0.826,0.866,0.641,0.559,0.778,0.611,vegetarian,organic,2026-05-29
H04333,42,35-44,Kensington and Chelsea,families,young_professionals,0.213,0.6,0.173,0.91,0.327,0.593,0.546,0.269,0.551,0.677,0.434,0.308,0.63,0.608,0.483,0.29,none,organic,2026-05-30
H04334,26,25-34,Sutton,young_professionals,students,0.329,0.746,0.225,0.0,0.185,0.688,0.619,0.605,0.432,0.989,0.395,0.58,0.942,0.691,0.421,1.0,none,organic,2026-05-31
H04335,39,35-44,Hackney,foodies,young_professionals,0.054,0.255,0.238,0.205,0.957,0.548,0.853,0.6,0.366,0.249,0.607,0.708,0.731,0.603,0.957,0.401,vegan,organic,2026-05-31
H04336,31,25-34,Wandsworth,fitness,families,0.307,0.375,0.843,0.583,0.312,0.792,0.24,0.633,0.601,0.53,0.468,0.56,0.323,0.185,0.359,0.913,vegetarian,organic,2026-05-31
H04337,25,25-34,Wandsworth,fitness,families,0.477,0.328,0.821,0.508,0.257,1.0,0.524,0.441,0.441,0.556,0.636,0.756,0.327,0.173,0.149,1.0,none,organic,2026-05-31
H04338,27,25-34,Southwark,young_professionals,families,0.237,0.886,0.04,0.428,0.291,0.686,0.721,0.623,0.408,0.908,0.493,0.612,0.781,0.584,0.658,0.62,dairy_free,organic,2026-05-31
H04339,42,35-44,Brent,foodies,families,0.197,0.282,0.099,0.448,0.918,0.497,0.755,0.66,0.33,0.232,0.911,0.54,0.78,0.264,0.894,0.156,gluten_free,organic,2026-06-01
H04340,33,25-34,Kensington and Chelsea,fitness,foodies,0.326,0.374,0.722,0.395,0.474,0.85,0.417,0.65,0.574,0.8,0.585,0.779,0.211,0.587,0.566,0.801,none,organic,2026-06-01
H04341,32,25-34,Southwark,young_professionals,foodies,0.132,0.8,0.501,0.344,0.525,0.704,0.725,0.615,0.347,0.633,0.571,0.503,0.632,0.737,0.592,0.537,none,organic,2026-06-01
H04342,30,25-34,Newham,young_professionals,foodies,0.038,0.795,0.29,0.321,0.487,0.438,0.616,0.789,0.59,0.975,0.637,0.813,0.601,0.505,0.356,0.675,none,organic,2026-06-03
H04343,20,18-24,Camden,students,families,0.937,0.384,0.197,0.435,0.147,0.363,0.706,0.856,0.956,0.745,0.565,0.937,0.642,0.725,0.146,0.59,none,organic,2026-06-03
H04344,31,25-34,Bexley,young_professionals,families,0.346,0.805,0.184,0.358,0.26,0.706,0.732,0.731,0.346,0.877,0.623,0.774,0.596,0.443,0.648,0.624,none,organic,2026-06-03
H04345,24,18-24,Hammersmith and Fulham,foodies,young_professionals,0.206,0.355,0.125,0.31,0.876,0.548,1.0,0.723,0.523,0.335,0.634,0.621,0.583,0.699,1.0,0.492,nut_allergy,organic,2026-06-04
H04346,21,18-24,Wandsworth,foodies,young_professionals,0.239,0.306,0.211,0.293,0.963,0.618,1.0,0.618,0.244,0.345,0.728,0.564,0.71,0.495,1.0,0.193,none,organic,2026-06-05
H04347,23,18-24,Camden,students,young_professionals,0.85,0.541,0.175,0.371,0.26,0.495,0.699,0.91,0.818,0.612,0.535,0.664,0.539,0.688,0.517,0.504,dairy_free,organic,2026-06-05
H04348,18,18-24,Camden,students,families,0.846,0.253,0.068,0.402,0.207,0.552,0.865,0.741,0.844,0.763,0.717,0.832,0.642,0.715,0.352,0.726,none,organic,2026-06-05
H04349,22,18-24,Ealing,students,young_professionals,0.794,0.658,0.469,0.064,0.115,0.566,0.808,0.919,1.0,0.609,0.602,0.63,0.835,0.702,0.406,0.424,none,organic,2026-06-05
H04350,32,25-34,Brent,families,young_professionals,0.503,0.507,0.284,0.816,0.231,0.705,0.421,0.263,0.683,0.823,0.515,0.505,0.711,0.756,0.226,0.489,vegetarian,organic,2026-06-05
H04351,33,25-34,Sutton,young_professionals,foodies,0.0,0.764,0.381,0.201,0.503,0.775,0.631,0.646,0.586,0.764,0.685,0.713,0.458,0.66,0.898,0.797,none,organic,2026-06-05
H04352,21,18-24,Lewisham,students,fitness,0.801,0.277,0.322,0.267,0.269,0.33,0.698,0.838,0.778,0.634,0.595,0.597,0.883,0.741,0.403,0.61,vegetarian,organic,2026-06-06
H04353,29,25-34,Croydon,families,students,0.559,0.441,0.165,0.86,0.33,0.684,0.326,0.465,0.808,0.667,0.546,0.437,0.549,0.553,0.55,0.694,vegan,organic,2026-06-07
H04354,22,18-24,Merton,young_professionals,families,0.198,0.864,0.266,0.462,0.131,0.442,0.906,0.998,0.4,0.99,0.69,0.842,0.559,0.437,0.543,0.599,none,organic,2026-06-07
H04355,24,18-24,Croydon,young_professionals,students,0.716,0.909,0.459,0.289,0.497,0.558,0.699,0.859,0.47,0.961,0.683,0.881,0.77,0.223,0.537,0.614,none,organic,2026-06-07
H04356,38,35-44,Westminster,foodies,students,0.261,0.254,0.082,0.053,0.941,0.632,0.794,0.522,0.181,0.265,0.894,0.554,0.632,0.685,1.0,0.329,vegetarian,organic,2026-06-07
H04357,32,25-34,Wandsworth,foodies,fitness,0.237,0.278,0.341,0.149,0.895,0.487,0.823,0.355,0.498,0.22,0.852,0.684,0.745,0.799,1.0,0.393,gluten_free,organic,2026-06-07
H04358,27,25-34,Hammersmith and Fulham,fitness,young_professionals,0.09,0.325,0.882,0.181,0.19,0.907,0.539,0.608,0.67,0.624,0.511,0.72,0.295,0.308,0.272,0.985,none,organic,2026-06-07
H04359,22,18-24,Greenwich,students,foodies,0.868,0.308,0.221,0.183,0.367,0.515,0.723,0.689,0.996,0.699,0.64,0.798,0.57,0.825,0.658,0.529,none,organic,2026-06-08
H04360,33,25-34,Newham,young_professionals,fitness,0.314,0.938,0.585,0.275,0.467,0.475,0.714,0.542,0.356,0.749,0.698,0.901,0.486,0.575,0.661,0.566,vegetarian,organic,2026-06-08
H04361,21,18-24,Westminster,students,fitness,0.836,0.126,0.359,0.208,0.192,0.404,0.723,0.82,0.779,0.602,0.647,0.708,0.418,0.809,0.456,0.573,none,organic,2026-06-08
H04362,24,18-24,Ealing,students,young_professionals,0.913,0.475,0.381,0.314,0.395,0.339,0.654,0.768,0.803,0.761,0.405,0.649,0.691,0.869,0.444,0.389,none,organic,2026-06-09
H04363,22,18-24,City of London,young_professionals,fitness,0.097,0.778,0.666,0.386,0.167,0.559,0.783,0.537,0.493,0.736,0.683,0.758,0.67,0.534,0.665,0.548,none,organic,2026-06-09
H04364,32,25-34,Lambeth,fitness,families,0.26,0.198,0.904,0.428,0.414,0.878,0.508,0.753,0.538,0.728,0.459,0.846,0.41,0.321,0.324,0.759,vegan,organic,2026-06-10
H04365,36,35-44,Hillingdon,fitness,young_professionals,0.29,0.328,0.93,0.259,0.221,1.0,0.564,0.392,0.522,0.523,0.557,0.755,0.396,0.292,0.251,1.0,none,organic,2026-06-11
H04366,33,25-34,Hammersmith and Fulham,foodies,fitness,0.433,0.095,0.575,0.0,0.958,0.614,0.854,0.567,0.321,0.291,0.805,0.591,0.647,0.549,0.713,0.366,gluten_free,organic,2026-06-11
H04367,31,25-34,Ealing,foodies,families,0.376,0.388,0.126,0.415,0.902,0.641,0.973,0.63,0.401,0.446,0.786,0.638,0.453,0.861,0.674,0.48,none,organic,2026-06-12
H04368,21,18-24,Westminster,foodies,families,0.27,0.322,0.39,0.476,0.93,0.513,0.797,0.755,0.325,0.247,0.697,0.778,0.557,0.584,0.934,0.728,vegetarian,P053,2026-06-14
H04369,35,35-44,Brent,families,foodies,0.205,0.306,0.23,0.773,0.314,0.578,0.382,0.286,0.766,0.873,0.342,0.491,0.591,0.861,0.431,0.279,none,P053,2026-06-14
H04370,30,25-34,Havering,young_professionals,students,0.435,0.788,0.225,0.307,0.386,0.66,0.827,0.536,0.487,0.985,0.576,0.744,0.819,0.503,0.535,0.632,none,P053,2026-06-14
H04371,36,35-44,Lambeth,fitness,families,0.387,0.385,0.839,0.391,0.244,0.892,0.586,0.59,0.449,0.598,0.589,0.756,0.473,0.67,0.429,0.758,none,P053,2026-06-14
H04372,38,35-44,Westminster,families,foodies,0.151,0.276,0.493,0.964,0.521,0.713,0.34,0.359,0.82,0.672,0.432,0.348,0.626,0.666,0.633,0.361,none,P053,2026-06-14
H04373,26,25-34,Redbridge,fitness,young_professionals,0.294,0.476,0.822,0.211,0.377,0.947,0.679,0.443,0.405,0.753,0.624,0.684,0.486,0.455,0.48,0.821,none,P053,2026-06-14
H04374,34,25-34,Lambeth,young_professionals,foodies,0.263,0.928,0.219,0.164,0.369,0.513,0.79,0.72,0.33,0.9,0.503,0.76,0.936,0.593,0.594,0.48,none,P053,2026-06-14
H04375,32,25-34,Lambeth,foodies,families,0.008,0.146,0.443,0.504,0.936,0.542,0.886,0.766,0.311,0.324,0.702,0.726,0.594,0.619,0.942,0.314,none,P053,2026-06-14
H04376,39,35-44,Lambeth,families,foodies,0.254,0.344,0.0,0.723,0.438,0.798,0.374,0.413,0.807,0.795,0.489,0.504,0.676,0.765,0.346,0.526,none,P053,2026-06-14
H04377,31,25-34,Lambeth,foodies,students,0.407,0.235,0.08,0.309,0.833,0.686,0.98,0.809,0.48,0.27,0.733,0.744,0.492,0.645,0.854,0.4,none,P053,2026-06-14
H04378,22,18-24,Lambeth,young_professionals,students,0.671,0.917,0.524,0.063,0.21,0.661,0.559,0.664,0.519,0.843,0.608,0.812,0.458,0.53,0.559,0.745,none,P053,2026-06-14
H04379,37,35-44,Lambeth,young_professionals,fitness,0.217,0.833,0.489,0.394,0.362,0.575,0.661,0.531,0.523,0.773,0.587,1.0,0.434,0.538,0.436,0.586,none,P053,2026-06-14
H04380,26,25-34,Lambeth,students,families,0.917,0.104,0.361,0.52,0.35,0.378,0.6,0.827,0.81,0.73,0.628,0.585,0.78,0.436,0.271,0.702,none,P053,2026-06-14
H04381,35,35-44,Lambeth,families,foodies,0.177,0.04,0.145,0.936,0.242,0.698,0.39,0.318,0.69,0.789,0.481,0.414,0.452,0.993,0.444,0.203,none,P053,2026-06-14
H04382,27,25-34,Lambeth,foodies,families,0.34,0.262,0.353,0.407,0.84,0.635,0.931,0.672,0.333,0.198,0.755,0.516,0.776,0.412,0.946,0.407,vegan|nut_allergy,P053,2026-06-14
H04383,32,25-34,Lambeth,foodies,students,0.415,0.217,0.343,0.376,0.853,0.676,0.922,0.69,0.167,0.327,0.718,0.558,0.564,0.758,0.874,0.454,vegetarian,P053,2026-06-14
H04384,33,25-34,Lambeth,young_professionals,foodies,0.41,1.0,0.11,0.434,0.483,0.473,0.759,0.746,0.676,1.0,0.625,0.68,0.603,0.467,0.881,0.318,none,P053,2026-06-14
H04385,25,25-34,Lambeth,young_professionals,fitness,0.241,0.939,0.458,0.419,0.136,0.509,0.808,0.564,0.441,0.776,0.616,0.849,0.846,0.575,0.413,0.726,vegan,P053,2026-06-14
H04386,29,25-34,Lambeth,fitness,families,0.316,0.384,0.897,0.387,0.361,0.813,0.435,0.602,0.546,0.653,0.5,0.803,0.494,0.433,0.256,1.0,nut_allergy,P053,2026-06-14
H04387,19,18-24,Lambeth,students,foodies,0.87,0.412,0.33,0.349,0.492,0.446,0.836,0.928,0.789,0.582,0.544,0.617,0.681,0.718,0.542,0.449,none,P053,2026-06-14
H04388,34,25-34,Lambeth,families,fitness,0.073,0.308,0.316,0.86,0.141,0.522,0.342,0.204,0.733,0.824,0.528,0.654,0.516,0.663,0.467,0.622,none,P053,2026-06-14
H04389,38,35-44,Lambeth,young_professionals,fitness,0.294,0.919,0.593,0.328,0.256,0.529,0.583,0.659,0.459,0.964,0.687,0.702,0.627,0.472,0.613,0.624,none,P053,2026-06-14
H04390,44,35-44,Lambeth,foodies,young_professionals,0.206,0.417,0.398,0.218,0.732,0.851,0.822,0.596,0.281,0.348,0.912,0.603,0.606,0.547,0.928,0.492,gluten_free,P053,2026-06-14
H04391,43,35-44,Bexley,families,fitness,0.258,0.29,0.374,0.935,0.307,0.682,0.321,0.254,0.812,0.609,0.416,0.57,0.556,0.767,0.346,0.385,none,P053,2026-06-14
H04392,30,25-34,Ealing,young_professionals,students,0.435,0.828,0.322,0.308,0.354,0.451,0.796,0.827,0.621,1.0,0.619,0.759,0.433,0.524,0.736,0.479,gluten_free,P053,2026-06-14
H04393,39,35-44,Lambeth,families,young_professionals,0.052,0.574,0.388,0.823,0.421,0.817,0.331,0.372,0.544,0.856,0.592,0.477,0.363,0.534,0.516,0.165,vegetarian,P053,2026-06-14
H04394,24,18-24,Camden,foodies,families,0.307,0.159,0.441,0.794,0.968,0.614,0.87,0.736,0.237,0.245,0.648,0.753,0.678,0.398,1.0,0.219,none,P053,2026-06-14
H04395,25,25-34,Haringey,foodies,young_professionals,0.045,0.422,0.398,0.308,0.714,0.588,0.906,0.467,0.369,0.283,0.69,0.601,0.571,0.587,1.0,0.267,none,P053,2026-06-14
H04396,22,18-24,Westminster,young_professionals,students,0.578,0.844,0.16,0.312,0.199,0.545,0.806,0.573,0.482,0.798,0.474,0.724,0.532,0.727,0.51,0.634,dairy_free,P053,2026-06-14
H04397,24,18-24,Lambeth,fitness,families,0.403,0.286,0.879,0.457,0.311,1.0,0.526,0.604,0.579,0.63,0.539,0.942,0.464,0.1,0.139,0.99,none,P053,2026-06-14
H04398,21,18-24,Lambeth,students,fitness,0.83,0.231,0.437,0.22,0.124,0.467,0.652,0.925,0.971,0.664,0.58,0.896,0.891,0.931,0.523,0.485,vegan,P053,2026-06-14
H04399,37,35-44,Westminster,foodies,fitness,0.176,0.31,0.414,0.326,0.8,0.312,0.895,0.618,0.279,0.354,0.91,0.59,0.744,0.802,0.826,0.612,none,P053,2026-06-14
H04400,29,25-34,Lambeth,fitness,foodies,0.0,0.509,0.715,0.196,0.575,0.781,0.568,0.482,0.464,0.795,0.535,0.429,0.37,0.313,0.321,1.0,none,P053,2026-06-14
H04401,29,25-34,Lambeth,foodies,students,0.404,0.37,0.365,0.276,0.859,0.375,0.99,0.504,0.412,0.214,0.908,0.388,0.739,0.556,1.0,0.607,none,P053,2026-06-14
H04402,35,35-44,Camden,young_professionals,fitness,0.207,0.891,0.505,0.353,0.212,0.551,0.831,0.599,0.374,0.731,0.594,0.732,0.737,0.402,0.398,0.427,none,P053,2026-06-14
H04403,33,25-34,Lambeth,young_professionals,foodies,0.443,0.943,0.32,0.0,0.543,0.7,0.681,0.708,0.359,0.712,0.593,0.614,0.447,0.554,0.568,0.529,none,P053,2026-06-14
H04404,33,25-34,Lambeth,fitness,families,0.266,0.321,0.859,0.56,0.499,0.841,0.483,0.668,0.555,0.657,0.589,0.676,0.512,0.336,0.319,0.747,none,P053,2026-06-14
H04405,30,25-34,Islington,families,foodies,0.277,0.35,0.261,0.749,0.529,0.493,0.419,0.367,0.958,0.844,0.444,0.581,0.592,0.813,0.413,0.387,none,P053,2026-06-14
H04406,32,25-34,Lambeth,young_professionals,families,0.464,0.819,0.23,0.571,0.344,0.623,0.648,0.524,0.491,0.979,0.51,0.784,0.916,0.664,0.601,0.638,none,P053,2026-06-14
H04407,29,25-34,Lambeth,young_professionals,fitness,0.239,1.0,0.284,0.061,0.281,0.698,0.891,0.766,0.484,0.861,0.545,0.774,0.727,0.567,0.603,0.654,none,P053,2026-06-14
H04408,33,25-34,Merton,fitness,young_professionals,0.0,0.46,0.782,0.397,0.407,0.892,0.67,0.588,0.619,0.46,0.526,0.631,0.605,0.33,0.356,0.936,none,P053,2026-06-14
H04409,26,25-34,Lambeth,students,young_professionals,0.698,0.484,0.467,0.239,0.386,0.526,0.873,0.734,0.731,0.905,0.506,0.707,0.891,0.727,0.325,0.817,none,P053,2026-06-14
H04410,37,35-44,Lambeth,young_professionals,fitness,0.371,1.0,0.465,0.255,0.407,0.771,0.655,0.613,0.464,0.715,0.575,0.674,0.492,0.414,0.61,0.786,none,P053,2026-06-14
H04411,26,25-34,Lambeth,foodies,fitness,0.217,0.368,0.488,0.46,0.98,0.681,1.0,0.602,0.326,0.34,0.675,0.668,0.687,0.556,1.0,0.43,vegetarian,P053,2026-06-14
H04412,35,35-44,Lambeth,foodies,students,0.52,0.188,0.257,0.052,0.91,0.679,0.837,0.448,0.273,0.335,0.774,0.57,0.643,0.71,0.819,0.404,none,P053,2026-06-14
H04413,30,25-34,Lambeth,families,students,0.259,0.186,0.257,0.943,0.0,0.555,0.563,0.382,0.783,0.881,0.668,0.651,0.458,0.876,0.47,0.563,none,P053,2026-06-14
H04414,26,25-34,Lambeth,young_professionals,families,0.188,0.824,0.312,0.409,0.043,0.638,0.569,0.647,0.348,1.0,0.715,0.785,0.782,0.499,0.682,0.649,none,P053,2026-06-14
H04415,30,25-34,Lambeth,young_professionals,families,0.303,0.799,0.214,0.583,0.294,0.643,0.859,0.591,0.308,0.822,0.551,0.782,0.625,0.577,0.622,0.765,none,P053,2026-06-14
H04416,36,35-44,Bromley,young_professionals,foodies,0.066,0.789,0.294,0.318,0.398,0.671,0.723,0.698,0.513,0.848,0.638,0.615,0.633,0.674,0.872,0.673,none,P053,2026-06-14
H04417,23,18-24,Islington,young_professionals,foodies,0.411,0.859,0.167,0.281,0.416,0.395,0.733,0.936,0.566,0.84,0.631,0.823,0.731,0.543,0.346,0.615,none,P053,2026-06-14
H04418,21,18-24,Lambeth,students,fitness,0.976,0.4,0.613,0.455,0.298,0.671,0.9,0.865,0.922,0.782,0.609,0.891,0.626,0.761,0.548,0.728,none,P053,2026-06-14
H04419,26,25-34,Ealing,young_professionals,fitness,0.299,0.841,0.559,0.328,0.485,0.709,0.705,0.762,0.445,0.969,0.701,0.743,0.681,0.6,0.741,0.653,none,P053,2026-06-14
H04420,26,25-34,Brent,fitness,young_professionals,0.199,0.387,0.855,0.326,0.284,0.911,0.378,0.418,0.472,0.536,0.361,0.665,0.446,0.466,0.348,0.937,none,P053,2026-06-14
H04421,38,35-44,Lambeth,families,young_professionals,0.2,0.626,0.152,0.859,0.183,0.762,0.2,0.563,0.709,0.821,0.445,0.482,0.52,0.785,0.369,0.276,none,P053,2026-06-14
H04422,23,18-24,Lambeth,students,fitness,0.661,0.355,0.519,0.281,0.44,0.434,0.672,0.761,0.699,0.668,0.408,0.885,0.838,0.86,0.291,0.651,none,P053,2026-06-14
H04423,30,25-34,Camden,fitness,families,0.093,0.144,0.941,0.394,0.094,0.852,0.552,0.631,0.606,0.729,0.41,0.527,0.532,0.244,0.333,0.976,none,P053,2026-06-14
H04424,34,25-34,Lambeth,fitness,families,0.171,0.117,0.854,0.484,0.429,0.951,0.455,0.446,0.519,0.675,0.411,0.691,0.299,0.357,0.146,0.747,none,P053,2026-06-14
H04425,31,25-34,Lambeth,young_professionals,foodies,0.075,0.909,0.286,0.276,0.396,0.662,0.498,0.635,0.267,0.777,0.452,0.797,0.722,0.696,0.484,0.571,none,P053,2026-06-14
H04426,25,25-34,Brent,students,foodies,0.826,0.388,0.329,0.147,0.397,0.525,0.88,0.821,1.0,0.728,0.606,0.731,0.725,0.808,0.487,0.611,none,organic,2026-06-14
H04427,31,25-34,Brent,young_professionals,students,0.482,0.791,0.282,0.209,0.215,0.675,0.767,0.674,0.492,0.808,0.516,0.697,0.493,0.605,0.48,0.728,none,organic,2026-06-14
H04428,22,18-24,Southwark,young_professionals,foodies,0.4,0.691,0.284,0.218,0.428,0.697,0.755,0.401,0.535,0.957,0.642,0.759,0.771,0.565,0.387,0.562,none,organic,2026-06-14
H04429,31,25-34,Hillingdon,young_professionals,fitness,0.344,0.815,0.563,0.354,0.226,0.383,0.829,0.729,0.413,0.869,0.691,0.889,0.632,0.711,0.578,0.793,none,organic,2026-06-14
H04430,24,18-24,Greenwich,foodies,fitness,0.39,0.07,0.408,0.269,0.899,0.74,0.953,0.487,0.302,0.285,0.64,0.617,0.748,0.679,1.0,0.317,dairy_free,organic,2026-06-14
H04431,22,18-24,Hounslow,young_professionals,foodies,0.2,0.904,0.091,0.306,0.309,0.722,0.669,0.552,0.534,0.779,0.492,0.707,0.793,0.725,0.823,0.62,none,organic,2026-06-15
H04432,22,18-24,Camden,young_professionals,families,0.309,0.902,0.212,0.402,0.272,0.735,0.633,0.665,0.376,0.777,0.621,0.607,0.744,0.636,0.67,0.395,vegetarian,organic,2026-06-15
H04433,43,35-44,Greenwich,foodies,young_professionals,0.192,0.568,0.568,0.19,0.909,0.631,0.855,0.682,0.274,0.161,0.614,0.806,0.572,0.613,1.0,0.422,none,organic,2026-06-16
H04434,25,25-34,Lewisham,young_professionals,families,0.214,0.875,0.22,0.402,0.284,0.644,0.851,0.708,0.436,0.832,0.516,0.711,0.574,0.467,0.67,0.601,none,organic,2026-06-16
H04435,30,25-34,Lewisham,young_professionals,students,0.436,0.848,0.019,0.251,0.112,0.76,0.756,0.572,0.338,0.847,0.651,0.658,0.627,0.318,0.698,0.547,none,organic,2026-06-17
H04436,25,25-34,Barnet,fitness,foodies,0.097,0.236,1.0,0.08,0.566,0.878,0.317,0.585,0.387,0.564,0.524,0.743,0.533,0.178,0.494,0.765,vegetarian|gluten_free,organic,2026-06-17
H04437,21,18-24,Richmond upon Thames,foodies,families,0.489,0.349,0.329,0.531,0.732,0.791,0.792,0.531,0.196,0.377,0.876,0.636,0.594,0.683,0.942,0.485,nut_allergy,organic,2026-06-17
H04438,33,25-34,Camden,young_professionals,students,0.635,0.839,0.179,0.267,0.094,0.486,0.682,0.637,0.532,0.926,0.395,0.563,0.788,0.409,0.724,0.343,none,organic,2026-06-17
H04439,33,25-34,Southwark,fitness,families,0.139,0.309,0.793,0.358,0.31,1.0,0.521,0.422,0.332,0.658,0.583,0.744,0.266,0.327,0.339,0.787,none,organic,2026-06-18
H04440,22,18-24,Islington,young_professionals,students,0.489,0.902,0.292,0.235,0.182,0.403,0.627,0.737,0.317,0.798,0.487,0.786,0.597,0.417,0.796,0.716,none,organic,2026-06-19
H04441,36,35-44,Tower Hamlets,foodies,fitness,0.259,0.504,0.554,0.071,0.836,0.626,0.824,0.725,0.312,0.446,0.761,0.457,0.638,0.808,1.0,0.643,gluten_free,organic,2026-06-19
H04442,35,35-44,Hackney,fitness,foodies,0.249,0.143,0.763,0.294,0.294,0.95,0.47,0.383,0.505,0.464,0.554,0.794,0.375,0.275,0.515,0.915,none,organic,2026-06-19
H04443,23,18-24,Wandsworth,students,young_professionals,0.668,0.239,0.133,0.192,0.234,0.278,0.569,0.968,0.694,0.78,0.686,0.694,0.738,0.767,0.188,0.47,gluten_free,organic,2026-06-19
H04444,42,35-44,Croydon,fitness,foodies,0.269,0.25,0.852,0.275,0.34,0.757,0.611,0.512,0.452,0.587,0.648,0.806,0.445,0.341,0.303,0.844,gluten_free,organic,2026-06-19
H04445,36,35-44,Waltham Forest,families,students,0.559,0.555,0.223,0.743,0.191,0.645,0.331,0.409,0.776,0.713,0.641,0.412,0.562,0.526,0.459,0.215,none,P054,2026-06-20
H04446,37,35-44,Waltham Forest,foodies,young_professionals,0.483,0.549,0.276,0.189,0.819,0.597,0.981,0.819,0.277,0.163,0.742,0.445,0.638,0.78,0.854,0.274,vegetarian,P054,2026-06-20
H04447,44,35-44,Richmond upon Thames,families,young_professionals,0.258,0.397,0.069,0.818,0.272,0.686,0.517,0.238,0.645,0.807,0.811,0.709,0.675,1.0,0.441,0.404,none,P054,2026-06-20
H04448,18,18-24,Waltham Forest,students,young_professionals,0.874,0.366,0.362,0.143,0.365,0.588,0.89,0.785,1.0,0.676,0.632,0.611,0.567,0.814,0.556,0.635,none,P054,2026-06-20
H04449,27,25-34,Waltham Forest,families,young_professionals,0.431,0.519,0.016,0.87,0.16,0.734,0.456,0.4,0.656,0.722,0.522,0.493,0.413,0.8,0.456,0.352,none,P054,2026-06-20
H04450,22,18-24,Waltham Forest,students,foodies,0.846,0.331,0.054,0.301,0.331,0.385,0.647,0.777,0.697,0.699,0.517,0.782,0.545,0.842,0.469,0.74,none,P054,2026-06-20
H04451,21,18-24,Hounslow,foodies,students,0.467,0.281,0.109,0.289,0.823,0.621,0.958,0.56,0.302,0.244,0.701,0.647,0.512,0.887,0.865,0.425,gluten_free,P054,2026-06-20
H04452,27,25-34,Waltham Forest,families,foodies,0.557,0.308,0.0,0.889,0.61,0.477,0.287,0.309,0.775,0.696,0.495,0.469,0.497,0.931,0.635,0.49,none,P054,2026-06-20
H04453,32,25-34,Southwark,young_professionals,foodies,0.146,0.926,0.151,0.081,0.457,0.547,0.687,0.519,0.477,0.993,0.583,0.846,0.415,0.436,0.612,0.428,none,P054,2026-06-20
H04454,39,35-44,Greenwich,families,foodies,0.265,0.275,0.0,0.737,0.376,0.584,0.179,0.706,0.704,0.841,0.312,0.455,0.551,0.694,0.593,0.318,none,P054,2026-06-20
H04455,33,25-34,Waltham Forest,foodies,fitness,0.304,0.118,0.449,0.213,0.97,0.632,1.0,0.577,0.383,0.432,0.68,0.877,0.751,0.597,0.93,0.259,none,P054,2026-06-20
H04456,49,45+,Ealing,foodies,fitness,0.456,0.149,0.576,0.505,0.892,0.594,0.949,0.73,0.363,0.443,0.675,0.413,0.497,0.565,0.857,0.385,none,P054,2026-06-20
H04457,27,25-34,Croydon,families,students,0.687,0.359,0.343,0.938,0.258,0.51,0.433,0.437,0.69,0.822,0.436,0.716,0.947,0.678,0.641,0.333,none,P054,2026-06-20
H04458,44,35-44,Waltham Forest,families,fitness,0.257,0.392,0.587,0.773,0.331,0.718,0.241,0.322,0.685,0.76,0.556,0.477,0.506,0.82,0.642,0.387,dairy_free|nut_allergy,P054,2026-06-20
H04459,20,18-24,Waltham Forest,fitness,students,0.549,0.274,0.926,0.546,0.421,0.861,0.436,0.607,0.523,0.586,0.558,0.935,0.306,0.278,0.419,0.908,none,P054,2026-06-20
H04460,35,35-44,Newham,young_professionals,fitness,0.307,0.718,0.332,0.166,0.329,0.598,0.655,0.564,0.393,0.919,0.575,0.5,0.502,0.453,0.568,0.615,none,P054,2026-06-20
H04461,19,18-24,Hillingdon,fitness,foodies,0.188,0.418,0.871,0.26,0.441,0.876,0.52,0.552,0.686,0.702,0.528,0.521,0.589,0.255,0.39,0.898,none,P054,2026-06-20
H04462,35,35-44,Waltham Forest,families,fitness,0.318,0.218,0.717,1.0,0.384,0.627,0.343,0.312,0.669,0.757,0.659,0.532,0.731,0.476,0.668,0.189,gluten_free,P054,2026-06-20
H04463,33,25-34,Tower Hamlets,foodies,students,0.442,0.174,0.305,0.439,0.725,0.608,0.959,0.687,0.221,0.343,0.668,0.529,0.749,0.591,1.0,0.331,none,P054,2026-06-20
H04464,36,35-44,Tower Hamlets,families,fitness,0.134,0.343,0.572,0.834,0.285,0.563,0.284,0.44,0.64,0.974,0.526,0.576,0.415,0.676,0.484,0.47,none,P054,2026-06-20
H04465,34,25-34,Merton,foodies,students,0.349,0.188,0.155,0.0,0.9,0.667,0.738,0.559,0.29,0.413,0.69,0.714,0.586,0.626,0.915,0.358,gluten_free,P054,2026-06-20
H04466,36,35-44,Wandsworth,families,young_professionals,0.086,0.449,0.218,0.883,0.173,0.652,0.375,0.454,0.615,0.763,0.448,0.484,0.767,0.723,0.394,0.392,none,P054,2026-06-20
H04467,31,25-34,Newham,families,fitness,0.178,0.234,0.528,0.872,0.046,0.723,0.229,0.232,0.812,0.738,0.851,0.616,0.765,0.637,0.49,0.447,dairy_free,P054,2026-06-20
H04468,21,18-24,Waltham Forest,students,families,0.78,0.191,0.167,0.273,0.238,0.366,0.653,0.932,0.88,0.757,0.435,0.666,0.893,0.766,0.42,0.618,none,P054,2026-06-20
H04469,38,35-44,Lambeth,families,young_professionals,0.306,0.397,0.28,0.733,0.363,0.538,0.401,0.333,0.688,0.696,0.783,0.3,0.659,0.749,0.406,0.397,none,P054,2026-06-20
H04470,18,18-24,Greenwich,students,foodies,0.736,0.21,0.17,0.351,0.462,0.508,0.562,0.83,0.898,0.798,0.668,0.583,0.859,0.734,0.365,0.724,none,P054,2026-06-20
H04471,38,35-44,Waltham Forest,families,fitness,0.289,0.377,0.498,0.715,0.436,0.745,0.551,0.419,0.575,0.81,0.531,0.373,0.584,0.807,0.626,0.292,nut_allergy,P054,2026-06-20
H04472,47,45+,Bromley,families,students,0.501,0.385,0.379,0.771,0.416,0.634,0.215,0.644,0.622,0.803,0.472,0.595,0.598,0.66,0.34,0.265,none,P054,2026-06-20
H04473,29,25-34,Waltham Forest,families,young_professionals,0.41,0.467,0.198,0.862,0.354,0.783,0.375,0.409,0.896,0.671,0.4,0.61,0.725,0.878,0.472,0.265,none,P054,2026-06-20
H04474,27,25-34,Waltham Forest,foodies,fitness,0.074,0.234,0.549,0.218,0.894,0.839,0.813,0.584,0.283,0.3,0.707,0.818,0.712,0.899,0.901,0.581,gluten_free,P054,2026-06-20
H04475,31,25-34,Waltham Forest,fitness,families,0.367,0.432,0.808,0.55,0.178,0.789,0.616,0.619,0.465,0.631,0.534,0.588,0.27,0.189,0.465,1.0,gluten_free,P054,2026-06-20
H04476,35,35-44,Waltham Forest,fitness,young_professionals,0.117,0.415,0.958,0.222,0.367,0.788,0.442,0.598,0.595,0.698,0.639,0.623,0.404,0.291,0.17,0.94,none,P054,2026-06-20
H04477,44,35-44,Southwark,families,young_professionals,0.328,0.466,0.392,0.837,0.088,0.601,0.218,0.303,0.824,0.846,0.436,0.324,0.529,0.965,0.55,0.322,none,P054,2026-06-20
H04478,22,18-24,Waltham Forest,young_professionals,foodies,0.256,0.76,0.241,0.263,0.349,0.61,0.693,0.632,0.462,0.759,0.384,0.749,0.567,0.605,0.534,0.422,none,P054,2026-06-20
H04479,30,25-34,Lambeth,young_professionals,families,0.087,0.71,0.225,0.272,0.212,0.792,0.659,0.674,0.472,0.939,0.488,0.746,0.519,0.591,0.782,0.69,none,P054,2026-06-20
H04480,27,25-34,Croydon,young_professionals,students,0.371,0.763,0.101,0.186,0.0,0.56,0.698,0.485,0.554,0.838,0.537,0.863,0.49,0.555,0.478,0.499,none,P054,2026-06-20
H04481,40,35-44,Bromley,foodies,families,0.222,0.146,0.0,0.252,0.858,0.599,0.83,0.522,0.208,0.498,0.711,0.909,0.589,0.583,0.798,0.464,none,P054,2026-06-20
H04482,21,18-24,Waltham Forest,students,families,0.876,0.383,0.401,0.425,0.159,0.369,0.757,0.922,0.823,0.832,0.607,0.456,0.64,1.0,0.435,0.442,none,P054,2026-06-20
H04483,32,25-34,Waltham Forest,foodies,students,0.438,0.249,0.184,0.0,0.794,0.616,0.8,0.691,0.47,0.352,0.702,0.829,0.752,0.454,0.927,0.357,nut_allergy,P054,2026-06-20
H04484,26,25-34,Waltham Forest,young_professionals,foodies,0.2,0.826,0.256,0.313,0.445,0.653,0.723,0.762,0.475,0.633,0.59,0.819,0.53,0.861,0.582,0.717,none,P054,2026-06-20
H04485,41,35-44,Waltham Forest,families,young_professionals,0.284,0.36,0.271,0.829,0.128,0.557,0.258,0.399,0.675,0.86,0.554,0.5,0.473,0.715,0.34,0.409,none,P054,2026-06-20
H04486,30,25-34,Waltham Forest,families,fitness,0.307,0.284,0.481,0.871,0.186,0.642,0.323,0.466,0.721,0.766,0.663,0.372,0.568,0.632,0.436,0.197,none,P054,2026-06-20
H04487,33,25-34,Waltham Forest,fitness,families,0.0,0.251,0.926,0.259,0.049,0.793,0.388,0.57,0.584,0.779,0.595,0.618,0.388,0.417,0.545,1.0,vegan,P054,2026-06-20
H04488,31,25-34,Ealing,fitness,young_professionals,0.342,0.459,0.962,0.43,0.209,0.878,0.375,0.458,0.551,0.498,0.723,1.0,0.342,0.445,0.182,0.948,none,P054,2026-06-20
H04489,36,35-44,Newham,families,students,0.369,0.272,0.244,0.799,0.272,0.739,0.342,0.477,0.683,0.491,0.547,0.38,0.564,0.833,0.718,0.181,none,P054,2026-06-20
H04490,21,18-24,Lambeth,students,young_professionals,0.794,0.384,0.234,0.27,0.359,0.446,0.887,0.839,0.805,0.855,0.5,0.89,0.741,0.782,0.406,0.514,vegan,P054,2026-06-20
H04491,21,18-24,Waltham Forest,students,families,0.787,0.307,0.283,0.394,0.282,0.467,0.884,0.712,0.952,0.812,0.492,0.622,0.795,0.9,0.724,0.461,none,P054,2026-06-20
H04492,36,35-44,Waltham Forest,families,foodies,0.131,0.265,0.265,0.869,0.363,0.627,0.291,0.25,0.565,0.818,0.625,0.539,0.571,0.689,0.335,0.272,none,P054,2026-06-20
H04493,39,35-44,Lambeth,families,foodies,0.189,0.306,0.078,0.809,0.364,0.585,0.428,0.496,0.643,0.767,0.636,0.459,0.425,0.835,0.551,0.385,none,P054,2026-06-20
H04494,37,35-44,Hounslow,foodies,fitness,0.124,0.073,0.353,0.31,0.985,0.578,0.626,0.504,0.385,0.221,0.808,0.703,0.581,0.708,0.94,0.382,none,P054,2026-06-20
H04495,24,18-24,Tower Hamlets,young_professionals,families,0.119,0.913,0.153,0.61,0.152,0.45,0.81,0.699,0.639,0.893,0.615,0.832,0.501,0.452,0.608,0.587,vegan,P054,2026-06-20
H04496,43,35-44,Waltham Forest,fitness,students,0.569,0.0,0.868,0.121,0.473,0.891,0.619,0.597,0.47,0.655,0.442,0.466,0.545,0.209,0.522,0.863,none,P054,2026-06-20
H04497,42,35-44,Waltham Forest,families,students,0.442,0.223,0.311,0.865,0.357,0.552,0.322,0.349,0.651,0.826,0.596,0.615,0.849,0.882,0.316,0.271,nut_allergy,P054,2026-06-20
H04498,36,35-44,Waltham Forest,families,young_professionals,0.231,0.35,0.257,1.0,0.276,0.516,0.25,0.452,0.483,0.603,0.545,0.549,0.56,0.802,0.397,0.532,none,P054,2026-06-20
H04499,26,25-34,Waltham Forest,fitness,students,0.272,0.005,0.827,0.108,0.219,0.974,0.415,0.505,0.455,0.61,0.747,0.723,0.201,0.221,0.295,0.951,none,P054,2026-06-20
H04500,29,25-34,Havering,young_professionals,foodies,0.172,0.751,0.255,0.087,0.354,0.482,0.628,0.669,0.435,1.0,0.428,0.704,0.744,0.497,0.6,0.96,none,P054,2026-06-20
H04501,25,25-34,Waltham Forest,students,foodies,0.895,0.411,0.27,0.056,0.463,0.483,0.567,0.795,0.87,0.437,0.475,1.0,0.467,0.611,0.158,0.36,none,P054,2026-06-20
H04502,18,18-24,Waltham Forest,students,families,0.774,0.436,0.261,0.551,0.229,0.321,0.797,0.851,0.84,0.605,0.629,0.754,0.959,0.802,0.237,0.366,none,P054,2026-06-20
H04503,36,35-44,Waltham Forest,fitness,families,0.348,0.207,0.737,0.52,0.513,0.951,0.476,0.52,0.478,0.923,0.605,0.794,0.45,0.181,0.407,0.821,vegetarian,P054,2026-06-20
H04504,24,18-24,Merton,young_professionals,fitness,0.432,0.939,0.49,0.372,0.157,0.475,0.638,0.567,0.293,0.868,0.597,0.909,0.795,0.571,0.695,0.637,vegetarian,P054,2026-06-20
H04505,18,18-24,Waltham Forest,students,families,0.817,0.277,0.332,0.4,0.117,0.493,0.765,0.889,0.893,0.621,0.485,0.899,0.686,0.678,0.395,0.518,none,P054,2026-06-20
H04506,39,35-44,Harrow,families,young_professionals,0.211,0.408,0.342,0.84,0.347,0.713,0.393,0.402,0.767,0.742,0.551,0.576,0.696,0.828,0.408,0.395,none,P054,2026-06-20
H04507,25,25-34,Southwark,young_professionals,students,0.66,0.901,0.106,0.276,0.567,0.569,0.622,0.717,0.438,0.868,0.661,0.771,0.487,0.653,0.724,0.903,none,organic,2026-06-20
H04508,22,18-24,Newham,fitness,students,0.497,0.408,0.806,0.435,0.348,0.947,0.467,0.702,0.312,0.668,0.547,0.672,0.168,0.453,0.182,0.955,none,organic,2026-06-21
H04509,18,18-24,Enfield,students,fitness,0.906,0.563,0.613,0.443,0.027,0.556,0.696,0.814,0.769,0.627,0.411,0.651,0.546,1.0,0.385,0.596,none,organic,2026-06-21
H04510,31,25-34,Southwark,foodies,fitness,0.275,0.25,0.313,0.103,0.95,0.565,0.86,0.549,0.304,0.465,0.813,0.847,0.506,0.626,0.916,0.475,none,organic,2026-06-21
H04511,22,18-24,Camden,students,families,0.842,0.354,0.21,0.517,0.135,0.624,0.619,0.883,0.776,0.746,0.645,0.538,0.831,0.672,0.171,0.646,vegetarian,organic,2026-06-23
H04512,30,25-34,Enfield,young_professionals,fitness,0.242,0.823,0.412,0.267,0.267,0.756,0.697,0.538,0.395,0.826,0.625,0.937,0.829,0.583,0.265,0.499,none,organic,2026-06-23
H04513,38,35-44,Croydon,foodies,fitness,0.292,0.276,0.477,0.215,0.898,0.554,0.927,0.489,0.377,0.287,0.706,0.762,0.807,0.499,0.982,0.413,none,organic,2026-06-23
H04514,28,25-34,Barnet,foodies,fitness,0.078,0.295,0.529,0.525,0.836,0.438,0.811,0.535,0.192,0.317,0.74,0.622,0.592,0.733,0.928,0.229,vegetarian,organic,2026-06-24
H04515,34,25-34,Enfield,foodies,fitness,0.373,0.093,0.492,0.255,0.822,0.505,1.0,0.613,0.22,0.268,0.853,0.682,0.521,0.241,0.967,0.564,gluten_free,organic,2026-06-24
H04516,26,25-34,Kensington and Chelsea,young_professionals,students,0.571,0.939,0.091,0.322,0.404,0.53,0.721,0.602,0.418,0.827,0.623,0.733,0.456,0.697,0.733,0.675,none,organic,2026-06-25
H04517,25,25-34,Islington,young_professionals,fitness,0.372,0.817,0.468,0.145,0.369,0.466,0.677,0.642,0.591,0.739,0.535,0.665,0.418,0.319,0.633,0.562,vegan,organic,2026-06-25
H04518,24,18-24,Lambeth,young_professionals,fitness,0.263,0.685,0.651,0.203,0.292,0.684,0.546,0.694,0.374,1.0,0.781,0.903,0.931,0.476,0.695,0.538,none,organic,2026-06-27
H04519,34,25-34,Merton,young_professionals,families,0.322,0.733,0.354,0.607,0.308,0.583,0.798,0.56,0.508,0.873,0.668,0.463,0.434,0.365,0.761,0.555,none,organic,2026-06-27
H04520,19,18-24,Redbridge,students,fitness,0.833,0.106,0.389,0.0,0.161,0.19,0.81,0.765,0.888,0.69,0.47,0.686,0.933,0.968,0.435,0.354,none,organic,2026-06-27
H04521,37,35-44,Ealing,families,fitness,0.367,0.086,0.419,0.848,0.279,0.726,0.3,0.323,0.731,0.632,0.669,0.733,0.434,0.825,0.68,0.293,none,organic,2026-06-27
H04522,31,25-34,Islington,young_professionals,foodies,0.19,0.761,0.16,0.299,0.468,0.585,0.743,0.643,0.335,0.944,0.667,0.918,0.671,0.496,0.653,0.554,none,organic,2026-06-27
H04523,22,18-24,Westminster,fitness,foodies,0.349,0.231,0.739,0.191,0.488,0.908,0.36,0.316,0.595,0.815,0.709,0.72,0.308,0.361,0.392,1.0,none,organic,2026-06-28
H04524,40,35-44,Harrow,foodies,fitness,0.099,0.097,0.312,0.081,0.93,0.733,0.959,0.502,0.171,0.47,0.702,0.482,0.406,0.728,1.0,0.667,none,organic,2026-06-28
H04525,38,35-44,Hammersmith and Fulham,foodies,fitness,0.227,0.274,0.298,0.202,0.728,0.571,0.825,0.558,0.449,0.251,1.0,0.666,0.743,0.787,0.908,0.448,vegan,organic,2026-06-28
H04526,27,25-34,Barnet,young_professionals,fitness,0.303,0.758,0.348,0.102,0.288,0.804,0.733,0.698,0.361,0.597,0.537,0.552,0.674,0.58,0.622,0.638,nut_allergy,organic,2026-06-29
H04527,24,18-24,Hammersmith and Fulham,students,families,0.803,0.174,0.271,0.331,0.234,0.483,0.711,0.856,1.0,0.588,0.525,0.508,0.721,0.976,0.521,0.47,vegan,organic,2026-06-29
H04528,18,18-24,Lambeth,students,young_professionals,0.957,0.683,0.329,0.543,0.202,0.597,0.607,0.69,0.852,0.849,0.62,0.486,0.717,0.67,0.434,0.823,none,organic,2026-06-29
H04529,32,25-34,Camden,foodies,students,0.611,0.38,0.232,0.247,0.879,0.475,1.0,0.482,0.33,0.474,0.736,0.551,0.718,0.648,1.0,0.257,gluten_free,organic,2026-06-29
H04530,43,35-44,Wandsworth,families,young_professionals,0.215,0.493,0.278,0.856,0.165,0.647,0.493,0.402,0.807,0.687,0.454,0.126,0.561,0.874,0.243,0.338,vegetarian,organic,2026-06-29
H04531,20,18-24,Lambeth,students,families,0.906,0.216,0.154,0.407,0.264,0.493,0.884,0.765,0.775,0.608,0.67,0.721,0.851,0.711,0.364,0.63,none,organic,2026-06-30
H04532,23,18-24,Lewisham,fitness,young_professionals,0.039,0.46,0.799,0.169,0.397,0.872,0.726,0.326,0.443,0.619,0.615,0.788,0.417,0.49,0.305,1.0,gluten_free,organic,2026-06-30
H04533,50,45+,Croydon,families,fitness,0.165,0.405,0.467,0.87,0.259,0.688,0.302,0.45,0.889,0.739,0.507,0.376,0.505,0.701,0.322,0.467,none,organic,2026-06-30
H04534,26,25-34,Barking and Dagenham,young_professionals,fitness,0.097,0.871,0.263,0.114,0.044,0.478,0.531,0.812,0.457,1.0,0.518,0.594,0.821,0.579,0.749,0.503,vegan,organic,2026-07-01
H04535,34,25-34,Lewisham,young_professionals,foodies,0.24,0.917,0.239,0.185,0.352,0.631,0.826,0.757,0.536,0.831,0.532,0.764,0.508,0.648,0.549,0.629,gluten_free,organic,2026-07-01
H04536,36,35-44,Merton,foodies,families,0.298,0.0,0.329,0.555,0.864,0.512,0.773,0.884,0.284,0.267,0.796,0.516,0.732,0.501,1.0,0.295,none,organic,2026-07-01
H04537,30,25-34,Lambeth,young_professionals,families,0.411,0.829,0.105,0.434,0.361,0.746,0.707,0.802,0.316,0.863,0.481,0.961,0.977,0.7,0.466,0.511,none,organic,2026-07-02
H04538,18,18-24,Islington,students,foodies,0.86,0.208,0.393,0.308,0.397,0.424,0.749,0.759,0.908,0.711,0.573,0.649,0.556,0.831,0.41,0.641,none,organic,2026-07-02
H04539,28,25-34,Lambeth,young_professionals,students,0.25,0.861,0.21,0.108,0.243,0.561,0.713,0.589,0.397,0.602,0.461,0.618,0.563,0.185,0.577,0.639,none,organic,2026-07-03
H04540,36,35-44,Merton,families,foodies,0.294,0.224,0.345,0.93,0.679,0.753,0.184,0.318,0.525,0.736,0.664,0.353,0.536,0.846,0.651,0.352,none,organic,2026-07-03
H04541,21,18-24,Barking and Dagenham,students,families,0.805,0.258,0.422,0.565,0.078,0.425,0.747,0.769,1.0,0.652,0.664,0.708,0.965,0.827,0.293,0.567,none,organic,2026-07-03
H04542,27,25-34,Newham,young_professionals,foodies,0.495,0.838,0.306,0.099,0.5,0.545,0.749,0.508,0.465,0.801,0.459,0.708,0.474,0.479,0.336,0.57,none,organic,2026-07-04
H04543,32,25-34,Havering,families,foodies,0.33,0.075,0.19,0.797,0.39,0.71,0.513,0.527,0.896,0.703,0.606,0.511,0.831,0.825,0.573,0.388,vegan,organic,2026-07-04
H04544,38,35-44,Barnet,foodies,fitness,0.314,0.194,0.399,0.289,0.948,0.65,0.837,0.625,0.345,0.387,0.777,0.675,0.95,0.616,1.0,0.404,none,organic,2026-07-05
H04545,23,18-24,Hillingdon,students,foodies,0.815,0.256,0.099,0.109,0.362,0.397,0.654,0.673,1.0,0.637,0.551,0.925,0.655,0.764,0.463,0.556,none,organic,2026-07-05
H04546,35,35-44,Lewisham,young_professionals,families,0.142,0.747,0.155,0.208,0.082,0.549,0.463,0.519,0.626,0.922,0.631,0.816,0.509,0.591,0.571,0.783,none,organic,2026-07-06
H04547,20,18-24,Lambeth,students,fitness,0.927,0.3,0.417,0.226,0.257,0.331,0.671,0.677,0.894,0.648,0.471,0.729,0.862,0.73,0.475,0.539,none,organic,2026-07-06
H04548,31,25-34,Lambeth,young_professionals,students,0.444,0.837,0.396,0.341,0.207,0.748,0.793,0.597,0.607,0.882,0.673,0.71,0.714,0.49,0.348,0.871,gluten_free,organic,2026-07-08
H04549,34,25-34,Tower Hamlets,families,fitness,0.251,0.316,0.353,0.802,0.25,0.811,0.437,0.45,0.814,0.776,0.517,0.448,0.652,0.733,0.461,0.554,none,organic,2026-07-08
H04550,42,35-44,Hounslow,foodies,students,0.423,0.323,0.361,0.074,1.0,0.616,0.949,0.493,0.268,0.441,0.868,0.73,0.782,0.574,0.922,0.42,vegan,organic,2026-07-10
H04551,37,35-44,Kensington and Chelsea,fitness,students,0.846,0.148,0.905,0.272,0.494,1.0,0.593,0.654,0.414,0.724,0.501,0.707,0.498,0.343,0.495,0.714,dairy_free,organic,2026-07-10
H04552,30,25-34,Barking and Dagenham,young_professionals,families,0.234,0.983,0.167,0.264,0.181,0.653,0.708,0.651,0.424,0.82,0.58,0.753,0.62,0.325,0.468,0.669,dairy_free,organic,2026-07-10
H04553,30,25-34,Tower Hamlets,young_professionals,families,0.456,0.842,0.501,0.503,0.306,0.653,0.729,0.749,0.488,0.791,0.676,0.586,0.767,0.458,0.325,0.715,none,P055,2026-07-11
H04554,41,35-44,Haringey,foodies,fitness,0.444,0.152,0.528,0.017,0.964,0.642,0.768,0.278,0.202,0.261,0.655,0.574,0.358,0.457,1.0,0.525,none,P055,2026-07-11
H04555,21,18-24,Wandsworth,foodies,young_professionals,0.341,0.478,0.377,0.296,1.0,0.684,0.894,0.517,0.388,0.538,0.874,0.691,0.732,0.639,0.676,0.387,dairy_free,P055,2026-07-11
H04556,18,18-24,Haringey,students,foodies,0.802,0.342,0.0,0.335,0.491,0.612,0.77,0.748,1.0,0.727,0.537,0.726,0.687,0.733,0.52,0.752,gluten_free,P055,2026-07-11
H04557,23,18-24,Sutton,young_professionals,students,0.376,0.889,0.304,0.213,0.22,0.687,0.668,0.716,0.534,0.656,0.593,0.567,0.442,0.522,0.637,0.465,none,P055,2026-07-11
H04558,19,18-24,Haringey,students,young_professionals,0.835,0.679,0.252,0.129,0.297,0.581,0.713,0.835,0.695,0.698,0.742,0.796,0.768,0.745,0.414,0.6,none,P055,2026-07-11
H04559,27,25-34,Haringey,young_professionals,students,0.413,0.857,0.234,0.133,0.324,0.403,0.675,0.646,0.292,0.933,0.779,0.646,0.802,0.679,0.633,0.75,none,P055,2026-07-11
H04560,34,25-34,Haringey,young_professionals,students,0.49,0.851,0.346,0.181,0.442,0.449,0.773,0.527,0.269,0.916,0.632,0.674,0.511,0.591,0.544,0.745,none,P055,2026-07-11
H04561,30,25-34,Haringey,foodies,students,0.466,0.146,0.082,0.16,1.0,0.412,0.92,0.688,0.391,0.385,0.87,0.627,0.655,0.594,0.985,0.867,none,P055,2026-07-11
H04562,36,35-44,Barking and Dagenham,young_professionals,fitness,0.383,0.817,0.558,0.349,0.0,0.73,0.86,0.63,0.241,0.6,0.677,0.743,0.83,0.606,0.389,0.577,none,P055,2026-07-11
H04563,35,35-44,Westminster,young_professionals,families,0.234,0.873,0.059,0.606,0.271,0.701,0.769,0.705,0.384,0.827,0.477,0.69,0.701,0.598,0.68,0.827,dairy_free,P055,2026-07-11
H04564,37,35-44,Brent,families,students,0.521,0.516,0.33,0.94,0.339,0.453,0.434,0.399,0.764,0.728,0.6,0.506,0.535,0.659,0.477,0.195,none,P055,2026-07-11
H04565,24,18-24,Islington,students,young_professionals,0.872,0.602,0.048,0.262,0.485,0.551,0.974,0.711,0.958,0.714,0.615,0.858,0.921,0.69,0.251,0.539,gluten_free,P055,2026-07-11
H04566,43,35-44,Hillingdon,families,foodies,0.221,0.292,0.214,0.857,0.491,0.753,0.469,0.427,0.756,0.736,0.572,0.51,0.605,0.87,0.494,0.275,dairy_free,P055,2026-07-11
H04567,29,25-34,Haringey,fitness,foodies,0.366,0.216,0.852,0.26,0.535,0.9,0.349,0.547,0.579,0.695,0.498,0.659,0.303,0.22,0.339,0.956,gluten_free,P055,2026-07-11
H04568,29,25-34,Haringey,foodies,families,0.407,0.172,0.165,0.63,0.704,0.656,1.0,0.583,0.463,0.316,0.632,0.867,0.613,0.532,1.0,0.404,gluten_free,P055,2026-07-11
H04569,31,25-34,Haringey,foodies,fitness,0.2,0.327,0.373,0.267,0.883,0.48,1.0,0.348,0.244,0.401,0.823,0.549,0.622,0.606,0.787,0.256,vegetarian,P055,2026-07-11
H04570,32,25-34,Haringey,young_professionals,fitness,0.302,0.9,0.314,0.184,0.126,0.486,0.721,0.615,0.465,0.843,0.548,0.718,0.387,0.729,0.523,0.702,none,P055,2026-07-11
H04571,26,25-34,Haringey,fitness,young_professionals,0.337,0.571,0.848,0.382,0.225,0.86,0.473,0.662,0.544,0.681,0.586,0.595,0.482,0.4,0.455,0.897,vegan|dairy_free,P055,2026-07-11
H04572,37,35-44,Haringey,foodies,students,0.461,0.425,0.182,0.355,0.957,0.612,0.814,0.45,0.328,0.373,0.538,0.738,0.695,0.69,0.978,0.525,none,P055,2026-07-11
H04573,43,35-44,Bromley,families,students,0.432,0.123,0.168,0.793,0.4,0.745,0.368,0.317,0.5,0.701,0.521,0.512,0.707,0.831,0.511,0.302,none,P055,2026-07-11
H04574,26,25-34,Haringey,young_professionals,fitness,0.155,0.742,0.599,0.111,0.359,0.687,0.75,0.577,0.319,0.82,0.57,0.687,0.565,0.558,0.759,0.398,dairy_free,P055,2026-07-11
H04575,18,18-24,Haringey,students,families,1.0,0.617,0.384,0.7,0.044,0.405,0.611,0.772,0.924,0.585,0.529,0.692,0.804,0.559,0.379,0.571,none,P055,2026-07-11
H04576,33,25-34,Sutton,young_professionals,foodies,0.445,0.914,0.245,0.269,0.487,0.372,0.712,0.745,0.568,0.805,0.639,0.838,0.801,0.593,0.631,0.618,none,P055,2026-07-11
H04577,40,35-44,Croydon,foodies,students,0.411,0.337,0.212,0.189,0.941,0.557,0.951,0.442,0.238,0.175,0.664,0.558,0.45,0.741,0.889,0.361,none,P055,2026-07-11
H04578,22,18-24,Haringey,students,young_professionals,0.902,0.378,0.352,0.004,0.285,0.488,0.878,0.944,0.696,0.711,0.645,0.811,0.818,0.74,0.086,0.797,none,P055,2026-07-11
H04579,27,25-34,Haringey,foodies,fitness,0.251,0.339,0.371,0.092,0.89,0.763,1.0,0.692,0.309,0.226,0.666,0.809,0.605,0.596,0.915,0.381,gluten_free,P055,2026-07-11
H04580,28,25-34,Haringey,young_professionals,fitness,0.232,0.82,0.269,0.158,0.09,0.537,0.478,0.724,0.401,0.843,0.612,0.86,0.676,0.371,0.445,0.467,none,P055,2026-07-11
H04581,39,35-44,Haringey,families,foodies,0.164,0.185,0.178,0.82,0.389,0.696,0.346,0.662,0.846,0.69,0.679,0.642,0.439,0.493,0.522,0.331,none,P055,2026-07-11
H04582,29,25-34,Haringey,young_professionals,fitness,0.303,0.848,0.533,0.263,0.237,0.626,0.718,0.638,0.597,0.831,0.686,0.841,0.48,0.624,0.461,0.577,none,P055,2026-07-11
H04583,26,25-34,Lambeth,young_professionals,foodies,0.343,0.787,0.266,0.222,0.483,0.563,0.733,0.636,0.496,0.749,0.594,0.859,0.554,0.525,0.588,0.468,none,P055,2026-07-11
H04584,29,25-34,Haringey,foodies,fitness,0.288,0.387,0.402,0.116,0.926,0.508,0.803,0.713,0.266,0.203,0.732,0.635,0.728,0.552,1.0,0.291,none,P055,2026-07-11
H04585,26,25-34,Wandsworth,young_professionals,students,0.369,0.722,0.35,0.197,0.359,0.668,0.781,0.561,0.48,0.762,0.627,0.721,0.647,0.477,0.528,0.554,none,P055,2026-07-11
H04586,45,45+,Newham,fitness,students,0.437,0.296,1.0,0.349,0.245,0.906,0.493,0.289,0.358,0.758,0.527,0.77,0.552,0.051,0.543,0.879,none,P055,2026-07-11
H04587,40,35-44,Westminster,foodies,students,0.273,0.22,0.233,0.215,0.893,0.573,0.805,0.715,0.412,0.343,0.883,0.77,0.746,0.403,0.965,0.401,none,P055,2026-07-11
H04588,28,25-34,Haringey,young_professionals,fitness,0.413,0.827,0.479,0.292,0.174,0.718,0.694,0.629,0.636,0.836,0.545,0.672,0.685,0.42,0.622,0.67,none,P055,2026-07-11
H04589,18,18-24,Wandsworth,students,foodies,0.825,0.279,0.132,0.095,0.365,0.392,0.841,0.922,0.836,0.644,0.637,0.736,0.789,0.778,0.444,0.67,none,P055,2026-07-11
H04590,24,18-24,Wandsworth,students,young_professionals,0.817,0.433,0.293,0.107,0.161,0.557,0.776,0.871,0.861,0.578,0.681,0.629,0.828,0.706,0.529,0.586,none,P055,2026-07-11
H04591,31,25-34,Haringey,young_professionals,families,0.264,0.825,0.343,0.472,0.293,0.451,0.716,0.686,0.467,0.801,0.633,0.722,0.598,0.516,0.621,0.684,none,P055,2026-07-11
H04592,40,35-44,Hackney,families,foodies,0.384,0.372,0.495,0.933,0.601,0.445,0.117,0.372,0.646,0.601,0.589,0.364,0.4,0.998,0.561,0.299,none,P055,2026-07-11
H04593,25,25-34,Haringey,young_professionals,fitness,0.207,0.713,0.252,0.123,0.169,0.642,0.762,0.62,0.516,0.636,0.66,0.745,0.765,0.228,0.709,0.455,none,P055,2026-07-11
H04594,31,25-34,Camden,young_professionals,families,0.287,0.767,0.323,0.536,0.192,0.629,0.825,0.58,0.307,0.95,0.425,0.815,0.39,0.536,0.558,0.556,none,P055,2026-07-11
H04595,30,25-34,Richmond upon Thames,fitness,foodies,0.261,0.185,0.784,0.243,0.578,1.0,0.502,0.413,0.532,0.597,0.503,0.777,0.246,0.312,0.404,0.979,vegan,P055,2026-07-11
H04596,25,25-34,Haringey,students,young_professionals,0.845,0.296,0.097,0.172,0.242,0.367,0.766,0.911,0.842,0.56,0.506,0.806,0.755,0.828,0.289,0.353,vegetarian,P055,2026-07-11
H04597,30,25-34,Haringey,young_professionals,families,0.158,0.842,0.271,0.289,0.113,0.732,0.728,0.516,0.538,0.828,0.673,0.591,0.719,0.793,0.667,0.576,none,P055,2026-07-11
H04598,36,35-44,Ealing,foodies,students,0.633,0.209,0.373,0.597,0.905,0.715,0.964,0.515,0.374,0.251,0.588,0.685,0.548,0.446,0.824,0.416,none,P055,2026-07-11
H04599,20,18-24,Haringey,students,families,0.865,0.125,0.061,0.401,0.158,0.385,0.764,0.707,0.932,0.823,0.637,0.691,0.916,0.768,0.429,0.532,none,P055,2026-07-11
H04600,33,25-34,Haringey,fitness,families,0.158,0.463,0.849,0.663,0.035,0.848,0.477,0.584,0.533,0.796,0.58,0.806,0.29,0.145,0.468,0.947,none,P055,2026-07-11
H04601,25,25-34,Haringey,young_professionals,fitness,0.227,0.86,0.322,0.082,0.108,0.561,0.759,0.625,0.293,1.0,0.601,0.775,0.755,0.528,0.567,0.797,dairy_free,P055,2026-07-11
H04602,32,25-34,Sutton,young_professionals,students,0.322,0.805,0.206,0.179,0.287,0.403,0.658,0.576,0.383,0.985,0.745,0.699,0.576,0.523,0.38,0.805,none,organic,2026-07-11
H04603,38,35-44,Camden,families,foodies,0.343,0.07,0.248,0.915,0.358,0.633,0.341,0.559,0.77,0.754,0.564,0.353,0.676,0.718,0.404,0.193,none,organic,2026-07-12
H04604,18,18-24,Westminster,students,families,0.862,0.368,0.487,0.626,0.302,0.43,0.593,0.586,0.893,0.696,0.525,0.808,0.776,0.513,0.69,0.249,none,organic,2026-07-13
H04605,31,25-34,Bexley,young_professionals,foodies,0.558,0.915,0.076,0.198,0.759,0.574,0.693,0.611,0.378,0.738,0.552,0.842,0.619,0.481,0.441,0.735,none,organic,2026-07-14
H04606,33,25-34,Lambeth,young_professionals,students,0.289,0.849,0.256,0.284,0.221,0.698,0.841,0.53,0.508,0.9,0.598,0.612,0.707,0.704,0.765,0.709,vegetarian,organic,2026-07-14
H04607,36,35-44,Westminster,foodies,students,0.532,0.425,0.5,0.13,1.0,0.717,0.852,0.628,0.225,0.378,0.814,0.688,0.657,0.638,1.0,0.51,none,organic,2026-07-14
H04608,19,18-24,Tower Hamlets,students,young_professionals,0.612,0.345,0.167,0.136,0.138,0.393,0.766,0.657,0.841,0.614,0.607,0.488,0.788,0.854,0.269,0.468,none,organic,2026-07-16
H04609,30,25-34,Hammersmith and Fulham,foodies,young_professionals,0.299,0.437,0.317,0.23,0.815,0.585,0.673,0.553,0.226,0.257,0.79,0.531,0.517,0.514,1.0,0.357,vegetarian,organic,2026-07-17
H04610,38,35-44,Tower Hamlets,foodies,fitness,0.337,0.236,0.465,0.348,0.682,0.727,1.0,0.576,0.188,0.398,0.871,0.637,0.654,0.51,0.908,0.381,vegan,organic,2026-07-17
H04611,36,35-44,Tower Hamlets,families,young_professionals,0.181,0.435,0.173,0.944,0.387,0.674,0.382,0.264,0.629,0.683,0.501,0.704,0.551,0.778,0.493,0.425,none,organic,2026-07-17
H04612,33,25-34,Richmond upon Thames,young_professionals,families,0.313,0.787,0.289,0.316,0.285,0.4,0.629,0.742,0.466,0.866,0.48,0.647,0.487,0.323,0.293,0.9,none,organic,2026-07-18
H04613,32,25-34,Southwark,foodies,fitness,0.091,0.175,0.391,0.274,0.847,0.725,0.884,0.55,0.27,0.491,0.569,0.679,0.746,0.795,0.796,0.329,none,organic,2026-07-18
H04614,23,18-24,Newham,young_professionals,foodies,0.276,0.821,0.512,0.068,0.65,0.55,0.631,0.731,0.459,0.896,0.558,0.827,0.567,0.439,0.539,0.821,none,P056,2026-07-19
H04615,32,25-34,Hackney,fitness,families,0.28,0.137,0.921,0.412,0.122,0.853,0.464,0.505,0.428,0.678,0.579,0.644,0.315,0.318,0.502,0.914,none,P056,2026-07-19
H04616,38,35-44,Newham,families,foodies,0.372,0.406,0.377,0.755,0.707,0.814,0.334,0.315,0.912,0.668,0.655,0.679,0.581,0.73,0.712,0.313,none,P056,2026-07-19
H04617,41,35-44,Tower Hamlets,foodies,families,0.244,0.417,0.278,0.5,0.77,0.635,0.812,0.555,0.281,0.45,0.929,0.541,0.787,0.626,0.89,0.285,none,P056,2026-07-19
H04618,22,18-24,Southwark,students,fitness,0.81,0.134,0.461,0.329,0.326,0.377,0.792,0.701,1.0,0.564,0.535,0.843,0.784,0.708,0.588,0.439,vegan,P056,2026-07-19
H04619,33,25-34,Wandsworth,young_professionals,students,0.384,0.874,0.32,0.312,0.316,0.582,0.811,0.684,0.307,0.734,0.688,0.822,0.588,0.545,0.605,0.68,none,P056,2026-07-19
H04620,32,25-34,Barnet,young_professionals,fitness,0.389,0.84,0.416,0.412,0.232,0.6,0.646,0.699,0.553,0.775,0.612,0.788,0.617,0.612,0.403,0.691,vegan,P056,2026-07-19
H04621,31,25-34,Newham,young_professionals,families,0.306,0.751,0.249,0.346,0.314,0.535,0.602,0.578,0.396,0.936,0.597,0.895,0.51,0.705,0.582,0.623,none,P056,2026-07-19
H04622,27,25-34,Brent,young_professionals,students,0.611,0.858,0.134,0.156,0.329,0.612,0.704,0.865,0.507,1.0,0.678,0.672,0.799,0.541,0.783,0.569,vegetarian,P056,2026-07-19
H04623,29,25-34,Newham,young_professionals,students,0.52,0.821,0.387,0.199,0.442,0.572,0.745,0.835,0.398,0.786,0.468,0.853,0.719,0.604,0.641,0.605,none,P056,2026-07-19
H04624,30,25-34,Hammersmith and Fulham,foodies,young_professionals,0.148,0.281,0.184,0.206,0.773,0.607,0.957,0.686,0.251,0.33,0.858,0.787,0.607,0.876,0.788,0.126,none,P056,2026-07-19
H04625,39,35-44,Merton,families,students,0.422,0.198,0.039,0.771,0.195,0.68,0.096,0.298,0.6,0.87,0.465,0.272,0.683,0.761,0.802,0.184,none,P056,2026-07-19
H04626,26,25-34,Greenwich,foodies,fitness,0.177,0.135,0.328,0.309,0.951,0.486,0.835,0.607,0.304,0.208,0.826,0.823,0.864,0.517,1.0,0.352,none,P056,2026-07-19
H04627,44,35-44,Newham,families,students,0.501,0.234,0.222,0.61,0.285,0.726,0.198,0.326,0.732,0.627,0.427,0.54,0.664,0.729,0.574,0.833,none,P056,2026-07-19
H04628,41,35-44,Westminster,foodies,fitness,0.123,0.355,0.391,0.295,0.987,0.592,0.997,0.604,0.333,0.279,0.65,0.527,0.626,0.446,1.0,0.363,none,P056,2026-07-19
H04629,33,25-34,Richmond upon Thames,foodies,families,0.206,0.372,0.298,0.487,1.0,0.752,0.874,0.63,0.173,0.35,0.516,0.693,0.637,0.793,1.0,0.497,none,organic,2026-07-19
H04630,18,18-24,Enfield,students,young_professionals,0.908,0.577,0.121,0.269,0.351,0.348,0.741,0.765,0.968,0.514,0.597,0.791,0.484,0.951,0.686,0.682,none,organic,2026-07-19
H04631,28,25-34,Wandsworth,fitness,young_professionals,0.225,0.581,0.845,0.352,0.398,0.935,0.419,0.56,0.382,0.73,0.765,0.565,0.611,0.375,0.257,0.931,none,organic,2026-07-20
H04632,22,18-24,Ealing,young_professionals,foodies,0.325,0.788,0.267,0.436,0.528,0.584,0.748,0.622,0.646,0.838,0.456,0.657,0.72,0.625,0.593,0.644,none,organic,2026-07-20
H04633,32,25-34,Brent,young_professionals,students,0.491,0.888,0.219,0.391,0.33,0.601,0.687,0.637,0.363,0.936,0.571,0.449,0.577,0.458,0.561,0.572,none,organic,2026-07-21
H04634,36,35-44,Lambeth,young_professionals,families,0.263,0.759,0.329,0.336,0.29,0.493,0.954,0.695,0.526,0.911,0.588,0.63,0.624,0.435,0.417,0.9,gluten_free,organic,2026-07-21
H04635,25,25-34,Croydon,young_professionals,foodies,0.161,0.772,0.415,0.307,0.537,0.614,0.575,0.592,0.523,0.824,0.519,0.708,0.504,0.764,0.707,0.945,none,organic,2026-07-22
H04636,28,25-34,Haringey,foodies,young_professionals,0.05,0.375,0.238,0.139,0.884,0.528,0.923,0.583,0.347,0.37,0.879,0.726,0.461,0.555,0.965,0.35,none,organic,2026-07-22
H04637,24,18-24,Lewisham,students,young_professionals,0.803,0.52,0.404,0.346,0.122,0.448,0.741,0.891,0.91,0.696,0.597,0.671,0.85,0.773,0.602,0.647,none,organic,2026-07-22
H04638,21,18-24,Wandsworth,students,foodies,0.83,0.117,0.155,0.077,0.53,0.352,0.747,0.832,1.0,0.563,0.557,0.646,0.502,1.0,0.323,0.555,none,organic,2026-07-22
H04639,23,18-24,Lambeth,students,fitness,0.845,0.402,0.458,0.073,0.311,0.466,0.777,0.78,0.818,0.773,0.581,0.735,0.901,0.677,0.418,0.264,vegetarian,organic,2026-07-22
H04640,33,25-34,Lambeth,fitness,families,0.276,0.347,0.988,0.562,0.077,0.922,0.387,0.587,0.598,0.551,0.545,0.696,0.512,0.431,0.413,0.939,none,organic,2026-07-22
H04641,40,35-44,Barnet,families,fitness,0.06,0.117,0.239,0.858,0.229,0.679,0.303,0.383,0.652,0.779,0.339,0.512,0.579,0.858,0.33,0.212,vegan,organic,2026-07-24
H04642,40,35-44,Hammersmith and Fulham,fitness,foodies,0.283,0.136,0.873,0.175,0.322,0.974,0.535,0.643,0.547,0.629,0.908,0.62,0.345,0.458,0.437,0.843,none,organic,2026-07-24
H04643,25,25-34,Southwark,young_professionals,foodies,0.381,0.766,0.43,0.271,0.477,0.522,0.72,0.65,0.552,0.75,0.882,0.781,0.696,0.647,0.417,0.898,none,organic,2026-07-24
H04644,38,35-44,Brent,families,students,0.472,0.289,0.197,0.866,0.282,0.657,0.314,0.287,0.755,0.839,0.595,0.29,0.739,0.792,0.445,0.366,none,organic,2026-07-24
H04645,39,35-44,Croydon,fitness,students,0.32,0.0,0.854,0.103,0.215,1.0,0.461,0.536,0.647,0.614,0.644,0.604,0.392,0.174,0.164,0.843,none,organic,2026-07-25
H04646,38,35-44,Tower Hamlets,foodies,fitness,0.169,0.0,0.402,0.105,0.762,0.671,0.799,0.494,0.365,0.32,0.629,0.667,0.995,0.551,0.85,0.336,none,organic,2026-07-25
H04647,19,18-24,Barnet,students,young_professionals,0.98,0.407,0.166,0.314,0.137,0.695,0.735,0.639,1.0,0.73,0.686,0.716,0.665,0.607,0.357,0.466,none,organic,2026-07-25
H04648,21,18-24,Newham,foodies,fitness,0.49,0.178,0.495,0.388,0.911,0.597,0.81,0.584,0.181,0.2,0.755,0.559,0.753,0.526,0.735,0.483,none,organic,2026-07-25
H04649,39,35-44,Lambeth,young_professionals,families,0.278,0.724,0.416,0.42,0.402,0.562,0.718,0.614,0.528,1.0,0.527,0.634,0.7,0.608,0.482,0.856,none,organic,2026-07-25
H04650,33,25-34,Haringey,young_professionals,students,0.385,0.834,0.205,0.208,0.325,0.52,0.662,0.767,0.601,0.787,0.556,0.549,0.457,0.566,0.562,0.607,vegetarian,organic,2026-07-26
H04651,34,25-34,Greenwich,fitness,students,0.489,0.173,0.8,0.36,0.109,0.963,0.559,0.629,0.473,0.598,0.477,0.784,0.517,0.45,0.388,0.844,none,organic,2026-07-27
H04652,22,18-24,Newham,young_professionals,fitness,0.217,0.899,0.231,0.197,0.039,0.622,0.791,0.733,0.454,0.86,0.593,0.762,0.584,0.591,0.622,0.578,gluten_free,organic,2026-07-27
H04653,31,25-34,Havering,young_professionals,fitness,0.145,0.875,0.392,0.245,0.338,0.469,0.585,0.605,0.406,0.693,0.607,0.601,0.698,0.609,0.733,0.705,none,organic,2026-07-27
H04654,45,45+,Waltham Forest,families,foodies,0.0,0.0,0.205,0.849,0.347,0.824,0.28,0.346,0.623,0.621,0.494,0.258,0.583,0.728,0.513,0.5,none,organic,2026-07-27
H04655,21,18-24,Newham,students,fitness,0.871,0.055,0.343,0.157,0.312,0.468,0.825,0.852,0.967,0.618,0.555,0.506,0.54,0.951,0.461,0.623,none,organic,2026-07-28
H04656,23,18-24,Tower Hamlets,students,foodies,0.929,0.36,0.116,0.166,0.548,0.394,0.697,0.91,0.983,0.65,0.542,0.734,0.836,0.705,0.485,0.721,none,organic,2026-07-28
H04657,24,18-24,Southwark,students,foodies,0.821,0.127,0.158,0.354,0.474,0.522,0.541,0.945,0.844,0.639,0.617,0.71,0.953,0.836,0.635,0.5,none,organic,2026-07-29
H04658,21,18-24,Islington,foodies,fitness,0.12,0.353,0.626,0.416,0.83,0.491,0.921,0.757,0.282,0.279,0.777,0.697,0.74,0.444,1.0,0.209,none,organic,2026-07-29
H04659,22,18-24,Barnet,students,foodies,0.967,0.415,0.168,0.197,0.519,0.329,0.699,0.716,1.0,0.624,0.563,0.75,0.737,0.745,0.297,0.503,vegan|nut_allergy,organic,2026-07-30
H04660,34,25-34,Croydon,fitness,young_professionals,0.178,0.522,0.649,0.358,0.374,1.0,0.679,0.565,0.576,0.614,0.487,0.747,0.268,0.216,0.347,0.885,gluten_free|dairy_free,organic,2026-07-30
H04661,29,25-34,Barnet,foodies,fitness,0.263,0.221,0.32,0.07,0.79,0.819,0.873,0.639,0.235,0.306,0.791,0.649,0.787,0.722,1.0,0.486,vegan,organic,2026-07-31
H04662,18,18-24,Camden,students,foodies,0.889,0.058,0.315,0.315,0.51,0.378,0.713,0.802,0.748,0.549,0.615,0.649,0.745,0.777,0.301,0.461,none,organic,2026-07-31
H04663,30,25-34,Tower Hamlets,young_professionals,fitness,0.176,0.932,0.432,0.386,0.368,0.608,0.76,0.763,0.454,0.941,0.277,0.543,0.772,0.592,0.652,0.597,none,organic,2026-08-02
H04664,40,35-44,Islington,foodies,fitness,0.436,0.074,0.448,0.337,0.885,0.553,0.865,0.646,0.266,0.058,0.692,0.636,0.691,0.814,0.837,0.225,vegetarian,organic,2026-08-02
H04665,31,25-34,Lambeth,young_professionals,fitness,0.23,0.778,0.513,0.204,0.148,0.451,0.462,0.623,0.33,0.785,0.583,0.848,0.66,0.479,0.628,0.644,none,organic,2026-08-02
H04666,30,25-34,Hackney,young_professionals,families,0.462,0.956,0.377,0.538,0.457,0.703,0.896,0.604,0.356,0.921,0.629,0.638,0.749,0.763,0.816,0.642,vegetarian|gluten_free,organic,2026-08-02
H04667,39,35-44,Hillingdon,foodies,fitness,0.249,0.18,0.592,0.242,0.85,0.513,0.874,0.606,0.223,0.4,1.0,0.538,0.738,0.602,0.814,0.494,none,organic,2026-08-03
H04668,36,35-44,Lewisham,families,fitness,0.144,0.328,0.573,0.807,0.346,0.638,0.474,0.326,0.647,0.732,0.591,0.426,0.48,0.725,0.439,0.547,vegan,organic,2026-08-03
H04669,28,25-34,Tower Hamlets,young_professionals,foodies,0.353,0.972,0.337,0.493,0.494,0.477,0.615,0.634,0.424,0.931,0.674,0.504,0.523,0.53,0.53,0.692,none,organic,2026-08-03
H04670,33,25-34,Bromley,fitness,young_professionals,0.251,0.38,0.846,0.221,0.141,0.963,0.467,0.583,0.413,0.601,0.654,0.538,0.553,0.369,0.355,0.962,none,organic,2026-08-03
H04671,22,18-24,Brent,young_professionals,fitness,0.328,0.923,0.511,0.344,0.198,0.585,0.648,0.701,0.525,0.766,0.672,0.606,0.62,0.657,0.544,0.592,none,organic,2026-08-04
H04672,21,18-24,Haringey,students,foodies,0.814,0.021,0.188,0.116,0.28,0.411,0.727,0.727,0.742,0.881,0.367,0.494,0.84,0.504,0.543,0.653,none,P057,2026-08-05
H04673,21,18-24,Camden,students,families,0.896,0.179,0.208,0.276,0.23,0.252,0.788,0.731,0.856,0.731,0.562,0.672,0.829,0.772,0.359,0.682,vegan,P057,2026-08-05
H04674,29,25-34,Camden,young_professionals,fitness,0.216,0.884,0.551,0.272,0.322,0.555,0.601,0.575,0.334,0.833,0.636,0.798,0.551,0.667,0.617,0.779,vegetarian,P057,2026-08-05
H04675,28,25-34,Enfield,young_professionals,foodies,0.353,0.708,0.319,0.331,0.385,0.841,0.682,0.439,0.47,0.952,0.653,0.806,0.562,0.5,0.498,0.562,vegan,P057,2026-08-05
H04676,48,45+,Hackney,fitness,foodies,0.322,0.381,0.857,0.234,0.53,0.927,0.714,0.773,0.446,0.488,0.605,0.792,0.617,0.287,0.308,1.0,none,P057,2026-08-05
H04677,28,25-34,Camden,young_professionals,fitness,0.301,0.831,0.492,0.38,0.219,0.714,0.688,0.594,0.377,0.677,0.76,0.726,0.677,0.652,0.766,0.623,none,P057,2026-08-05
H04678,29,25-34,Camden,young_professionals,foodies,0.28,0.99,0.111,0.358,0.499,0.655,0.841,0.548,0.432,0.83,0.714,0.722,0.678,0.519,0.643,0.56,none,P057,2026-08-05
H04679,25,25-34,Wandsworth,young_professionals,foodies,0.27,0.706,0.099,0.238,0.626,0.537,0.61,0.487,0.362,0.826,0.813,0.728,0.633,0.544,0.495,0.367,none,P057,2026-08-05
H04680,33,25-34,Harrow,young_professionals,foodies,0.335,0.955,0.068,0.308,0.377,0.55,0.783,0.701,0.601,0.899,0.579,0.904,0.501,0.515,0.486,0.516,none,P057,2026-08-05
H04681,30,25-34,Enfield,young_professionals,fitness,0.247,0.79,0.333,0.0,0.323,0.532,0.601,0.646,0.404,1.0,0.584,0.746,0.54,0.42,0.394,0.603,none,P057,2026-08-05
H04682,20,18-24,Havering,students,foodies,0.839,0.323,0.271,0.43,0.501,0.29,0.782,0.679,0.857,0.674,0.411,0.693,0.609,0.917,0.598,0.68,none,P057,2026-08-05
H04683,30,25-34,Camden,young_professionals,fitness,0.26,0.706,0.532,0.14,0.353,0.451,0.778,0.821,0.404,0.791,0.612,0.732,0.624,0.722,0.885,0.611,vegan,P057,2026-08-05
H04684,28,25-34,Camden,young_professionals,foodies,0.413,0.867,0.167,0.251,0.425,0.613,0.712,0.574,0.467,0.993,0.657,0.61,0.61,0.475,0.706,0.523,none,P057,2026-08-05
H04685,28,25-34,Camden,young_professionals,families,0.183,0.755,0.267,0.412,0.227,0.466,0.798,0.707,0.406,0.955,0.631,0.903,0.557,0.468,0.666,0.658,none,P057,2026-08-05
H04686,25,25-34,Newham,students,foodies,1.0,0.197,0.2,0.358,0.515,0.314,0.727,0.831,1.0,0.592,0.663,0.688,0.721,0.564,0.497,0.583,vegetarian,P057,2026-08-05
H04687,44,35-44,Haringey,foodies,families,0.254,0.249,0.048,0.472,0.85,0.587,0.95,0.741,0.321,0.48,0.749,0.538,0.95,0.586,1.0,0.326,vegetarian|dairy_free,P057,2026-08-05
H04688,30,25-34,Camden,young_professionals,foodies,0.3,0.705,0.364,0.244,0.536,0.707,0.594,0.641,0.454,0.881,0.664,0.514,0.714,0.321,0.596,0.523,none,P057,2026-08-05
H04689,23,18-24,Camden,students,families,0.877,0.202,0.103,0.294,0.239,0.4,0.824,0.862,0.832,0.55,0.677,0.65,0.672,0.714,0.336,0.626,gluten_free,P057,2026-08-05
H04690,29,25-34,Camden,young_professionals,fitness,0.471,0.779,0.536,0.297,0.074,0.57,0.755,0.692,0.53,0.78,0.825,0.709,0.574,0.693,0.708,0.573,none,P057,2026-08-05
H04691,31,25-34,Westminster,young_professionals,fitness,0.335,0.75,0.509,0.46,0.415,0.585,0.529,0.622,0.463,0.943,0.522,0.655,0.547,0.512,0.465,0.809,vegetarian,P057,2026-08-05
H04692,20,18-24,Lambeth,students,fitness,0.952,0.118,0.52,0.268,0.287,0.481,0.804,0.941,0.967,0.676,0.354,0.784,0.771,0.963,0.519,0.482,vegetarian|gluten_free,P057,2026-08-05
H04693,22,18-24,Lewisham,students,families,0.771,0.111,0.0,0.156,0.0,0.405,0.766,0.838,0.859,0.82,0.793,0.572,0.861,1.0,0.624,0.467,none,P057,2026-08-05
H04694,22,18-24,Camden,young_professionals,fitness,0.215,0.867,0.369,0.13,0.311,0.522,0.796,0.483,0.525,0.817,0.397,0.697,0.738,0.827,0.824,0.538,none,P057,2026-08-05
H04695,27,25-34,Camden,young_professionals,families,0.208,0.773,0.334,0.335,0.048,0.776,0.674,0.658,0.438,0.875,0.67,0.875,0.621,0.561,0.491,0.731,none,P057,2026-08-05
H04696,18,18-24,Croydon,students,fitness,0.914,0.496,0.538,0.106,0.44,0.351,0.663,0.733,0.748,0.644,0.495,0.668,0.784,0.6,0.396,0.539,none,P057,2026-08-05
H04697,29,25-34,Camden,young_professionals,foodies,0.336,0.711,0.102,0.277,0.486,0.57,0.572,0.802,0.468,0.949,0.49,0.703,0.77,0.46,0.599,0.642,none,P057,2026-08-05
H04698,31,25-34,Camden,fitness,young_professionals,0.237,0.275,0.808,0.107,0.178,0.997,0.462,0.494,0.61,0.664,0.361,0.381,0.591,0.31,0.329,0.634,none,P057,2026-08-05
H04699,36,35-44,Greenwich,families,fitness,0.191,0.257,0.329,0.859,0.29,0.624,0.218,0.4,0.643,0.578,0.52,0.677,0.556,0.88,0.586,0.634,none,P057,2026-08-05
H04700,21,18-24,Camden,students,foodies,0.799,0.342,0.261,0.224,0.369,0.38,0.839,0.84,1.0,0.832,0.624,0.629,0.609,0.733,0.452,0.501,none,P057,2026-08-05
H04701,29,25-34,Tower Hamlets,young_professionals,students,0.529,0.828,0.097,0.454,0.331,0.611,0.744,0.476,0.446,0.676,0.598,1.0,0.476,0.775,0.813,0.649,none,P057,2026-08-05
H04702,27,25-34,Greenwich,young_professionals,fitness,0.33,0.907,0.371,0.306,0.14,0.603,0.712,0.718,0.233,0.713,0.545,0.709,0.663,0.582,0.435,0.788,none,P057,2026-08-05
H04703,29,25-34,Camden,young_professionals,students,0.374,0.831,0.264,0.138,0.0,0.644,0.766,0.599,0.491,0.846,0.403,0.687,0.55,0.369,0.498,0.731,none,P057,2026-08-05
H04704,25,25-34,Brent,young_professionals,families,0.302,0.804,0.252,0.413,0.355,0.721,0.529,0.687,0.251,0.785,0.64,0.86,0.754,0.632,0.696,0.756,none,P057,2026-08-05
H04705,29,25-34,Camden,fitness,young_professionals,0.4,0.463,0.782,0.216,0.211,0.898,0.637,0.44,0.521,0.551,0.507,0.602,0.407,0.244,0.101,0.848,vegetarian,P057,2026-08-05
H04706,31,25-34,Lambeth,young_professionals,fitness,0.4,0.847,0.555,0.132,0.135,0.523,0.649,0.539,0.109,0.675,0.689,0.882,0.497,0.662,0.309,0.526,vegan,P057,2026-08-05
H04707,33,25-34,Camden,young_professionals,foodies,0.571,0.945,0.29,0.456,0.637,0.498,0.811,0.703,0.49,0.853,0.548,0.824,0.914,0.779,0.578,0.398,none,P057,2026-08-05
H04708,35,35-44,Barking and Dagenham,foodies,students,0.435,0.409,0.411,0.205,0.763,0.496,0.959,0.495,0.373,0.285,0.687,0.746,0.634,0.715,1.0,0.387,vegetarian,P057,2026-08-05
H04709,39,35-44,Camden,fitness,young_professionals,0.424,0.546,0.891,0.257,0.232,0.888,0.765,0.561,0.462,0.693,0.658,0.685,0.319,0.112,0.458,0.844,dairy_free,P057,2026-08-05
H04710,20,18-24,Ealing,students,families,0.8,0.266,0.277,0.374,0.214,0.437,0.678,0.738,0.769,0.712,0.451,0.567,0.625,0.857,0.44,0.386,none,P057,2026-08-05
H04711,27,25-34,Wandsworth,young_professionals,families,0.182,0.742,0.34,0.437,0.325,0.486,0.566,0.645,0.446,0.94,0.727,0.69,0.689,0.605,0.667,0.455,vegan,P057,2026-08-05
H04712,26,25-34,Camden,fitness,foodies,0.386,0.126,0.778,0.254,0.619,0.781,0.453,0.492,0.425,0.594,0.54,0.81,0.228,0.342,0.377,0.887,vegetarian,P057,2026-08-05
H04713,31,25-34,Camden,young_professionals,families,0.309,0.985,0.0,0.623,0.47,0.615,0.723,0.527,0.522,0.913,0.53,0.591,0.663,0.449,0.632,0.555,none,P057,2026-08-05
H04714,25,25-34,Sutton,young_professionals,foodies,0.304,0.924,0.17,0.052,0.332,0.672,0.746,0.761,0.445,0.88,0.532,0.981,0.596,0.524,0.625,0.73,none,P057,2026-08-05
H04715,36,35-44,Brent,young_professionals,students,0.541,0.87,0.322,0.487,0.339,0.478,0.793,0.559,0.422,0.944,0.731,0.856,0.74,0.408,0.478,0.489,nut_allergy,P057,2026-08-05
H04716,21,18-24,Camden,students,young_professionals,0.665,0.45,0.022,0.295,0.259,0.491,0.685,0.714,0.791,0.849,0.672,0.569,0.643,0.623,0.272,0.784,none,P057,2026-08-05
H04717,23,18-24,Camden,students,families,0.91,0.267,0.257,0.355,0.272,0.452,0.73,0.789,0.952,0.773,0.337,0.722,0.712,0.692,0.618,0.339,none,P057,2026-08-05
H04718,25,25-34,Camden,students,families,0.809,0.158,0.268,0.566,0.476,0.434,0.902,0.657,0.769,0.813,0.635,0.697,0.854,0.679,0.315,0.596,none,P057,2026-08-05
H04719,30,25-34,Southwark,young_professionals,families,0.25,0.875,0.144,0.323,0.286,0.523,0.619,0.718,0.442,0.89,0.462,0.712,0.708,0.675,0.422,0.838,none,P057,2026-08-05
H04720,29,25-34,Newham,young_professionals,families,0.376,0.89,0.234,0.515,0.215,0.55,0.613,0.549,0.401,0.856,0.562,0.696,0.958,0.637,0.402,0.68,none,organic,2026-08-05
H04721,27,25-34,Wandsworth,young_professionals,families,0.0,0.834,0.227,0.626,0.231,0.54,0.886,0.717,0.388,0.944,0.667,0.667,0.587,0.409,0.737,0.584,vegetarian,organic,2026-08-05
H04722,26,25-34,Kingston upon Thames,young_professionals,fitness,0.37,0.887,0.419,0.088,0.308,0.449,0.72,0.642,0.462,0.933,0.735,0.785,0.452,0.5,0.974,0.531,none,organic,2026-08-05
H04723,41,35-44,Greenwich,fitness,students,0.445,0.179,0.747,0.336,0.247,0.929,0.467,0.491,0.391,0.687,0.512,0.949,0.373,0.332,0.272,0.98,vegetarian,organic,2026-08-05
H04724,26,25-34,Greenwich,young_professionals,foodies,0.083,0.758,0.183,0.364,0.463,0.534,0.803,0.732,0.589,0.829,0.729,0.803,0.699,0.448,0.679,0.619,none,organic,2026-08-06
H04725,30,25-34,Newham,fitness,students,0.492,0.401,0.887,0.152,0.124,0.866,0.519,0.626,0.449,0.55,0.695,0.434,0.241,0.301,0.457,0.924,nut_allergy,organic,2026-08-06
H04726,24,18-24,Newham,students,foodies,0.759,0.431,0.558,0.46,0.569,0.436,0.704,0.883,0.901,0.641,0.645,1.0,0.805,0.686,0.251,0.517,dairy_free,organic,2026-08-06
H04727,49,45+,Croydon,foodies,students,0.464,0.451,0.407,0.34,0.868,0.776,0.843,0.668,0.314,0.273,0.794,0.323,0.809,0.788,0.889,0.359,none,organic,2026-08-06
H04728,27,25-34,Southwark,fitness,young_professionals,0.234,0.581,1.0,0.333,0.39,0.869,0.494,0.608,0.435,0.688,0.704,0.481,0.421,0.472,0.401,0.825,none,organic,2026-08-07
H04729,26,25-34,Greenwich,young_professionals,fitness,0.275,0.824,0.338,0.249,0.255,0.674,0.622,0.678,0.45,1.0,0.332,0.671,0.695,0.357,0.594,0.449,dairy_free,organic,2026-08-07
H04730,25,25-34,Wandsworth,students,young_professionals,0.92,0.445,0.067,0.41,0.201,0.438,0.682,0.702,0.968,0.585,0.532,0.576,0.706,0.522,0.589,0.634,none,organic,2026-08-07
H04731,30,25-34,Hounslow,young_professionals,fitness,0.233,1.0,0.276,0.181,0.259,0.654,0.872,0.697,0.386,0.789,0.581,0.761,0.641,0.587,0.57,0.772,none,organic,2026-08-07
H04732,33,25-34,Southwark,foodies,young_professionals,0.286,0.593,0.263,0.401,0.737,0.844,0.805,0.638,0.413,0.385,0.818,0.573,0.658,0.645,1.0,0.245,vegetarian,organic,2026-08-08
H04733,36,35-44,Croydon,families,foodies,0.0,0.218,0.188,0.923,0.325,0.68,0.408,0.571,0.643,0.728,0.662,0.459,0.66,0.689,0.547,0.422,none,organic,2026-08-09
H04734,22,18-24,Bromley,students,foodies,0.726,0.349,0.211,0.305,0.405,0.463,0.871,0.818,0.683,0.703,0.628,0.542,0.558,0.832,0.584,0.521,vegan,organic,2026-08-09
H04735,26,25-34,Hackney,young_professionals,fitness,0.239,0.845,0.582,0.204,0.567,0.59,0.909,0.776,0.447,0.797,0.447,0.767,0.754,0.692,0.518,0.473,none,organic,2026-08-10
H04736,33,25-34,Lambeth,young_professionals,fitness,0.484,0.795,0.647,0.382,0.533,0.678,0.708,0.659,0.401,0.718,0.618,0.638,0.764,0.651,0.8,0.605,none,organic,2026-08-11
H04737,28,25-34,Croydon,foodies,students,0.41,0.239,0.106,0.09,0.766,0.503,0.998,0.748,0.295,0.564,0.776,0.625,0.711,0.658,0.772,0.431,vegetarian,organic,2026-08-11
H04738,37,35-44,Croydon,families,young_professionals,0.258,0.401,0.17,0.836,0.128,0.779,0.288,0.45,0.792,0.939,0.565,0.453,0.602,0.758,0.419,0.352,none,organic,2026-08-11
H04739,34,25-34,Hounslow,fitness,families,0.301,0.171,0.798,0.41,0.186,0.895,0.592,0.512,0.41,0.798,0.669,0.544,0.486,0.237,0.473,0.85,none,organic,2026-08-12
H04740,30,25-34,Ealing,young_professionals,fitness,0.293,0.891,0.344,0.016,0.236,0.79,0.786,0.684,0.508,0.662,0.557,0.44,0.643,0.448,0.409,0.706,none,organic,2026-08-12
H04741,19,18-24,Harrow,students,foodies,0.958,0.008,0.132,0.335,0.382,0.379,0.739,0.799,0.775,0.54,0.458,0.611,0.789,0.5,0.725,0.443,none,organic,2026-08-12
H04742,28,25-34,Redbridge,foodies,young_professionals,0.542,0.647,0.168,0.368,0.834,0.774,0.962,0.599,0.452,0.35,0.701,0.746,0.641,0.627,1.0,0.413,none,organic,2026-08-13
H04743,35,35-44,Westminster,young_professionals,students,0.373,0.823,0.338,0.079,0.196,0.532,0.647,0.647,0.538,0.841,0.698,0.746,0.724,0.721,0.623,0.521,none,organic,2026-08-13
H04744,39,35-44,Lambeth,families,fitness,0.357,0.303,0.417,0.774,0.328,0.604,0.438,0.345,0.751,0.724,0.488,0.559,0.505,0.541,0.586,0.28,gluten_free,organic,2026-08-13
H04745,39,35-44,Brent,fitness,families,0.348,0.376,0.902,0.529,0.343,0.769,0.533,0.564,0.314,0.579,0.625,0.577,0.369,0.211,0.16,0.646,dairy_free,organic,2026-08-14
H04746,34,25-34,Kensington and Chelsea,fitness,young_professionals,0.379,0.405,0.849,0.0,0.184,0.972,0.505,0.377,0.428,0.487,0.656,0.712,0.425,0.36,0.294,0.744,gluten_free|dairy_free,organic,2026-08-16
H04747,32,25-34,Hackney,fitness,foodies,0.232,0.228,0.832,0.0,0.414,0.927,0.298,0.646,0.521,0.504,0.712,0.743,0.425,0.198,0.207,0.803,none,organic,2026-08-18
H04748,24,18-24,Newham,students,fitness,0.763,0.446,0.541,0.299,0.498,0.467,0.798,1.0,0.882,0.571,0.474,0.692,0.579,0.779,0.625,0.748,none,organic,2026-08-18
H04749,20,18-24,Enfield,students,fitness,0.842,0.507,0.593,0.35,0.285,0.48,0.514,0.695,0.933,0.822,0.568,0.78,0.617,0.753,0.309,0.643,vegetarian|gluten_free|nut_allergy,organic,2026-08-19
H04750,28,25-34,Greenwich,young_professionals,foodies,0.318,0.876,0.301,0.012,0.402,0.598,0.82,0.834,0.57,0.837,0.762,0.928,0.659,0.328,0.498,0.389,none,organic,2026-08-19
H04751,33,25-34,Redbridge,fitness,young_professionals,0.02,0.605,0.876,0.33,0.28,0.917,0.541,0.48,0.425,0.459,0.567,0.647,0.335,0.409,0.555,0.749,vegetarian,organic,2026-08-19
H04752,31,25-34,Haringey,young_professionals,foodies,0.171,0.697,0.225,0.048,0.412,0.653,0.806,0.597,0.522,0.927,0.606,0.778,0.687,0.581,0.697,0.547,none,organic,2026-08-20
H04753,36,35-44,Lewisham,fitness,foodies,0.227,0.448,0.778,0.249,0.691,0.706,0.447,0.52,0.541,0.402,0.569,0.695,0.408,0.388,0.239,0.885,none,organic,2026-08-20
H04754,35,35-44,Islington,families,foodies,0.341,0.237,0.071,0.903,0.394,0.756,0.48,0.421,0.811,0.88,0.607,0.467,0.645,0.669,0.426,0.165,none,organic,2026-08-21
H04755,39,35-44,Croydon,foodies,students,0.227,0.178,0.095,0.102,0.864,0.723,0.972,0.657,0.16,0.289,0.851,0.622,0.433,0.8,0.912,0.437,none,organic,2026-08-21
H04756,33,25-34,Barnet,young_professionals,foodies,0.044,0.707,0.328,0.025,0.333,0.558,0.542,0.658,0.391,0.789,0.759,0.701,0.609,0.567,0.658,0.682,none,organic,2026-08-21
H04757,31,25-34,Lambeth,young_professionals,students,0.425,0.77,0.098,0.412,0.031,0.506,0.849,0.522,0.474,0.869,0.752,0.81,0.853,0.446,0.703,0.787,none,organic,2026-08-21
H04758,39,35-44,Waltham Forest,fitness,students,0.457,0.133,0.983,0.274,0.3,0.885,0.561,0.469,0.453,0.637,0.546,0.808,0.531,0.378,0.046,0.862,none,P058,2026-08-23
H04759,37,35-44,Richmond upon Thames,families,young_professionals,0.44,0.448,0.39,0.881,0.132,0.771,0.224,0.208,0.601,0.78,0.71,0.646,0.548,0.784,0.542,0.377,none,P058,2026-08-23
H04760,28,25-34,Waltham Forest,young_professionals,families,0.419,0.82,0.36,0.464,0.432,0.615,0.562,0.655,0.393,0.894,0.64,0.673,0.493,0.495,0.786,0.509,none,P058,2026-08-23
H04761,41,35-44,Waltham Forest,families,fitness,0.217,0.174,0.389,0.888,0.224,0.626,0.25,0.38,0.665,0.718,0.658,0.473,0.567,0.807,0.373,0.309,none,P058,2026-08-23
H04762,39,35-44,Newham,families,students,0.61,0.055,0.446,0.678,0.151,0.663,0.259,0.397,0.808,0.693,0.441,0.49,0.818,0.811,0.319,0.513,vegan,P058,2026-08-23
H04763,28,25-34,Waltham Forest,young_professionals,foodies,0.107,0.86,0.007,0.131,0.391,0.481,0.629,0.844,0.41,0.804,0.612,0.776,0.53,0.251,0.561,0.648,vegan,P058,2026-08-23
H04764,30,25-34,Haringey,young_professionals,foodies,0.446,0.918,0.355,0.383,0.522,0.473,0.853,0.729,0.416,0.691,0.593,0.674,0.46,0.481,0.708,0.649,none,P058,2026-08-23
H04765,22,18-24,Waltham Forest,fitness,young_professionals,0.273,0.536,0.951,0.246,0.412,0.847,0.403,0.604,0.596,0.583,0.664,0.832,0.444,0.3,0.332,0.821,vegan,P058,2026-08-23
H04766,38,35-44,Waltham Forest,fitness,foodies,0.32,0.233,0.941,0.165,0.489,0.973,0.423,0.789,0.45,0.557,0.634,0.746,0.564,0.269,0.243,0.83,none,P058,2026-08-23
H04767,27,25-34,Hounslow,fitness,young_professionals,0.278,0.507,0.796,0.212,0.122,0.849,0.585,0.601,0.601,0.566,0.429,0.719,0.395,0.238,0.109,1.0,none,P058,2026-08-23
H04768,35,35-44,Kensington and Chelsea,fitness,students,0.386,0.286,0.996,0.055,0.17,0.927,0.358,0.691,0.545,0.596,0.632,0.842,0.443,0.349,0.53,0.822,none,P058,2026-08-23
H04769,32,25-34,Haringey,young_professionals,families,0.444,0.813,0.173,0.567,0.126,0.507,0.668,0.597,0.588,0.935,0.441,0.813,0.642,0.397,0.501,0.624,none,P058,2026-08-23
H04770,29,25-34,Richmond upon Thames,young_professionals,fitness,0.262,0.788,0.266,0.131,0.204,0.554,0.702,0.665,0.484,0.773,0.49,0.692,0.672,0.514,0.465,0.914,none,P058,2026-08-23
H04771,23,18-24,Waltham Forest,fitness,families,0.194,0.429,0.826,0.568,0.148,0.728,0.552,0.698,0.534,0.69,0.626,0.811,0.547,0.0,0.312,0.826,none,P058,2026-08-23
H04772,29,25-34,Waltham Forest,fitness,foodies,0.367,0.35,0.784,0.0,0.413,0.855,0.483,0.439,0.535,0.652,0.676,0.694,0.325,0.316,0.394,0.9,none,P058,2026-08-23
H04773,33,25-34,Croydon,young_professionals,foodies,0.117,0.817,0.0,0.255,0.443,0.692,0.688,0.674,0.328,0.926,0.593,0.564,0.583,0.624,0.61,0.729,none,P058,2026-08-23
H04774,38,35-44,Waltham Forest,fitness,families,0.503,0.029,0.842,0.519,0.364,0.878,0.4,0.332,0.553,0.695,0.386,0.756,0.498,0.0,0.223,1.0,none,P058,2026-08-23
H04775,38,35-44,Waltham Forest,young_professionals,students,0.329,0.892,0.25,0.196,0.057,0.575,0.666,0.802,0.288,1.0,0.464,0.735,0.694,0.667,0.408,0.67,dairy_free,P058,2026-08-23
H04776,26,25-34,Hackney,young_professionals,families,0.009,0.78,0.295,0.566,0.444,0.594,0.765,0.723,0.239,0.908,0.516,0.778,0.451,0.656,0.681,0.551,dairy_free,P058,2026-08-23
H04777,38,35-44,Waltham Forest,families,students,0.391,0.092,0.118,0.981,0.292,0.63,0.417,0.366,0.67,0.808,0.499,0.407,0.56,0.969,0.606,0.578,none,P058,2026-08-23
H04778,40,35-44,Waltham Forest,families,young_professionals,0.244,0.253,0.069,0.921,0.057,0.65,0.151,0.194,0.518,0.83,0.695,0.468,0.689,0.792,0.64,0.495,none,P058,2026-08-23
H04779,32,25-34,Enfield,young_professionals,students,0.429,0.74,0.295,0.401,0.087,0.581,0.894,0.566,0.433,0.972,0.608,0.703,0.741,0.493,0.657,0.36,none,P058,2026-08-23
H04780,28,25-34,Waltham Forest,young_professionals,students,0.5,0.721,0.292,0.337,0.238,0.557,0.843,0.439,0.407,1.0,0.586,0.455,0.535,0.584,0.772,0.615,vegan,P058,2026-08-23
H04781,20,18-24,Barnet,students,young_professionals,0.883,0.444,0.257,0.192,0.057,0.322,0.797,0.884,1.0,0.641,0.445,0.56,0.744,0.846,0.557,0.738,none,P058,2026-08-23
H04782,30,25-34,Newham,young_professionals,families,0.0,0.791,0.236,0.369,0.366,0.595,0.596,0.547,0.257,0.787,0.728,0.92,0.718,0.671,0.697,0.671,none,P058,2026-08-23
H04783,26,25-34,Waltham Forest,students,foodies,0.784,0.268,0.519,0.324,0.678,0.579,0.802,0.842,0.737,0.54,0.458,0.652,0.738,0.788,0.573,0.726,vegetarian,P058,2026-08-23
H04784,26,25-34,Waltham Forest,fitness,families,0.409,0.328,0.966,0.481,0.242,0.865,0.436,0.465,0.529,0.713,0.782,0.669,0.216,0.357,0.141,1.0,none,P058,2026-08-23
H04785,22,18-24,Bexley,foodies,families,0.171,0.38,0.185,0.412,0.804,0.803,0.802,0.556,0.394,0.312,0.72,0.487,0.644,0.89,0.907,0.553,vegan,P058,2026-08-23
H04786,25,25-34,Waltham Forest,young_professionals,families,0.183,0.82,0.0,0.556,0.372,0.594,0.813,0.447,0.387,0.699,0.471,0.776,0.728,0.501,0.42,0.546,none,P058,2026-08-23
H04787,25,25-34,Haringey,foodies,young_professionals,0.227,0.417,0.33,0.143,0.805,0.847,0.729,0.512,0.413,0.224,0.737,0.866,0.613,0.57,0.795,0.482,none,P058,2026-08-23
H04788,24,18-24,Southwark,young_professionals,fitness,0.252,0.848,0.358,0.336,0.344,0.645,0.499,0.65,0.436,0.781,0.707,0.554,1.0,0.416,0.656,0.676,nut_allergy,P058,2026-08-23
H04789,20,18-24,Croydon,students,families,0.851,0.236,0.155,0.305,0.296,0.606,0.622,0.815,0.945,0.778,0.64,0.845,0.766,0.63,0.407,0.723,none,P058,2026-08-23
H04790,31,25-34,Waltham Forest,young_professionals,fitness,0.427,0.995,0.439,0.295,0.285,0.587,0.81,0.689,0.508,0.847,0.351,0.907,0.642,0.666,0.559,0.845,none,P058,2026-08-23
H04791,31,25-34,Waltham Forest,fitness,families,0.302,0.074,1.0,0.424,0.363,0.917,0.451,0.7,0.488,0.513,0.7,0.777,0.429,0.495,0.337,0.934,none,P058,2026-08-23
H04792,27,25-34,Wandsworth,young_professionals,students,0.404,0.789,0.286,0.267,0.292,0.597,0.707,0.706,0.631,0.684,0.563,0.64,0.687,0.635,0.454,0.688,none,P058,2026-08-23
H04793,29,25-34,Brent,fitness,students,0.401,0.262,0.749,0.353,0.272,0.781,0.483,0.526,0.44,0.624,0.664,0.653,0.47,0.29,0.472,0.997,vegetarian|nut_allergy,P058,2026-08-23
H04794,26,25-34,Waltham Forest,young_professionals,families,0.373,0.684,0.065,0.41,0.208,0.554,0.69,0.74,0.518,0.873,0.433,0.82,0.603,0.609,0.418,0.763,none,P058,2026-08-23
H04795,37,35-44,Tower Hamlets,fitness,foodies,0.359,0.358,0.938,0.117,0.499,0.827,0.548,0.449,0.501,0.479,0.602,0.699,0.486,0.243,0.384,0.852,vegetarian|nut_allergy,P058,2026-08-23
H04796,31,25-34,Waltham Forest,young_professionals,foodies,0.432,1.0,0.286,0.343,0.573,0.658,0.668,0.65,0.563,0.745,0.487,0.721,0.651,0.617,0.602,0.549,none,P058,2026-08-23
H04797,35,35-44,Kingston upon Thames,fitness,foodies,0.45,0.259,0.815,0.165,0.475,0.855,0.511,0.631,0.622,0.597,0.675,0.728,0.448,0.448,0.265,0.993,none,P058,2026-08-23
H04798,33,25-34,Hackney,fitness,young_professionals,0.277,0.431,0.8,0.24,0.187,0.85,0.482,0.627,0.518,0.687,0.688,0.76,0.328,0.505,0.122,1.0,vegetarian,P058,2026-08-23
H04799,38,35-44,Waltham Forest,fitness,foodies,0.265,0.226,0.783,0.14,0.275,0.887,0.535,0.524,0.577,0.711,0.721,0.621,0.298,0.253,0.364,0.963,vegetarian|dairy_free,P058,2026-08-23
H04800,32,25-34,Waltham Forest,fitness,families,0.273,0.26,0.934,0.525,0.419,0.757,0.573,0.584,0.562,0.5,0.454,0.689,0.189,0.384,0.368,1.0,none,P058,2026-08-23
H04801,34,25-34,Kensington and Chelsea,fitness,foodies,0.312,0.318,0.941,0.0,0.468,0.841,0.52,0.587,0.448,0.52,0.533,0.686,0.213,0.322,0.543,0.804,none,P058,2026-08-23
H04802,37,35-44,Greenwich,families,students,0.372,0.293,0.046,0.829,0.312,0.804,0.454,0.3,0.823,0.791,0.603,0.478,0.559,0.718,0.386,0.125,vegetarian,P058,2026-08-23
H04803,35,35-44,Waltham Forest,families,young_professionals,0.137,0.387,0.337,0.868,0.253,0.667,0.206,0.331,0.699,0.73,0.437,0.541,0.668,0.704,0.62,0.414,none,P058,2026-08-23
H04804,36,35-44,Waltham Forest,families,young_professionals,0.275,0.425,0.083,0.848,0.239,0.732,0.47,0.37,0.739,0.724,0.429,0.3,0.741,0.846,0.548,0.47,none,P058,2026-08-23
H04805,33,25-34,Waltham Forest,young_professionals,foodies,0.352,0.985,0.0,0.086,0.558,0.477,0.576,0.78,0.475,0.671,0.53,0.94,0.686,0.382,0.522,0.637,none,P058,2026-08-23
H04806,39,35-44,Barking and Dagenham,fitness,students,0.339,0.0,0.882,0.273,0.224,0.911,0.541,0.492,0.606,0.671,0.566,0.852,0.359,0.322,0.206,0.825,vegan,P058,2026-08-23
H04807,32,25-34,Bromley,fitness,young_professionals,0.287,0.293,0.827,0.229,0.256,0.833,0.593,0.616,0.604,0.65,0.574,0.741,0.235,0.276,0.585,0.86,dairy_free|nut_allergy,P058,2026-08-23
H04808,30,25-34,Waltham Forest,fitness,students,0.525,0.122,0.716,0.24,0.203,0.95,0.487,0.459,0.492,0.777,0.66,0.483,0.274,0.284,0.366,1.0,vegetarian,P058,2026-08-23
H04809,34,25-34,Waltham Forest,fitness,families,0.0,0.24,0.836,0.583,0.099,0.874,0.76,0.528,0.445,0.594,0.453,0.753,0.478,0.374,0.443,0.828,vegetarian,P058,2026-08-23
H04810,27,25-34,Merton,young_professionals,students,0.216,1.0,0.18,0.128,0.142,0.636,0.589,0.703,0.434,0.864,0.503,0.659,0.593,0.457,0.593,0.568,none,P058,2026-08-23
H04811,31,25-34,Waltham Forest,young_professionals,families,0.414,0.883,0.0,0.426,0.284,0.646,0.915,0.697,0.394,0.808,0.652,0.851,0.501,0.52,0.581,0.456,none,P058,2026-08-23
H04812,30,25-34,Harrow,fitness,families,0.337,0.398,1.0,0.398,0.128,0.946,0.638,0.484,0.54,0.711,0.835,0.76,0.262,0.465,0.297,0.797,vegetarian,P058,2026-08-23
H04813,32,25-34,Waltham Forest,fitness,young_professionals,0.27,0.553,0.669,0.222,0.374,0.896,0.582,0.577,0.483,0.72,0.627,1.0,0.523,0.236,0.144,0.819,nut_allergy,P058,2026-08-23
H04814,28,25-34,Wandsworth,young_professionals,families,0.185,0.856,0.245,0.359,0.26,0.532,0.538,0.742,0.452,0.976,0.704,0.735,0.859,0.665,0.61,0.702,none,P058,2026-08-23
H04815,40,35-44,Waltham Forest,families,foodies,0.2,0.124,0.26,0.809,0.331,0.627,0.381,0.434,0.649,0.801,0.504,0.455,0.491,0.874,0.609,0.392,none,P058,2026-08-23
H04816,44,35-44,Waltham Forest,families,students,0.413,0.409,0.236,1.0,0.181,0.58,0.337,0.387,0.755,0.682,0.486,0.605,0.828,0.76,0.553,0.332,none,P058,2026-08-23
H04817,30,25-34,Waltham Forest,fitness,young_professionals,0.248,0.383,0.812,0.263,0.214,0.886,0.583,0.545,0.435,0.667,0.535,0.806,0.403,0.177,0.369,0.805,none,P058,2026-08-23
H04818,32,25-34,Haringey,young_professionals,fitness,0.207,0.907,0.362,0.276,0.166,0.555,0.676,0.508,0.408,0.946,0.772,0.613,0.779,0.818,0.576,0.711,none,P058,2026-08-23
H04819,28,25-34,Waltham Forest,fitness,families,0.443,0.271,0.825,0.528,0.489,0.873,0.646,0.558,0.393,0.623,0.536,0.858,0.461,0.293,0.439,0.807,vegan,P058,2026-08-23
H04820,32,25-34,Waltham Forest,families,fitness,0.026,0.141,0.385,0.689,0.17,0.723,0.389,0.474,0.611,0.801,0.637,0.338,0.526,0.567,0.403,0.338,none,P058,2026-08-23
H04821,38,35-44,Waltham Forest,fitness,foodies,0.469,0.28,0.9,0.293,0.519,0.879,0.332,0.551,0.522,0.82,0.587,0.657,0.56,0.378,0.355,0.863,dairy_free,P058,2026-08-23
H04822,27,25-34,Waltham Forest,fitness,families,0.078,0.271,0.923,0.481,0.323,0.984,0.45,0.628,0.44,0.646,0.667,0.569,0.302,0.41,0.255,0.915,dairy_free,P058,2026-08-23
H04823,29,25-34,Waltham Forest,young_professionals,fitness,0.341,0.917,0.645,0.32,0.236,0.515,0.818,0.684,0.445,1.0,0.612,0.748,0.516,0.453,0.488,0.568,vegetarian,P058,2026-08-23
H04824,32,25-34,Kensington and Chelsea,young_professionals,fitness,0.296,0.862,0.395,0.194,0.368,0.66,0.85,0.736,0.472,0.842,0.398,0.529,0.636,0.483,0.602,0.772,none,P058,2026-08-23
H04825,23,18-24,Wandsworth,fitness,families,0.152,0.129,0.905,0.531,0.392,0.676,0.491,0.533,0.473,0.51,0.62,0.846,0.652,0.498,0.502,1.0,none,P058,2026-08-23
H04826,39,35-44,Newham,families,young_professionals,0.109,0.381,0.263,0.65,0.259,0.491,0.21,0.333,0.607,0.741,0.575,0.541,0.627,0.856,0.62,0.238,none,P058,2026-08-23
H04827,27,25-34,Waltham Forest,fitness,foodies,0.313,0.221,0.913,0.1,0.537,0.842,0.5,0.424,0.608,0.712,0.691,0.866,0.305,0.302,0.339,1.0,gluten_free,P058,2026-08-23
H04828,27,25-34,Brent,young_professionals,students,0.433,0.895,0.286,0.243,0.351,0.587,0.607,0.876,0.377,0.761,0.48,0.668,0.74,0.36,0.619,0.58,vegan|gluten_free,P058,2026-08-23
H04829,31,25-34,Redbridge,fitness,foodies,0.043,0.258,0.692,0.0,0.404,0.657,0.614,0.515,0.508,0.633,0.517,0.566,0.488,0.361,0.345,1.0,none,P058,2026-08-23
H04830,40,35-44,Wandsworth,fitness,students,0.462,0.362,0.908,0.367,0.229,1.0,0.505,0.543,0.51,0.681,0.402,0.603,0.533,0.222,0.347,0.873,none,P058,2026-08-23
H04831,28,25-34,Waltham Forest,young_professionals,families,0.147,0.911,0.331,0.542,0.412,0.628,0.631,0.619,0.337,0.903,0.754,0.614,0.775,0.695,0.46,0.402,none,P058,2026-08-23
H04832,28,25-34,Islington,young_professionals,fitness,0.469,0.78,0.663,0.07,0.17,0.591,0.716,0.611,0.321,0.84,0.743,0.86,0.595,0.559,0.66,0.756,vegetarian,P058,2026-08-23
H04833,24,18-24,Wandsworth,fitness,families,0.07,0.39,0.753,0.422,0.211,1.0,0.629,0.645,0.597,0.577,0.716,0.791,0.149,0.184,0.259,1.0,none,P058,2026-08-23
H04834,32,25-34,Croydon,families,young_professionals,0.228,0.455,0.086,1.0,0.168,0.66,0.291,0.337,0.906,0.89,0.696,0.602,0.649,0.926,0.539,0.424,none,P058,2026-08-23
H04835,31,25-34,Southwark,young_professionals,students,0.419,0.791,0.376,0.391,0.115,0.402,0.683,0.634,0.468,0.935,0.563,0.911,0.533,0.633,0.538,0.79,vegetarian,P058,2026-08-23
H04836,29,25-34,Southwark,young_professionals,students,0.36,0.718,0.349,0.266,0.216,0.652,0.728,0.665,0.537,0.799,0.615,0.753,0.739,0.817,0.64,0.477,none,P058,2026-08-23
H04837,21,18-24,Hackney,fitness,students,0.347,0.19,0.913,0.118,0.201,0.834,0.409,0.549,0.693,0.856,0.805,0.684,0.486,0.315,0.252,0.683,gluten_free,P058,2026-08-23
H04838,23,18-24,Enfield,fitness,families,0.181,0.355,0.82,0.52,0.308,0.828,0.48,0.671,0.541,0.627,0.526,0.687,0.35,0.337,0.312,0.784,none,P058,2026-08-23
H04839,31,25-34,Waltham Forest,young_professionals,fitness,0.15,0.827,0.406,0.174,0.274,0.685,0.628,0.696,0.546,0.839,0.651,0.647,0.739,0.627,0.775,0.791,none,P058,2026-08-23
H04840,36,35-44,Hounslow,fitness,students,0.491,0.231,0.853,0.311,0.15,1.0,0.348,0.395,0.548,0.643,0.569,0.48,0.295,0.477,0.507,0.995,none,P058,2026-08-23
H04841,20,18-24,Camden,students,foodies,0.839,0.218,0.285,0.079,0.477,0.362,0.761,0.672,0.883,0.692,0.566,0.806,0.812,0.938,0.278,0.801,none,P058,2026-08-23
H04842,28,25-34,Waltham Forest,fitness,young_professionals,0.448,0.565,0.91,0.152,0.306,0.909,0.496,0.46,0.476,0.744,0.624,0.785,0.396,0.311,0.153,0.947,none,P058,2026-08-23
H04843,30,25-34,Waltham Forest,young_professionals,families,0.0,0.825,0.311,0.369,0.358,0.671,0.885,0.685,0.442,0.846,0.641,0.588,0.818,0.521,0.589,0.494,none,P058,2026-08-23
H04844,24,18-24,Waltham Forest,young_professionals,foodies,0.048,0.948,0.263,0.171,0.343,0.632,0.726,0.54,0.57,0.821,0.567,0.804,0.457,0.702,0.482,0.867,none,P058,2026-08-23
H04845,25,25-34,Hounslow,young_professionals,foodies,0.254,0.94,0.254,0.175,0.283,0.6,0.524,0.663,0.435,0.895,0.386,0.545,0.601,0.547,0.717,0.629,vegetarian,organic,2026-08-23
H04846,39,35-44,Croydon,families,fitness,0.0,0.402,0.488,0.826,0.335,1.0,0.43,0.43,0.645,0.745,0.56,0.522,0.343,0.682,0.475,0.312,none,organic,2026-08-23
H04847,33,25-34,Croydon,fitness,foodies,0.198,0.168,0.837,0.324,0.496,0.908,0.447,0.441,0.547,0.743,0.468,0.732,0.43,0.259,0.308,1.0,gluten_free,organic,2026-08-24
H04848,26,25-34,Hillingdon,foodies,fitness,0.276,0.028,0.495,0.374,0.733,0.475,1.0,0.432,0.377,0.488,0.583,0.762,0.873,0.652,1.0,0.446,none,organic,2026-08-25
H04849,30,25-34,Waltham Forest,young_professionals,foodies,0.286,0.931,0.241,0.26,0.314,0.465,0.624,0.713,0.361,0.758,0.695,0.575,0.733,0.698,0.687,0.676,none,organic,2026-08-25
H04850,28,25-34,Haringey,foodies,young_professionals,0.34,0.738,0.299,0.275,0.866,0.643,0.963,0.436,0.192,0.372,0.591,0.732,0.54,0.564,0.889,0.495,vegetarian,organic,2026-08-26
H04851,27,25-34,Newham,young_professionals,students,0.384,0.924,0.065,0.234,0.099,0.541,0.665,0.72,0.365,0.863,0.541,0.675,0.773,0.608,0.629,0.539,none,organic,2026-08-26
H04852,24,18-24,Enfield,young_professionals,foodies,0.242,0.838,0.248,0.252,0.433,0.614,0.641,0.879,0.454,0.939,0.752,0.805,0.513,0.53,0.54,0.649,vegetarian,organic,2026-08-27
H04853,21,18-24,Islington,foodies,students,0.469,0.303,0.265,0.308,0.834,0.604,0.912,0.556,0.495,0.304,0.793,0.593,0.755,0.421,1.0,0.439,none,organic,2026-08-27
H04854,28,25-34,Southwark,fitness,families,0.314,0.157,0.929,0.317,0.3,0.832,0.777,0.414,0.419,0.604,0.694,0.875,0.36,0.196,0.241,1.0,none,organic,2026-08-27
H04855,40,35-44,Islington,families,students,0.574,0.469,0.46,0.769,0.172,0.437,0.37,0.553,0.62,0.607,0.393,0.424,0.555,0.772,0.592,0.234,none,organic,2026-08-28
H04856,25,25-34,Brent,young_professionals,families,0.324,0.872,0.24,0.542,0.376,0.802,0.843,0.605,0.387,0.797,0.536,0.54,0.663,0.5,0.596,0.589,none,organic,2026-08-28
H04857,28,25-34,Wandsworth,young_professionals,families,0.126,0.858,0.416,0.421,0.179,0.504,0.616,0.568,0.378,0.946,0.528,0.747,0.747,0.586,0.909,0.731,vegan,organic,2026-08-28
H04858,23,18-24,Camden,fitness,families,0.181,0.17,0.759,0.224,0.145,0.892,0.575,0.632,0.439,0.771,0.598,0.629,0.509,0.347,0.385,0.857,gluten_free,organic,2026-08-29
H04859,24,18-24,Ealing,young_professionals,fitness,0.257,0.926,0.617,0.189,0.367,0.586,0.578,0.596,0.368,0.784,0.608,0.696,0.885,0.495,0.57,0.815,vegetarian,organic,2026-08-29
H04860,26,25-34,Westminster,young_professionals,foodies,0.277,0.697,0.293,0.259,0.388,0.64,0.642,0.783,0.344,0.826,0.603,0.826,0.538,0.54,0.725,0.649,gluten_free,organic,2026-08-29
H04861,38,35-44,Westminster,foodies,students,0.393,0.19,0.272,0.321,0.82,0.422,0.889,0.742,0.061,0.382,0.71,0.652,0.69,0.748,0.897,0.366,none,organic,2026-08-29
H04862,36,35-44,Bexley,foodies,young_professionals,0.32,0.555,0.43,0.225,0.928,0.688,0.99,0.552,0.33,0.383,0.77,0.567,0.625,0.698,1.0,0.493,none,organic,2026-08-29
H04863,22,18-24,Hackney,fitness,families,0.05,0.108,0.768,0.628,0.199,0.822,0.492,0.509,0.322,0.56,0.586,0.633,0.46,0.207,0.568,0.906,none,organic,2026-08-30
H04864,22,18-24,Croydon,young_professionals,foodies,0.29,0.851,0.361,0.236,0.387,0.593,0.627,0.607,0.489,0.95,0.667,0.83,0.606,0.68,0.601,0.585,none,organic,2026-08-30
H04865,27,25-34,Lambeth,young_professionals,fitness,0.347,0.817,0.626,0.18,0.331,0.619,0.767,0.477,0.369,1.0,0.622,0.613,0.667,0.325,0.62,0.697,none,organic,2026-08-30
H04866,23,18-24,Waltham Forest,young_professionals,fitness,0.197,0.832,0.375,0.313,0.365,0.683,0.698,0.732,0.544,1.0,0.649,0.766,0.695,0.553,0.626,0.819,none,organic,2026-08-31
H04867,29,25-34,Southwark,young_professionals,students,0.529,0.832,0.378,0.273,0.247,0.543,0.615,0.757,0.5,0.872,0.661,0.716,0.654,0.561,0.561,0.61,none,organic,2026-08-31
H04868,32,25-34,Havering,young_professionals,families,0.362,0.872,0.241,0.443,0.0,0.682,0.573,0.725,0.43,0.986,0.52,0.815,0.704,0.331,0.636,0.726,none,organic,2026-08-31
H04869,27,25-34,Southwark,foodies,students,0.448,0.296,0.409,0.254,0.952,0.561,1.0,0.509,0.162,0.428,0.566,0.767,0.708,0.631,1.0,0.267,gluten_free,organic,2026-08-31
H04870,20,18-24,Southwark,students,fitness,0.833,0.108,0.434,0.326,0.377,0.396,0.787,0.904,0.838,0.776,0.583,0.673,0.74,0.739,0.477,0.688,vegan,organic,2026-09-01
H04871,19,18-24,Brent,students,young_professionals,0.976,0.385,0.065,0.09,0.332,0.626,0.661,0.886,0.931,0.643,0.509,0.498,0.803,0.671,0.552,0.523,none,organic,2026-09-01
H04872,22,18-24,Newham,students,fitness,0.924,0.286,0.354,0.16,0.311,0.307,0.65,0.633,0.736,0.73,0.492,0.553,0.899,0.715,0.453,0.639,none,organic,2026-09-02
H04873,18,18-24,Wandsworth,students,families,0.954,0.321,0.146,0.447,0.165,0.467,0.701,0.866,0.877,0.613,0.585,0.451,0.591,0.626,0.162,0.594,none,organic,2026-09-02
H04874,40,35-44,Harrow,families,foodies,0.0,0.187,0.293,0.967,0.364,0.605,0.34,0.335,0.463,0.815,0.459,0.494,0.501,0.859,0.278,0.446,none,organic,2026-09-02
H04875,31,25-34,Hackney,young_professionals,foodies,0.352,0.82,0.112,0.3,0.393,0.771,0.641,0.686,0.447,0.799,0.683,0.669,0.781,0.636,0.435,0.746,gluten_free,organic,2026-09-02
H04876,29,25-34,Tower Hamlets,foodies,fitness,0.091,0.18,0.374,0.335,1.0,0.442,0.963,0.622,0.32,0.479,0.746,0.453,0.652,0.693,0.853,0.417,none,organic,2026-09-02
H04877,23,18-24,Islington,students,families,0.887,0.22,0.264,0.443,0.177,0.441,0.937,0.776,0.828,0.731,0.242,0.853,0.824,0.689,0.537,0.586,none,organic,2026-09-03
H04878,29,25-34,Wandsworth,young_professionals,fitness,0.435,0.933,0.648,0.025,0.4,0.523,0.651,0.504,0.17,0.851,0.59,0.722,0.723,0.642,0.518,0.658,gluten_free,organic,2026-09-03
H04879,27,25-34,Wandsworth,young_professionals,students,0.406,0.887,0.327,0.377,0.216,0.606,0.589,0.78,0.418,0.712,0.585,0.965,0.545,0.477,0.668,0.82,none,organic,2026-09-03
H04880,31,25-34,Enfield,young_professionals,fitness,0.18,0.817,0.295,0.269,0.262,0.716,0.71,0.733,0.299,0.735,0.539,0.596,0.683,0.547,0.479,0.714,none,organic,2026-09-03
H04881,37,35-44,Haringey,families,foodies,0.289,0.303,0.287,1.0,0.494,0.729,0.27,0.42,0.872,0.821,0.613,0.679,0.585,0.791,0.479,0.444,vegan,organic,2026-09-04
H04882,31,25-34,Southwark,foodies,students,0.559,0.17,0.378,0.367,0.764,0.744,0.861,0.744,0.239,0.484,0.633,0.829,0.616,0.56,0.93,0.329,none,organic,2026-09-04
H04883,33,25-34,Brent,fitness,foodies,0.257,0.22,0.923,0.105,0.63,0.794,0.341,0.558,0.456,0.631,0.622,0.85,0.218,0.471,0.363,0.844,none,organic,2026-09-04
H04884,22,18-24,Bexley,students,young_professionals,0.927,0.561,0.508,0.225,0.349,0.536,0.797,0.729,1.0,0.59,0.538,0.751,0.784,0.706,0.367,0.766,none,organic,2026-09-04
H04885,25,25-34,Southwark,young_professionals,students,0.53,0.794,0.479,0.275,0.086,0.569,0.667,0.592,0.414,0.979,0.586,0.809,0.728,0.428,0.463,0.471,vegetarian|nut_allergy,organic,2026-09-04
H04886,19,18-24,Tower Hamlets,students,young_professionals,0.933,0.386,0.266,0.333,0.113,0.573,0.61,0.756,0.742,0.708,0.572,0.756,0.738,0.613,0.511,0.557,none,organic,2026-09-04
H04887,29,25-34,Tower Hamlets,young_professionals,foodies,0.298,0.824,0.243,0.245,0.41,0.46,0.691,0.669,0.419,0.696,0.544,0.611,0.711,0.595,0.665,0.527,none,organic,2026-09-05
H04888,27,25-34,Newham,young_professionals,families,0.307,0.836,0.198,0.427,0.286,0.753,0.763,0.581,0.618,0.804,0.603,0.79,0.741,0.603,0.848,0.815,none,organic,2026-09-05
H04889,30,25-34,Southwark,fitness,young_professionals,0.271,0.358,0.847,0.111,0.038,0.731,0.577,0.47,0.447,0.577,0.476,0.641,0.339,0.202,0.277,1.0,none,organic,2026-09-05
H04890,26,25-34,Islington,young_professionals,families,0.505,0.816,0.172,0.602,0.206,0.512,0.596,0.792,0.508,0.882,0.528,0.706,0.704,0.431,0.454,0.597,none,organic,2026-09-05
H04891,33,25-34,Tower Hamlets,young_professionals,students,0.395,0.972,0.195,0.199,0.155,0.632,0.558,0.828,0.437,0.853,0.555,0.937,0.567,0.575,0.642,0.623,dairy_free,organic,2026-09-05
H04892,20,18-24,Ealing,students,foodies,0.956,0.284,0.0,0.206,0.301,0.494,0.724,0.808,0.92,0.62,0.559,0.531,1.0,0.689,0.501,0.564,none,organic,2026-09-06
H04893,43,35-44,Hounslow,fitness,students,0.365,0.353,0.677,0.326,0.25,0.94,0.323,0.68,0.643,0.475,0.516,0.742,0.611,0.294,0.397,0.931,none,organic,2026-09-06
H04894,18,18-24,Wandsworth,students,foodies,0.778,0.198,0.298,0.151,0.601,0.583,0.731,0.866,0.92,0.604,0.667,0.602,0.807,0.73,0.489,0.555,none,organic,2026-09-06
H04895,31,25-34,Hammersmith and Fulham,young_professionals,foodies,0.23,1.0,0.111,0.0,0.342,0.493,0.73,0.685,0.349,0.704,0.57,0.688,0.715,0.448,0.627,0.687,none,organic,2026-09-07
H04896,30,25-34,Hackney,young_professionals,students,0.447,0.717,0.328,0.412,0.375,0.632,0.729,0.708,0.36,0.785,0.612,0.9,0.713,0.635,0.564,0.662,none,organic,2026-09-07
H04897,31,25-34,Greenwich,young_professionals,foodies,0.212,0.798,0.308,0.234,0.314,0.582,0.698,0.612,0.462,1.0,0.543,0.769,0.558,0.252,0.674,0.779,dairy_free,P059,2026-09-08
H04898,38,35-44,Barnet,young_professionals,families,0.246,0.764,0.478,0.487,0.465,0.59,0.712,0.717,0.437,0.782,0.56,0.678,0.817,0.549,0.676,0.625,none,P059,2026-09-08
H04899,31,25-34,Brent,young_professionals,families,0.358,0.833,0.279,0.531,0.494,0.684,0.794,0.563,0.528,0.837,0.51,0.932,0.636,0.578,0.617,0.463,none,P059,2026-09-08
H04900,31,25-34,Kensington and Chelsea,fitness,young_professionals,0.247,0.35,0.852,0.055,0.284,0.739,0.366,0.687,0.545,0.552,0.758,0.785,0.369,0.336,0.245,1.0,none,P059,2026-09-08
H04901,30,25-34,Tower Hamlets,young_professionals,students,0.732,0.941,0.422,0.31,0.36,0.488,0.738,0.755,0.291,0.989,0.593,0.696,0.818,0.686,0.436,0.737,none,P059,2026-09-08
H04902,34,25-34,Westminster,fitness,young_professionals,0.238,0.469,0.799,0.318,0.22,0.827,0.607,0.575,0.506,0.797,0.47,0.467,0.453,0.275,0.214,0.921,gluten_free|dairy_free,P059,2026-09-08
H04903,32,25-34,Havering,families,fitness,0.239,0.345,0.466,0.892,0.226,0.743,0.31,0.417,0.662,0.656,0.441,0.71,0.511,0.826,0.547,0.207,none,P059,2026-09-08
H04904,31,25-34,Hackney,fitness,foodies,0.235,0.3,0.905,0.171,0.516,1.0,0.428,0.614,0.288,0.677,0.55,0.705,0.24,0.248,0.037,0.826,none,P059,2026-09-08
H04905,39,35-44,Havering,young_professionals,foodies,0.177,0.837,0.25,0.255,0.313,0.563,0.806,0.625,0.502,0.829,0.626,0.666,0.747,0.392,0.504,0.66,vegan,P059,2026-09-08
H04906,30,25-34,Barnet,young_professionals,students,0.377,0.763,0.253,0.336,0.308,0.605,0.598,0.648,0.411,0.891,0.401,0.71,0.663,0.575,0.639,0.669,none,P059,2026-09-08
H04907,39,35-44,Barnet,fitness,families,0.269,0.222,0.763,0.421,0.306,0.943,0.478,0.455,0.528,0.607,0.603,0.705,0.273,0.248,0.301,0.908,dairy_free,P059,2026-09-08
H04908,32,25-34,Havering,young_professionals,fitness,0.323,1.0,0.359,0.1,0.242,0.759,0.674,0.463,0.513,0.843,0.583,0.833,0.654,0.362,0.589,0.696,none,P059,2026-09-08
H04909,22,18-24,Lambeth,young_professionals,students,0.455,0.821,0.331,0.433,0.189,0.677,0.625,0.761,0.494,0.756,0.67,0.838,0.462,0.26,0.553,0.563,none,P059,2026-09-08
H04910,26,25-34,Barnet,young_professionals,foodies,0.212,0.977,0.491,0.074,0.505,0.555,0.668,0.688,0.63,0.793,0.543,0.737,0.621,0.756,0.579,0.762,vegetarian,P059,2026-09-08
H04911,36,35-44,Barnet,young_professionals,families,0.276,1.0,0.16,0.319,0.067,0.65,0.675,0.69,0.444,0.851,0.536,0.768,0.704,0.454,0.638,0.422,none,P059,2026-09-08
H04912,22,18-24,Croydon,young_professionals,families,0.229,0.837,0.26,0.427,0.269,0.804,0.587,0.749,0.394,0.871,0.446,0.747,0.993,0.465,0.7,0.676,none,P059,2026-09-08
H04913,20,18-24,Lambeth,students,foodies,0.715,0.351,0.498,0.257,0.654,0.318,0.708,0.885,0.849,0.701,0.51,0.793,0.569,0.748,0.42,0.452,none,P059,2026-09-08
H04914,30,25-34,Barnet,families,young_professionals,0.369,0.383,0.255,0.8,0.379,0.767,0.111,0.445,0.862,0.648,0.578,0.486,0.699,0.697,0.608,0.328,none,P059,2026-09-08
H04915,34,25-34,Barnet,fitness,students,0.66,0.414,0.675,0.323,0.375,0.92,0.512,0.437,0.656,0.848,0.572,0.774,0.406,0.269,0.309,0.761,none,P059,2026-09-08
H04916,38,35-44,Camden,foodies,families,0.247,0.137,0.21,0.366,0.782,0.684,0.83,0.552,0.5,0.463,0.808,0.591,0.603,0.47,0.876,0.378,none,P059,2026-09-08
H04917,39,35-44,Barnet,fitness,students,0.633,0.539,0.945,0.199,0.17,1.0,0.533,0.542,0.554,0.642,0.653,0.693,0.558,0.469,0.341,1.0,none,P059,2026-09-08
H04918,34,25-34,Barnet,fitness,young_professionals,0.534,0.622,0.885,0.368,0.262,0.845,0.342,0.471,0.464,0.58,0.63,0.557,0.27,0.459,0.469,0.944,none,P059,2026-09-08
H04919,27,25-34,Barnet,fitness,students,0.418,0.278,0.962,0.341,0.174,0.893,0.49,0.464,0.418,0.643,0.702,0.804,0.338,0.404,0.533,0.801,none,P059,2026-09-08
H04920,31,25-34,Barnet,fitness,young_professionals,0.264,0.307,0.823,0.116,0.305,0.96,0.561,0.561,0.531,0.717,0.551,0.66,0.366,0.361,0.416,0.778,none,P059,2026-09-08
H04921,20,18-24,Barnet,students,foodies,0.929,0.235,0.139,0.036,0.319,0.311,0.778,0.855,0.903,0.626,0.546,0.787,0.825,0.816,0.492,0.691,none,P059,2026-09-08
H04922,28,25-34,Barnet,fitness,young_professionals,0.164,0.243,0.716,0.19,0.192,0.894,0.628,0.477,0.599,0.402,0.595,0.626,0.528,0.255,0.449,0.964,vegan,P059,2026-09-08
H04923,34,25-34,Hackney,fitness,young_professionals,0.075,0.38,0.932,0.371,0.339,1.0,0.461,0.583,0.591,0.655,0.774,0.636,0.465,0.348,0.366,0.644,dairy_free,P059,2026-09-08
H04924,28,25-34,Hillingdon,fitness,young_professionals,0.289,0.646,0.884,0.146,0.33,0.926,0.568,0.634,0.581,0.661,0.584,0.789,0.301,0.003,0.141,0.675,none,P059,2026-09-08
H04925,36,35-44,Barking and Dagenham,fitness,young_professionals,0.378,0.456,0.981,0.442,0.445,1.0,0.51,0.383,0.38,0.573,0.483,0.764,0.296,0.266,0.277,0.736,vegetarian,P059,2026-09-08
H04926,36,35-44,Barnet,fitness,families,0.349,0.0,1.0,0.434,0.385,0.861,0.767,0.491,0.458,0.658,0.694,0.803,0.201,0.457,0.33,0.579,none,P059,2026-09-08
H04927,25,25-34,Barnet,young_professionals,families,0.477,0.87,0.461,0.479,0.231,0.521,0.892,0.459,0.383,0.793,0.688,0.708,0.568,0.675,0.694,0.615,vegetarian,P059,2026-09-08
H04928,28,25-34,Westminster,young_professionals,foodies,0.289,0.896,0.052,0.24,0.458,0.721,0.689,0.626,0.546,0.833,0.674,0.737,0.335,0.809,0.662,0.613,none,P059,2026-09-08
H04929,25,25-34,Hackney,young_professionals,families,0.088,0.795,0.201,0.256,0.08,0.718,0.812,0.701,0.375,0.844,0.624,0.455,0.653,0.757,0.523,0.432,none,P059,2026-09-08
H04930,34,25-34,Barnet,families,young_professionals,0.465,0.695,0.323,0.932,0.118,0.579,0.145,0.349,0.647,0.643,0.595,0.417,0.486,0.64,0.33,0.281,none,P059,2026-09-08
H04931,36,35-44,Southwark,foodies,students,0.53,0.452,0.065,0.434,0.911,0.65,0.72,0.62,0.383,0.355,0.742,0.605,0.637,0.589,1.0,0.316,none,P059,2026-09-08
H04932,28,25-34,Redbridge,fitness,young_professionals,0.407,0.451,0.785,0.342,0.417,0.856,0.41,0.659,0.478,0.681,0.508,0.557,0.52,0.308,0.369,0.937,none,P059,2026-09-08
H04933,24,18-24,Brent,fitness,students,0.259,0.143,0.831,0.24,0.251,0.915,0.357,0.542,0.426,0.757,0.45,0.536,0.261,0.344,0.373,0.863,none,P059,2026-09-08
H04934,19,18-24,Barnet,fitness,foodies,0.261,0.295,0.885,0.307,0.335,0.841,0.354,0.519,0.518,0.724,0.488,0.648,0.339,0.23,0.166,0.771,none,P059,2026-09-08
H04935,30,25-34,Hillingdon,fitness,foodies,0.119,0.259,0.857,0.41,0.523,0.836,0.487,0.435,0.559,0.581,0.562,0.586,0.37,0.378,0.385,1.0,none,P059,2026-09-08
H04936,33,25-34,Tower Hamlets,young_professionals,foodies,0.15,0.824,0.52,0.126,0.657,0.471,0.554,0.81,0.48,0.945,0.501,0.697,0.522,0.484,0.722,0.592,gluten_free,P059,2026-09-08
H04937,32,25-34,Hammersmith and Fulham,young_professionals,families,0.209,0.846,0.242,0.663,0.48,0.621,0.49,0.667,0.567,0.881,0.484,0.74,0.828,0.38,0.394,0.55,gluten_free,P059,2026-09-08
H04938,39,35-44,Newham,families,students,0.374,0.3,0.078,0.862,0.136,0.635,0.382,0.42,0.8,0.808,0.59,0.272,0.547,0.433,0.32,0.475,none,P059,2026-09-08
H04939,34,25-34,Lewisham,young_professionals,fitness,0.387,0.907,0.448,0.27,0.445,0.745,0.802,0.672,0.528,0.799,0.531,0.703,0.631,0.556,0.441,0.416,none,organic,2026-09-08
H04940,26,25-34,Haringey,young_professionals,students,0.43,0.7,0.355,0.383,0.334,0.716,0.841,0.683,0.539,0.886,0.671,0.749,0.578,0.772,0.816,0.653,none,organic,2026-09-09
H04941,23,18-24,Southwark,young_professionals,students,0.704,0.832,0.137,0.087,0.294,0.621,0.502,0.536,0.618,0.67,0.686,0.46,0.454,0.453,0.648,0.629,none,organic,2026-09-09
H04942,35,35-44,Waltham Forest,foodies,students,0.608,0.231,0.353,0.11,0.947,0.71,0.863,0.492,0.37,0.581,0.762,0.628,0.506,0.441,0.696,0.294,none,organic,2026-09-09
H04943,46,45+,Croydon,foodies,students,0.301,0.074,0.226,0.185,0.791,0.631,0.95,0.615,0.25,0.378,0.801,0.442,0.64,0.391,0.837,0.458,none,organic,2026-09-10
H04944,22,18-24,Hammersmith and Fulham,young_professionals,students,0.259,0.825,0.0,0.195,0.19,0.715,0.85,0.589,0.314,0.789,0.552,0.721,0.649,0.522,0.446,0.618,none,organic,2026-09-10
H04945,35,35-44,Bromley,families,young_professionals,0.201,0.431,0.264,0.887,0.382,0.532,0.336,0.392,0.525,0.631,0.409,0.399,0.661,0.704,0.534,0.255,none,organic,2026-09-11
H04946,29,25-34,Wandsworth,young_professionals,families,0.078,0.896,0.115,0.344,0.0,0.637,0.646,0.769,0.422,0.947,0.648,0.756,0.667,0.593,0.554,0.791,none,organic,2026-09-11
H04947,33,25-34,Enfield,families,fitness,0.427,0.187,0.48,0.617,0.235,0.702,0.251,0.493,0.794,0.776,0.621,0.457,0.572,0.715,0.649,0.367,none,P060,2026-09-12
H04948,30,25-34,Richmond upon Thames,fitness,young_professionals,0.221,0.319,0.816,0.089,0.131,0.897,0.477,0.614,0.651,0.722,0.619,0.845,0.421,0.311,0.426,0.823,none,P060,2026-09-12
H04949,34,25-34,Richmond upon Thames,foodies,fitness,0.272,0.427,0.464,0.197,0.824,0.666,0.99,0.62,0.339,0.285,0.738,0.731,0.536,0.477,0.779,0.602,vegetarian|dairy_free,P060,2026-09-12
H04950,38,35-44,Newham,families,students,0.569,0.485,0.197,0.903,0.149,0.625,0.532,0.314,0.596,0.64,0.657,0.616,0.653,0.788,0.358,0.383,none,P060,2026-09-12
H04951,25,25-34,Richmond upon Thames,foodies,families,0.117,0.347,0.415,0.422,0.863,0.382,0.872,0.76,0.256,0.244,0.946,0.724,0.757,0.619,0.869,0.368,none,P060,2026-09-12
H04952,26,25-34,Richmond upon Thames,young_professionals,students,0.505,0.845,0.353,0.049,0.364,0.498,0.709,0.61,0.416,0.728,0.594,0.827,0.683,0.506,0.403,0.548,gluten_free|dairy_free,P060,2026-09-12
H04953,32,25-34,Ealing,young_professionals,fitness,0.347,0.977,0.496,0.394,0.0,0.407,0.623,0.664,0.457,0.783,0.575,0.763,0.731,0.475,0.582,0.5,none,P060,2026-09-12
H04954,35,35-44,Westminster,young_professionals,families,0.331,1.0,0.229,0.483,0.0,0.51,0.684,0.77,0.416,0.769,0.569,0.712,0.823,0.677,0.528,0.609,none,P060,2026-09-12
H04955,33,25-34,Harrow,foodies,fitness,0.358,0.395,0.533,0.242,0.975,0.774,0.844,0.555,0.099,0.411,0.822,0.661,0.755,0.705,0.772,0.408,vegan,P060,2026-09-12
H04956,29,25-34,Richmond upon Thames,fitness,young_professionals,0.094,0.462,0.924,0.296,0.239,0.782,0.548,0.523,0.566,0.644,0.412,0.795,0.132,0.317,0.577,1.0,none,P060,2026-09-12
H04957,29,25-34,Tower Hamlets,young_professionals,students,0.458,0.812,0.363,0.172,0.258,0.718,0.697,0.66,0.511,0.782,0.62,0.653,0.612,0.808,0.583,0.677,none,P060,2026-09-12
H04958,48,45+,Camden,families,young_professionals,0.173,0.463,0.207,0.795,0.234,0.715,0.368,0.392,0.759,0.695,0.634,0.346,0.391,0.824,0.371,0.259,none,P060,2026-09-12
H04959,26,25-34,Bexley,young_professionals,families,0.509,0.86,0.34,0.54,0.16,0.573,0.929,0.566,0.331,0.796,0.638,0.864,0.745,0.509,0.735,0.588,none,P060,2026-09-12
H04960,28,25-34,Newham,families,fitness,0.227,0.187,0.618,0.931,0.0,0.793,0.391,0.31,0.723,0.926,0.576,0.565,0.658,0.665,0.302,0.398,none,P060,2026-09-12
H04961,40,35-44,Hounslow,families,young_professionals,0.262,0.346,0.269,0.961,0.072,0.65,0.413,0.188,0.82,0.792,0.367,0.414,0.558,0.876,0.462,0.19,none,organic,2026-09-12
H04962,38,35-44,Hillingdon,families,foodies,0.228,0.36,0.402,1.0,0.418,0.629,0.318,0.353,0.525,0.642,0.497,0.475,0.639,0.722,0.423,0.396,vegan|gluten_free,organic,2026-09-12
H04963,19,18-24,Sutton,students,fitness,0.744,0.379,0.514,0.368,0.142,0.439,0.696,0.794,0.717,0.698,0.513,0.555,0.904,0.66,0.39,0.363,none,organic,2026-09-12
H04964,33,25-34,Sutton,foodies,families,0.285,0.207,0.438,0.526,0.862,0.581,0.897,0.54,0.381,0.38,0.799,0.525,0.819,0.518,0.904,0.295,none,organic,2026-09-12
H04965,27,25-34,Brent,young_professionals,families,0.391,0.819,0.013,0.531,0.387,0.571,0.601,0.562,0.465,0.833,0.58,0.689,0.772,0.401,0.606,0.596,none,organic,2026-09-13
H04966,37,35-44,Enfield,families,young_professionals,0.275,0.371,0.353,0.8,0.043,0.721,0.385,0.289,0.773,1.0,0.611,0.488,0.416,0.659,0.583,0.428,none,organic,2026-09-13
H04967,21,18-24,Wandsworth,students,fitness,0.981,0.168,0.475,0.0,0.335,0.396,0.698,0.974,0.817,0.622,0.711,0.736,0.81,0.626,0.324,0.761,none,organic,2026-09-13
H04968,44,35-44,Newham,foodies,fitness,0.237,0.286,0.431,0.194,0.781,0.573,1.0,0.635,0.315,0.464,0.795,0.361,0.855,0.472,0.955,0.277,vegetarian,organic,2026-09-13
H04969,38,35-44,Greenwich,families,foodies,0.452,0.178,0.036,0.871,0.574,0.471,0.163,0.27,0.616,0.888,0.804,0.638,0.219,0.963,0.455,0.163,none,organic,2026-09-15
H04970,21,18-24,Tower Hamlets,students,young_professionals,0.883,0.351,0.274,0.166,0.104,0.323,0.716,0.855,0.958,0.647,0.474,0.839,0.796,0.809,0.598,0.673,vegetarian|nut_allergy,organic,2026-09-15
H04971,22,18-24,Lambeth,students,foodies,0.767,0.437,0.345,0.314,0.444,0.633,0.739,0.76,0.893,0.724,0.73,0.701,0.619,0.796,0.46,0.545,none,organic,2026-09-16
H04972,43,35-44,Lambeth,families,fitness,0.251,0.317,0.326,0.852,0.191,0.743,0.417,0.541,0.774,0.783,0.584,0.657,0.525,0.842,0.448,0.307,none,organic,2026-09-16
H04973,28,25-34,Merton,fitness,families,0.173,0.191,1.0,0.298,0.284,0.875,0.504,0.593,0.57,0.472,0.73,0.815,0.331,0.407,0.32,0.904,none,organic,2026-09-17
H04974,36,35-44,Westminster,young_professionals,families,0.172,0.958,0.305,0.491,0.257,0.709,0.442,0.637,0.575,0.707,0.657,0.684,0.537,0.463,0.79,0.757,none,organic,2026-09-17
H04975,39,35-44,Richmond upon Thames,foodies,families,0.28,0.197,0.332,0.485,0.839,0.605,0.986,0.754,0.418,0.296,0.659,0.879,0.55,0.808,1.0,0.508,none,organic,2026-09-17
H04976,28,25-34,Enfield,foodies,fitness,0.283,0.304,0.428,0.426,0.9,0.66,0.892,0.687,0.312,0.381,0.683,0.668,0.482,0.696,1.0,0.419,none,organic,2026-09-18
H04977,21,18-24,Haringey,students,young_professionals,0.898,0.438,0.365,0.317,0.34,0.392,0.782,0.882,1.0,0.688,0.48,0.757,0.909,0.76,0.613,0.672,none,organic,2026-09-19
H04978,20,18-24,Brent,students,foodies,0.886,0.404,0.048,0.371,0.458,0.636,0.777,0.888,0.868,0.705,0.673,0.778,1.0,0.864,0.46,0.584,nut_allergy,organic,2026-09-19
H04979,30,25-34,Lambeth,young_professionals,families,0.276,0.782,0.323,0.405,0.375,0.547,0.752,0.658,0.549,0.738,0.482,0.72,0.441,0.498,0.622,0.78,none,organic,2026-09-19
H04980,22,18-24,Islington,students,fitness,0.95,0.352,0.465,0.327,0.193,0.387,0.811,0.866,0.806,0.665,0.47,0.723,0.952,0.924,0.457,0.362,none,organic,2026-09-19
H04981,27,25-34,Croydon,young_professionals,students,0.467,0.816,0.361,0.196,0.368,0.698,0.775,0.69,0.322,0.947,0.547,0.671,0.888,0.585,0.572,0.595,none,organic,2026-09-20
H04982,27,25-34,Bromley,fitness,families,0.236,0.403,0.982,0.441,0.363,0.81,0.469,0.423,0.403,0.787,0.466,0.529,0.313,0.464,0.237,0.863,vegetarian,organic,2026-09-21
H04983,28,25-34,Greenwich,young_professionals,families,0.279,0.835,0.338,0.527,0.37,0.667,0.817,0.582,0.436,0.941,0.611,0.761,0.755,0.437,0.714,0.541,gluten_free,organic,2026-09-21
H04984,30,25-34,Tower Hamlets,fitness,foodies,0.228,0.182,0.856,0.275,0.37,0.955,0.673,0.519,0.555,0.501,0.457,0.698,0.578,0.306,0.164,0.843,vegan|dairy_free,organic,2026-09-21
H04985,23,18-24,Greenwich,students,young_professionals,0.884,0.601,0.184,0.0,0.36,0.517,0.651,0.61,0.882,0.762,0.418,0.89,0.709,0.886,0.663,0.354,nut_allergy,organic,2026-09-22
H04986,33,25-34,Kensington and Chelsea,young_professionals,fitness,0.236,0.888,0.524,0.231,0.337,0.502,0.891,0.703,0.346,0.731,0.368,0.634,0.5,0.546,0.572,0.487,none,organic,2026-09-22
H04987,22,18-24,Kingston upon Thames,students,families,0.939,0.276,0.386,0.465,0.24,0.565,0.939,0.779,0.762,0.641,0.52,0.734,0.535,0.877,0.342,0.587,none,organic,2026-09-23
H04988,27,25-34,Redbridge,foodies,students,0.539,0.424,0.302,0.076,0.827,0.554,1.0,0.52,0.349,0.484,0.813,0.488,0.915,0.587,1.0,0.425,none,organic,2026-09-23
H04989,20,18-24,Newham,students,foodies,0.925,0.301,0.24,0.11,0.61,0.27,0.667,0.682,0.895,0.57,0.635,0.723,0.832,0.822,0.319,0.283,none,organic,2026-09-23
H04990,29,25-34,Croydon,foodies,families,0.191,0.0,0.37,0.378,0.889,0.515,0.951,0.556,0.402,0.47,0.741,0.588,0.804,0.73,0.8,0.515,none,organic,2026-09-24
H04991,40,35-44,Southwark,families,young_professionals,0.137,0.455,0.442,0.897,0.23,0.517,0.402,0.553,0.727,0.876,0.483,0.764,0.591,0.635,0.303,0.432,none,organic,2026-09-25
H04992,26,25-34,Ealing,young_professionals,fitness,0.141,0.82,0.321,0.239,0.102,0.593,0.681,0.555,0.359,0.822,0.597,0.65,0.672,0.572,0.477,0.797,none,organic,2026-09-26
H04993,21,18-24,Greenwich,students,foodies,0.756,0.364,0.514,0.446,0.563,0.436,0.713,0.801,1.0,0.832,0.746,0.974,0.695,0.629,0.47,0.589,vegetarian,organic,2026-09-27
H04994,28,25-34,Kensington and Chelsea,young_professionals,fitness,0.204,0.792,0.424,0.211,0.331,0.525,0.767,0.618,0.517,0.83,0.68,0.985,0.491,0.356,0.567,0.643,none,organic,2026-09-28
H04995,32,25-34,Tower Hamlets,fitness,students,0.416,0.282,0.951,0.393,0.209,0.819,0.605,0.721,0.637,0.583,0.722,0.734,0.257,0.173,0.19,0.915,none,organic,2026-09-28
H04996,29,25-34,Enfield,fitness,students,0.358,0.089,0.867,0.266,0.264,0.785,0.599,0.303,0.379,0.73,0.571,0.847,0.536,0.414,0.531,0.87,none,organic,2026-09-28
H04997,21,18-24,Greenwich,students,foodies,0.796,0.39,0.202,0.434,0.535,0.44,0.782,0.828,0.85,0.545,0.672,0.488,0.764,0.928,0.461,0.703,none,organic,2026-09-29
H04998,42,35-44,Tower Hamlets,families,foodies,0.204,0.324,0.233,0.895,0.378,0.763,0.311,0.263,0.638,0.825,0.503,0.634,0.709,0.87,0.578,0.197,none,organic,2026-09-29
H04999,31,25-34,Wandsworth,fitness,foodies,0.0,0.108,0.93,0.067,0.57,0.994,0.674,0.477,0.48,0.562,0.678,0.671,0.24,0.309,0.109,0.909,none,organic,2026-09-30
H05000,18,18-24,Tower Hamlets,students,families,0.997,0.403,0.237,0.549,0.174,0.515,0.696,0.772,0.908,0.548,0.522,0.725,0.686,0.899,0.477,0.294,none,organic,2026-09-30
