review_id,user_id,brand_id,popup_id,review_date,rating,would_buy,liked_attribute,disliked_attribute,in_target_archetype
R00001,H00015,B28,,2024-04-04,4,0,ingredients,,1
R00002,H00026,B34,,2024-04-08,5,1,price,,1
R00003,H00003,B01,,2024-04-09,5,1,price,,0
R00004,H00030,B29,,2024-04-10,3,1,,ingredients,0
R00005,H00033,B19,,2024-04-10,3,0,,heat,0
R00006,H00055,B40,,2024-04-20,2,0,,fizz,1
R00007,H00092,B36,P001,2024-04-20,3,1,saltiness,,0
R00008,H00052,B38,,2024-04-23,1,0,,taste,0
R00009,H00083,B39,,2024-04-23,2,0,,versatility,0
R00010,H00092,B07,,2024-04-23,2,0,,heat,0
R00011,H00095,B33,,2024-04-23,5,1,aftertaste,,1
R00012,H00026,B31,,2024-04-24,4,1,price,,1
R00013,H00092,B35,P001,2024-04-24,3,1,,energy boost,0
R00014,H00116,B04,P002,2024-04-24,2,0,,portion size,0
R00015,H00123,B17,P002,2024-04-24,3,1,,fizz,0
R00016,H00132,B04,P002,2024-04-24,4,1,crunch,saltiness,1
R00017,H00134,B04,,2024-04-24,5,1,price,,1
R00018,H00136,B04,P002,2024-04-24,5,1,crunch,,0
R00019,H00138,B02,P002,2024-04-24,4,1,packaging,,1
R00020,H00082,B12,,2024-04-25,3,0,sweetness,,0
R00021,H00114,B04,P002,2024-04-25,3,1,,price,0
R00022,H00117,B02,P002,2024-04-25,3,0,,saltiness,1
R00023,H00122,B26,P002,2024-04-25,3,1,portion size,,0
R00024,H00123,B04,P002,2024-04-25,3,0,,crunch,0
R00025,H00131,B04,P002,2024-04-25,4,0,packaging,,0
R00026,H00132,B02,P002,2024-04-25,4,1,price,,1
R00027,H00135,B17,P002,2024-04-25,5,1,fizz,refreshing,0
R00028,H00138,B03,P002,2024-04-25,3,0,,energy boost,1
R00029,H00121,B03,P002,2024-04-26,4,1,price,,1
R00030,H00125,B04,P002,2024-04-26,3,0,saltiness,,0
R00031,H00127,B17,P002,2024-04-26,4,1,aftertaste,,0
R00032,H00128,B17,P002,2024-04-26,2,0,,sweetness,0
R00033,H00093,B39,P001,2024-04-27,4,1,texture,,0
R00034,H00111,B17,,2024-04-27,4,1,aftertaste,,0
R00035,H00114,B02,P002,2024-04-27,4,0,saltiness,,1
R00036,H00115,B02,P002,2024-04-27,4,1,price,,0
R00037,H00117,B04,P002,2024-04-27,4,1,portion size,,1
R00038,H00121,B26,P002,2024-04-27,3,0,,price,0
R00039,H00123,B26,P002,2024-04-27,5,1,packaging,,0
R00040,H00124,B26,P002,2024-04-27,3,1,,saltiness,0
R00041,H00126,B26,P002,2024-04-27,5,1,packaging,,0
R00042,H00127,B04,P002,2024-04-27,4,1,saltiness,,0
R00043,H00128,B04,P002,2024-04-27,4,1,crunch,,0
R00044,H00134,B17,P002,2024-04-27,5,0,refreshing,fizz,0
R00045,H00015,B08,,2024-04-28,4,1,price,,0
R00046,H00076,B21,,2024-04-28,4,1,refreshing,fizz,1
R00047,H00112,B02,P002,2024-04-28,3,0,saltiness,,1
R00048,H00117,B03,P002,2024-04-28,3,0,texture,,1
R00049,H00119,B04,P002,2024-04-28,5,1,portion size,,1
R00050,H00119,B26,P002,2024-04-28,3,1,,packaging,0
R00051,H00121,B04,P002,2024-04-28,4,1,saltiness,,1
R00052,H00122,B03,P002,2024-04-28,4,1,price,,0
R00053,H00122,B17,P002,2024-04-28,4,0,packaging,,0
R00054,H00124,B02,P002,2024-04-28,4,1,saltiness,,1
R00055,H00130,B17,P002,2024-04-28,3,0,,packaging,0
R00056,H00113,B02,P002,2024-04-29,5,1,packaging,,1
R00057,H00116,B26,P002,2024-04-29,4,0,portion size,,0
R00058,H00120,B04,P002,2024-04-29,3,1,,packaging,1
R00059,H00124,B03,P002,2024-04-29,5,1,taste,,1
R00060,H00124,B04,P002,2024-04-29,4,0,packaging,,1
R00061,H00126,B19,,2024-04-29,5,1,texture,,0
R00062,H00127,B26,P002,2024-04-29,4,1,portion size,,0
R00063,H00131,B03,P002,2024-04-29,3,0,,texture,0
R00064,H00133,B02,P002,2024-04-29,4,1,crunch,packaging,1
R00065,H00133,B03,P002,2024-04-29,4,1,price,,1
R00066,H00134,B03,P002,2024-04-29,5,1,price,,1
R00067,H00135,B02,P002,2024-04-29,5,1,packaging,,0
R00068,H00138,B17,P002,2024-04-29,3,0,fizz,,0
R00069,H00113,B04,P002,2024-04-30,3,0,,packaging,0
R00070,H00120,B17,P002,2024-04-30,4,1,sweetness,fizz,1
R00071,H00121,B02,P002,2024-04-30,4,1,seasoning,,1
R00072,H00125,B17,P002,2024-04-30,3,0,,price,0
R00073,H00137,B17,P002,2024-04-30,3,1,aftertaste,,0
R00074,H00043,B33,,2024-05-01,1,0,,price,0
R00075,H00102,B08,,2024-05-01,5,1,heat,,1
R00076,H00113,B03,P002,2024-05-01,3,1,,price,0
R00077,H00115,B26,P002,2024-05-01,4,1,price,,0
R00078,H00116,B02,P002,2024-05-01,4,0,seasoning,,1
R00079,H00118,B04,P002,2024-05-01,2,0,,seasoning,0
R00080,H00126,B17,P002,2024-05-01,2,0,aftertaste,price,0
R00081,H00128,B26,P002,2024-05-01,3,0,saltiness,,0
R00082,H00129,B20,,2024-05-01,2,0,,price,0
R00083,H00136,B26,P002,2024-05-01,5,1,portion size,saltiness,0
R00084,H00137,B04,P002,2024-05-01,4,1,seasoning,,0
R00085,H00137,B26,P002,2024-05-01,3,0,crunch,,0
R00086,H00046,B31,,2024-05-02,4,1,flavour depth,,0
R00087,H00087,B13,,2024-05-02,4,1,aftertaste,price,0
R00088,H00029,B43,,2024-05-03,3,0,,packaging,0
R00089,H00016,B24,,2024-05-04,5,1,aroma,,1
R00090,H00120,B19,,2024-05-04,5,1,flavour depth,price,1
R00091,H00040,B12,,2024-05-05,2,0,,taste,0
R00092,H00069,B16,,2024-05-05,2,0,,sweetness,0
R00093,H00177,B05,,2024-05-05,4,1,saltiness,seasoning,1
R00094,H00030,B41,,2024-05-06,5,1,price,,0
R00095,H00067,B06,,2024-05-06,4,1,sweetness,,0
R00096,H00191,B48,,2024-05-07,2,1,,price,0
R00097,H00117,B23,,2024-05-08,2,0,,price,0
R00098,H00147,B14,,2024-05-08,4,1,fizz,,1
R00099,H00017,B07,,2024-05-09,2,0,,flavour depth,0
R00100,H00120,B44,,2024-05-09,2,0,,fizz,0
R00101,H00137,B37,,2024-05-09,2,0,,packaging,0
R00102,H00173,B07,,2024-05-09,4,0,versatility,,0
R00103,H00080,B10,,2024-05-11,2,0,,taste,0
R00104,H00156,B48,,2024-05-11,1,0,,seasoning,0
R00105,H00001,B11,,2024-05-13,4,1,refreshing,taste,1
R00106,H00126,B07,,2024-05-13,4,1,flavour depth,,0
R00107,H00217,B48,,2024-05-13,2,0,,packaging,0
R00108,H00078,B24,,2024-05-14,3,1,price,,0
R00109,H00200,B10,P003,2024-05-14,4,1,price,,1
R00110,H00008,B08,,2024-05-15,3,0,versatility,,0
R00111,H00161,B37,,2024-05-15,2,1,,texture,0
R00112,H00200,B37,P003,2024-05-15,4,1,sweetness,texture,0
R00113,H00212,B31,,2024-05-15,4,1,texture,,0
R00114,H00225,B13,,2024-05-15,4,0,packaging,,1
R00115,H00090,B34,,2024-05-16,5,1,price,,1
R00116,H00140,B02,,2024-05-16,2,0,portion size,crunch,0
R00117,H00191,B12,,2024-05-16,4,1,aftertaste,,0
R00118,H00220,B45,,2024-05-16,4,1,packaging,,1
R00119,H00074,B19,,2024-05-17,2,0,,flavour depth,0
R00120,H00003,B11,,2024-05-19,4,1,price,,0
R00121,H00132,B46,,2024-05-19,5,1,refreshing,,1
R00122,H00197,B22,,2024-05-19,2,0,taste,price,0
R00123,H00114,B43,,2024-05-21,5,1,sweetness,taste,0
R00124,H00073,B48,,2024-05-22,5,1,seasoning,,1
R00125,H00106,B41,,2024-05-22,3,0,,seasoning,0
R00126,H00133,B44,,2024-05-22,4,1,taste,,0
R00127,H00205,B47,,2024-05-22,4,1,price,sweetness,0
R00128,H00153,B05,,2024-05-23,2,0,crunch,portion size,0
R00129,H00024,B07,,2024-05-24,4,1,jar size,,0
R00130,H00179,B22,,2024-05-24,3,1,price,,0
R00131,H00031,B01,,2024-05-26,4,1,saltiness,,1
R00132,H00083,B43,,2024-05-27,4,0,sweetness,price,0
R00133,H00258,B33,,2024-05-27,3,0,,sweetness,0
R00134,H00010,B02,,2024-05-28,2,0,,packaging,0
R00135,H00081,B07,,2024-05-29,5,1,texture,,1
R00136,H00290,B04,P004,2024-05-30,5,1,price,,0
R00137,H00290,B17,P004,2024-05-30,5,1,taste,,1
R00138,H00090,B40,,2024-05-31,2,0,,packaging,0
R00139,H00191,B47,,2024-05-31,3,0,sweetness,,0
R00140,H00208,B05,,2024-05-31,4,0,portion size,,0
R00141,H00276,B42,,2024-05-31,3,0,,ingredients,0
R00142,H00289,B17,P004,2024-05-31,4,1,refreshing,,1
R00143,H00083,B24,,2024-06-01,4,1,ingredients,packaging,0
R00144,H00160,B14,,2024-06-01,5,1,taste,,1
R00145,H00162,B45,,2024-06-01,4,0,sweetness,price,1
R00146,H00236,B09,,2024-06-01,4,1,texture,,0
R00147,H00291,B04,P004,2024-06-01,3,1,saltiness,,0
R00148,H00309,B28,P005,2024-06-01,2,1,,ingredients,0
R00149,H00314,B24,P005,2024-06-01,4,1,strength,aroma,0
R00150,H00316,B26,P005,2024-06-01,4,1,portion size,,0
R00151,H00258,B46,,2024-06-02,3,0,,fizz,0
R00152,H00271,B26,,2024-06-02,2,1,,crunch,1
R00153,H00308,B28,P005,2024-06-02,3,1,energy boost,,0
R00154,H00311,B28,P005,2024-06-02,5,1,energy boost,,0
R00155,H00313,B24,P005,2024-06-02,4,1,ingredients,packaging,0
R00156,H00315,B28,P005,2024-06-02,3,1,portability,,1
R00157,H00317,B26,P005,2024-06-02,5,1,price,,0
R00158,H00321,B22,P005,2024-06-02,3,0,texture,,0
R00159,H00322,B26,P005,2024-06-02,4,0,portion size,,1
R00160,H00323,B22,P005,2024-06-02,4,1,texture,,1
R00161,H00341,B07,,2024-06-02,4,1,flavour depth,,1
R00162,H00056,B03,,2024-06-03,3,0,,energy boost,0
R00163,H00080,B07,,2024-06-03,3,0,,texture,1
R00164,H00086,B44,,2024-06-03,3,0,,packaging,1
R00165,H00290,B03,P004,2024-06-03,3,0,,taste,0
R00166,H00291,B26,P004,2024-06-03,4,0,seasoning,price,1
R00167,H00292,B17,P004,2024-06-03,5,1,aftertaste,,1
R00168,H00293,B04,P004,2024-06-03,3,0,,saltiness,1
R00169,H00312,B24,P005,2024-06-03,5,1,aroma,,0
R00170,H00322,B24,P005,2024-06-03,4,1,price,,1
R00171,H00323,B26,P005,2024-06-03,4,1,packaging,saltiness,1
R00172,H00323,B28,P005,2024-06-03,5,1,ingredients,,0
R00173,H00266,B21,,2024-06-04,2,0,,fizz,0
R00174,H00315,B26,,2024-06-04,3,0,,crunch,0
R00175,H00319,B26,P005,2024-06-04,5,1,portion size,,0
R00176,H00346,B31,,2024-06-04,2,0,,flavour depth,0
R00177,H00015,B13,,2024-06-05,3,0,,packaging,1
R00178,H00022,B26,,2024-06-05,3,1,price,,1
R00179,H00293,B03,P004,2024-06-05,4,1,portability,,1
R00180,H00307,B24,P005,2024-06-05,4,1,aroma,,0
R00181,H00309,B26,P005,2024-06-05,5,1,seasoning,packaging,0
R00182,H00317,B46,,2024-06-05,4,1,packaging,,0
R00183,H00025,B45,,2024-06-06,3,1,aftertaste,,1
R00184,H00179,B34,,2024-06-06,5,1,price,,1
R00185,H00281,B25,,2024-06-06,3,0,,crunch,0
R00186,H00291,B17,P004,2024-06-06,3,0,,packaging,0
R00187,H00294,B26,P004,2024-06-06,3,0,,packaging,0
R00188,H00100,B27,,2024-06-07,3,1,,versatility,0
R00189,H00244,B10,,2024-06-07,1,0,,packaging,0
R00190,H00310,B22,P005,2024-06-07,4,1,sweetness,,0
R00191,H00311,B26,P005,2024-06-07,5,0,portion size,,0
R00192,H00319,B02,P005,2024-06-07,3,0,,crunch,1
R00193,H00320,B26,P005,2024-06-07,5,1,packaging,,1
R00194,H00320,B28,P005,2024-06-07,3,1,texture,,0
R00195,H00343,B46,,2024-06-07,3,0,aftertaste,,0
R00196,H00044,B48,,2024-06-08,4,1,price,,1
R00197,H00147,B17,,2024-06-08,2,0,,taste,0
R00198,H00234,B32,,2024-06-08,2,0,,design,0
R00199,H00318,B26,P005,2024-06-08,5,1,packaging,,1
R00200,H00321,B02,P005,2024-06-08,5,1,portion size,crunch,0
R00201,H00005,B25,,2024-06-09,2,0,,seasoning,0
R00202,H00159,B31,,2024-06-09,4,0,heat,versatility,0
R00203,H00055,B28,,2024-06-10,2,0,,portability,0
R00204,H00068,B06,,2024-06-10,5,1,ingredients,texture,0
R00205,H00223,B09,,2024-06-10,4,1,ingredients,,0
R00206,H00370,B05,P006,2024-06-10,3,0,,price,1
R00207,H00374,B15,P006,2024-06-10,4,1,fizz,,0
R00208,H00052,B26,,2024-06-11,4,1,portion size,,1
R00209,H00178,B04,,2024-06-11,2,0,,saltiness,0
R00210,H00238,B21,,2024-06-11,4,1,aftertaste,,0
R00211,H00241,B16,,2024-06-11,3,0,aftertaste,,1
R00212,H00245,B25,,2024-06-11,1,0,,seasoning,0
R00213,H00285,B47,,2024-06-11,2,0,price,sweetness,0
R00214,H00375,B38,P006,2024-06-11,3,1,packaging,,0
R00215,H00376,B38,P006,2024-06-11,3,1,,ingredients,0
R00216,H00292,B08,,2024-06-12,3,1,,texture,0
R00217,H00371,B15,P006,2024-06-12,3,0,refreshing,,0
R00218,H00374,B05,P006,2024-06-12,4,0,saltiness,portion size,0
R00219,H00374,B37,P006,2024-06-12,3,1,sweetness,,0
R00220,H00374,B41,P006,2024-06-12,4,1,price,crunch,0
R00221,H00376,B05,P006,2024-06-12,3,0,saltiness,,1
R00222,H00377,B37,P006,2024-06-12,1,0,ingredients,texture,0
R00223,H00107,B33,,2024-06-13,3,0,,packaging,0
R00224,H00195,B37,,2024-06-13,2,0,ingredients,taste,0
R00225,H00296,B47,,2024-06-13,3,0,price,,0
R00226,H00307,B19,,2024-06-13,4,1,heat,,1
R00227,H00324,B02,,2024-06-13,3,1,,price,0
R00228,H00363,B12,,2024-06-13,4,1,price,refreshing,1
R00229,H00371,B38,P006,2024-06-13,4,0,price,packaging,0
R00230,H00375,B37,P006,2024-06-13,4,0,packaging,price,1
R00231,H00375,B41,P006,2024-06-13,4,1,portion size,,0
R00232,H00378,B38,P006,2024-06-13,5,1,texture,,0
R00233,H00149,B37,,2024-06-14,2,0,,ingredients,1
R00234,H00164,B04,,2024-06-14,4,1,price,,1
R00235,H00213,B36,,2024-06-14,3,1,price,,0
R00236,H00241,B41,,2024-06-14,5,1,packaging,saltiness,1
R00237,H00373,B41,P006,2024-06-14,5,1,portion size,,1
R00238,H00302,B33,,2024-06-15,4,1,packaging,sweetness,0
R00239,H00367,B07,,2024-06-15,5,1,price,,1
R00240,H00370,B41,P006,2024-06-15,2,0,,seasoning,0
R00241,H00373,B15,P006,2024-06-15,3,0,,fizz,1
R00242,H00376,B37,P006,2024-06-15,1,0,,sweetness,1
R00243,H00378,B15,P006,2024-06-15,5,1,refreshing,fizz,0
R00244,H00044,B36,,2024-06-16,3,1,price,,1
R00245,H00247,B14,,2024-06-16,1,0,,aftertaste,0
R00246,H00284,B24,,2024-06-16,5,1,taste,,1
R00247,H00311,B41,,2024-06-16,3,1,portion size,,0
R00248,H00365,B16,,2024-06-16,3,1,,sweetness,1
R00249,H00372,B41,P006,2024-06-16,3,0,seasoning,,1
R00250,H00375,B15,P006,2024-06-16,3,0,taste,,1
R00251,H00053,B25,,2024-06-17,5,1,packaging,,1
R00252,H00030,B48,,2024-06-18,5,1,saltiness,,1
R00253,H00096,B15,,2024-06-18,2,0,,refreshing,0
R00254,H00102,B11,,2024-06-18,2,0,aftertaste,taste,0
R00255,H00247,B10,,2024-06-19,4,1,price,strength,1
R00256,H00415,B17,,2024-06-19,2,0,,packaging,0
R00257,H00130,B45,,2024-06-20,3,1,,aftertaste,0
R00258,H00340,B03,,2024-06-20,5,0,taste,,1
R00259,H00058,B38,,2024-06-21,3,1,,taste,0
R00260,H00104,B05,,2024-06-21,3,0,,price,0
R00261,H00110,B44,,2024-06-21,3,1,price,,0
R00262,H00127,B03,,2024-06-21,3,0,,taste,0
R00263,H00218,B34,,2024-06-21,4,1,ingredients,,1
R00264,H00259,B38,,2024-06-21,4,0,packaging,,0
R00265,H00275,B07,,2024-06-21,4,1,texture,,1
R00266,H00411,B40,,2024-06-21,3,0,sweetness,,0
R00267,H00047,B04,,2024-06-22,3,0,,seasoning,1
R00268,H00083,B34,,2024-06-22,2,0,,ingredients,0
R00269,H00134,B32,,2024-06-22,3,0,,build quality,0
R00270,H00329,B15,,2024-06-22,3,1,,sweetness,0
R00271,H00356,B21,,2024-06-22,4,1,taste,sweetness,0
R00272,H00357,B16,,2024-06-22,4,1,refreshing,,1
R00273,H00426,B29,,2024-06-22,3,1,,taste,0
R00274,H00166,B12,,2024-06-23,4,1,fizz,,0
R00275,H00122,B29,,2024-06-24,3,0,price,,0
R00276,H00129,B39,,2024-06-24,2,0,,versatility,0
R00277,H00076,B30,,2024-06-25,5,1,flavour depth,,1
R00278,H00287,B15,,2024-06-25,3,0,,sweetness,0
R00279,H00332,B46,,2024-06-25,3,0,,fizz,0
R00280,H00426,B21,,2024-06-25,5,1,fizz,,1
R00281,H00453,B03,,2024-06-25,3,0,,portability,0
R00282,H00003,B43,,2024-06-26,5,1,aftertaste,,1
R00283,H00003,B19,,2024-06-26,3,0,,texture,0
R00284,H00217,B47,,2024-06-26,2,0,,sweetness,0
R00285,H00315,B14,,2024-06-26,5,1,packaging,sweetness,0
R00286,H00025,B35,,2024-06-27,4,1,portability,,0
R00287,H00183,B01,,2024-06-27,4,1,saltiness,,0
R00288,H00240,B32,,2024-06-27,3,0,,price,0
R00289,H00271,B15,,2024-06-27,5,1,fizz,,1
R00290,H00444,B43,,2024-06-27,5,1,taste,,1
R00291,H00308,B35,,2024-06-28,2,0,,texture,0
R00292,H00364,B24,,2024-06-28,5,1,ingredients,,1
R00293,H00102,B23,,2024-06-29,1,0,,sweetness,0
R00294,H00122,B01,,2024-06-29,3,1,price,,0
R00295,H00237,B37,,2024-06-29,3,1,price,,0
R00296,H00434,B04,,2024-06-29,3,0,,crunch,1
R00297,H00028,B37,,2024-06-30,2,0,,sweetness,0
R00298,H00136,B07,,2024-06-30,5,1,heat,,1
R00299,H00163,B02,,2024-06-30,3,0,price,,0
R00300,H00221,B18,,2024-06-30,4,0,price,,1
R00301,H00331,B41,,2024-06-30,4,0,seasoning,,0
R00302,H00401,B33,,2024-06-30,3,0,,aftertaste,0
R00303,H00087,B14,,2024-07-01,5,1,packaging,taste,1
R00304,H00278,B33,,2024-07-01,4,1,fizz,sweetness,1
R00305,H00295,B44,,2024-07-01,5,1,packaging,,0
R00306,H00357,B30,,2024-07-01,2,0,,price,0
R00307,H00415,B24,,2024-07-01,5,0,ingredients,,1
R00308,H00486,B39,,2024-07-01,3,0,,versatility,0
R00309,H00029,B26,,2024-07-02,2,1,,price,0
R00310,H00055,B13,,2024-07-02,2,0,,sweetness,0
R00311,H00415,B14,,2024-07-02,3,0,fizz,,0
R00312,H00484,B29,,2024-07-02,3,0,energy boost,,0
R00313,H00003,B27,,2024-07-03,4,1,flavour depth,,0
R00314,H00231,B21,,2024-07-03,4,1,aftertaste,packaging,0
R00315,H00304,B38,,2024-07-03,4,1,ingredients,price,1
R00316,H00347,B40,,2024-07-03,4,0,price,packaging,1
R00317,H00497,B02,P007,2024-07-03,3,1,crunch,,1
R00318,H00499,B17,P007,2024-07-03,4,1,refreshing,,0
R00319,H00504,B04,P007,2024-07-03,4,1,price,,1
R00320,H00151,B08,,2024-07-04,1,0,jar size,flavour depth,0
R00321,H00500,B26,P007,2024-07-04,5,1,portion size,,0
R00322,H00503,B26,P007,2024-07-04,4,1,seasoning,,0
R00323,H00443,B20,,2024-07-05,3,0,,price,0
R00324,H00498,B26,P007,2024-07-05,4,1,crunch,,0
R00325,H00499,B26,P007,2024-07-05,4,1,packaging,,0
R00326,H00505,B08,,2024-07-05,4,0,versatility,,1
R00327,H00054,B17,,2024-07-06,3,0,fizz,,0
R00328,H00168,B39,,2024-07-06,3,0,,jar size,0
R00329,H00282,B05,,2024-07-06,3,0,,price,0
R00330,H00418,B45,,2024-07-06,2,0,taste,price,0
R00331,H00172,B46,,2024-07-07,5,1,taste,,0
R00332,H00284,B21,,2024-07-07,2,0,taste,packaging,0
R00333,H00379,B34,,2024-07-07,5,1,strength,,1
R00334,H00381,B46,,2024-07-07,5,1,taste,aftertaste,1
R00335,H00409,B37,,2024-07-07,5,1,packaging,,1
R00336,H00497,B03,P007,2024-07-07,4,1,taste,,0
R00337,H00497,B04,P007,2024-07-07,3,1,packaging,,0
R00338,H00498,B04,P007,2024-07-07,2,0,,price,1
R00339,H00500,B17,P007,2024-07-07,4,1,price,,0
R00340,H00505,B03,P007,2024-07-07,3,1,texture,,1
R00341,H00102,B39,,2024-07-08,4,1,price,,1
R00342,H00254,B22,,2024-07-08,4,1,texture,taste,0
R00343,H00280,B30,,2024-07-08,3,0,,texture,1
R00344,H00464,B07,,2024-07-08,3,0,,versatility,0
R00345,H00498,B17,P007,2024-07-08,3,0,,price,0
R00346,H00499,B04,P007,2024-07-08,4,1,crunch,,1
R00347,H00146,B33,,2024-07-09,3,0,,fizz,1
R00348,H00172,B16,,2024-07-09,4,1,sweetness,,1
R00349,H00182,B11,,2024-07-09,2,1,fizz,packaging,0
R00350,H00189,B34,,2024-07-09,2,0,,taste,0
R00351,H00502,B26,P007,2024-07-09,4,1,packaging,portion size,0
R00352,H00503,B04,P007,2024-07-09,4,1,price,seasoning,1
R00353,H00505,B26,P007,2024-07-09,2,0,,portion size,0
R00354,H00032,B37,,2024-07-10,4,0,sweetness,,1
R00355,H00296,B26,,2024-07-10,2,0,,packaging,0
R00356,H00310,B48,,2024-07-10,5,1,saltiness,,1
R00357,H00333,B42,,2024-07-10,3,0,strength,,0
R00358,H00505,B02,P007,2024-07-10,4,1,saltiness,portion size,1
R00359,H00505,B17,P007,2024-07-10,3,0,,sweetness,0
R00360,H00116,B18,,2024-07-11,4,1,aftertaste,packaging,1
R00361,H00266,B17,,2024-07-11,4,1,sweetness,,0
R00362,H00410,B25,,2024-07-11,4,0,crunch,,1
R00363,H00440,B03,,2024-07-11,2,0,price,portability,0
R00364,H00529,B06,,2024-07-11,5,1,ingredients,,1
R00365,H00336,B35,,2024-07-12,3,0,,ingredients,0
R00366,H00095,B06,,2024-07-13,3,0,,price,0
R00367,H00352,B47,,2024-07-13,4,1,price,texture,0
R00368,H00364,B25,,2024-07-13,3,0,saltiness,,1
R00369,H00473,B02,,2024-07-13,3,1,portion size,,0
R00370,H00103,B43,,2024-07-15,3,0,,fizz,0
R00371,H00106,B39,,2024-07-15,3,0,texture,,0
R00372,H00130,B33,,2024-07-15,5,1,packaging,,1
R00373,H00200,B06,,2024-07-15,3,0,price,,1
R00374,H00401,B05,,2024-07-15,3,1,,packaging,0
R00375,H00121,B28,,2024-07-16,2,0,,texture,0
R00376,H00138,B46,,2024-07-16,5,1,packaging,,1
R00377,H00366,B34,,2024-07-16,4,1,strength,,0
R00378,H00399,B21,,2024-07-16,4,1,fizz,,0
R00379,H00445,B46,,2024-07-16,5,0,aftertaste,,0
R00380,H00029,B41,,2024-07-17,4,1,portion size,,0
R00381,H00085,B19,,2024-07-17,3,1,,flavour depth,0
R00382,H00458,B25,,2024-07-17,3,0,,packaging,0
R00383,H00080,B25,,2024-07-18,5,1,seasoning,,0
R00384,H00151,B42,,2024-07-18,3,1,,packaging,0
R00385,H00372,B06,,2024-07-19,4,0,texture,,1
R00386,H00450,B25,,2024-07-19,2,0,,price,0
R00387,H00500,B22,,2024-07-19,3,0,,texture,0
R00388,H00050,B47,,2024-07-20,3,0,packaging,,0
R00389,H00061,B08,,2024-07-20,5,1,heat,price,1
R00390,H00320,B39,,2024-07-20,4,1,versatility,,1
R00391,H00340,B10,,2024-07-20,4,1,strength,,1
R00392,H00445,B24,,2024-07-20,3,0,packaging,,0
R00393,H00448,B32,,2024-07-20,5,1,design,,1
R00394,H00532,B09,,2024-07-20,2,0,,texture,1
R00395,H00123,B12,,2024-07-21,3,0,fizz,,0
R00396,H00237,B36,,2024-07-21,2,1,saltiness,seasoning,0
R00397,H00238,B13,,2024-07-21,4,1,fizz,,1
R00398,H00299,B15,,2024-07-21,5,1,taste,sweetness,1
R00399,H00439,B11,,2024-07-21,3,1,price,,0
R00400,H00577,B47,,2024-07-21,2,0,,texture,0
R00401,H00135,B05,,2024-07-22,3,0,saltiness,,0
R00402,H00140,B19,,2024-07-22,3,0,price,,0
R00403,H00271,B12,,2024-07-22,4,0,taste,,0
R00404,H00050,B38,,2024-07-23,3,1,ingredients,,0
R00405,H00135,B14,,2024-07-23,4,1,sweetness,price,1
R00406,H00196,B40,,2024-07-23,5,1,refreshing,,0
R00407,H00375,B03,,2024-07-23,3,0,ingredients,,1
R00408,H00420,B31,,2024-07-23,2,0,,texture,0
R00409,H00092,B24,,2024-07-24,3,0,packaging,,0
R00410,H00375,B26,,2024-07-24,4,1,seasoning,,0
R00411,H00066,B40,,2024-07-25,4,1,sweetness,,1
R00412,H00078,B38,,2024-07-25,3,1,,sweetness,0
R00413,H00168,B23,,2024-07-25,2,0,,price,0
R00414,H00588,B42,,2024-07-25,2,0,,ingredients,0
R00415,H00165,B25,,2024-07-26,5,1,price,crunch,1
R00416,H00408,B21,,2024-07-26,4,0,taste,,0
R00417,H00459,B01,,2024-07-26,4,0,seasoning,,0
R00418,H00080,B05,,2024-07-27,3,1,saltiness,,0
R00419,H00081,B47,,2024-07-27,2,0,taste,ingredients,1
R00420,H00209,B28,,2024-07-27,3,0,,ingredients,0
R00421,H00215,B43,,2024-07-27,3,1,price,,0
R00422,H00464,B17,,2024-07-27,4,1,sweetness,,1
R00423,H00535,B40,,2024-07-27,5,1,fizz,,1
R00424,H00566,B49,,2024-07-27,3,0,,price,0
R00425,H00203,B32,,2024-07-28,4,0,size,,0
R00426,H00211,B06,,2024-07-28,4,1,texture,,0
R00427,H00245,B34,,2024-07-28,3,1,packaging,,0
R00428,H00377,B06,,2024-07-28,4,1,ingredients,,0
R00429,H00392,B36,,2024-07-28,2,0,,crunch,0
R00430,H00016,B25,,2024-07-29,4,0,price,,1
R00431,H00239,B46,,2024-07-29,3,0,,price,0
R00432,H00535,B05,,2024-07-29,4,1,portion size,,1
R00433,H00011,B25,,2024-07-30,1,0,,saltiness,1
R00434,H00040,B08,,2024-07-30,3,1,jar size,,0
R00435,H00153,B07,,2024-07-30,3,0,texture,,0
R00436,H00215,B44,,2024-07-30,3,1,sweetness,,0
R00437,H00483,B43,,2024-07-30,5,1,aftertaste,,1
R00438,H00038,B34,,2024-07-31,5,0,aroma,price,1
R00439,H00142,B40,,2024-07-31,4,1,taste,,1
R00440,H00222,B34,,2024-07-31,3,0,aroma,,0
R00441,H00263,B08,,2024-07-31,3,1,,jar size,0
R00442,H00411,B32,,2024-07-31,4,1,price,,1
R00443,H00484,B37,,2024-07-31,2,0,,price,0
R00444,H00601,B49,,2024-07-31,3,1,,taste,0
R00445,H00613,B04,P008,2024-07-31,4,0,packaging,,0
R00446,H00613,B17,P008,2024-07-31,3,0,,price,1
R00447,H00620,B26,P008,2024-07-31,3,1,portion size,,0
R00448,H00217,B25,,2024-08-01,2,1,,saltiness,0
R00449,H00298,B29,,2024-08-01,4,1,price,,1
R00450,H00615,B03,P008,2024-08-01,2,0,,portability,0
R00451,H00619,B03,P008,2024-08-01,3,1,ingredients,,0
R00452,H00066,B47,,2024-08-02,3,1,,texture,0
R00453,H00128,B05,,2024-08-02,2,0,,portion size,0
R00454,H00392,B03,,2024-08-02,5,1,energy boost,taste,0
R00455,H00409,B43,,2024-08-02,4,1,price,,1
R00456,H00495,B07,,2024-08-02,2,0,,price,0
R00457,H00538,B48,,2024-08-02,3,0,,packaging,0
R00458,H00614,B02,P008,2024-08-02,5,1,portion size,crunch,1
R00459,H00617,B02,P008,2024-08-02,3,0,,crunch,0
R00460,H00617,B04,P008,2024-08-02,3,0,,saltiness,0
R00461,H00617,B17,P008,2024-08-02,5,1,packaging,,1
R00462,H00478,B29,,2024-08-03,4,0,ingredients,,1
R00463,H00284,B05,,2024-08-04,3,0,crunch,,1
R00464,H00473,B25,,2024-08-04,2,0,price,saltiness,0
R00465,H00614,B17,P008,2024-08-04,5,1,sweetness,,0
R00466,H00620,B04,P008,2024-08-04,5,1,saltiness,,0
R00467,H00637,B08,P009,2024-08-04,4,1,jar size,,0
R00468,H00053,B37,,2024-08-05,4,1,taste,,1
R00469,H00090,B46,,2024-08-05,4,0,aftertaste,,0
R00470,H00155,B27,,2024-08-05,3,0,,heat,0
R00471,H00198,B06,,2024-08-05,4,1,texture,,0
R00472,H00562,B44,,2024-08-05,4,0,sweetness,,1
R00473,H00569,B02,,2024-08-05,2,1,,portion size,0
R00474,H00580,B36,,2024-08-05,4,1,seasoning,portion size,0
R00475,H00613,B26,P008,2024-08-05,4,1,portion size,,0
R00476,H00616,B26,P008,2024-08-05,2,0,,crunch,0
R00477,H00617,B26,P008,2024-08-05,4,1,seasoning,,0
R00478,H00635,B17,P009,2024-08-05,3,0,sweetness,,1
R00479,H00408,B33,,2024-08-06,5,1,refreshing,,1
R00480,H00613,B03,P008,2024-08-06,3,1,,taste,0
R00481,H00614,B04,P008,2024-08-06,3,0,,price,0
R00482,H00614,B26,P008,2024-08-06,4,1,packaging,,0
R00483,H00615,B04,P008,2024-08-06,4,1,seasoning,crunch,0
R00484,H00618,B03,P008,2024-08-06,4,1,texture,,0
R00485,H00618,B26,P008,2024-08-06,3,0,saltiness,,0
R00486,H00620,B17,P008,2024-08-06,3,0,,packaging,1
R00487,H00637,B17,P009,2024-08-06,4,1,price,,1
R00488,H00641,B43,,2024-08-06,5,1,fizz,,0
R00489,H00172,B09,,2024-08-07,1,0,taste,sweetness,0
R00490,H00194,B36,,2024-08-07,3,0,,crunch,0
R00491,H00319,B19,,2024-08-07,5,1,heat,,0
R00492,H00337,B02,,2024-08-07,2,0,seasoning,crunch,0
R00493,H00342,B06,,2024-08-07,3,0,packaging,,0
R00494,H00345,B19,,2024-08-07,3,1,,versatility,0
R00495,H00355,B34,,2024-08-07,4,1,aroma,,0
R00496,H00381,B41,,2024-08-07,4,1,portion size,crunch,0
R00497,H00392,B14,,2024-08-07,2,0,,fizz,0
R00498,H00410,B46,,2024-08-07,2,0,,aftertaste,0
R00499,H00510,B38,,2024-08-07,3,0,,ingredients,1
R00500,H00578,B08,,2024-08-07,3,1,flavour depth,,0
R00501,H00615,B02,P008,2024-08-07,4,0,seasoning,,0
R00502,H00619,B02,P008,2024-08-07,4,1,price,,0
R00503,H00619,B26,P008,2024-08-07,4,1,price,,1
R00504,H00635,B15,P009,2024-08-07,4,1,packaging,,0
R00505,H00637,B19,P009,2024-08-07,4,1,texture,,0
R00506,H00090,B09,,2024-08-08,2,0,texture,ingredients,0
R00507,H00094,B45,,2024-08-08,3,0,,fizz,1
R00508,H00115,B41,,2024-08-08,2,0,saltiness,crunch,0
R00509,H00348,B07,,2024-08-08,2,0,,heat,0
R00510,H00371,B10,,2024-08-08,3,1,packaging,,1
R00511,H00423,B44,,2024-08-08,3,0,fizz,,0
R00512,H00484,B02,,2024-08-08,4,1,portion size,,0
R00513,H00551,B25,,2024-08-08,3,0,crunch,,0
R00514,H00629,B04,,2024-08-08,3,1,,crunch,1
R00515,H00636,B17,P009,2024-08-08,3,1,,fizz,0
R00516,H00061,B46,,2024-08-09,4,1,fizz,,1
R00517,H00083,B21,,2024-08-09,4,1,taste,,1
R00518,H00256,B13,,2024-08-09,3,0,,packaging,0
R00519,H00441,B04,,2024-08-09,3,1,,crunch,0
R00520,H00451,B18,,2024-08-09,4,0,refreshing,,1
R00521,H00501,B09,,2024-08-09,2,0,,sweetness,0
R00522,H00508,B48,,2024-08-09,4,1,price,,1
R00523,H00634,B02,P009,2024-08-09,4,1,price,,0
R00524,H00634,B08,P009,2024-08-09,2,0,,flavour depth,0
R00525,H00063,B25,,2024-08-10,3,0,,portion size,1
R00526,H00447,B42,,2024-08-10,1,0,,aroma,0
R00527,H00530,B36,,2024-08-10,4,1,seasoning,,0
R00528,H00665,B02,P010,2024-08-10,3,1,,crunch,0
R00529,H00672,B02,P010,2024-08-10,5,1,portion size,saltiness,0
R00530,H00674,B17,P010,2024-08-10,5,1,taste,packaging,0
R00531,H00680,B02,P010,2024-08-10,4,0,seasoning,,0
R00532,H00030,B27,,2024-08-11,3,1,,versatility,0
R00533,H00120,B08,,2024-08-11,3,0,,heat,0
R00534,H00256,B09,,2024-08-11,2,0,,price,1
R00535,H00276,B28,,2024-08-11,2,0,,price,0
R00536,H00376,B34,,2024-08-11,3,1,packaging,,1
R00537,H00549,B04,,2024-08-11,2,0,,price,0
R00538,H00591,B07,,2024-08-11,4,1,texture,,0
R00539,H00666,B02,P010,2024-08-11,4,1,packaging,crunch,0
R00540,H00675,B03,P010,2024-08-11,3,1,texture,,0
R00541,H00676,B26,P010,2024-08-11,5,1,seasoning,,0
R00542,H00678,B17,P010,2024-08-11,1,0,,refreshing,1
R00543,H00679,B26,P010,2024-08-11,5,1,price,,1
R00544,H00682,B17,P010,2024-08-11,3,1,,packaging,1
R00545,H00010,B37,,2024-08-12,2,0,,price,0
R00546,H00031,B24,,2024-08-12,3,0,taste,,0
R00547,H00109,B14,,2024-08-12,2,0,,fizz,0
R00548,H00473,B44,,2024-08-12,3,0,,sweetness,1
R00549,H00564,B27,,2024-08-12,3,1,,texture,0
R00550,H00649,B09,,2024-08-12,3,1,texture,,1
R00551,H00673,B26,P010,2024-08-12,5,1,packaging,,0
R00552,H00677,B26,P010,2024-08-12,5,1,packaging,,1
R00553,H00680,B17,P010,2024-08-12,2,0,,aftertaste,0
R00554,H00681,B26,P010,2024-08-12,4,1,seasoning,,1
R00555,H00007,B46,,2024-08-13,4,1,price,,0
R00556,H00063,B13,,2024-08-13,4,1,packaging,,0
R00557,H00136,B33,,2024-08-13,3,0,price,,0
R00558,H00140,B23,,2024-08-13,3,0,,ingredients,0
R00559,H00289,B23,,2024-08-13,3,1,texture,,0
R00560,H00347,B35,,2024-08-13,4,1,taste,,1
R00561,H00365,B14,,2024-08-13,5,1,packaging,,1
R00562,H00391,B21,,2024-08-13,5,1,aftertaste,,0
R00563,H00442,B18,,2024-08-13,2,1,,aftertaste,0
R00564,H00479,B13,,2024-08-13,5,1,fizz,,1
R00565,H00490,B15,,2024-08-13,2,0,price,fizz,1
R00566,H00602,B35,,2024-08-13,3,1,,taste,1
R00567,H00633,B25,,2024-08-13,3,1,,portion size,0
R00568,H00664,B26,P010,2024-08-13,4,1,price,,0
R00569,H00668,B03,P010,2024-08-13,2,1,,ingredients,0
R00570,H00552,B42,,2024-08-14,3,0,,price,0
R00571,H00601,B25,,2024-08-14,4,1,packaging,,0
R00572,H00664,B03,P010,2024-08-14,5,1,ingredients,,0
R00573,H00668,B26,P010,2024-08-14,4,1,crunch,,0
R00574,H00058,B18,,2024-08-15,4,0,sweetness,,1
R00575,H00069,B43,,2024-08-15,4,1,refreshing,,1
R00576,H00239,B19,,2024-08-15,4,1,flavour depth,,1
R00577,H00397,B05,,2024-08-15,3,0,price,,1
R00578,H00450,B28,,2024-08-15,3,0,,taste,0
R00579,H00667,B17,P010,2024-08-15,4,1,aftertaste,packaging,0
R00580,H00671,B17,P010,2024-08-15,5,0,price,,0
R00581,H00673,B04,P010,2024-08-15,3,1,portion size,,0
R00582,H00675,B04,P010,2024-08-15,4,1,portion size,,0
R00583,H00683,B03,P010,2024-08-15,3,1,,energy boost,0
R00584,H00007,B11,,2024-08-16,3,0,,packaging,0
R00585,H00109,B44,,2024-08-16,3,1,aftertaste,,0
R00586,H00418,B25,,2024-08-16,1,0,,crunch,0
R00587,H00494,B41,,2024-08-16,3,0,portion size,,0
R00588,H00623,B44,,2024-08-16,1,0,,refreshing,0
R00589,H00666,B03,P010,2024-08-16,4,1,price,,0
R00590,H00667,B26,P010,2024-08-16,4,0,seasoning,,0
R00591,H00669,B26,P010,2024-08-16,5,1,seasoning,,0
R00592,H00672,B17,P010,2024-08-16,4,1,packaging,,0
R00593,H00679,B02,P010,2024-08-16,5,1,portion size,,1
R00594,H00680,B26,P010,2024-08-16,3,0,crunch,,0
R00595,H00120,B14,,2024-08-17,4,0,aftertaste,,1
R00596,H00236,B37,,2024-08-17,4,1,taste,,1
R00597,H00238,B44,,2024-08-17,5,1,taste,fizz,0
R00598,H00338,B32,,2024-08-17,3,1,,price,0
R00599,H00496,B05,,2024-08-17,2,0,,seasoning,0
R00600,H00507,B24,,2024-08-17,4,0,packaging,,1
R00601,H00662,B04,P010,2024-08-17,5,1,saltiness,seasoning,0
R00602,H00665,B04,P010,2024-08-17,4,0,portion size,,0
R00603,H00672,B03,P010,2024-08-17,4,0,energy boost,,0
R00604,H00672,B26,P010,2024-08-17,5,1,price,,0
R00605,H00164,B16,,2024-08-18,3,0,,refreshing,0
R00606,H00287,B42,,2024-08-18,3,0,,price,0
R00607,H00292,B04,,2024-08-18,4,1,crunch,price,0
R00608,H00345,B13,,2024-08-18,5,1,packaging,,1
R00609,H00311,B21,,2024-08-19,3,1,fizz,,0
R00610,H00448,B44,,2024-08-19,2,0,,packaging,0
R00611,H00576,B19,,2024-08-19,5,1,texture,,1
R00612,H00624,B18,,2024-08-19,4,0,taste,,1
R00613,H00009,B15,,2024-08-20,4,1,fizz,,1
R00614,H00074,B24,,2024-08-20,3,1,,packaging,0
R00615,H00189,B07,,2024-08-20,4,0,heat,,0
R00616,H00281,B44,,2024-08-20,3,1,,aftertaste,0
R00617,H00308,B41,,2024-08-20,5,1,saltiness,,1
R00618,H00351,B27,,2024-08-20,4,1,texture,,1
R00619,H00403,B29,,2024-08-20,4,1,ingredients,,0
R00620,H00498,B02,,2024-08-20,4,1,seasoning,,1
R00621,H00567,B10,,2024-08-20,3,1,ingredients,,0
R00622,H00582,B02,,2024-08-20,3,1,packaging,,0
R00623,H00609,B05,,2024-08-20,3,0,saltiness,,0
R00624,H00007,B13,,2024-08-21,4,1,packaging,,0
R00625,H00435,B37,,2024-08-21,2,0,texture,taste,0
R00626,H00649,B29,,2024-08-21,3,0,,energy boost,0
R00627,H00046,B20,,2024-08-22,3,0,,aftertaste,0
R00628,H00203,B27,,2024-08-22,4,1,heat,,1
R00629,H00259,B49,,2024-08-22,3,1,packaging,,0
R00630,H00361,B25,,2024-08-22,2,0,,seasoning,0
R00631,H00419,B17,,2024-08-22,3,0,refreshing,,1
R00632,H00486,B14,,2024-08-22,3,0,price,,0
R00633,H00521,B02,,2024-08-22,2,0,,saltiness,0
R00634,H00544,B19,,2024-08-22,4,1,versatility,,1
R00635,H00582,B43,,2024-08-22,4,1,packaging,refreshing,0
R00636,H00623,B21,,2024-08-22,3,0,,sweetness,0
R00637,H00646,B14,,2024-08-22,2,0,,aftertaste,0
R00638,H00012,B45,,2024-08-23,3,1,,taste,0
R00639,H00081,B49,,2024-08-23,5,1,ingredients,,1
R00640,H00408,B31,,2024-08-23,4,0,texture,,0
R00641,H00508,B22,,2024-08-23,3,0,packaging,,0
R00642,H00583,B39,,2024-08-23,5,1,jar size,,1
R00643,H00082,B10,,2024-08-24,3,1,ingredients,,1
R00644,H00120,B16,,2024-08-24,3,0,,sweetness,1
R00645,H00297,B02,,2024-08-24,4,0,price,portion size,1
R00646,H00305,B16,,2024-08-24,2,0,,packaging,0
R00647,H00319,B44,,2024-08-24,3,1,aftertaste,,0
R00648,H00328,B14,,2024-08-24,5,1,refreshing,,1
R00649,H00461,B44,,2024-08-24,5,1,price,,1
R00650,H00569,B39,,2024-08-24,5,1,jar size,,1
R00651,H00597,B36,,2024-08-24,2,0,,portion size,0
R00652,H00638,B22,,2024-08-24,1,0,,sweetness,0
R00653,H00044,B46,,2024-08-25,5,1,sweetness,,1
R00654,H00156,B09,,2024-08-25,2,0,,texture,0
R00655,H00497,B18,,2024-08-25,5,1,taste,,1
R00656,H00605,B20,,2024-08-25,1,1,,packaging,0
R00657,H00605,B25,,2024-08-25,4,1,portion size,,1
R00658,H00645,B19,,2024-08-25,2,0,,versatility,0
R00659,H00253,B01,,2024-08-26,5,1,seasoning,price,0
R00660,H00411,B47,,2024-08-26,3,0,,texture,0
R00661,H00461,B09,,2024-08-26,3,0,ingredients,,0
R00662,H00540,B11,,2024-08-26,5,1,refreshing,,1
R00663,H00637,B48,,2024-08-26,5,1,packaging,,1
R00664,H00642,B46,,2024-08-26,4,1,fizz,,0
R00665,H00718,B46,,2024-08-26,5,1,refreshing,,1
R00666,H00094,B29,,2024-08-27,4,1,portability,,0
R00667,H00128,B39,,2024-08-27,3,0,texture,,0
R00668,H00276,B11,,2024-08-27,3,1,price,,1
R00669,H00648,B43,,2024-08-27,5,1,aftertaste,,1
R00670,H00676,B33,,2024-08-27,4,0,fizz,packaging,1
R00671,H00100,B28,,2024-08-28,4,1,price,ingredients,1
R00672,H00148,B28,,2024-08-28,2,0,,taste,0
R00673,H00353,B08,,2024-08-28,2,0,,price,0
R00674,H00451,B21,,2024-08-28,5,1,refreshing,,1
R00675,H00455,B33,,2024-08-28,2,0,,taste,0
R00676,H00497,B38,,2024-08-28,4,1,taste,,0
R00677,H00588,B14,,2024-08-28,1,0,refreshing,packaging,0
R00678,H00646,B19,,2024-08-28,1,0,,price,0
R00679,H00652,B03,,2024-08-28,4,1,portability,,1
R00680,H00726,B40,,2024-08-28,2,0,packaging,aftertaste,0
R00681,H00205,B36,,2024-08-29,4,1,portion size,,1
R00682,H00242,B46,,2024-08-29,2,0,aftertaste,taste,0
R00683,H00260,B04,,2024-08-29,3,0,packaging,,0
R00684,H00281,B21,,2024-08-29,3,0,price,,0
R00685,H00372,B04,,2024-08-29,3,0,crunch,,0
R00686,H00395,B28,,2024-08-29,2,0,,portability,0
R00687,H00455,B41,,2024-08-29,2,0,,seasoning,0
R00688,H00585,B42,,2024-08-29,3,0,strength,,0
R00689,H00653,B10,,2024-08-29,5,1,ingredients,,0
R00690,H00027,B22,,2024-08-30,2,0,,sweetness,0
R00691,H00081,B32,,2024-08-30,5,1,size,,1
R00692,H00143,B34,,2024-08-30,4,1,strength,,1
R00693,H00176,B23,,2024-08-30,5,1,price,,1
R00694,H00191,B09,,2024-08-30,2,0,,taste,0
R00695,H00413,B14,,2024-08-30,4,1,taste,,0
R00696,H00419,B12,,2024-08-30,4,1,sweetness,aftertaste,0
R00697,H00533,B43,,2024-08-30,3,0,packaging,,0
R00698,H00017,B31,,2024-08-31,2,0,,jar size,0
R00699,H00144,B39,,2024-08-31,5,1,flavour depth,,1
R00700,H00166,B36,,2024-08-31,3,1,,crunch,1
R00701,H00229,B01,,2024-08-31,2,0,,crunch,0
R00702,H00483,B41,,2024-08-31,2,0,,crunch,0
R00703,H00521,B27,,2024-08-31,3,0,,flavour depth,0
R00704,H00714,B05,,2024-08-31,3,1,,crunch,0
R00705,H00729,B46,,2024-08-31,5,1,price,,1
R00706,H00738,B18,,2024-08-31,4,1,aftertaste,,0
R00707,H00339,B36,,2024-09-01,2,0,,crunch,1
R00708,H00352,B15,,2024-09-01,4,1,packaging,,1
R00709,H00599,B30,,2024-09-01,3,0,,texture,1
R00710,H00683,B29,,2024-09-01,2,0,,taste,0
R00711,H00326,B27,,2024-09-02,3,0,heat,,0
R00712,H00349,B32,,2024-09-02,1,0,,usefulness,0
R00713,H00366,B47,,2024-09-02,3,1,,sweetness,0
R00714,H00381,B36,,2024-09-02,3,1,price,,1
R00715,H00522,B37,,2024-09-02,4,1,packaging,,0
R00716,H00534,B43,,2024-09-02,4,0,price,,0
R00717,H00655,B41,,2024-09-02,4,0,saltiness,,0
R00718,H00782,B03,,2024-09-02,3,1,taste,,0
R00719,H00794,B47,,2024-09-02,4,1,taste,,1
R00720,H00119,B33,,2024-09-03,4,1,packaging,,1
R00721,H00287,B29,,2024-09-03,3,0,energy boost,,0
R00722,H00437,B33,,2024-09-03,4,1,fizz,price,1
R00723,H00609,B27,,2024-09-03,4,1,flavour depth,jar size,0
R00724,H00063,B43,,2024-09-04,5,1,fizz,aftertaste,1
R00725,H00088,B20,,2024-09-04,3,0,packaging,,0
R00726,H00157,B43,,2024-09-04,3,1,,refreshing,0
R00727,H00289,B19,,2024-09-04,3,0,,texture,0
R00728,H00345,B35,,2024-09-04,3,1,,price,0
R00729,H00456,B15,,2024-09-04,1,0,refreshing,taste,0
R00730,H00549,B31,,2024-09-04,3,0,jar size,,0
R00731,H00755,B26,,2024-09-04,2,0,,seasoning,0
R00732,H00087,B02,,2024-09-05,3,1,,portion size,0
R00733,H00094,B09,,2024-09-05,3,0,,texture,1
R00734,H00147,B13,,2024-09-05,1,0,,fizz,0
R00735,H00180,B08,,2024-09-05,3,0,versatility,,0
R00736,H00305,B26,,2024-09-05,4,1,crunch,,0
R00737,H00306,B09,,2024-09-05,2,0,sweetness,ingredients,1
R00738,H00430,B34,,2024-09-05,4,1,price,,1
R00739,H00512,B25,,2024-09-05,3,0,,packaging,0
R00740,H00528,B46,,2024-09-05,5,1,sweetness,packaging,1
R00741,H00555,B33,,2024-09-05,2,0,refreshing,taste,0
R00742,H00677,B09,,2024-09-05,3,0,sweetness,,1
R00743,H00784,B23,,2024-09-05,3,0,packaging,,1
R00744,H00032,B47,,2024-09-06,4,0,texture,,0
R00745,H00300,B27,,2024-09-06,2,0,,flavour depth,0
R00746,H00352,B03,,2024-09-06,3,0,ingredients,,1
R00747,H00455,B38,,2024-09-06,5,1,taste,price,0
R00748,H00513,B37,,2024-09-06,1,0,,sweetness,0
R00749,H00042,B15,,2024-09-07,2,0,,fizz,0
R00750,H00049,B36,,2024-09-07,3,0,,price,0
R00751,H00068,B29,,2024-09-07,3,0,price,,1
R00752,H00137,B39,,2024-09-07,3,0,flavour depth,,0
R00753,H00198,B20,,2024-09-07,4,1,price,,0
R00754,H00487,B15,,2024-09-07,1,0,,refreshing,0
R00755,H00584,B01,,2024-09-07,5,1,crunch,,1
R00756,H00662,B06,,2024-09-07,5,1,price,texture,1
R00757,H00047,B30,,2024-09-08,2,0,,heat,0
R00758,H00261,B45,,2024-09-08,4,1,refreshing,,1
R00759,H00329,B17,,2024-09-08,3,0,refreshing,,0
R00760,H00442,B41,,2024-09-08,3,0,seasoning,,0
R00761,H00481,B05,,2024-09-08,1,0,,price,0
R00762,H00582,B20,,2024-09-08,4,0,taste,,1
R00763,H00769,B05,,2024-09-08,2,0,portion size,packaging,0
R00764,H00035,B02,,2024-09-09,2,0,,seasoning,0
R00765,H00089,B16,,2024-09-09,3,0,,fizz,1
R00766,H00254,B28,,2024-09-09,2,0,,taste,0
R00767,H00276,B24,,2024-09-09,3,0,,strength,0
R00768,H00347,B33,,2024-09-09,3,1,refreshing,,1
R00769,H00355,B43,,2024-09-09,5,1,aftertaste,,0
R00770,H00367,B05,,2024-09-09,2,0,,seasoning,0
R00771,H00428,B10,,2024-09-09,4,1,price,,0
R00772,H00439,B03,,2024-09-09,2,0,,ingredients,1
R00773,H00508,B19,,2024-09-09,5,1,heat,flavour depth,0
R00774,H00594,B08,,2024-09-09,3,0,heat,,0
R00775,H00788,B22,,2024-09-09,1,0,,texture,0
R00776,H00006,B39,,2024-09-10,4,1,versatility,,0
R00777,H00043,B07,,2024-09-10,3,0,price,,0
R00778,H00081,B24,,2024-09-10,5,1,price,,1
R00779,H00130,B34,,2024-09-10,3,0,strength,,1
R00780,H00297,B43,,2024-09-10,4,1,aftertaste,,0
R00781,H00342,B26,,2024-09-10,4,1,portion size,price,1
R00782,H00354,B24,,2024-09-10,5,1,aroma,,1
R00783,H00384,B07,,2024-09-10,4,1,jar size,,0
R00784,H00466,B02,,2024-09-10,1,0,,saltiness,0
R00785,H00500,B07,,2024-09-10,1,1,jar size,texture,0
R00786,H00550,B04,,2024-09-10,3,0,saltiness,,0
R00787,H00657,B01,,2024-09-10,4,0,saltiness,,0
R00788,H00697,B25,,2024-09-10,1,0,,seasoning,0
R00789,H00720,B16,,2024-09-10,2,1,,aftertaste,1
R00790,H00143,B41,,2024-09-11,4,1,crunch,,1
R00791,H00203,B29,,2024-09-11,5,1,texture,,0
R00792,H00213,B21,,2024-09-11,3,0,,refreshing,0
R00793,H00335,B18,,2024-09-11,3,0,,refreshing,0
R00794,H00389,B16,,2024-09-11,4,1,aftertaste,,1
R00795,H00531,B49,,2024-09-11,4,0,taste,,1
R00796,H00575,B27,,2024-09-11,5,1,versatility,,1
R00797,H00695,B17,,2024-09-11,2,0,price,sweetness,0
R00798,H00764,B02,,2024-09-11,2,0,,portion size,0
R00799,H00825,B24,,2024-09-11,4,1,price,packaging,0
R00800,H00145,B43,,2024-09-12,4,0,price,,1
R00801,H00399,B30,,2024-09-12,2,1,,heat,0
R00802,H00414,B29,,2024-09-12,3,0,,texture,0
R00803,H00480,B17,,2024-09-12,3,1,,taste,1
R00804,H00714,B44,,2024-09-12,5,1,refreshing,,1
R00805,H00718,B47,,2024-09-12,3,1,ingredients,,0
R00806,H00179,B12,,2024-09-13,3,0,,packaging,0
R00807,H00253,B03,,2024-09-13,2,0,,price,0
R00808,H00352,B01,,2024-09-13,4,1,packaging,,1
R00809,H00665,B47,,2024-09-13,5,1,sweetness,,0
R00810,H00672,B29,,2024-09-13,3,0,,portability,0
R00811,H00758,B08,,2024-09-13,3,0,,heat,0
R00812,H00042,B06,,2024-09-14,5,1,ingredients,,1
R00813,H00121,B14,,2024-09-14,5,1,price,sweetness,0
R00814,H00177,B19,,2024-09-14,4,0,versatility,,0
R00815,H00221,B05,,2024-09-14,3,0,portion size,,0
R00816,H00328,B01,,2024-09-14,3,1,,crunch,0
R00817,H00453,B13,,2024-09-14,1,0,,sweetness,0
R00818,H00513,B13,,2024-09-14,3,1,,aftertaste,0
R00819,H00820,B41,,2024-09-14,5,1,price,,1
R00820,H00839,B03,P011,2024-09-14,3,1,texture,,0
R00821,H00843,B02,P011,2024-09-14,4,0,portion size,,0
R00822,H00844,B17,P011,2024-09-14,4,0,price,taste,1
R00823,H00067,B07,,2024-09-15,3,0,heat,,0
R00824,H00156,B39,,2024-09-15,4,0,price,flavour depth,0
R00825,H00289,B31,,2024-09-15,4,1,jar size,,0
R00826,H00441,B02,,2024-09-15,4,1,portion size,,0
R00827,H00525,B43,,2024-09-15,4,1,price,,0
R00828,H00841,B02,P011,2024-09-15,4,1,saltiness,seasoning,0
R00829,H00145,B09,,2024-09-16,5,1,price,,1
R00830,H00361,B10,,2024-09-16,2,0,,packaging,0
R00831,H00399,B36,,2024-09-16,2,0,,price,0
R00832,H00414,B01,,2024-09-16,4,1,packaging,seasoning,0
R00833,H00437,B04,,2024-09-16,5,1,saltiness,,1
R00834,H00541,B42,,2024-09-16,3,0,packaging,,0
R00835,H00590,B46,,2024-09-16,4,1,taste,,0
R00836,H00643,B04,,2024-09-16,4,0,price,,1
R00837,H00787,B46,,2024-09-16,3,0,,fizz,0
R00838,H00839,B26,P011,2024-09-16,4,1,saltiness,,1
R00839,H00840,B26,P011,2024-09-16,3,0,,saltiness,0
R00840,H00843,B03,P011,2024-09-16,2,0,price,energy boost,0
R00841,H00844,B03,P011,2024-09-16,3,0,,portability,1
R00842,H00005,B46,,2024-09-17,3,0,,price,0
R00843,H00070,B41,,2024-09-17,4,1,saltiness,,1
R00844,H00535,B37,,2024-09-17,4,1,price,texture,1
R00845,H00640,B37,,2024-09-17,2,0,,sweetness,0
R00846,H00726,B42,,2024-09-17,2,0,,aroma,0
R00847,H00271,B22,,2024-09-18,5,1,price,,1
R00848,H00385,B44,,2024-09-18,2,0,,packaging,0
R00849,H00706,B17,,2024-09-18,4,1,packaging,taste,1
R00850,H00750,B29,,2024-09-18,5,1,energy boost,,1
R00851,H00839,B17,P011,2024-09-18,3,0,,taste,0
R00852,H00840,B02,P011,2024-09-18,4,1,portion size,,0
R00853,H00132,B14,,2024-09-19,3,0,,sweetness,0
R00854,H00194,B20,,2024-09-19,2,0,,aftertaste,1
R00855,H00196,B17,,2024-09-19,3,1,packaging,,0
R00856,H00301,B18,,2024-09-19,5,0,taste,,1
R00857,H00636,B47,,2024-09-19,3,0,texture,,0
R00858,H00743,B45,,2024-09-19,2,1,,refreshing,0
R00859,H00868,B36,,2024-09-19,5,0,seasoning,,1
R00860,H00215,B27,,2024-09-20,3,1,,versatility,1
R00861,H00249,B21,,2024-09-20,3,0,,fizz,0
R00862,H00257,B15,,2024-09-20,3,0,refreshing,,1
R00863,H00320,B32,,2024-09-20,5,1,build quality,,1
R00864,H00362,B25,,2024-09-20,5,1,crunch,price,1
R00865,H00460,B34,,2024-09-20,4,1,taste,,0
R00866,H00483,B44,,2024-09-20,3,0,sweetness,,0
R00867,H00494,B13,,2024-09-20,5,1,sweetness,,0
R00868,H00635,B16,,2024-09-20,5,1,refreshing,,1
R00869,H00659,B31,,2024-09-20,2,0,,versatility,0
R00870,H00689,B22,,2024-09-20,3,0,packaging,,0
R00871,H00839,B02,P011,2024-09-20,5,1,packaging,,0
R00872,H00860,B15,,2024-09-20,4,1,refreshing,,1
R00873,H00424,B48,,2024-09-21,4,1,saltiness,,0
R00874,H00540,B47,,2024-09-21,4,1,ingredients,,0
R00875,H00700,B19,,2024-09-21,2,0,,price,0
R00876,H00723,B27,,2024-09-21,5,1,price,,0
R00877,H00748,B19,,2024-09-21,5,1,jar size,,1
R00878,H00096,B48,,2024-09-22,4,1,seasoning,crunch,1
R00879,H00142,B34,,2024-09-22,5,1,ingredients,,1
R00880,H00172,B20,,2024-09-22,3,1,,refreshing,1
R00881,H00184,B15,,2024-09-22,1,0,,taste,0
R00882,H00352,B09,,2024-09-22,4,1,price,,0
R00883,H00518,B43,,2024-09-22,5,1,price,,1
R00884,H00648,B07,,2024-09-22,3,0,,price,0
R00885,H00790,B25,,2024-09-22,3,0,,crunch,0
R00886,H00447,B24,,2024-09-23,4,0,packaging,,1
R00887,H00459,B36,,2024-09-23,3,0,,seasoning,0
R00888,H00510,B41,,2024-09-23,3,0,,saltiness,0
R00889,H00594,B38,,2024-09-23,3,1,,texture,1
R00890,H00614,B03,,2024-09-23,5,1,texture,energy boost,0
R00891,H00239,B29,,2024-09-24,5,1,ingredients,,1
R00892,H00384,B43,,2024-09-24,5,1,taste,,0
R00893,H00269,B34,,2024-09-25,4,1,strength,aroma,0
R00894,H00420,B29,,2024-09-25,3,1,texture,,1
R00895,H00445,B16,,2024-09-25,5,1,refreshing,,0
R00896,H00453,B33,,2024-09-25,5,1,price,aftertaste,0
R00897,H00465,B46,,2024-09-25,3,1,,price,0
R00898,H00520,B38,,2024-09-25,4,1,ingredients,,1
R00899,H00534,B34,,2024-09-25,5,1,ingredients,packaging,1
R00900,H00645,B01,,2024-09-25,4,1,packaging,,0
R00901,H00662,B30,,2024-09-25,2,0,,heat,0
R00902,H00707,B14,,2024-09-25,5,1,taste,packaging,1
R00903,H00865,B46,,2024-09-25,5,1,aftertaste,,0
R00904,H00890,B40,,2024-09-25,2,0,,fizz,0
R00905,H00174,B19,,2024-09-26,3,1,,flavour depth,0
R00906,H00189,B14,,2024-09-26,4,0,aftertaste,,0
R00907,H00355,B26,,2024-09-26,3,1,saltiness,,0
R00908,H00391,B18,,2024-09-26,5,1,packaging,,1
R00909,H00561,B38,,2024-09-26,4,1,texture,,1
R00910,H00711,B19,,2024-09-26,3,1,,versatility,0
R00911,H00834,B13,,2024-09-26,1,1,,sweetness,0
R00912,H00835,B45,,2024-09-26,2,0,packaging,aftertaste,0
R00913,H00012,B04,,2024-09-27,4,0,packaging,,0
R00914,H00066,B43,,2024-09-27,5,1,refreshing,,1
R00915,H00122,B31,,2024-09-27,3,0,heat,,0
R00916,H00259,B33,,2024-09-27,1,0,,sweetness,0
R00917,H00606,B25,,2024-09-27,3,1,saltiness,,1
R00918,H00646,B28,,2024-09-27,3,1,,ingredients,0
R00919,H00660,B39,,2024-09-27,4,1,heat,,0
R00920,H00025,B14,,2024-09-28,5,1,price,,1
R00921,H00059,B41,,2024-09-28,5,1,crunch,packaging,1
R00922,H00174,B12,,2024-09-28,4,1,aftertaste,,0
R00923,H00255,B06,,2024-09-28,3,1,packaging,,0
R00924,H00293,B07,,2024-09-28,4,1,versatility,,0
R00925,H00586,B47,,2024-09-28,4,1,ingredients,,1
R00926,H00778,B25,,2024-09-28,5,1,packaging,,1
R00927,H00815,B19,,2024-09-28,4,0,texture,,1
R00928,H00818,B41,,2024-09-28,3,1,,portion size,0
R00929,H00908,B36,P012,2024-09-28,5,1,crunch,portion size,1
R00930,H00239,B48,,2024-09-29,4,1,portion size,,1
R00931,H00272,B16,,2024-09-29,4,1,price,,0
R00932,H00436,B49,,2024-09-29,3,1,,packaging,0
R00933,H00570,B36,,2024-09-29,3,0,,saltiness,0
R00934,H00600,B14,,2024-09-29,5,1,price,,1
R00935,H00905,B14,P012,2024-09-29,4,1,taste,,1
R00936,H00905,B35,P012,2024-09-29,2,0,energy boost,ingredients,1
R00937,H00911,B04,P012,2024-09-29,4,1,crunch,,1
R00938,H00049,B18,,2024-09-30,2,0,,fizz,0
R00939,H00292,B43,,2024-09-30,3,0,aftertaste,,0
R00940,H00327,B26,,2024-09-30,3,0,,packaging,0
R00941,H00329,B29,,2024-09-30,4,1,energy boost,,0
R00942,H00338,B11,,2024-09-30,4,1,taste,,0
R00943,H00647,B13,,2024-09-30,3,0,packaging,,0
R00944,H00720,B21,,2024-09-30,3,0,,price,0
R00945,H00861,B46,,2024-09-30,5,1,packaging,aftertaste,1
R00946,H00905,B37,,2024-09-30,4,1,packaging,,1
R00947,H00102,B32,,2024-10-01,2,0,,price,0
R00948,H00162,B13,,2024-10-01,2,0,,sweetness,0
R00949,H00197,B12,,2024-10-01,3,1,,taste,0
R00950,H00223,B31,,2024-10-01,2,1,,price,0
R00951,H00280,B25,,2024-10-01,3,0,,seasoning,0
R00952,H00400,B31,,2024-10-01,3,1,,flavour depth,0
R00953,H00410,B09,,2024-10-01,2,0,,taste,1
R00954,H00446,B18,,2024-10-01,5,1,refreshing,,0
R00955,H00904,B35,P012,2024-10-01,4,1,energy boost,price,0
R00956,H00905,B06,,2024-10-01,4,0,price,,0
R00957,H00907,B36,P012,2024-10-01,3,0,price,,0
R00958,H00909,B35,P012,2024-10-01,4,0,price,,1
R00959,H00911,B14,P012,2024-10-01,5,1,refreshing,,1
R00960,H00080,B46,,2024-10-02,2,0,,packaging,0
R00961,H00111,B11,,2024-10-02,2,1,,fizz,0
R00962,H00253,B13,,2024-10-02,3,0,,taste,0
R00963,H00345,B32,,2024-10-02,3,0,build quality,,0
R00964,H00393,B47,,2024-10-02,3,1,sweetness,,0
R00965,H00544,B01,,2024-10-02,4,1,portion size,packaging,1
R00966,H00717,B30,,2024-10-02,2,0,,flavour depth,0
R00967,H00745,B04,,2024-10-02,4,1,price,,0
R00968,H00856,B04,,2024-10-02,3,0,packaging,,0
R00969,H00907,B04,P012,2024-10-02,2,0,,price,0
R00970,H00908,B04,P012,2024-10-02,4,1,seasoning,,1
R00971,H00448,B48,,2024-10-03,3,0,crunch,,0
R00972,H00454,B14,,2024-10-03,3,1,,packaging,0
R00973,H00497,B07,,2024-10-03,4,1,texture,,0
R00974,H00586,B12,,2024-10-03,4,1,sweetness,,1
R00975,H00664,B10,,2024-10-03,3,1,,strength,0
R00976,H00816,B41,,2024-10-03,4,1,saltiness,,1
R00977,H00906,B04,P012,2024-10-03,3,0,,crunch,0
R00978,H00906,B35,P012,2024-10-03,4,1,ingredients,,0
R00979,H00907,B14,P012,2024-10-03,4,1,packaging,,1
R00980,H00909,B14,P012,2024-10-03,4,1,taste,,1
R00981,H00912,B04,P012,2024-10-03,3,1,,portion size,1
R00982,H00913,B04,P012,2024-10-03,5,1,portion size,,0
R00983,H00185,B19,,2024-10-04,4,1,jar size,,0
R00984,H00240,B22,,2024-10-04,4,1,ingredients,price,1
R00985,H00517,B14,,2024-10-04,3,0,,aftertaste,0
R00986,H00517,B44,,2024-10-04,2,0,,sweetness,0
R00987,H00519,B15,,2024-10-04,2,0,,taste,0
R00988,H00602,B43,,2024-10-04,4,0,fizz,,0
R00989,H00683,B35,,2024-10-04,3,0,,portability,0
R00990,H00768,B38,,2024-10-04,5,1,taste,,1
R00991,H00888,B37,,2024-10-04,1,0,,taste,0
R00992,H00909,B36,P012,2024-10-04,4,1,portion size,,1
R00993,H00912,B13,,2024-10-04,4,1,refreshing,,1
R00994,H00214,B06,,2024-10-05,3,0,,packaging,0
R00995,H00547,B44,,2024-10-05,1,0,packaging,taste,0
R00996,H00908,B35,P012,2024-10-05,4,0,price,ingredients,1
R00997,H00941,B02,P013,2024-10-05,4,1,packaging,,0
R00998,H00942,B03,P013,2024-10-05,3,1,,texture,0
R00999,H00268,B17,,2024-10-06,4,0,fizz,,1
R01000,H00269,B29,,2024-10-06,4,1,price,,0
R01001,H00308,B33,,2024-10-06,2,0,taste,sweetness,0
R01002,H00323,B12,,2024-10-06,4,1,sweetness,,1
R01003,H00352,B33,,2024-10-06,2,0,,fizz,1
R01004,H00563,B30,,2024-10-06,2,0,,versatility,0
R01005,H00605,B42,,2024-10-06,5,1,packaging,,1
R01006,H00625,B34,,2024-10-06,4,0,ingredients,,1
R01007,H00722,B43,,2024-10-06,4,1,taste,,0
R01008,H00807,B06,,2024-10-06,2,0,,texture,0
R01009,H00949,B46,,2024-10-06,4,1,taste,,0
R01010,H00035,B31,,2024-10-07,3,0,jar size,,0
R01011,H00047,B43,,2024-10-07,4,1,packaging,,1
R01012,H00068,B37,,2024-10-07,4,0,texture,,1
R01013,H00069,B30,,2024-10-07,3,0,,texture,0
R01014,H00074,B27,,2024-10-07,3,0,,heat,0
R01015,H00110,B19,,2024-10-07,2,0,,flavour depth,0
R01016,H00227,B36,,2024-10-07,3,1,,portion size,0
R01017,H00278,B14,,2024-10-07,3,1,,sweetness,0
R01018,H00314,B06,,2024-10-07,3,1,,texture,0
R01019,H00514,B30,,2024-10-07,2,0,,jar size,0
R01020,H00570,B38,,2024-10-07,3,1,texture,,0
R01021,H00786,B09,,2024-10-07,2,0,ingredients,price,0
R01022,H00850,B39,,2024-10-07,4,1,jar size,,1
R01023,H00876,B40,,2024-10-07,5,1,aftertaste,,1
R01024,H00929,B36,,2024-10-07,3,0,crunch,,0
R01025,H00943,B04,P013,2024-10-07,4,0,crunch,saltiness,0
R01026,H00946,B17,P013,2024-10-07,4,1,fizz,,0
R01027,H00002,B39,,2024-10-08,4,1,versatility,price,1
R01028,H00121,B37,,2024-10-08,3,0,texture,,1
R01029,H00321,B41,,2024-10-08,3,1,,packaging,0
R01030,H00359,B23,,2024-10-08,2,0,price,texture,0
R01031,H00396,B08,,2024-10-08,2,0,,flavour depth,0
R01032,H00622,B14,,2024-10-08,3,1,,aftertaste,0
R01033,H00708,B30,,2024-10-08,4,1,price,texture,0
R01034,H00714,B08,,2024-10-08,5,1,flavour depth,,1
R01035,H00785,B41,,2024-10-08,3,0,saltiness,,0
R01036,H00942,B26,P013,2024-10-08,5,1,packaging,,0
R01037,H00944,B17,P013,2024-10-08,3,1,,packaging,1
R01038,H00953,B46,,2024-10-08,4,1,sweetness,,1
R01039,H00959,B24,,2024-10-08,2,0,,aroma,0
R01040,H00123,B28,,2024-10-09,2,1,price,taste,0
R01041,H00395,B26,,2024-10-09,5,1,price,,1
R01042,H00402,B24,,2024-10-09,4,1,aroma,,0
R01043,H00941,B03,P013,2024-10-09,3,1,taste,,0
R01044,H00013,B23,,2024-10-10,4,1,sweetness,,1
R01045,H00301,B43,,2024-10-10,3,1,refreshing,,0
R01046,H00388,B17,,2024-10-10,2,0,,sweetness,0
R01047,H00517,B05,,2024-10-10,4,1,portion size,packaging,1
R01048,H00557,B43,,2024-10-10,3,0,,fizz,0
R01049,H00673,B14,,2024-10-10,3,0,sweetness,,1
R01050,H00703,B16,,2024-10-10,3,1,,sweetness,0
R01051,H00798,B05,,2024-10-10,4,0,portion size,,0
R01052,H00878,B06,,2024-10-10,3,0,packaging,,0
R01053,H00943,B03,P013,2024-10-10,3,0,,texture,0
R01054,H00945,B26,P013,2024-10-10,5,1,price,,0
R01055,H00019,B45,,2024-10-11,2,0,refreshing,sweetness,0
R01056,H00106,B27,,2024-10-11,3,0,versatility,,0
R01057,H00169,B36,,2024-10-11,1,0,,packaging,0
R01058,H00422,B47,,2024-10-11,4,0,packaging,,0
R01059,H00483,B03,,2024-10-11,3,1,,ingredients,1
R01060,H00491,B04,,2024-10-11,3,1,crunch,,0
R01061,H00567,B13,,2024-10-11,2,1,,taste,0
R01062,H00611,B24,,2024-10-11,3,1,,price,0
R01063,H00640,B32,,2024-10-11,2,0,,build quality,0
R01064,H00945,B04,P013,2024-10-11,3,0,packaging,,0
R01065,H00314,B38,,2024-10-12,4,1,texture,taste,0
R01066,H00316,B39,,2024-10-12,4,1,flavour depth,,0
R01067,H00326,B33,,2024-10-12,2,0,,sweetness,0
R01068,H00364,B04,,2024-10-12,4,0,portion size,,1
R01069,H00747,B26,,2024-10-12,2,0,,packaging,0
R01070,H00805,B06,,2024-10-12,5,1,price,,1
R01071,H00881,B30,,2024-10-12,2,0,,flavour depth,0
R01072,H00937,B43,,2024-10-12,4,0,aftertaste,,0
R01073,H00940,B23,,2024-10-12,4,1,ingredients,taste,1
R01074,H00941,B26,P013,2024-10-12,5,0,seasoning,,1
R01075,H00943,B26,P013,2024-10-12,3,0,,saltiness,1
R01076,H00944,B04,P013,2024-10-12,4,1,portion size,,0
R01077,H00036,B47,,2024-10-13,5,1,taste,,0
R01078,H00118,B35,,2024-10-13,1,0,portability,texture,0
R01079,H00266,B37,,2024-10-13,3,0,,taste,0
R01080,H00542,B42,,2024-10-13,2,0,,packaging,1
R01081,H00350,B16,,2024-10-14,3,0,,fizz,1
R01082,H00589,B49,,2024-10-14,5,1,texture,packaging,1
R01083,H00724,B19,,2024-10-14,2,0,flavour depth,versatility,0
R01084,H00832,B04,,2024-10-14,4,1,seasoning,,1
R01085,H00851,B32,,2024-10-14,3,1,,size,0
R01086,H00955,B02,,2024-10-14,3,1,,saltiness,0
R01087,H00960,B24,,2024-10-14,2,1,,strength,0
R01088,H00968,B34,,2024-10-14,5,1,strength,,1
R01089,H00010,B16,,2024-10-15,4,1,fizz,,1
R01090,H00114,B21,,2024-10-15,5,1,refreshing,,1
R01091,H00218,B09,,2024-10-15,4,0,packaging,,0
R01092,H00421,B47,,2024-10-15,3,0,,ingredients,0
R01093,H00502,B17,,2024-10-15,3,1,,fizz,0
R01094,H00660,B48,,2024-10-15,5,1,price,,1
R01095,H00739,B49,,2024-10-15,3,0,taste,,0
R01096,H00826,B19,,2024-10-15,4,0,flavour depth,,1
R01097,H00949,B29,,2024-10-15,1,0,,portability,0
R01098,H00279,B13,,2024-10-16,3,0,price,,0
R01099,H00301,B31,,2024-10-16,5,0,heat,,1
R01100,H00388,B24,,2024-10-16,3,0,,packaging,0
R01101,H00443,B06,,2024-10-16,5,1,price,,1
R01102,H00562,B11,,2024-10-16,3,1,,packaging,0
R01103,H00604,B35,,2024-10-16,2,0,,taste,1
R01104,H00825,B01,,2024-10-16,3,0,packaging,,0
R01105,H00906,B31,,2024-10-16,4,1,heat,,1
R01106,H00936,B35,,2024-10-16,4,1,texture,,1
R01107,H00957,B19,,2024-10-16,4,1,heat,,0
R01108,H00957,B41,,2024-10-16,3,0,,price,0
R01109,H00959,B42,,2024-10-16,4,1,price,,0
R01110,H01002,B35,,2024-10-16,4,0,texture,portability,1
R01111,H00224,B40,,2024-10-17,4,0,aftertaste,,1
R01112,H00257,B42,,2024-10-17,4,1,taste,,1
R01113,H00343,B13,,2024-10-17,4,0,taste,sweetness,1
R01114,H00502,B06,,2024-10-17,4,1,taste,,1
R01115,H00503,B01,,2024-10-17,4,1,crunch,,1
R01116,H00509,B24,,2024-10-17,3,0,,strength,0
R01117,H00635,B31,,2024-10-17,3,0,,texture,0
R01118,H00656,B19,,2024-10-17,4,1,price,,0
R01119,H00126,B01,,2024-10-18,5,1,packaging,portion size,1
R01120,H00246,B44,,2024-10-18,2,0,,aftertaste,0
R01121,H00252,B42,,2024-10-18,2,0,,packaging,0
R01122,H00815,B23,,2024-10-18,3,0,price,,1
R01123,H00833,B39,,2024-10-18,3,0,heat,,0
R01124,H01006,B01,,2024-10-18,4,1,packaging,portion size,1
R01125,H00686,B21,,2024-10-19,5,1,packaging,aftertaste,1
R01126,H00787,B02,,2024-10-19,3,1,portion size,,0
R01127,H00904,B26,,2024-10-19,4,1,price,,1
R01128,H00918,B06,,2024-10-19,3,1,texture,,0
R01129,H01001,B38,,2024-10-19,3,0,,packaging,0
R01130,H01020,B12,,2024-10-19,4,1,packaging,,0
R01131,H01028,B03,P014,2024-10-19,3,1,ingredients,,0
R01132,H01028,B26,P014,2024-10-19,3,0,,seasoning,1
R01133,H01029,B02,P014,2024-10-19,3,0,price,,0
R01134,H01030,B26,P014,2024-10-19,4,1,packaging,,1
R01135,H00042,B01,,2024-10-20,4,1,crunch,,0
R01136,H00206,B09,,2024-10-20,2,0,,texture,0
R01137,H00355,B21,,2024-10-20,3,0,fizz,,0
R01138,H00443,B08,,2024-10-20,4,0,price,,1
R01139,H00521,B38,,2024-10-20,3,0,packaging,,0
R01140,H00901,B44,,2024-10-20,1,0,sweetness,price,0
R01141,H01029,B04,P014,2024-10-20,4,1,portion size,seasoning,0
R01142,H01031,B03,P014,2024-10-20,3,0,energy boost,,0
R01143,H00029,B21,,2024-10-21,5,1,sweetness,,0
R01144,H00061,B06,,2024-10-21,5,1,price,,1
R01145,H00151,B43,,2024-10-21,3,0,,fizz,0
R01146,H00279,B14,,2024-10-21,3,1,refreshing,,0
R01147,H00371,B42,,2024-10-21,3,0,,price,0
R01148,H00582,B38,,2024-10-21,1,0,,sweetness,0
R01149,H00694,B04,,2024-10-21,4,1,crunch,,0
R01150,H00918,B37,,2024-10-21,4,1,packaging,,1
R01151,H01029,B03,P014,2024-10-21,4,0,taste,ingredients,0
R01152,H00724,B09,,2024-10-22,3,1,,price,1
R01153,H00812,B49,,2024-10-22,5,1,packaging,,1
R01154,H00826,B14,,2024-10-22,4,0,price,,1
R01155,H00875,B19,,2024-10-22,3,0,,heat,0
R01156,H00927,B46,,2024-10-22,3,0,packaging,,0
R01157,H00980,B08,,2024-10-22,2,1,,jar size,0
R01158,H00095,B14,,2024-10-23,2,1,,aftertaste,0
R01159,H00290,B30,,2024-10-23,5,1,price,,1
R01160,H00794,B06,,2024-10-23,5,1,price,,1
R01161,H00801,B47,,2024-10-23,3,0,,sweetness,0
R01162,H00841,B06,,2024-10-23,2,0,price,sweetness,0
R01163,H01019,B27,,2024-10-23,3,1,,price,1
R01164,H01038,B36,,2024-10-23,2,0,,packaging,0
R01165,H00088,B18,,2024-10-24,2,0,,packaging,0
R01166,H00099,B29,,2024-10-24,4,0,texture,,1
R01167,H00296,B16,,2024-10-24,2,0,,fizz,0
R01168,H00299,B40,,2024-10-24,5,1,price,,1
R01169,H00332,B22,,2024-10-24,5,1,ingredients,,1
R01170,H00803,B30,,2024-10-24,5,1,flavour depth,,0
R01171,H00837,B41,,2024-10-24,4,1,price,seasoning,0
R01172,H00943,B43,,2024-10-24,5,1,refreshing,,1
R01173,H00971,B29,,2024-10-24,5,1,ingredients,,1
R01174,H00994,B31,,2024-10-24,3,0,,heat,0
R01175,H00091,B43,,2024-10-25,4,0,refreshing,,0
R01176,H00335,B21,,2024-10-25,5,1,refreshing,,0
R01177,H00409,B29,,2024-10-25,5,1,taste,,1
R01178,H00563,B27,,2024-10-25,3,1,,price,0
R01179,H00568,B14,,2024-10-25,2,0,,sweetness,0
R01180,H00754,B30,,2024-10-25,2,0,,price,0
R01181,H00802,B20,,2024-10-25,3,1,refreshing,,0
R01182,H00887,B30,,2024-10-25,2,1,versatility,price,0
R01183,H00923,B04,,2024-10-25,3,1,seasoning,,0
R01184,H01020,B35,,2024-10-25,2,0,,energy boost,0
R01185,H01027,B17,P014,2024-10-25,4,1,packaging,,0
R01186,H00180,B21,,2024-10-26,5,1,refreshing,,1
R01187,H00244,B41,,2024-10-26,3,1,,portion size,0
R01188,H00298,B07,,2024-10-26,5,1,texture,,0
R01189,H00322,B01,,2024-10-26,5,1,packaging,,0
R01190,H00521,B14,,2024-10-26,2,0,,price,0
R01191,H00678,B09,,2024-10-26,4,1,packaging,texture,1
R01192,H00701,B19,,2024-10-26,5,1,jar size,,0
R01193,H00781,B07,,2024-10-26,4,1,jar size,,1
R01194,H00793,B36,,2024-10-26,3,0,,price,0
R01195,H01027,B03,P014,2024-10-26,5,1,ingredients,texture,0
R01196,H01027,B04,P014,2024-10-26,3,0,portion size,,0
R01197,H00005,B39,,2024-10-27,4,1,texture,,0
R01198,H00306,B49,,2024-10-27,4,1,taste,,0
R01199,H00404,B44,,2024-10-27,5,1,aftertaste,taste,1
R01200,H00556,B03,,2024-10-27,3,0,,energy boost,1
R01201,H00642,B45,,2024-10-27,4,1,refreshing,taste,1
R01202,H00748,B20,,2024-10-27,2,0,,packaging,0
R01203,H00786,B14,,2024-10-27,3,1,,refreshing,0
R01204,H00935,B43,,2024-10-27,3,0,taste,,0
R01205,H00976,B41,,2024-10-27,4,0,portion size,,1
R01206,H01012,B08,,2024-10-27,5,1,heat,,1
R01207,H01065,B39,,2024-10-27,5,1,jar size,texture,1
R01208,H00044,B25,,2024-10-28,4,0,seasoning,,1
R01209,H00075,B12,,2024-10-28,2,0,,sweetness,0
R01210,H00301,B15,,2024-10-28,3,0,,packaging,0
R01211,H00382,B10,,2024-10-28,4,1,price,,1
R01212,H00398,B13,,2024-10-28,5,1,fizz,,1
R01213,H00546,B48,,2024-10-28,3,0,price,,0
R01214,H00706,B43,,2024-10-28,3,1,fizz,,0
R01215,H00710,B41,,2024-10-28,4,0,saltiness,,0
R01216,H00870,B19,,2024-10-28,3,0,,texture,0
R01217,H01014,B39,,2024-10-28,5,1,texture,,1
R01218,H00044,B05,,2024-10-29,3,1,,crunch,1
R01219,H00094,B34,,2024-10-29,5,1,taste,strength,0
R01220,H00172,B40,,2024-10-29,4,1,sweetness,,1
R01221,H00174,B44,,2024-10-29,4,1,price,fizz,0
R01222,H00214,B37,,2024-10-29,4,0,texture,,0
R01223,H00230,B05,,2024-10-29,2,0,,crunch,1
R01224,H00246,B11,,2024-10-29,3,0,,packaging,1
R01225,H00472,B12,,2024-10-29,2,0,,fizz,0
R01226,H00581,B26,,2024-10-29,4,1,crunch,,1
R01227,H00649,B43,,2024-10-29,3,1,,fizz,0
R01228,H00694,B08,,2024-10-29,3,1,,price,1
R01229,H00872,B37,,2024-10-29,2,0,texture,packaging,0
R01230,H00899,B10,,2024-10-29,3,1,,price,0
R01231,H00930,B19,,2024-10-29,4,1,heat,,1
R01232,H00106,B01,,2024-10-30,4,1,seasoning,,1
R01233,H00155,B25,,2024-10-30,4,1,seasoning,price,0
R01234,H00167,B15,,2024-10-30,2,0,,refreshing,0
R01235,H00173,B30,,2024-10-30,2,1,,heat,0
R01236,H00280,B13,,2024-10-30,3,1,,price,0
R01237,H00393,B42,,2024-10-30,4,0,taste,,0
R01238,H00502,B14,,2024-10-30,4,0,price,,0
R01239,H00549,B39,,2024-10-30,3,1,texture,,0
R01240,H00578,B18,,2024-10-30,2,0,,packaging,0
R01241,H00869,B24,,2024-10-30,5,1,aroma,,0
R01242,H00960,B06,,2024-10-30,4,1,taste,,0
R01243,H00998,B42,,2024-10-30,4,1,taste,,0
R01244,H00018,B16,,2024-10-31,2,0,,aftertaste,0
R01245,H00275,B03,,2024-10-31,3,1,portability,,0
R01246,H00330,B49,,2024-10-31,4,0,packaging,sweetness,1
R01247,H00587,B14,,2024-10-31,4,0,fizz,price,1
R01248,H00682,B08,,2024-10-31,4,1,price,heat,0
R01249,H00771,B34,,2024-10-31,5,1,packaging,,1
R01250,H00849,B12,,2024-10-31,3,0,,taste,0
R01251,H00880,B31,,2024-10-31,4,1,texture,,1
R01252,H01026,B24,,2024-10-31,4,1,strength,,0
R01253,H01086,B30,,2024-10-31,1,0,flavour depth,jar size,0
R01254,H00177,B21,,2024-11-01,4,0,fizz,,0
R01255,H00251,B29,,2024-11-01,5,1,price,,1
R01256,H00258,B26,,2024-11-01,3,0,,portion size,0
R01257,H00424,B17,,2024-11-01,4,0,aftertaste,,1
R01258,H00467,B28,,2024-11-01,4,1,texture,,0
R01259,H00610,B46,,2024-11-01,4,1,refreshing,,1
R01260,H00857,B44,,2024-11-01,4,1,packaging,,0
R01261,H00169,B25,,2024-11-02,2,0,,saltiness,0
R01262,H00227,B32,,2024-11-02,5,1,price,,1
R01263,H00588,B04,,2024-11-02,2,0,,crunch,0
R01264,H00700,B32,,2024-11-02,2,0,price,build quality,0
R01265,H00846,B09,,2024-11-02,2,0,,sweetness,0
R01266,H00122,B38,,2024-11-03,3,0,taste,,0
R01267,H00201,B25,,2024-11-03,3,0,,saltiness,0
R01268,H00303,B11,,2024-11-03,1,0,taste,aftertaste,0
R01269,H00363,B16,,2024-11-03,4,0,taste,,0
R01270,H00452,B18,,2024-11-03,5,1,fizz,,1
R01271,H00554,B22,,2024-11-03,3,1,taste,,0
R01272,H00555,B42,,2024-11-03,2,0,price,ingredients,0
R01273,H00710,B31,,2024-11-03,4,1,versatility,,0
R01274,H00773,B19,,2024-11-03,3,1,,versatility,0
R01275,H00964,B10,,2024-11-03,4,0,price,aroma,1
R01276,H01010,B43,,2024-11-03,2,0,packaging,taste,0
R01277,H01088,B32,,2024-11-03,5,1,size,,1
R01278,H00277,B23,,2024-11-04,3,0,ingredients,,0
R01279,H00420,B22,,2024-11-04,3,0,,texture,0
R01280,H00821,B29,,2024-11-04,4,1,texture,,1
R01281,H00045,B40,,2024-11-05,4,1,aftertaste,,1
R01282,H00050,B19,,2024-11-05,3,1,heat,,0
R01283,H00194,B19,,2024-11-05,3,0,,jar size,0
R01284,H00244,B49,,2024-11-05,3,1,,sweetness,0
R01285,H00373,B22,,2024-11-05,4,1,sweetness,,1
R01286,H00517,B21,,2024-11-05,4,1,packaging,taste,1
R01287,H00541,B02,,2024-11-05,3,0,,seasoning,0
R01288,H00560,B39,,2024-11-05,3,0,,versatility,0
R01289,H00588,B05,,2024-11-05,3,0,seasoning,,0
R01290,H00089,B46,,2024-11-06,5,0,packaging,,0
R01291,H00172,B19,,2024-11-06,3,1,flavour depth,,0
R01292,H00223,B23,,2024-11-06,3,0,,packaging,0
R01293,H00273,B45,,2024-11-06,3,1,,sweetness,0
R01294,H00383,B20,,2024-11-06,4,1,taste,,1
R01295,H00482,B18,,2024-11-06,5,1,refreshing,,1
R01296,H00561,B40,,2024-11-06,5,1,price,taste,1
R01297,H00655,B40,,2024-11-06,4,1,sweetness,,0
R01298,H00703,B07,,2024-11-06,5,1,versatility,heat,1
R01299,H00883,B12,,2024-11-06,4,1,price,,1
R01300,H00898,B08,,2024-11-06,2,0,,versatility,0
R01301,H01022,B21,,2024-11-06,4,1,refreshing,,0
R01302,H00010,B23,,2024-11-07,4,1,sweetness,,0
R01303,H00012,B17,,2024-11-07,3,0,,refreshing,0
R01304,H00157,B36,,2024-11-07,3,0,crunch,,0
R01305,H00254,B29,,2024-11-07,1,0,,price,0
R01306,H00338,B35,,2024-11-07,3,1,texture,,0
R01307,H00549,B42,,2024-11-07,1,0,,price,0
R01308,H00588,B33,,2024-11-07,2,0,,fizz,0
R01309,H00593,B21,,2024-11-07,5,1,sweetness,,1
R01310,H00669,B41,,2024-11-07,3,1,price,,0
R01311,H00707,B10,,2024-11-07,4,1,strength,,0
R01312,H00771,B25,,2024-11-07,5,1,packaging,,1
R01313,H00901,B30,,2024-11-07,2,0,,price,0
R01314,H00963,B37,,2024-11-07,3,0,sweetness,,1
R01315,H00017,B11,,2024-11-08,4,1,fizz,packaging,1
R01316,H00260,B14,,2024-11-08,4,0,aftertaste,,0
R01317,H00320,B21,,2024-11-08,5,1,taste,,0
R01318,H00492,B43,,2024-11-08,4,1,fizz,sweetness,0
R01319,H00813,B29,,2024-11-08,2,0,,portability,0
R01320,H00869,B12,,2024-11-08,4,0,packaging,aftertaste,1
R01321,H00934,B29,,2024-11-08,4,0,energy boost,,0
R01322,H00949,B24,,2024-11-08,5,1,strength,,1
R01323,H00957,B46,,2024-11-08,5,1,fizz,packaging,1
R01324,H00107,B05,,2024-11-09,2,0,,seasoning,0
R01325,H00392,B22,,2024-11-09,3,1,sweetness,,0
R01326,H00903,B33,,2024-11-09,4,1,sweetness,,1
R01327,H01118,B04,,2024-11-09,3,1,,saltiness,0
R01328,H01119,B02,,2024-11-09,4,1,crunch,,1
R01329,H00147,B01,,2024-11-10,3,0,,portion size,0
R01330,H00216,B33,,2024-11-10,5,1,packaging,,1
R01331,H00304,B45,,2024-11-10,2,0,,taste,0
R01332,H00340,B07,,2024-11-10,2,0,,versatility,0
R01333,H00424,B47,,2024-11-10,3,0,sweetness,,0
R01334,H00772,B36,,2024-11-10,5,1,price,,1
R01335,H00792,B34,,2024-11-10,2,1,,strength,0
R01336,H00855,B19,,2024-11-10,5,1,versatility,texture,1
R01337,H00890,B44,,2024-11-10,2,0,,sweetness,0
R01338,H00918,B46,,2024-11-10,5,1,fizz,,1
R01339,H00031,B04,,2024-11-11,4,1,saltiness,,1
R01340,H00122,B19,,2024-11-11,3,0,,jar size,0
R01341,H00175,B02,,2024-11-11,4,1,price,,1
R01342,H00213,B42,,2024-11-11,4,1,taste,,0
R01343,H00247,B04,,2024-11-11,2,0,,seasoning,0
R01344,H00389,B39,,2024-11-11,4,0,versatility,,0
R01345,H00567,B34,,2024-11-11,2,0,,price,0
R01346,H00810,B48,,2024-11-11,3,1,crunch,,0
R01347,H00820,B03,,2024-11-11,3,0,taste,,0
R01348,H00973,B24,,2024-11-11,4,1,packaging,,1
R01349,H00982,B11,,2024-11-11,4,1,aftertaste,,0
R01350,H01003,B04,,2024-11-11,3,0,price,,0
R01351,H01006,B27,,2024-11-11,4,0,heat,,0
R01352,H00050,B14,,2024-11-12,3,0,,packaging,0
R01353,H00086,B42,,2024-11-12,3,1,,ingredients,1
R01354,H00143,B30,,2024-11-12,1,0,flavour depth,heat,0
R01355,H00469,B36,,2024-11-12,4,1,price,crunch,1
R01356,H00593,B42,,2024-11-12,3,0,,aroma,1
R01357,H00601,B19,,2024-11-12,3,1,,versatility,0
R01358,H00846,B19,,2024-11-12,5,1,versatility,jar size,1
R01359,H00896,B33,,2024-11-12,2,0,,taste,0
R01360,H01070,B21,,2024-11-12,3,0,,taste,0
R01361,H00102,B04,,2024-11-13,3,0,packaging,,0
R01362,H00271,B36,,2024-11-13,4,1,portion size,,1
R01363,H00284,B03,,2024-11-13,3,0,texture,,1
R01364,H00419,B28,,2024-11-13,2,1,,ingredients,0
R01365,H00515,B05,,2024-11-13,4,0,crunch,,0
R01366,H00638,B42,,2024-11-13,3,1,,taste,0
R01367,H00737,B24,,2024-11-13,5,1,packaging,price,1
R01368,H00762,B36,,2024-11-13,3,1,crunch,,1
R01369,H00867,B21,,2024-11-13,3,0,aftertaste,,1
R01370,H01095,B44,,2024-11-13,4,0,taste,,0
R01371,H01123,B21,,2024-11-13,4,1,sweetness,,0
R01372,H00022,B49,,2024-11-14,3,0,,ingredients,0
R01373,H00045,B23,,2024-11-14,3,0,sweetness,,0
R01374,H00112,B15,,2024-11-14,3,0,,refreshing,1
R01375,H00228,B15,,2024-11-14,4,1,sweetness,,0
R01376,H00467,B41,,2024-11-14,3,0,,packaging,0
R01377,H00542,B24,,2024-11-14,3,1,price,,1
R01378,H00782,B49,,2024-11-14,3,1,,packaging,0
R01379,H00814,B39,,2024-11-14,5,1,flavour depth,texture,1
R01380,H00166,B10,,2024-11-15,4,1,packaging,aroma,1
R01381,H00267,B46,,2024-11-15,5,1,fizz,,1
R01382,H00326,B26,,2024-11-15,5,1,crunch,packaging,0
R01383,H00404,B09,,2024-11-15,3,0,,texture,0
R01384,H00450,B14,,2024-11-15,4,1,aftertaste,,0
R01385,H00471,B03,,2024-11-15,2,0,,energy boost,0
R01386,H00539,B14,,2024-11-15,4,1,taste,,0
R01387,H00694,B07,,2024-11-15,3,1,,heat,0
R01388,H00768,B20,,2024-11-15,2,0,,price,0
R01389,H00065,B36,,2024-11-16,5,1,portion size,seasoning,1
R01390,H00354,B17,,2024-11-16,5,1,sweetness,,1
R01391,H00389,B41,,2024-11-16,4,0,seasoning,,0
R01392,H00476,B25,,2024-11-16,4,0,packaging,,1
R01393,H00682,B12,,2024-11-16,3,0,sweetness,,0
R01394,H00797,B44,,2024-11-16,3,0,,price,0
R01395,H00807,B49,,2024-11-16,3,0,,price,0
R01396,H00894,B45,,2024-11-16,3,0,refreshing,,0
R01397,H00962,B02,,2024-11-16,5,1,packaging,,1
R01398,H01030,B23,,2024-11-16,4,1,sweetness,texture,0
R01399,H01051,B06,,2024-11-16,5,1,taste,,1
R01400,H01055,B49,,2024-11-16,3,0,texture,,0
R01401,H00050,B18,,2024-11-17,5,1,sweetness,,1
R01402,H00077,B24,,2024-11-17,5,1,taste,,1
R01403,H00105,B25,,2024-11-17,1,0,,packaging,0
R01404,H00114,B08,,2024-11-17,4,0,price,,1
R01405,H00186,B01,,2024-11-17,2,0,,saltiness,0
R01406,H00669,B24,,2024-11-17,5,1,aroma,,1
R01407,H00686,B29,,2024-11-17,3,0,,price,0
R01408,H00929,B27,,2024-11-17,3,1,flavour depth,,0
R01409,H00947,B43,,2024-11-17,5,1,refreshing,,0
R01410,H01172,B03,P015,2024-11-17,3,1,taste,,0
R01411,H01175,B02,P015,2024-11-17,4,1,packaging,,0
R01412,H01177,B04,P015,2024-11-17,4,1,packaging,price,0
R01413,H01178,B17,P015,2024-11-17,4,1,refreshing,,0
R01414,H01179,B28,,2024-11-17,2,0,taste,portability,0
R01415,H01182,B03,P015,2024-11-17,4,1,portability,,0
R01416,H01184,B02,P015,2024-11-17,5,1,portion size,price,0
R01417,H01185,B26,P015,2024-11-17,5,1,seasoning,,0
R01418,H00097,B09,,2024-11-18,4,1,sweetness,,0
R01419,H00308,B05,,2024-11-18,2,0,,saltiness,0
R01420,H00347,B05,,2024-11-18,3,0,,portion size,1
R01421,H00470,B45,,2024-11-18,4,1,price,,1
R01422,H00556,B38,,2024-11-18,2,0,,price,0
R01423,H00578,B28,,2024-11-18,5,1,portability,,1
R01424,H00837,B16,,2024-11-18,3,0,,refreshing,0
R01425,H00847,B39,,2024-11-18,4,0,heat,,0
R01426,H01157,B34,,2024-11-18,4,0,ingredients,aroma,0
R01427,H01172,B26,P015,2024-11-18,4,1,crunch,,1
R01428,H01178,B02,P015,2024-11-18,5,1,crunch,,0
R01429,H01181,B17,P015,2024-11-18,3,1,,aftertaste,1
R01430,H01184,B03,P015,2024-11-18,4,0,ingredients,,0
R01431,H01185,B03,P015,2024-11-18,5,1,energy boost,ingredients,0
R01432,H00056,B46,,2024-11-19,5,1,refreshing,,0
R01433,H00238,B05,,2024-11-19,3,1,,packaging,0
R01434,H00298,B47,,2024-11-19,4,0,taste,,0
R01435,H00371,B31,,2024-11-19,4,0,versatility,,1
R01436,H00469,B49,,2024-11-19,2,0,,ingredients,0
R01437,H00730,B36,,2024-11-19,2,0,,crunch,1
R01438,H00865,B39,,2024-11-19,4,1,price,flavour depth,0
R01439,H00915,B25,,2024-11-19,4,1,saltiness,,1
R01440,H00928,B41,,2024-11-19,3,1,packaging,,0
R01441,H00956,B41,,2024-11-19,3,0,crunch,,0
R01442,H01178,B26,P015,2024-11-19,5,1,saltiness,,1
R01443,H00015,B14,,2024-11-20,4,0,refreshing,taste,1
R01444,H00168,B43,,2024-11-20,5,1,aftertaste,,0
R01445,H00298,B17,,2024-11-20,5,1,refreshing,,1
R01446,H00419,B18,,2024-11-20,5,1,sweetness,price,1
R01447,H00501,B12,,2024-11-20,3,1,,sweetness,0
R01448,H00550,B42,,2024-11-20,1,0,,aroma,0
R01449,H00652,B34,,2024-11-20,3,0,,taste,0
R01450,H00731,B24,,2024-11-20,4,1,strength,,0
R01451,H00896,B02,,2024-11-20,4,0,crunch,,0
R01452,H01028,B18,,2024-11-20,2,0,,refreshing,0
R01453,H01172,B04,P015,2024-11-20,3,0,saltiness,,0
R01454,H01173,B03,P015,2024-11-20,3,0,,price,0
R01455,H01181,B26,P015,2024-11-20,3,0,,seasoning,0
R01456,H00029,B29,,2024-11-21,3,0,price,,1
R01457,H00667,B28,,2024-11-21,3,1,,taste,0
R01458,H00717,B20,,2024-11-21,3,0,aftertaste,,0
R01459,H00731,B10,,2024-11-21,3,0,,ingredients,0
R01460,H00765,B28,,2024-11-21,5,1,texture,,0
R01461,H00819,B46,,2024-11-21,5,1,price,,1
R01462,H00908,B06,,2024-11-21,4,1,price,sweetness,0
R01463,H00939,B32,,2024-11-21,2,0,,build quality,0
R01464,H00951,B05,,2024-11-21,4,0,portion size,,1
R01465,H00990,B14,,2024-11-21,5,0,refreshing,taste,1
R01466,H01175,B26,P015,2024-11-21,3,0,,packaging,0
R01467,H01176,B03,P015,2024-11-21,3,0,,price,0
R01468,H01186,B26,P015,2024-11-21,3,0,,packaging,1
R01469,H01187,B17,P015,2024-11-21,3,1,aftertaste,,0
R01470,H00079,B47,,2024-11-22,4,1,price,,0
R01471,H00150,B02,,2024-11-22,4,1,price,seasoning,0
R01472,H00187,B29,,2024-11-22,5,1,taste,texture,1
R01473,H00240,B33,,2024-11-22,1,0,,taste,0
R01474,H00261,B21,,2024-11-22,5,1,fizz,,1
R01475,H00473,B09,,2024-11-22,3,0,price,,0
R01476,H00653,B05,,2024-11-22,3,0,,saltiness,0
R01477,H00690,B20,,2024-11-22,3,0,,sweetness,0
R01478,H00931,B21,,2024-11-22,4,1,refreshing,,0
R01479,H01171,B02,P015,2024-11-22,4,1,packaging,,0
R01480,H01181,B04,P015,2024-11-22,4,0,saltiness,,0
R01481,H00180,B36,,2024-11-23,3,1,crunch,,0
R01482,H00399,B29,,2024-11-23,3,0,price,,0
R01483,H00753,B01,,2024-11-23,3,0,crunch,,0
R01484,H00875,B40,,2024-11-23,2,1,,sweetness,0
R01485,H01028,B23,,2024-11-23,4,1,texture,,1
R01486,H01171,B26,P015,2024-11-23,5,1,seasoning,,0
R01487,H01180,B03,P015,2024-11-23,4,1,taste,,0
R01488,H01182,B26,P015,2024-11-23,5,1,saltiness,,1
R01489,H01183,B26,P015,2024-11-23,5,1,saltiness,packaging,1
R01490,H00004,B15,,2024-11-24,4,1,taste,,0
R01491,H00323,B32,,2024-11-24,4,1,usefulness,,1
R01492,H00338,B44,,2024-11-24,2,0,,aftertaste,0
R01493,H00577,B10,,2024-11-24,4,1,aroma,,0
R01494,H00616,B45,,2024-11-24,2,0,taste,refreshing,0
R01495,H00634,B06,,2024-11-24,2,0,,texture,0
R01496,H00724,B47,,2024-11-24,3,1,,price,0
R01497,H00757,B01,,2024-11-24,3,1,,packaging,0
R01498,H00803,B24,,2024-11-24,4,1,price,,0
R01499,H00872,B30,,2024-11-24,4,0,heat,,1
R01500,H01136,B26,,2024-11-24,2,0,,saltiness,0
R01501,H01158,B11,,2024-11-24,1,0,,packaging,0
R01502,H01175,B17,P015,2024-11-24,4,1,price,aftertaste,0
R01503,H01184,B26,P015,2024-11-24,5,1,packaging,,0
R01504,H01195,B34,,2024-11-24,3,1,ingredients,,0
R01505,H01221,B10,,2024-11-24,4,1,strength,,0
R01506,H00357,B13,,2024-11-25,4,0,fizz,,1
R01507,H00386,B32,,2024-11-25,2,0,,size,0
R01508,H00665,B49,,2024-11-25,4,1,taste,price,0
R01509,H00825,B40,,2024-11-25,3,1,aftertaste,,0
R01510,H00922,B46,,2024-11-25,4,1,taste,,0
R01511,H00988,B10,,2024-11-25,3,0,,aroma,0
R01512,H01230,B27,P016,2024-11-25,5,1,versatility,flavour depth,0
R01513,H01231,B08,P016,2024-11-25,3,1,,jar size,0
R01514,H00060,B25,,2024-11-26,5,1,seasoning,,1
R01515,H00062,B41,,2024-11-26,3,0,seasoning,,0
R01516,H00526,B39,,2024-11-26,3,0,,versatility,1
R01517,H00544,B08,,2024-11-26,3,1,heat,,0
R01518,H00813,B06,,2024-11-26,4,0,packaging,ingredients,1
R01519,H00864,B04,,2024-11-26,3,0,price,,1
R01520,H00982,B20,,2024-11-26,3,0,,price,0
R01521,H01084,B01,,2024-11-26,4,1,seasoning,,1
R01522,H01106,B31,,2024-11-26,2,0,,heat,0
R01523,H01185,B27,,2024-11-26,5,1,price,,1
R01524,H01226,B36,,2024-11-26,2,0,,saltiness,0
R01525,H00127,B19,,2024-11-27,3,0,versatility,,0
R01526,H00131,B35,,2024-11-27,2,0,,energy boost,0
R01527,H00310,B05,,2024-11-27,1,0,saltiness,portion size,0
R01528,H00494,B49,,2024-11-27,4,1,price,,1
R01529,H00990,B09,,2024-11-27,2,0,ingredients,sweetness,1
R01530,H01030,B13,,2024-11-27,2,0,price,refreshing,0
R01531,H01229,B23,P016,2024-11-27,3,0,,ingredients,0
R01532,H01231,B26,P016,2024-11-27,4,1,price,,1
R01533,H00008,B39,,2024-11-28,5,1,jar size,,1
R01534,H00127,B13,,2024-11-28,2,0,taste,packaging,0
R01535,H00207,B45,,2024-11-28,2,0,,packaging,0
R01536,H00300,B39,,2024-11-28,2,0,,jar size,0
R01537,H00304,B25,,2024-11-28,4,1,saltiness,,1
R01538,H00715,B45,,2024-11-28,1,0,,price,0
R01539,H00779,B47,,2024-11-28,2,0,,price,0
R01540,H01086,B46,,2024-11-28,3,0,,fizz,0
R01541,H01229,B27,P016,2024-11-28,5,1,versatility,,1
R01542,H01229,B40,P016,2024-11-28,4,1,taste,,0
R01543,H01230,B26,P016,2024-11-28,4,1,portion size,saltiness,1
R01544,H00063,B39,,2024-11-29,3,0,versatility,,0
R01545,H00094,B08,,2024-11-29,4,1,versatility,,0
R01546,H00302,B06,,2024-11-29,5,1,price,ingredients,0
R01547,H00398,B30,,2024-11-29,3,1,,heat,0
R01548,H00507,B07,,2024-11-29,3,1,texture,,0
R01549,H00589,B22,,2024-11-29,5,1,texture,,0
R01550,H00597,B23,,2024-11-29,3,1,taste,,0
R01551,H00601,B15,,2024-11-29,3,1,taste,,1
R01552,H00634,B16,,2024-11-29,4,0,sweetness,,1
R01553,H00684,B04,,2024-11-29,3,0,,portion size,1
R01554,H00699,B45,,2024-11-29,2,0,,taste,1
R01555,H00809,B35,,2024-11-29,2,0,,portability,0
R01556,H00981,B42,,2024-11-29,2,0,,aroma,0
R01557,H01229,B08,P016,2024-11-29,5,1,jar size,,1
R01558,H00005,B44,,2024-11-30,4,1,refreshing,,1
R01559,H00148,B43,,2024-11-30,5,1,packaging,,1
R01560,H00425,B45,,2024-11-30,4,1,taste,fizz,1
R01561,H00449,B27,,2024-11-30,3,1,flavour depth,,0
R01562,H00456,B47,,2024-11-30,3,0,taste,,0
R01563,H00632,B45,,2024-11-30,3,0,,price,0
R01564,H00701,B04,,2024-11-30,4,1,portion size,,1
R01565,H00819,B39,,2024-11-30,3,1,,price,0
R01566,H00876,B14,,2024-11-30,3,0,refreshing,,0
R01567,H00957,B14,,2024-11-30,3,0,taste,,0
R01568,H01217,B20,,2024-11-30,4,1,aftertaste,,1
R01569,H01222,B26,,2024-11-30,3,1,seasoning,,1
R01570,H01231,B23,P016,2024-11-30,4,0,taste,,1
R01571,H00017,B46,,2024-12-01,5,1,aftertaste,,0
R01572,H00062,B38,,2024-12-01,5,0,ingredients,,0
R01573,H00135,B09,,2024-12-01,2,0,packaging,sweetness,0
R01574,H00383,B39,,2024-12-01,3,0,,price,0
R01575,H00812,B36,,2024-12-01,4,1,crunch,packaging,0
R01576,H00889,B13,,2024-12-01,3,0,,aftertaste,0
R01577,H00930,B41,,2024-12-01,3,0,packaging,,0
R01578,H00954,B30,,2024-12-01,2,0,,versatility,0
R01579,H01151,B22,,2024-12-01,2,0,,taste,0
R01580,H01216,B22,,2024-12-01,3,1,,sweetness,0
R01581,H00095,B03,,2024-12-02,2,0,energy boost,price,0
R01582,H00355,B15,,2024-12-02,3,0,packaging,,0
R01583,H00435,B18,,2024-12-02,4,1,packaging,,1
R01584,H00482,B13,,2024-12-02,3,0,fizz,,0
R01585,H00489,B43,,2024-12-02,5,1,fizz,,1
R01586,H00714,B36,,2024-12-02,2,0,,crunch,0
R01587,H00731,B19,,2024-12-02,3,1,,texture,0
R01588,H00758,B41,,2024-12-02,4,1,price,,1
R01589,H01015,B07,,2024-12-02,4,0,flavour depth,,1
R01590,H01074,B49,,2024-12-02,3,1,sweetness,,0
R01591,H01246,B08,,2024-12-02,5,1,jar size,,1
R01592,H00116,B27,,2024-12-03,5,1,versatility,,1
R01593,H00159,B43,,2024-12-03,4,1,price,taste,1
R01594,H00235,B41,,2024-12-03,1,0,,price,0
R01595,H00598,B31,,2024-12-03,2,0,,versatility,0
R01596,H00684,B36,,2024-12-03,4,1,saltiness,,0
R01597,H00794,B17,,2024-12-03,3,0,,aftertaste,0
R01598,H00837,B20,,2024-12-03,2,0,aftertaste,price,0
R01599,H01071,B27,,2024-12-03,5,1,price,,0
R01600,H01083,B16,,2024-12-03,2,1,,packaging,0
R01601,H01092,B02,,2024-12-03,5,1,portion size,,1
R01602,H01094,B48,,2024-12-03,2,0,saltiness,seasoning,0
R01603,H01100,B14,,2024-12-03,4,0,price,,0
R01604,H01162,B04,,2024-12-03,3,0,,packaging,0
R01605,H01233,B26,,2024-12-03,5,1,seasoning,,1
R01606,H01257,B39,,2024-12-03,3,1,flavour depth,,0
R01607,H00059,B43,,2024-12-04,3,1,refreshing,,0
R01608,H00145,B41,,2024-12-04,2,0,,seasoning,0
R01609,H00198,B29,,2024-12-04,4,1,price,,1
R01610,H00227,B29,,2024-12-04,2,0,ingredients,energy boost,0
R01611,H00336,B06,,2024-12-04,3,1,,packaging,1
R01612,H00427,B13,,2024-12-04,5,1,fizz,sweetness,0
R01613,H00476,B19,,2024-12-04,5,1,texture,,0
R01614,H00709,B19,,2024-12-04,5,1,texture,,0
R01615,H00797,B31,,2024-12-04,2,0,,flavour depth,0
R01616,H00854,B39,,2024-12-04,3,1,flavour depth,,0
R01617,H00954,B24,,2024-12-04,3,0,,taste,0
R01618,H01272,B36,,2024-12-04,3,0,portion size,,0
R01619,H01278,B03,,2024-12-04,3,1,,ingredients,1
R01620,H00031,B16,,2024-12-05,3,0,sweetness,,0
R01621,H00108,B13,,2024-12-05,3,0,refreshing,,0
R01622,H00133,B21,,2024-12-05,4,1,price,,1
R01623,H00407,B26,,2024-12-05,3,0,saltiness,,0
R01624,H00506,B16,,2024-12-05,3,0,taste,,0
R01625,H00658,B20,,2024-12-05,4,1,price,,0
R01626,H00729,B48,,2024-12-05,5,1,price,portion size,1
R01627,H00806,B44,,2024-12-05,3,0,,price,0
R01628,H00850,B45,,2024-12-05,2,0,,fizz,0
R01629,H00945,B03,,2024-12-05,3,1,,energy boost,0
R01630,H00951,B46,,2024-12-05,5,1,aftertaste,taste,1
R01631,H01050,B24,,2024-12-05,5,1,strength,price,1
R01632,H01072,B19,,2024-12-05,5,1,versatility,,0
R01633,H01147,B26,,2024-12-05,4,0,packaging,saltiness,0
R01634,H00062,B01,,2024-12-06,4,1,saltiness,,0
R01635,H00169,B17,,2024-12-06,2,0,,refreshing,0
R01636,H00465,B12,,2024-12-06,2,0,,taste,0
R01637,H00523,B25,,2024-12-06,1,0,,seasoning,0
R01638,H00553,B19,,2024-12-06,4,1,price,,0
R01639,H01102,B21,,2024-12-06,4,1,fizz,,0
R01640,H01255,B03,,2024-12-06,5,1,taste,,1
R01641,H00282,B38,,2024-12-07,3,0,sweetness,,0
R01642,H00382,B47,,2024-12-07,4,1,ingredients,,1
R01643,H00406,B37,,2024-12-07,3,0,taste,,0
R01644,H00637,B36,,2024-12-07,2,0,,saltiness,0
R01645,H00733,B14,,2024-12-07,5,1,refreshing,,1
R01646,H00778,B48,,2024-12-07,4,1,price,,0
R01647,H00847,B03,,2024-12-07,3,1,energy boost,,0
R01648,H00870,B03,,2024-12-07,2,0,energy boost,portability,0
R01649,H00988,B27,,2024-12-07,3,0,,price,0
R01650,H01068,B21,,2024-12-07,2,0,,aftertaste,0
R01651,H01103,B32,,2024-12-07,5,1,price,,1
R01652,H01108,B41,,2024-12-07,3,0,,saltiness,0
R01653,H01238,B16,,2024-12-07,3,1,,refreshing,0
R01654,H00072,B15,,2024-12-08,3,0,,fizz,0
R01655,H00091,B13,,2024-12-08,3,1,,sweetness,1
R01656,H00225,B27,,2024-12-08,4,1,versatility,,1
R01657,H00245,B19,,2024-12-08,3,0,,jar size,0
R01658,H00588,B11,,2024-12-08,4,0,aftertaste,,0
R01659,H00624,B41,,2024-12-08,2,0,,saltiness,0
R01660,H00651,B42,,2024-12-08,3,0,ingredients,,0
R01661,H01037,B14,,2024-12-08,3,0,taste,,0
R01662,H01178,B07,,2024-12-08,5,1,jar size,,1
R01663,H00028,B13,,2024-12-09,3,0,,price,0
R01664,H00035,B35,,2024-12-09,3,0,ingredients,,0
R01665,H00068,B26,,2024-12-09,3,1,packaging,,1
R01666,H00209,B41,,2024-12-09,3,1,,price,0
R01667,H00230,B18,,2024-12-09,2,0,,packaging,0
R01668,H00295,B18,,2024-12-09,2,0,,packaging,0
R01669,H00380,B13,,2024-12-09,3,0,,price,0
R01670,H00389,B29,,2024-12-09,4,1,portability,energy boost,1
R01671,H00472,B08,,2024-12-09,1,0,,flavour depth,0
R01672,H00902,B01,,2024-12-09,2,0,,portion size,0
R01673,H00903,B31,,2024-12-09,4,0,versatility,,1
R01674,H01295,B14,,2024-12-09,5,1,taste,,1
R01675,H00191,B42,,2024-12-10,3,0,taste,,0
R01676,H00216,B09,,2024-12-10,2,0,,taste,0
R01677,H00526,B25,,2024-12-10,3,0,price,,0
R01678,H00615,B29,,2024-12-10,2,0,,taste,0
R01679,H00642,B26,,2024-12-10,5,1,price,,1
R01680,H00740,B07,,2024-12-10,4,0,heat,texture,0
R01681,H01007,B47,,2024-12-10,5,1,taste,,0
R01682,H01074,B26,,2024-12-10,4,0,saltiness,,1
R01683,H00112,B46,,2024-12-11,4,1,refreshing,,1
R01684,H00304,B44,,2024-12-11,4,1,taste,,0
R01685,H00368,B41,,2024-12-11,4,0,seasoning,,1
R01686,H00378,B04,,2024-12-11,4,0,portion size,,0
R01687,H00504,B49,,2024-12-11,4,1,sweetness,,1
R01688,H00745,B39,,2024-12-11,2,0,texture,jar size,0
R01689,H00997,B05,,2024-12-11,4,1,saltiness,seasoning,1
R01690,H01143,B46,,2024-12-11,2,0,,packaging,0
R01691,H00058,B19,,2024-12-12,5,1,jar size,,0
R01692,H00070,B13,,2024-12-12,4,1,refreshing,,1
R01693,H00110,B29,,2024-12-12,4,1,taste,,1
R01694,H00145,B29,,2024-12-12,3,0,,texture,0
R01695,H00306,B04,,2024-12-12,2,0,,price,0
R01696,H00385,B11,,2024-12-12,4,1,sweetness,,1
R01697,H00453,B29,,2024-12-12,2,0,,ingredients,0
R01698,H00454,B15,,2024-12-12,4,1,taste,,0
R01699,H00570,B35,,2024-12-12,2,0,,texture,0
R01700,H00613,B33,,2024-12-12,5,1,aftertaste,,1
R01701,H00614,B48,,2024-12-12,4,1,price,,0
R01702,H00919,B38,,2024-12-12,3,1,sweetness,,0
R01703,H01048,B32,,2024-12-12,3,0,,size,1
R01704,H01128,B44,,2024-12-12,4,0,aftertaste,,1
R01705,H00338,B49,,2024-12-13,4,1,ingredients,,1
R01706,H00425,B34,,2024-12-13,3,0,packaging,,0
R01707,H00614,B29,,2024-12-13,3,0,portability,,0
R01708,H01231,B17,,2024-12-13,3,0,,aftertaste,0
R01709,H01282,B36,,2024-12-13,2,0,,portion size,0
R01710,H00198,B49,,2024-12-14,3,0,,sweetness,0
R01711,H00222,B32,,2024-12-14,2,0,,build quality,0
R01712,H00379,B48,,2024-12-14,2,0,saltiness,packaging,0
R01713,H00427,B18,,2024-12-14,3,1,,aftertaste,0
R01714,H00595,B19,,2024-12-14,5,1,flavour depth,,1
R01715,H00819,B34,,2024-12-14,4,0,strength,,1
R01716,H00868,B43,,2024-12-14,5,1,price,,0
R01717,H00924,B23,,2024-12-14,4,1,taste,ingredients,1
R01718,H01090,B36,,2024-12-14,4,0,crunch,,1
R01719,H01101,B11,,2024-12-14,5,0,packaging,,1
R01720,H01226,B38,,2024-12-14,5,1,packaging,,1
R01721,H00280,B12,,2024-12-15,4,1,price,,0
R01722,H00299,B47,,2024-12-15,3,0,,taste,0
R01723,H00327,B07,,2024-12-15,3,1,heat,,0
R01724,H00925,B06,,2024-12-15,3,0,ingredients,,0
R01725,H00960,B16,,2024-12-15,3,0,packaging,,1
R01726,H01057,B33,,2024-12-15,5,1,refreshing,,1
R01727,H01190,B09,,2024-12-15,3,1,texture,,0
R01728,H01322,B36,,2024-12-15,1,0,,saltiness,0
R01729,H01322,B26,,2024-12-15,2,0,saltiness,crunch,0
R01730,H00226,B47,,2024-12-16,4,1,packaging,price,1
R01731,H00228,B23,,2024-12-16,2,0,,ingredients,0
R01732,H00260,B16,,2024-12-16,4,1,fizz,,0
R01733,H00266,B19,,2024-12-16,2,0,,heat,0
R01734,H00354,B16,,2024-12-16,4,1,aftertaste,price,1
R01735,H00636,B19,,2024-12-16,5,1,texture,,0
R01736,H00655,B44,,2024-12-16,4,1,refreshing,,1
R01737,H00859,B37,,2024-12-16,1,0,,sweetness,0
R01738,H01120,B36,,2024-12-16,4,1,packaging,,0
R01739,H00358,B13,,2024-12-17,5,0,packaging,,1
R01740,H00401,B09,,2024-12-17,3,1,sweetness,,0
R01741,H00511,B01,,2024-12-17,2,1,crunch,packaging,0
R01742,H00533,B04,,2024-12-17,5,1,seasoning,,0
R01743,H00720,B05,,2024-12-17,3,1,,saltiness,0
R01744,H00721,B36,,2024-12-17,2,0,portion size,price,0
R01745,H00770,B21,,2024-12-17,4,1,sweetness,,1
R01746,H01027,B06,,2024-12-17,2,0,,texture,0
R01747,H01066,B39,,2024-12-17,3,0,,flavour depth,0
R01748,H01095,B05,,2024-12-17,4,1,portion size,packaging,1
R01749,H01118,B14,,2024-12-17,3,0,packaging,,0
R01750,H01209,B24,,2024-12-17,4,1,packaging,,0
R01751,H00012,B42,,2024-12-18,2,0,aroma,packaging,0
R01752,H00025,B29,,2024-12-18,4,0,portability,,0
R01753,H00082,B03,,2024-12-18,3,1,texture,,0
R01754,H00156,B04,,2024-12-18,2,0,,price,0
R01755,H00157,B38,,2024-12-18,2,0,,sweetness,0
R01756,H00204,B01,,2024-12-18,3,0,saltiness,,0
R01757,H00421,B39,,2024-12-18,3,1,texture,,0
R01758,H00451,B07,,2024-12-18,5,1,versatility,,0
R01759,H00559,B31,,2024-12-18,3,0,,jar size,0
R01760,H00641,B04,,2024-12-18,3,1,,price,1
R01761,H00689,B14,,2024-12-18,3,1,price,,0
R01762,H00694,B31,,2024-12-18,5,0,versatility,,1
R01763,H00932,B30,,2024-12-18,1,0,,flavour depth,0
R01764,H01337,B06,,2024-12-18,4,1,texture,,1
R01765,H00070,B23,,2024-12-19,3,0,ingredients,,1
R01766,H00149,B10,,2024-12-19,2,0,,price,0
R01767,H00159,B19,,2024-12-19,5,1,versatility,,0
R01768,H00445,B09,,2024-12-19,3,1,sweetness,,0
R01769,H00502,B25,,2024-12-19,4,1,portion size,,1
R01770,H00712,B35,,2024-12-19,3,0,energy boost,,0
R01771,H00718,B42,,2024-12-19,3,1,taste,,1
R01772,H00944,B07,,2024-12-19,3,0,,versatility,0
R01773,H01135,B39,,2024-12-19,5,1,flavour depth,,1
R01774,H01283,B29,,2024-12-19,4,1,ingredients,energy boost,1
R01775,H00433,B22,,2024-12-20,3,1,,texture,0
R01776,H00492,B22,,2024-12-20,3,0,packaging,,0
R01777,H00512,B43,,2024-12-20,3,1,,aftertaste,0
R01778,H00573,B27,,2024-12-20,3,0,,heat,1
R01779,H00789,B01,,2024-12-20,5,1,saltiness,crunch,1
R01780,H00877,B36,,2024-12-20,4,1,portion size,price,0
R01781,H00877,B14,,2024-12-20,2,0,,refreshing,0
R01782,H01056,B17,,2024-12-20,2,0,,sweetness,0
R01783,H01156,B44,,2024-12-20,3,1,price,,0
R01784,H01271,B09,,2024-12-20,2,0,,ingredients,0
R01785,H00214,B48,,2024-12-21,5,1,seasoning,,1
R01786,H00313,B14,,2024-12-21,5,1,refreshing,,1
R01787,H00431,B06,,2024-12-21,3,1,,packaging,0
R01788,H00479,B33,,2024-12-21,2,0,,packaging,0
R01789,H00987,B48,,2024-12-21,4,1,packaging,,0
R01790,H01046,B42,,2024-12-21,3,0,,packaging,0
R01791,H01063,B32,,2024-12-21,4,0,usefulness,,1
R01792,H01135,B22,,2024-12-21,5,1,sweetness,,1
R01793,H00074,B37,,2024-12-22,1,0,packaging,texture,0
R01794,H00145,B31,,2024-12-22,4,1,versatility,,0
R01795,H00248,B04,,2024-12-22,4,1,crunch,,1
R01796,H00346,B28,,2024-12-22,3,1,,ingredients,0
R01797,H00367,B25,,2024-12-22,4,1,crunch,portion size,0
R01798,H00638,B30,,2024-12-22,3,0,,versatility,1
R01799,H00366,B07,,2024-12-23,2,0,,texture,1
R01800,H00602,B17,,2024-12-23,3,1,,taste,0
R01801,H00812,B26,,2024-12-23,3,1,,saltiness,0
R01802,H00902,B09,,2024-12-23,2,0,,taste,0
R01803,H01054,B07,,2024-12-23,4,1,texture,,1
R01804,H00381,B30,,2024-12-24,2,0,price,flavour depth,0
R01805,H00389,B33,,2024-12-24,5,1,aftertaste,,1
R01806,H00627,B35,,2024-12-24,5,1,price,,1
R01807,H00958,B27,,2024-12-24,5,1,heat,,0
R01808,H01357,B09,,2024-12-24,5,1,packaging,,0
R01809,H00313,B43,,2024-12-25,5,1,refreshing,,1
R01810,H00669,B04,,2024-12-25,3,1,,price,1
R01811,H00681,B05,,2024-12-25,5,1,crunch,,1
R01812,H00778,B40,,2024-12-25,4,0,fizz,,1
R01813,H00799,B06,,2024-12-25,3,0,sweetness,,0
R01814,H00838,B02,,2024-12-25,3,0,portion size,,0
R01815,H00851,B02,,2024-12-25,3,0,price,,1
R01816,H00855,B23,,2024-12-25,4,1,texture,price,1
R01817,H00991,B23,,2024-12-25,1,0,taste,ingredients,0
R01818,H01001,B48,,2024-12-25,4,1,portion size,,1
R01819,H01234,B19,,2024-12-25,3,0,heat,,1
R01820,H01315,B33,,2024-12-25,2,0,,packaging,0
R01821,H00480,B19,,2024-12-26,3,1,,price,0
R01822,H00505,B04,,2024-12-26,5,1,price,,1
R01823,H00629,B27,,2024-12-26,4,1,texture,,0
R01824,H00673,B09,,2024-12-26,1,0,,ingredients,0
R01825,H00851,B08,,2024-12-26,5,1,flavour depth,,1
R01826,H01281,B23,,2024-12-26,3,1,sweetness,,0
R01827,H00097,B13,,2024-12-27,4,1,fizz,,1
R01828,H00159,B45,,2024-12-27,4,0,sweetness,,0
R01829,H00185,B24,,2024-12-27,4,1,price,,0
R01830,H00261,B11,,2024-12-27,2,0,taste,aftertaste,0
R01831,H00523,B38,,2024-12-27,3,1,,price,1
R01832,H00569,B26,,2024-12-27,4,1,price,,1
R01833,H00620,B15,,2024-12-27,2,0,,refreshing,0
R01834,H00804,B21,,2024-12-27,5,1,fizz,,1
R01835,H00888,B33,,2024-12-27,2,0,,fizz,0
R01836,H00892,B02,,2024-12-27,3,1,,price,0
R01837,H00904,B49,,2024-12-27,3,1,,ingredients,0
R01838,H01044,B19,,2024-12-27,5,1,texture,,0
R01839,H01201,B29,,2024-12-27,3,0,energy boost,,0
R01840,H01290,B06,,2024-12-27,5,1,ingredients,,1
R01841,H01318,B40,,2024-12-27,3,0,,taste,0
R01842,H01390,B26,P018,2024-12-27,4,1,portion size,,0
R01843,H00260,B20,,2024-12-28,2,0,,refreshing,0
R01844,H00353,B36,,2024-12-28,4,1,crunch,,1
R01845,H00377,B33,,2024-12-28,4,1,aftertaste,fizz,1
R01846,H00398,B12,,2024-12-28,5,1,refreshing,,0
R01847,H00424,B28,,2024-12-28,5,1,ingredients,,1
R01848,H00528,B16,,2024-12-28,2,0,,packaging,0
R01849,H00605,B13,,2024-12-28,4,0,fizz,,0
R01850,H00609,B39,,2024-12-28,2,0,,texture,0
R01851,H00620,B48,,2024-12-28,4,0,packaging,crunch,0
R01852,H00651,B40,,2024-12-28,4,1,aftertaste,,0
R01853,H00944,B23,,2024-12-28,2,0,,ingredients,0
R01854,H01038,B14,,2024-12-28,2,0,refreshing,sweetness,0
R01855,H01089,B05,,2024-12-28,1,0,seasoning,saltiness,0
R01856,H01196,B39,,2024-12-28,5,1,versatility,,1
R01857,H01206,B37,,2024-12-28,4,1,ingredients,price,0
R01858,H01390,B17,P018,2024-12-28,4,1,taste,,0
R01859,H00113,B43,,2024-12-29,5,1,sweetness,,0
R01860,H00144,B27,,2024-12-29,3,0,jar size,,0
R01861,H00366,B15,,2024-12-29,3,1,,aftertaste,0
R01862,H00601,B35,,2024-12-29,4,0,price,portability,1
R01863,H00761,B45,,2024-12-29,3,0,,taste,0
R01864,H00800,B42,,2024-12-29,3,0,,strength,1
R01865,H00814,B30,,2024-12-29,4,1,versatility,,0
R01866,H01018,B25,,2024-12-29,3,0,,price,1
R01867,H01117,B08,,2024-12-29,5,1,versatility,,1
R01868,H01139,B04,,2024-12-29,2,0,,crunch,0
R01869,H01215,B47,,2024-12-29,2,0,,ingredients,0
R01870,H01228,B12,,2024-12-29,5,1,fizz,,0
R01871,H01250,B33,,2024-12-29,1,0,,refreshing,0
R01872,H01314,B43,,2024-12-29,4,1,packaging,,0
R01873,H01390,B04,P018,2024-12-29,4,1,portion size,seasoning,0
R01874,H01403,B32,,2024-12-29,3,0,,usefulness,0
R01875,H00102,B19,,2024-12-30,5,0,versatility,jar size,1
R01876,H00160,B12,,2024-12-30,4,1,packaging,taste,0
R01877,H00197,B38,,2024-12-30,3,0,,sweetness,0
R01878,H00272,B38,,2024-12-30,3,1,ingredients,,0
R01879,H00303,B05,,2024-12-30,2,0,,seasoning,0
R01880,H00511,B42,,2024-12-30,1,0,,ingredients,0
R01881,H00908,B22,,2024-12-30,4,1,sweetness,texture,1
R01882,H00971,B03,,2024-12-30,4,1,texture,,1
R01883,H01071,B41,,2024-12-30,3,0,crunch,,0
R01884,H01077,B33,,2024-12-30,2,0,packaging,price,0
R01885,H01217,B38,,2024-12-30,3,1,,taste,0
R01886,H01395,B36,,2024-12-30,3,0,saltiness,,0
R01887,H00041,B24,,2024-12-31,3,1,,strength,0
R01888,H00045,B45,,2024-12-31,1,0,,aftertaste,0
R01889,H00200,B19,,2024-12-31,4,1,heat,,0
R01890,H00374,B24,,2024-12-31,4,1,taste,price,0
R01891,H00555,B06,,2024-12-31,5,1,packaging,,1
R01892,H00630,B38,,2024-12-31,2,0,,texture,0
R01893,H00650,B16,,2024-12-31,2,0,,sweetness,0
R01894,H00976,B35,,2024-12-31,4,1,texture,taste,1
R01895,H01141,B21,,2024-12-31,3,1,,price,0
R01896,H01169,B13,,2024-12-31,2,0,,fizz,0
R01897,H01262,B19,,2024-12-31,5,1,price,,1
R01898,H01264,B47,,2024-12-31,4,1,taste,,1
R01899,H00421,B21,,2025-01-01,3,1,taste,,0
R01900,H00450,B27,,2025-01-01,4,1,flavour depth,,0
R01901,H00511,B09,,2025-01-01,2,0,,sweetness,0
R01902,H00849,B40,,2025-01-01,5,1,fizz,aftertaste,1
R01903,H00906,B19,,2025-01-01,5,1,versatility,,1
R01904,H00955,B10,,2025-01-01,2,0,,ingredients,0
R01905,H01129,B09,,2025-01-01,3,0,,price,0
R01906,H01206,B14,,2025-01-01,4,1,sweetness,taste,0
R01907,H01224,B36,,2025-01-01,5,1,portion size,,1
R01908,H01415,B14,,2025-01-01,1,0,,packaging,0
R01909,H00037,B07,,2025-01-02,3,0,flavour depth,,0
R01910,H00064,B45,,2025-01-02,2,0,,packaging,0
R01911,H00098,B19,,2025-01-02,2,0,,jar size,0
R01912,H00135,B27,,2025-01-02,4,1,heat,jar size,1
R01913,H00515,B31,,2025-01-02,2,0,,heat,0
R01914,H00711,B24,,2025-01-02,2,0,,taste,0
R01915,H00857,B43,,2025-01-02,5,1,sweetness,,0
R01916,H01139,B12,,2025-01-02,2,0,,sweetness,0
R01917,H01162,B30,,2025-01-02,2,0,,flavour depth,0
R01918,H01192,B19,,2025-01-02,3,1,price,,0
R01919,H01308,B44,,2025-01-02,2,0,packaging,sweetness,0
R01920,H01324,B07,,2025-01-02,3,1,,flavour depth,0
R01921,H01409,B27,,2025-01-02,4,1,jar size,,1
R01922,H00045,B13,,2025-01-03,4,1,packaging,sweetness,1
R01923,H00185,B18,,2025-01-03,5,1,refreshing,,1
R01924,H00248,B35,,2025-01-03,2,0,,taste,0
R01925,H00331,B47,,2025-01-03,5,1,taste,,1
R01926,H00671,B04,,2025-01-03,5,1,packaging,,0
R01927,H00806,B43,,2025-01-03,3,0,aftertaste,,0
R01928,H00815,B09,,2025-01-03,2,0,,price,1
R01929,H00827,B49,,2025-01-03,2,0,,texture,0
R01930,H01099,B01,,2025-01-03,5,1,crunch,,1
R01931,H01150,B13,,2025-01-03,4,1,fizz,,1
R01932,H01419,B38,,2025-01-03,3,1,,taste,0
R01933,H00041,B19,,2025-01-04,4,1,texture,,1
R01934,H00152,B30,,2025-01-04,2,0,versatility,jar size,0
R01935,H00258,B30,,2025-01-04,2,0,heat,jar size,0
R01936,H00279,B15,,2025-01-04,4,0,price,,1
R01937,H00402,B06,,2025-01-04,3,0,,price,0
R01938,H00421,B24,,2025-01-04,4,1,aroma,ingredients,0
R01939,H00447,B19,,2025-01-04,2,0,,flavour depth,0
R01940,H00557,B40,,2025-01-04,3,1,refreshing,,0
R01941,H00664,B25,,2025-01-04,5,1,portion size,,0
R01942,H00864,B23,,2025-01-04,4,1,texture,,1
R01943,H00883,B28,,2025-01-04,3,0,,energy boost,0
R01944,H01205,B19,,2025-01-04,3,0,,heat,0
R01945,H01253,B47,,2025-01-04,4,1,packaging,taste,0
R01946,H01322,B44,,2025-01-04,2,0,,refreshing,0
R01947,H00039,B28,,2025-01-05,5,1,texture,,1
R01948,H00485,B05,,2025-01-05,3,0,saltiness,,0
R01949,H00565,B37,,2025-01-05,3,0,taste,,0
R01950,H00735,B31,,2025-01-05,3,1,heat,,0
R01951,H01086,B34,,2025-01-05,3,0,taste,,0
R01952,H01258,B27,,2025-01-05,3,0,,texture,0
R01953,H01337,B11,,2025-01-05,3,0,taste,,1
R01954,H01422,B30,,2025-01-05,1,0,,heat,0
R01955,H01443,B02,P019,2025-01-05,3,1,,saltiness,0
R01956,H00014,B38,,2025-01-06,5,0,texture,,1
R01957,H00024,B06,,2025-01-06,4,1,taste,,1
R01958,H00207,B38,,2025-01-06,4,1,texture,,1
R01959,H00257,B38,,2025-01-06,4,1,packaging,,1
R01960,H00275,B37,,2025-01-06,3,0,,price,0
R01961,H00335,B07,,2025-01-06,5,0,heat,,1
R01962,H00419,B01,,2025-01-06,4,1,portion size,,0
R01963,H00438,B40,,2025-01-06,4,1,price,,1
R01964,H00443,B34,,2025-01-06,5,1,taste,,1
R01965,H00467,B14,,2025-01-06,5,1,aftertaste,,0
R01966,H00474,B38,,2025-01-06,4,0,ingredients,,0
R01967,H00498,B06,,2025-01-06,4,1,texture,,1
R01968,H00611,B19,,2025-01-06,3,1,heat,,0
R01969,H00675,B05,,2025-01-06,1,0,,price,0
R01970,H00707,B43,,2025-01-06,2,0,,refreshing,0
R01971,H00871,B27,,2025-01-06,3,0,,texture,0
R01972,H00916,B43,,2025-01-06,5,1,price,,1
R01973,H01396,B34,,2025-01-06,4,1,taste,packaging,0
R01974,H01443,B26,P019,2025-01-06,4,1,packaging,,0
R01975,H00037,B45,,2025-01-07,4,1,aftertaste,,0
R01976,H00064,B49,,2025-01-07,4,1,texture,,0
R01977,H00132,B11,,2025-01-07,4,1,fizz,,0
R01978,H00222,B29,,2025-01-07,3,0,,texture,0
R01979,H00371,B36,,2025-01-07,3,0,saltiness,,0
R01980,H00439,B06,,2025-01-07,5,1,price,packaging,1
R01981,H00458,B12,,2025-01-07,2,0,,packaging,0
R01982,H00589,B25,,2025-01-07,3,0,crunch,,1
R01983,H00639,B30,,2025-01-07,4,0,versatility,texture,1
R01984,H00646,B02,,2025-01-07,3,0,,portion size,0
R01985,H00800,B14,,2025-01-07,4,1,price,sweetness,1
R01986,H00913,B27,,2025-01-07,4,1,flavour depth,price,0
R01987,H00995,B10,,2025-01-07,4,1,packaging,,1
R01988,H01251,B41,,2025-01-07,3,0,saltiness,,0
R01989,H01438,B03,P019,2025-01-07,4,1,taste,ingredients,0
R01990,H01443,B17,P019,2025-01-07,5,1,fizz,,0
R01991,H00013,B33,,2025-01-08,3,1,price,,0
R01992,H00297,B49,,2025-01-08,4,1,texture,,0
R01993,H00373,B04,,2025-01-08,3,0,portion size,,1
R01994,H00586,B18,,2025-01-08,4,1,refreshing,,0
R01995,H00935,B21,,2025-01-08,5,1,aftertaste,,0
R01996,H01303,B43,,2025-01-08,5,1,sweetness,refreshing,1
R01997,H00243,B12,,2025-01-09,3,0,aftertaste,,0
R01998,H00318,B17,,2025-01-09,3,0,taste,,1
R01999,H00583,B47,,2025-01-09,5,1,packaging,,1
R02000,H00610,B43,,2025-01-09,5,1,aftertaste,,0
R02001,H00717,B45,,2025-01-09,3,1,sweetness,,0
R02002,H01075,B16,,2025-01-09,3,1,price,,0
R02003,H01187,B38,,2025-01-09,4,1,price,,1
R02004,H01279,B02,,2025-01-09,2,0,,saltiness,0
R02005,H01295,B12,,2025-01-09,2,0,taste,price,0
R02006,H01309,B13,,2025-01-09,2,0,,refreshing,0
R02007,H01439,B17,P019,2025-01-09,3,0,taste,,1
R02008,H01445,B26,P019,2025-01-09,5,1,packaging,price,1
R02009,H00080,B24,,2025-01-10,3,0,taste,,0
R02010,H00325,B31,,2025-01-10,2,1,flavour depth,texture,0
R02011,H00358,B15,,2025-01-10,2,0,,taste,0
R02012,H00384,B21,,2025-01-10,4,1,sweetness,,1
R02013,H00428,B30,,2025-01-10,2,0,,heat,0
R02014,H00848,B21,,2025-01-10,4,1,sweetness,taste,1
R02015,H00876,B29,,2025-01-10,5,1,portability,,1
R02016,H01052,B39,,2025-01-10,4,1,flavour depth,,0
R02017,H01105,B07,,2025-01-10,4,1,flavour depth,,0
R02018,H01159,B24,,2025-01-10,5,1,ingredients,,1
R02019,H01203,B35,,2025-01-10,3,0,,portability,0
R02020,H01236,B03,,2025-01-10,5,1,energy boost,,1
R02021,H01443,B03,P019,2025-01-10,3,1,texture,,0
R02022,H00182,B28,,2025-01-11,2,0,,ingredients,0
R02023,H00320,B38,,2025-01-11,4,0,taste,,1
R02024,H00398,B44,,2025-01-11,2,0,,fizz,0
R02025,H00432,B47,,2025-01-11,2,0,,ingredients,0
R02026,H00715,B17,,2025-01-11,4,1,packaging,,0
R02027,H00833,B43,,2025-01-11,5,1,packaging,taste,1
R02028,H00914,B32,,2025-01-11,3,0,,price,1
R02029,H01128,B14,,2025-01-11,5,1,sweetness,,1
R02030,H01271,B43,,2025-01-11,4,1,sweetness,,0
R02031,H01309,B46,,2025-01-11,3,0,price,,0
R02032,H01422,B05,,2025-01-11,3,0,,price,1
R02033,H01441,B03,P019,2025-01-11,3,1,,ingredients,0
R02034,H01445,B04,P019,2025-01-11,5,1,seasoning,packaging,1
R02035,H00588,B35,,2025-01-12,4,0,energy boost,,0
R02036,H00700,B48,,2025-01-12,5,1,crunch,,1
R02037,H00725,B15,,2025-01-12,3,1,sweetness,,1
R02038,H00967,B19,,2025-01-12,3,0,jar size,,0
R02039,H00979,B44,,2025-01-12,2,0,,packaging,0
R02040,H01165,B01,,2025-01-12,4,1,saltiness,,0
R02041,H01407,B31,,2025-01-12,3,1,,texture,0
R02042,H01439,B26,P019,2025-01-12,4,1,crunch,,1
R02043,H01441,B04,P019,2025-01-12,3,0,,packaging,0
R02044,H01467,B32,,2025-01-12,5,1,size,,0
R02045,H01470,B17,P020,2025-01-12,5,1,fizz,,1
R02046,H01471,B26,P020,2025-01-12,3,0,saltiness,,0
R02047,H01473,B02,P020,2025-01-12,5,1,crunch,,0
R02048,H00084,B39,,2025-01-13,2,0,,heat,0
R02049,H00111,B06,,2025-01-13,4,0,price,,0
R02050,H00124,B34,,2025-01-13,3,1,,strength,1
R02051,H00700,B14,,2025-01-13,5,1,aftertaste,,1
R02052,H00862,B37,,2025-01-13,3,1,,taste,1
R02053,H00864,B36,,2025-01-13,3,0,saltiness,,0
R02054,H00904,B12,,2025-01-13,3,0,,taste,0
R02055,H00904,B24,,2025-01-13,5,1,price,,0
R02056,H00995,B08,,2025-01-13,2,0,,jar size,0
R02057,H01048,B29,,2025-01-13,5,1,price,,1
R02058,H01146,B36,,2025-01-13,4,1,portion size,,1
R02059,H01475,B03,P020,2025-01-13,4,1,ingredients,,0
R02060,H01475,B26,P020,2025-01-13,4,1,portion size,packaging,1
R02061,H00025,B13,,2025-01-14,2,0,taste,aftertaste,0
R02062,H00139,B33,,2025-01-14,4,0,fizz,,1
R02063,H00229,B39,,2025-01-14,4,0,texture,,0
R02064,H00412,B46,,2025-01-14,4,1,taste,,0
R02065,H00622,B06,,2025-01-14,5,1,texture,sweetness,1
R02066,H00733,B02,,2025-01-14,4,1,saltiness,,1
R02067,H00919,B23,,2025-01-14,4,1,taste,,0
R02068,H01191,B01,,2025-01-14,3,0,,packaging,0
R02069,H01360,B11,,2025-01-14,3,0,,taste,0
R02070,H01470,B04,P020,2025-01-14,4,1,saltiness,,0
R02071,H01474,B02,P020,2025-01-14,4,1,price,,0
R02072,H00026,B13,,2025-01-15,4,1,aftertaste,sweetness,1
R02073,H00099,B49,,2025-01-15,3,1,price,,0
R02074,H00420,B48,,2025-01-15,1,0,,portion size,0
R02075,H00509,B35,,2025-01-15,3,1,ingredients,,1
R02076,H00547,B38,,2025-01-15,5,1,packaging,texture,1
R02077,H00631,B27,,2025-01-15,3,1,,versatility,0
R02078,H00684,B13,,2025-01-15,3,1,fizz,,0
R02079,H01090,B13,,2025-01-15,4,1,taste,,0
R02080,H01144,B43,,2025-01-15,4,1,sweetness,,0
R02081,H01224,B26,,2025-01-15,3,0,packaging,,0
R02082,H01268,B30,,2025-01-15,3,0,,versatility,0
R02083,H01415,B17,,2025-01-15,3,0,,refreshing,0
R02084,H01472,B17,P020,2025-01-15,3,0,fizz,,1
R02085,H01473,B26,P020,2025-01-15,3,0,,seasoning,1
R02086,H01475,B04,P020,2025-01-15,3,1,,seasoning,0
R02087,H00300,B36,,2025-01-16,5,1,portion size,,0
R02088,H00546,B13,,2025-01-16,3,0,sweetness,,0
R02089,H00637,B18,,2025-01-16,5,1,taste,,1
R02090,H00674,B44,,2025-01-16,3,0,aftertaste,,0
R02091,H00714,B28,,2025-01-16,4,1,price,,0
R02092,H00744,B48,,2025-01-16,4,1,crunch,,0
R02093,H00761,B01,,2025-01-16,2,0,,packaging,0
R02094,H01445,B01,,2025-01-16,5,1,crunch,,1
R02095,H01475,B17,P020,2025-01-16,4,0,refreshing,,1
R02096,H00104,B49,,2025-01-17,3,0,,texture,0
R02097,H00236,B12,,2025-01-17,3,0,aftertaste,,1
R02098,H00520,B03,,2025-01-17,4,1,energy boost,ingredients,1
R02099,H00664,B42,,2025-01-17,5,1,packaging,,1
R02100,H00853,B18,,2025-01-17,3,0,refreshing,,1
R02101,H00936,B06,,2025-01-17,3,1,ingredients,,0
R02102,H01027,B36,,2025-01-17,3,0,packaging,,0
R02103,H01354,B22,,2025-01-17,2,0,sweetness,packaging,0
R02104,H01472,B04,P020,2025-01-17,3,0,,crunch,0
R02105,H01494,B25,,2025-01-17,3,0,,seasoning,0
R02106,H00201,B40,,2025-01-18,3,0,,sweetness,0
R02107,H00357,B39,,2025-01-18,4,1,price,,0
R02108,H00764,B31,,2025-01-18,3,0,flavour depth,,0
R02109,H00840,B08,,2025-01-18,4,0,versatility,jar size,0
R02110,H01189,B23,,2025-01-18,3,0,,taste,0
R02111,H01299,B28,,2025-01-18,3,0,ingredients,,0
R02112,H01474,B17,P020,2025-01-18,4,1,taste,,0
R02113,H01496,B30,,2025-01-18,2,0,,flavour depth,0
R02114,H00247,B11,,2025-01-19,3,0,,refreshing,0
R02115,H00728,B08,,2025-01-19,3,0,versatility,,0
R02116,H00739,B24,,2025-01-19,2,0,,aroma,0
R02117,H00777,B38,,2025-01-19,5,1,taste,,1
R02118,H00880,B19,,2025-01-19,4,1,jar size,,0
R02119,H00961,B25,,2025-01-19,2,0,,portion size,0
R02120,H01181,B38,,2025-01-19,2,0,,texture,0
R02121,H01188,B33,,2025-01-19,3,0,,aftertaste,1
R02122,H01286,B45,,2025-01-19,3,1,taste,,0
R02123,H01443,B01,,2025-01-19,2,0,,seasoning,0
R02124,H00005,B40,,2025-01-20,3,1,price,,0
R02125,H00323,B02,,2025-01-20,3,0,,portion size,0
R02126,H00333,B13,,2025-01-20,4,1,price,,1
R02127,H00416,B11,,2025-01-20,4,1,sweetness,,0
R02128,H00458,B04,,2025-01-20,1,0,,price,0
R02129,H00472,B30,,2025-01-20,3,1,texture,,1
R02130,H00817,B49,,2025-01-20,2,0,,texture,0
R02131,H00873,B22,,2025-01-20,3,0,,price,0
R02132,H00883,B22,,2025-01-20,5,1,price,,1
R02133,H01026,B43,,2025-01-20,4,1,taste,,0
R02134,H01041,B28,,2025-01-20,3,1,texture,,0
R02135,H01068,B40,,2025-01-20,1,0,,aftertaste,0
R02136,H01117,B15,,2025-01-20,4,1,aftertaste,,1
R02137,H01168,B14,,2025-01-20,3,1,,refreshing,0
R02138,H01329,B22,,2025-01-20,2,0,,sweetness,0
R02139,H01521,B25,,2025-01-20,3,1,,crunch,0
R02140,H01526,B04,,2025-01-20,4,1,crunch,saltiness,1
R02141,H00168,B19,,2025-01-21,5,1,versatility,,0
R02142,H00316,B45,,2025-01-21,3,0,sweetness,,1
R02143,H00586,B32,,2025-01-21,4,0,size,,1
R02144,H00603,B02,,2025-01-21,5,1,portion size,,1
R02145,H00764,B38,,2025-01-21,5,1,price,,1
R02146,H00866,B46,,2025-01-21,4,1,taste,,0
R02147,H00890,B31,,2025-01-21,1,0,,heat,0
R02148,H00943,B48,,2025-01-21,4,0,saltiness,,1
R02149,H01102,B30,,2025-01-21,2,1,,jar size,0
R02150,H01170,B38,,2025-01-21,3,0,taste,,0
R02151,H01258,B08,,2025-01-21,2,0,versatility,texture,0
R02152,H01349,B34,,2025-01-21,4,1,taste,,0
R02153,H00009,B16,,2025-01-22,3,1,taste,,0
R02154,H00398,B19,,2025-01-22,3,0,,versatility,0
R02155,H00506,B49,,2025-01-22,5,1,texture,,0
R02156,H00695,B44,,2025-01-22,5,1,price,,1
R02157,H00704,B47,,2025-01-22,4,1,packaging,,0
R02158,H00815,B46,,2025-01-22,3,0,,refreshing,0
R02159,H01023,B04,,2025-01-22,4,1,crunch,,1
R02160,H01047,B46,,2025-01-22,1,0,,refreshing,0
R02161,H01378,B28,,2025-01-22,2,0,,portability,0
R02162,H00086,B39,,2025-01-23,5,1,versatility,,1
R02163,H00211,B19,,2025-01-23,2,0,heat,price,0
R02164,H00650,B01,,2025-01-23,4,1,saltiness,,1
R02165,H00696,B22,,2025-01-23,3,0,ingredients,,1
R02166,H00750,B38,,2025-01-23,2,0,,packaging,0
R02167,H00766,B08,,2025-01-23,2,0,,flavour depth,0
R02168,H00782,B15,,2025-01-23,4,1,refreshing,,1
R02169,H00859,B24,,2025-01-23,3,1,price,,0
R02170,H01362,B41,,2025-01-23,2,0,,crunch,0
R02171,H01505,B47,,2025-01-23,5,1,price,,0
R02172,H01506,B30,,2025-01-23,4,1,price,,1
R02173,H00061,B07,,2025-01-24,3,1,price,,0
R02174,H00189,B10,,2025-01-24,2,1,,packaging,0
R02175,H00218,B26,,2025-01-24,4,0,crunch,,0
R02176,H00491,B43,,2025-01-24,3,0,aftertaste,,0
R02177,H00616,B40,,2025-01-24,4,1,fizz,refreshing,1
R02178,H00654,B09,,2025-01-24,2,1,,price,1
R02179,H00663,B27,,2025-01-24,5,1,versatility,,1
R02180,H01015,B16,,2025-01-24,3,0,aftertaste,,0
R02181,H01016,B16,,2025-01-24,3,0,,fizz,0
R02182,H01026,B47,,2025-01-24,3,0,,packaging,1
R02183,H01070,B14,,2025-01-24,4,1,refreshing,,0
R02184,H01456,B29,,2025-01-24,2,1,energy boost,ingredients,0
R02185,H00067,B35,,2025-01-25,3,0,portability,,0
R02186,H00252,B16,,2025-01-25,5,1,taste,,0
R02187,H00368,B09,,2025-01-25,4,0,taste,,1
R02188,H00414,B34,,2025-01-25,4,0,packaging,,0
R02189,H00877,B38,,2025-01-25,5,1,ingredients,,1
R02190,H01172,B08,,2025-01-25,2,0,jar size,texture,0
R02191,H01208,B47,,2025-01-25,2,0,,sweetness,0
R02192,H01222,B30,,2025-01-25,4,1,price,heat,1
R02193,H01328,B04,,2025-01-25,2,0,,portion size,0
R02194,H01357,B21,,2025-01-25,3,0,,taste,0
R02195,H01454,B42,,2025-01-25,4,1,packaging,,1
R02196,H01491,B37,,2025-01-25,1,0,,sweetness,0
R02197,H00721,B33,,2025-01-26,2,0,,aftertaste,0
R02198,H00735,B17,,2025-01-26,2,1,,refreshing,0
R02199,H00741,B37,,2025-01-26,2,0,,texture,0
R02200,H00919,B19,,2025-01-26,2,0,,jar size,0
R02201,H00232,B22,,2025-01-27,4,0,price,,1
R02202,H00284,B43,,2025-01-27,5,0,packaging,,0
R02203,H00331,B05,,2025-01-27,3,1,,seasoning,0
R02204,H00685,B44,,2025-01-27,1,0,,fizz,0
R02205,H00728,B28,,2025-01-27,2,1,,price,0
R02206,H00906,B46,,2025-01-27,4,1,sweetness,fizz,1
R02207,H00946,B36,,2025-01-27,2,0,,crunch,0
R02208,H01019,B16,,2025-01-27,5,1,price,,1
R02209,H01258,B15,,2025-01-27,2,0,,sweetness,0
R02210,H01336,B30,,2025-01-27,4,0,jar size,,1
R02211,H00208,B49,,2025-01-28,4,1,price,,0
R02212,H00636,B06,,2025-01-28,4,0,price,,1
R02213,H00930,B06,,2025-01-28,4,0,taste,,0
R02214,H01336,B25,,2025-01-28,3,1,packaging,,0
R02215,H01508,B38,,2025-01-28,4,0,ingredients,,1
R02216,H01550,B16,,2025-01-28,3,0,,fizz,0
R02217,H00103,B38,,2025-01-29,2,0,,packaging,0
R02218,H00241,B05,,2025-01-29,5,1,saltiness,portion size,1
R02219,H00411,B09,,2025-01-29,3,1,,sweetness,0
R02220,H00437,B15,,2025-01-29,5,1,fizz,,1
R02221,H00445,B41,,2025-01-29,4,0,crunch,,0
R02222,H00562,B34,,2025-01-29,4,1,packaging,,0
R02223,H00576,B10,,2025-01-29,4,1,price,,1
R02224,H00584,B30,,2025-01-29,3,0,jar size,,0
R02225,H00635,B30,,2025-01-29,5,1,heat,,1
R02226,H00642,B28,,2025-01-29,4,1,price,energy boost,0
R02227,H00815,B36,,2025-01-29,4,1,packaging,,0
R02228,H00841,B47,,2025-01-29,3,1,,packaging,0
R02229,H00332,B07,,2025-01-30,4,0,versatility,,0
R02230,H00630,B12,,2025-01-30,3,0,aftertaste,,1
R02231,H00727,B12,,2025-01-30,3,0,,refreshing,0
R02232,H00779,B39,,2025-01-30,5,1,flavour depth,,0
R02233,H00803,B21,,2025-01-30,4,1,price,,1
R02234,H00984,B01,,2025-01-30,4,1,portion size,,0
R02235,H01090,B44,,2025-01-30,3,0,fizz,,0
R02236,H01193,B42,,2025-01-30,4,1,packaging,,0
R02237,H01292,B42,,2025-01-30,2,0,,strength,0
R02238,H01324,B46,,2025-01-30,3,1,,packaging,0
R02239,H01440,B02,,2025-01-30,2,1,price,crunch,0
R02240,H01471,B07,,2025-01-30,5,1,heat,,0
R02241,H00022,B14,,2025-01-31,5,1,aftertaste,packaging,1
R02242,H00180,B05,,2025-01-31,2,0,,crunch,0
R02243,H00628,B42,,2025-01-31,4,1,taste,,1
R02244,H00729,B05,,2025-01-31,2,0,,price,1
R02245,H00908,B44,,2025-01-31,4,1,sweetness,,0
R02246,H00920,B33,,2025-01-31,4,0,sweetness,,1
R02247,H00976,B46,,2025-01-31,5,1,sweetness,,1
R02248,H01082,B02,,2025-01-31,5,1,price,packaging,1
R02249,H01107,B08,,2025-01-31,4,0,price,,1
R02250,H01404,B40,,2025-01-31,2,0,,fizz,0
R02251,H01448,B45,,2025-01-31,3,0,sweetness,,0
R02252,H01460,B24,,2025-01-31,5,1,taste,,1
R02253,H00042,B45,,2025-02-01,4,1,fizz,taste,1
R02254,H00221,B29,,2025-02-01,2,0,,ingredients,0
R02255,H00227,B06,,2025-02-01,5,1,sweetness,,1
R02256,H00245,B44,,2025-02-01,2,0,,price,0
R02257,H00383,B27,,2025-02-01,5,1,flavour depth,,1
R02258,H00419,B23,,2025-02-01,3,1,price,,0
R02259,H00592,B48,,2025-02-01,5,1,price,packaging,1
R02260,H00724,B21,,2025-02-01,5,1,fizz,taste,1
R02261,H00781,B46,,2025-02-01,5,1,sweetness,,1
R02262,H00853,B17,,2025-02-01,5,1,sweetness,,1
R02263,H00884,B26,,2025-02-01,4,0,saltiness,,1
R02264,H00928,B09,,2025-02-01,2,0,ingredients,texture,0
R02265,H01336,B43,,2025-02-01,2,0,,fizz,0
R02266,H01432,B21,,2025-02-01,4,1,taste,,0
R02267,H01496,B47,,2025-02-01,4,1,packaging,,1
R02268,H01565,B06,,2025-02-01,4,1,texture,price,1
R02269,H01580,B02,P021,2025-02-01,3,0,portion size,,0
R02270,H01586,B26,P021,2025-02-01,5,0,crunch,,0
R02271,H01588,B04,P021,2025-02-01,4,1,packaging,,0
R02272,H01590,B26,P021,2025-02-01,4,1,price,packaging,1
R02273,H01594,B03,P021,2025-02-01,5,1,portability,price,0
R02274,H00003,B22,,2025-02-02,3,0,,price,0
R02275,H00021,B23,,2025-02-02,4,1,price,sweetness,1
R02276,H00093,B45,,2025-02-02,4,1,taste,,0
R02277,H00186,B16,,2025-02-02,4,1,price,,0
R02278,H00263,B05,,2025-02-02,2,0,,crunch,0
R02279,H00278,B08,,2025-02-02,3,1,price,,0
R02280,H00297,B01,,2025-02-02,3,0,,price,0
R02281,H00419,B08,,2025-02-02,5,1,versatility,jar size,0
R02282,H00480,B10,,2025-02-02,2,0,taste,aroma,0
R02283,H00557,B29,,2025-02-02,3,0,,energy boost,0
R02284,H00599,B19,,2025-02-02,4,0,flavour depth,heat,0
R02285,H00864,B44,,2025-02-02,1,0,packaging,sweetness,0
R02286,H01035,B21,,2025-02-02,5,1,taste,,1
R02287,H01118,B34,,2025-02-02,3,1,taste,,0
R02288,H01232,B36,,2025-02-02,2,0,saltiness,packaging,0
R02289,H01594,B26,P021,2025-02-02,4,1,crunch,,1
R02290,H00044,B01,,2025-02-03,5,1,packaging,,1
R02291,H00099,B16,,2025-02-03,5,1,aftertaste,,1
R02292,H00131,B44,,2025-02-03,5,1,fizz,,1
R02293,H00191,B17,,2025-02-03,2,1,,fizz,0
R02294,H00201,B15,,2025-02-03,1,0,,fizz,0
R02295,H00316,B24,,2025-02-03,2,0,,price,0
R02296,H00557,B12,,2025-02-03,5,1,taste,,1
R02297,H00571,B06,,2025-02-03,4,1,taste,,1
R02298,H00609,B23,,2025-02-03,2,0,,sweetness,0
R02299,H00759,B46,,2025-02-03,3,0,fizz,,0
R02300,H00760,B11,,2025-02-03,3,0,,price,0
R02301,H00762,B39,,2025-02-03,5,1,jar size,,1
R02302,H00798,B10,,2025-02-03,4,1,taste,packaging,0
R02303,H00824,B38,,2025-02-03,2,0,,packaging,0
R02304,H01138,B04,,2025-02-03,4,1,crunch,price,0
R02305,H01350,B20,,2025-02-03,3,1,fizz,,0
R02306,H01440,B39,,2025-02-03,5,1,heat,,1
R02307,H01579,B34,,2025-02-03,5,1,strength,,1
R02308,H01582,B03,P021,2025-02-03,5,1,taste,,0
R02309,H01583,B04,P021,2025-02-03,3,0,portion size,,0
R02310,H01591,B26,P021,2025-02-03,3,1,,saltiness,0
R02311,H00286,B06,,2025-02-04,2,0,price,texture,0
R02312,H00376,B27,,2025-02-04,2,0,,flavour depth,0
R02313,H00380,B30,,2025-02-04,2,0,,flavour depth,0
R02314,H00504,B07,,2025-02-04,5,1,price,,0
R02315,H00563,B08,,2025-02-04,5,1,texture,,1
R02316,H00580,B23,,2025-02-04,2,0,,sweetness,1
R02317,H00620,B09,,2025-02-04,4,1,ingredients,texture,0
R02318,H00655,B16,,2025-02-04,4,0,fizz,,0
R02319,H00799,B21,,2025-02-04,2,0,,refreshing,0
R02320,H00935,B31,,2025-02-04,2,0,price,heat,0
R02321,H01071,B12,,2025-02-04,5,1,refreshing,,0
R02322,H01124,B49,,2025-02-04,4,0,price,,1
R02323,H01214,B09,,2025-02-04,3,1,packaging,,0
R02324,H01285,B20,,2025-02-04,4,1,aftertaste,,0
R02325,H01389,B35,,2025-02-04,4,1,texture,,0
R02326,H01543,B33,,2025-02-04,1,0,,price,0
R02327,H01586,B17,P021,2025-02-04,5,1,sweetness,,0
R02328,H01587,B04,P021,2025-02-04,4,0,portion size,,0
R02329,H01591,B17,P021,2025-02-04,1,0,,sweetness,1
R02330,H00078,B46,,2025-02-05,4,1,packaging,,0
R02331,H00187,B43,,2025-02-05,3,1,price,,0
R02332,H00358,B36,,2025-02-05,3,1,seasoning,,0
R02333,H00543,B21,,2025-02-05,5,1,taste,,0
R02334,H00555,B13,,2025-02-05,3,1,sweetness,,1
R02335,H00950,B04,,2025-02-05,3,1,price,,0
R02336,H01127,B06,,2025-02-05,2,0,,packaging,0
R02337,H01342,B15,,2025-02-05,3,0,,fizz,0
R02338,H01579,B02,P021,2025-02-05,5,1,packaging,,1
R02339,H00041,B21,,2025-02-06,3,0,,taste,0
R02340,H00057,B11,,2025-02-06,3,0,packaging,,1
R02341,H00152,B04,,2025-02-06,4,1,seasoning,,1
R02342,H00155,B22,,2025-02-06,1,0,,sweetness,0
R02343,H00721,B29,,2025-02-06,3,0,texture,,0
R02344,H00744,B19,,2025-02-06,2,0,,jar size,0
R02345,H00791,B21,,2025-02-06,3,1,aftertaste,,0
R02346,H01048,B38,,2025-02-06,5,1,taste,texture,1
R02347,H01072,B30,,2025-02-06,3,0,heat,,0
R02348,H01228,B24,,2025-02-06,4,1,packaging,,1
R02349,H01313,B40,,2025-02-06,5,1,aftertaste,,1
R02350,H01334,B43,,2025-02-06,5,1,sweetness,,1
R02351,H01473,B23,,2025-02-06,3,0,price,,0
R02352,H01589,B26,P021,2025-02-06,5,1,saltiness,,0
R02353,H01593,B17,P021,2025-02-06,4,1,refreshing,taste,0
R02354,H01594,B02,P021,2025-02-06,3,0,crunch,,0
R02355,H00169,B19,,2025-02-07,3,0,texture,,0
R02356,H00204,B38,,2025-02-07,4,1,price,,0
R02357,H00250,B32,,2025-02-07,2,0,,build quality,0
R02358,H00277,B43,,2025-02-07,5,1,aftertaste,refreshing,1
R02359,H00306,B28,,2025-02-07,2,1,,price,0
R02360,H00747,B03,,2025-02-07,2,0,,portability,0
R02361,H01118,B27,,2025-02-07,4,1,versatility,texture,0
R02362,H01578,B26,P021,2025-02-07,5,1,packaging,,1
R02363,H01586,B04,P021,2025-02-07,5,1,seasoning,saltiness,0
R02364,H01590,B02,P021,2025-02-07,4,1,portion size,,0
R02365,H01629,B20,,2025-02-07,2,0,,packaging,0
R02366,H00015,B23,,2025-02-08,3,0,sweetness,,1
R02367,H00066,B23,,2025-02-08,3,0,,packaging,0
R02368,H00079,B06,,2025-02-08,4,1,price,,0
R02369,H00142,B01,,2025-02-08,4,1,seasoning,,1
R02370,H00168,B49,,2025-02-08,1,0,,packaging,0
R02371,H00359,B08,,2025-02-08,5,1,jar size,,1
R02372,H00390,B04,,2025-02-08,4,1,seasoning,,1
R02373,H00752,B05,,2025-02-08,3,0,portion size,,0
R02374,H00933,B48,,2025-02-08,3,0,crunch,,0
R02375,H01017,B04,,2025-02-08,4,1,saltiness,,0
R02376,H01022,B19,,2025-02-08,3,0,,heat,0
R02377,H01083,B44,,2025-02-08,2,1,,sweetness,0
R02378,H01129,B34,,2025-02-08,3,0,,price,0
R02379,H01210,B13,,2025-02-08,5,1,sweetness,,1
R02380,H01367,B16,,2025-02-08,2,0,,fizz,1
R02381,H01577,B07,,2025-02-08,4,1,texture,,0
R02382,H01580,B04,P021,2025-02-08,3,0,,saltiness,0
R02383,H01583,B02,P021,2025-02-08,5,1,saltiness,,0
R02384,H01587,B26,P021,2025-02-08,5,1,packaging,,1
R02385,H01593,B02,P021,2025-02-08,3,1,,packaging,0
R02386,H01635,B26,P022,2025-02-08,4,1,saltiness,,1
R02387,H01638,B04,P022,2025-02-08,4,1,saltiness,,0
R02388,H01641,B17,P022,2025-02-08,5,1,aftertaste,,0
R02389,H00079,B21,,2025-02-09,2,0,,packaging,0
R02390,H00122,B14,,2025-02-09,2,0,,refreshing,0
R02391,H00141,B49,,2025-02-09,5,1,price,,1
R02392,H00158,B08,,2025-02-09,3,0,texture,,0
R02393,H00188,B43,,2025-02-09,3,1,aftertaste,,0
R02394,H00447,B46,,2025-02-09,4,1,packaging,,0
R02395,H00555,B39,,2025-02-09,5,1,price,,1
R02396,H00585,B43,,2025-02-09,3,0,,refreshing,0
R02397,H00772,B41,,2025-02-09,3,0,,portion size,0
R02398,H00792,B48,,2025-02-09,5,1,portion size,,1
R02399,H00831,B01,,2025-02-09,3,1,,price,0
R02400,H01186,B12,,2025-02-09,3,0,sweetness,,0
R02401,H01197,B24,,2025-02-09,5,1,ingredients,packaging,1
R02402,H01200,B15,,2025-02-09,3,0,,price,0
R02403,H01214,B46,,2025-02-09,4,0,fizz,aftertaste,1
R02404,H01243,B27,,2025-02-09,3,0,flavour depth,,0
R02405,H01352,B20,,2025-02-09,4,1,refreshing,,0
R02406,H01496,B14,,2025-02-09,3,1,,packaging,0
R02407,H01635,B02,P022,2025-02-09,4,1,crunch,,0
R02408,H00011,B14,,2025-02-10,2,0,,aftertaste,1
R02409,H00076,B01,,2025-02-10,3,1,portion size,,0
R02410,H00118,B45,,2025-02-10,1,0,,taste,0
R02411,H00153,B48,,2025-02-10,4,1,seasoning,,0
R02412,H00408,B18,,2025-02-10,4,1,refreshing,,1
R02413,H00879,B08,,2025-02-10,3,0,,flavour depth,1
R02414,H00935,B24,,2025-02-10,2,0,,aroma,0
R02415,H01188,B22,,2025-02-10,4,1,taste,texture,0
R02416,H01211,B23,,2025-02-10,1,0,sweetness,taste,0
R02417,H01330,B11,,2025-02-10,3,0,fizz,,1
R02418,H01636,B17,P022,2025-02-10,3,0,price,,0
R02419,H01637,B17,P022,2025-02-10,3,0,price,,0
R02420,H01639,B26,P022,2025-02-10,3,1,saltiness,,0
R02421,H01640,B26,P022,2025-02-10,5,1,seasoning,,1
R02422,H00227,B14,,2025-02-11,3,1,taste,,0
R02423,H00538,B34,,2025-02-11,2,0,,aroma,0
R02424,H00674,B39,,2025-02-11,4,1,heat,,1
R02425,H00706,B41,,2025-02-11,3,1,packaging,,0
R02426,H00801,B19,,2025-02-11,3,1,jar size,,0
R02427,H00997,B06,,2025-02-11,4,1,ingredients,,1
R02428,H01085,B02,,2025-02-11,3,0,seasoning,,0
R02429,H01183,B19,,2025-02-11,3,0,jar size,,0
R02430,H01408,B28,,2025-02-11,3,0,texture,,1
R02431,H01422,B21,,2025-02-11,5,1,price,,1
R02432,H01599,B09,,2025-02-11,4,1,sweetness,,0
R02433,H01614,B07,,2025-02-11,5,1,versatility,,1
R02434,H01637,B02,P022,2025-02-11,5,1,portion size,packaging,1
R02435,H01637,B26,P022,2025-02-11,4,1,price,,0
R02436,H01639,B03,P022,2025-02-11,3,0,energy boost,,0
R02437,H00044,B34,,2025-02-12,3,1,,taste,1
R02438,H00073,B39,,2025-02-12,5,1,flavour depth,,0
R02439,H00119,B08,,2025-02-12,5,1,heat,texture,1
R02440,H00182,B04,,2025-02-12,4,1,seasoning,,0
R02441,H00734,B09,,2025-02-12,3,1,texture,,0
R02442,H00942,B20,,2025-02-12,3,1,,refreshing,0
R02443,H00979,B20,,2025-02-12,2,0,packaging,sweetness,0
R02444,H01042,B19,,2025-02-12,5,1,texture,,1
R02445,H01118,B18,,2025-02-12,2,0,price,sweetness,0
R02446,H01167,B18,,2025-02-12,3,0,packaging,,1
R02447,H01216,B45,,2025-02-12,2,0,,refreshing,0
R02448,H01462,B38,,2025-02-12,2,1,price,sweetness,0
R02449,H01521,B38,,2025-02-12,3,1,,taste,0
R02450,H01541,B42,,2025-02-12,2,0,,taste,0
R02451,H00204,B03,,2025-02-13,3,0,,taste,0
R02452,H00960,B30,,2025-02-13,2,0,,jar size,0
R02453,H01011,B10,,2025-02-13,3,1,aroma,,0
R02454,H01152,B06,,2025-02-13,5,1,texture,,0
R02455,H01368,B17,,2025-02-13,5,1,fizz,,1
R02456,H01634,B17,P022,2025-02-13,3,0,,sweetness,0
R02457,H01641,B26,P022,2025-02-13,4,0,price,,0
R02458,H00021,B01,,2025-02-14,5,1,price,,1
R02459,H00179,B30,,2025-02-14,2,0,,flavour depth,1
R02460,H00222,B43,,2025-02-14,5,1,refreshing,,1
R02461,H00266,B20,,2025-02-14,4,1,price,,0
R02462,H00332,B14,,2025-02-14,4,1,taste,,0
R02463,H00395,B22,,2025-02-14,3,0,,texture,0
R02464,H00723,B38,,2025-02-14,3,1,ingredients,,0
R02465,H00813,B14,,2025-02-14,3,1,,taste,0
R02466,H00909,B11,,2025-02-14,5,1,aftertaste,,1
R02467,H01063,B25,,2025-02-14,2,0,packaging,seasoning,0
R02468,H01076,B03,,2025-02-14,3,1,,portability,0
R02469,H01231,B27,,2025-02-14,2,0,,flavour depth,0
R02470,H01237,B43,,2025-02-14,5,1,taste,,1
R02471,H01310,B15,,2025-02-14,4,1,aftertaste,,1
R02472,H01351,B34,,2025-02-14,3,0,packaging,,0
R02473,H01374,B02,,2025-02-14,1,0,,seasoning,0
R02474,H01498,B48,,2025-02-14,2,0,,seasoning,0
R02475,H01571,B12,,2025-02-14,4,0,price,,1
R02476,H01666,B21,,2025-02-14,5,1,fizz,,1
R02477,H00306,B13,,2025-02-15,3,0,,sweetness,0
R02478,H00369,B03,,2025-02-15,4,0,price,,1
R02479,H00379,B08,,2025-02-15,4,1,price,,0
R02480,H00487,B31,,2025-02-15,3,0,price,,0
R02481,H00869,B26,,2025-02-15,4,0,price,,0
R02482,H00888,B48,,2025-02-15,2,1,,packaging,0
R02483,H00953,B36,,2025-02-15,3,1,,crunch,1
R02484,H01081,B24,,2025-02-15,4,1,price,,0
R02485,H01249,B35,,2025-02-15,2,0,energy boost,texture,1
R02486,H01331,B43,,2025-02-15,5,1,sweetness,,1
R02487,H01499,B45,,2025-02-15,2,0,,sweetness,0
R02488,H01508,B26,,2025-02-15,5,1,saltiness,,1
R02489,H01629,B04,,2025-02-15,2,0,price,seasoning,0
R02490,H01636,B02,P022,2025-02-15,2,0,packaging,saltiness,0
R02491,H00090,B15,,2025-02-16,4,0,packaging,,1
R02492,H00130,B35,,2025-02-16,4,1,texture,,0
R02493,H00301,B27,,2025-02-16,5,1,heat,,1
R02494,H00363,B38,,2025-02-16,5,1,texture,,1
R02495,H00383,B25,,2025-02-16,2,0,,price,0
R02496,H00391,B25,,2025-02-16,2,1,,crunch,0
R02497,H00964,B46,,2025-02-16,5,1,taste,sweetness,1
R02498,H01154,B13,,2025-02-16,2,0,,fizz,0
R02499,H01330,B18,,2025-02-16,3,0,,price,0
R02500,H01452,B36,,2025-02-16,2,0,,portion size,1
R02501,H01538,B10,,2025-02-16,4,0,taste,,1
R02502,H01636,B25,,2025-02-16,2,0,packaging,saltiness,0
R02503,H00062,B15,,2025-02-17,3,0,,price,1
R02504,H00169,B33,,2025-02-17,4,0,taste,,0
R02505,H00429,B46,,2025-02-17,4,1,aftertaste,,0
R02506,H00548,B12,,2025-02-17,5,1,aftertaste,,1
R02507,H00738,B20,,2025-02-17,3,0,,sweetness,0
R02508,H00938,B30,,2025-02-17,4,0,texture,,1
R02509,H00944,B28,,2025-02-17,3,0,,texture,0
R02510,H01574,B15,,2025-02-17,2,0,,packaging,0
R02511,H01613,B12,,2025-02-17,2,0,,fizz,0
R02512,H01650,B49,,2025-02-17,3,0,,price,1
R02513,H01673,B44,,2025-02-17,3,1,,refreshing,0
R02514,H00003,B13,,2025-02-18,3,1,price,,0
R02515,H00010,B01,,2025-02-18,3,1,,saltiness,0
R02516,H00023,B37,,2025-02-18,2,0,texture,ingredients,0
R02517,H00031,B26,,2025-02-18,3,0,,saltiness,0
R02518,H00104,B46,,2025-02-18,4,1,fizz,,0
R02519,H00113,B47,,2025-02-18,4,1,taste,,1
R02520,H00180,B01,,2025-02-18,4,1,saltiness,,0
R02521,H00473,B13,,2025-02-18,4,1,fizz,,0
R02522,H00620,B45,,2025-02-18,2,0,,fizz,0
R02523,H00714,B34,,2025-02-18,4,1,taste,,0
R02524,H00779,B19,,2025-02-18,3,0,,price,0
R02525,H00850,B23,,2025-02-18,4,1,packaging,,1
R02526,H00856,B19,,2025-02-18,3,0,jar size,,0
R02527,H00863,B43,,2025-02-18,4,1,sweetness,,0
R02528,H01087,B04,,2025-02-18,1,0,price,saltiness,0
R02529,H01104,B20,,2025-02-18,3,1,,fizz,0
R02530,H01168,B31,,2025-02-18,3,1,,flavour depth,0
R02531,H01404,B46,,2025-02-18,3,1,,taste,0
R02532,H01420,B23,,2025-02-18,3,0,texture,,0
R02533,H01647,B29,,2025-02-18,3,0,portability,,0
R02534,H00406,B31,,2025-02-19,3,1,texture,,0
R02535,H00433,B06,,2025-02-19,2,0,,sweetness,0
R02536,H00466,B26,,2025-02-19,3,0,,saltiness,0
R02537,H00501,B06,,2025-02-19,4,1,taste,,1
R02538,H00612,B27,,2025-02-19,4,1,texture,price,0
R02539,H00656,B18,,2025-02-19,3,0,refreshing,,0
R02540,H00659,B25,,2025-02-19,2,1,,price,0
R02541,H00687,B38,,2025-02-19,5,1,price,,1
R02542,H00836,B43,,2025-02-19,2,1,,price,0
R02543,H01615,B05,,2025-02-19,2,0,,portion size,0
R02544,H00280,B34,,2025-02-20,5,1,taste,,1
R02545,H00660,B26,,2025-02-20,3,0,,packaging,0
R02546,H00881,B43,,2025-02-20,4,1,taste,,1
R02547,H00896,B06,,2025-02-20,4,0,texture,,0
R02548,H01091,B38,,2025-02-20,4,1,ingredients,,1
R02549,H01121,B11,,2025-02-20,2,0,taste,aftertaste,0
R02550,H01139,B19,,2025-02-20,2,0,jar size,versatility,0
R02551,H01200,B19,,2025-02-20,5,1,flavour depth,price,0
R02552,H01204,B31,,2025-02-20,1,0,,flavour depth,0
R02553,H01233,B18,,2025-02-20,3,1,packaging,,0
R02554,H01482,B22,,2025-02-20,4,1,packaging,,0
R02555,H01695,B17,,2025-02-20,1,0,,taste,0
R02556,H00134,B11,,2025-02-21,4,1,fizz,,0
R02557,H00147,B03,,2025-02-21,3,0,,portability,0
R02558,H00190,B38,,2025-02-21,4,1,sweetness,,0
R02559,H00490,B13,,2025-02-21,3,1,,taste,0
R02560,H00505,B12,,2025-02-21,4,1,packaging,,1
R02561,H00547,B40,,2025-02-21,2,0,,fizz,0
R02562,H00559,B02,,2025-02-21,3,0,,portion size,1
R02563,H00565,B47,,2025-02-21,3,0,taste,,0
R02564,H00638,B49,,2025-02-21,1,0,,texture,0
R02565,H00798,B39,,2025-02-21,3,0,,price,0
R02566,H00841,B44,,2025-02-21,2,0,,sweetness,0
R02567,H00958,B40,,2025-02-21,4,1,packaging,,1
R02568,H00989,B36,,2025-02-21,5,1,crunch,,0
R02569,H00195,B19,,2025-02-22,2,1,,jar size,0
R02570,H00220,B19,,2025-02-22,4,1,price,heat,0
R02571,H00324,B25,,2025-02-22,1,0,,seasoning,0
R02572,H00349,B44,,2025-02-22,3,0,,sweetness,0
R02573,H00388,B19,,2025-02-22,4,1,jar size,texture,0
R02574,H00460,B30,,2025-02-22,3,1,jar size,,0
R02575,H00465,B17,,2025-02-22,2,0,aftertaste,taste,0
R02576,H00484,B46,,2025-02-22,2,0,,refreshing,0
R02577,H00659,B42,,2025-02-22,3,0,strength,,0
R02578,H00665,B25,,2025-02-22,2,0,,portion size,0
R02579,H00737,B33,,2025-02-22,4,1,packaging,,1
R02580,H00875,B43,,2025-02-22,4,0,sweetness,,1
R02581,H00945,B21,,2025-02-22,3,0,taste,,0
R02582,H00957,B25,,2025-02-22,3,0,crunch,,1
R02583,H01016,B27,,2025-02-22,3,0,,heat,1
R02584,H01195,B38,,2025-02-22,4,1,taste,,0
R02585,H01219,B42,,2025-02-22,3,0,ingredients,,1
R02586,H01291,B19,,2025-02-22,2,0,,jar size,0
R02587,H01394,B05,,2025-02-22,4,1,seasoning,,1
R02588,H01481,B33,,2025-02-22,4,1,price,,1
R02589,H00002,B37,,2025-02-23,3,0,,texture,0
R02590,H00011,B02,,2025-02-23,5,1,portion size,,1
R02591,H00569,B46,,2025-02-23,4,1,aftertaste,,0
R02592,H00617,B10,,2025-02-23,3,1,,price,0
R02593,H01175,B45,,2025-02-23,2,1,refreshing,price,0
R02594,H01211,B43,,2025-02-23,3,0,,fizz,0
R02595,H01247,B11,,2025-02-23,3,0,taste,,1
R02596,H01314,B48,,2025-02-23,4,1,packaging,,0
R02597,H01341,B13,,2025-02-23,5,0,fizz,,0
R02598,H01389,B32,,2025-02-23,4,1,usefulness,,0
R02599,H01646,B20,,2025-02-23,3,0,fizz,,0
R02600,H00007,B19,,2025-02-24,5,1,texture,,1
R02601,H00106,B38,,2025-02-24,4,0,texture,sweetness,1
R02602,H00161,B34,,2025-02-24,2,0,,ingredients,0
R02603,H00263,B26,,2025-02-24,5,1,packaging,,1
R02604,H00271,B07,,2025-02-24,3,0,,price,0
R02605,H00292,B22,,2025-02-24,1,0,,texture,0
R02606,H00445,B28,,2025-02-24,5,1,energy boost,price,1
R02607,H00851,B49,,2025-02-24,4,1,texture,,1
R02608,H00977,B36,,2025-02-24,2,0,price,seasoning,0
R02609,H01034,B31,,2025-02-24,2,0,jar size,price,0
R02610,H01064,B17,,2025-02-24,1,0,,price,0
R02611,H01408,B48,,2025-02-24,2,1,saltiness,packaging,1
R02612,H01430,B47,,2025-02-24,4,1,ingredients,,1
R02613,H01435,B34,,2025-02-24,5,1,aroma,,1
R02614,H01600,B33,,2025-02-24,5,1,refreshing,,1
R02615,H00038,B26,,2025-02-25,4,1,packaging,,0
R02616,H00194,B13,,2025-02-25,5,1,sweetness,,1
R02617,H00292,B48,,2025-02-25,2,0,,packaging,0
R02618,H00560,B43,,2025-02-25,5,1,price,,1
R02619,H00663,B33,,2025-02-25,1,0,,packaging,0
R02620,H00883,B33,,2025-02-25,2,0,,aftertaste,0
R02621,H00942,B46,,2025-02-25,3,0,packaging,,0
R02622,H01192,B30,,2025-02-25,3,0,jar size,,0
R02623,H01277,B02,,2025-02-25,3,0,,crunch,0
R02624,H01346,B36,,2025-02-25,3,0,price,,0
R02625,H00316,B11,,2025-02-26,4,1,packaging,,0
R02626,H00394,B49,,2025-02-26,4,1,ingredients,,1
R02627,H00498,B19,,2025-02-26,4,0,heat,versatility,0
R02628,H00732,B46,,2025-02-26,2,0,,aftertaste,0
R02629,H01055,B26,,2025-02-26,5,1,saltiness,,0
R02630,H01441,B38,,2025-02-26,2,0,,sweetness,0
R02631,H01442,B35,,2025-02-26,2,0,,texture,0
R02632,H01704,B47,,2025-02-26,3,0,,sweetness,0
R02633,H00041,B49,,2025-02-27,5,1,taste,,1
R02634,H00675,B14,,2025-02-27,4,1,price,,1
R02635,H00916,B01,,2025-02-27,4,1,packaging,,1
R02636,H01007,B26,,2025-02-27,4,1,packaging,,1
R02637,H01098,B43,,2025-02-27,5,1,packaging,,1
R02638,H01167,B38,,2025-02-27,2,0,sweetness,packaging,0
R02639,H01266,B25,,2025-02-27,5,1,saltiness,,1
R02640,H01277,B03,,2025-02-27,4,0,ingredients,,0
R02641,H01290,B29,,2025-02-27,2,1,,taste,0
R02642,H01418,B36,,2025-02-27,4,0,packaging,,0
R02643,H01429,B11,,2025-02-27,4,1,sweetness,,0
R02644,H00221,B44,,2025-02-28,5,1,packaging,,1
R02645,H00258,B23,,2025-02-28,4,0,ingredients,,1
R02646,H00308,B13,,2025-02-28,4,1,fizz,,0
R02647,H00310,B27,,2025-02-28,5,1,price,,0
R02648,H00520,B13,,2025-02-28,4,1,sweetness,,1
R02649,H01092,B16,,2025-02-28,2,0,packaging,sweetness,1
R02650,H01157,B01,,2025-02-28,3,1,,packaging,0
R02651,H01556,B34,,2025-02-28,5,1,price,,1
R02652,H00118,B07,,2025-03-01,3,0,,heat,1
R02653,H00136,B24,,2025-03-01,3,0,,price,0
R02654,H00192,B49,,2025-03-01,4,1,packaging,,0
R02655,H00229,B12,,2025-03-01,2,0,,sweetness,0
R02656,H00269,B21,,2025-03-01,4,1,sweetness,,1
R02657,H00401,B01,,2025-03-01,4,1,saltiness,,0
R02658,H00477,B13,,2025-03-01,4,1,price,,0
R02659,H00873,B38,,2025-03-01,3,1,sweetness,,0
R02660,H00893,B25,,2025-03-01,5,1,crunch,portion size,0
R02661,H01032,B16,,2025-03-01,4,0,price,fizz,1
R02662,H01490,B41,,2025-03-01,4,1,crunch,,1
R02663,H01542,B13,,2025-03-01,3,0,taste,,0
R02664,H01624,B07,,2025-03-01,2,0,,flavour depth,0
R02665,H01721,B40,,2025-03-01,3,1,refreshing,,0
R02666,H01739,B19,P023,2025-03-01,3,1,,versatility,0
R02667,H01750,B19,P023,2025-03-01,5,1,heat,,0
R02668,H00176,B24,,2025-03-02,4,1,packaging,,1
R02669,H00241,B43,,2025-03-02,5,1,price,,0
R02670,H00246,B19,,2025-03-02,2,0,,jar size,0
R02671,H00372,B33,,2025-03-02,3,0,fizz,,0
R02672,H00527,B25,,2025-03-02,2,0,,price,0
R02673,H00562,B15,,2025-03-02,2,0,,sweetness,0
R02674,H00589,B08,,2025-03-02,5,0,heat,,1
R02675,H01183,B25,,2025-03-02,2,1,,price,0
R02676,H01235,B22,,2025-03-02,4,1,sweetness,,1
R02677,H01571,B08,,2025-03-02,5,1,flavour depth,,1
R02678,H01625,B04,,2025-03-02,2,0,portion size,price,0
R02679,H01628,B14,,2025-03-02,3,1,,refreshing,1
R02680,H01690,B41,,2025-03-02,2,0,portion size,seasoning,0
R02681,H01714,B49,,2025-03-02,3,1,price,,0
R02682,H00056,B12,,2025-03-03,3,0,,price,0
R02683,H00061,B43,,2025-03-03,5,1,sweetness,,1
R02684,H00106,B03,,2025-03-03,3,1,,price,1
R02685,H00283,B28,,2025-03-03,4,1,price,,1
R02686,H00301,B41,,2025-03-03,4,1,saltiness,,1
R02687,H00395,B16,,2025-03-03,4,1,price,,1
R02688,H00447,B12,,2025-03-03,3,1,,price,1
R02689,H00477,B19,,2025-03-03,5,1,jar size,,0
R02690,H00505,B32,,2025-03-03,2,0,size,usefulness,0
R02691,H00517,B08,,2025-03-03,5,1,heat,,1
R02692,H00826,B27,,2025-03-03,5,1,price,,1
R02693,H00902,B42,,2025-03-03,5,1,strength,,1
R02694,H01002,B29,,2025-03-03,5,1,ingredients,,1
R02695,H01085,B28,,2025-03-03,3,0,,texture,0
R02696,H01097,B13,,2025-03-03,5,1,sweetness,fizz,1
R02697,H01171,B14,,2025-03-03,5,0,packaging,,0
R02698,H01247,B06,,2025-03-03,5,1,taste,packaging,1
R02699,H01426,B48,,2025-03-03,3,0,price,,0
R02700,H01590,B46,,2025-03-03,3,1,packaging,,0
R02701,H01725,B28,,2025-03-03,2,0,,portability,0
R02702,H01734,B14,,2025-03-03,3,1,packaging,,0
R02703,H01738,B06,P023,2025-03-03,5,1,ingredients,,0
R02704,H01739,B06,P023,2025-03-03,4,1,price,,1
R02705,H01747,B15,P023,2025-03-03,2,0,,packaging,0
R02706,H00124,B41,,2025-03-04,4,0,saltiness,,0
R02707,H00305,B48,,2025-03-04,3,0,,packaging,1
R02708,H00375,B12,,2025-03-04,2,1,price,taste,1
R02709,H00432,B37,,2025-03-04,3,0,,price,0
R02710,H00733,B31,,2025-03-04,4,1,heat,price,1
R02711,H00832,B27,,2025-03-04,4,1,flavour depth,,0
R02712,H00920,B02,,2025-03-04,5,1,portion size,,1
R02713,H01034,B39,,2025-03-04,4,1,jar size,,0
R02714,H01187,B45,,2025-03-04,5,1,refreshing,,1
R02715,H01243,B20,,2025-03-04,3,0,sweetness,,0
R02716,H01691,B17,,2025-03-04,3,1,,fizz,0
R02717,H01741,B06,P023,2025-03-04,2,0,price,sweetness,0
R02718,H01748,B06,P023,2025-03-04,5,1,sweetness,,0
R02719,H00032,B26,,2025-03-05,3,0,,packaging,1
R02720,H00157,B48,,2025-03-05,2,0,packaging,portion size,0
R02721,H00336,B22,,2025-03-05,3,1,,taste,0
R02722,H00528,B13,,2025-03-05,4,1,aftertaste,,0
R02723,H00593,B46,,2025-03-05,4,0,refreshing,,1
R02724,H00638,B01,,2025-03-05,5,1,seasoning,,0
R02725,H00667,B45,,2025-03-05,2,0,taste,price,0
R02726,H00694,B41,,2025-03-05,4,0,portion size,,1
R02727,H00763,B42,,2025-03-05,3,1,,ingredients,0
R02728,H00913,B41,,2025-03-05,3,0,,saltiness,0
R02729,H01135,B43,,2025-03-05,5,1,refreshing,,0
R02730,H01351,B43,,2025-03-05,3,0,packaging,,0
R02731,H01738,B14,,2025-03-05,5,1,packaging,,1
R02732,H01740,B06,P023,2025-03-05,5,1,sweetness,,0
R02733,H01744,B19,P023,2025-03-05,2,0,,price,0
R02734,H01746,B47,P023,2025-03-05,4,1,ingredients,,1
R02735,H01748,B15,P023,2025-03-05,5,1,refreshing,,0
R02736,H01749,B47,P023,2025-03-05,4,1,texture,packaging,0
R02737,H00318,B13,,2025-03-06,3,1,,fizz,0
R02738,H00358,B41,,2025-03-06,5,1,packaging,,1
R02739,H00440,B10,,2025-03-06,4,1,aroma,,0
R02740,H00616,B41,,2025-03-06,3,0,crunch,,0
R02741,H00617,B19,,2025-03-06,3,1,,heat,0
R02742,H00707,B46,,2025-03-06,4,0,aftertaste,packaging,1
R02743,H00783,B46,,2025-03-06,3,0,,price,0
R02744,H00800,B16,,2025-03-06,2,0,sweetness,price,1
R02745,H00846,B31,,2025-03-06,4,0,versatility,,1
R02746,H00881,B23,,2025-03-06,3,1,,sweetness,0
R02747,H01045,B17,,2025-03-06,2,0,,refreshing,0
R02748,H01387,B16,,2025-03-06,4,1,fizz,,0
R02749,H01559,B29,,2025-03-06,3,0,portability,,0
R02750,H01704,B26,,2025-03-06,4,0,seasoning,,1
R02751,H01746,B04,P023,2025-03-06,4,0,seasoning,,0
R02752,H00149,B33,,2025-03-07,3,1,aftertaste,,1
R02753,H00181,B27,,2025-03-07,3,1,,jar size,1
R02754,H00253,B43,,2025-03-07,3,0,,fizz,0
R02755,H00777,B04,,2025-03-07,5,1,portion size,,1
R02756,H00807,B21,,2025-03-07,5,1,taste,,0
R02757,H00851,B19,,2025-03-07,3,0,versatility,,0
R02758,H00889,B08,,2025-03-07,3,1,flavour depth,,0
R02759,H00910,B32,,2025-03-07,3,0,,usefulness,0
R02760,H01054,B26,,2025-03-07,3,1,,portion size,0
R02761,H01204,B33,,2025-03-07,3,1,price,,1
R02762,H01272,B25,,2025-03-07,3,1,packaging,,0
R02763,H01386,B08,,2025-03-07,4,0,heat,versatility,1
R02764,H01424,B35,,2025-03-07,4,1,texture,,1
R02765,H01656,B29,,2025-03-07,5,1,portability,,1
R02766,H01722,B15,,2025-03-07,4,1,packaging,,1
R02767,H01733,B31,,2025-03-07,3,0,price,,0
R02768,H01748,B04,P023,2025-03-07,4,1,saltiness,,0
R02769,H00075,B03,,2025-03-08,3,0,,taste,0
R02770,H00107,B35,,2025-03-08,1,0,,energy boost,0
R02771,H00136,B06,,2025-03-08,3,1,texture,,0
R02772,H00186,B42,,2025-03-08,2,0,,packaging,0
R02773,H00213,B06,,2025-03-08,4,1,ingredients,sweetness,0
R02774,H00215,B29,,2025-03-08,5,1,ingredients,,1
R02775,H00260,B15,,2025-03-08,3,0,,fizz,1
R02776,H00410,B26,,2025-03-08,3,0,,seasoning,1
R02777,H00766,B18,,2025-03-08,3,0,,sweetness,0
R02778,H00873,B14,,2025-03-08,5,1,fizz,taste,0
R02779,H01105,B28,,2025-03-08,4,1,portability,,0
R02780,H01159,B40,,2025-03-08,3,0,,taste,0
R02781,H01345,B46,,2025-03-08,5,1,refreshing,,1
R02782,H01738,B21,,2025-03-08,4,1,packaging,,1
R02783,H01748,B47,P023,2025-03-08,4,1,price,ingredients,0
R02784,H00023,B12,,2025-03-09,2,0,,aftertaste,0
R02785,H00297,B47,,2025-03-09,5,1,sweetness,ingredients,1
R02786,H00329,B16,,2025-03-09,5,1,aftertaste,,0
R02787,H00400,B06,,2025-03-09,4,1,ingredients,,0
R02788,H00721,B08,,2025-03-09,4,1,heat,,0
R02789,H00843,B19,,2025-03-09,2,0,flavour depth,versatility,0
R02790,H01132,B44,,2025-03-09,3,0,sweetness,,0
R02791,H01576,B23,,2025-03-09,2,0,,price,0
R02792,H01651,B18,,2025-03-09,5,1,fizz,,1
R02793,H01677,B13,,2025-03-09,4,0,packaging,,1
R02794,H01748,B46,,2025-03-09,5,1,fizz,,1
R02795,H01778,B25,,2025-03-09,3,1,,seasoning,1
R02796,H01799,B26,P024,2025-03-09,5,1,crunch,packaging,1
R02797,H01803,B04,P024,2025-03-09,2,0,,price,0
R02798,H00038,B25,,2025-03-10,3,0,,price,0
R02799,H00133,B34,,2025-03-10,4,1,taste,,1
R02800,H00384,B14,,2025-03-10,3,0,taste,,0
R02801,H00416,B02,,2025-03-10,4,1,crunch,,1
R02802,H00423,B24,,2025-03-10,4,1,aroma,,0
R02803,H00467,B16,,2025-03-10,4,1,refreshing,,0
R02804,H00527,B47,,2025-03-10,3,1,,texture,0
R02805,H00608,B35,,2025-03-10,3,1,price,,0
R02806,H00701,B21,,2025-03-10,5,1,sweetness,,1
R02807,H00745,B06,,2025-03-10,1,0,texture,ingredients,0
R02808,H00874,B34,,2025-03-10,4,1,ingredients,,0
R02809,H00906,B30,,2025-03-10,4,1,texture,price,1
R02810,H00955,B01,,2025-03-10,3,0,saltiness,,0
R02811,H01068,B34,,2025-03-10,4,1,aroma,,0
R02812,H01100,B30,,2025-03-10,2,1,,heat,0
R02813,H01112,B11,,2025-03-10,3,0,,fizz,0
R02814,H01395,B11,,2025-03-10,2,0,,sweetness,0
R02815,H01469,B03,,2025-03-10,3,1,taste,,0
R02816,H01530,B07,,2025-03-10,3,1,versatility,,0
R02817,H01556,B31,,2025-03-10,3,1,jar size,,0
R02818,H01563,B17,,2025-03-10,3,0,,refreshing,1
R02819,H01702,B25,,2025-03-10,2,0,saltiness,packaging,0
R02820,H01796,B17,P024,2025-03-10,3,0,,price,0
R02821,H01798,B02,P024,2025-03-10,4,1,packaging,,0
R02822,H00353,B11,,2025-03-11,5,1,sweetness,,1
R02823,H00410,B36,,2025-03-11,3,0,price,,0
R02824,H00486,B24,,2025-03-11,2,0,,packaging,0
R02825,H00676,B22,,2025-03-11,3,1,ingredients,,0
R02826,H00774,B33,,2025-03-11,2,0,taste,price,0
R02827,H00809,B30,,2025-03-11,2,0,,price,0
R02828,H00817,B15,,2025-03-11,4,0,refreshing,packaging,0
R02829,H00895,B27,,2025-03-11,4,0,texture,price,0
R02830,H01414,B36,,2025-03-11,5,1,portion size,crunch,1
R02831,H01480,B47,,2025-03-11,3,0,,price,0
R02832,H01491,B21,,2025-03-11,3,0,sweetness,,0
R02833,H01588,B24,,2025-03-11,5,1,packaging,aroma,1
R02834,H01634,B27,,2025-03-11,5,1,jar size,,1
R02835,H01712,B36,,2025-03-11,3,0,portion size,,1
R02836,H01794,B17,P024,2025-03-11,5,1,refreshing,,0
R02837,H01795,B04,P024,2025-03-11,5,1,crunch,,0
R02838,H01801,B17,P024,2025-03-11,3,0,,fizz,1
R02839,H01802,B26,P024,2025-03-11,3,0,,saltiness,0
R02840,H00064,B16,,2025-03-12,3,1,,sweetness,1
R02841,H00157,B18,,2025-03-12,5,1,sweetness,price,1
R02842,H00247,B40,,2025-03-12,2,0,,packaging,0
R02843,H00424,B18,,2025-03-12,4,0,refreshing,price,0
R02844,H00659,B02,,2025-03-12,2,0,,price,0
R02845,H00692,B47,,2025-03-12,4,1,packaging,,0
R02846,H00702,B15,,2025-03-12,5,1,taste,,1
R02847,H00922,B13,,2025-03-12,2,0,,fizz,0
R02848,H00999,B01,,2025-03-12,5,1,price,,0
R02849,H01136,B48,,2025-03-12,4,1,saltiness,,0
R02850,H01562,B20,,2025-03-12,3,1,taste,,0
R02851,H01610,B10,,2025-03-12,4,1,price,,1
R02852,H01654,B14,,2025-03-12,4,1,price,,0
R02853,H01692,B49,,2025-03-12,3,1,,texture,0
R02854,H01803,B02,P024,2025-03-12,4,1,portion size,,0
R02855,H00132,B19,,2025-03-13,4,1,heat,versatility,0
R02856,H00503,B03,,2025-03-13,3,1,energy boost,,1
R02857,H00608,B02,,2025-03-13,3,1,portion size,,0
R02858,H00748,B17,,2025-03-13,1,0,,fizz,0
R02859,H00868,B30,,2025-03-13,2,0,,versatility,0
R02860,H00897,B47,,2025-03-13,3,0,taste,,0
R02861,H00980,B49,,2025-03-13,2,0,,ingredients,0
R02862,H01095,B30,,2025-03-13,1,0,,price,0
R02863,H01424,B02,,2025-03-13,5,1,price,,1
R02864,H01541,B02,,2025-03-13,2,0,,crunch,0
R02865,H01794,B26,P024,2025-03-13,5,1,crunch,portion size,0
R02866,H01796,B03,P024,2025-03-13,4,1,energy boost,,0
R02867,H01803,B26,P024,2025-03-13,5,1,price,,0
R02868,H00225,B38,,2025-03-14,3,1,sweetness,,0
R02869,H00253,B24,,2025-03-14,3,0,,strength,0
R02870,H00336,B03,,2025-03-14,4,0,ingredients,,0
R02871,H00402,B07,,2025-03-14,4,1,flavour depth,heat,1
R02872,H00654,B21,,2025-03-14,3,0,,price,0
R02873,H00792,B06,,2025-03-14,2,1,,ingredients,0
R02874,H00887,B17,,2025-03-14,2,0,,packaging,0
R02875,H00987,B23,,2025-03-14,2,0,,ingredients,0
R02876,H01073,B16,,2025-03-14,4,1,packaging,,1
R02877,H01254,B21,,2025-03-14,4,1,aftertaste,,0
R02878,H01644,B44,,2025-03-14,4,1,sweetness,taste,1
R02879,H01663,B18,,2025-03-14,2,0,,taste,0
R02880,H01666,B24,,2025-03-14,2,0,,price,0
R02881,H01746,B43,,2025-03-14,5,1,taste,,0
R02882,H01799,B04,P024,2025-03-14,3,1,price,,1
R02883,H01802,B02,P024,2025-03-14,4,0,seasoning,,0
R02884,H00001,B17,,2025-03-15,5,1,sweetness,,1
R02885,H00046,B18,,2025-03-15,3,1,packaging,,0
R02886,H00146,B34,,2025-03-15,5,1,aroma,,1
R02887,H00628,B20,,2025-03-15,4,1,refreshing,,0
R02888,H00748,B04,,2025-03-15,3,0,packaging,,0
R02889,H00840,B29,,2025-03-15,3,0,energy boost,,0
R02890,H00939,B48,,2025-03-15,4,1,price,,0
R02891,H01010,B49,,2025-03-15,4,1,ingredients,price,0
R02892,H01011,B26,,2025-03-15,3,1,,price,0
R02893,H01016,B48,,2025-03-15,3,1,,packaging,0
R02894,H01020,B07,,2025-03-15,4,1,price,,0
R02895,H01022,B10,,2025-03-15,4,1,price,,1
R02896,H01129,B39,,2025-03-15,5,1,jar size,,1
R02897,H01236,B39,,2025-03-15,4,1,texture,,1
R02898,H01279,B20,,2025-03-15,4,1,price,packaging,1
R02899,H01288,B44,,2025-03-15,5,1,aftertaste,taste,1
R02900,H01398,B16,,2025-03-15,3,0,price,,1
R02901,H01670,B21,,2025-03-15,3,1,packaging,,0
R02902,H01795,B17,P024,2025-03-15,3,0,packaging,,0
R02903,H00120,B25,,2025-03-16,4,0,saltiness,,1
R02904,H00263,B45,,2025-03-16,5,1,refreshing,,1
R02905,H00456,B13,,2025-03-16,1,0,,sweetness,0
R02906,H00517,B13,,2025-03-16,5,1,taste,,0
R02907,H00711,B02,,2025-03-16,5,1,seasoning,price,1
R02908,H00730,B43,,2025-03-16,4,0,sweetness,,0
R02909,H00829,B19,,2025-03-16,5,1,versatility,,1
R02910,H00872,B16,,2025-03-16,3,1,,packaging,0
R02911,H01042,B46,,2025-03-16,3,1,price,,0
R02912,H01137,B40,,2025-03-16,3,1,,price,0
R02913,H01497,B40,,2025-03-16,3,1,,packaging,0
R02914,H01531,B21,,2025-03-16,5,1,aftertaste,,1
R02915,H01725,B06,,2025-03-16,4,0,ingredients,,0
R02916,H01795,B26,P024,2025-03-16,5,1,crunch,,1
R02917,H01801,B04,P024,2025-03-16,4,0,seasoning,portion size,0
R02918,H01802,B03,P024,2025-03-16,3,1,,price,0
R02919,H00290,B21,,2025-03-17,5,1,price,,1
R02920,H00364,B35,,2025-03-17,3,1,texture,,0
R02921,H00481,B46,,2025-03-17,4,1,refreshing,,1
R02922,H00620,B41,,2025-03-17,2,0,,price,0
R02923,H00654,B28,,2025-03-17,3,1,,ingredients,0
R02924,H00753,B41,,2025-03-17,3,1,,seasoning,0
R02925,H00849,B39,,2025-03-17,5,1,jar size,,1
R02926,H01025,B13,,2025-03-17,4,1,refreshing,,0
R02927,H01206,B36,,2025-03-17,2,0,,seasoning,0
R02928,H01222,B27,,2025-03-17,4,1,heat,,0
R02929,H01239,B22,,2025-03-17,3,1,,taste,0
R02930,H01558,B20,,2025-03-17,2,0,,packaging,0
R02931,H01653,B05,,2025-03-17,4,0,packaging,,1
R02932,H01780,B43,,2025-03-17,4,1,sweetness,,0
R02933,H01782,B44,,2025-03-17,5,1,aftertaste,,1
R02934,H00007,B06,,2025-03-18,4,0,sweetness,,0
R02935,H00158,B19,,2025-03-18,2,0,,versatility,0
R02936,H00205,B01,,2025-03-18,5,1,price,,1
R02937,H00273,B26,,2025-03-18,2,0,,price,0
R02938,H00308,B31,,2025-03-18,4,0,jar size,,1
R02939,H00408,B43,,2025-03-18,4,1,price,,0
R02940,H00423,B27,,2025-03-18,4,0,texture,,1
R02941,H00569,B38,,2025-03-18,5,1,ingredients,,1
R02942,H00768,B34,,2025-03-18,5,1,taste,,1
R02943,H00946,B48,,2025-03-18,1,0,price,portion size,0
R02944,H00982,B10,,2025-03-18,3,0,strength,,0
R02945,H01034,B26,,2025-03-18,4,0,crunch,,1
R02946,H01272,B10,,2025-03-18,4,1,aroma,,0
R02947,H01704,B40,,2025-03-18,4,1,price,,1
R02948,H00252,B46,,2025-03-19,4,1,price,,0
R02949,H00347,B18,,2025-03-19,5,1,sweetness,,0
R02950,H00391,B43,,2025-03-19,3,0,refreshing,,0
R02951,H00436,B29,,2025-03-19,5,1,price,taste,1
R02952,H00630,B46,,2025-03-19,5,1,price,sweetness,1
R02953,H00946,B20,,2025-03-19,2,0,,sweetness,0
R02954,H01316,B18,,2025-03-19,5,1,fizz,,1
R02955,H01317,B32,,2025-03-19,2,0,,build quality,0
R02956,H01432,B33,,2025-03-19,5,1,taste,,1
R02957,H00072,B32,,2025-03-20,5,1,design,,0
R02958,H00336,B11,,2025-03-20,4,0,fizz,,0
R02959,H00415,B18,,2025-03-20,2,0,,sweetness,0
R02960,H00507,B22,,2025-03-20,3,0,,taste,1
R02961,H00671,B36,,2025-03-20,3,1,,packaging,0
R02962,H00710,B49,,2025-03-20,3,1,,texture,0
R02963,H01028,B02,,2025-03-20,4,1,seasoning,,0
R02964,H01095,B17,,2025-03-20,4,0,packaging,,1
R02965,H01291,B47,,2025-03-20,2,0,,ingredients,0
R02966,H01407,B29,,2025-03-20,4,1,ingredients,,1
R02967,H01472,B13,,2025-03-20,5,1,sweetness,taste,1
R02968,H01611,B46,,2025-03-20,3,0,,fizz,0
R02969,H01634,B32,,2025-03-20,5,1,design,price,0
R02970,H01670,B45,,2025-03-20,3,1,,sweetness,0
R02971,H00159,B15,,2025-03-21,3,0,,taste,1
R02972,H00249,B13,,2025-03-21,3,1,,price,1
R02973,H00457,B01,,2025-03-21,3,0,crunch,,0
R02974,H00512,B41,,2025-03-21,2,1,,packaging,0
R02975,H00689,B13,,2025-03-21,3,0,sweetness,,0
R02976,H00722,B21,,2025-03-21,3,1,,sweetness,0
R02977,H01151,B48,,2025-03-21,4,1,portion size,,1
R02978,H01164,B04,,2025-03-21,4,1,saltiness,,0
R02979,H01464,B35,,2025-03-21,5,1,energy boost,ingredients,1
R02980,H01527,B28,,2025-03-21,2,0,,portability,0
R02981,H01777,B16,,2025-03-21,2,0,,fizz,0
R02982,H01803,B27,,2025-03-21,5,1,heat,flavour depth,1
R02983,H01823,B39,,2025-03-21,3,1,,texture,0
R02984,H00451,B28,,2025-03-22,4,1,energy boost,,0
R02985,H00651,B48,,2025-03-22,4,1,packaging,,1
R02986,H00701,B42,,2025-03-22,2,0,,price,1
R02987,H01042,B47,,2025-03-22,5,0,sweetness,,1
R02988,H01063,B06,,2025-03-22,4,1,ingredients,,0
R02989,H01230,B04,,2025-03-22,3,1,,packaging,0
R02990,H01231,B14,,2025-03-22,3,0,aftertaste,,0
R02991,H01243,B16,,2025-03-22,3,0,,packaging,0
R02992,H01456,B20,,2025-03-22,1,0,,refreshing,0
R02993,H01492,B01,,2025-03-22,3,1,,packaging,0
R02994,H01650,B17,,2025-03-22,4,0,refreshing,,0
R02995,H01685,B41,,2025-03-22,2,0,,packaging,0
R02996,H01789,B33,,2025-03-22,3,0,sweetness,,0
R02997,H01857,B19,,2025-03-22,4,1,flavour depth,,0
R02998,H01865,B01,,2025-03-22,4,0,portion size,,0
R02999,H00066,B07,,2025-03-23,2,0,price,texture,0
R03000,H00071,B38,,2025-03-23,3,0,ingredients,,0
R03001,H00118,B27,,2025-03-23,5,1,heat,,1
R03002,H00138,B24,,2025-03-23,4,1,taste,,1
R03003,H00291,B32,,2025-03-23,5,1,usefulness,,1
R03004,H01004,B22,,2025-03-23,3,1,,texture,0
R03005,H01183,B32,,2025-03-23,4,0,usefulness,,1
R03006,H01193,B13,,2025-03-23,2,0,,sweetness,0
R03007,H01305,B46,,2025-03-23,2,0,,fizz,0
R03008,H01351,B13,,2025-03-23,4,1,refreshing,,1
R03009,H01421,B15,,2025-03-23,2,0,sweetness,fizz,0
R03010,H01610,B06,,2025-03-23,5,1,packaging,,0
R03011,H01754,B46,,2025-03-23,2,0,,fizz,0
R03012,H01835,B48,,2025-03-23,4,1,seasoning,,0
R03013,H00332,B13,,2025-03-24,2,0,,aftertaste,0
R03014,H00388,B48,,2025-03-24,2,0,,packaging,0
R03015,H00454,B20,,2025-03-24,3,1,,packaging,0
R03016,H00581,B35,,2025-03-24,4,1,portability,,1
R03017,H00745,B24,,2025-03-24,5,1,ingredients,,0
R03018,H00838,B01,,2025-03-24,5,1,portion size,,0
R03019,H00849,B14,,2025-03-24,5,1,price,taste,1
R03020,H00930,B31,,2025-03-24,4,0,versatility,,1
R03021,H00952,B42,,2025-03-24,3,0,,strength,0
R03022,H01131,B16,,2025-03-24,5,1,sweetness,,0
R03023,H01425,B47,,2025-03-24,4,1,texture,,1
R03024,H01520,B26,,2025-03-24,3,0,seasoning,,0
R03025,H01688,B34,,2025-03-24,3,1,,ingredients,0
R03026,H00086,B31,,2025-03-25,4,1,flavour depth,versatility,1
R03027,H00385,B02,,2025-03-25,2,0,,seasoning,0
R03028,H00825,B07,,2025-03-25,4,1,versatility,,1
R03029,H00857,B11,,2025-03-25,5,1,taste,,1
R03030,H00991,B46,,2025-03-25,4,1,refreshing,aftertaste,0
R03031,H01013,B07,,2025-03-25,4,0,flavour depth,,1
R03032,H01276,B33,,2025-03-25,2,0,sweetness,price,0
R03033,H01325,B28,,2025-03-25,2,1,energy boost,taste,0
R03034,H01349,B17,,2025-03-25,2,0,sweetness,price,0
R03035,H01405,B06,,2025-03-25,5,1,packaging,price,1
R03036,H01454,B25,,2025-03-25,2,0,,portion size,0
R03037,H01578,B33,,2025-03-25,2,0,,refreshing,0
R03038,H01694,B27,,2025-03-25,3,1,,jar size,0
R03039,H00055,B09,,2025-03-26,4,0,texture,ingredients,1
R03040,H00056,B21,,2025-03-26,4,1,packaging,,0
R03041,H00222,B18,,2025-03-26,5,1,price,,1
R03042,H00397,B43,,2025-03-26,3,0,sweetness,,0
R03043,H00425,B36,,2025-03-26,3,0,saltiness,,0
R03044,H00737,B48,,2025-03-26,4,1,saltiness,,1
R03045,H00800,B02,,2025-03-26,5,1,packaging,,1
R03046,H00870,B23,,2025-03-26,1,0,,ingredients,0
R03047,H00874,B19,,2025-03-26,3,0,heat,,0
R03048,H01093,B29,,2025-03-26,3,1,,portability,0
R03049,H01174,B20,,2025-03-26,4,1,fizz,,1
R03050,H01254,B47,,2025-03-26,2,1,price,ingredients,0
R03051,H01571,B48,,2025-03-26,2,0,,seasoning,0
R03052,H01743,B11,,2025-03-26,3,0,aftertaste,,1
R03053,H01815,B33,,2025-03-26,4,0,refreshing,,1
R03054,H00038,B04,,2025-03-27,2,0,,saltiness,0
R03055,H00075,B22,,2025-03-27,2,0,,texture,0
R03056,H00234,B45,,2025-03-27,3,0,taste,,1
R03057,H00248,B28,,2025-03-27,4,0,portability,,0
R03058,H00284,B18,,2025-03-27,3,0,,taste,0
R03059,H00419,B27,,2025-03-27,5,1,heat,,0
R03060,H00466,B48,,2025-03-27,2,0,,saltiness,0
R03061,H00542,B07,,2025-03-27,1,0,,versatility,0
R03062,H00583,B31,,2025-03-27,3,0,,texture,0
R03063,H00585,B29,,2025-03-27,3,0,energy boost,,1
R03064,H00741,B40,,2025-03-27,3,0,fizz,,1
R03065,H01188,B47,,2025-03-27,5,1,packaging,,0
R03066,H01368,B25,,2025-03-27,4,1,crunch,price,1
R03067,H01390,B48,,2025-03-27,3,1,saltiness,,0
R03068,H01856,B04,,2025-03-27,2,0,,price,0
R03069,H00090,B25,,2025-03-28,4,1,saltiness,,0
R03070,H00129,B21,,2025-03-28,4,1,refreshing,taste,1
R03071,H00202,B36,,2025-03-28,4,0,price,,1
R03072,H00422,B25,,2025-03-28,5,0,portion size,,0
R03073,H00523,B27,,2025-03-28,4,1,flavour depth,,0
R03074,H00560,B46,,2025-03-28,3,0,refreshing,,0
R03075,H00707,B26,,2025-03-28,3,1,price,,0
R03076,H00721,B21,,2025-03-28,3,1,,taste,0
R03077,H00992,B42,,2025-03-28,2,1,,taste,0
R03078,H01033,B15,,2025-03-28,4,1,refreshing,,1
R03079,H01097,B47,,2025-03-28,4,0,ingredients,,1
R03080,H01403,B42,,2025-03-28,3,0,taste,,0
R03081,H01775,B16,,2025-03-28,4,1,sweetness,packaging,1
R03082,H01780,B37,,2025-03-28,3,0,taste,,1
R03083,H00054,B48,,2025-03-29,5,1,price,portion size,0
R03084,H00242,B38,,2025-03-29,3,1,texture,,0
R03085,H00342,B33,,2025-03-29,2,0,,fizz,0
R03086,H00376,B01,,2025-03-29,4,1,seasoning,,1
R03087,H00506,B15,,2025-03-29,2,0,packaging,fizz,0
R03088,H00657,B29,,2025-03-29,3,1,,portability,0
R03089,H00738,B47,,2025-03-29,3,0,taste,,0
R03090,H00786,B12,,2025-03-29,3,0,sweetness,,0
R03091,H00799,B19,,2025-03-29,4,0,texture,,0
R03092,H00954,B29,,2025-03-29,3,1,price,,0
R03093,H01002,B46,,2025-03-29,5,0,aftertaste,,1
R03094,H01135,B04,,2025-03-29,4,1,price,,1
R03095,H01538,B46,,2025-03-29,5,1,packaging,,1
R03096,H01559,B27,,2025-03-29,4,1,jar size,,0
R03097,H01828,B01,,2025-03-29,2,0,,seasoning,0
R03098,H00001,B25,,2025-03-30,2,0,,crunch,0
R03099,H00268,B43,,2025-03-30,5,1,price,,0
R03100,H00311,B12,,2025-03-30,5,0,packaging,refreshing,1
R03101,H00410,B05,,2025-03-30,3,0,crunch,,0
R03102,H00459,B43,,2025-03-30,4,1,price,,0
R03103,H00465,B32,,2025-03-30,4,1,size,design,0
R03104,H00514,B14,,2025-03-30,3,0,,taste,0
R03105,H00644,B37,,2025-03-30,3,1,texture,,0
R03106,H00657,B05,,2025-03-30,3,1,crunch,,0
R03107,H00677,B10,,2025-03-30,5,1,taste,,1
R03108,H00854,B01,,2025-03-30,2,1,,seasoning,0
R03109,H00859,B26,,2025-03-30,3,0,seasoning,,0
R03110,H01076,B07,,2025-03-30,3,0,,jar size,1
R03111,H01089,B43,,2025-03-30,5,0,taste,,1
R03112,H01192,B37,,2025-03-30,1,0,,packaging,0
R03113,H01218,B34,,2025-03-30,2,0,,taste,0
R03114,H01244,B14,,2025-03-30,4,1,refreshing,,1
R03115,H01372,B41,,2025-03-30,1,0,,portion size,0
R03116,H01513,B05,,2025-03-30,2,0,,packaging,0
R03117,H01548,B02,,2025-03-30,3,0,price,,0
R03118,H01818,B46,,2025-03-30,4,0,price,,1
R03119,H01834,B10,,2025-03-30,3,1,aroma,,1
R03120,H01866,B16,,2025-03-30,4,1,taste,,0
R03121,H01868,B23,,2025-03-30,4,1,sweetness,,1
R03122,H01894,B03,,2025-03-30,3,0,taste,,1
R03123,H00073,B46,,2025-03-31,4,1,packaging,,0
R03124,H00300,B41,,2025-03-31,4,1,packaging,,0
R03125,H00406,B05,,2025-03-31,4,1,portion size,,0
R03126,H00512,B09,,2025-03-31,2,0,,price,0
R03127,H00576,B17,,2025-03-31,5,1,packaging,,1
R03128,H00987,B40,,2025-03-31,2,1,packaging,refreshing,0
R03129,H01023,B14,,2025-03-31,5,1,packaging,,0
R03130,H01086,B42,,2025-03-31,3,1,aroma,,0
R03131,H01110,B43,,2025-03-31,4,1,price,,0
R03132,H01222,B05,,2025-03-31,2,0,,packaging,0
R03133,H01291,B28,,2025-03-31,2,0,,energy boost,0
R03134,H01366,B11,,2025-03-31,5,1,packaging,sweetness,0
R03135,H01555,B26,,2025-03-31,3,1,,price,0
R03136,H01566,B47,,2025-03-31,3,0,,texture,0
R03137,H01630,B12,,2025-03-31,2,0,,refreshing,0
R03138,H01682,B15,,2025-03-31,5,1,taste,,1
R03139,H01812,B43,,2025-03-31,3,0,packaging,,0
R03140,H01820,B34,,2025-03-31,5,1,strength,,0
R03141,H01889,B03,,2025-03-31,4,1,energy boost,portability,0
R03142,H00123,B40,,2025-04-01,3,0,,taste,0
R03143,H00127,B16,,2025-04-01,4,0,sweetness,,0
R03144,H00178,B24,,2025-04-01,3,1,,aroma,0
R03145,H00213,B45,,2025-04-01,2,1,,fizz,0
R03146,H00263,B11,,2025-04-01,2,0,,aftertaste,0
R03147,H00368,B18,,2025-04-01,3,1,fizz,,0
R03148,H00404,B31,,2025-04-01,4,1,price,,1
R03149,H00447,B21,,2025-04-01,4,1,refreshing,,0
R03150,H00569,B44,,2025-04-01,2,1,,taste,0
R03151,H00791,B06,,2025-04-01,4,1,packaging,,0
R03152,H00817,B03,,2025-04-01,2,0,,taste,0
R03153,H00898,B14,,2025-04-01,2,0,,taste,0
R03154,H00918,B48,,2025-04-01,5,1,price,,0
R03155,H01069,B17,,2025-04-01,4,1,fizz,refreshing,1
R03156,H01290,B25,,2025-04-01,5,1,packaging,,1
R03157,H01320,B17,,2025-04-01,3,0,aftertaste,,0
R03158,H01327,B09,,2025-04-01,3,1,texture,,1
R03159,H01431,B07,,2025-04-01,2,0,,price,0
R03160,H01470,B15,,2025-04-01,2,0,,sweetness,0
R03161,H01514,B25,,2025-04-01,5,1,price,crunch,1
R03162,H01542,B28,,2025-04-01,5,1,texture,taste,1
R03163,H01738,B25,,2025-04-01,5,1,saltiness,,1
R03164,H01741,B19,,2025-04-01,3,1,,texture,0
R03165,H01879,B13,,2025-04-01,3,0,,packaging,0
R03166,H00145,B13,,2025-04-02,1,0,,price,0
R03167,H00276,B09,,2025-04-02,3,1,ingredients,,0
R03168,H00334,B11,,2025-04-02,2,0,,fizz,0
R03169,H00637,B38,,2025-04-02,1,0,,packaging,0
R03170,H00669,B22,,2025-04-02,3,1,,texture,0
R03171,H00761,B17,,2025-04-02,3,1,fizz,,1
R03172,H00780,B06,,2025-04-02,4,1,price,,1
R03173,H00884,B30,,2025-04-02,4,1,price,heat,1
R03174,H00983,B44,,2025-04-02,3,0,price,,0
R03175,H01502,B20,,2025-04-02,4,0,packaging,,1
R03176,H01696,B33,,2025-04-02,4,1,aftertaste,,1
R03177,H01729,B08,,2025-04-02,4,1,versatility,,0
R03178,H01868,B04,,2025-04-02,4,1,price,,0
R03179,H00007,B03,,2025-04-03,3,0,,texture,1
R03180,H00074,B45,,2025-04-03,2,0,,sweetness,0
R03181,H00404,B18,,2025-04-03,4,1,packaging,,1
R03182,H00599,B18,,2025-04-03,3,1,sweetness,,0
R03183,H00816,B42,,2025-04-03,4,1,ingredients,,0
R03184,H00911,B23,,2025-04-03,3,0,ingredients,,1
R03185,H00965,B19,,2025-04-03,5,1,flavour depth,,1
R03186,H01397,B23,,2025-04-03,1,0,,taste,0
R03187,H01493,B15,,2025-04-03,3,0,taste,,0
R03188,H01511,B38,,2025-04-03,3,1,,taste,0
R03189,H01556,B20,,2025-04-03,3,0,,refreshing,0
R03190,H01794,B06,,2025-04-03,5,1,packaging,texture,0
R03191,H01810,B45,,2025-04-03,2,0,,taste,0
R03192,H00042,B12,,2025-04-04,2,1,,fizz,0
R03193,H00125,B22,,2025-04-04,2,0,,price,0
R03194,H00300,B08,,2025-04-04,3,1,versatility,,0
R03195,H00409,B19,,2025-04-04,4,1,flavour depth,heat,1
R03196,H00428,B13,,2025-04-04,4,1,fizz,,0
R03197,H00515,B02,,2025-04-04,3,0,,crunch,0
R03198,H00816,B29,,2025-04-04,2,0,,ingredients,0
R03199,H01080,B21,,2025-04-04,5,1,sweetness,,1
R03200,H01116,B14,,2025-04-04,2,0,refreshing,taste,0
R03201,H01308,B45,,2025-04-04,2,1,aftertaste,price,0
R03202,H01338,B24,,2025-04-04,4,0,strength,ingredients,1
R03203,H01384,B38,,2025-04-04,3,0,taste,,0
R03204,H01423,B17,,2025-04-04,2,0,,price,0
R03205,H01528,B44,,2025-04-04,2,1,,sweetness,0
R03206,H01618,B48,,2025-04-04,1,0,,packaging,0
R03207,H01633,B48,,2025-04-04,3,0,,price,1
R03208,H01711,B47,,2025-04-04,4,0,price,,0
R03209,H00137,B46,,2025-04-05,4,1,packaging,,0
R03210,H00571,B44,,2025-04-05,3,0,,taste,0
R03211,H00691,B36,,2025-04-05,3,0,,seasoning,0
R03212,H00720,B46,,2025-04-05,4,1,taste,,0
R03213,H00914,B02,,2025-04-05,5,1,packaging,,1
R03214,H01018,B27,,2025-04-05,2,0,,texture,0
R03215,H01022,B30,,2025-04-05,1,0,,jar size,0
R03216,H01113,B17,,2025-04-05,4,1,packaging,aftertaste,1
R03217,H01194,B35,,2025-04-05,4,1,portability,,0
R03218,H01252,B17,,2025-04-05,3,1,,sweetness,1
R03219,H01269,B25,,2025-04-05,4,1,saltiness,,1
R03220,H01429,B48,,2025-04-05,4,0,packaging,,0
R03221,H01599,B47,,2025-04-05,4,0,ingredients,,0
R03222,H01670,B37,,2025-04-05,3,1,,sweetness,0
R03223,H01765,B12,,2025-04-05,3,0,fizz,,0
R03224,H01819,B44,,2025-04-05,3,1,,taste,0
R03225,H01842,B26,,2025-04-05,4,0,saltiness,,0
R03226,H01858,B48,,2025-04-05,4,0,saltiness,,0
R03227,H01861,B24,,2025-04-05,2,0,,aroma,0
R03228,H00067,B36,,2025-04-06,1,0,,crunch,0
R03229,H00078,B02,,2025-04-06,1,0,,price,0
R03230,H00357,B41,,2025-04-06,2,0,,portion size,0
R03231,H00464,B29,,2025-04-06,4,1,energy boost,,1
R03232,H00468,B31,,2025-04-06,4,1,flavour depth,,0
R03233,H00588,B13,,2025-04-06,2,0,,packaging,0
R03234,H00632,B08,,2025-04-06,5,1,jar size,,1
R03235,H00735,B27,,2025-04-06,2,0,,texture,0
R03236,H00745,B27,,2025-04-06,5,1,flavour depth,versatility,0
R03237,H01086,B20,,2025-04-06,3,0,refreshing,,0
R03238,H01217,B48,,2025-04-06,3,0,crunch,,0
R03239,H01383,B16,,2025-04-06,3,0,aftertaste,,1
R03240,H01643,B12,,2025-04-06,2,1,,refreshing,0
R03241,H01685,B05,,2025-04-06,3,1,portion size,,0
R03242,H01699,B23,,2025-04-06,3,1,ingredients,,0
R03243,H01832,B39,,2025-04-06,3,0,,versatility,0
R03244,H01855,B25,,2025-04-06,4,1,portion size,,1
R03245,H01868,B44,,2025-04-06,2,0,,refreshing,0
R03246,H01921,B34,,2025-04-06,5,1,packaging,,1
R03247,H00127,B06,,2025-04-07,5,1,price,,1
R03248,H00235,B14,,2025-04-07,5,1,fizz,,1
R03249,H00333,B29,,2025-04-07,4,1,texture,price,1
R03250,H00435,B13,,2025-04-07,3,0,aftertaste,,0
R03251,H00636,B45,,2025-04-07,3,0,taste,,0
R03252,H00799,B42,,2025-04-07,4,1,aroma,,0
R03253,H01259,B19,,2025-04-07,5,1,jar size,,0
R03254,H01325,B18,,2025-04-07,4,0,taste,,1
R03255,H01353,B34,,2025-04-07,5,1,price,,1
R03256,H01404,B14,,2025-04-07,4,1,fizz,,0
R03257,H01438,B26,,2025-04-07,3,0,packaging,,0
R03258,H01639,B35,,2025-04-07,1,0,,texture,0
R03259,H01844,B24,,2025-04-07,3,0,,ingredients,0
R03260,H01863,B19,,2025-04-07,2,0,,flavour depth,0
R03261,H01905,B16,,2025-04-07,4,1,fizz,,1
R03262,H01905,B30,,2025-04-07,3,0,,flavour depth,1
R03263,H00012,B19,,2025-04-08,3,0,texture,,0
R03264,H00045,B12,,2025-04-08,4,1,fizz,,0
R03265,H00083,B02,,2025-04-08,4,1,price,,1
R03266,H00112,B17,,2025-04-08,2,0,,fizz,0
R03267,H00140,B13,,2025-04-08,5,1,price,,1
R03268,H00214,B14,,2025-04-08,4,1,fizz,,1
R03269,H00415,B43,,2025-04-08,4,1,refreshing,,1
R03270,H00516,B34,,2025-04-08,5,1,aroma,,1
R03271,H00673,B13,,2025-04-08,2,0,,fizz,0
R03272,H00821,B47,,2025-04-08,4,1,taste,,0
R03273,H00871,B17,,2025-04-08,3,0,,sweetness,0
R03274,H01339,B12,,2025-04-08,3,0,,packaging,0
R03275,H01368,B06,,2025-04-08,2,0,,taste,0
R03276,H01391,B42,,2025-04-08,5,1,packaging,,0
R03277,H01487,B19,,2025-04-08,4,0,price,,0
R03278,H01650,B22,,2025-04-08,5,0,packaging,,1
R03279,H00006,B46,,2025-04-09,3,1,aftertaste,,0
R03280,H00513,B14,,2025-04-09,2,0,,fizz,0
R03281,H00623,B17,,2025-04-09,4,1,packaging,,1
R03282,H00744,B26,,2025-04-09,4,1,saltiness,seasoning,0
R03283,H00969,B28,,2025-04-09,3,1,,price,0
R03284,H01129,B06,,2025-04-09,3,1,,price,0
R03285,H01159,B37,,2025-04-09,1,0,,ingredients,0
R03286,H01218,B04,,2025-04-09,3,0,packaging,,0
R03287,H01367,B31,,2025-04-09,5,1,flavour depth,,1
R03288,H01429,B19,,2025-04-09,2,0,,flavour depth,0
R03289,H01449,B47,,2025-04-09,3,0,ingredients,,0
R03290,H01450,B21,,2025-04-09,4,0,sweetness,refreshing,1
R03291,H01645,B25,,2025-04-09,1,0,,price,0
R03292,H01933,B32,,2025-04-09,2,0,,design,1
R03293,H01947,B17,P025,2025-04-09,3,1,,aftertaste,0
R03294,H01949,B17,P025,2025-04-09,4,1,taste,,0
R03295,H01953,B02,P025,2025-04-09,4,1,seasoning,,1
R03296,H00121,B09,,2025-04-10,3,0,ingredients,,0
R03297,H00213,B31,,2025-04-10,3,0,,flavour depth,0
R03298,H00471,B44,,2025-04-10,3,0,taste,,1
R03299,H01167,B19,,2025-04-10,2,1,,heat,0
R03300,H01172,B49,,2025-04-10,5,0,ingredients,,1
R03301,H01284,B33,,2025-04-10,4,1,taste,,1
R03302,H01330,B44,,2025-04-10,3,1,,aftertaste,0
R03303,H01493,B05,,2025-04-10,1,0,,seasoning,0
R03304,H01546,B25,,2025-04-10,5,1,packaging,seasoning,1
R03305,H01612,B33,,2025-04-10,3,0,,price,1
R03306,H01705,B38,,2025-04-10,5,1,sweetness,,0
R03307,H01745,B24,,2025-04-10,5,1,price,,0
R03308,H01853,B09,,2025-04-10,2,0,price,texture,0
R03309,H00292,B07,,2025-04-11,2,0,,price,0
R03310,H00313,B13,,2025-04-11,2,0,,sweetness,0
R03311,H00713,B27,,2025-04-11,4,1,heat,,0
R03312,H00764,B39,,2025-04-11,4,1,price,,0
R03313,H00770,B18,,2025-04-11,2,1,refreshing,sweetness,0
R03314,H00778,B42,,2025-04-11,5,1,price,,1
R03315,H00873,B41,,2025-04-11,3,1,,crunch,0
R03316,H01024,B19,,2025-04-11,4,1,versatility,,1
R03317,H01041,B38,,2025-04-11,5,1,price,,1
R03318,H01160,B29,,2025-04-11,5,1,price,,1
R03319,H01168,B21,,2025-04-11,5,1,fizz,,0
R03320,H01200,B39,,2025-04-11,3,0,heat,,0
R03321,H01394,B26,,2025-04-11,4,1,seasoning,,1
R03322,H01442,B12,,2025-04-11,5,1,sweetness,,1
R03323,H01524,B40,,2025-04-11,3,1,sweetness,,0
R03324,H01546,B48,,2025-04-11,3,1,,packaging,1
R03325,H01553,B29,,2025-04-11,4,1,portability,,0
R03326,H01619,B06,,2025-04-11,4,0,packaging,,0
R03327,H01746,B38,,2025-04-11,3,0,,texture,0
R03328,H01796,B30,,2025-04-11,2,1,,texture,1
R03329,H01952,B02,P025,2025-04-11,3,1,crunch,,1
R03330,H00177,B13,,2025-04-12,3,0,,aftertaste,1
R03331,H00441,B38,,2025-04-12,5,1,packaging,ingredients,0
R03332,H00548,B39,,2025-04-12,3,1,versatility,,1
R03333,H00761,B23,,2025-04-12,3,0,,price,0
R03334,H00789,B22,,2025-04-12,5,1,ingredients,packaging,1
R03335,H00842,B18,,2025-04-12,3,1,fizz,,0
R03336,H00940,B38,,2025-04-12,5,1,texture,price,1
R03337,H00940,B21,,2025-04-12,4,1,refreshing,,0
R03338,H01123,B46,,2025-04-12,3,1,price,,0
R03339,H01127,B22,,2025-04-12,2,0,,texture,0
R03340,H01215,B32,,2025-04-12,4,0,price,build quality,0
R03341,H01314,B31,,2025-04-12,5,1,heat,,1
R03342,H01425,B12,,2025-04-12,2,1,,refreshing,0
R03343,H01473,B06,,2025-04-12,2,0,taste,ingredients,0
R03344,H01495,B22,,2025-04-12,2,0,,ingredients,0
R03345,H01628,B19,,2025-04-12,5,1,jar size,,1
R03346,H01639,B33,,2025-04-12,2,0,refreshing,aftertaste,0
R03347,H01741,B17,,2025-04-12,3,0,aftertaste,,1
R03348,H01744,B18,,2025-04-12,4,0,sweetness,,0
R03349,H01780,B38,,2025-04-12,4,0,price,,1
R03350,H01834,B03,,2025-04-12,5,1,energy boost,,1
R03351,H01954,B02,P025,2025-04-12,4,1,portion size,packaging,1
R03352,H01954,B04,P025,2025-04-12,5,1,seasoning,,1
R03353,H01954,B17,P025,2025-04-12,2,0,,taste,0
R03354,H00101,B10,,2025-04-13,4,1,packaging,,1
R03355,H00388,B07,,2025-04-13,4,0,flavour depth,,0
R03356,H00516,B04,,2025-04-13,3,0,,portion size,1
R03357,H00744,B40,,2025-04-13,3,0,sweetness,,0
R03358,H00790,B12,,2025-04-13,3,0,,packaging,0
R03359,H01026,B37,,2025-04-13,4,0,taste,price,0
R03360,H01092,B01,,2025-04-13,4,1,saltiness,,1
R03361,H01164,B13,,2025-04-13,5,1,refreshing,,1
R03362,H01877,B31,,2025-04-13,3,1,,price,0
R03363,H01920,B09,,2025-04-13,3,0,sweetness,,1
R03364,H01951,B03,P025,2025-04-13,3,0,energy boost,,1
R03365,H01951,B17,P025,2025-04-13,2,0,,sweetness,0
R03366,H01979,B02,P026,2025-04-13,4,0,price,portion size,1
R03367,H01982,B04,P026,2025-04-13,4,1,portion size,price,0
R03368,H01982,B17,P026,2025-04-13,4,1,aftertaste,,0
R03369,H01987,B02,P026,2025-04-13,5,1,price,portion size,0
R03370,H01988,B04,P026,2025-04-13,4,1,crunch,seasoning,0
R03371,H02002,B03,P026,2025-04-13,3,0,,ingredients,0
R03372,H02009,B26,P026,2025-04-13,3,0,seasoning,,0
R03373,H00085,B03,,2025-04-14,3,0,,taste,0
R03374,H00162,B06,,2025-04-14,5,1,price,,1
R03375,H00258,B20,,2025-04-14,2,0,,packaging,0
R03376,H00261,B27,,2025-04-14,5,1,jar size,,1
R03377,H00335,B25,,2025-04-14,2,1,,price,0
R03378,H00351,B42,,2025-04-14,4,1,price,,1
R03379,H00462,B14,,2025-04-14,1,0,,fizz,0
R03380,H00477,B26,,2025-04-14,3,1,,seasoning,0
R03381,H00755,B18,,2025-04-14,5,1,price,packaging,1
R03382,H00806,B14,,2025-04-14,2,0,,price,0
R03383,H00903,B34,,2025-04-14,5,1,price,,1
R03384,H01108,B12,,2025-04-14,4,1,aftertaste,,1
R03385,H01153,B20,,2025-04-14,3,0,aftertaste,,0
R03386,H01182,B14,,2025-04-14,4,1,price,,1
R03387,H01276,B28,,2025-04-14,4,1,texture,,1
R03388,H01420,B46,,2025-04-14,3,1,sweetness,,0
R03389,H01550,B12,,2025-04-14,2,0,taste,sweetness,0
R03390,H01618,B09,,2025-04-14,3,0,price,,0
R03391,H01653,B48,,2025-04-14,2,1,,packaging,0
R03392,H01658,B04,,2025-04-14,3,0,,portion size,0
R03393,H01871,B06,,2025-04-14,4,1,sweetness,,1
R03394,H01929,B39,,2025-04-14,5,1,texture,,1
R03395,H01946,B17,P025,2025-04-14,5,1,taste,,0
R03396,H01975,B26,P026,2025-04-14,4,1,packaging,saltiness,1
R03397,H01977,B03,P026,2025-04-14,3,0,,taste,0
R03398,H01982,B03,P026,2025-04-14,3,0,price,,0
R03399,H01987,B17,P026,2025-04-14,1,0,,refreshing,0
R03400,H01988,B17,P026,2025-04-14,3,0,packaging,,0
R03401,H01989,B02,P026,2025-04-14,4,1,portion size,saltiness,1
R03402,H01989,B03,P026,2025-04-14,5,1,ingredients,,1
R03403,H01991,B26,P026,2025-04-14,3,0,,packaging,0
R03404,H01996,B03,P026,2025-04-14,3,0,portability,,1
R03405,H02002,B17,P026,2025-04-14,4,0,price,,0
R03406,H02004,B26,P026,2025-04-14,3,0,,seasoning,0
R03407,H02005,B26,P026,2025-04-14,4,1,packaging,,0
R03408,H02006,B17,P026,2025-04-14,4,1,aftertaste,,1
R03409,H02006,B26,P026,2025-04-14,3,0,packaging,,0
R03410,H02007,B17,P026,2025-04-14,4,1,aftertaste,,0
R03411,H00370,B21,,2025-04-15,5,1,aftertaste,,1
R03412,H00468,B25,,2025-04-15,4,1,crunch,,1
R03413,H00579,B08,,2025-04-15,5,0,price,,0
R03414,H00600,B03,,2025-04-15,5,1,portability,,1
R03415,H00612,B25,,2025-04-15,4,0,price,,1
R03416,H00754,B47,,2025-04-15,4,1,texture,,1
R03417,H00941,B47,,2025-04-15,3,0,,sweetness,0
R03418,H01007,B45,,2025-04-15,1,0,,price,0
R03419,H01249,B26,,2025-04-15,4,0,portion size,,1
R03420,H01271,B35,,2025-04-15,3,1,,ingredients,1
R03421,H01495,B08,,2025-04-15,4,0,heat,,1
R03422,H01729,B05,,2025-04-15,2,0,,seasoning,0
R03423,H01732,B37,,2025-04-15,1,0,,texture,0
R03424,H01772,B29,,2025-04-15,4,1,taste,,0
R03425,H01800,B19,,2025-04-15,3,0,,flavour depth,1
R03426,H01801,B31,,2025-04-15,2,0,,price,0
R03427,H01947,B04,P025,2025-04-15,2,0,,seasoning,1
R03428,H01948,B26,P025,2025-04-15,3,0,,portion size,0
R03429,H01951,B26,P025,2025-04-15,4,0,saltiness,portion size,0
R03430,H01952,B17,P025,2025-04-15,5,1,sweetness,,0
R03431,H01977,B02,P026,2025-04-15,5,1,saltiness,seasoning,0
R03432,H01977,B17,P026,2025-04-15,3,0,fizz,,0
R03433,H01978,B02,P026,2025-04-15,3,1,crunch,,0
R03434,H01996,B02,P026,2025-04-15,5,1,saltiness,packaging,1
R03435,H02004,B17,P026,2025-04-15,5,1,refreshing,,0
R03436,H02006,B04,P026,2025-04-15,2,0,,packaging,0
R03437,H00134,B25,,2025-04-16,3,0,,crunch,1
R03438,H00244,B47,,2025-04-16,3,0,packaging,,0
R03439,H00252,B43,,2025-04-16,4,1,price,taste,0
R03440,H00412,B17,,2025-04-16,4,0,fizz,sweetness,1
R03441,H00848,B10,,2025-04-16,3,0,price,,0
R03442,H00897,B35,,2025-04-16,2,1,,price,0
R03443,H00955,B43,,2025-04-16,4,1,aftertaste,,0
R03444,H00976,B15,,2025-04-16,5,1,taste,,1
R03445,H01038,B04,,2025-04-16,2,0,,price,0
R03446,H01110,B02,,2025-04-16,4,1,packaging,,1
R03447,H01287,B15,,2025-04-16,3,0,fizz,,0
R03448,H01375,B18,,2025-04-16,2,0,,packaging,0
R03449,H01710,B32,,2025-04-16,5,1,build quality,,1
R03450,H01721,B05,,2025-04-16,3,1,,saltiness,0
R03451,H01741,B18,,2025-04-16,5,1,taste,,1
R03452,H01946,B02,P025,2025-04-16,5,1,seasoning,packaging,0
R03453,H01946,B03,P025,2025-04-16,4,1,taste,,0
R03454,H01947,B02,P025,2025-04-16,2,1,,price,1
R03455,H01951,B02,P025,2025-04-16,5,1,saltiness,,1
R03456,H01976,B04,P026,2025-04-16,5,1,crunch,,1
R03457,H01979,B26,P026,2025-04-16,4,1,packaging,,0
R03458,H01983,B02,P026,2025-04-16,3,1,price,,1
R03459,H01986,B19,,2025-04-16,5,1,flavour depth,,0
R03460,H01990,B26,P026,2025-04-16,3,0,saltiness,,0
R03461,H01992,B04,P026,2025-04-16,4,1,saltiness,,1
R03462,H01998,B02,P026,2025-04-16,5,1,packaging,seasoning,0
R03463,H01999,B17,P026,2025-04-16,3,0,fizz,,0
R03464,H02002,B02,P026,2025-04-16,4,0,price,,0
R03465,H02007,B04,P026,2025-04-16,5,1,seasoning,,1
R03466,H02028,B11,,2025-04-16,4,1,aftertaste,,0
R03467,H00176,B19,,2025-04-17,5,1,versatility,,1
R03468,H00398,B03,,2025-04-17,3,1,,price,0
R03469,H00417,B03,,2025-04-17,3,1,texture,,0
R03470,H00508,B24,,2025-04-17,5,1,aroma,,1
R03471,H00537,B03,,2025-04-17,2,0,price,taste,0
R03472,H00937,B23,,2025-04-17,5,0,packaging,ingredients,1
R03473,H00962,B20,,2025-04-17,2,0,sweetness,packaging,0
R03474,H01132,B13,,2025-04-17,4,0,taste,,1
R03475,H01207,B06,,2025-04-17,5,1,texture,,1
R03476,H01270,B01,,2025-04-17,4,0,seasoning,,1
R03477,H01405,B10,,2025-04-17,3,1,,packaging,0
R03478,H01488,B35,,2025-04-17,4,1,ingredients,,1
R03479,H01640,B13,,2025-04-17,3,0,sweetness,,1
R03480,H01655,B01,,2025-04-17,2,0,,price,0
R03481,H01662,B36,,2025-04-17,3,0,seasoning,,0
R03482,H01701,B27,,2025-04-17,5,1,jar size,price,1
R03483,H01744,B23,,2025-04-17,3,0,taste,,1
R03484,H01968,B30,,2025-04-17,2,0,,jar size,0
R03485,H01978,B17,P026,2025-04-17,3,0,,refreshing,1
R03486,H01992,B36,,2025-04-17,4,1,packaging,,1
R03487,H01998,B03,P026,2025-04-17,3,0,,price,0
R03488,H01999,B26,P026,2025-04-17,3,0,,saltiness,0
R03489,H02000,B02,P026,2025-04-17,4,1,seasoning,,1
R03490,H02002,B26,P026,2025-04-17,4,1,seasoning,,0
R03491,H02004,B02,P026,2025-04-17,4,1,seasoning,saltiness,1
R03492,H02005,B17,P026,2025-04-17,2,0,,taste,0
R03493,H00078,B06,,2025-04-18,4,1,packaging,,0
R03494,H00301,B09,,2025-04-18,2,0,,packaging,0
R03495,H00346,B32,,2025-04-18,3,0,,design,0
R03496,H00708,B38,,2025-04-18,4,1,texture,,0
R03497,H00721,B31,,2025-04-18,2,0,,flavour depth,0
R03498,H00931,B14,,2025-04-18,3,1,,taste,0
R03499,H01278,B12,,2025-04-18,2,0,,fizz,0
R03500,H01301,B21,,2025-04-18,4,1,fizz,taste,0
R03501,H01301,B27,,2025-04-18,4,1,texture,,0
R03502,H01383,B04,,2025-04-18,4,0,price,,1
R03503,H01541,B06,,2025-04-18,4,1,sweetness,,0
R03504,H01574,B47,,2025-04-18,5,1,sweetness,,1
R03505,H01892,B36,,2025-04-18,2,0,,saltiness,0
R03506,H01918,B09,,2025-04-18,3,1,packaging,,0
R03507,H01975,B02,P026,2025-04-18,5,1,saltiness,,1
R03508,H01977,B04,P026,2025-04-18,5,1,packaging,,0
R03509,H01984,B04,P026,2025-04-18,5,1,price,seasoning,0
R03510,H01990,B03,P026,2025-04-18,3,0,,portability,1
R03511,H01991,B04,P026,2025-04-18,1,0,,seasoning,1
R03512,H01992,B03,P026,2025-04-18,4,1,energy boost,,1
R03513,H01998,B26,P026,2025-04-18,4,1,saltiness,,1
R03514,H01999,B03,P026,2025-04-18,4,1,texture,,0
R03515,H02004,B04,P026,2025-04-18,5,1,crunch,,0
R03516,H02006,B03,P026,2025-04-18,4,1,energy boost,,0
R03517,H00055,B19,,2025-04-19,3,1,heat,,0
R03518,H00065,B43,,2025-04-19,5,1,packaging,,0
R03519,H00080,B47,,2025-04-19,2,0,,packaging,0
R03520,H00098,B07,,2025-04-19,2,0,,jar size,0
R03521,H00188,B48,,2025-04-19,5,1,crunch,,0
R03522,H00328,B34,,2025-04-19,5,1,aroma,,0
R03523,H00417,B12,,2025-04-19,3,0,packaging,,0
R03524,H00504,B19,,2025-04-19,5,1,jar size,,0
R03525,H01047,B44,,2025-04-19,3,0,price,,0
R03526,H01168,B44,,2025-04-19,3,1,,refreshing,0
R03527,H01208,B14,,2025-04-19,4,1,taste,,0
R03528,H01259,B43,,2025-04-19,5,1,aftertaste,packaging,1
R03529,H01291,B37,,2025-04-19,3,1,price,,0
R03530,H01393,B18,,2025-04-19,4,1,aftertaste,,1
R03531,H01432,B48,,2025-04-19,3,0,portion size,,0
R03532,H01434,B09,,2025-04-19,2,0,ingredients,price,0
R03533,H01538,B21,,2025-04-19,4,1,packaging,,0
R03534,H01665,B38,,2025-04-19,4,1,taste,,0
R03535,H01978,B26,P026,2025-04-19,4,0,crunch,seasoning,0
R03536,H01979,B21,,2025-04-19,4,0,fizz,,1
R03537,H01981,B02,P026,2025-04-19,4,1,packaging,,1
R03538,H01986,B26,P026,2025-04-19,3,1,,packaging,0
R03539,H01987,B03,P026,2025-04-19,3,1,portability,,0
R03540,H01992,B02,P026,2025-04-19,3,0,,crunch,1
R03541,H01996,B17,P026,2025-04-19,4,1,fizz,price,0
R03542,H00165,B48,,2025-04-20,3,0,price,,1
R03543,H00429,B49,,2025-04-20,3,0,taste,,0
R03544,H00485,B28,,2025-04-20,4,1,energy boost,,0
R03545,H00669,B13,,2025-04-20,4,0,sweetness,,0
R03546,H00808,B13,,2025-04-20,4,1,taste,,0
R03547,H01074,B47,,2025-04-20,3,0,texture,,0
R03548,H01078,B21,,2025-04-20,5,1,sweetness,,1
R03549,H01432,B47,,2025-04-20,3,1,packaging,,0
R03550,H01480,B21,,2025-04-20,5,1,refreshing,packaging,0
R03551,H01649,B18,,2025-04-20,3,0,aftertaste,,0
R03552,H01979,B04,P026,2025-04-20,2,0,,crunch,1
R03553,H01980,B17,P026,2025-04-20,3,1,refreshing,,0
R03554,H01985,B04,,2025-04-20,2,0,,price,0
R03555,H01988,B03,P026,2025-04-20,1,0,,price,0
R03556,H01989,B31,,2025-04-20,4,1,flavour depth,versatility,0
R03557,H01991,B03,P026,2025-04-20,5,1,portability,price,1
R03558,H01993,B02,P026,2025-04-20,4,1,crunch,,1
R03559,H01993,B26,P026,2025-04-20,4,0,saltiness,,0
R03560,H01994,B26,P026,2025-04-20,3,0,saltiness,,0
R03561,H01994,B47,,2025-04-20,4,1,sweetness,,1
R03562,H01995,B03,P026,2025-04-20,3,0,price,,1
R03563,H01999,B02,P026,2025-04-20,5,1,packaging,seasoning,0
R03564,H02025,B12,,2025-04-20,4,1,sweetness,,1
R03565,H00187,B19,,2025-04-21,3,1,,heat,0
R03566,H00199,B38,,2025-04-21,2,0,,sweetness,0
R03567,H00361,B11,,2025-04-21,3,0,,packaging,0
R03568,H00521,B12,,2025-04-21,3,0,,packaging,0
R03569,H00592,B13,,2025-04-21,4,0,aftertaste,sweetness,0
R03570,H00721,B46,,2025-04-21,4,1,price,,0
R03571,H01018,B38,,2025-04-21,4,1,sweetness,,1
R03572,H01032,B33,,2025-04-21,4,0,aftertaste,,1
R03573,H01151,B37,,2025-04-21,2,0,,price,0
R03574,H01163,B25,,2025-04-21,2,0,saltiness,portion size,0
R03575,H01182,B17,,2025-04-21,3,1,price,,1
R03576,H01329,B24,,2025-04-21,3,0,,aroma,0
R03577,H01516,B34,,2025-04-21,3,1,taste,,0
R03578,H01566,B24,,2025-04-21,5,1,strength,,1
R03579,H01925,B07,,2025-04-21,4,0,jar size,,1
R03580,H00177,B14,,2025-04-22,3,0,fizz,,0
R03581,H00209,B40,,2025-04-22,3,1,fizz,,1
R03582,H00306,B46,,2025-04-22,2,0,fizz,refreshing,0
R03583,H00327,B27,,2025-04-22,5,1,heat,,1
R03584,H00386,B08,,2025-04-22,4,1,heat,price,0
R03585,H00810,B43,,2025-04-22,4,1,price,,0
R03586,H00948,B47,,2025-04-22,3,0,texture,,0
R03587,H01116,B18,,2025-04-22,2,0,refreshing,price,0
R03588,H01155,B24,,2025-04-22,4,1,taste,,0
R03589,H01187,B04,,2025-04-22,3,1,crunch,,0
R03590,H01196,B24,,2025-04-22,5,1,taste,,1
R03591,H01240,B22,,2025-04-22,3,1,,packaging,0
R03592,H01261,B19,,2025-04-22,2,0,,flavour depth,0
R03593,H01477,B18,,2025-04-22,4,1,aftertaste,,0
R03594,H01645,B10,,2025-04-22,5,1,ingredients,aroma,1
R03595,H01718,B39,,2025-04-22,3,0,,jar size,0
R03596,H01866,B37,,2025-04-22,2,1,,texture,0
R03597,H02041,B33,,2025-04-22,1,0,fizz,sweetness,0
R03598,H00116,B48,,2025-04-23,2,1,,seasoning,0
R03599,H00216,B16,,2025-04-23,4,1,refreshing,taste,1
R03600,H00217,B29,,2025-04-23,5,1,taste,,1
R03601,H00230,B04,,2025-04-23,3,0,,portion size,1
R03602,H00259,B26,,2025-04-23,2,0,portion size,seasoning,0
R03603,H00317,B38,,2025-04-23,4,1,price,,0
R03604,H00329,B12,,2025-04-23,3,1,,aftertaste,0
R03605,H00406,B33,,2025-04-23,5,1,fizz,,1
R03606,H00415,B15,,2025-04-23,3,0,,price,1
R03607,H00513,B07,,2025-04-23,5,1,texture,flavour depth,0
R03608,H00726,B28,,2025-04-23,4,0,taste,,1
R03609,H00976,B02,,2025-04-23,5,1,saltiness,,1
R03610,H01067,B02,,2025-04-23,5,0,saltiness,,1
R03611,H01203,B41,,2025-04-23,3,1,,packaging,0
R03612,H01364,B46,,2025-04-23,5,1,taste,,1
R03613,H01458,B43,,2025-04-23,3,0,,packaging,0
R03614,H01746,B18,,2025-04-23,4,1,taste,packaging,1
R03615,H01820,B14,,2025-04-23,4,1,sweetness,fizz,1
R03616,H01856,B35,,2025-04-23,2,0,,taste,0
R03617,H00069,B04,,2025-04-24,3,1,crunch,,1
R03618,H00098,B34,,2025-04-24,3,0,packaging,,0
R03619,H00172,B37,,2025-04-24,1,0,,ingredients,0
R03620,H00195,B10,,2025-04-24,3,1,,taste,0
R03621,H00231,B16,,2025-04-24,3,0,,fizz,0
R03622,H00309,B43,,2025-04-24,3,0,,refreshing,0
R03623,H00427,B36,,2025-04-24,4,0,saltiness,,1
R03624,H00452,B31,,2025-04-24,4,1,texture,,0
R03625,H00589,B36,,2025-04-24,4,1,crunch,,1
R03626,H01148,B23,,2025-04-24,3,1,,price,0
R03627,H01225,B19,,2025-04-24,5,0,jar size,,1
R03628,H01413,B49,,2025-04-24,4,1,taste,,1
R03629,H01421,B46,,2025-04-24,2,0,,aftertaste,0
R03630,H01556,B45,,2025-04-24,3,0,,price,0
R03631,H01620,B39,,2025-04-24,5,1,flavour depth,,1
R03632,H01635,B45,,2025-04-24,4,1,taste,,1
R03633,H01822,B19,,2025-04-24,2,0,,price,0
R03634,H01876,B07,,2025-04-24,3,0,flavour depth,,0
R03635,H01926,B07,,2025-04-24,4,1,heat,,1
R03636,H00199,B22,,2025-04-25,3,0,sweetness,,0
R03637,H00209,B17,,2025-04-25,3,0,packaging,,1
R03638,H00261,B43,,2025-04-25,3,0,packaging,,0
R03639,H00343,B20,,2025-04-25,3,0,,price,1
R03640,H00361,B13,,2025-04-25,3,0,price,,0
R03641,H00621,B44,,2025-04-25,4,1,refreshing,sweetness,0
R03642,H00643,B46,,2025-04-25,5,1,taste,,1
R03643,H00663,B36,,2025-04-25,2,1,,crunch,0
R03644,H00713,B40,,2025-04-25,3,1,,price,1
R03645,H00994,B19,,2025-04-25,4,0,texture,,0
R03646,H01155,B25,,2025-04-25,4,0,price,,0
R03647,H01213,B09,,2025-04-25,5,1,taste,,1
R03648,H01317,B47,,2025-04-25,5,1,texture,,1
R03649,H01439,B39,,2025-04-25,3,1,versatility,,0
R03650,H01962,B11,,2025-04-25,3,0,price,,1
R03651,H02016,B41,,2025-04-25,3,0,crunch,,0
R03652,H02021,B06,,2025-04-25,4,1,sweetness,,0
R03653,H00156,B44,,2025-04-26,2,0,taste,price,0
R03654,H00284,B33,,2025-04-26,5,0,aftertaste,,1
R03655,H00362,B08,,2025-04-26,3,0,,flavour depth,0
R03656,H00476,B34,,2025-04-26,4,1,aroma,packaging,0
R03657,H00596,B21,,2025-04-26,4,1,refreshing,,1
R03658,H00920,B44,,2025-04-26,3,0,packaging,,0
R03659,H01128,B33,,2025-04-26,4,1,aftertaste,,0
R03660,H01425,B29,,2025-04-26,5,1,portability,texture,1
R03661,H01494,B14,,2025-04-26,3,0,price,,0
R03662,H01559,B38,,2025-04-26,2,0,,texture,0
R03663,H01695,B01,,2025-04-26,2,1,,packaging,0
R03664,H01876,B30,,2025-04-26,4,1,heat,,1
R03665,H01914,B06,,2025-04-26,3,0,,ingredients,0
R03666,H02029,B25,,2025-04-26,3,0,,crunch,0
R03667,H00050,B42,,2025-04-27,4,1,strength,,0
R03668,H00248,B05,,2025-04-27,4,1,crunch,,1
R03669,H00255,B12,,2025-04-27,4,1,price,aftertaste,1
R03670,H00418,B29,,2025-04-27,3,1,ingredients,,0
R03671,H00436,B10,,2025-04-27,4,1,aroma,,1
R03672,H00533,B46,,2025-04-27,5,1,packaging,,1
R03673,H00644,B42,,2025-04-27,1,0,,taste,0
R03674,H00787,B39,,2025-04-27,3,1,versatility,,0
R03675,H00824,B39,,2025-04-27,5,1,heat,,1
R03676,H00851,B38,,2025-04-27,5,1,price,,0
R03677,H00938,B37,,2025-04-27,3,1,,packaging,0
R03678,H00988,B12,,2025-04-27,4,0,aftertaste,sweetness,0
R03679,H01078,B14,,2025-04-27,3,0,,sweetness,0
R03680,H01231,B29,,2025-04-27,2,0,,texture,0
R03681,H01268,B07,,2025-04-27,4,0,heat,,0
R03682,H01384,B09,,2025-04-27,3,0,,price,0
R03683,H01490,B05,,2025-04-27,3,0,portion size,,1
R03684,H01494,B36,,2025-04-27,2,0,,price,0
R03685,H01632,B21,,2025-04-27,2,0,,aftertaste,0
R03686,H01776,B32,,2025-04-27,4,1,usefulness,,1
R03687,H02017,B12,,2025-04-27,3,0,fizz,,0
R03688,H02086,B14,,2025-04-27,5,1,sweetness,,1
R03689,H00013,B35,,2025-04-28,4,0,price,,0
R03690,H00118,B42,,2025-04-28,4,1,aroma,,1
R03691,H00500,B40,,2025-04-28,4,1,packaging,,0
R03692,H00721,B14,,2025-04-28,4,0,price,,0
R03693,H00767,B14,,2025-04-28,3,1,sweetness,,0
R03694,H00777,B06,,2025-04-28,4,0,texture,,0
R03695,H00948,B31,,2025-04-28,4,1,versatility,,1
R03696,H00959,B44,,2025-04-28,4,1,packaging,,1
R03697,H01056,B07,,2025-04-28,4,1,texture,,1
R03698,H01106,B21,,2025-04-28,4,0,aftertaste,price,0
R03699,H01268,B42,,2025-04-28,3,1,,aroma,0
R03700,H01510,B19,,2025-04-28,4,1,versatility,,0
R03701,H01649,B26,,2025-04-28,3,0,,crunch,0
R03702,H01773,B29,,2025-04-28,4,1,taste,,0
R03703,H01861,B47,,2025-04-28,4,1,texture,sweetness,1
R03704,H01984,B40,,2025-04-28,2,0,,aftertaste,0
R03705,H02043,B11,,2025-04-28,4,1,refreshing,,1
R03706,H02061,B29,,2025-04-28,4,1,portability,,1
R03707,H00180,B38,,2025-04-29,3,1,,sweetness,0
R03708,H00417,B39,,2025-04-29,4,1,texture,,0
R03709,H00486,B08,,2025-04-29,2,0,,heat,0
R03710,H00520,B16,,2025-04-29,1,0,,fizz,1
R03711,H00638,B14,,2025-04-29,1,0,,taste,0
R03712,H00943,B37,,2025-04-29,3,0,,packaging,0
R03713,H01003,B44,,2025-04-29,4,0,packaging,refreshing,1
R03714,H01004,B46,,2025-04-29,2,0,price,packaging,0
R03715,H01042,B27,,2025-04-29,3,0,jar size,,0
R03716,H01068,B05,,2025-04-29,2,0,,portion size,0
R03717,H01102,B15,,2025-04-29,2,0,refreshing,taste,0
R03718,H01145,B24,,2025-04-29,3,1,ingredients,,0
R03719,H01169,B29,,2025-04-29,4,1,ingredients,,0
R03720,H01269,B17,,2025-04-29,3,0,packaging,,0
R03721,H01412,B12,,2025-04-29,3,1,,refreshing,0
R03722,H01500,B31,,2025-04-29,2,0,jar size,heat,0
R03723,H01665,B33,,2025-04-29,2,0,,aftertaste,0
R03724,H01683,B21,,2025-04-29,4,0,refreshing,,1
R03725,H01749,B44,,2025-04-29,4,0,aftertaste,price,1
R03726,H01966,B38,,2025-04-29,3,0,ingredients,,0
R03727,H01979,B46,,2025-04-29,5,1,fizz,,1
R03728,H01981,B38,,2025-04-29,4,1,sweetness,taste,0
R03729,H02026,B36,,2025-04-29,2,0,,packaging,0
R03730,H02099,B19,,2025-04-29,5,1,versatility,,0
R03731,H00139,B49,,2025-04-30,4,0,texture,ingredients,0
R03732,H00271,B44,,2025-04-30,3,1,,price,0
R03733,H00342,B11,,2025-04-30,2,0,,taste,0
R03734,H00403,B15,,2025-04-30,3,0,,aftertaste,0
R03735,H00404,B04,,2025-04-30,2,0,,crunch,0
R03736,H00492,B14,,2025-04-30,2,0,,aftertaste,0
R03737,H00539,B49,,2025-04-30,4,1,texture,,1
R03738,H01125,B46,,2025-04-30,4,1,sweetness,,1
R03739,H01203,B18,,2025-04-30,3,0,,taste,0
R03740,H01218,B39,,2025-04-30,4,1,flavour depth,heat,0
R03741,H01265,B12,,2025-04-30,5,1,fizz,,1
R03742,H01298,B39,,2025-04-30,4,1,texture,jar size,1
R03743,H01357,B02,,2025-04-30,5,1,portion size,,1
R03744,H01426,B28,,2025-04-30,4,1,taste,,0
R03745,H01648,B07,,2025-04-30,4,1,heat,,1
R03746,H01989,B47,,2025-04-30,3,1,texture,,0
R03747,H02055,B12,,2025-04-30,4,1,refreshing,taste,1
R03748,H00030,B33,,2025-05-01,3,1,,refreshing,1
R03749,H00431,B18,,2025-05-01,5,1,price,refreshing,1
R03750,H00586,B36,,2025-05-01,4,0,saltiness,,0
R03751,H01038,B49,,2025-05-01,3,0,,sweetness,0
R03752,H01097,B01,,2025-05-01,4,1,crunch,,0
R03753,H01117,B27,,2025-05-01,3,0,flavour depth,,0
R03754,H01161,B04,,2025-05-01,2,0,,portion size,0
R03755,H01173,B29,,2025-05-01,4,0,energy boost,,0
R03756,H01611,B29,,2025-05-01,5,0,ingredients,,1
R03757,H01748,B11,,2025-05-01,3,1,,price,0
R03758,H01848,B27,,2025-05-01,2,1,,heat,0
R03759,H02064,B14,,2025-05-01,2,0,,price,0
R03760,H00068,B39,,2025-05-02,4,1,versatility,,1
R03761,H00117,B36,,2025-05-02,2,0,,seasoning,1
R03762,H00144,B19,,2025-05-02,4,1,texture,flavour depth,1
R03763,H00181,B20,,2025-05-02,3,0,,aftertaste,1
R03764,H00226,B06,,2025-05-02,3,0,,price,1
R03765,H00268,B25,,2025-05-02,4,0,seasoning,,1
R03766,H00530,B13,,2025-05-02,3,0,,aftertaste,0
R03767,H00548,B30,,2025-05-02,4,1,versatility,price,1
R03768,H00888,B05,,2025-05-02,1,0,,saltiness,0
R03769,H00921,B35,,2025-05-02,5,1,portability,,1
R03770,H00972,B25,,2025-05-02,3,0,crunch,,0
R03771,H01340,B37,,2025-05-02,2,0,,packaging,0
R03772,H01489,B47,,2025-05-02,4,1,texture,,1
R03773,H01508,B45,,2025-05-02,4,1,aftertaste,,1
R03774,H01802,B38,,2025-05-02,2,0,,texture,0
R03775,H01810,B12,,2025-05-02,3,0,aftertaste,,0
R03776,H01924,B39,,2025-05-02,2,0,texture,versatility,0
R03777,H01949,B24,,2025-05-02,3,0,,taste,0
R03778,H01956,B29,,2025-05-02,5,1,energy boost,,1
R03779,H02010,B03,,2025-05-02,2,0,texture,energy boost,1
R03780,H00060,B02,,2025-05-03,4,1,portion size,seasoning,0
R03781,H00225,B46,,2025-05-03,4,0,aftertaste,,0
R03782,H00328,B33,,2025-05-03,4,0,packaging,,0
R03783,H00735,B20,,2025-05-03,3,0,price,,0
R03784,H00825,B41,,2025-05-03,4,0,crunch,,0
R03785,H00880,B38,,2025-05-03,4,1,texture,taste,0
R03786,H01186,B15,,2025-05-03,4,1,fizz,,0
R03787,H01216,B14,,2025-05-03,2,0,,taste,0
R03788,H01276,B19,,2025-05-03,5,1,price,,1
R03789,H01423,B24,,2025-05-03,2,0,,taste,0
R03790,H01870,B46,,2025-05-03,4,0,packaging,,0
R03791,H01979,B24,,2025-05-03,5,1,taste,,1
R03792,H00041,B35,,2025-05-04,2,0,,texture,0
R03793,H00138,B38,,2025-05-04,3,1,,taste,0
R03794,H00281,B22,,2025-05-04,5,1,sweetness,,1
R03795,H00353,B17,,2025-05-04,5,1,sweetness,refreshing,1
R03796,H00406,B20,,2025-05-04,3,0,,aftertaste,1
R03797,H00461,B26,,2025-05-04,3,0,price,,0
R03798,H00691,B11,,2025-05-04,3,0,price,,0
R03799,H00724,B16,,2025-05-04,5,1,sweetness,taste,1
R03800,H00769,B38,,2025-05-04,3,1,,sweetness,1
R03801,H00900,B12,,2025-05-04,5,1,sweetness,,1
R03802,H01166,B06,,2025-05-04,3,0,,taste,0
R03803,H01349,B28,,2025-05-04,4,1,energy boost,,0
R03804,H01392,B11,,2025-05-04,4,0,fizz,,1
R03805,H01428,B27,,2025-05-04,4,1,texture,,1
R03806,H01429,B40,,2025-05-04,3,0,aftertaste,,0
R03807,H01447,B27,,2025-05-04,3,0,versatility,,0
R03808,H01494,B42,,2025-05-04,4,0,price,,0
R03809,H01623,B47,,2025-05-04,3,1,ingredients,,0
R03810,H01713,B22,,2025-05-04,5,1,texture,,1
R03811,H01714,B02,,2025-05-04,5,1,portion size,seasoning,1
R03812,H01734,B29,,2025-05-04,2,0,energy boost,taste,0
R03813,H01746,B21,,2025-05-04,5,1,refreshing,,1
R03814,H01754,B24,,2025-05-04,4,1,ingredients,,1
R03815,H01799,B17,,2025-05-04,4,0,refreshing,,1
R03816,H01894,B13,,2025-05-04,5,1,packaging,,0
R03817,H01963,B34,,2025-05-04,4,0,strength,price,0
R03818,H01987,B14,,2025-05-04,4,1,fizz,,1
R03819,H00210,B33,,2025-05-05,3,1,,packaging,0
R03820,H00716,B17,,2025-05-05,2,0,aftertaste,fizz,0
R03821,H00891,B39,,2025-05-05,3,0,,jar size,0
R03822,H01095,B43,,2025-05-05,4,1,aftertaste,,0
R03823,H01217,B24,,2025-05-05,4,0,ingredients,,0
R03824,H01319,B44,,2025-05-05,3,0,aftertaste,,0
R03825,H01562,B23,,2025-05-05,3,0,,ingredients,0
R03826,H01719,B08,,2025-05-05,3,0,price,,0
R03827,H01731,B04,,2025-05-05,3,1,,saltiness,0
R03828,H01791,B38,,2025-05-05,4,1,packaging,,0
R03829,H02067,B47,,2025-05-05,4,1,price,texture,0
R03830,H02118,B17,,2025-05-05,4,1,refreshing,price,1
R03831,H00106,B25,,2025-05-06,2,1,,seasoning,0
R03832,H00122,B40,,2025-05-06,3,0,sweetness,,0
R03833,H00225,B29,,2025-05-06,4,0,taste,,1
R03834,H00428,B46,,2025-05-06,3,0,,refreshing,0
R03835,H00446,B38,,2025-05-06,4,1,taste,,1
R03836,H00526,B44,,2025-05-06,4,1,taste,fizz,1
R03837,H00567,B48,,2025-05-06,5,1,seasoning,,1
R03838,H00610,B39,,2025-05-06,4,1,flavour depth,,1
R03839,H00697,B02,,2025-05-06,2,1,,price,0
R03840,H00832,B47,,2025-05-06,3,0,price,,0
R03841,H00953,B12,,2025-05-06,3,1,,fizz,0
R03842,H01101,B46,,2025-05-06,5,1,sweetness,,1
R03843,H01170,B20,,2025-05-06,2,0,,fizz,1
R03844,H01274,B13,,2025-05-06,2,0,,aftertaste,0
R03845,H01491,B13,,2025-05-06,3,1,packaging,,0
R03846,H01509,B12,,2025-05-06,4,0,price,,1
R03847,H01986,B25,,2025-05-06,5,1,packaging,,1
R03848,H00115,B38,,2025-05-07,4,1,price,sweetness,0
R03849,H00236,B42,,2025-05-07,4,1,strength,,1
R03850,H00261,B31,,2025-05-07,5,1,price,,1
R03851,H00363,B32,,2025-05-07,5,1,size,usefulness,1
R03852,H00475,B20,,2025-05-07,2,0,,refreshing,1
R03853,H00533,B11,,2025-05-07,4,1,refreshing,,0
R03854,H00611,B05,,2025-05-07,1,0,,saltiness,0
R03855,H00861,B30,,2025-05-07,1,0,,texture,0
R03856,H01113,B29,,2025-05-07,5,1,portability,,1
R03857,H01252,B32,,2025-05-07,3,1,design,,0
R03858,H01273,B44,,2025-05-07,2,1,,fizz,0
R03859,H01335,B07,,2025-05-07,4,1,heat,,1
R03860,H01361,B14,,2025-05-07,4,1,price,,0
R03861,H01562,B02,,2025-05-07,4,1,saltiness,,1
R03862,H01631,B21,,2025-05-07,4,1,aftertaste,,0
R03863,H01641,B10,,2025-05-07,3,1,ingredients,,0
R03864,H01688,B30,,2025-05-07,4,1,price,,1
R03865,H01802,B14,,2025-05-07,4,1,refreshing,,1
R03866,H01913,B43,,2025-05-07,3,0,refreshing,,0
R03867,H02084,B47,,2025-05-07,3,0,texture,,1
R03868,H02123,B27,,2025-05-07,5,1,texture,,1
R03869,H00015,B12,,2025-05-08,2,0,fizz,sweetness,0
R03870,H00212,B12,,2025-05-08,5,1,taste,price,1
R03871,H00511,B08,,2025-05-08,5,1,jar size,texture,1
R03872,H00637,B12,,2025-05-08,3,0,sweetness,,0
R03873,H01068,B23,,2025-05-08,2,0,,packaging,1
R03874,H01085,B07,,2025-05-08,3,1,,texture,0
R03875,H01247,B10,,2025-05-08,5,1,strength,aroma,1
R03876,H01256,B18,,2025-05-08,5,1,fizz,,1
R03877,H01370,B15,,2025-05-08,3,0,,aftertaste,0
R03878,H01373,B45,,2025-05-08,3,0,price,,1
R03879,H01650,B19,,2025-05-08,3,0,,flavour depth,0
R03880,H01841,B42,,2025-05-08,3,1,,ingredients,0
R03881,H02094,B20,,2025-05-08,4,1,taste,,0
R03882,H02147,B45,,2025-05-08,5,1,packaging,,1
R03883,H00117,B43,,2025-05-09,5,1,taste,,1
R03884,H00165,B34,,2025-05-09,3,1,,price,1
R03885,H00169,B42,,2025-05-09,3,1,ingredients,,0
R03886,H00299,B28,,2025-05-09,5,1,taste,,1
R03887,H00418,B12,,2025-05-09,2,1,aftertaste,taste,0
R03888,H00579,B17,,2025-05-09,2,0,,sweetness,1
R03889,H00689,B36,,2025-05-09,4,1,crunch,,0
R03890,H00764,B25,,2025-05-09,3,1,,price,0
R03891,H00769,B06,,2025-05-09,3,0,taste,,0
R03892,H00810,B03,,2025-05-09,3,0,,portability,0
R03893,H00866,B34,,2025-05-09,5,1,taste,aroma,1
R03894,H00930,B13,,2025-05-09,3,1,packaging,,0
R03895,H01002,B25,,2025-05-09,5,1,crunch,,1
R03896,H01061,B14,,2025-05-09,4,1,price,fizz,0
R03897,H01257,B46,,2025-05-09,4,0,refreshing,,0
R03898,H01259,B33,,2025-05-09,3,0,packaging,,1
R03899,H01260,B08,,2025-05-09,4,0,flavour depth,jar size,1
R03900,H01288,B03,,2025-05-09,2,0,,energy boost,0
R03901,H01352,B25,,2025-05-09,1,0,,saltiness,0
R03902,H01483,B47,,2025-05-09,5,1,ingredients,sweetness,1
R03903,H00006,B41,,2025-05-10,3,1,,packaging,0
R03904,H00014,B31,,2025-05-10,4,1,versatility,,0
R03905,H00102,B38,,2025-05-10,4,0,taste,,0
R03906,H00303,B08,,2025-05-10,4,1,flavour depth,,0
R03907,H00408,B01,,2025-05-10,3,1,,price,0
R03908,H00578,B11,,2025-05-10,5,1,refreshing,,1
R03909,H00871,B20,,2025-05-10,3,1,,aftertaste,0
R03910,H00948,B24,,2025-05-10,4,1,packaging,,0
R03911,H00963,B06,,2025-05-10,5,1,ingredients,,0
R03912,H01237,B01,,2025-05-10,4,1,portion size,,0
R03913,H01392,B26,,2025-05-10,4,1,price,,1
R03914,H01423,B23,,2025-05-10,3,0,ingredients,,1
R03915,H01474,B22,,2025-05-10,3,0,packaging,,1
R03916,H01524,B03,,2025-05-10,4,1,price,portability,1
R03917,H01729,B32,,2025-05-10,3,0,design,,0
R03918,H01738,B32,,2025-05-10,3,0,,design,0
R03919,H01769,B48,,2025-05-10,4,1,saltiness,,1
R03920,H01788,B34,,2025-05-10,3,0,,packaging,1
R03921,H01803,B25,,2025-05-10,2,0,,price,0
R03922,H02124,B15,,2025-05-10,4,1,refreshing,,0
R03923,H00051,B46,,2025-05-11,4,1,price,sweetness,0
R03924,H00131,B33,,2025-05-11,4,1,fizz,,0
R03925,H00251,B03,,2025-05-11,2,0,,ingredients,0
R03926,H00453,B30,,2025-05-11,3,1,,texture,1
R03927,H00523,B03,,2025-05-11,5,1,portability,,0
R03928,H00550,B41,,2025-05-11,5,1,saltiness,packaging,0
R03929,H00674,B26,,2025-05-11,4,1,seasoning,,1
R03930,H00708,B19,,2025-05-11,5,1,versatility,,0
R03931,H00816,B47,,2025-05-11,5,1,packaging,,1
R03932,H00834,B24,,2025-05-11,4,1,packaging,,0
R03933,H00884,B17,,2025-05-11,3,0,taste,,1
R03934,H01241,B29,,2025-05-11,5,1,energy boost,,1
R03935,H01397,B14,,2025-05-11,4,1,taste,,0
R03936,H01893,B25,,2025-05-11,3,0,seasoning,,0
R03937,H02044,B18,,2025-05-11,4,1,sweetness,,1
R03938,H02070,B03,,2025-05-11,2,0,,portability,0
R03939,H00069,B09,,2025-05-12,3,0,,sweetness,1
R03940,H00482,B39,,2025-05-12,5,1,versatility,,0
R03941,H00520,B29,,2025-05-12,4,0,texture,,1
R03942,H00913,B47,,2025-05-12,3,1,taste,,0
R03943,H01003,B15,,2025-05-12,3,0,packaging,,0
R03944,H01507,B33,,2025-05-12,3,1,,sweetness,1
R03945,H01538,B47,,2025-05-12,2,0,price,sweetness,0
R03946,H01551,B35,,2025-05-12,2,0,,ingredients,0
R03947,H01588,B28,,2025-05-12,4,1,portability,energy boost,0
R03948,H01619,B38,,2025-05-12,3,0,,price,0
R03949,H01644,B03,,2025-05-12,3,0,,price,0
R03950,H00037,B06,,2025-05-13,5,1,packaging,,1
R03951,H00042,B09,,2025-05-13,4,1,packaging,,0
R03952,H00745,B25,,2025-05-13,4,0,crunch,,0
R03953,H00761,B31,,2025-05-13,3,0,versatility,,0
R03954,H00844,B30,,2025-05-13,3,0,jar size,,0
R03955,H00942,B29,,2025-05-13,3,1,,price,0
R03956,H01261,B10,,2025-05-13,3,1,,ingredients,0
R03957,H01457,B23,,2025-05-13,3,0,,sweetness,0
R03958,H01594,B38,,2025-05-13,5,1,packaging,,1
R03959,H01611,B13,,2025-05-13,3,0,,sweetness,0
R03960,H01678,B24,,2025-05-13,2,0,,aroma,0
R03961,H01898,B36,,2025-05-13,3,1,,saltiness,0
R03962,H01965,B45,,2025-05-13,3,0,,refreshing,0
R03963,H02000,B08,,2025-05-13,3,0,versatility,,1
R03964,H00012,B10,,2025-05-14,2,0,,strength,0
R03965,H00021,B35,,2025-05-14,5,1,texture,price,1
R03966,H00195,B40,,2025-05-14,5,1,price,,1
R03967,H00204,B16,,2025-05-14,5,0,taste,,0
R03968,H00620,B37,,2025-05-14,2,0,,packaging,0
R03969,H00622,B10,,2025-05-14,5,1,aroma,,1
R03970,H00767,B35,,2025-05-14,3,1,,taste,0
R03971,H00822,B49,,2025-05-14,3,0,packaging,,0
R03972,H00834,B19,,2025-05-14,3,1,jar size,,0
R03973,H00994,B14,,2025-05-14,5,1,fizz,taste,0
R03974,H01198,B46,,2025-05-14,3,0,,refreshing,0
R03975,H01273,B29,,2025-05-14,5,1,energy boost,,1
R03976,H01409,B18,,2025-05-14,4,1,refreshing,sweetness,1
R03977,H01607,B47,,2025-05-14,3,0,,taste,0
R03978,H01800,B20,,2025-05-14,2,0,,refreshing,0
R03979,H01804,B46,,2025-05-14,4,1,taste,refreshing,0
R03980,H01858,B14,,2025-05-14,4,0,refreshing,,0
R03981,H01900,B23,,2025-05-14,5,1,packaging,,1
R03982,H01921,B19,,2025-05-14,5,1,versatility,,1
R03983,H00021,B24,,2025-05-15,4,0,price,,1
R03984,H00185,B46,,2025-05-15,4,1,taste,,0
R03985,H00270,B14,,2025-05-15,4,1,refreshing,,0
R03986,H00773,B12,,2025-05-15,3,1,,refreshing,0
R03987,H00806,B05,,2025-05-15,4,1,saltiness,,0
R03988,H00807,B47,,2025-05-15,3,0,sweetness,,0
R03989,H00860,B35,,2025-05-15,3,0,price,,1
R03990,H01011,B30,,2025-05-15,2,0,,price,0
R03991,H01223,B38,,2025-05-15,4,1,packaging,,0
R03992,H01240,B41,,2025-05-15,3,0,portion size,,0
R03993,H01259,B06,,2025-05-15,4,0,taste,,1
R03994,H01263,B24,,2025-05-15,4,0,taste,,1
R03995,H01406,B06,,2025-05-15,5,0,sweetness,packaging,1
R03996,H01440,B01,,2025-05-15,2,1,,portion size,0
R03997,H01557,B31,,2025-05-15,5,1,heat,,1
R03998,H01609,B25,,2025-05-15,3,0,portion size,,1
R03999,H01782,B27,,2025-05-15,5,1,price,,1
R04000,H01819,B27,,2025-05-15,3,1,price,,0
R04001,H01839,B33,,2025-05-15,1,0,sweetness,refreshing,0
R04002,H01881,B05,,2025-05-15,2,0,,price,0
R04003,H01932,B42,,2025-05-15,3,1,,packaging,1
R04004,H02015,B21,,2025-05-15,4,1,aftertaste,packaging,0
R04005,H00227,B25,,2025-05-16,2,1,,saltiness,0
R04006,H00806,B11,,2025-05-16,5,1,sweetness,,1
R04007,H00918,B38,,2025-05-16,4,1,ingredients,,1
R04008,H00971,B40,,2025-05-16,4,1,aftertaste,,1
R04009,H01039,B35,,2025-05-16,2,0,,taste,0
R04010,H01353,B16,,2025-05-16,3,1,,sweetness,1
R04011,H01360,B15,,2025-05-16,2,0,refreshing,price,0
R04012,H01462,B48,,2025-05-16,4,1,seasoning,,0
R04013,H01499,B27,,2025-05-16,3,0,,heat,1
R04014,H01572,B04,,2025-05-16,4,1,saltiness,,1
R04015,H01595,B35,,2025-05-16,1,0,,energy boost,0
R04016,H01814,B20,,2025-05-16,4,0,sweetness,,0
R04017,H01878,B15,,2025-05-16,2,0,,aftertaste,0
R04018,H01993,B19,,2025-05-16,4,1,price,,0
R04019,H02062,B06,,2025-05-16,2,0,,texture,0
R04020,H02087,B12,,2025-05-16,3,1,,refreshing,1
R04021,H02109,B03,,2025-05-16,3,1,portability,,1
R04022,H02171,B39,,2025-05-16,2,0,,price,0
R04023,H00030,B13,,2025-05-17,5,1,fizz,,0
R04024,H00484,B03,,2025-05-17,2,0,,texture,0
R04025,H00608,B31,,2025-05-17,3,1,price,,0
R04026,H00623,B41,,2025-05-17,4,0,price,portion size,0
R04027,H00710,B33,,2025-05-17,2,0,price,refreshing,0
R04028,H00765,B41,,2025-05-17,5,1,saltiness,,1
R04029,H00785,B29,,2025-05-17,4,1,portability,,1
R04030,H00903,B48,,2025-05-17,4,1,packaging,,0
R04031,H00960,B47,,2025-05-17,3,1,,packaging,0
R04032,H01061,B01,,2025-05-17,2,0,,seasoning,0
R04033,H01203,B43,,2025-05-17,4,1,refreshing,price,0
R04034,H01674,B20,,2025-05-17,3,1,,fizz,0
R04035,H02183,B02,P027,2025-05-17,4,1,packaging,,1
R04036,H02186,B02,P027,2025-05-17,5,1,seasoning,,0
R04037,H02191,B26,P027,2025-05-17,3,1,,price,0
R04038,H02197,B02,P027,2025-05-17,5,1,crunch,,0
R04039,H02198,B26,P027,2025-05-17,2,1,,packaging,0
R04040,H02202,B26,P027,2025-05-17,5,1,price,,0
R04041,H02203,B02,P027,2025-05-17,2,0,,seasoning,0
R04042,H02210,B03,P027,2025-05-17,2,0,,portability,1
R04043,H02215,B04,P027,2025-05-17,3,0,price,,0
R04044,H02223,B17,P027,2025-05-17,5,1,aftertaste,,0
R04045,H00104,B31,,2025-05-18,4,1,flavour depth,,0
R04046,H00158,B12,,2025-05-18,4,0,fizz,,0
R04047,H00288,B47,,2025-05-18,1,0,,packaging,0
R04048,H00570,B39,,2025-05-18,3,1,,versatility,0
R04049,H00586,B20,,2025-05-18,1,0,,refreshing,0
R04050,H00758,B19,,2025-05-18,2,0,,texture,0
R04051,H00801,B45,,2025-05-18,2,0,aftertaste,price,0
R04052,H00856,B20,,2025-05-18,2,0,,fizz,1
R04053,H01007,B19,,2025-05-18,4,1,texture,,1
R04054,H01089,B46,,2025-05-18,3,0,sweetness,,0
R04055,H01100,B06,,2025-05-18,2,0,,sweetness,0
R04056,H01171,B22,,2025-05-18,4,0,taste,price,1
R04057,H01241,B28,,2025-05-18,5,1,price,,1
R04058,H01623,B30,,2025-05-18,2,1,,heat,1
R04059,H01628,B18,,2025-05-18,2,0,,sweetness,0
R04060,H01732,B26,,2025-05-18,3,0,crunch,,0
R04061,H01808,B30,,2025-05-18,3,0,,heat,1
R04062,H01891,B11,,2025-05-18,2,0,,price,1
R04063,H01898,B33,,2025-05-18,3,1,,refreshing,0
R04064,H02050,B48,,2025-05-18,3,0,saltiness,,0
R04065,H02071,B06,,2025-05-18,2,0,ingredients,texture,0
R04066,H02139,B15,,2025-05-18,3,1,price,,0
R04067,H02189,B02,P027,2025-05-18,5,1,seasoning,,0
R04068,H02191,B04,P027,2025-05-18,4,1,packaging,,0
R04069,H02201,B03,P027,2025-05-18,4,0,portability,,0
R04070,H02209,B03,P027,2025-05-18,4,1,energy boost,price,0
R04071,H02212,B39,,2025-05-18,5,1,jar size,,1
R04072,H02216,B03,P027,2025-05-18,2,0,,taste,0
R04073,H02220,B02,P027,2025-05-18,4,1,saltiness,,0
R04074,H00197,B39,,2025-05-19,5,1,heat,,0
R04075,H00296,B29,,2025-05-19,4,0,texture,,0
R04076,H00373,B35,,2025-05-19,5,0,taste,,1
R04077,H00688,B11,,2025-05-19,4,1,packaging,,0
R04078,H00926,B22,,2025-05-19,3,0,packaging,,0
R04079,H00974,B39,,2025-05-19,3,0,price,,0
R04080,H00983,B02,,2025-05-19,3,1,,portion size,0
R04081,H01290,B04,,2025-05-19,4,1,seasoning,,1
R04082,H01291,B46,,2025-05-19,4,1,refreshing,,0
R04083,H01437,B16,,2025-05-19,4,1,taste,,1
R04084,H01753,B31,,2025-05-19,4,1,versatility,,1
R04085,H01884,B31,,2025-05-19,3,1,flavour depth,,0
R04086,H01968,B02,,2025-05-19,3,1,,portion size,0
R04087,H01969,B29,,2025-05-19,3,0,energy boost,,0
R04088,H02197,B26,P027,2025-05-19,5,1,seasoning,,0
R04089,H02204,B26,P027,2025-05-19,5,1,saltiness,price,0
R04090,H02206,B03,P027,2025-05-19,3,1,,energy boost,0
R04091,H02219,B03,P027,2025-05-19,3,0,texture,,0
R04092,H00199,B01,,2025-05-20,3,1,,price,0
R04093,H00322,B22,,2025-05-20,5,1,texture,,1
R04094,H00335,B16,,2025-05-20,3,1,,price,0
R04095,H00397,B12,,2025-05-20,3,1,price,,0
R04096,H00423,B09,,2025-05-20,2,0,,price,0
R04097,H00427,B19,,2025-05-20,4,1,flavour depth,,0
R04098,H00657,B03,,2025-05-20,2,0,,portability,0
R04099,H01010,B03,,2025-05-20,2,0,,energy boost,0
R04100,H01011,B21,,2025-05-20,5,1,aftertaste,,0
R04101,H01182,B19,,2025-05-20,2,0,,jar size,0
R04102,H01220,B20,,2025-05-20,4,1,aftertaste,,0
R04103,H01556,B43,,2025-05-20,3,1,,aftertaste,1
R04104,H01624,B23,,2025-05-20,3,1,taste,,0
R04105,H01691,B38,,2025-05-20,4,1,price,,0
R04106,H02101,B37,,2025-05-20,2,0,,texture,0
R04107,H02199,B04,P027,2025-05-20,2,0,,price,1
R04108,H02201,B26,P027,2025-05-20,3,1,crunch,,0
R04109,H02204,B04,P027,2025-05-20,2,0,,packaging,0
R04110,H02205,B02,P027,2025-05-20,5,1,crunch,portion size,1
R04111,H02206,B04,P027,2025-05-20,3,0,,seasoning,0
R04112,H02208,B26,P027,2025-05-20,5,1,crunch,,0
R04113,H02212,B17,P027,2025-05-20,4,1,fizz,,0
R04114,H02220,B03,P027,2025-05-20,3,0,portability,,0
R04115,H02222,B26,P027,2025-05-20,5,1,crunch,,0
R04116,H02224,B24,,2025-05-20,4,0,strength,,1
R04117,H00244,B25,,2025-05-21,3,0,crunch,,0
R04118,H00248,B37,,2025-05-21,3,1,sweetness,,1
R04119,H00481,B38,,2025-05-21,3,1,texture,,0
R04120,H00527,B22,,2025-05-21,3,0,,price,0
R04121,H00760,B42,,2025-05-21,3,0,,price,1
R04122,H00776,B25,,2025-05-21,3,0,,packaging,0
R04123,H00856,B26,,2025-05-21,4,1,packaging,,0
R04124,H00861,B21,,2025-05-21,4,0,sweetness,,1
R04125,H00876,B07,,2025-05-21,2,0,,price,0
R04126,H01188,B32,,2025-05-21,3,0,price,,0
R04127,H01329,B23,,2025-05-21,3,1,,packaging,0
R04128,H01335,B42,,2025-05-21,3,0,,strength,1
R04129,H01435,B46,,2025-05-21,3,0,packaging,,0
R04130,H01869,B02,,2025-05-21,1,0,,packaging,0
R04131,H01974,B03,,2025-05-21,5,1,price,,1
R04132,H02008,B22,,2025-05-21,5,1,texture,,1
R04133,H02098,B34,,2025-05-21,3,0,aroma,,0
R04134,H02107,B06,,2025-05-21,2,0,,packaging,0
R04135,H02155,B49,,2025-05-21,2,0,,texture,0
R04136,H02188,B02,P027,2025-05-21,5,0,packaging,seasoning,1
R04137,H02196,B17,P027,2025-05-21,3,1,,aftertaste,0
R04138,H02201,B17,P027,2025-05-21,3,1,price,,1
R04139,H02207,B26,P027,2025-05-21,2,0,,portion size,0
R04140,H02208,B02,P027,2025-05-21,4,1,seasoning,,0
R04141,H02208,B17,P027,2025-05-21,5,1,price,,0
R04142,H02215,B17,P027,2025-05-21,5,1,fizz,,1
R04143,H02222,B02,P027,2025-05-21,5,1,crunch,,0
R04144,H00019,B39,,2025-05-22,3,0,price,,0
R04145,H00202,B46,,2025-05-22,5,1,refreshing,,1
R04146,H00225,B30,,2025-05-22,2,0,,heat,0
R04147,H00272,B20,,2025-05-22,4,1,taste,,1
R04148,H00533,B29,,2025-05-22,4,1,price,portability,0
R04149,H00677,B29,,2025-05-22,2,0,,texture,0
R04150,H00718,B06,,2025-05-22,2,0,,packaging,0
R04151,H00760,B21,,2025-05-22,1,0,,packaging,0
R04152,H00867,B13,,2025-05-22,3,0,taste,,0
R04153,H00967,B18,,2025-05-22,5,1,price,,1
R04154,H01092,B47,,2025-05-22,3,0,,packaging,0
R04155,H01109,B01,,2025-05-22,1,0,,price,0
R04156,H01356,B31,,2025-05-22,4,1,jar size,price,1
R04157,H01420,B07,,2025-05-22,3,0,,texture,0
R04158,H01694,B19,,2025-05-22,2,1,,flavour depth,0
R04159,H01878,B14,,2025-05-22,5,1,fizz,price,0
R04160,H01962,B10,,2025-05-22,4,0,ingredients,,0
R04161,H02135,B09,,2025-05-22,3,0,,taste,0
R04162,H02170,B25,,2025-05-22,3,0,seasoning,,1
R04163,H02190,B02,P027,2025-05-22,4,1,saltiness,,0
R04164,H02193,B04,P027,2025-05-22,4,1,seasoning,,1
R04165,H02199,B03,P027,2025-05-22,4,1,ingredients,,1
R04166,H02209,B04,P027,2025-05-22,4,1,seasoning,,0
R04167,H02209,B17,P027,2025-05-22,3,0,packaging,,1
R04168,H02211,B26,P027,2025-05-22,5,1,portion size,,0
R04169,H02211,B23,,2025-05-22,1,0,,packaging,0
R04170,H02212,B04,P027,2025-05-22,4,1,price,,0
R04171,H02219,B02,P027,2025-05-22,4,1,price,,1
R04172,H02220,B26,P027,2025-05-22,3,0,,crunch,1
R04173,H02223,B02,P027,2025-05-22,3,1,,packaging,0
R04174,H02235,B24,,2025-05-22,4,1,aroma,,1
R04175,H00126,B15,,2025-05-23,3,1,refreshing,,1
R04176,H00365,B19,,2025-05-23,4,1,heat,,1
R04177,H00495,B29,,2025-05-23,4,1,energy boost,,1
R04178,H00603,B16,,2025-05-23,3,0,,packaging,1
R04179,H00633,B29,,2025-05-23,4,0,ingredients,texture,1
R04180,H00881,B05,,2025-05-23,3,0,,crunch,1
R04181,H00937,B04,,2025-05-23,3,1,price,,0
R04182,H01000,B29,,2025-05-23,5,1,ingredients,,1
R04183,H01031,B12,,2025-05-23,2,0,,aftertaste,0
R04184,H01358,B01,,2025-05-23,4,1,crunch,,1
R04185,H01379,B16,,2025-05-23,5,1,aftertaste,,1
R04186,H01514,B20,,2025-05-23,1,0,,refreshing,0
R04187,H01752,B24,,2025-05-23,4,1,aroma,,1
R04188,H01843,B16,,2025-05-23,1,0,,taste,0
R04189,H01972,B07,,2025-05-23,5,1,heat,,1
R04190,H02141,B24,,2025-05-23,2,1,,aroma,0
R04191,H02189,B03,P027,2025-05-23,4,1,ingredients,,1
R04192,H02194,B04,P027,2025-05-23,3,0,portion size,,0
R04193,H02201,B02,P027,2025-05-23,4,1,portion size,,0
R04194,H02201,B04,P027,2025-05-23,2,0,,seasoning,0
R04195,H02203,B04,P027,2025-05-23,2,0,,price,0
R04196,H02203,B26,P027,2025-05-23,3,1,price,,1
R04197,H02205,B17,P027,2025-05-23,5,1,packaging,fizz,0
R04198,H02209,B02,P027,2025-05-23,5,0,price,,0
R04199,H02210,B17,P027,2025-05-23,4,1,aftertaste,,0
R04200,H02212,B26,P027,2025-05-23,5,1,crunch,,1
R04201,H02218,B02,P027,2025-05-23,3,0,,crunch,1
R04202,H02219,B26,P027,2025-05-23,3,1,crunch,,0
R04203,H02221,B04,P027,2025-05-23,4,1,price,,1
R04204,H02222,B04,P027,2025-05-23,4,1,price,seasoning,0
R04205,H02248,B48,,2025-05-23,4,1,crunch,,0
R04206,H00072,B29,,2025-05-24,4,1,ingredients,,0
R04207,H00548,B14,,2025-05-24,4,1,refreshing,,1
R04208,H00560,B38,,2025-05-24,3,1,packaging,,0
R04209,H01122,B38,,2025-05-24,3,1,,price,0
R04210,H01151,B24,,2025-05-24,4,1,strength,,0
R04211,H01295,B16,,2025-05-24,4,0,taste,,1
R04212,H01546,B42,,2025-05-24,4,1,aroma,,1
R04213,H01563,B20,,2025-05-24,3,0,sweetness,,0
R04214,H01620,B18,,2025-05-24,3,0,fizz,,0
R04215,H01680,B24,,2025-05-24,4,1,taste,,1
R04216,H02089,B33,,2025-05-24,2,0,,refreshing,0
R04217,H02156,B42,,2025-05-24,5,1,aroma,,1
R04218,H02186,B04,P027,2025-05-24,3,0,,saltiness,0
R04219,H02187,B02,P027,2025-05-24,4,0,seasoning,,1
R04220,H02187,B03,P027,2025-05-24,4,0,price,,1
R04221,H02189,B26,P027,2025-05-24,5,1,crunch,price,0
R04222,H02205,B04,P027,2025-05-24,4,1,price,,0
R04223,H02215,B18,,2025-05-24,4,1,aftertaste,,1
R04224,H02217,B26,P027,2025-05-24,3,1,,packaging,1
R04225,H02218,B04,P027,2025-05-24,2,0,,portion size,0
R04226,H02219,B25,,2025-05-24,2,0,,saltiness,0
R04227,H02221,B17,P027,2025-05-24,4,1,refreshing,,0
R04228,H02222,B17,P027,2025-05-24,4,1,price,,1
R04229,H00017,B33,,2025-05-25,3,0,fizz,,1
R04230,H00079,B30,,2025-05-25,2,0,jar size,flavour depth,1
R04231,H00168,B09,,2025-05-25,2,1,,taste,0
R04232,H00176,B04,,2025-05-25,5,1,price,portion size,1
R04233,H00515,B37,,2025-05-25,3,0,packaging,,0
R04234,H00525,B13,,2025-05-25,3,1,,price,0
R04235,H00525,B29,,2025-05-25,3,0,energy boost,,0
R04236,H00706,B15,,2025-05-25,2,0,,aftertaste,0
R04237,H00800,B39,,2025-05-25,3,0,flavour depth,,1
R04238,H00937,B40,,2025-05-25,3,0,taste,,0
R04239,H00949,B28,,2025-05-25,4,0,price,,0
R04240,H01221,B27,,2025-05-25,3,0,jar size,,0
R04241,H01336,B18,,2025-05-25,2,0,taste,aftertaste,0
R04242,H01385,B12,,2025-05-25,3,0,,packaging,0
R04243,H01444,B43,,2025-05-25,4,0,price,,1
R04244,H01469,B40,,2025-05-25,3,1,,taste,0
R04245,H01486,B43,,2025-05-25,5,1,refreshing,,0
R04246,H01801,B18,,2025-05-25,5,1,refreshing,,1
R04247,H01869,B47,,2025-05-25,1,0,price,sweetness,0
R04248,H01929,B47,,2025-05-25,5,1,sweetness,taste,1
R04249,H02047,B41,,2025-05-25,4,0,price,,1
R04250,H02082,B41,,2025-05-25,3,1,,saltiness,0
R04251,H02259,B28,P028,2025-05-25,4,1,price,,0
R04252,H02260,B14,P028,2025-05-25,4,1,sweetness,,1
R04253,H00010,B24,,2025-05-26,3,1,,packaging,0
R04254,H00017,B37,,2025-05-26,3,1,taste,,0
R04255,H00080,B43,,2025-05-26,3,0,,taste,0
R04256,H00491,B02,,2025-05-26,4,1,crunch,,1
R04257,H00690,B45,,2025-05-26,4,1,aftertaste,,1
R04258,H00760,B07,,2025-05-26,5,1,flavour depth,heat,1
R04259,H00807,B29,,2025-05-26,4,0,texture,,1
R04260,H00939,B46,,2025-05-26,5,1,refreshing,,0
R04261,H01027,B26,,2025-05-26,3,0,price,,0
R04262,H01055,B47,,2025-05-26,2,1,,packaging,0
R04263,H01091,B29,,2025-05-26,4,1,energy boost,,1
R04264,H01189,B07,,2025-05-26,2,0,,texture,0
R04265,H01236,B49,,2025-05-26,4,1,price,packaging,0
R04266,H01248,B25,,2025-05-26,2,0,crunch,portion size,0
R04267,H01259,B24,,2025-05-26,4,1,ingredients,,1
R04268,H01322,B20,,2025-05-26,3,1,sweetness,,1
R04269,H01472,B12,,2025-05-26,4,1,aftertaste,price,0
R04270,H01563,B12,,2025-05-26,4,1,refreshing,,0
R04271,H01678,B13,,2025-05-26,2,0,price,sweetness,0
R04272,H01736,B26,,2025-05-26,5,1,crunch,saltiness,0
R04273,H01807,B10,,2025-05-26,5,1,taste,,0
R04274,H01988,B09,,2025-05-26,4,1,taste,,1
R04275,H02098,B19,,2025-05-26,3,1,,flavour depth,0
R04276,H00018,B06,,2025-05-27,4,1,texture,packaging,0
R04277,H00080,B30,,2025-05-27,3,1,texture,,1
R04278,H00295,B28,,2025-05-27,5,1,texture,,1
R04279,H00342,B08,,2025-05-27,5,1,price,,0
R04280,H00653,B27,,2025-05-27,5,1,versatility,,1
R04281,H00685,B21,,2025-05-27,3,0,aftertaste,,0
R04282,H00795,B32,,2025-05-27,5,1,size,usefulness,1
R04283,H00843,B16,,2025-05-27,4,0,sweetness,,1
R04284,H00915,B08,,2025-05-27,4,1,flavour depth,,0
R04285,H00918,B14,,2025-05-27,4,1,sweetness,,1
R04286,H00985,B09,,2025-05-27,5,1,taste,,1
R04287,H01268,B05,,2025-05-27,2,0,seasoning,price,0
R04288,H01307,B24,,2025-05-27,3,0,strength,,0
R04289,H01332,B36,,2025-05-27,3,1,crunch,,1
R04290,H01450,B22,,2025-05-27,3,0,sweetness,,0
R04291,H01608,B45,,2025-05-27,3,0,,taste,0
R04292,H01624,B08,,2025-05-27,3,0,heat,,0
R04293,H01634,B36,,2025-05-27,3,0,,saltiness,0
R04294,H01999,B38,,2025-05-27,3,0,,taste,0
R04295,H02072,B24,,2025-05-27,1,0,,packaging,0
R04296,H02181,B45,,2025-05-27,2,0,price,fizz,0
R04297,H02261,B20,P028,2025-05-27,4,1,taste,,0
R04298,H00073,B12,,2025-05-28,3,0,,refreshing,0
R04299,H00323,B31,,2025-05-28,4,1,heat,,0
R04300,H00339,B09,,2025-05-28,2,0,,texture,0
R04301,H00349,B02,,2025-05-28,3,1,price,,0
R04302,H00535,B41,,2025-05-28,4,1,seasoning,,1
R04303,H00536,B44,,2025-05-28,3,0,price,,0
R04304,H00719,B08,,2025-05-28,3,0,,price,0
R04305,H00891,B42,,2025-05-28,2,0,,taste,0
R04306,H00913,B46,,2025-05-28,2,0,,price,0
R04307,H00946,B37,,2025-05-28,1,0,,sweetness,0
R04308,H00964,B49,,2025-05-28,3,1,price,,0
R04309,H01000,B08,,2025-05-28,2,0,,price,0
R04310,H01211,B04,,2025-05-28,4,1,packaging,,0
R04311,H01379,B14,,2025-05-28,5,1,refreshing,,1
R04312,H01382,B34,,2025-05-28,4,1,price,,0
R04313,H01900,B01,,2025-05-28,4,1,price,,0
R04314,H02041,B47,,2025-05-28,5,1,sweetness,,1
R04315,H02185,B24,,2025-05-28,5,1,packaging,,1
R04316,H02236,B36,,2025-05-28,5,1,portion size,,0
R04317,H00317,B34,,2025-05-29,5,1,strength,,1
R04318,H00322,B20,,2025-05-29,1,0,,price,0
R04319,H00457,B38,,2025-05-29,4,0,ingredients,sweetness,0
R04320,H00563,B39,,2025-05-29,3,1,,price,0
R04321,H00596,B06,,2025-05-29,2,0,,taste,0
R04322,H00719,B20,,2025-05-29,4,1,fizz,,1
R04323,H00749,B19,,2025-05-29,5,1,texture,,1
R04324,H00865,B24,,2025-05-29,4,1,aroma,,0
R04325,H00975,B14,,2025-05-29,5,1,refreshing,,1
R04326,H01075,B14,,2025-05-29,2,0,,sweetness,0
R04327,H01147,B39,,2025-05-29,2,1,,versatility,0
R04328,H01175,B35,,2025-05-29,2,0,,ingredients,1
R04329,H01301,B31,,2025-05-29,3,0,,price,0
R04330,H01405,B48,,2025-05-29,3,1,price,,1
R04331,H01525,B22,,2025-05-29,3,0,price,,0
R04332,H01665,B28,,2025-05-29,2,0,,portability,0
R04333,H01703,B31,,2025-05-29,3,1,flavour depth,,0
R04334,H01742,B30,,2025-05-29,3,0,price,,0
R04335,H01866,B21,,2025-05-29,5,1,refreshing,,1
R04336,H01900,B44,,2025-05-29,3,0,aftertaste,,0
R04337,H02213,B03,,2025-05-29,3,0,,ingredients,0
R04338,H02238,B16,,2025-05-29,5,1,sweetness,,1
R04339,H02246,B28,,2025-05-29,3,0,,texture,1
R04340,H02273,B41,,2025-05-29,4,1,saltiness,,0
R04341,H00154,B15,,2025-05-30,5,1,refreshing,,1
R04342,H00403,B12,,2025-05-30,2,0,fizz,aftertaste,0
R04343,H00453,B44,,2025-05-30,1,0,,packaging,1
R04344,H00490,B14,,2025-05-30,2,0,,fizz,0
R04345,H00631,B21,,2025-05-30,3,0,taste,,0
R04346,H01015,B05,,2025-05-30,1,0,,saltiness,0
R04347,H01186,B43,,2025-05-30,5,1,sweetness,,1
R04348,H01214,B32,,2025-05-30,2,0,build quality,size,0
R04349,H01277,B36,,2025-05-30,4,1,portion size,,0
R04350,H01351,B17,,2025-05-30,2,0,taste,sweetness,0
R04351,H01377,B15,,2025-05-30,2,0,taste,aftertaste,0
R04352,H01407,B21,,2025-05-30,4,1,packaging,taste,0
R04353,H01626,B22,,2025-05-30,4,1,texture,,1
R04354,H01676,B48,,2025-05-30,2,0,,packaging,0
R04355,H01916,B31,,2025-05-30,4,1,versatility,,1
R04356,H01932,B13,,2025-05-30,4,0,sweetness,,0
R04357,H01945,B14,,2025-05-30,2,0,,taste,0
R04358,H02147,B03,,2025-05-30,2,0,,texture,0
R04359,H02166,B01,,2025-05-30,4,1,packaging,,1
R04360,H02187,B14,,2025-05-30,4,1,fizz,price,0
R04361,H02263,B06,P028,2025-05-30,4,1,sweetness,,0
R04362,H00002,B18,,2025-05-31,3,0,taste,,0
R04363,H00030,B14,,2025-05-31,5,1,aftertaste,,0
R04364,H00202,B25,,2025-05-31,3,0,,portion size,1
R04365,H00258,B34,,2025-05-31,4,0,strength,ingredients,0
R04366,H00332,B26,,2025-05-31,4,1,saltiness,portion size,0
R04367,H00340,B39,,2025-05-31,5,1,texture,,1
R04368,H00710,B48,,2025-05-31,3,0,,packaging,0
R04369,H00754,B06,,2025-05-31,5,1,price,,1
R04370,H00822,B18,,2025-05-31,3,0,sweetness,,1
R04371,H01220,B19,,2025-05-31,3,1,,price,0
R04372,H01288,B24,,2025-05-31,1,0,,packaging,0
R04373,H01402,B04,,2025-05-31,3,0,,saltiness,0
R04374,H01433,B02,,2025-05-31,4,1,seasoning,,0
R04375,H01654,B46,,2025-05-31,4,0,refreshing,aftertaste,0
R04376,H01835,B22,,2025-05-31,2,0,,texture,0
R04377,H02080,B01,,2025-05-31,4,1,saltiness,,0
R04378,H02114,B29,,2025-05-31,4,1,price,,1
R04379,H02214,B08,,2025-05-31,3,1,,versatility,0
R04380,H02264,B06,P028,2025-05-31,5,1,sweetness,,0
R04381,H00282,B41,,2025-06-01,3,1,,crunch,0
R04382,H00766,B32,,2025-06-01,4,1,usefulness,,1
R04383,H00769,B41,,2025-06-01,4,1,packaging,,0
R04384,H00940,B45,,2025-06-01,5,1,price,,1
R04385,H01030,B07,,2025-06-01,5,1,heat,,0
R04386,H01073,B25,,2025-06-01,2,0,,price,0
R04387,H01457,B25,,2025-06-01,2,0,,price,0
R04388,H01474,B20,,2025-06-01,4,1,price,,0
R04389,H01761,B36,,2025-06-01,2,0,,packaging,0
R04390,H01956,B04,,2025-06-01,5,1,portion size,,1
R04391,H01969,B16,,2025-06-01,4,1,packaging,,0
R04392,H02040,B21,,2025-06-01,4,1,taste,,0
R04393,H02262,B34,P028,2025-06-01,3,0,,aroma,0
R04394,H00112,B13,,2025-06-02,4,1,refreshing,,0
R04395,H00444,B04,,2025-06-02,3,1,,saltiness,0
R04396,H00462,B44,,2025-06-02,5,1,packaging,,1
R04397,H00549,B14,,2025-06-02,4,1,sweetness,,0
R04398,H00619,B27,,2025-06-02,4,1,flavour depth,jar size,0
R04399,H00678,B10,,2025-06-02,2,0,,ingredients,0
R04400,H00735,B33,,2025-06-02,3,0,sweetness,,0
R04401,H01190,B13,,2025-06-02,5,1,packaging,,1
R04402,H01234,B35,,2025-06-02,2,0,,ingredients,0
R04403,H01292,B38,,2025-06-02,3,0,,ingredients,0
R04404,H01376,B48,,2025-06-02,4,0,crunch,portion size,1
R04405,H01409,B21,,2025-06-02,3,0,refreshing,,0
R04406,H01607,B01,,2025-06-02,3,0,saltiness,,0
R04407,H01690,B02,,2025-06-02,3,1,price,,0
R04408,H01880,B11,,2025-06-02,3,0,,refreshing,0
R04409,H02031,B18,,2025-06-02,4,0,fizz,,0
R04410,H02080,B47,,2025-06-02,4,1,texture,,0
R04411,H02145,B10,,2025-06-02,3,0,,price,0
R04412,H02223,B33,,2025-06-02,3,0,,packaging,0
R04413,H00053,B29,,2025-06-03,5,1,portability,,1
R04414,H00339,B38,,2025-06-03,3,0,,taste,0
R04415,H00355,B05,,2025-06-03,3,1,seasoning,,0
R04416,H00358,B39,,2025-06-03,4,0,versatility,price,1
R04417,H00418,B03,,2025-06-03,2,0,,taste,0
R04418,H00689,B29,,2025-06-03,2,1,,taste,0
R04419,H00770,B28,,2025-06-03,4,1,energy boost,,0
R04420,H00805,B47,,2025-06-03,3,0,,ingredients,0
R04421,H00871,B40,,2025-06-03,4,1,sweetness,,0
R04422,H00875,B47,,2025-06-03,4,1,texture,,0
R04423,H01108,B09,,2025-06-03,3,0,,taste,0
R04424,H01421,B14,,2025-06-03,3,0,sweetness,,1
R04425,H01509,B13,,2025-06-03,3,1,fizz,,0
R04426,H01526,B16,,2025-06-03,3,1,fizz,,0
R04427,H01553,B38,,2025-06-03,5,1,ingredients,,0
R04428,H01655,B26,,2025-06-03,2,0,,packaging,0
R04429,H02009,B14,,2025-06-03,4,1,fizz,,0
R04430,H02037,B42,,2025-06-03,3,1,strength,,0
R04431,H02069,B23,,2025-06-03,5,1,packaging,,1
R04432,H02249,B49,,2025-06-03,4,1,sweetness,,1
R04433,H02259,B05,,2025-06-03,4,1,saltiness,,1
R04434,H00217,B35,,2025-06-04,2,0,,taste,0
R04435,H00241,B36,,2025-06-04,4,0,crunch,,1
R04436,H00328,B49,,2025-06-04,2,0,,ingredients,0
R04437,H00483,B28,,2025-06-04,2,0,,energy boost,0
R04438,H00524,B27,,2025-06-04,5,1,price,,1
R04439,H00597,B14,,2025-06-04,5,1,packaging,aftertaste,0
R04440,H00645,B38,,2025-06-04,2,0,,price,0
R04441,H00792,B05,,2025-06-04,1,0,,portion size,0
R04442,H00932,B31,,2025-06-04,3,0,flavour depth,,0
R04443,H00974,B12,,2025-06-04,3,0,,aftertaste,0
R04444,H01316,B27,,2025-06-04,4,1,heat,,0
R04445,H01436,B15,,2025-06-04,4,1,aftertaste,,0
R04446,H01755,B23,,2025-06-04,1,0,,texture,0
R04447,H01932,B17,,2025-06-04,2,0,,sweetness,0
R04448,H01961,B03,,2025-06-04,3,0,,energy boost,0
R04449,H02042,B29,,2025-06-04,5,1,taste,,1
R04450,H02097,B13,,2025-06-04,3,0,aftertaste,,0
R04451,H02139,B22,,2025-06-04,3,1,texture,,0
R04452,H02270,B36,,2025-06-04,5,1,packaging,saltiness,1
R04453,H00096,B01,,2025-06-05,4,1,portion size,,1
R04454,H00322,B12,,2025-06-05,5,1,packaging,refreshing,1
R04455,H00463,B26,,2025-06-05,4,1,packaging,seasoning,0
R04456,H00498,B49,,2025-06-05,3,1,,taste,1
R04457,H00501,B13,,2025-06-05,2,0,,fizz,0
R04458,H00556,B10,,2025-06-05,5,1,taste,,0
R04459,H00591,B21,,2025-06-05,4,0,fizz,,1
R04460,H00620,B47,,2025-06-05,3,1,texture,,0
R04461,H00654,B19,,2025-06-05,2,0,,versatility,0
R04462,H00901,B08,,2025-06-05,3,0,heat,,0
R04463,H00914,B22,,2025-06-05,4,1,ingredients,,1
R04464,H00919,B33,,2025-06-05,1,0,,aftertaste,0
R04465,H01004,B44,,2025-06-05,2,0,,fizz,0
R04466,H01041,B06,,2025-06-05,5,1,texture,,1
R04467,H01085,B26,,2025-06-05,3,0,,crunch,0
R04468,H01457,B24,,2025-06-05,3,0,,price,0
R04469,H01477,B15,,2025-06-05,3,0,,aftertaste,0
R04470,H01733,B27,,2025-06-05,3,0,flavour depth,,0
R04471,H02062,B45,,2025-06-05,5,1,refreshing,,1
R04472,H02266,B30,,2025-06-05,3,0,texture,,1
R04473,H02289,B24,,2025-06-05,4,1,price,,0
R04474,H00195,B12,,2025-06-06,3,0,,fizz,0
R04475,H00351,B40,,2025-06-06,1,0,,aftertaste,0
R04476,H00404,B43,,2025-06-06,4,1,packaging,,0
R04477,H00503,B07,,2025-06-06,4,1,jar size,,0
R04478,H00572,B20,,2025-06-06,4,1,sweetness,,0
R04479,H00591,B46,,2025-06-06,5,1,aftertaste,,1
R04480,H00663,B18,,2025-06-06,5,1,refreshing,,1
R04481,H00780,B07,,2025-06-06,5,1,versatility,,1
R04482,H00795,B08,,2025-06-06,3,0,,heat,0
R04483,H00968,B28,,2025-06-06,4,0,ingredients,,1
R04484,H01170,B25,,2025-06-06,3,0,,saltiness,0
R04485,H01205,B33,,2025-06-06,5,1,aftertaste,,1
R04486,H01241,B06,,2025-06-06,4,0,ingredients,,0
R04487,H01285,B14,,2025-06-06,3,1,aftertaste,,0
R04488,H01486,B24,,2025-06-06,3,0,,packaging,0
R04489,H01487,B08,,2025-06-06,3,0,versatility,,0
R04490,H01577,B34,,2025-06-06,4,1,packaging,,0
R04491,H01599,B02,,2025-06-06,4,1,seasoning,,1
R04492,H01691,B25,,2025-06-06,4,1,saltiness,,1
R04493,H02156,B32,,2025-06-06,3,0,price,,1
R04494,H02189,B14,,2025-06-06,4,0,sweetness,,0
R04495,H02293,B08,,2025-06-06,3,0,,flavour depth,0
R04496,H00051,B47,,2025-06-07,2,0,price,texture,0
R04497,H00132,B25,,2025-06-07,5,1,portion size,,1
R04498,H00226,B25,,2025-06-07,2,0,,packaging,0
R04499,H00337,B42,,2025-06-07,3,0,taste,,0
R04500,H00401,B24,,2025-06-07,4,1,price,,0
R04501,H00479,B23,,2025-06-07,4,1,packaging,price,1
R04502,H00672,B04,,2025-06-07,4,1,seasoning,,0
R04503,H00703,B37,,2025-06-07,1,0,,sweetness,0
R04504,H01067,B13,,2025-06-07,5,1,sweetness,,1
R04505,H01073,B43,,2025-06-07,2,0,,sweetness,0
R04506,H01153,B46,,2025-06-07,5,1,taste,aftertaste,1
R04507,H01280,B41,,2025-06-07,4,1,portion size,,1
R04508,H01309,B25,,2025-06-07,4,1,portion size,,0
R04509,H01486,B37,,2025-06-07,3,0,ingredients,,0
R04510,H01507,B20,,2025-06-07,2,0,,fizz,0
R04511,H01697,B12,,2025-06-07,5,1,taste,,1
R04512,H01788,B23,,2025-06-07,3,1,texture,,0
R04513,H01807,B48,,2025-06-07,3,1,packaging,,0
R04514,H01877,B18,,2025-06-07,4,0,packaging,,1
R04515,H02063,B21,,2025-06-07,4,1,refreshing,,0
R04516,H02153,B43,,2025-06-07,5,1,refreshing,,1
R04517,H02180,B04,,2025-06-07,3,0,seasoning,,1
R04518,H02209,B18,,2025-06-07,4,1,packaging,,1
R04519,H00064,B47,,2025-06-08,4,1,ingredients,,0
R04520,H00490,B29,,2025-06-08,3,1,,energy boost,0
R04521,H00563,B25,,2025-06-08,4,0,saltiness,packaging,1
R04522,H00572,B29,,2025-06-08,5,1,price,,1
R04523,H00616,B48,,2025-06-08,3,1,,saltiness,0
R04524,H00786,B27,,2025-06-08,4,0,flavour depth,,0
R04525,H00850,B43,,2025-06-08,5,1,price,,0
R04526,H00866,B21,,2025-06-08,3,1,price,,0
R04527,H01119,B01,,2025-06-08,3,0,,portion size,0
R04528,H01216,B16,,2025-06-08,4,1,taste,,0
R04529,H01239,B31,,2025-06-08,3,1,flavour depth,,0
R04530,H01423,B15,,2025-06-08,4,1,refreshing,,0
R04531,H01662,B04,,2025-06-08,2,0,,seasoning,0
R04532,H01774,B30,,2025-06-08,3,0,,versatility,1
R04533,H02279,B22,,2025-06-08,4,1,ingredients,,1
R04534,H00045,B49,,2025-06-09,3,1,texture,,0
R04535,H00101,B26,,2025-06-09,4,1,portion size,,1
R04536,H00158,B27,,2025-06-09,4,1,texture,,1
R04537,H00325,B45,,2025-06-09,4,0,packaging,,0
R04538,H00749,B41,,2025-06-09,4,1,seasoning,price,1
R04539,H00754,B31,,2025-06-09,2,0,,jar size,0
R04540,H00845,B21,,2025-06-09,3,1,,taste,0
R04541,H00908,B28,,2025-06-09,5,1,texture,,1
R04542,H00987,B07,,2025-06-09,3,0,,flavour depth,1
R04543,H00999,B12,,2025-06-09,2,0,,sweetness,0
R04544,H01053,B02,,2025-06-09,2,1,,packaging,0
R04545,H01160,B01,,2025-06-09,5,1,packaging,,1
R04546,H01542,B15,,2025-06-09,4,1,refreshing,,1
R04547,H01566,B15,,2025-06-09,5,1,packaging,,1
R04548,H01649,B09,,2025-06-09,2,0,,packaging,0
R04549,H01913,B36,,2025-06-09,5,1,portion size,,1
R04550,H02320,B16,,2025-06-09,3,0,,fizz,1
R04551,H00083,B07,,2025-06-10,4,1,jar size,,0
R04552,H00205,B07,,2025-06-10,5,1,jar size,,0
R04553,H00254,B27,,2025-06-10,4,0,texture,,0
R04554,H00359,B38,,2025-06-10,3,0,taste,,0
R04555,H00525,B22,,2025-06-10,4,1,texture,price,0
R04556,H00720,B08,,2025-06-10,2,0,,jar size,0
R04557,H00960,B04,,2025-06-10,1,0,crunch,seasoning,0
R04558,H00997,B20,,2025-06-10,2,0,taste,fizz,0
R04559,H01069,B05,,2025-06-10,2,1,,portion size,0
R04560,H01114,B16,,2025-06-10,3,1,taste,,1
R04561,H01165,B49,,2025-06-10,2,0,,taste,0
R04562,H01166,B27,,2025-06-10,4,0,versatility,flavour depth,0
R04563,H01319,B25,,2025-06-10,5,1,portion size,,1
R04564,H01591,B44,,2025-06-10,2,1,,aftertaste,0
R04565,H01750,B41,,2025-06-10,2,0,price,crunch,0
R04566,H01815,B29,,2025-06-10,5,1,energy boost,taste,1
R04567,H01920,B39,,2025-06-10,4,1,jar size,,0
R04568,H02109,B42,,2025-06-10,2,0,,price,0
R04569,H02268,B41,,2025-06-10,2,1,,packaging,0
R04570,H00005,B35,,2025-06-11,3,1,price,,0
R04571,H00020,B19,,2025-06-11,3,0,price,,0
R04572,H00049,B49,,2025-06-11,3,1,packaging,,0
R04573,H00372,B44,,2025-06-11,5,1,taste,,1
R04574,H00400,B28,,2025-06-11,3,1,,taste,0
R04575,H00528,B05,,2025-06-11,3,1,,crunch,1
R04576,H00617,B39,,2025-06-11,4,0,flavour depth,texture,0
R04577,H00731,B37,,2025-06-11,1,0,price,sweetness,0
R04578,H00737,B32,,2025-06-11,3,0,size,,0
R04579,H00807,B30,,2025-06-11,3,1,,heat,0
R04580,H00863,B12,,2025-06-11,2,0,,fizz,0
R04581,H00919,B46,,2025-06-11,3,1,price,,0
R04582,H01030,B49,,2025-06-11,4,1,taste,,0
R04583,H01033,B01,,2025-06-11,5,1,saltiness,,1
R04584,H01163,B47,,2025-06-11,3,0,packaging,,0
R04585,H01252,B07,,2025-06-11,1,0,,versatility,0
R04586,H01372,B31,,2025-06-11,3,0,heat,,0
R04587,H01436,B19,,2025-06-11,4,1,versatility,price,1
R04588,H01532,B44,,2025-06-11,5,1,aftertaste,,1
R04589,H01787,B44,,2025-06-11,4,1,price,refreshing,1
R04590,H01944,B36,,2025-06-11,2,0,seasoning,price,0
R04591,H02001,B01,,2025-06-11,2,0,,crunch,0
R04592,H02116,B05,,2025-06-11,4,0,price,,1
R04593,H02283,B05,,2025-06-11,3,1,price,,1
R04594,H02332,B07,P029,2025-06-11,4,1,jar size,,0
R04595,H02338,B08,P029,2025-06-11,4,1,texture,,0
R04596,H02342,B28,P029,2025-06-11,4,1,ingredients,,0
R04597,H02348,B08,P029,2025-06-11,4,0,jar size,,0
R04598,H02362,B05,,2025-06-11,4,1,packaging,,1
R04599,H00067,B38,,2025-06-12,2,0,,texture,0
R04600,H00156,B38,,2025-06-12,3,1,,ingredients,0
R04601,H00163,B10,,2025-06-12,4,1,ingredients,,0
R04602,H00288,B30,,2025-06-12,3,1,,price,0
R04603,H00364,B18,,2025-06-12,3,0,,fizz,0
R04604,H00424,B01,,2025-06-12,5,1,crunch,,1
R04605,H00461,B35,,2025-06-12,3,0,,energy boost,0
R04606,H00465,B31,,2025-06-12,5,1,flavour depth,,1
R04607,H00601,B34,,2025-06-12,5,1,taste,price,1
R04608,H00632,B14,,2025-06-12,4,1,refreshing,,1
R04609,H00659,B46,,2025-06-12,5,0,aftertaste,,0
R04610,H00853,B44,,2025-06-12,2,0,fizz,refreshing,0
R04611,H00859,B08,,2025-06-12,3,1,jar size,,0
R04612,H01177,B32,,2025-06-12,3,0,,size,0
R04613,H01199,B15,,2025-06-12,4,1,price,,1
R04614,H01313,B02,,2025-06-12,4,1,crunch,,1
R04615,H01703,B23,,2025-06-12,2,0,,price,0
R04616,H01863,B33,,2025-06-12,1,0,price,fizz,0
R04617,H01981,B43,,2025-06-12,5,0,refreshing,sweetness,1
R04618,H02025,B27,,2025-06-12,3,0,,price,0
R04619,H02192,B42,,2025-06-12,3,0,,packaging,0
R04620,H02337,B28,P029,2025-06-12,5,1,taste,,1
R04621,H02338,B07,P029,2025-06-12,5,1,heat,,0
R04622,H02346,B48,P029,2025-06-12,5,1,portion size,,0
R04623,H02351,B14,P029,2025-06-12,4,0,refreshing,taste,0
R04624,H02353,B08,P029,2025-06-12,4,1,price,,0
R04625,H02355,B08,P029,2025-06-12,2,0,,flavour depth,0
R04626,H00565,B43,,2025-06-13,5,1,taste,,0
R04627,H01093,B08,,2025-06-13,3,1,heat,,0
R04628,H01146,B41,,2025-06-13,3,1,,packaging,1
R04629,H01186,B33,,2025-06-13,4,1,aftertaste,,0
R04630,H01193,B43,,2025-06-13,4,1,fizz,,0
R04631,H01239,B18,,2025-06-13,4,1,fizz,,1
R04632,H01472,B24,,2025-06-13,3,1,ingredients,,0
R04633,H01827,B37,,2025-06-13,4,1,sweetness,,1
R04634,H02333,B28,P029,2025-06-13,4,1,texture,,1
R04635,H02341,B07,P029,2025-06-13,3,0,price,,0
R04636,H02343,B14,P029,2025-06-13,3,1,refreshing,,1
R04637,H02346,B14,P029,2025-06-13,4,1,taste,aftertaste,0
R04638,H02347,B07,P029,2025-06-13,5,1,flavour depth,,0
R04639,H02354,B14,P029,2025-06-13,5,1,price,fizz,1
R04640,H02354,B48,P029,2025-06-13,3,0,,packaging,1
R04641,H02355,B28,P029,2025-06-13,3,0,portability,,1
R04642,H00039,B26,,2025-06-14,1,0,,saltiness,0
R04643,H00198,B05,,2025-06-14,3,0,,seasoning,1
R04644,H00247,B13,,2025-06-14,2,0,,fizz,0
R04645,H00604,B26,,2025-06-14,4,1,portion size,crunch,1
R04646,H00611,B28,,2025-06-14,4,1,ingredients,,1
R04647,H00742,B21,,2025-06-14,4,1,fizz,,1
R04648,H00894,B35,,2025-06-14,2,0,,taste,0
R04649,H01033,B34,,2025-06-14,5,1,packaging,,1
R04650,H01044,B43,,2025-06-14,3,0,,taste,0
R04651,H01047,B41,,2025-06-14,3,0,seasoning,,0
R04652,H01093,B06,,2025-06-14,3,0,ingredients,,0
R04653,H01114,B25,,2025-06-14,2,0,,price,0
R04654,H01212,B16,,2025-06-14,5,1,aftertaste,,1
R04655,H01265,B45,,2025-06-14,4,1,fizz,,1
R04656,H01292,B07,,2025-06-14,3,1,,price,0
R04657,H01394,B35,,2025-06-14,5,1,ingredients,,1
R04658,H01478,B14,,2025-06-14,3,1,,price,0
R04659,H01581,B39,,2025-06-14,3,1,versatility,,0
R04660,H01770,B36,,2025-06-14,2,0,,portion size,0
R04661,H01784,B22,,2025-06-14,4,1,price,texture,0
R04662,H02036,B08,,2025-06-14,3,0,,heat,1
R04663,H02058,B39,,2025-06-14,5,1,heat,,1
R04664,H02139,B28,,2025-06-14,1,0,,energy boost,0
R04665,H02239,B19,,2025-06-14,5,1,flavour depth,,1
R04666,H02335,B14,P029,2025-06-14,5,1,sweetness,,0
R04667,H02343,B28,P029,2025-06-14,4,1,price,,0
R04668,H02345,B14,P029,2025-06-14,3,1,fizz,,0
R04669,H02353,B14,,2025-06-14,4,1,sweetness,,1
R04670,H00311,B45,,2025-06-15,2,1,,aftertaste,0
R04671,H00523,B39,,2025-06-15,5,1,jar size,,1
R04672,H00623,B35,,2025-06-15,3,0,portability,,0
R04673,H00772,B47,,2025-06-15,2,0,texture,taste,0
R04674,H01125,B29,,2025-06-15,3,1,portability,,0
R04675,H01415,B06,,2025-06-15,5,1,taste,,1
R04676,H01479,B46,,2025-06-15,2,0,,packaging,0
R04677,H01485,B38,,2025-06-15,3,1,texture,,0
R04678,H01612,B13,,2025-06-15,5,1,fizz,,1
R04679,H01765,B42,,2025-06-15,2,0,,strength,0
R04680,H01825,B11,,2025-06-15,5,1,packaging,fizz,1
R04681,H02206,B46,,2025-06-15,3,0,packaging,,0
R04682,H02256,B36,,2025-06-15,4,0,price,,0
R04683,H02334,B08,P029,2025-06-15,4,1,flavour depth,,0
R04684,H02340,B14,P029,2025-06-15,4,1,fizz,,1
R04685,H02340,B48,P029,2025-06-15,5,1,packaging,,0
R04686,H02341,B28,P029,2025-06-15,4,0,price,,0
R04687,H02345,B28,P029,2025-06-15,3,1,energy boost,,1
R04688,H02346,B07,P029,2025-06-15,4,0,versatility,,1
R04689,H02349,B48,P029,2025-06-15,3,0,crunch,,0
R04690,H02351,B28,P029,2025-06-15,3,0,,portability,0
R04691,H02352,B08,P029,2025-06-15,5,1,jar size,heat,0
R04692,H02356,B28,P029,2025-06-15,4,0,taste,,1
R04693,H02356,B36,,2025-06-15,3,0,saltiness,,0
R04694,H02367,B02,,2025-06-15,3,0,saltiness,,0
R04695,H00100,B33,,2025-06-16,5,1,price,,1
R04696,H00109,B06,,2025-06-16,3,1,,packaging,0
R04697,H00131,B14,,2025-06-16,3,0,,sweetness,0
R04698,H00191,B10,,2025-06-16,2,0,,ingredients,0
R04699,H00262,B16,,2025-06-16,4,1,packaging,,1
R04700,H00266,B34,,2025-06-16,3,1,,packaging,0
R04701,H00344,B30,,2025-06-16,3,1,,heat,1
R04702,H00438,B14,,2025-06-16,5,1,refreshing,,1
R04703,H00523,B21,,2025-06-16,4,1,fizz,,0
R04704,H00586,B15,,2025-06-16,3,1,,packaging,0
R04705,H00653,B17,,2025-06-16,4,1,price,,1
R04706,H00709,B35,,2025-06-16,2,0,,ingredients,0
R04707,H00818,B33,,2025-06-16,2,0,taste,aftertaste,0
R04708,H01249,B22,,2025-06-16,4,1,packaging,,1
R04709,H02250,B07,,2025-06-16,4,1,versatility,,1
R04710,H02332,B28,P029,2025-06-16,4,0,texture,,1
R04711,H02332,B48,P029,2025-06-16,4,1,portion size,price,0
R04712,H02333,B08,P029,2025-06-16,5,1,texture,,0
R04713,H02334,B48,P029,2025-06-16,3,0,,packaging,0
R04714,H02335,B48,P029,2025-06-16,5,1,crunch,price,0
R04715,H02341,B48,P029,2025-06-16,5,1,crunch,,1
R04716,H02346,B08,P029,2025-06-16,1,0,heat,flavour depth,0
R04717,H02349,B08,P029,2025-06-16,3,1,versatility,,0
R04718,H02356,B04,,2025-06-16,3,0,packaging,,1
R04719,H00033,B44,,2025-06-17,3,0,aftertaste,,0
R04720,H00520,B46,,2025-06-17,4,1,taste,,1
R04721,H00573,B12,,2025-06-17,4,1,sweetness,,0
R04722,H00648,B30,,2025-06-17,2,0,,heat,0
R04723,H00837,B19,,2025-06-17,5,0,flavour depth,,0
R04724,H01499,B06,,2025-06-17,2,0,,price,0
R04725,H01812,B17,,2025-06-17,3,1,,fizz,0
R04726,H01905,B27,,2025-06-17,5,1,texture,,0
R04727,H02047,B47,,2025-06-17,4,1,price,,1
R04728,H02091,B01,,2025-06-17,5,1,packaging,,1
R04729,H02154,B43,,2025-06-17,4,1,price,,0
R04730,H02194,B13,,2025-06-17,5,1,fizz,,1
R04731,H02195,B06,,2025-06-17,5,1,sweetness,,1
R04732,H02202,B34,,2025-06-17,5,1,packaging,,0
R04733,H02244,B23,,2025-06-17,4,1,texture,ingredients,0
R04734,H02303,B11,,2025-06-17,2,0,,price,0
R04735,H02337,B48,P029,2025-06-17,5,1,packaging,seasoning,1
R04736,H02341,B08,P029,2025-06-17,4,1,flavour depth,,1
R04737,H02346,B20,,2025-06-17,4,1,price,,0
R04738,H02347,B08,P029,2025-06-17,4,1,price,,0
R04739,H02389,B48,,2025-06-17,4,1,price,,1
R04740,H00273,B12,,2025-06-18,3,0,,aftertaste,0
R04741,H00284,B20,,2025-06-18,2,0,,price,0
R04742,H00463,B03,,2025-06-18,3,0,energy boost,,0
R04743,H00600,B31,,2025-06-18,2,0,,flavour depth,1
R04744,H00635,B37,,2025-06-18,3,0,sweetness,,0
R04745,H00807,B36,,2025-06-18,2,0,,portion size,0
R04746,H00971,B33,,2025-06-18,5,1,price,,1
R04747,H01112,B35,,2025-06-18,3,1,energy boost,,0
R04748,H01245,B04,,2025-06-18,4,1,crunch,,0
R04749,H01313,B42,,2025-06-18,5,1,packaging,,1
R04750,H01464,B47,,2025-06-18,2,0,,taste,0
R04751,H01539,B49,,2025-06-18,4,1,ingredients,,0
R04752,H01679,B37,,2025-06-18,1,0,,sweetness,0
R04753,H01926,B39,,2025-06-18,4,1,price,,1
R04754,H02052,B18,,2025-06-18,2,0,,sweetness,0
R04755,H02342,B07,P029,2025-06-18,3,1,heat,,0
R04756,H02345,B07,P029,2025-06-18,5,1,versatility,,1
R04757,H02346,B28,P029,2025-06-18,5,0,energy boost,,1
R04758,H02351,B07,P029,2025-06-18,4,1,jar size,,0
R04759,H00072,B09,,2025-06-19,4,0,texture,,0
R04760,H00112,B06,,2025-06-19,5,1,texture,,1
R04761,H00217,B21,,2025-06-19,3,1,,sweetness,0
R04762,H00487,B29,,2025-06-19,4,1,taste,,0
R04763,H00511,B17,,2025-06-19,3,0,price,,0
R04764,H00543,B07,,2025-06-19,5,1,price,,1
R04765,H00925,B42,,2025-06-19,4,1,strength,,1
R04766,H01041,B20,,2025-06-19,1,0,,refreshing,0
R04767,H01459,B10,,2025-06-19,5,1,aroma,,1
R04768,H01523,B07,,2025-06-19,4,0,heat,,0
R04769,H01563,B15,,2025-06-19,5,1,taste,,1
R04770,H01658,B11,,2025-06-19,3,0,packaging,,0
R04771,H01728,B37,,2025-06-19,2,0,,texture,0
R04772,H01919,B22,,2025-06-19,5,1,price,,1
R04773,H02078,B37,,2025-06-19,3,0,,texture,1
R04774,H02180,B42,,2025-06-19,3,0,,aroma,1
R04775,H00042,B49,,2025-06-20,3,0,,texture,0
R04776,H00397,B14,,2025-06-20,5,0,refreshing,,1
R04777,H00469,B01,,2025-06-20,3,1,,seasoning,0
R04778,H00472,B03,,2025-06-20,2,0,portability,price,0
R04779,H00481,B13,,2025-06-20,3,1,refreshing,,0
R04780,H00695,B38,,2025-06-20,4,1,ingredients,price,0
R04781,H01497,B35,,2025-06-20,2,1,,ingredients,0
R04782,H01509,B43,,2025-06-20,3,0,,refreshing,1
R04783,H01512,B25,,2025-06-20,4,0,portion size,,1
R04784,H01597,B13,,2025-06-20,5,1,sweetness,,1
R04785,H01648,B31,,2025-06-20,2,0,,texture,0
R04786,H01724,B44,,2025-06-20,4,1,sweetness,fizz,0
R04787,H01725,B36,,2025-06-20,3,0,,packaging,0
R04788,H01828,B47,,2025-06-20,4,0,texture,ingredients,0
R04789,H02097,B07,,2025-06-20,3,0,,price,0
R04790,H02301,B06,,2025-06-20,4,0,texture,,0
R04791,H00292,B14,,2025-06-21,3,0,price,,0
R04792,H00407,B33,,2025-06-21,3,0,sweetness,,1
R04793,H00586,B49,,2025-06-21,4,1,taste,,1
R04794,H00703,B05,,2025-06-21,4,1,price,,1
R04795,H00797,B43,,2025-06-21,5,1,fizz,,1
R04796,H00798,B48,,2025-06-21,5,1,crunch,,1
R04797,H00961,B43,,2025-06-21,3,0,sweetness,,0
R04798,H01019,B22,,2025-06-21,1,0,,sweetness,0
R04799,H01019,B20,,2025-06-21,3,0,,aftertaste,1
R04800,H01088,B07,,2025-06-21,3,1,texture,,1
R04801,H01293,B08,,2025-06-21,4,1,jar size,price,1
R04802,H01300,B27,,2025-06-21,2,0,,price,0
R04803,H01389,B06,,2025-06-21,3,1,,ingredients,0
R04804,H01521,B12,,2025-06-21,3,0,aftertaste,,0
R04805,H01548,B29,,2025-06-21,3,1,,energy boost,0
R04806,H01757,B23,,2025-06-21,4,1,price,,1
R04807,H01769,B23,,2025-06-21,5,1,ingredients,,1
R04808,H01956,B35,,2025-06-21,4,0,price,,1
R04809,H01968,B47,,2025-06-21,4,1,sweetness,,1
R04810,H02405,B20,,2025-06-21,4,1,refreshing,,0
R04811,H02413,B25,P030,2025-06-21,2,1,,saltiness,1
R04812,H02419,B03,P030,2025-06-21,1,0,price,taste,0
R04813,H00188,B16,,2025-06-22,2,0,,taste,0
R04814,H00248,B25,,2025-06-22,2,0,,portion size,1
R04815,H00416,B35,,2025-06-22,2,0,,energy boost,0
R04816,H00817,B38,,2025-06-22,5,1,taste,ingredients,0
R04817,H00935,B04,,2025-06-22,4,1,packaging,crunch,0
R04818,H01250,B46,,2025-06-22,3,0,aftertaste,,0
R04819,H01347,B27,,2025-06-22,3,0,heat,,0
R04820,H01701,B25,,2025-06-22,2,0,,saltiness,0
R04821,H01858,B46,,2025-06-22,3,0,,fizz,0
R04822,H02006,B46,,2025-06-22,2,0,,taste,0
R04823,H02144,B18,,2025-06-22,3,0,,taste,0
R04824,H02187,B19,,2025-06-22,4,1,versatility,,0
R04825,H02418,B40,P030,2025-06-22,2,0,fizz,aftertaste,0
R04826,H00005,B18,,2025-06-23,4,1,taste,,1
R04827,H00143,B26,,2025-06-23,3,1,packaging,,1
R04828,H00232,B23,,2025-06-23,3,0,packaging,,1
R04829,H00353,B48,,2025-06-23,3,1,,portion size,0
R04830,H00423,B17,,2025-06-23,4,0,price,,1
R04831,H00577,B25,,2025-06-23,3,1,price,,0
R04832,H00588,B29,,2025-06-23,4,1,energy boost,taste,0
R04833,H00685,B09,,2025-06-23,3,1,,price,0
R04834,H00708,B02,,2025-06-23,3,1,packaging,,1
R04835,H00757,B03,,2025-06-23,3,0,taste,,0
R04836,H00895,B43,,2025-06-23,2,0,,aftertaste,0
R04837,H01000,B47,,2025-06-23,2,1,,ingredients,0
R04838,H01021,B44,,2025-06-23,3,0,packaging,,0
R04839,H01156,B30,,2025-06-23,1,0,versatility,flavour depth,0
R04840,H01319,B02,,2025-06-23,4,1,packaging,,1
R04841,H01328,B13,,2025-06-23,4,1,fizz,,1
R04842,H01485,B05,,2025-06-23,2,0,,portion size,0
R04843,H01486,B11,,2025-06-23,2,0,,taste,0
R04844,H01489,B25,,2025-06-23,2,0,,price,0
R04845,H01548,B19,,2025-06-23,2,1,,texture,0
R04846,H01573,B05,,2025-06-23,1,0,,saltiness,0
R04847,H01597,B34,,2025-06-23,5,1,ingredients,,1
R04848,H01751,B36,,2025-06-23,3,1,,saltiness,1
R04849,H02019,B12,,2025-06-23,3,0,taste,,0
R04850,H02035,B29,,2025-06-23,4,0,texture,,1
R04851,H02072,B09,,2025-06-23,5,1,price,packaging,1
R04852,H02380,B12,,2025-06-23,3,0,,taste,1
R04853,H02412,B40,P030,2025-06-23,4,0,fizz,,1
R04854,H02414,B25,P030,2025-06-23,4,1,portion size,,0
R04855,H02418,B36,P030,2025-06-23,4,1,price,,0
R04856,H00076,B18,,2025-06-24,5,1,taste,,1
R04857,H00283,B13,,2025-06-24,5,1,packaging,sweetness,1
R04858,H00456,B16,,2025-06-24,4,1,aftertaste,,1
R04859,H00515,B29,,2025-06-24,5,0,taste,,1
R04860,H00580,B34,,2025-06-24,3,0,,ingredients,0
R04861,H00643,B13,,2025-06-24,5,1,refreshing,,0
R04862,H00997,B44,,2025-06-24,3,0,,aftertaste,0
R04863,H00998,B14,,2025-06-24,2,0,,taste,0
R04864,H01000,B03,,2025-06-24,4,1,portability,,0
R04865,H01153,B05,,2025-06-24,4,1,portion size,saltiness,1
R04866,H01187,B12,,2025-06-24,5,1,sweetness,price,1
R04867,H01199,B38,,2025-06-24,3,0,taste,,1
R04868,H01327,B29,,2025-06-24,3,0,,ingredients,0
R04869,H01519,B33,,2025-06-24,5,1,aftertaste,fizz,1
R04870,H01553,B47,,2025-06-24,4,1,taste,,0
R04871,H01740,B27,,2025-06-24,4,1,texture,,0
R04872,H01801,B09,,2025-06-24,5,1,sweetness,,1
R04873,H01840,B43,,2025-06-24,5,1,price,,0
R04874,H01924,B18,,2025-06-24,5,1,price,taste,1
R04875,H01981,B27,,2025-06-24,4,1,heat,flavour depth,0
R04876,H02193,B43,,2025-06-24,5,1,price,aftertaste,1
R04877,H02388,B05,,2025-06-24,5,1,packaging,seasoning,0
R04878,H02416,B25,P030,2025-06-24,4,0,price,crunch,0
R04879,H02417,B26,P030,2025-06-24,5,1,seasoning,,0
R04880,H02420,B36,P030,2025-06-24,3,0,crunch,,1
R04881,H02433,B37,,2025-06-24,3,1,,sweetness,0
R04882,H00123,B24,,2025-06-25,3,0,,ingredients,0
R04883,H00222,B33,,2025-06-25,2,1,,aftertaste,0
R04884,H00488,B37,,2025-06-25,4,0,ingredients,,1
R04885,H00532,B02,,2025-06-25,4,1,portion size,,0
R04886,H00564,B04,,2025-06-25,4,1,crunch,,1
R04887,H00637,B11,,2025-06-25,4,1,refreshing,,0
R04888,H00878,B43,,2025-06-25,5,0,refreshing,fizz,0
R04889,H00994,B30,,2025-06-25,3,0,,jar size,0
R04890,H01088,B43,,2025-06-25,3,0,,sweetness,0
R04891,H01254,B40,,2025-06-25,4,0,price,,1
R04892,H01410,B02,,2025-06-25,3,0,seasoning,,0
R04893,H01411,B09,,2025-06-25,3,0,price,,1
R04894,H01577,B14,,2025-06-25,5,1,fizz,,0
R04895,H01679,B25,,2025-06-25,3,0,,seasoning,0
R04896,H01703,B04,,2025-06-25,3,0,,seasoning,0
R04897,H02180,B27,,2025-06-25,2,0,flavour depth,versatility,0
R04898,H02259,B35,,2025-06-25,3,0,price,,1
R04899,H02325,B31,,2025-06-25,2,0,flavour depth,heat,0
R04900,H02410,B36,P030,2025-06-25,4,1,price,,0
R04901,H02412,B36,P030,2025-06-25,3,1,,packaging,0
R04902,H02415,B40,P030,2025-06-25,4,1,packaging,,1
R04903,H02416,B03,P030,2025-06-25,3,0,price,,0
R04904,H02418,B25,P030,2025-06-25,3,0,saltiness,,0
R04905,H00022,B47,,2025-06-26,3,0,,texture,0
R04906,H00047,B35,,2025-06-26,3,0,,ingredients,0
R04907,H00098,B25,,2025-06-26,5,1,seasoning,,1
R04908,H00141,B34,,2025-06-26,3,0,taste,,1
R04909,H00184,B48,,2025-06-26,5,1,price,,1
R04910,H00197,B04,,2025-06-26,2,0,,seasoning,0
R04911,H00215,B15,,2025-06-26,2,0,,sweetness,0
R04912,H00381,B23,,2025-06-26,2,0,,price,0
R04913,H00877,B44,,2025-06-26,3,1,fizz,,0
R04914,H00968,B39,,2025-06-26,1,0,jar size,texture,0
R04915,H01050,B28,,2025-06-26,2,0,,taste,0
R04916,H01063,B39,,2025-06-26,3,1,,flavour depth,0
R04917,H01239,B21,,2025-06-26,5,1,aftertaste,,0
R04918,H01282,B33,,2025-06-26,3,1,,fizz,0
R04919,H01309,B36,,2025-06-26,4,1,portion size,,0
R04920,H01356,B06,,2025-06-26,4,1,texture,packaging,0
R04921,H01486,B34,,2025-06-26,4,1,price,,0
R04922,H01499,B21,,2025-06-26,4,1,aftertaste,,0
R04923,H01574,B09,,2025-06-26,4,0,price,texture,0
R04924,H01633,B43,,2025-06-26,5,0,fizz,,1
R04925,H01711,B02,,2025-06-26,5,1,crunch,saltiness,1
R04926,H01718,B30,,2025-06-26,3,0,price,,0
R04927,H01724,B28,,2025-06-26,4,1,portability,,1
R04928,H01737,B14,,2025-06-26,5,1,packaging,,0
R04929,H02413,B26,P030,2025-06-26,5,1,packaging,,1
R04930,H02418,B03,P030,2025-06-26,4,1,ingredients,taste,0
R04931,H02423,B25,P030,2025-06-26,3,1,,seasoning,1
R04932,H02423,B40,P030,2025-06-26,4,0,packaging,,1
R04933,H02439,B34,,2025-06-26,4,1,taste,,0
R04934,H02442,B44,,2025-06-26,3,1,,refreshing,0
R04935,H00034,B16,,2025-06-27,2,0,,packaging,0
R04936,H00139,B14,,2025-06-27,5,1,refreshing,fizz,1
R04937,H00236,B41,,2025-06-27,4,1,price,,0
R04938,H00418,B32,,2025-06-27,3,0,,price,0
R04939,H00438,B47,,2025-06-27,3,0,taste,,0
R04940,H00441,B26,,2025-06-27,3,0,saltiness,,0
R04941,H00484,B12,,2025-06-27,4,1,taste,,0
R04942,H00618,B34,,2025-06-27,3,1,,ingredients,0
R04943,H00637,B45,,2025-06-27,5,1,packaging,,1
R04944,H00853,B42,,2025-06-27,2,0,,strength,0
R04945,H00927,B30,,2025-06-27,3,0,jar size,,0
R04946,H00930,B16,,2025-06-27,3,1,,aftertaste,0
R04947,H01065,B45,,2025-06-27,5,1,refreshing,,1
R04948,H01233,B38,,2025-06-27,5,1,packaging,,1
R04949,H01388,B12,,2025-06-27,4,0,sweetness,,0
R04950,H01394,B29,,2025-06-27,4,1,price,,1
R04951,H01506,B12,,2025-06-27,4,1,sweetness,,1
R04952,H02061,B23,,2025-06-27,2,0,,packaging,0
R04953,H02125,B49,,2025-06-27,5,0,ingredients,,1
R04954,H02277,B33,,2025-06-27,5,1,packaging,,1
R04955,H02409,B36,P030,2025-06-27,4,1,seasoning,,0
R04956,H02411,B36,P030,2025-06-27,5,1,price,,0
R04957,H02420,B26,P030,2025-06-27,5,1,portion size,,0
R04958,H02421,B25,P030,2025-06-27,3,0,saltiness,,0
R04959,H00044,B09,,2025-06-28,2,0,,ingredients,0
R04960,H00067,B31,,2025-06-28,3,0,heat,,0
R04961,H00179,B48,,2025-06-28,3,0,crunch,,0
R04962,H00182,B40,,2025-06-28,2,0,,fizz,0
R04963,H00187,B14,,2025-06-28,4,1,sweetness,,0
R04964,H00377,B11,,2025-06-28,4,1,sweetness,price,1
R04965,H00496,B47,,2025-06-28,3,1,,ingredients,0
R04966,H00727,B45,,2025-06-28,2,0,,taste,1
R04967,H00770,B26,,2025-06-28,3,0,price,,0
R04968,H00787,B14,,2025-06-28,4,0,sweetness,taste,1
R04969,H01375,B21,,2025-06-28,4,1,fizz,,1
R04970,H01415,B45,,2025-06-28,3,1,aftertaste,,1
R04971,H01704,B11,,2025-06-28,5,1,taste,sweetness,1
R04972,H01755,B22,,2025-06-28,3,1,,sweetness,0
R04973,H01889,B41,,2025-06-28,3,0,,saltiness,0
R04974,H02175,B32,,2025-06-28,2,0,,build quality,0
R04975,H02183,B37,,2025-06-28,5,1,texture,packaging,1
R04976,H02409,B26,P030,2025-06-28,4,0,price,packaging,1
R04977,H02417,B40,P030,2025-06-28,4,1,fizz,,0
R04978,H02420,B03,P030,2025-06-28,3,1,ingredients,,0
R04979,H02421,B26,P030,2025-06-28,5,1,portion size,,1
R04980,H00151,B33,,2025-06-29,4,1,packaging,sweetness,0
R04981,H00357,B37,,2025-06-29,4,0,ingredients,,0
R04982,H00794,B18,,2025-06-29,5,1,price,,1
R04983,H00911,B43,,2025-06-29,3,0,,taste,0
R04984,H00996,B49,,2025-06-29,3,0,,ingredients,0
R04985,H01145,B43,,2025-06-29,5,1,fizz,,1
R04986,H01233,B46,,2025-06-29,5,1,price,,0
R04987,H01498,B06,,2025-06-29,5,1,ingredients,,1
R04988,H02016,B49,,2025-06-29,3,1,,texture,0
R04989,H02349,B46,,2025-06-29,5,1,refreshing,packaging,1
R04990,H02392,B34,,2025-06-29,4,0,strength,,0
R04991,H02395,B14,,2025-06-29,4,0,sweetness,taste,0
R04992,H02398,B36,,2025-06-29,3,0,packaging,,0
R04993,H02457,B32,,2025-06-29,4,1,build quality,,0
R04994,H02462,B43,,2025-06-29,3,0,sweetness,,0
R04995,H00023,B27,,2025-06-30,4,1,jar size,flavour depth,0
R04996,H00437,B03,,2025-06-30,5,1,portability,,1
R04997,H00439,B45,,2025-06-30,3,0,,fizz,0
R04998,H00707,B27,,2025-06-30,4,1,flavour depth,,1
R04999,H00755,B13,,2025-06-30,4,1,packaging,refreshing,1
R05000,H00796,B46,,2025-06-30,4,1,fizz,,0
R05001,H00864,B47,,2025-06-30,3,0,,sweetness,1
R05002,H00884,B08,,2025-06-30,4,1,versatility,,0
R05003,H00891,B27,,2025-06-30,4,1,versatility,,0
R05004,H01108,B44,,2025-06-30,3,0,fizz,,0
R05005,H01154,B16,,2025-06-30,2,0,,fizz,0
R05006,H01303,B25,,2025-06-30,2,0,,crunch,0
R05007,H01363,B49,,2025-06-30,4,0,ingredients,,0
R05008,H01376,B09,,2025-06-30,4,0,sweetness,,1
R05009,H01416,B08,,2025-06-30,3,0,,versatility,0
R05010,H01473,B40,,2025-06-30,4,0,sweetness,,1
R05011,H01478,B35,,2025-06-30,2,0,portability,price,0
R05012,H01642,B37,,2025-06-30,4,1,sweetness,texture,1
R05013,H01695,B34,,2025-06-30,4,1,aroma,,0
R05014,H01727,B35,,2025-06-30,1,0,,price,0
R05015,H01802,B46,,2025-06-30,5,1,sweetness,packaging,1
R05016,H01933,B49,,2025-06-30,3,0,texture,,0
R05017,H01971,B31,,2025-06-30,3,0,,jar size,0
R05018,H02059,B02,,2025-06-30,4,1,price,,1
R05019,H02264,B17,,2025-06-30,3,0,,sweetness,1
R05020,H02322,B04,,2025-06-30,2,1,,saltiness,0
R05021,H02377,B18,,2025-06-30,2,0,,packaging,0
R05022,H00468,B02,,2025-07-01,3,1,saltiness,,1
R05023,H00573,B30,,2025-07-01,3,0,jar size,,0
R05024,H00726,B46,,2025-07-01,4,1,sweetness,,0
R05025,H00751,B47,,2025-07-01,3,0,,texture,0
R05026,H00779,B31,,2025-07-01,3,1,jar size,,0
R05027,H00811,B12,,2025-07-01,3,1,,aftertaste,0
R05028,H00824,B17,,2025-07-01,4,1,packaging,,0
R05029,H00853,B43,,2025-07-01,3,0,,price,0
R05030,H01162,B28,,2025-07-01,3,0,price,,0
R05031,H01242,B15,,2025-07-01,4,0,aftertaste,,1
R05032,H01317,B38,,2025-07-01,3,0,,texture,1
R05033,H01437,B40,,2025-07-01,3,1,,sweetness,1
R05034,H01807,B47,,2025-07-01,3,1,,taste,0
R05035,H01825,B32,,2025-07-01,3,0,size,,1
R05036,H01904,B24,,2025-07-01,4,0,taste,,1
R05037,H01908,B15,,2025-07-01,3,0,price,,0
R05038,H01931,B29,,2025-07-01,4,0,taste,,0
R05039,H02037,B06,,2025-07-01,3,0,packaging,,0
R05040,H02043,B06,,2025-07-01,2,0,,texture,0
R05041,H02043,B47,,2025-07-01,3,1,packaging,,0
R05042,H02227,B05,,2025-07-01,1,0,crunch,saltiness,0
R05043,H02227,B14,,2025-07-01,2,0,,fizz,0
R05044,H00024,B04,,2025-07-02,1,0,,crunch,0
R05045,H00035,B13,,2025-07-02,3,0,price,,1
R05046,H00108,B19,,2025-07-02,3,0,,heat,0
R05047,H00117,B47,,2025-07-02,3,1,,ingredients,0
R05048,H00128,B07,,2025-07-02,4,0,texture,,0
R05049,H00165,B24,,2025-07-02,5,1,packaging,,1
R05050,H00199,B43,,2025-07-02,5,1,sweetness,taste,1
R05051,H00468,B37,,2025-07-02,4,1,sweetness,,1
R05052,H00563,B38,,2025-07-02,5,1,taste,,0
R05053,H00669,B42,,2025-07-02,5,1,packaging,,1
R05054,H00756,B35,,2025-07-02,3,1,,texture,0
R05055,H00954,B46,,2025-07-02,3,0,,aftertaste,0
R05056,H00976,B49,,2025-07-02,2,0,,sweetness,0
R05057,H00979,B39,,2025-07-02,4,1,flavour depth,,1
R05058,H01126,B14,,2025-07-02,4,0,fizz,,0
R05059,H01151,B16,,2025-07-02,4,1,sweetness,,1
R05060,H01179,B35,,2025-07-02,1,0,,taste,0
R05061,H01357,B41,,2025-07-02,4,1,portion size,,1
R05062,H01501,B12,,2025-07-02,2,0,refreshing,packaging,0
R05063,H01529,B40,,2025-07-02,3,0,,aftertaste,0
R05064,H01545,B34,,2025-07-02,3,0,strength,,0
R05065,H01936,B18,,2025-07-02,5,1,price,,1
R05066,H01984,B45,,2025-07-02,4,1,taste,,1
R05067,H02277,B10,,2025-07-02,4,1,price,,0
R05068,H02405,B05,,2025-07-02,2,0,,price,0
R05069,H02418,B04,,2025-07-02,1,0,,seasoning,0
R05070,H02459,B01,,2025-07-02,4,1,price,,1
R05071,H00067,B43,,2025-07-03,5,1,packaging,sweetness,1
R05072,H00127,B48,,2025-07-03,4,1,seasoning,,0
R05073,H00386,B21,,2025-07-03,4,1,refreshing,,1
R05074,H00625,B05,,2025-07-03,4,0,saltiness,,1
R05075,H00698,B28,,2025-07-03,5,1,texture,,1
R05076,H00724,B06,,2025-07-03,1,0,,taste,0
R05077,H00765,B17,,2025-07-03,3,1,,sweetness,0
R05078,H00854,B13,,2025-07-03,4,1,fizz,,1
R05079,H00873,B46,,2025-07-03,4,1,aftertaste,,1
R05080,H00874,B40,,2025-07-03,3,0,,refreshing,0
R05081,H01003,B48,,2025-07-03,5,1,portion size,,1
R05082,H01044,B42,,2025-07-03,3,0,,price,0
R05083,H01295,B09,,2025-07-03,4,1,texture,,1
R05084,H01388,B27,,2025-07-03,3,1,price,,0
R05085,H01775,B48,,2025-07-03,4,1,seasoning,,0
R05086,H01860,B42,,2025-07-03,5,1,ingredients,,1
R05087,H01957,B11,,2025-07-03,5,1,fizz,,1
R05088,H02331,B48,,2025-07-03,4,1,portion size,,0
R05089,H02368,B43,,2025-07-03,3,1,,aftertaste,0
R05090,H02381,B14,,2025-07-03,2,0,,packaging,0
R05091,H00029,B24,,2025-07-04,3,1,aroma,,0
R05092,H00060,B21,,2025-07-04,5,1,sweetness,,1
R05093,H00096,B19,,2025-07-04,4,1,price,,1
R05094,H00107,B27,,2025-07-04,5,1,texture,,1
R05095,H00144,B25,,2025-07-04,4,1,saltiness,,1
R05096,H00163,B30,,2025-07-04,3,0,,texture,0
R05097,H00172,B13,,2025-07-04,4,1,refreshing,,1
R05098,H00388,B25,,2025-07-04,3,1,portion size,,0
R05099,H00396,B14,,2025-07-04,4,1,sweetness,,0
R05100,H00406,B04,,2025-07-04,2,0,,price,0
R05101,H00928,B29,,2025-07-04,3,1,,portability,0
R05102,H00966,B02,,2025-07-04,4,1,packaging,,0
R05103,H00978,B24,,2025-07-04,2,0,,strength,0
R05104,H01048,B07,,2025-07-04,3,1,jar size,,0
R05105,H01093,B14,,2025-07-04,3,1,,taste,0
R05106,H01420,B13,,2025-07-04,2,0,,price,0
R05107,H01431,B06,,2025-07-04,3,0,packaging,,1
R05108,H01766,B48,,2025-07-04,4,1,crunch,,1
R05109,H01809,B10,,2025-07-04,4,1,strength,packaging,1
R05110,H01910,B30,,2025-07-04,4,1,price,,1
R05111,H01917,B11,,2025-07-04,3,0,sweetness,,0
R05112,H02125,B17,,2025-07-04,2,0,,taste,0
R05113,H02297,B13,,2025-07-04,5,1,sweetness,,1
R05114,H00149,B02,,2025-07-05,4,0,packaging,,1
R05115,H00237,B07,,2025-07-05,3,1,,flavour depth,0
R05116,H00310,B15,,2025-07-05,1,0,,refreshing,0
R05117,H00469,B05,,2025-07-05,3,0,saltiness,,0
R05118,H00553,B45,,2025-07-05,2,0,,price,0
R05119,H00591,B08,,2025-07-05,4,1,heat,,1
R05120,H00602,B10,,2025-07-05,2,0,,taste,0
R05121,H00708,B05,,2025-07-05,3,0,packaging,,0
R05122,H01017,B32,,2025-07-05,3,0,price,,0
R05123,H01181,B11,,2025-07-05,4,1,refreshing,aftertaste,1
R05124,H01233,B24,,2025-07-05,5,1,ingredients,packaging,1
R05125,H01373,B35,,2025-07-05,1,0,,energy boost,0
R05126,H01769,B43,,2025-07-05,4,1,price,,1
R05127,H01801,B30,,2025-07-05,5,1,price,heat,1
R05128,H01879,B26,,2025-07-05,3,0,,seasoning,0
R05129,H01983,B07,,2025-07-05,2,0,versatility,texture,0
R05130,H01989,B21,,2025-07-05,5,1,price,,1
R05131,H02093,B17,,2025-07-05,4,1,refreshing,sweetness,1
R05132,H02460,B17,,2025-07-05,4,1,refreshing,price,1
R05133,H00202,B16,,2025-07-06,2,0,,fizz,1
R05134,H00246,B09,,2025-07-06,3,1,price,,0
R05135,H00381,B22,,2025-07-06,3,0,packaging,,0
R05136,H00429,B29,,2025-07-06,3,1,energy boost,,0
R05137,H00830,B25,,2025-07-06,4,1,portion size,price,0
R05138,H00858,B41,,2025-07-06,4,0,portion size,,0
R05139,H01161,B09,,2025-07-06,2,0,,sweetness,0
R05140,H01245,B18,,2025-07-06,2,0,aftertaste,taste,0
R05141,H01640,B47,,2025-07-06,2,0,,ingredients,1
R05142,H01751,B30,,2025-07-06,1,0,,jar size,0
R05143,H01810,B43,,2025-07-06,3,1,,packaging,0
R05144,H01823,B42,,2025-07-06,2,0,,strength,0
R05145,H01929,B01,,2025-07-06,2,0,,crunch,0
R05146,H02004,B42,,2025-07-06,3,0,ingredients,,0
R05147,H02197,B39,,2025-07-06,2,0,,versatility,0
R05148,H02217,B43,,2025-07-06,5,1,refreshing,,1
R05149,H02425,B24,,2025-07-06,4,1,strength,,0
R05150,H02482,B19,,2025-07-06,5,1,versatility,,1
R05151,H00027,B41,,2025-07-07,2,0,,portion size,0
R05152,H00071,B21,,2025-07-07,2,0,,aftertaste,0
R05153,H00364,B15,,2025-07-07,3,1,,aftertaste,1
R05154,H00377,B26,,2025-07-07,3,0,seasoning,,0
R05155,H00429,B38,,2025-07-07,3,0,packaging,,0
R05156,H00493,B43,,2025-07-07,4,1,sweetness,,0
R05157,H00688,B26,,2025-07-07,3,0,seasoning,,0
R05158,H00753,B07,,2025-07-07,2,1,heat,texture,0
R05159,H01060,B48,,2025-07-07,4,1,saltiness,price,1
R05160,H01518,B21,,2025-07-07,2,0,aftertaste,fizz,0
R05161,H01553,B13,,2025-07-07,3,1,sweetness,,0
R05162,H01553,B22,,2025-07-07,4,0,texture,price,0
R05163,H01857,B18,,2025-07-07,3,0,price,,0
R05164,H01940,B09,,2025-07-07,3,1,sweetness,,0
R05165,H01942,B21,,2025-07-07,3,0,sweetness,,0
R05166,H02111,B02,,2025-07-07,4,1,price,crunch,0
R05167,H02123,B30,,2025-07-07,4,1,texture,,1
R05168,H02213,B24,,2025-07-07,3,0,ingredients,,0
R05169,H02241,B32,,2025-07-07,4,0,usefulness,,1
R05170,H02444,B25,,2025-07-07,3,0,,crunch,0
R05171,H00085,B31,,2025-07-08,2,1,,price,0
R05172,H00091,B18,,2025-07-08,3,0,,price,0
R05173,H00134,B26,,2025-07-08,4,1,portion size,,0
R05174,H00414,B08,,2025-07-08,3,1,,jar size,0
R05175,H00441,B07,,2025-07-08,5,1,versatility,,1
R05176,H00448,B24,,2025-07-08,2,0,,strength,0
R05177,H00569,B07,,2025-07-08,4,1,flavour depth,,1
R05178,H00689,B06,,2025-07-08,4,0,sweetness,,0
R05179,H00697,B15,,2025-07-08,3,1,,sweetness,0
R05180,H00781,B20,,2025-07-08,2,1,,fizz,0
R05181,H00805,B19,,2025-07-08,5,1,flavour depth,,0
R05182,H00863,B03,,2025-07-08,4,1,texture,,1
R05183,H01073,B14,,2025-07-08,3,1,packaging,,0
R05184,H01145,B42,,2025-07-08,3,0,ingredients,,0
R05185,H01170,B16,,2025-07-08,4,1,packaging,,1
R05186,H01180,B36,,2025-07-08,2,0,,packaging,0
R05187,H01295,B37,,2025-07-08,3,0,,sweetness,0
R05188,H01596,B21,,2025-07-08,3,0,price,,0
R05189,H02035,B10,,2025-07-08,4,1,aroma,packaging,0
R05190,H02107,B33,,2025-07-08,4,0,fizz,,1
R05191,H02156,B04,,2025-07-08,3,0,price,,1
R05192,H02218,B10,,2025-07-08,4,1,taste,,1
R05193,H02276,B04,,2025-07-08,3,1,,price,0
R05194,H00308,B04,,2025-07-09,1,0,packaging,portion size,0
R05195,H00364,B21,,2025-07-09,5,1,packaging,,1
R05196,H00498,B32,,2025-07-09,4,1,price,,0
R05197,H00519,B49,,2025-07-09,2,0,,packaging,0
R05198,H00605,B18,,2025-07-09,3,0,,fizz,0
R05199,H00965,B14,,2025-07-09,4,1,packaging,,1
R05200,H01056,B27,,2025-07-09,4,1,heat,jar size,0
R05201,H01284,B13,,2025-07-09,4,1,taste,aftertaste,1
R05202,H01323,B36,,2025-07-09,4,1,saltiness,,1
R05203,H01657,B36,,2025-07-09,5,1,packaging,,1
R05204,H01791,B09,,2025-07-09,2,0,,price,0
R05205,H01797,B04,,2025-07-09,1,0,price,packaging,0
R05206,H01804,B01,,2025-07-09,4,1,portion size,price,0
R05207,H01938,B31,,2025-07-09,4,1,versatility,,0
R05208,H02027,B34,,2025-07-09,1,0,ingredients,price,0
R05209,H02033,B44,,2025-07-09,3,0,refreshing,,0
R05210,H02102,B22,,2025-07-09,3,0,,sweetness,0
R05211,H02272,B46,,2025-07-09,4,0,refreshing,,0
R05212,H00183,B15,,2025-07-10,3,0,taste,,1
R05213,H00233,B48,,2025-07-10,5,1,price,,0
R05214,H00268,B33,,2025-07-10,4,0,fizz,,1
R05215,H00333,B26,,2025-07-10,3,0,,crunch,0
R05216,H00444,B44,,2025-07-10,4,0,refreshing,,1
R05217,H00507,B11,,2025-07-10,5,1,sweetness,,1
R05218,H00520,B30,,2025-07-10,2,0,,price,0
R05219,H00603,B15,,2025-07-10,5,1,fizz,,1
R05220,H00604,B12,,2025-07-10,5,1,packaging,,1
R05221,H00736,B27,,2025-07-10,5,1,price,versatility,0
R05222,H00891,B48,,2025-07-10,4,1,seasoning,,0
R05223,H01294,B03,,2025-07-10,2,0,,energy boost,0
R05224,H01315,B14,,2025-07-10,3,0,,packaging,0
R05225,H01515,B38,,2025-07-10,4,0,texture,,0
R05226,H01628,B42,,2025-07-10,2,0,,price,1
R05227,H01787,B39,,2025-07-10,4,1,heat,price,1
R05228,H01919,B14,,2025-07-10,4,0,fizz,,1
R05229,H02026,B31,,2025-07-10,3,1,heat,,0
R05230,H02327,B04,,2025-07-10,1,0,,price,0
R05231,H00039,B07,,2025-07-11,4,1,versatility,texture,1
R05232,H00672,B45,,2025-07-11,2,0,,sweetness,0
R05233,H00695,B43,,2025-07-11,3,1,,aftertaste,0
R05234,H00825,B44,,2025-07-11,2,0,,price,0
R05235,H01020,B30,,2025-07-11,1,0,,price,0
R05236,H01147,B42,,2025-07-11,3,0,ingredients,,0
R05237,H01191,B22,,2025-07-11,3,1,,texture,0
R05238,H01235,B19,,2025-07-11,5,1,texture,,1
R05239,H01425,B28,,2025-07-11,3,1,,price,1
R05240,H01461,B45,,2025-07-11,4,1,refreshing,,0
R05241,H01633,B08,,2025-07-11,4,1,versatility,,0
R05242,H02072,B36,,2025-07-11,2,0,,portion size,0
R05243,H02093,B08,,2025-07-11,2,0,jar size,versatility,0
R05244,H02356,B12,,2025-07-11,3,0,,aftertaste,0
R05245,H02389,B49,,2025-07-11,5,1,price,,1
R05246,H00061,B04,,2025-07-12,4,0,price,seasoning,1
R05247,H00309,B41,,2025-07-12,2,0,crunch,packaging,0
R05248,H00615,B14,,2025-07-12,5,1,refreshing,,1
R05249,H00803,B27,,2025-07-12,5,1,versatility,flavour depth,1
R05250,H00887,B49,,2025-07-12,3,0,texture,,0
R05251,H00924,B34,,2025-07-12,3,0,,packaging,0
R05252,H00947,B45,,2025-07-12,4,0,aftertaste,,1
R05253,H01193,B22,,2025-07-12,2,0,,texture,0
R05254,H01195,B01,,2025-07-12,1,0,,price,0
R05255,H01301,B49,,2025-07-12,4,1,packaging,,1
R05256,H01659,B28,,2025-07-12,3,1,,energy boost,0
R05257,H01685,B43,,2025-07-12,3,1,aftertaste,,0
R05258,H01735,B26,,2025-07-12,3,0,saltiness,,0
R05259,H01911,B26,,2025-07-12,2,0,,packaging,0
R05260,H01971,B27,,2025-07-12,3,1,,flavour depth,0
R05261,H02027,B43,,2025-07-12,4,0,refreshing,,0
R05262,H02435,B14,,2025-07-12,5,1,aftertaste,,1
R05263,H02440,B03,,2025-07-12,5,1,portability,,1
R05264,H02536,B26,P031,2025-07-12,4,1,saltiness,,0
R05265,H00008,B28,,2025-07-13,5,1,texture,,1
R05266,H00012,B14,,2025-07-13,3,1,aftertaste,,0
R05267,H00234,B47,,2025-07-13,2,1,,price,0
R05268,H00282,B07,,2025-07-13,2,0,,versatility,1
R05269,H00433,B31,,2025-07-13,3,1,jar size,,0
R05270,H00626,B24,,2025-07-13,3,0,price,,0
R05271,H00905,B10,,2025-07-13,4,1,price,strength,1
R05272,H00924,B03,,2025-07-13,3,1,,ingredients,1
R05273,H00926,B16,,2025-07-13,3,1,,packaging,0
R05274,H00933,B37,,2025-07-13,5,1,taste,,1
R05275,H00948,B26,,2025-07-13,3,1,seasoning,,0
R05276,H01014,B07,,2025-07-13,5,1,price,,1
R05277,H01090,B31,,2025-07-13,4,1,price,heat,0
R05278,H01121,B07,,2025-07-13,5,1,flavour depth,,0
R05279,H01155,B23,,2025-07-13,1,0,,ingredients,0
R05280,H01206,B38,,2025-07-13,2,0,,ingredients,0
R05281,H01295,B36,,2025-07-13,2,0,portion size,seasoning,0
R05282,H01347,B34,,2025-07-13,3,1,packaging,,1
R05283,H01479,B19,,2025-07-13,2,0,versatility,price,0
R05284,H01522,B06,,2025-07-13,5,1,taste,,1
R05285,H01968,B27,,2025-07-13,3,1,,jar size,0
R05286,H02060,B27,,2025-07-13,2,0,versatility,price,0
R05287,H02173,B43,,2025-07-13,3,0,,packaging,0
R05288,H02184,B35,,2025-07-13,3,0,,texture,0
R05289,H02271,B06,,2025-07-13,4,1,taste,,0
R05290,H02535,B02,P031,2025-07-13,4,1,packaging,,0
R05291,H00094,B23,,2025-07-14,5,1,ingredients,packaging,1
R05292,H00268,B27,,2025-07-14,4,0,versatility,,0
R05293,H00435,B19,,2025-07-14,5,1,price,,0
R05294,H00448,B13,,2025-07-14,2,0,,refreshing,0
R05295,H00651,B29,,2025-07-14,5,1,taste,texture,1
R05296,H00678,B27,,2025-07-14,4,1,price,,0
R05297,H00693,B39,,2025-07-14,4,1,heat,texture,0
R05298,H00822,B40,,2025-07-14,2,0,,taste,0
R05299,H00937,B12,,2025-07-14,5,1,price,fizz,1
R05300,H01003,B24,,2025-07-14,2,0,,ingredients,0
R05301,H01005,B49,,2025-07-14,3,1,,texture,0
R05302,H01051,B42,,2025-07-14,3,0,,strength,1
R05303,H01105,B03,,2025-07-14,1,0,,price,1
R05304,H01548,B31,,2025-07-14,3,0,versatility,,0
R05305,H01793,B12,,2025-07-14,2,0,,fizz,0
R05306,H01830,B28,,2025-07-14,2,1,,portability,0
R05307,H01953,B33,,2025-07-14,3,0,,fizz,0
R05308,H02228,B46,,2025-07-14,4,1,sweetness,,0
R05309,H02535,B03,P031,2025-07-14,4,0,price,,0
R05310,H00199,B20,,2025-07-15,5,1,refreshing,,1
R05311,H00437,B43,,2025-07-15,5,1,refreshing,,0
R05312,H00582,B14,,2025-07-15,1,0,,fizz,0
R05313,H00872,B29,,2025-07-15,2,0,,energy boost,0
R05314,H00994,B04,,2025-07-15,4,1,saltiness,,1
R05315,H01194,B11,,2025-07-15,3,1,price,,1
R05316,H01424,B19,,2025-07-15,5,1,jar size,,1
R05317,H01605,B12,,2025-07-15,4,1,price,aftertaste,0
R05318,H01774,B08,,2025-07-15,1,0,,flavour depth,0
R05319,H01789,B49,,2025-07-15,4,0,taste,,0
R05320,H02338,B46,,2025-07-15,4,1,refreshing,,1
R05321,H02417,B24,,2025-07-15,5,1,aroma,,0
R05322,H02462,B26,,2025-07-15,2,0,,saltiness,0
R05323,H02491,B32,,2025-07-15,3,0,,usefulness,0
R05324,H02536,B03,P031,2025-07-15,3,1,ingredients,,1
R05325,H02536,B17,P031,2025-07-15,3,0,,fizz,0
R05326,H00224,B36,,2025-07-16,3,0,,packaging,0
R05327,H00302,B01,,2025-07-16,5,1,crunch,,0
R05328,H00471,B01,,2025-07-16,2,0,,crunch,0
R05329,H00652,B36,,2025-07-16,4,1,saltiness,,0
R05330,H00832,B19,,2025-07-16,5,1,price,,0
R05331,H01216,B04,,2025-07-16,4,1,saltiness,,0
R05332,H01289,B28,,2025-07-16,5,1,texture,,1
R05333,H01304,B36,,2025-07-16,3,0,,packaging,0
R05334,H01420,B29,,2025-07-16,4,0,texture,,0
R05335,H01618,B38,,2025-07-16,3,1,,taste,0
R05336,H01668,B32,,2025-07-16,3,0,size,,0
R05337,H01819,B43,,2025-07-16,5,1,aftertaste,,1
R05338,H01866,B30,,2025-07-16,5,0,flavour depth,,0
R05339,H02037,B34,,2025-07-16,3,0,,ingredients,0
R05340,H02058,B47,,2025-07-16,5,1,sweetness,texture,1
R05341,H02252,B37,,2025-07-16,3,0,ingredients,,0
R05342,H02534,B03,P031,2025-07-16,3,0,,texture,1
R05343,H00013,B38,,2025-07-17,4,0,texture,,1
R05344,H00052,B36,,2025-07-17,4,1,saltiness,packaging,0
R05345,H00183,B46,,2025-07-17,3,1,,sweetness,0
R05346,H00228,B35,,2025-07-17,3,0,,ingredients,0
R05347,H00238,B10,,2025-07-17,2,0,,packaging,0
R05348,H00247,B44,,2025-07-17,5,1,packaging,,1
R05349,H00350,B20,,2025-07-17,4,1,packaging,,1
R05350,H00525,B07,,2025-07-17,3,1,flavour depth,,0
R05351,H00789,B24,,2025-07-17,4,1,strength,,1
R05352,H00900,B22,,2025-07-17,3,1,,ingredients,1
R05353,H01063,B17,,2025-07-17,3,0,price,,0
R05354,H01182,B21,,2025-07-17,4,0,aftertaste,,1
R05355,H01519,B25,,2025-07-17,3,1,seasoning,,1
R05356,H01632,B39,,2025-07-17,5,1,heat,,1
R05357,H01724,B12,,2025-07-17,3,0,,packaging,0
R05358,H01856,B48,,2025-07-17,3,1,price,,0
R05359,H02054,B05,,2025-07-17,2,0,,crunch,0
R05360,H02110,B38,,2025-07-17,2,0,,sweetness,0
R05361,H02196,B25,,2025-07-17,4,1,packaging,,0
R05362,H02254,B14,,2025-07-17,5,1,fizz,taste,0
R05363,H00119,B19,,2025-07-18,4,1,heat,,0
R05364,H00465,B10,,2025-07-18,4,1,packaging,,1
R05365,H00482,B12,,2025-07-18,2,0,,packaging,0
R05366,H00550,B32,,2025-07-18,5,1,price,,1
R05367,H00576,B30,,2025-07-18,2,0,,jar size,0
R05368,H00679,B39,,2025-07-18,5,1,texture,,1
R05369,H00899,B45,,2025-07-18,3,1,,aftertaste,0
R05370,H01042,B25,,2025-07-18,4,1,portion size,,0
R05371,H01210,B49,,2025-07-18,3,0,texture,,0
R05372,H01553,B17,,2025-07-18,4,1,price,,1
R05373,H01625,B13,,2025-07-18,2,0,,price,0
R05374,H01802,B13,,2025-07-18,1,0,,fizz,0
R05375,H01916,B08,,2025-07-18,4,1,flavour depth,,1
R05376,H02065,B11,,2025-07-18,1,0,,packaging,0
R05377,H02094,B43,,2025-07-18,2,0,,price,0
R05378,H02141,B40,,2025-07-18,3,0,aftertaste,,0
R05379,H02179,B19,,2025-07-18,2,0,,price,0
R05380,H02280,B38,,2025-07-18,5,1,taste,,1
R05381,H02302,B15,,2025-07-18,4,1,fizz,,1
R05382,H02319,B41,,2025-07-18,3,0,,packaging,0
R05383,H02534,B26,P031,2025-07-18,4,0,seasoning,,0
R05384,H00034,B42,,2025-07-19,4,1,packaging,,1
R05385,H00247,B37,,2025-07-19,4,1,price,taste,0
R05386,H00351,B07,,2025-07-19,3,0,heat,,1
R05387,H00793,B21,,2025-07-19,5,1,price,,1
R05388,H00968,B14,,2025-07-19,3,1,price,,0
R05389,H01024,B09,,2025-07-19,4,0,ingredients,,0
R05390,H01146,B27,,2025-07-19,4,1,versatility,flavour depth,0
R05391,H01206,B16,,2025-07-19,3,0,aftertaste,,0
R05392,H01298,B04,,2025-07-19,4,1,packaging,,0
R05393,H01401,B47,,2025-07-19,4,1,taste,,1
R05394,H01475,B41,,2025-07-19,3,1,,seasoning,0
R05395,H01675,B34,,2025-07-19,3,1,,packaging,0
R05396,H01711,B21,,2025-07-19,2,0,,refreshing,0
R05397,H01712,B03,,2025-07-19,5,1,ingredients,,1
R05398,H01745,B19,,2025-07-19,5,1,flavour depth,,1
R05399,H01835,B27,,2025-07-19,4,1,jar size,,0
R05400,H01874,B37,,2025-07-19,1,0,,sweetness,0
R05401,H02467,B31,,2025-07-19,2,0,,versatility,0
R05402,H02534,B17,P031,2025-07-19,3,0,refreshing,,0
R05403,H00278,B39,,2025-07-20,4,1,versatility,price,0
R05404,H00356,B32,,2025-07-20,3,1,design,,1
R05405,H00380,B37,,2025-07-20,5,1,taste,,1
R05406,H00607,B35,,2025-07-20,4,1,texture,price,1
R05407,H00622,B43,,2025-07-20,4,1,packaging,,0
R05408,H00632,B15,,2025-07-20,3,0,,price,0
R05409,H00659,B34,,2025-07-20,4,1,aroma,,0
R05410,H00737,B14,,2025-07-20,3,0,refreshing,,0
R05411,H00776,B05,,2025-07-20,3,1,packaging,,0
R05412,H00849,B45,,2025-07-20,2,0,,aftertaste,0
R05413,H00961,B14,,2025-07-20,3,0,aftertaste,,0
R05414,H01099,B46,,2025-07-20,5,1,sweetness,fizz,1
R05415,H01484,B08,,2025-07-20,2,0,,texture,0
R05416,H01544,B10,,2025-07-20,4,1,aroma,,1
R05417,H01638,B11,,2025-07-20,4,1,price,,0
R05418,H01914,B24,,2025-07-20,4,1,ingredients,,1
R05419,H01996,B26,,2025-07-20,4,0,portion size,packaging,0
R05420,H02079,B47,,2025-07-20,4,1,price,taste,1
R05421,H02186,B27,,2025-07-20,5,1,texture,,1
R05422,H02466,B32,,2025-07-20,3,0,,price,0
R05423,H02514,B13,,2025-07-20,3,1,price,,0
R05424,H02554,B44,,2025-07-20,3,0,packaging,,1
R05425,H02558,B11,,2025-07-20,3,0,,aftertaste,0
R05426,H00020,B12,,2025-07-21,2,0,,fizz,0
R05427,H00096,B30,,2025-07-21,2,0,,jar size,0
R05428,H00139,B31,,2025-07-21,4,0,heat,jar size,1
R05429,H00208,B04,,2025-07-21,3,0,seasoning,,0
R05430,H00228,B08,,2025-07-21,2,0,heat,texture,0
R05431,H00364,B32,,2025-07-21,3,1,,size,0
R05432,H00402,B19,,2025-07-21,3,0,,versatility,1
R05433,H00749,B24,,2025-07-21,5,1,packaging,price,1
R05434,H00809,B38,,2025-07-21,3,1,price,,0
R05435,H01010,B22,,2025-07-21,3,0,,ingredients,0
R05436,H01087,B16,,2025-07-21,1,0,,packaging,0
R05437,H01226,B09,,2025-07-21,4,0,taste,,1
R05438,H01304,B06,,2025-07-21,3,1,,texture,0
R05439,H01443,B18,,2025-07-21,3,1,,taste,0
R05440,H01600,B38,,2025-07-21,3,1,packaging,,0
R05441,H01661,B06,,2025-07-21,4,1,taste,,1
R05442,H01975,B42,,2025-07-21,5,1,price,,1
R05443,H02308,B35,,2025-07-21,4,1,taste,energy boost,1
R05444,H02471,B44,,2025-07-21,4,0,packaging,,1
R05445,H00090,B08,,2025-07-22,3,1,texture,,0
R05446,H00091,B28,,2025-07-22,4,0,portability,,1
R05447,H00143,B28,,2025-07-22,5,1,ingredients,,1
R05448,H00348,B46,,2025-07-22,5,1,packaging,,0
R05449,H00436,B43,,2025-07-22,3,0,sweetness,,0
R05450,H00443,B19,,2025-07-22,5,1,versatility,,0
R05451,H01189,B34,,2025-07-22,4,1,packaging,taste,0
R05452,H01197,B25,,2025-07-22,3,1,,price,1
R05453,H01265,B22,,2025-07-22,5,1,texture,,1
R05454,H01279,B31,,2025-07-22,3,0,,versatility,0
R05455,H01283,B01,,2025-07-22,5,1,seasoning,portion size,1
R05456,H01354,B38,,2025-07-22,2,0,,sweetness,0
R05457,H01460,B03,,2025-07-22,2,0,,texture,1
R05458,H01581,B22,,2025-07-22,4,1,price,,0
R05459,H01721,B45,,2025-07-22,4,1,price,,0
R05460,H01732,B39,,2025-07-22,3,1,jar size,,0
R05461,H01827,B26,,2025-07-22,4,0,saltiness,,1
R05462,H01955,B26,,2025-07-22,4,1,portion size,,0
R05463,H02308,B31,,2025-07-22,4,1,price,,1
R05464,H02402,B11,,2025-07-22,1,0,,taste,0
R05465,H00053,B04,,2025-07-23,4,1,price,,1
R05466,H00121,B23,,2025-07-23,2,0,sweetness,taste,0
R05467,H00513,B19,,2025-07-23,3,0,heat,,0
R05468,H00579,B26,,2025-07-23,4,1,saltiness,,1
R05469,H00614,B14,,2025-07-23,3,0,,aftertaste,0
R05470,H00665,B05,,2025-07-23,3,0,,portion size,0
R05471,H00999,B33,,2025-07-23,1,0,,fizz,0
R05472,H01096,B24,,2025-07-23,3,1,,packaging,0
R05473,H01183,B18,,2025-07-23,2,0,,sweetness,0
R05474,H01422,B44,,2025-07-23,4,1,sweetness,,0
R05475,H01605,B21,,2025-07-23,5,1,refreshing,,1
R05476,H01647,B23,,2025-07-23,3,1,texture,,0
R05477,H01836,B16,,2025-07-23,3,1,fizz,,0
R05478,H01900,B10,,2025-07-23,5,1,strength,,1
R05479,H01919,B42,,2025-07-23,5,1,strength,ingredients,1
R05480,H01921,B14,,2025-07-23,5,0,price,,1
R05481,H01949,B04,,2025-07-23,4,0,saltiness,,0
R05482,H02009,B09,,2025-07-23,4,1,price,taste,0
R05483,H02077,B05,,2025-07-23,2,0,,seasoning,1
R05484,H02086,B08,,2025-07-23,3,0,,jar size,0
R05485,H02151,B27,,2025-07-23,5,1,texture,,1
R05486,H02210,B22,,2025-07-23,3,1,packaging,,0
R05487,H02427,B14,,2025-07-23,4,1,aftertaste,packaging,0
R05488,H02485,B34,,2025-07-23,3,0,aroma,,0
R05489,H00101,B29,,2025-07-24,4,1,energy boost,,1
R05490,H00345,B29,,2025-07-24,4,1,energy boost,,1
R05491,H00638,B33,,2025-07-24,3,0,,taste,0
R05492,H00684,B14,,2025-07-24,4,0,sweetness,,0
R05493,H00698,B22,,2025-07-24,5,1,packaging,,1
R05494,H00853,B21,,2025-07-24,5,1,price,,0
R05495,H00859,B05,,2025-07-24,2,0,portion size,seasoning,0
R05496,H01283,B35,,2025-07-24,5,1,taste,ingredients,1
R05497,H01570,B19,,2025-07-24,3,0,,price,0
R05498,H02084,B17,,2025-07-24,3,1,price,,0
R05499,H02163,B17,,2025-07-24,5,1,price,,1
R05500,H02294,B23,,2025-07-24,4,0,ingredients,,1
R05501,H02420,B06,,2025-07-24,3,0,packaging,,0
R05502,H00067,B01,,2025-07-25,3,0,,portion size,0
R05503,H00251,B45,,2025-07-25,1,0,,fizz,0
R05504,H00319,B40,,2025-07-25,3,0,,packaging,0
R05505,H00413,B15,,2025-07-25,2,0,,sweetness,0
R05506,H00433,B39,,2025-07-25,5,1,flavour depth,,0
R05507,H00623,B40,,2025-07-25,3,0,refreshing,,1
R05508,H00639,B11,,2025-07-25,2,0,,aftertaste,0
R05509,H00762,B31,,2025-07-25,4,1,versatility,,1
R05510,H01023,B22,,2025-07-25,5,1,packaging,,1
R05511,H01050,B13,,2025-07-25,5,1,packaging,,0
R05512,H01060,B07,,2025-07-25,2,0,,heat,0
R05513,H01157,B29,,2025-07-25,3,0,,taste,0
R05514,H01214,B12,,2025-07-25,4,1,taste,,1
R05515,H01311,B22,,2025-07-25,2,0,price,packaging,0
R05516,H01345,B24,,2025-07-25,4,1,packaging,taste,0
R05517,H01549,B45,,2025-07-25,4,0,fizz,taste,0
R05518,H01707,B24,,2025-07-25,3,0,,aroma,0
R05519,H01984,B24,,2025-07-25,3,0,,strength,0
R05520,H02061,B47,,2025-07-25,2,0,,price,0
R05521,H02195,B47,,2025-07-25,4,1,sweetness,texture,0
R05522,H02225,B35,,2025-07-25,3,1,taste,,0
R05523,H02359,B28,,2025-07-25,3,0,,texture,0
R05524,H02542,B31,,2025-07-25,4,1,flavour depth,,0
R05525,H02582,B02,,2025-07-25,2,0,,portion size,0
R05526,H00016,B19,,2025-07-26,5,1,heat,,0
R05527,H00033,B24,,2025-07-26,4,1,strength,,1
R05528,H00081,B09,,2025-07-26,3,1,ingredients,,1
R05529,H00129,B05,,2025-07-26,3,1,,saltiness,1
R05530,H00623,B45,,2025-07-26,3,1,sweetness,,0
R05531,H00643,B05,,2025-07-26,3,1,saltiness,,1
R05532,H00693,B42,,2025-07-26,2,0,,packaging,0
R05533,H01062,B14,,2025-07-26,4,1,taste,,1
R05534,H01159,B30,,2025-07-26,3,1,jar size,,0
R05535,H01306,B16,,2025-07-26,3,1,,refreshing,0
R05536,H01337,B43,,2025-07-26,3,0,aftertaste,,0
R05537,H01411,B18,,2025-07-26,3,1,,aftertaste,0
R05538,H01675,B32,,2025-07-26,2,0,,size,0
R05539,H01865,B39,,2025-07-26,5,1,flavour depth,,1
R05540,H02027,B26,,2025-07-26,2,0,,seasoning,0
R05541,H02088,B04,,2025-07-26,3,1,,saltiness,0
R05542,H02126,B47,,2025-07-26,5,1,price,,1
R05543,H02318,B36,,2025-07-26,3,0,,seasoning,1
R05544,H00368,B27,,2025-07-27,3,0,,versatility,0
R05545,H00397,B38,,2025-07-27,5,1,packaging,texture,1
R05546,H00533,B08,,2025-07-27,4,0,price,,1
R05547,H00544,B22,,2025-07-27,5,1,packaging,,1
R05548,H00588,B45,,2025-07-27,3,1,,fizz,0
R05549,H00815,B12,,2025-07-27,5,1,sweetness,,0
R05550,H00861,B24,,2025-07-27,5,1,aroma,,1
R05551,H00970,B31,,2025-07-27,4,1,texture,,0
R05552,H01004,B17,,2025-07-27,1,0,,price,0
R05553,H01146,B49,,2025-07-27,5,1,sweetness,,0
R05554,H01266,B37,,2025-07-27,2,0,,price,0
R05555,H01377,B44,,2025-07-27,2,0,,sweetness,0
R05556,H01496,B48,,2025-07-27,2,0,,packaging,0
R05557,H01750,B24,,2025-07-27,3,0,packaging,,0
R05558,H02220,B23,,2025-07-27,3,0,ingredients,,0
R05559,H02331,B45,,2025-07-27,4,1,refreshing,,1
R05560,H02393,B01,,2025-07-27,4,0,crunch,portion size,1
R05561,H02588,B38,,2025-07-27,4,0,texture,,0
R05562,H02595,B24,P032,2025-07-27,3,0,,aroma,1
R05563,H00406,B15,,2025-07-28,4,1,sweetness,,0
R05564,H00548,B42,,2025-07-28,4,1,price,,1
R05565,H00550,B43,,2025-07-28,3,0,,taste,0
R05566,H00639,B02,,2025-07-28,3,1,packaging,,0
R05567,H00743,B36,,2025-07-28,5,0,crunch,,0
R05568,H00821,B36,,2025-07-28,2,0,,portion size,0
R05569,H00845,B19,,2025-07-28,3,1,,versatility,0
R05570,H00874,B27,,2025-07-28,5,1,texture,versatility,1
R05571,H00889,B05,,2025-07-28,1,0,seasoning,portion size,0
R05572,H00963,B48,,2025-07-28,4,1,price,,1
R05573,H00965,B16,,2025-07-28,4,1,fizz,,1
R05574,H01055,B06,,2025-07-28,2,1,price,taste,0
R05575,H01075,B42,,2025-07-28,1,0,,strength,0
R05576,H01150,B36,,2025-07-28,5,1,packaging,,1
R05577,H01427,B06,,2025-07-28,4,1,sweetness,,0
R05578,H01531,B16,,2025-07-28,1,0,,aftertaste,0
R05579,H01539,B27,,2025-07-28,4,1,texture,,1
R05580,H01811,B43,,2025-07-28,2,0,,fizz,0
R05581,H01946,B12,,2025-07-28,2,0,,sweetness,0
R05582,H02170,B14,,2025-07-28,5,1,taste,,1
R05583,H02205,B13,,2025-07-28,2,0,sweetness,aftertaste,0
R05584,H02251,B19,,2025-07-28,3,1,texture,,0
R05585,H02282,B04,,2025-07-28,4,1,seasoning,,0
R05586,H02509,B10,,2025-07-28,3,1,,aroma,1
R05587,H02543,B22,,2025-07-28,3,0,,sweetness,0
R05588,H00360,B44,,2025-07-29,5,1,taste,,1
R05589,H00390,B07,,2025-07-29,3,1,flavour depth,,0
R05590,H00423,B08,,2025-07-29,3,0,,versatility,0
R05591,H00606,B11,,2025-07-29,5,1,aftertaste,,1
R05592,H01022,B35,,2025-07-29,4,0,ingredients,,1
R05593,H01041,B15,,2025-07-29,2,0,,packaging,0
R05594,H01121,B36,,2025-07-29,3,0,packaging,,0
R05595,H01153,B41,,2025-07-29,4,1,packaging,,1
R05596,H01556,B22,,2025-07-29,4,1,price,,0
R05597,H01660,B34,,2025-07-29,3,0,,strength,0
R05598,H01692,B43,,2025-07-29,5,0,price,,1
R05599,H01750,B25,,2025-07-29,5,0,seasoning,,1
R05600,H01806,B35,,2025-07-29,2,0,,texture,0
R05601,H01975,B07,,2025-07-29,4,0,texture,versatility,0
R05602,H02007,B44,,2025-07-29,4,1,refreshing,,0
R05603,H02208,B18,,2025-07-29,2,0,fizz,sweetness,0
R05604,H02472,B02,,2025-07-29,2,0,crunch,price,0
R05605,H02493,B27,,2025-07-29,4,0,flavour depth,,0
R05606,H02545,B43,,2025-07-29,4,1,sweetness,,0
R05607,H00049,B08,,2025-07-30,2,0,,jar size,0
R05608,H00189,B35,,2025-07-30,2,0,,ingredients,0
R05609,H00255,B29,,2025-07-30,3,0,portability,,0
R05610,H00374,B44,,2025-07-30,3,0,price,,0
R05611,H00514,B20,,2025-07-30,4,0,packaging,,1
R05612,H00610,B15,,2025-07-30,4,1,refreshing,,1
R05613,H00638,B45,,2025-07-30,3,0,taste,,0
R05614,H00769,B49,,2025-07-30,5,1,taste,,1
R05615,H01009,B29,,2025-07-30,3,0,energy boost,,0
R05616,H01227,B36,,2025-07-30,3,1,seasoning,,0
R05617,H01256,B25,,2025-07-30,4,1,portion size,,1
R05618,H01552,B21,,2025-07-30,2,0,,aftertaste,0
R05619,H01642,B13,,2025-07-30,5,1,price,,0
R05620,H01888,B02,,2025-07-30,3,0,portion size,,0
R05621,H02012,B14,,2025-07-30,3,0,price,,0
R05622,H02042,B04,,2025-07-30,3,1,,crunch,1
R05623,H02302,B17,,2025-07-30,3,0,,refreshing,0
R05624,H02373,B16,,2025-07-30,2,0,,price,0
R05625,H02441,B14,,2025-07-30,4,1,packaging,,1
R05626,H00041,B13,,2025-07-31,4,1,packaging,,0
R05627,H00251,B31,,2025-07-31,3,1,,heat,0
R05628,H00337,B21,,2025-07-31,4,0,taste,,0
R05629,H00431,B25,,2025-07-31,4,1,portion size,,1
R05630,H00522,B19,,2025-07-31,4,1,price,,0
R05631,H00534,B47,,2025-07-31,3,0,sweetness,,0
R05632,H00593,B08,,2025-07-31,5,1,versatility,jar size,1
R05633,H00656,B43,,2025-07-31,4,1,sweetness,fizz,1
R05634,H00745,B47,,2025-07-31,3,1,,packaging,0
R05635,H00810,B30,,2025-07-31,3,0,,jar size,0
R05636,H00898,B16,,2025-07-31,3,0,,taste,0
R05637,H01016,B31,,2025-07-31,5,1,texture,,1
R05638,H01374,B32,,2025-07-31,3,0,,price,0
R05639,H01447,B45,,2025-07-31,2,0,refreshing,fizz,0
R05640,H01548,B25,,2025-07-31,3,0,,seasoning,0
R05641,H01569,B42,,2025-07-31,4,0,ingredients,strength,0
R05642,H02086,B21,,2025-07-31,5,1,fizz,price,1
R05643,H02151,B17,,2025-07-31,4,0,price,,1
R05644,H02256,B46,,2025-07-31,3,0,,packaging,0
R05645,H02262,B24,,2025-07-31,4,1,aroma,,0
R05646,H02270,B43,,2025-07-31,3,0,sweetness,,1
R05647,H02428,B42,,2025-07-31,3,0,,aroma,1
R05648,H02433,B35,,2025-07-31,4,0,texture,,1
R05649,H02477,B35,,2025-07-31,4,1,portability,,1
R05650,H02485,B07,,2025-07-31,3,0,,heat,0
R05651,H02536,B12,,2025-07-31,2,0,,fizz,1
R05652,H00030,B01,,2025-08-01,5,1,crunch,,1
R05653,H00186,B04,,2025-08-01,4,1,seasoning,,0
R05654,H00409,B28,,2025-08-01,5,1,texture,portability,1
R05655,H00439,B48,,2025-08-01,3,0,,saltiness,1
R05656,H00646,B30,,2025-08-01,1,0,,flavour depth,0
R05657,H00669,B46,,2025-08-01,5,1,price,,1
R05658,H00716,B39,,2025-08-01,3,0,,jar size,0
R05659,H01096,B49,,2025-08-01,2,0,,taste,0
R05660,H01232,B01,,2025-08-01,3,0,,price,0
R05661,H01432,B43,,2025-08-01,3,1,,packaging,0
R05662,H01680,B38,,2025-08-01,5,1,taste,,1
R05663,H01879,B46,,2025-08-01,2,0,packaging,aftertaste,0
R05664,H01888,B41,,2025-08-01,3,0,,crunch,0
R05665,H02081,B23,,2025-08-01,5,1,price,,1
R05666,H02118,B01,,2025-08-01,5,0,seasoning,crunch,1
R05667,H02267,B07,,2025-08-01,5,1,texture,,0
R05668,H02594,B15,P032,2025-08-01,4,1,taste,,0
R05669,H02594,B24,P032,2025-08-01,4,1,price,,1
R05670,H02595,B41,P032,2025-08-01,5,1,seasoning,,0
R05671,H00163,B33,,2025-08-02,3,0,,aftertaste,0
R05672,H00212,B19,,2025-08-02,1,0,jar size,heat,0
R05673,H00230,B03,,2025-08-02,5,1,texture,,1
R05674,H00339,B12,,2025-08-02,5,0,packaging,taste,1
R05675,H00369,B23,,2025-08-02,2,0,,texture,0
R05676,H00495,B24,,2025-08-02,3,0,,ingredients,0
R05677,H00992,B01,,2025-08-02,4,1,packaging,,0
R05678,H01103,B12,,2025-08-02,3,0,taste,,0
R05679,H01387,B21,,2025-08-02,5,1,fizz,,1
R05680,H01432,B42,,2025-08-02,2,1,,ingredients,0
R05681,H01469,B09,,2025-08-02,3,1,sweetness,,0
R05682,H01608,B28,,2025-08-02,4,1,texture,energy boost,1
R05683,H01768,B03,,2025-08-02,2,0,,portability,0
R05684,H01815,B38,,2025-08-02,3,0,taste,,0
R05685,H01855,B43,,2025-08-02,5,1,price,,1
R05686,H01950,B03,,2025-08-02,4,0,ingredients,,0
R05687,H01955,B36,,2025-08-02,3,0,portion size,,0
R05688,H02108,B38,,2025-08-02,4,0,texture,,0
R05689,H02129,B14,,2025-08-02,4,1,packaging,,1
R05690,H02528,B34,,2025-08-02,5,1,strength,,1
R05691,H02631,B05,,2025-08-02,3,1,price,,0
R05692,H02632,B17,,2025-08-02,4,1,sweetness,,1
R05693,H02633,B31,,2025-08-02,4,1,flavour depth,,0
R05694,H00152,B13,,2025-08-03,5,1,sweetness,,0
R05695,H00232,B20,,2025-08-03,4,0,packaging,sweetness,0
R05696,H00271,B46,,2025-08-03,5,1,fizz,,1
R05697,H00391,B10,,2025-08-03,2,0,price,taste,0
R05698,H00512,B37,,2025-08-03,3,1,,taste,0
R05699,H00588,B20,,2025-08-03,2,1,,aftertaste,0
R05700,H00595,B30,,2025-08-03,4,0,versatility,,1
R05701,H00655,B25,,2025-08-03,4,1,crunch,,0
R05702,H00661,B43,,2025-08-03,5,1,taste,,0
R05703,H00663,B42,,2025-08-03,2,0,ingredients,taste,0
R05704,H00759,B18,,2025-08-03,2,0,,packaging,0
R05705,H00987,B46,,2025-08-03,3,1,fizz,,0
R05706,H01104,B43,,2025-08-03,3,0,packaging,,0
R05707,H01195,B29,,2025-08-03,3,1,,texture,0
R05708,H01251,B24,,2025-08-03,3,0,price,,0
R05709,H01316,B05,,2025-08-03,1,0,packaging,seasoning,0
R05710,H01389,B23,,2025-08-03,3,0,ingredients,,0
R05711,H01615,B18,,2025-08-03,3,0,,sweetness,0
R05712,H01798,B19,,2025-08-03,4,0,texture,,0
R05713,H01877,B15,,2025-08-03,3,1,fizz,,0
R05714,H01965,B02,,2025-08-03,2,0,portion size,saltiness,0
R05715,H01983,B43,,2025-08-03,5,1,taste,refreshing,1
R05716,H02142,B36,,2025-08-03,1,0,,price,0
R05717,H02269,B21,,2025-08-03,4,1,fizz,,0
R05718,H02380,B49,,2025-08-03,3,0,,sweetness,1
R05719,H02469,B40,,2025-08-03,4,1,fizz,taste,1
R05720,H02554,B07,,2025-08-03,3,1,,jar size,0
R05721,H00048,B27,,2025-08-04,4,1,versatility,,0
R05722,H00213,B30,,2025-08-04,2,0,,versatility,0
R05723,H00332,B19,,2025-08-04,4,1,texture,flavour depth,1
R05724,H00416,B27,,2025-08-04,4,1,jar size,,1
R05725,H00482,B02,,2025-08-04,2,0,,price,0
R05726,H00557,B24,,2025-08-04,4,1,taste,,0
R05727,H00698,B15,,2025-08-04,4,0,refreshing,packaging,1
R05728,H00882,B16,,2025-08-04,2,0,,packaging,0
R05729,H01060,B08,,2025-08-04,4,1,flavour depth,,1
R05730,H01261,B45,,2025-08-04,3,1,,taste,0
R05731,H01337,B44,,2025-08-04,2,0,,packaging,0
R05732,H01588,B15,,2025-08-04,3,0,taste,,0
R05733,H02007,B36,,2025-08-04,5,1,price,,1
R05734,H02031,B22,,2025-08-04,5,1,texture,price,1
R05735,H02113,B04,,2025-08-04,1,0,,portion size,0
R05736,H02213,B25,,2025-08-04,2,0,,portion size,0
R05737,H02314,B25,,2025-08-04,3,1,,seasoning,0
R05738,H02326,B09,,2025-08-04,2,0,,price,0
R05739,H02351,B02,,2025-08-04,4,1,price,,0
R05740,H02453,B36,,2025-08-04,4,1,crunch,packaging,0
R05741,H02472,B14,,2025-08-04,4,1,taste,,0
R05742,H02480,B08,,2025-08-04,3,0,flavour depth,,0
R05743,H02531,B02,,2025-08-04,4,1,saltiness,,1
R05744,H00027,B36,,2025-08-05,2,0,,seasoning,0
R05745,H00085,B45,,2025-08-05,3,0,,sweetness,1
R05746,H00259,B27,,2025-08-05,5,1,heat,,0
R05747,H00372,B28,,2025-08-05,3,1,,taste,0
R05748,H00521,B49,,2025-08-05,3,0,texture,,0
R05749,H00566,B43,,2025-08-05,3,1,taste,,0
R05750,H00569,B01,,2025-08-05,3,0,,seasoning,0
R05751,H00751,B48,,2025-08-05,5,1,crunch,,1
R05752,H00865,B20,,2025-08-05,4,1,fizz,,1
R05753,H00900,B14,,2025-08-05,3,0,,price,0
R05754,H00963,B35,,2025-08-05,2,0,,portability,0
R05755,H00988,B44,,2025-08-05,2,0,,sweetness,0
R05756,H01016,B39,,2025-08-05,4,1,heat,,0
R05757,H01048,B20,,2025-08-05,2,0,taste,aftertaste,0
R05758,H01061,B13,,2025-08-05,4,1,refreshing,,1
R05759,H01224,B28,,2025-08-05,3,0,taste,,0
R05760,H01337,B47,,2025-08-05,3,0,,ingredients,1
R05761,H01498,B38,,2025-08-05,5,1,packaging,,1
R05762,H01730,B43,,2025-08-05,4,1,sweetness,refreshing,0
R05763,H01827,B22,,2025-08-05,4,1,texture,sweetness,1
R05764,H02069,B30,,2025-08-05,3,1,,price,0
R05765,H02318,B05,,2025-08-05,3,1,crunch,,0
R05766,H02335,B43,,2025-08-05,4,1,refreshing,,0
R05767,H02530,B43,,2025-08-05,3,0,,sweetness,0
R05768,H02620,B05,,2025-08-05,3,1,,price,0
R05769,H00164,B30,,2025-08-06,2,0,,flavour depth,0
R05770,H00166,B19,,2025-08-06,4,1,heat,,1
R05771,H01036,B04,,2025-08-06,3,1,packaging,,0
R05772,H01231,B34,,2025-08-06,4,1,aroma,,0
R05773,H01790,B36,,2025-08-06,3,0,saltiness,,0
R05774,H01843,B37,,2025-08-06,2,1,sweetness,taste,0
R05775,H02026,B09,,2025-08-06,3,0,,price,0
R05776,H02572,B27,,2025-08-06,5,1,heat,,1
R05777,H02610,B01,,2025-08-06,4,1,crunch,,1
R05778,H00007,B33,,2025-08-07,3,0,taste,,0
R05779,H00120,B39,,2025-08-07,4,1,texture,,1
R05780,H00171,B02,,2025-08-07,3,1,portion size,,0
R05781,H00367,B03,,2025-08-07,4,1,texture,taste,0
R05782,H00496,B42,,2025-08-07,3,1,,price,0
R05783,H00503,B28,,2025-08-07,3,0,,energy boost,0
R05784,H00861,B38,,2025-08-07,5,1,sweetness,,0
R05785,H01026,B14,,2025-08-07,1,0,fizz,refreshing,0
R05786,H01114,B14,,2025-08-07,4,1,sweetness,,0
R05787,H01543,B32,,2025-08-07,4,0,price,,1
R05788,H01686,B12,,2025-08-07,3,0,taste,,0
R05789,H01691,B02,,2025-08-07,4,0,seasoning,,1
R05790,H01885,B49,,2025-08-07,4,1,taste,,0
R05791,H02240,B25,,2025-08-07,2,1,,seasoning,0
R05792,H02291,B03,,2025-08-07,4,1,texture,taste,1
R05793,H02352,B44,,2025-08-07,3,0,packaging,,1
R05794,H02370,B21,,2025-08-07,2,0,,packaging,0
R05795,H02597,B08,,2025-08-07,5,0,texture,price,1
R05796,H00057,B01,,2025-08-08,3,1,,saltiness,0
R05797,H00196,B20,,2025-08-08,2,0,,aftertaste,0
R05798,H00245,B22,,2025-08-08,2,0,,ingredients,0
R05799,H00413,B23,,2025-08-08,3,0,,sweetness,0
R05800,H00572,B27,,2025-08-08,3,0,heat,,0
R05801,H00598,B19,,2025-08-08,2,0,,texture,0
R05802,H00741,B14,,2025-08-08,4,1,taste,,1
R05803,H00892,B26,,2025-08-08,3,1,,seasoning,0
R05804,H01100,B29,,2025-08-08,3,1,,taste,0
R05805,H01773,B05,,2025-08-08,4,1,saltiness,,0
R05806,H02125,B37,,2025-08-08,4,1,ingredients,,1
R05807,H02137,B47,,2025-08-08,2,1,,packaging,0
R05808,H02225,B27,,2025-08-08,3,1,,flavour depth,0
R05809,H02623,B03,,2025-08-08,2,0,,texture,0
R05810,H02632,B19,,2025-08-08,3,1,,jar size,0
R05811,H00048,B21,,2025-08-09,3,1,,sweetness,0
R05812,H00048,B20,,2025-08-09,3,1,,fizz,0
R05813,H00059,B33,,2025-08-09,1,0,,packaging,0
R05814,H00341,B21,,2025-08-09,2,0,,taste,0
R05815,H00383,B42,,2025-08-09,3,1,,price,0
R05816,H00468,B46,,2025-08-09,5,1,sweetness,,1
R05817,H00488,B20,,2025-08-09,3,1,,price,0
R05818,H00495,B48,,2025-08-09,3,0,,crunch,0
R05819,H00653,B25,,2025-08-09,1,0,,price,0
R05820,H00658,B43,,2025-08-09,5,1,aftertaste,,1
R05821,H00910,B45,,2025-08-09,3,0,packaging,,0
R05822,H01003,B39,,2025-08-09,5,1,heat,,0
R05823,H01036,B25,,2025-08-09,2,0,,packaging,0
R05824,H01069,B33,,2025-08-09,2,0,,sweetness,0
R05825,H01078,B30,,2025-08-09,4,1,price,,0
R05826,H01081,B19,,2025-08-09,2,0,,texture,0
R05827,H01144,B14,,2025-08-09,4,1,packaging,aftertaste,0
R05828,H01164,B36,,2025-08-09,4,1,portion size,,0
R05829,H01179,B30,,2025-08-09,5,1,jar size,,1
R05830,H01229,B39,,2025-08-09,5,1,price,,1
R05831,H01521,B16,,2025-08-09,4,1,fizz,,0
R05832,H01619,B33,,2025-08-09,2,0,packaging,sweetness,0
R05833,H01645,B13,,2025-08-09,4,1,taste,,1
R05834,H01710,B14,,2025-08-09,3,0,aftertaste,,0
R05835,H01999,B45,,2025-08-09,3,1,packaging,,0
R05836,H02055,B33,,2025-08-09,3,1,,packaging,1
R05837,H02123,B01,,2025-08-09,2,0,,packaging,0
R05838,H02143,B33,,2025-08-09,4,0,refreshing,,1
R05839,H02193,B28,,2025-08-09,3,1,taste,,0
R05840,H02440,B20,,2025-08-09,2,0,,price,0
R05841,H02498,B31,,2025-08-09,2,0,,heat,0
R05842,H00037,B37,,2025-08-10,4,1,texture,,1
R05843,H00055,B35,,2025-08-10,1,0,,ingredients,0
R05844,H00394,B17,,2025-08-10,4,1,price,,0
R05845,H00537,B39,,2025-08-10,4,1,texture,,0
R05846,H01024,B03,,2025-08-10,1,0,,energy boost,0
R05847,H01239,B25,,2025-08-10,3,1,price,,0
R05848,H01252,B36,,2025-08-10,4,1,price,,0
R05849,H01382,B46,,2025-08-10,4,0,price,,0
R05850,H01501,B29,,2025-08-10,2,0,,ingredients,0
R05851,H01570,B45,,2025-08-10,4,0,taste,packaging,0
R05852,H01631,B07,,2025-08-10,2,0,,jar size,0
R05853,H01639,B41,,2025-08-10,3,1,,crunch,0
R05854,H01816,B45,,2025-08-10,2,0,fizz,aftertaste,0
R05855,H01823,B08,,2025-08-10,4,1,heat,,0
R05856,H02017,B36,,2025-08-10,3,0,,seasoning,0
R05857,H02310,B14,,2025-08-10,2,0,aftertaste,packaging,0
R05858,H02480,B38,,2025-08-10,3,0,,sweetness,0
R05859,H02657,B44,,2025-08-10,3,0,aftertaste,,1
R05860,H00189,B31,,2025-08-11,1,0,,texture,0
R05861,H00391,B38,,2025-08-11,2,1,sweetness,taste,0
R05862,H00458,B29,,2025-08-11,3,0,,price,0
R05863,H00529,B03,,2025-08-11,3,0,texture,,1
R05864,H00788,B14,,2025-08-11,5,1,aftertaste,,0
R05865,H00952,B21,,2025-08-11,4,1,fizz,,1
R05866,H00969,B35,,2025-08-11,3,0,taste,,0
R05867,H01013,B19,,2025-08-11,3,1,,texture,0
R05868,H01105,B42,,2025-08-11,3,0,strength,,1
R05869,H01149,B14,,2025-08-11,4,1,refreshing,,1
R05870,H01303,B30,,2025-08-11,2,1,,versatility,0
R05871,H01323,B38,,2025-08-11,2,0,,price,1
R05872,H01514,B07,,2025-08-11,3,0,,texture,0
R05873,H01551,B39,,2025-08-11,5,1,texture,,1
R05874,H01661,B47,,2025-08-11,4,1,price,,0
R05875,H01820,B03,,2025-08-11,2,0,price,taste,0
R05876,H01909,B36,,2025-08-11,1,0,,seasoning,0
R05877,H01963,B37,,2025-08-11,1,0,texture,taste,0
R05878,H01993,B40,,2025-08-11,2,1,,taste,0
R05879,H02004,B49,,2025-08-11,3,0,ingredients,,0
R05880,H02081,B10,,2025-08-11,3,1,,ingredients,1
R05881,H02101,B15,,2025-08-11,1,0,,price,0
R05882,H02234,B02,,2025-08-11,4,1,seasoning,,1
R05883,H02261,B43,,2025-08-11,5,1,sweetness,,0
R05884,H02300,B27,,2025-08-11,3,0,flavour depth,,0
R05885,H02588,B10,,2025-08-11,5,1,packaging,,1
R05886,H02607,B38,,2025-08-11,3,0,,price,0
R05887,H02648,B15,,2025-08-11,1,0,,taste,0
R05888,H00137,B45,,2025-08-12,3,1,taste,,0
R05889,H00303,B30,,2025-08-12,5,1,heat,,1
R05890,H00776,B21,,2025-08-12,4,0,refreshing,,0
R05891,H01069,B36,,2025-08-12,3,1,price,,0
R05892,H01097,B10,,2025-08-12,5,1,taste,,1
R05893,H01282,B40,,2025-08-12,3,0,refreshing,,0
R05894,H01299,B20,,2025-08-12,3,0,fizz,,0
R05895,H01369,B12,,2025-08-12,2,0,,taste,0
R05896,H01402,B20,,2025-08-12,2,0,,sweetness,1
R05897,H01467,B28,,2025-08-12,2,0,,portability,0
R05898,H01477,B37,,2025-08-12,4,1,packaging,texture,1
R05899,H01528,B02,,2025-08-12,3,0,,crunch,0
R05900,H01621,B36,,2025-08-12,3,0,,portion size,0
R05901,H01650,B20,,2025-08-12,2,1,,aftertaste,0
R05902,H01753,B19,,2025-08-12,5,1,versatility,,0
R05903,H01931,B11,,2025-08-12,1,0,,fizz,0
R05904,H01974,B10,,2025-08-12,4,0,strength,,1
R05905,H02046,B22,,2025-08-12,3,1,ingredients,,0
R05906,H02089,B45,,2025-08-12,3,0,taste,,1
R05907,H02195,B12,,2025-08-12,2,0,,sweetness,1
R05908,H02248,B03,,2025-08-12,4,0,taste,energy boost,0
R05909,H02309,B23,,2025-08-12,5,1,sweetness,,1
R05910,H00063,B02,,2025-08-13,2,1,,packaging,0
R05911,H00071,B40,,2025-08-13,2,0,packaging,refreshing,0
R05912,H00090,B23,,2025-08-13,2,0,,sweetness,0
R05913,H00428,B25,,2025-08-13,1,0,,portion size,0
R05914,H00659,B01,,2025-08-13,2,0,,price,0
R05915,H01023,B36,,2025-08-13,4,1,seasoning,packaging,0
R05916,H01173,B41,,2025-08-13,3,0,saltiness,,1
R05917,H01213,B15,,2025-08-13,1,0,,packaging,0
R05918,H01234,B02,,2025-08-13,2,0,,crunch,0
R05919,H01282,B46,,2025-08-13,5,1,aftertaste,refreshing,0
R05920,H01610,B08,,2025-08-13,4,1,heat,jar size,0
R05921,H01760,B06,,2025-08-13,5,0,texture,,1
R05922,H01793,B27,,2025-08-13,4,0,jar size,,0
R05923,H01884,B01,,2025-08-13,3,0,price,,0
R05924,H01964,B36,,2025-08-13,4,1,portion size,,1
R05925,H02599,B42,,2025-08-13,5,1,packaging,taste,1
R05926,H00159,B30,,2025-08-14,1,0,,price,0
R05927,H00557,B10,,2025-08-14,3,0,strength,,0
R05928,H00879,B26,,2025-08-14,2,0,,crunch,0
R05929,H00916,B22,,2025-08-14,3,0,,sweetness,0
R05930,H01094,B22,,2025-08-14,2,1,,sweetness,0
R05931,H01252,B01,,2025-08-14,5,1,crunch,saltiness,0
R05932,H01417,B19,,2025-08-14,5,1,flavour depth,heat,1
R05933,H01530,B37,,2025-08-14,4,1,taste,,1
R05934,H01630,B07,,2025-08-14,4,1,versatility,,0
R05935,H01652,B22,,2025-08-14,4,1,ingredients,,0
R05936,H01781,B06,,2025-08-14,3,0,,ingredients,0
R05937,H01897,B02,,2025-08-14,3,0,,price,1
R05938,H02181,B49,,2025-08-14,4,1,sweetness,,1
R05939,H02265,B26,,2025-08-14,4,1,crunch,,0
R05940,H02376,B39,,2025-08-14,5,1,versatility,,1
R05941,H02500,B42,,2025-08-14,2,0,,strength,0
R05942,H02661,B09,,2025-08-14,3,0,,price,1
R05943,H00057,B41,,2025-08-15,2,0,,portion size,0
R05944,H00253,B29,,2025-08-15,2,0,,portability,0
R05945,H00274,B22,,2025-08-15,3,1,price,,1
R05946,H00336,B39,,2025-08-15,2,1,,jar size,0
R05947,H00456,B10,,2025-08-15,3,0,strength,,0
R05948,H00530,B46,,2025-08-15,3,1,,taste,0
R05949,H00805,B36,,2025-08-15,5,1,seasoning,,1
R05950,H01228,B26,,2025-08-15,4,1,portion size,,1
R05951,H01239,B14,,2025-08-15,2,0,,aftertaste,0
R05952,H01242,B16,,2025-08-15,2,0,,taste,0
R05953,H01471,B44,,2025-08-15,2,1,,sweetness,0
R05954,H01519,B43,,2025-08-15,5,0,sweetness,,0
R05955,H02121,B38,,2025-08-15,3,0,texture,,0
R05956,H02242,B16,,2025-08-15,3,0,packaging,,0
R05957,H02260,B21,,2025-08-15,5,1,packaging,,1
R05958,H02265,B05,,2025-08-15,2,0,,crunch,1
R05959,H02291,B48,,2025-08-15,3,0,,saltiness,0
R05960,H02620,B38,,2025-08-15,2,0,price,ingredients,0
R05961,H02682,B17,P033,2025-08-15,4,1,sweetness,,1
R05962,H02684,B02,P033,2025-08-15,5,1,packaging,,1
R05963,H00092,B29,,2025-08-16,2,0,,taste,0
R05964,H00140,B22,,2025-08-16,3,0,sweetness,,0
R05965,H00593,B44,,2025-08-16,3,1,aftertaste,,0
R05966,H00878,B03,,2025-08-16,5,1,portability,,1
R05967,H00931,B34,,2025-08-16,4,1,ingredients,,0
R05968,H01100,B04,,2025-08-16,2,0,,packaging,0
R05969,H01164,B37,,2025-08-16,2,0,,sweetness,0
R05970,H01198,B30,,2025-08-16,3,0,,heat,0
R05971,H01376,B19,,2025-08-16,4,1,jar size,,1
R05972,H01604,B16,,2025-08-16,3,0,,packaging,1
R05973,H01645,B23,,2025-08-16,4,1,texture,,1
R05974,H01726,B08,,2025-08-16,4,1,heat,,1
R05975,H01839,B01,,2025-08-16,3,0,,saltiness,0
R05976,H01866,B29,,2025-08-16,3,1,,ingredients,0
R05977,H01893,B43,,2025-08-16,2,0,,fizz,0
R05978,H02062,B25,,2025-08-16,4,0,portion size,saltiness,1
R05979,H02159,B31,,2025-08-16,5,1,versatility,,1
R05980,H02181,B15,,2025-08-16,4,1,fizz,,1
R05981,H02235,B40,,2025-08-16,5,1,taste,,1
R05982,H02393,B14,,2025-08-16,5,1,fizz,price,1
R05983,H02487,B01,,2025-08-16,3,0,crunch,,0
R05984,H02682,B04,P033,2025-08-16,3,0,,price,0
R05985,H02695,B02,P034,2025-08-16,4,1,saltiness,,0
R05986,H02696,B04,P034,2025-08-16,5,1,saltiness,,0
R05987,H00327,B04,,2025-08-17,2,0,portion size,crunch,0
R05988,H00400,B14,,2025-08-17,4,0,price,,0
R05989,H00542,B27,,2025-08-17,3,1,flavour depth,,0
R05990,H00706,B42,,2025-08-17,3,0,,taste,0
R05991,H00766,B45,,2025-08-17,3,1,,refreshing,0
R05992,H00819,B49,,2025-08-17,3,1,ingredients,,1
R05993,H00996,B32,,2025-08-17,3,1,,price,0
R05994,H01103,B10,,2025-08-17,2,0,,ingredients,0
R05995,H01212,B23,,2025-08-17,3,1,,packaging,0
R05996,H01362,B44,,2025-08-17,4,1,fizz,taste,1
R05997,H01377,B17,,2025-08-17,2,0,,packaging,0
R05998,H01776,B14,,2025-08-17,5,1,price,,1
R05999,H01992,B22,,2025-08-17,4,0,price,,0
R06000,H02005,B41,,2025-08-17,2,1,,packaging,0
R06001,H02101,B29,,2025-08-17,5,1,ingredients,,1
R06002,H02162,B05,,2025-08-17,3,0,,seasoning,0
R06003,H02232,B11,,2025-08-17,3,0,,aftertaste,1
R06004,H02464,B44,,2025-08-17,4,0,sweetness,price,0
R06005,H02661,B19,,2025-08-17,4,1,texture,flavour depth,0
R06006,H02690,B17,P034,2025-08-17,4,0,aftertaste,,0
R06007,H02693,B04,P034,2025-08-17,4,1,portion size,,0
R06008,H02695,B03,P034,2025-08-17,3,0,,energy boost,0
R06009,H00049,B27,,2025-08-18,4,1,jar size,,0
R06010,H00286,B24,,2025-08-18,2,0,,strength,0
R06011,H00319,B25,,2025-08-18,3,0,portion size,,1
R06012,H00450,B34,,2025-08-18,4,1,aroma,,0
R06013,H00610,B12,,2025-08-18,5,1,price,,0
R06014,H00857,B33,,2025-08-18,4,1,price,,1
R06015,H00953,B01,,2025-08-18,4,1,price,,1
R06016,H00996,B25,,2025-08-18,2,0,,crunch,0
R06017,H01080,B30,,2025-08-18,3,1,,flavour depth,1
R06018,H01190,B46,,2025-08-18,5,1,taste,packaging,1
R06019,H01229,B14,,2025-08-18,5,1,aftertaste,,1
R06020,H01229,B21,,2025-08-18,2,0,,sweetness,0
R06021,H01549,B34,,2025-08-18,4,1,strength,,1
R06022,H01658,B38,,2025-08-18,4,0,texture,price,0
R06023,H01673,B12,,2025-08-18,3,0,,price,1
R06024,H01753,B08,,2025-08-18,4,1,price,,1
R06025,H01813,B07,,2025-08-18,2,0,flavour depth,jar size,0
R06026,H01860,B37,,2025-08-18,4,0,sweetness,,1
R06027,H01946,B19,,2025-08-18,3,0,jar size,,0
R06028,H01952,B08,,2025-08-18,3,1,,texture,1
R06029,H01977,B13,,2025-08-18,5,1,fizz,,1
R06030,H02015,B31,,2025-08-18,5,0,texture,,1
R06031,H02030,B45,,2025-08-18,2,0,,sweetness,0
R06032,H02062,B33,,2025-08-18,2,1,,aftertaste,0
R06033,H02071,B37,,2025-08-18,2,0,,texture,0
R06034,H02127,B25,,2025-08-18,5,1,portion size,,1
R06035,H02239,B28,,2025-08-18,4,1,price,texture,1
R06036,H02319,B07,,2025-08-18,4,0,jar size,,0
R06037,H02442,B38,,2025-08-18,3,0,,price,0
R06038,H02595,B02,,2025-08-18,4,1,price,,1
R06039,H02630,B08,,2025-08-18,4,1,heat,,1
R06040,H02693,B26,P034,2025-08-18,5,1,packaging,,1
R06041,H02694,B03,P034,2025-08-18,4,0,taste,price,0
R06042,H00057,B42,,2025-08-19,2,0,,packaging,0
R06043,H00195,B30,,2025-08-19,3,0,,versatility,0
R06044,H00464,B24,,2025-08-19,5,1,price,packaging,1
R06045,H00468,B45,,2025-08-19,2,0,,packaging,0
R06046,H00586,B39,,2025-08-19,5,1,texture,,1
R06047,H00766,B09,,2025-08-19,4,1,taste,,0
R06048,H01286,B13,,2025-08-19,3,0,,price,1
R06049,H01437,B08,,2025-08-19,2,1,,price,0
R06050,H01578,B10,,2025-08-19,4,1,strength,,1
R06051,H02023,B34,,2025-08-19,5,1,price,,1
R06052,H02101,B04,,2025-08-19,4,1,price,seasoning,0
R06053,H02478,B03,,2025-08-19,4,0,energy boost,,0
R06054,H02537,B43,,2025-08-19,4,1,sweetness,,1
R06055,H02683,B26,P033,2025-08-19,4,0,portion size,,0
R06056,H02693,B03,P034,2025-08-19,3,0,,texture,0
R06057,H00299,B12,,2025-08-20,4,1,price,,0
R06058,H00346,B38,,2025-08-20,3,1,,sweetness,0
R06059,H00465,B01,,2025-08-20,3,0,,price,0
R06060,H00542,B43,,2025-08-20,5,1,packaging,,1
R06061,H00893,B46,,2025-08-20,4,1,taste,,0
R06062,H00951,B02,,2025-08-20,5,1,crunch,price,1
R06063,H01156,B15,,2025-08-20,3,0,,packaging,0
R06064,H01164,B46,,2025-08-20,4,1,sweetness,,0
R06065,H01220,B38,,2025-08-20,4,1,sweetness,,1
R06066,H01400,B02,,2025-08-20,4,1,seasoning,crunch,0
R06067,H01468,B10,,2025-08-20,5,1,packaging,,1
R06068,H01574,B07,,2025-08-20,3,0,,texture,0
R06069,H01938,B24,,2025-08-20,5,1,strength,taste,1
R06070,H02213,B47,,2025-08-20,2,0,texture,ingredients,0
R06071,H02368,B48,,2025-08-20,4,1,portion size,,0
R06072,H02434,B17,,2025-08-20,1,0,,fizz,0
R06073,H02465,B25,,2025-08-20,3,0,,price,0
R06074,H02516,B07,,2025-08-20,4,1,versatility,,0
R06075,H02541,B18,,2025-08-20,5,1,aftertaste,,1
R06076,H02587,B08,,2025-08-20,1,0,,texture,0
R06077,H02658,B18,,2025-08-20,2,0,,refreshing,0
R06078,H02694,B04,P034,2025-08-20,3,0,,seasoning,0
R06079,H02694,B17,P034,2025-08-20,4,0,fizz,,0
R06080,H02697,B04,P034,2025-08-20,4,1,price,,0
R06081,H00028,B18,,2025-08-21,4,1,packaging,,1
R06082,H00060,B29,,2025-08-21,2,1,,portability,0
R06083,H00080,B14,,2025-08-21,1,0,,sweetness,0
R06084,H00196,B45,,2025-08-21,4,0,refreshing,,0
R06085,H00346,B20,,2025-08-21,4,1,sweetness,,1
R06086,H00370,B39,,2025-08-21,2,0,,flavour depth,0
R06087,H00386,B36,,2025-08-21,1,0,,saltiness,0
R06088,H00578,B46,,2025-08-21,5,1,fizz,,1
R06089,H00886,B01,,2025-08-21,3,0,,seasoning,1
R06090,H01130,B21,,2025-08-21,4,1,fizz,,0
R06091,H01170,B12,,2025-08-21,3,0,,fizz,0
R06092,H01184,B28,,2025-08-21,2,0,,ingredients,0
R06093,H01260,B16,,2025-08-21,4,1,packaging,refreshing,0
R06094,H01287,B09,,2025-08-21,5,1,texture,,1
R06095,H01382,B22,,2025-08-21,3,1,,sweetness,0
R06096,H01389,B16,,2025-08-21,5,1,sweetness,,1
R06097,H01778,B43,,2025-08-21,5,1,packaging,taste,1
R06098,H01882,B42,,2025-08-21,2,0,,strength,0
R06099,H01979,B20,,2025-08-21,2,0,,refreshing,0
R06100,H02128,B06,,2025-08-21,4,0,sweetness,packaging,1
R06101,H02228,B40,,2025-08-21,2,0,,refreshing,0
R06102,H02268,B17,,2025-08-21,3,1,,sweetness,0
R06103,H02520,B39,,2025-08-21,3,0,,flavour depth,0
R06104,H02617,B41,,2025-08-21,2,0,price,portion size,0
R06105,H02692,B02,P034,2025-08-21,4,0,seasoning,,0
R06106,H02692,B26,P034,2025-08-21,4,1,crunch,,1
R06107,H02694,B02,P034,2025-08-21,3,0,saltiness,,0
R06108,H00003,B06,,2025-08-22,3,0,,sweetness,0
R06109,H00190,B12,,2025-08-22,4,0,price,refreshing,1
R06110,H00221,B40,,2025-08-22,5,1,price,,1
R06111,H00327,B30,,2025-08-22,3,0,heat,,0
R06112,H00331,B15,,2025-08-22,2,0,,sweetness,0
R06113,H00388,B27,,2025-08-22,5,1,price,flavour depth,1
R06114,H00474,B05,,2025-08-22,3,1,,crunch,0
R06115,H00485,B41,,2025-08-22,4,1,portion size,,0
R06116,H00643,B38,,2025-08-22,3,0,,texture,0
R06117,H00668,B22,,2025-08-22,3,0,sweetness,,0
R06118,H00873,B43,,2025-08-22,5,0,price,,1
R06119,H00922,B14,,2025-08-22,3,0,,taste,0
R06120,H00971,B21,,2025-08-22,2,0,packaging,fizz,0
R06121,H01195,B46,,2025-08-22,5,0,refreshing,aftertaste,1
R06122,H01372,B05,,2025-08-22,2,0,,crunch,0
R06123,H01427,B43,,2025-08-22,5,1,price,,0
R06124,H01484,B09,,2025-08-22,3,0,,sweetness,0
R06125,H01526,B14,,2025-08-22,5,1,packaging,,0
R06126,H01577,B33,,2025-08-22,3,0,,fizz,0
R06127,H01598,B33,,2025-08-22,3,1,,fizz,0
R06128,H01662,B02,,2025-08-22,3,0,,price,0
R06129,H01694,B42,,2025-08-22,2,0,aroma,taste,0
R06130,H01702,B04,,2025-08-22,2,0,,price,0
R06131,H01782,B03,,2025-08-22,3,1,texture,,0
R06132,H02096,B34,,2025-08-22,2,1,,aroma,0
R06133,H02205,B25,,2025-08-22,3,1,price,,0
R06134,H02544,B40,,2025-08-22,2,0,,packaging,1
R06135,H02558,B14,,2025-08-22,4,1,price,,1
R06136,H02684,B17,P033,2025-08-22,3,0,,taste,0
R06137,H02690,B04,P034,2025-08-22,4,1,saltiness,,0
R06138,H00058,B20,,2025-08-23,5,1,aftertaste,refreshing,1
R06139,H00164,B18,,2025-08-23,2,0,taste,packaging,0
R06140,H00176,B13,,2025-08-23,4,1,sweetness,,1
R06141,H00533,B48,,2025-08-23,4,1,portion size,,0
R06142,H00627,B49,,2025-08-23,5,1,texture,,0
R06143,H00633,B09,,2025-08-23,2,0,,taste,0
R06144,H00795,B18,,2025-08-23,3,1,,fizz,0
R06145,H00930,B20,,2025-08-23,3,1,,refreshing,0
R06146,H01089,B08,,2025-08-23,5,1,versatility,heat,0
R06147,H01410,B46,,2025-08-23,4,0,taste,,0
R06148,H01467,B30,,2025-08-23,3,0,,price,0
R06149,H01616,B10,,2025-08-23,5,1,ingredients,,1
R06150,H01629,B02,,2025-08-23,2,0,price,portion size,0
R06151,H01649,B30,,2025-08-23,2,0,,versatility,1
R06152,H01853,B46,,2025-08-23,5,1,price,,1
R06153,H01878,B46,,2025-08-23,2,0,,packaging,0
R06154,H02008,B48,,2025-08-23,2,1,seasoning,portion size,0
R06155,H02232,B02,,2025-08-23,5,1,seasoning,,0
R06156,H02321,B20,,2025-08-23,4,1,price,,1
R06157,H02361,B06,,2025-08-23,3,1,,packaging,0
R06158,H02529,B36,,2025-08-23,2,0,,crunch,0
R06159,H02700,B08,,2025-08-23,4,0,flavour depth,,0
R06160,H00048,B08,,2025-08-24,3,1,texture,,0
R06161,H00174,B27,,2025-08-24,5,1,versatility,,1
R06162,H00244,B07,,2025-08-24,3,0,,texture,1
R06163,H00281,B24,,2025-08-24,4,1,price,,0
R06164,H00299,B24,,2025-08-24,5,1,taste,,1
R06165,H00368,B25,,2025-08-24,1,0,,seasoning,0
R06166,H00540,B05,,2025-08-24,5,1,seasoning,,1
R06167,H00542,B40,,2025-08-24,2,0,,fizz,0
R06168,H00555,B17,,2025-08-24,2,0,,aftertaste,0
R06169,H00640,B02,,2025-08-24,2,0,,seasoning,0
R06170,H00657,B15,,2025-08-24,2,0,,aftertaste,0
R06171,H00784,B47,,2025-08-24,4,1,taste,,1
R06172,H00827,B22,,2025-08-24,3,1,ingredients,,0
R06173,H00861,B20,,2025-08-24,4,1,price,,0
R06174,H01068,B10,,2025-08-24,4,1,strength,,0
R06175,H01093,B16,,2025-08-24,3,1,,aftertaste,0
R06176,H01172,B36,,2025-08-24,3,0,,saltiness,0
R06177,H01468,B24,,2025-08-24,5,1,strength,,1
R06178,H01667,B03,,2025-08-24,4,1,texture,energy boost,0
R06179,H01682,B16,,2025-08-24,3,0,,fizz,1
R06180,H02045,B20,,2025-08-24,4,1,refreshing,,0
R06181,H02055,B34,,2025-08-24,4,1,ingredients,,1
R06182,H02058,B34,,2025-08-24,3,0,,ingredients,0
R06183,H02106,B37,,2025-08-24,5,1,packaging,,1
R06184,H02160,B14,,2025-08-24,2,0,,sweetness,0
R06185,H02293,B32,,2025-08-24,5,1,design,,1
R06186,H00220,B09,,2025-08-25,2,0,,ingredients,0
R06187,H00240,B29,,2025-08-25,4,1,energy boost,,1
R06188,H00270,B33,,2025-08-25,2,0,,refreshing,0
R06189,H00276,B26,,2025-08-25,3,0,saltiness,,0
R06190,H00294,B38,,2025-08-25,4,1,texture,,0
R06191,H00304,B22,,2025-08-25,5,1,ingredients,,1
R06192,H00307,B30,,2025-08-25,5,1,heat,,1
R06193,H00342,B37,,2025-08-25,3,1,,packaging,0
R06194,H00663,B47,,2025-08-25,4,1,sweetness,,1
R06195,H01043,B22,,2025-08-25,2,0,,taste,0
R06196,H01159,B07,,2025-08-25,5,1,texture,,1
R06197,H01586,B02,,2025-08-25,2,0,,saltiness,0
R06198,H01734,B20,,2025-08-25,4,1,fizz,,1
R06199,H01954,B13,,2025-08-25,4,1,sweetness,,0
R06200,H01954,B45,,2025-08-25,4,1,price,,0
R06201,H02216,B47,,2025-08-25,3,1,taste,,0
R06202,H02221,B18,,2025-08-25,3,0,taste,,0
R06203,H02308,B13,,2025-08-25,5,1,taste,,1
R06204,H02540,B14,,2025-08-25,3,1,,packaging,0
R06205,H00109,B40,,2025-08-26,4,1,sweetness,,1
R06206,H00563,B35,,2025-08-26,3,1,energy boost,,0
R06207,H00815,B48,,2025-08-26,3,1,,seasoning,1
R06208,H00879,B03,,2025-08-26,3,1,taste,,0
R06209,H00984,B03,,2025-08-26,3,1,energy boost,,0
R06210,H01036,B46,,2025-08-26,5,1,packaging,,0
R06211,H01274,B22,,2025-08-26,2,0,,taste,0
R06212,H01284,B17,,2025-08-26,5,1,price,,1
R06213,H01612,B09,,2025-08-26,2,0,,price,0
R06214,H01626,B15,,2025-08-26,2,0,,packaging,0
R06215,H01718,B40,,2025-08-26,3,0,fizz,,0
R06216,H01744,B38,,2025-08-26,5,1,packaging,,1
R06217,H01909,B14,,2025-08-26,2,0,,refreshing,0
R06218,H02005,B25,,2025-08-26,3,0,packaging,,0
R06219,H02088,B11,,2025-08-26,2,0,,taste,0
R06220,H02093,B05,,2025-08-26,3,0,,packaging,0
R06221,H02153,B18,,2025-08-26,5,1,fizz,price,1
R06222,H02237,B45,,2025-08-26,1,0,packaging,aftertaste,0
R06223,H02352,B47,,2025-08-26,3,0,taste,,0
R06224,H02465,B03,,2025-08-26,3,1,,price,0
R06225,H02473,B18,,2025-08-26,4,1,aftertaste,,1
R06226,H02715,B05,,2025-08-26,3,1,,crunch,0
R06227,H00300,B25,,2025-08-27,5,1,crunch,,0
R06228,H00435,B32,,2025-08-27,3,0,design,,0
R06229,H00469,B34,,2025-08-27,3,1,packaging,,0
R06230,H00815,B10,,2025-08-27,5,1,taste,,0
R06231,H00828,B17,,2025-08-27,2,1,,packaging,0
R06232,H00908,B39,,2025-08-27,5,1,jar size,texture,1
R06233,H01018,B36,,2025-08-27,4,1,price,,1
R06234,H01078,B13,,2025-08-27,3,1,,packaging,0
R06235,H01193,B35,,2025-08-27,3,0,,ingredients,0
R06236,H01247,B30,,2025-08-27,2,0,,price,0
R06237,H01721,B04,,2025-08-27,3,1,,price,0
R06238,H01757,B26,,2025-08-27,5,1,seasoning,,1
R06239,H01841,B32,,2025-08-27,5,1,size,,1
R06240,H01908,B47,,2025-08-27,3,0,price,,0
R06241,H01954,B19,,2025-08-27,4,1,flavour depth,,0
R06242,H02065,B40,,2025-08-27,3,0,aftertaste,,0
R06243,H02318,B06,,2025-08-27,3,1,sweetness,,0
R06244,H02332,B25,,2025-08-27,4,1,portion size,,1
R06245,H02510,B18,,2025-08-27,2,0,,packaging,0
R06246,H02535,B27,,2025-08-27,5,1,flavour depth,,0
R06247,H02543,B25,,2025-08-27,2,0,,portion size,0
R06248,H02585,B16,,2025-08-27,3,0,fizz,,1
R06249,H00020,B48,,2025-08-28,4,1,saltiness,,0
R06250,H00028,B23,,2025-08-28,4,0,taste,,0
R06251,H00158,B46,,2025-08-28,3,0,,aftertaste,0
R06252,H00341,B24,,2025-08-28,4,1,ingredients,,0
R06253,H00416,B19,,2025-08-28,3,0,,jar size,0
R06254,H00627,B08,,2025-08-28,4,0,versatility,,0
R06255,H00795,B27,,2025-08-28,5,1,jar size,,0
R06256,H00819,B32,,2025-08-28,3,0,,price,0
R06257,H00858,B06,,2025-08-28,3,0,price,,0
R06258,H00914,B33,,2025-08-28,5,1,taste,,1
R06259,H01086,B14,,2025-08-28,2,0,,price,0
R06260,H01112,B04,,2025-08-28,3,0,,crunch,0
R06261,H01122,B05,,2025-08-28,2,0,saltiness,seasoning,0
R06262,H01192,B01,,2025-08-28,4,0,portion size,,0
R06263,H01821,B44,,2025-08-28,2,0,,aftertaste,1
R06264,H02012,B19,,2025-08-28,3,0,,heat,0
R06265,H02171,B25,,2025-08-28,4,0,price,,1
R06266,H02212,B14,,2025-08-28,3,1,aftertaste,,0
R06267,H02218,B13,,2025-08-28,3,0,,sweetness,0
R06268,H02440,B38,,2025-08-28,4,1,packaging,,1
R06269,H02454,B03,,2025-08-28,2,0,,texture,0
R06270,H02510,B02,,2025-08-28,4,1,saltiness,,1
R06271,H02723,B39,,2025-08-28,3,0,price,,0
R06272,H00026,B09,,2025-08-29,2,0,,ingredients,0
R06273,H00034,B02,,2025-08-29,5,1,crunch,,1
R06274,H00167,B31,,2025-08-29,3,0,,flavour depth,0
R06275,H00204,B09,,2025-08-29,3,0,,price,0
R06276,H00353,B39,,2025-08-29,5,1,price,,1
R06277,H00418,B27,,2025-08-29,3,0,jar size,,0
R06278,H00440,B12,,2025-08-29,4,1,price,aftertaste,0
R06279,H00631,B06,,2025-08-29,3,0,sweetness,,0
R06280,H00888,B21,,2025-08-29,3,1,,taste,0
R06281,H00977,B43,,2025-08-29,5,1,packaging,,0
R06282,H01105,B25,,2025-08-29,3,0,,seasoning,1
R06283,H01243,B07,,2025-08-29,5,1,jar size,versatility,1
R06284,H01318,B02,,2025-08-29,4,1,crunch,,0
R06285,H01350,B15,,2025-08-29,3,0,,fizz,0
R06286,H01714,B14,,2025-08-29,5,1,refreshing,,1
R06287,H01749,B43,,2025-08-29,2,0,,fizz,0
R06288,H01956,B01,,2025-08-29,4,1,saltiness,,1
R06289,H01980,B31,,2025-08-29,3,1,,jar size,0
R06290,H02023,B47,,2025-08-29,2,0,,price,0
R06291,H02102,B37,,2025-08-29,2,0,,ingredients,0
R06292,H02286,B12,,2025-08-29,4,1,sweetness,aftertaste,0
R06293,H02360,B23,,2025-08-29,2,0,,packaging,0
R06294,H02543,B26,,2025-08-29,4,1,crunch,portion size,0
R06295,H02585,B13,,2025-08-29,4,1,fizz,,1
R06296,H02720,B44,,2025-08-29,3,0,,price,1
R06297,H00236,B47,,2025-08-30,3,0,packaging,,0
R06298,H00279,B30,,2025-08-30,2,0,,texture,1
R06299,H00311,B14,,2025-08-30,4,0,price,,1
R06300,H00347,B28,,2025-08-30,4,1,taste,,1
R06301,H00370,B48,,2025-08-30,4,1,saltiness,,1
R06302,H00383,B43,,2025-08-30,3,0,aftertaste,,0
R06303,H00392,B17,,2025-08-30,4,1,packaging,,1
R06304,H00540,B45,,2025-08-30,3,1,refreshing,,0
R06305,H00565,B08,,2025-08-30,4,0,texture,,0
R06306,H00646,B45,,2025-08-30,2,0,,price,0
R06307,H00877,B47,,2025-08-30,3,0,,taste,1
R06308,H01166,B24,,2025-08-30,4,1,strength,,0
R06309,H01208,B27,,2025-08-30,5,1,versatility,,1
R06310,H01257,B30,,2025-08-30,2,1,,texture,0
R06311,H01397,B13,,2025-08-30,2,0,,price,0
R06312,H01896,B19,,2025-08-30,4,0,price,,0
R06313,H01901,B16,,2025-08-30,3,1,aftertaste,,1
R06314,H01991,B13,,2025-08-30,5,1,refreshing,,0
R06315,H01997,B19,,2025-08-30,4,1,versatility,,0
R06316,H02155,B29,,2025-08-30,5,1,portability,texture,1
R06317,H02272,B08,,2025-08-30,4,1,heat,,0
R06318,H02409,B34,,2025-08-30,1,1,aroma,ingredients,0
R06319,H00046,B48,,2025-08-31,2,0,,portion size,0
R06320,H00061,B27,,2025-08-31,3,0,heat,,0
R06321,H00154,B49,,2025-08-31,4,0,taste,price,0
R06322,H00366,B24,,2025-08-31,3,1,,aroma,0
R06323,H00443,B15,,2025-08-31,4,0,price,,1
R06324,H01043,B04,,2025-08-31,3,0,,packaging,0
R06325,H01220,B22,,2025-08-31,4,1,packaging,,1
R06326,H01301,B24,,2025-08-31,4,1,price,,1
R06327,H01322,B14,,2025-08-31,4,1,taste,,0
R06328,H01374,B04,,2025-08-31,2,0,crunch,seasoning,0
R06329,H01556,B09,,2025-08-31,2,0,,ingredients,0
R06330,H01824,B44,,2025-08-31,4,0,taste,,0
R06331,H02033,B22,,2025-08-31,4,1,taste,,0
R06332,H02052,B45,,2025-08-31,2,0,,aftertaste,0
R06333,H02278,B45,,2025-08-31,2,0,,fizz,0
R06334,H02317,B18,,2025-08-31,3,1,,aftertaste,0
R06335,H02404,B40,,2025-08-31,2,0,refreshing,fizz,0
R06336,H02596,B37,,2025-08-31,2,0,,sweetness,0
R06337,H02634,B07,,2025-08-31,3,0,heat,,0
R06338,H02690,B15,,2025-08-31,3,0,aftertaste,,0
R06339,H02743,B09,,2025-08-31,5,1,ingredients,,1
R06340,H00150,B06,,2025-09-01,3,0,,taste,0
R06341,H00248,B39,,2025-09-01,3,1,texture,,0
R06342,H00357,B43,,2025-09-01,4,1,aftertaste,fizz,0
R06343,H00434,B17,,2025-09-01,2,0,,taste,0
R06344,H00443,B36,,2025-09-01,4,1,seasoning,,1
R06345,H00465,B13,,2025-09-01,2,0,,fizz,0
R06346,H00484,B19,,2025-09-01,3,0,,price,0
R06347,H00651,B04,,2025-09-01,4,1,price,,1
R06348,H00659,B36,,2025-09-01,3,0,portion size,,0
R06349,H00804,B06,,2025-09-01,1,0,,packaging,0
R06350,H00866,B13,,2025-09-01,2,0,,sweetness,0
R06351,H00866,B06,,2025-09-01,4,1,sweetness,taste,0
R06352,H00954,B47,,2025-09-01,2,1,,price,0
R06353,H00961,B34,,2025-09-01,3,0,,packaging,1
R06354,H01143,B08,,2025-09-01,3,0,,flavour depth,0
R06355,H01223,B26,,2025-09-01,2,0,,price,0
R06356,H01248,B48,,2025-09-01,2,0,saltiness,packaging,0
R06357,H01270,B46,,2025-09-01,4,1,packaging,,1
R06358,H01435,B11,,2025-09-01,3,0,,aftertaste,0
R06359,H01558,B40,,2025-09-01,3,0,,packaging,0
R06360,H01838,B46,,2025-09-01,5,1,packaging,aftertaste,1
R06361,H01931,B36,,2025-09-01,2,0,,seasoning,0
R06362,H01996,B39,,2025-09-01,3,0,,texture,0
R06363,H02116,B11,,2025-09-01,5,1,taste,,1
R06364,H02369,B28,,2025-09-01,2,0,,portability,0
R06365,H02374,B04,,2025-09-01,1,0,,seasoning,0
R06366,H02603,B01,,2025-09-01,4,0,packaging,,0
R06367,H02657,B36,,2025-09-01,2,0,,crunch,0
R06368,H02673,B10,,2025-09-01,3,1,,packaging,0
R06369,H00205,B23,,2025-09-02,4,1,ingredients,,1
R06370,H00360,B36,,2025-09-02,2,0,,portion size,0
R06371,H00758,B31,,2025-09-02,3,1,,texture,0
R06372,H00801,B27,,2025-09-02,3,0,price,,0
R06373,H00814,B42,,2025-09-02,4,0,packaging,,1
R06374,H00875,B24,,2025-09-02,4,1,strength,,1
R06375,H00994,B40,,2025-09-02,2,0,,taste,0
R06376,H01128,B27,,2025-09-02,5,1,heat,versatility,0
R06377,H01177,B38,,2025-09-02,1,0,ingredients,packaging,0
R06378,H01232,B34,,2025-09-02,5,1,packaging,,1
R06379,H01354,B39,,2025-09-02,3,1,,jar size,0
R06380,H01412,B08,,2025-09-02,4,0,jar size,,0
R06381,H01436,B12,,2025-09-02,4,1,fizz,sweetness,1
R06382,H01711,B30,,2025-09-02,1,0,,heat,0
R06383,H01838,B29,,2025-09-02,2,0,,portability,0
R06384,H01922,B10,,2025-09-02,4,1,packaging,,0
R06385,H02020,B38,,2025-09-02,5,1,texture,price,0
R06386,H02296,B49,,2025-09-02,3,1,packaging,,0
R06387,H02436,B14,,2025-09-02,3,1,packaging,,0
R06388,H02495,B31,,2025-09-02,4,1,jar size,,0
R06389,H02664,B23,,2025-09-02,4,1,sweetness,,0
R06390,H02737,B23,,2025-09-02,2,1,,packaging,0
R06391,H00010,B40,,2025-09-03,4,1,packaging,,1
R06392,H00074,B25,,2025-09-03,3,0,,portion size,0
R06393,H00309,B33,,2025-09-03,3,0,sweetness,,0
R06394,H00434,B24,,2025-09-03,5,1,ingredients,,1
R06395,H00545,B14,,2025-09-03,4,1,taste,,1
R06396,H00651,B41,,2025-09-03,4,1,price,,0
R06397,H00652,B15,,2025-09-03,1,0,,price,0
R06398,H00739,B27,,2025-09-03,3,1,price,,1
R06399,H00926,B31,,2025-09-03,3,0,texture,,1
R06400,H01046,B46,,2025-09-03,3,1,,sweetness,0
R06401,H01052,B21,,2025-09-03,5,1,fizz,,1
R06402,H01280,B18,,2025-09-03,4,1,taste,,1
R06403,H01342,B36,,2025-09-03,3,0,portion size,,0
R06404,H01487,B14,,2025-09-03,5,1,aftertaste,fizz,1
R06405,H01525,B11,,2025-09-03,4,1,packaging,fizz,0
R06406,H01538,B02,,2025-09-03,5,0,saltiness,price,1
R06407,H01943,B19,,2025-09-03,5,1,jar size,,1
R06408,H02155,B31,,2025-09-03,2,0,,price,0
R06409,H02176,B38,,2025-09-03,3,0,packaging,,0
R06410,H02398,B32,,2025-09-03,2,0,design,build quality,0
R06411,H02415,B42,,2025-09-03,2,0,price,aroma,0
R06412,H02438,B23,,2025-09-03,3,0,texture,,1
R06413,H02570,B24,,2025-09-03,5,1,price,,1
R06414,H02586,B09,,2025-09-03,2,0,,packaging,0
R06415,H00162,B16,,2025-09-04,2,0,,taste,0
R06416,H00557,B19,,2025-09-04,5,1,texture,,1
R06417,H00584,B39,,2025-09-04,5,1,flavour depth,,1
R06418,H00608,B36,,2025-09-04,1,0,price,packaging,0
R06419,H00742,B43,,2025-09-04,5,1,sweetness,,1
R06420,H00954,B27,,2025-09-04,3,0,,heat,0
R06421,H01016,B21,,2025-09-04,5,1,taste,,1
R06422,H01127,B08,,2025-09-04,3,0,versatility,,0
R06423,H01349,B06,,2025-09-04,3,1,texture,,0
R06424,H01406,B11,,2025-09-04,2,0,aftertaste,sweetness,0
R06425,H01544,B27,,2025-09-04,5,1,jar size,heat,1
R06426,H01691,B06,,2025-09-04,4,0,texture,,1
R06427,H01726,B37,,2025-09-04,2,0,packaging,sweetness,0
R06428,H01761,B29,,2025-09-04,4,1,taste,,1
R06429,H01843,B13,,2025-09-04,3,0,,aftertaste,0
R06430,H01929,B06,,2025-09-04,4,1,price,sweetness,1
R06431,H01984,B26,,2025-09-04,2,0,,crunch,0
R06432,H02413,B44,,2025-09-04,3,1,,sweetness,1
R06433,H02561,B20,,2025-09-04,2,0,,packaging,0
R06434,H00178,B19,,2025-09-05,4,1,heat,,0
R06435,H00692,B42,,2025-09-05,3,0,,aroma,1
R06436,H00783,B04,,2025-09-05,4,1,packaging,,0
R06437,H00785,B39,,2025-09-05,1,0,,flavour depth,0
R06438,H00825,B25,,2025-09-05,4,1,portion size,saltiness,0
R06439,H00905,B09,,2025-09-05,2,1,,texture,0
R06440,H01117,B05,,2025-09-05,4,0,packaging,,1
R06441,H01270,B24,,2025-09-05,4,0,strength,,1
R06442,H01298,B27,,2025-09-05,3,1,,heat,0
R06443,H01330,B21,,2025-09-05,3,0,,aftertaste,0
R06444,H01535,B06,,2025-09-05,5,1,packaging,,0
R06445,H01726,B38,,2025-09-05,3,0,,packaging,0
R06446,H01727,B45,,2025-09-05,4,0,refreshing,,0
R06447,H01734,B01,,2025-09-05,3,0,,seasoning,0
R06448,H01747,B45,,2025-09-05,2,0,,packaging,0
R06449,H01895,B24,,2025-09-05,5,1,packaging,,1
R06450,H02190,B32,,2025-09-05,4,0,build quality,,1
R06451,H02240,B42,,2025-09-05,3,0,,aroma,1
R06452,H02382,B07,,2025-09-05,2,0,,price,1
R06453,H02405,B36,,2025-09-05,3,1,saltiness,,0
R06454,H02456,B15,,2025-09-05,4,1,sweetness,,1
R06455,H02585,B15,,2025-09-05,2,0,,sweetness,0
R06456,H02611,B01,,2025-09-05,5,1,saltiness,,0
R06457,H02720,B13,,2025-09-05,3,0,,sweetness,0
R06458,H00050,B36,,2025-09-06,4,1,portion size,,0
R06459,H00139,B15,,2025-09-06,5,1,packaging,,1
R06460,H00208,B10,,2025-09-06,4,1,taste,,0
R06461,H00216,B35,,2025-09-06,3,0,,portability,0
R06462,H00281,B13,,2025-09-06,3,0,aftertaste,,0
R06463,H00403,B20,,2025-09-06,4,1,sweetness,,0
R06464,H00425,B03,,2025-09-06,2,1,energy boost,ingredients,0
R06465,H00828,B24,,2025-09-06,3,1,,price,0
R06466,H00899,B46,,2025-09-06,3,0,taste,,0
R06467,H00954,B18,,2025-09-06,3,0,,refreshing,0
R06468,H01144,B13,,2025-09-06,2,0,,fizz,0
R06469,H01144,B36,,2025-09-06,2,0,,price,0
R06470,H01598,B46,,2025-09-06,3,1,,aftertaste,0
R06471,H01739,B26,,2025-09-06,4,1,price,saltiness,0
R06472,H01974,B12,,2025-09-06,2,0,,taste,0
R06473,H02333,B36,,2025-09-06,5,1,portion size,,1
R06474,H02436,B01,,2025-09-06,3,0,,crunch,0
R06475,H02474,B16,,2025-09-06,4,1,price,sweetness,0
R06476,H02535,B19,,2025-09-06,3,0,price,,0
R06477,H02568,B17,,2025-09-06,5,1,taste,,1
R06478,H02732,B05,,2025-09-06,4,0,seasoning,portion size,1
R06479,H00057,B29,,2025-09-07,4,1,taste,,1
R06480,H00144,B46,,2025-09-07,5,1,fizz,,1
R06481,H00610,B49,,2025-09-07,2,0,,ingredients,0
R06482,H00662,B11,,2025-09-07,4,0,taste,,1
R06483,H00797,B28,,2025-09-07,3,0,,taste,1
R06484,H00803,B19,,2025-09-07,3,1,,versatility,0
R06485,H00809,B40,,2025-09-07,4,1,taste,,1
R06486,H00819,B09,,2025-09-07,5,1,sweetness,,0
R06487,H01193,B30,,2025-09-07,2,0,texture,heat,0
R06488,H01212,B34,,2025-09-07,5,1,strength,,0
R06489,H01222,B36,,2025-09-07,5,1,packaging,,0
R06490,H01237,B28,,2025-09-07,2,0,,taste,0
R06491,H01260,B07,,2025-09-07,4,1,price,,0
R06492,H01361,B47,,2025-09-07,2,0,,packaging,0
R06493,H01504,B31,,2025-09-07,4,1,price,,0
R06494,H01539,B04,,2025-09-07,3,1,,seasoning,0
R06495,H01548,B12,,2025-09-07,3,0,price,,0
R06496,H01705,B10,,2025-09-07,4,1,ingredients,,0
R06497,H01893,B29,,2025-09-07,2,0,,energy boost,0
R06498,H01905,B34,,2025-09-07,4,1,price,,0
R06499,H01960,B34,,2025-09-07,4,1,ingredients,,0
R06500,H02037,B22,,2025-09-07,5,1,ingredients,,1
R06501,H02057,B16,,2025-09-07,4,1,aftertaste,,1
R06502,H02100,B49,,2025-09-07,3,1,sweetness,,0
R06503,H02145,B20,,2025-09-07,4,1,aftertaste,,0
R06504,H02243,B06,,2025-09-07,4,1,taste,,0
R06505,H02273,B11,,2025-09-07,4,1,aftertaste,,0
R06506,H02297,B24,,2025-09-07,5,1,strength,,1
R06507,H02393,B38,,2025-09-07,4,0,texture,price,1
R06508,H02462,B08,,2025-09-07,3,1,flavour depth,,0
R06509,H02547,B11,,2025-09-07,3,0,,sweetness,0
R06510,H00054,B34,,2025-09-08,5,1,taste,,1
R06511,H00057,B34,,2025-09-08,5,1,aroma,,0
R06512,H00257,B22,,2025-09-08,5,1,texture,,1
R06513,H00299,B14,,2025-09-08,4,0,refreshing,,1
R06514,H00374,B42,,2025-09-08,4,1,ingredients,,0
R06515,H00388,B36,,2025-09-08,2,0,,saltiness,0
R06516,H00520,B43,,2025-09-08,3,1,,sweetness,0
R06517,H00533,B35,,2025-09-08,4,1,texture,,0
R06518,H00636,B16,,2025-09-08,2,0,,packaging,0
R06519,H00670,B11,,2025-09-08,3,1,sweetness,,0
R06520,H00874,B01,,2025-09-08,3,1,portion size,,0
R06521,H01280,B40,,2025-09-08,3,0,aftertaste,,0
R06522,H01310,B40,,2025-09-08,2,0,,fizz,0
R06523,H01424,B27,,2025-09-08,3,0,price,,0
R06524,H01607,B32,,2025-09-08,5,1,usefulness,,1
R06525,H01902,B27,,2025-09-08,2,0,,jar size,0
R06526,H02156,B03,,2025-09-08,5,1,portability,,1
R06527,H02351,B09,,2025-09-08,3,0,,sweetness,0
R06528,H02432,B01,,2025-09-08,4,1,portion size,saltiness,1
R06529,H02520,B35,,2025-09-08,2,0,portability,price,0
R06530,H02527,B42,,2025-09-08,4,1,taste,,0
R06531,H02603,B26,,2025-09-08,3,0,portion size,,0
R06532,H02725,B21,,2025-09-08,3,0,,sweetness,0
R06533,H02730,B11,,2025-09-08,3,0,,sweetness,0
R06534,H02736,B31,,2025-09-08,4,0,heat,,0
R06535,H00255,B10,,2025-09-09,2,0,,ingredients,0
R06536,H00398,B45,,2025-09-09,2,0,,price,0
R06537,H00595,B06,,2025-09-09,4,1,packaging,,0
R06538,H00622,B07,,2025-09-09,5,1,versatility,,1
R06539,H00982,B27,,2025-09-09,5,1,flavour depth,,0
R06540,H01086,B27,,2025-09-09,2,0,,price,0
R06541,H01108,B39,,2025-09-09,3,0,price,,0
R06542,H01556,B02,,2025-09-09,4,1,portion size,,1
R06543,H01965,B27,,2025-09-09,3,0,versatility,,1
R06544,H01988,B08,,2025-09-09,3,0,,heat,0
R06545,H02020,B36,,2025-09-09,2,0,,crunch,0
R06546,H02271,B01,,2025-09-09,2,0,,saltiness,0
R06547,H02504,B44,,2025-09-09,3,0,price,,0
R06548,H02545,B34,,2025-09-09,3,1,taste,,0
R06549,H02557,B25,,2025-09-09,4,1,portion size,seasoning,1
R06550,H02567,B23,,2025-09-09,3,1,texture,,0
R06551,H02702,B21,,2025-09-09,4,0,fizz,,0
R06552,H02709,B46,,2025-09-09,4,1,aftertaste,,0
R06553,H02777,B12,,2025-09-09,4,0,refreshing,,0
R06554,H00011,B19,,2025-09-10,4,1,flavour depth,,1
R06555,H00101,B13,,2025-09-10,5,1,fizz,aftertaste,1
R06556,H00386,B06,,2025-09-10,3,0,texture,,0
R06557,H00458,B37,,2025-09-10,4,1,taste,price,0
R06558,H00466,B10,,2025-09-10,2,0,strength,aroma,0
R06559,H00487,B26,,2025-09-10,5,0,portion size,,1
R06560,H00534,B19,,2025-09-10,4,0,texture,,0
R06561,H00593,B23,,2025-09-10,2,0,,ingredients,0
R06562,H01109,B27,,2025-09-10,3,1,,texture,1
R06563,H01115,B06,,2025-09-10,2,1,,taste,0
R06564,H01235,B29,,2025-09-10,5,1,energy boost,ingredients,1
R06565,H01330,B19,,2025-09-10,3,0,flavour depth,,0
R06566,H01394,B01,,2025-09-10,5,1,portion size,,1
R06567,H01574,B18,,2025-09-10,2,0,,refreshing,1
R06568,H01613,B21,,2025-09-10,5,1,taste,,1
R06569,H01707,B09,,2025-09-10,4,0,taste,,0
R06570,H02065,B42,,2025-09-10,1,0,,packaging,1
R06571,H02097,B11,,2025-09-10,2,0,,fizz,0
R06572,H02249,B31,,2025-09-10,2,0,price,flavour depth,0
R06573,H02400,B13,,2025-09-10,5,1,refreshing,,0
R06574,H02436,B04,,2025-09-10,3,1,packaging,,0
R06575,H02515,B24,,2025-09-10,4,1,aroma,,0
R06576,H02644,B05,,2025-09-10,3,0,crunch,,0
R06577,H02782,B13,,2025-09-10,5,1,sweetness,,0
R06578,H00307,B14,,2025-09-11,3,1,packaging,,1
R06579,H00410,B30,,2025-09-11,4,1,jar size,,1
R06580,H00414,B15,,2025-09-11,4,1,sweetness,fizz,0
R06581,H00463,B08,,2025-09-11,5,1,heat,,1
R06582,H00542,B22,,2025-09-11,4,1,texture,,0
R06583,H00554,B24,,2025-09-11,3,1,,packaging,0
R06584,H00686,B39,,2025-09-11,3,0,price,,0
R06585,H00826,B33,,2025-09-11,3,0,,taste,0
R06586,H00934,B39,,2025-09-11,3,0,versatility,,0
R06587,H00941,B17,,2025-09-11,4,0,aftertaste,,1
R06588,H00952,B03,,2025-09-11,4,1,ingredients,,0
R06589,H01191,B36,,2025-09-11,3,0,price,,0
R06590,H01495,B24,,2025-09-11,2,1,,taste,0
R06591,H01524,B19,,2025-09-11,5,1,versatility,heat,0
R06592,H01709,B31,,2025-09-11,4,1,flavour depth,,0
R06593,H01737,B08,,2025-09-11,2,0,heat,texture,0
R06594,H01877,B10,,2025-09-11,4,0,aroma,,0
R06595,H01911,B11,,2025-09-11,3,0,price,,0
R06596,H01926,B43,,2025-09-11,3,1,,fizz,0
R06597,H01996,B41,,2025-09-11,1,0,,seasoning,0
R06598,H02112,B36,,2025-09-11,2,0,,packaging,0
R06599,H02155,B37,,2025-09-11,3,1,,texture,0
R06600,H02312,B30,,2025-09-11,5,1,price,,1
R06601,H02336,B38,,2025-09-11,3,0,,taste,0
R06602,H02384,B43,,2025-09-11,5,1,fizz,taste,0
R06603,H02392,B04,,2025-09-11,2,0,,seasoning,0
R06604,H02559,B35,,2025-09-11,3,1,,taste,0
R06605,H02655,B22,,2025-09-11,4,1,ingredients,sweetness,0
R06606,H02771,B13,,2025-09-11,3,0,,refreshing,0
R06607,H02787,B24,,2025-09-11,4,1,packaging,,0
R06608,H00140,B18,,2025-09-12,3,0,,refreshing,1
R06609,H00448,B27,,2025-09-12,5,1,versatility,,0
R06610,H00632,B10,,2025-09-12,3,1,,taste,0
R06611,H00656,B40,,2025-09-12,2,0,,aftertaste,0
R06612,H00775,B05,,2025-09-12,1,0,,portion size,0
R06613,H01007,B18,,2025-09-12,1,0,,fizz,0
R06614,H01124,B26,,2025-09-12,4,0,seasoning,,0
R06615,H01223,B12,,2025-09-12,3,1,,packaging,1
R06616,H01383,B25,,2025-09-12,4,0,price,,1
R06617,H01478,B05,,2025-09-12,3,0,price,,0
R06618,H01533,B30,,2025-09-12,2,0,,versatility,0
R06619,H01550,B21,,2025-09-12,5,1,packaging,,0
R06620,H01560,B25,,2025-09-12,3,0,,packaging,0
R06621,H01628,B38,,2025-09-12,4,1,price,,0
R06622,H01638,B22,,2025-09-12,2,1,,price,0
R06623,H01642,B44,,2025-09-12,3,0,taste,,0
R06624,H01785,B43,,2025-09-12,4,1,taste,,0
R06625,H01831,B14,,2025-09-12,5,1,fizz,,1
R06626,H01883,B36,,2025-09-12,3,0,,portion size,0
R06627,H01906,B31,,2025-09-12,4,1,price,texture,0
R06628,H02048,B42,,2025-09-12,1,0,taste,strength,0
R06629,H02063,B22,,2025-09-12,5,1,texture,packaging,1
R06630,H02100,B26,,2025-09-12,2,0,,seasoning,0
R06631,H02480,B31,,2025-09-12,3,0,jar size,,0
R06632,H02482,B31,,2025-09-12,5,1,price,,1
R06633,H02585,B28,,2025-09-12,3,1,,energy boost,0
R06634,H02631,B29,,2025-09-12,5,1,taste,portability,1
R06635,H02712,B45,,2025-09-12,3,1,fizz,,0
R06636,H02725,B08,,2025-09-12,4,0,versatility,,0
R06637,H00177,B27,,2025-09-13,3,0,heat,,0
R06638,H00225,B37,,2025-09-13,2,0,,ingredients,0
R06639,H00246,B35,,2025-09-13,3,0,taste,,0
R06640,H00297,B33,,2025-09-13,2,0,,fizz,0
R06641,H00696,B25,,2025-09-13,4,1,crunch,,0
R06642,H00753,B43,,2025-09-13,5,1,sweetness,,1
R06643,H00766,B37,,2025-09-13,2,1,,packaging,0
R06644,H00776,B48,,2025-09-13,4,0,packaging,,0
R06645,H00812,B27,,2025-09-13,3,0,,heat,0
R06646,H01140,B27,,2025-09-13,4,1,versatility,,1
R06647,H01288,B45,,2025-09-13,4,0,taste,,1
R06648,H01401,B41,,2025-09-13,5,1,seasoning,,1
R06649,H01497,B13,,2025-09-13,5,1,sweetness,fizz,0
R06650,H01538,B39,,2025-09-13,4,1,versatility,heat,1
R06651,H01548,B37,,2025-09-13,4,1,taste,,0
R06652,H01575,B47,,2025-09-13,3,0,texture,,1
R06653,H01756,B17,,2025-09-13,2,1,price,aftertaste,0
R06654,H01904,B06,,2025-09-13,4,1,price,,0
R06655,H01920,B46,,2025-09-13,3,0,,taste,0
R06656,H01923,B37,,2025-09-13,3,1,taste,,0
R06657,H02065,B39,,2025-09-13,5,1,versatility,,1
R06658,H00111,B47,,2025-09-14,5,1,sweetness,,1
R06659,H00229,B06,,2025-09-14,4,1,packaging,,1
R06660,H00248,B19,,2025-09-14,5,1,jar size,,0
R06661,H00523,B44,,2025-09-14,2,0,,price,0
R06662,H00653,B12,,2025-09-14,4,0,price,,0
R06663,H00691,B14,,2025-09-14,4,1,packaging,fizz,0
R06664,H00727,B35,,2025-09-14,2,0,,taste,0
R06665,H00931,B28,,2025-09-14,2,0,,taste,0
R06666,H01020,B27,,2025-09-14,3,0,,versatility,1
R06667,H01075,B41,,2025-09-14,3,0,portion size,,0
R06668,H01109,B25,,2025-09-14,1,1,price,saltiness,0
R06669,H01178,B45,,2025-09-14,4,1,packaging,sweetness,1
R06670,H01280,B06,,2025-09-14,4,0,packaging,,1
R06671,H01376,B01,,2025-09-14,5,1,price,,1
R06672,H01444,B36,,2025-09-14,2,1,,seasoning,0
R06673,H01534,B40,,2025-09-14,2,0,,price,0
R06674,H01589,B25,,2025-09-14,3,0,,portion size,0
R06675,H01634,B19,,2025-09-14,4,0,flavour depth,,0
R06676,H01761,B28,,2025-09-14,4,1,price,,0
R06677,H01888,B36,,2025-09-14,3,1,,price,0
R06678,H01910,B06,,2025-09-14,2,0,,sweetness,0
R06679,H02079,B45,,2025-09-14,4,0,packaging,,1
R06680,H02171,B33,,2025-09-14,4,0,taste,sweetness,1
R06681,H02234,B25,,2025-09-14,5,1,crunch,seasoning,1
R06682,H02339,B21,,2025-09-14,4,1,fizz,,0
R06683,H02457,B31,,2025-09-14,3,1,,versatility,0
R06684,H02548,B20,,2025-09-14,5,1,price,refreshing,1
R06685,H00030,B31,,2025-09-15,4,1,price,,0
R06686,H00161,B39,,2025-09-15,5,1,heat,,1
R06687,H00231,B28,,2025-09-15,2,0,,portability,0
R06688,H00237,B32,,2025-09-15,3,0,price,,0
R06689,H00485,B19,,2025-09-15,4,1,texture,jar size,1
R06690,H00496,B45,,2025-09-15,2,0,taste,sweetness,0
R06691,H00587,B49,,2025-09-15,4,1,texture,price,0
R06692,H00742,B06,,2025-09-15,4,1,ingredients,,1
R06693,H00847,B36,,2025-09-15,2,0,,portion size,0
R06694,H00897,B07,,2025-09-15,1,0,,heat,0
R06695,H00954,B02,,2025-09-15,3,0,,price,0
R06696,H01097,B43,,2025-09-15,2,0,,fizz,0
R06697,H01316,B17,,2025-09-15,4,1,aftertaste,sweetness,1
R06698,H01335,B49,,2025-09-15,5,1,taste,texture,0
R06699,H01345,B01,,2025-09-15,3,1,,seasoning,0
R06700,H01396,B20,,2025-09-15,4,0,price,,1
R06701,H01470,B19,,2025-09-15,3,0,jar size,,0
R06702,H01549,B13,,2025-09-15,3,0,price,,0
R06703,H01859,B02,,2025-09-15,4,0,price,,1
R06704,H02013,B49,,2025-09-15,2,0,,ingredients,0
R06705,H02198,B46,,2025-09-15,4,1,aftertaste,,1
R06706,H02330,B15,,2025-09-15,3,1,sweetness,,0
R06707,H02374,B25,,2025-09-15,1,0,,saltiness,0
R06708,H02550,B12,,2025-09-15,4,0,price,taste,0
R06709,H02768,B24,,2025-09-15,4,1,packaging,aroma,0
R06710,H00067,B03,,2025-09-16,2,1,,ingredients,0
R06711,H00090,B27,,2025-09-16,5,1,heat,,0
R06712,H00110,B26,,2025-09-16,3,0,,packaging,0
R06713,H00254,B23,,2025-09-16,3,0,sweetness,,0
R06714,H00254,B38,,2025-09-16,3,1,,taste,0
R06715,H00386,B02,,2025-09-16,3,1,,portion size,0
R06716,H00828,B42,,2025-09-16,2,0,,taste,0
R06717,H01170,B15,,2025-09-16,3,0,refreshing,,0
R06718,H01190,B28,,2025-09-16,5,1,portability,taste,1
R06719,H01198,B48,,2025-09-16,3,0,,saltiness,0
R06720,H01253,B46,,2025-09-16,3,0,,price,0
R06721,H01516,B02,,2025-09-16,4,1,saltiness,portion size,0
R06722,H01646,B30,,2025-09-16,1,0,,heat,0
R06723,H01740,B09,,2025-09-16,2,0,price,taste,1
R06724,H01841,B49,,2025-09-16,3,0,price,,0
R06725,H02180,B44,,2025-09-16,5,1,taste,refreshing,0
R06726,H02184,B06,,2025-09-16,5,0,texture,packaging,1
R06727,H02530,B02,,2025-09-16,2,0,saltiness,crunch,0
R06728,H02739,B42,,2025-09-16,3,0,price,,0
R06729,H02815,B26,P035,2025-09-16,5,0,crunch,price,1
R06730,H00095,B18,,2025-09-17,4,0,sweetness,fizz,1
R06731,H00146,B09,,2025-09-17,4,0,taste,sweetness,0
R06732,H00792,B36,,2025-09-17,3,1,price,,0
R06733,H01237,B02,,2025-09-17,3,0,,price,0
R06734,H01313,B45,,2025-09-17,4,0,taste,aftertaste,0
R06735,H01328,B44,,2025-09-17,4,0,sweetness,,0
R06736,H01374,B23,,2025-09-17,1,0,taste,texture,0
R06737,H01406,B13,,2025-09-17,5,1,refreshing,,0
R06738,H01486,B10,,2025-09-17,5,1,taste,,1
R06739,H01551,B29,,2025-09-17,2,0,,texture,0
R06740,H01997,B38,,2025-09-17,3,1,,texture,0
R06741,H02124,B35,,2025-09-17,1,0,,texture,0
R06742,H02127,B01,,2025-09-17,4,1,saltiness,price,0
R06743,H02129,B41,,2025-09-17,3,0,price,,0
R06744,H02274,B29,,2025-09-17,5,1,price,,1
R06745,H02408,B12,,2025-09-17,4,1,sweetness,,0
R06746,H02518,B47,,2025-09-17,2,0,,sweetness,0
R06747,H02816,B04,P035,2025-09-17,4,0,seasoning,,0
R06748,H02816,B26,P035,2025-09-17,5,1,seasoning,,1
R06749,H02818,B02,P035,2025-09-17,5,1,packaging,,1
R06750,H02819,B04,P035,2025-09-17,3,1,,packaging,0
R06751,H00093,B18,,2025-09-18,4,1,fizz,,0
R06752,H00217,B22,,2025-09-18,2,0,,packaging,0
R06753,H00421,B04,,2025-09-18,1,0,,saltiness,0
R06754,H00516,B14,,2025-09-18,5,1,taste,,0
R06755,H00847,B27,,2025-09-18,5,1,versatility,,1
R06756,H00879,B30,,2025-09-18,4,1,texture,,0
R06757,H01013,B12,,2025-09-18,3,0,,price,0
R06758,H01035,B20,,2025-09-18,2,0,,taste,0
R06759,H01201,B10,,2025-09-18,5,1,price,,1
R06760,H01284,B15,,2025-09-18,1,0,,aftertaste,0
R06761,H01399,B26,,2025-09-18,3,0,saltiness,,0
R06762,H01486,B29,,2025-09-18,3,1,energy boost,,0
R06763,H01496,B16,,2025-09-18,5,0,sweetness,,0
R06764,H01548,B22,,2025-09-18,3,0,packaging,,0
R06765,H01619,B26,,2025-09-18,5,1,crunch,,1
R06766,H01625,B03,,2025-09-18,3,1,,texture,0
R06767,H01948,B13,,2025-09-18,4,1,packaging,,0
R06768,H02302,B11,,2025-09-18,4,0,aftertaste,,0
R06769,H02559,B33,,2025-09-18,5,1,taste,price,1
R06770,H02645,B05,,2025-09-18,4,1,portion size,,1
R06771,H02815,B02,P035,2025-09-18,4,1,packaging,,0
R06772,H02819,B17,P035,2025-09-18,4,0,sweetness,,1
R06773,H00005,B29,,2025-09-19,3,1,,energy boost,0
R06774,H00008,B13,,2025-09-19,4,1,aftertaste,,1
R06775,H00205,B30,,2025-09-19,2,0,,price,0
R06776,H00235,B33,,2025-09-19,2,0,,refreshing,0
R06777,H00250,B27,,2025-09-19,3,1,,jar size,0
R06778,H00497,B17,,2025-09-19,3,0,refreshing,,0
R06779,H00856,B27,,2025-09-19,4,1,versatility,,1
R06780,H01051,B32,,2025-09-19,4,1,design,,0
R06781,H01313,B05,,2025-09-19,4,1,saltiness,,1
R06782,H01408,B40,,2025-09-19,4,1,aftertaste,,0
R06783,H01411,B36,,2025-09-19,2,0,,crunch,0
R06784,H01520,B30,,2025-09-19,4,1,flavour depth,jar size,0
R06785,H01521,B20,,2025-09-19,2,0,,fizz,0
R06786,H01530,B05,,2025-09-19,5,1,packaging,,1
R06787,H01567,B45,,2025-09-19,2,0,refreshing,sweetness,0
R06788,H01670,B05,,2025-09-19,2,0,,price,0
R06789,H01857,B27,,2025-09-19,2,0,,texture,0
R06790,H01967,B25,,2025-09-19,5,1,packaging,,1
R06791,H02091,B45,,2025-09-19,4,1,fizz,,0
R06792,H02229,B10,,2025-09-19,3,1,,strength,0
R06793,H02352,B42,,2025-09-19,3,0,aroma,,0
R06794,H02356,B29,,2025-09-19,4,1,price,,1
R06795,H02427,B37,,2025-09-19,5,1,texture,,1
R06796,H02784,B27,,2025-09-19,4,1,texture,,0
R06797,H02820,B02,P035,2025-09-19,4,1,portion size,,0
R06798,H02821,B17,P035,2025-09-19,3,1,,fizz,0
R06799,H02822,B03,P035,2025-09-19,4,1,ingredients,,0
R06800,H02822,B26,P035,2025-09-19,3,1,packaging,,0
R06801,H00061,B24,,2025-09-20,5,1,ingredients,price,1
R06802,H00071,B25,,2025-09-20,4,1,packaging,,0
R06803,H00237,B14,,2025-09-20,2,0,,taste,0
R06804,H00302,B29,,2025-09-20,3,1,taste,,0
R06805,H00386,B11,,2025-09-20,3,0,fizz,,0
R06806,H00514,B19,,2025-09-20,1,0,,price,0
R06807,H00535,B25,,2025-09-20,3,0,saltiness,,1
R06808,H00565,B09,,2025-09-20,3,0,sweetness,,0
R06809,H00668,B07,,2025-09-20,4,0,versatility,,1
R06810,H00742,B08,,2025-09-20,4,1,flavour depth,,1
R06811,H00857,B42,,2025-09-20,5,1,strength,,1
R06812,H00936,B12,,2025-09-20,4,0,aftertaste,,0
R06813,H01236,B30,,2025-09-20,1,0,,jar size,0
R06814,H01294,B43,,2025-09-20,3,1,,price,0
R06815,H01385,B28,,2025-09-20,2,0,,energy boost,1
R06816,H01404,B27,,2025-09-20,4,1,texture,,0
R06817,H01827,B08,,2025-09-20,3,1,price,,0
R06818,H01910,B20,,2025-09-20,5,1,packaging,,1
R06819,H02101,B07,,2025-09-20,3,0,price,,0
R06820,H02246,B20,,2025-09-20,2,0,,price,0
R06821,H02270,B26,,2025-09-20,3,1,saltiness,,0
R06822,H02436,B12,,2025-09-20,5,1,fizz,,1
R06823,H02461,B36,,2025-09-20,3,1,,price,0
R06824,H02560,B44,,2025-09-20,3,0,taste,,1
R06825,H02711,B43,,2025-09-20,5,1,sweetness,,0
R06826,H02749,B14,,2025-09-20,5,1,aftertaste,,1
R06827,H02750,B06,,2025-09-20,5,1,packaging,ingredients,1
R06828,H02818,B26,P035,2025-09-20,3,0,saltiness,,1
R06829,H02822,B04,P035,2025-09-20,4,0,crunch,,0
R06830,H02851,B26,P036,2025-09-20,4,0,packaging,,1
R06831,H02852,B49,,2025-09-20,3,1,ingredients,,0
R06832,H02854,B03,P036,2025-09-20,4,1,price,,0
R06833,H02859,B04,P036,2025-09-20,5,1,portion size,,0
R06834,H02859,B17,P036,2025-09-20,4,1,refreshing,,0
R06835,H02860,B02,P036,2025-09-20,5,1,crunch,portion size,1
R06836,H00029,B19,,2025-09-21,3,0,jar size,,0
R06837,H00345,B46,,2025-09-21,4,1,price,,0
R06838,H00534,B39,,2025-09-21,3,1,price,,0
R06839,H00550,B35,,2025-09-21,3,0,portability,,1
R06840,H00659,B43,,2025-09-21,4,1,price,,0
R06841,H00761,B22,,2025-09-21,3,0,,packaging,0
R06842,H01019,B47,,2025-09-21,2,0,,packaging,0
R06843,H01077,B04,,2025-09-21,3,1,,portion size,0
R06844,H01222,B41,,2025-09-21,3,0,portion size,,0
R06845,H01330,B17,,2025-09-21,3,1,taste,,0
R06846,H01486,B04,,2025-09-21,2,0,seasoning,packaging,0
R06847,H01514,B01,,2025-09-21,5,1,portion size,,1
R06848,H01579,B36,,2025-09-21,5,1,portion size,price,1
R06849,H01754,B44,,2025-09-21,3,0,fizz,,0
R06850,H01767,B02,,2025-09-21,4,1,saltiness,,0
R06851,H01924,B25,,2025-09-21,2,1,crunch,saltiness,0
R06852,H02075,B31,,2025-09-21,2,0,,texture,0
R06853,H02143,B13,,2025-09-21,4,1,price,,1
R06854,H02262,B39,,2025-09-21,3,0,,jar size,1
R06855,H02365,B42,,2025-09-21,3,0,,packaging,0
R06856,H02480,B16,,2025-09-21,4,1,taste,,0
R06857,H02715,B36,,2025-09-21,3,0,,portion size,0
R06858,H02811,B11,,2025-09-21,3,0,,aftertaste,0
R06859,H02821,B12,,2025-09-21,5,0,price,taste,1
R06860,H02853,B03,P036,2025-09-21,5,1,price,,1
R06861,H02862,B02,P036,2025-09-21,4,1,seasoning,,0
R06862,H00021,B36,,2025-09-22,5,1,crunch,,1
R06863,H00248,B21,,2025-09-22,5,1,packaging,,1
R06864,H00480,B38,,2025-09-22,3,0,packaging,,0
R06865,H00856,B23,,2025-09-22,1,0,,sweetness,0
R06866,H00892,B31,,2025-09-22,3,0,versatility,,0
R06867,H00914,B19,,2025-09-22,3,1,texture,,1
R06868,H01040,B39,,2025-09-22,3,0,,texture,0
R06869,H01164,B33,,2025-09-22,3,0,,fizz,0
R06870,H01279,B24,,2025-09-22,5,1,packaging,strength,0
R06871,H01622,B45,,2025-09-22,1,0,,price,0
R06872,H01754,B41,,2025-09-22,5,1,portion size,,1
R06873,H01829,B13,,2025-09-22,2,0,,refreshing,0
R06874,H01937,B22,,2025-09-22,4,1,ingredients,,0
R06875,H01953,B41,,2025-09-22,5,1,saltiness,,1
R06876,H01978,B27,,2025-09-22,5,1,texture,,1
R06877,H02042,B36,,2025-09-22,4,1,seasoning,,0
R06878,H02250,B33,,2025-09-22,4,0,taste,,0
R06879,H02320,B05,,2025-09-22,3,1,,crunch,1
R06880,H02389,B17,,2025-09-22,2,0,,aftertaste,0
R06881,H02462,B27,,2025-09-22,2,0,,price,0
R06882,H02473,B07,,2025-09-22,3,0,heat,,0
R06883,H02694,B34,,2025-09-22,4,0,aroma,,0
R06884,H02820,B03,P035,2025-09-22,5,1,energy boost,,0
R06885,H02822,B02,P035,2025-09-22,2,0,,portion size,0
R06886,H02855,B26,P036,2025-09-22,4,1,portion size,,1
R06887,H02860,B04,P036,2025-09-22,2,0,,crunch,1
R06888,H00040,B11,,2025-09-23,5,1,packaging,,1
R06889,H00505,B21,,2025-09-23,5,0,fizz,,1
R06890,H00543,B41,,2025-09-23,4,0,portion size,seasoning,1
R06891,H00822,B30,,2025-09-23,3,0,,versatility,0
R06892,H01102,B33,,2025-09-23,2,0,,fizz,0
R06893,H01256,B36,,2025-09-23,3,1,portion size,,0
R06894,H01449,B36,,2025-09-23,1,0,,packaging,0
R06895,H01705,B47,,2025-09-23,3,1,price,,0
R06896,H01809,B39,,2025-09-23,5,1,heat,,1
R06897,H01861,B43,,2025-09-23,5,0,refreshing,packaging,1
R06898,H01987,B38,,2025-09-23,3,0,packaging,,0
R06899,H02035,B13,,2025-09-23,4,1,sweetness,refreshing,1
R06900,H02047,B16,,2025-09-23,3,0,,aftertaste,0
R06901,H02060,B38,,2025-09-23,4,1,ingredients,sweetness,0
R06902,H02281,B44,,2025-09-23,3,1,,aftertaste,0
R06903,H02290,B12,,2025-09-23,4,1,refreshing,,1
R06904,H02370,B11,,2025-09-23,3,0,,refreshing,0
R06905,H02392,B35,,2025-09-23,2,0,,energy boost,0
R06906,H02454,B19,,2025-09-23,3,0,price,,0
R06907,H02795,B12,,2025-09-23,3,0,taste,,0
R06908,H02818,B04,P035,2025-09-23,4,1,price,packaging,1
R06909,H02821,B26,P035,2025-09-23,4,1,saltiness,,1
R06910,H02854,B02,P036,2025-09-23,3,1,seasoning,,0
R06911,H02859,B02,P036,2025-09-23,4,0,crunch,,0
R06912,H02861,B02,P036,2025-09-23,3,0,,portion size,1
R06913,H00235,B26,,2025-09-24,3,0,,seasoning,1
R06914,H00368,B14,,2025-09-24,2,0,taste,packaging,0
R06915,H00672,B07,,2025-09-24,5,1,flavour depth,,1
R06916,H00932,B06,,2025-09-24,4,1,price,,0
R06917,H00946,B16,,2025-09-24,4,1,aftertaste,,0
R06918,H01002,B48,,2025-09-24,4,0,portion size,crunch,0
R06919,H01037,B08,,2025-09-24,4,1,flavour depth,,1
R06920,H01058,B29,,2025-09-24,5,1,ingredients,,1
R06921,H01144,B47,,2025-09-24,4,1,price,,1
R06922,H01315,B34,,2025-09-24,5,1,ingredients,,1
R06923,H01464,B27,,2025-09-24,2,0,,flavour depth,0
R06924,H01614,B14,,2025-09-24,3,0,packaging,,0
R06925,H01661,B31,,2025-09-24,4,1,price,versatility,0
R06926,H01733,B25,,2025-09-24,3,0,,price,1
R06927,H01871,B15,,2025-09-24,3,1,aftertaste,,0
R06928,H02014,B34,,2025-09-24,3,1,,ingredients,0
R06929,H02122,B36,,2025-09-24,2,0,,crunch,0
R06930,H02194,B44,,2025-09-24,2,1,,price,0
R06931,H02408,B16,,2025-09-24,5,1,aftertaste,,1
R06932,H02497,B14,,2025-09-24,5,0,sweetness,,1
R06933,H02626,B25,,2025-09-24,3,0,,packaging,1
R06934,H02631,B27,,2025-09-24,5,1,price,heat,1
R06935,H02853,B17,P036,2025-09-24,4,1,sweetness,aftertaste,1
R06936,H02857,B26,P036,2025-09-24,4,1,saltiness,crunch,0
R06937,H00066,B24,,2025-09-25,2,0,,price,0
R06938,H00368,B17,,2025-09-25,3,0,packaging,,0
R06939,H00394,B03,,2025-09-25,2,0,,portability,1
R06940,H00455,B29,,2025-09-25,3,0,,taste,0
R06941,H00769,B33,,2025-09-25,3,0,,taste,0
R06942,H00772,B13,,2025-09-25,3,1,,aftertaste,0
R06943,H00802,B15,,2025-09-25,3,0,,sweetness,1
R06944,H00822,B27,,2025-09-25,5,1,jar size,,1
R06945,H00823,B25,,2025-09-25,5,1,packaging,saltiness,1
R06946,H00844,B34,,2025-09-25,5,1,price,,1
R06947,H00863,B01,,2025-09-25,5,1,portion size,,1
R06948,H00956,B34,,2025-09-25,4,1,taste,ingredients,0
R06949,H00985,B48,,2025-09-25,5,1,crunch,packaging,1
R06950,H01006,B24,,2025-09-25,4,1,ingredients,,1
R06951,H01110,B10,,2025-09-25,3,0,,strength,1
R06952,H01446,B13,,2025-09-25,4,1,sweetness,,1
R06953,H01484,B19,,2025-09-25,3,1,texture,,0
R06954,H01776,B45,,2025-09-25,1,0,,refreshing,0
R06955,H01876,B12,,2025-09-25,2,0,,price,0
R06956,H01917,B34,,2025-09-25,3,1,,packaging,1
R06957,H01931,B41,,2025-09-25,4,1,seasoning,,0
R06958,H01961,B43,,2025-09-25,4,1,refreshing,,0
R06959,H02031,B10,,2025-09-25,4,0,strength,,0
R06960,H02086,B07,,2025-09-25,3,1,,jar size,0
R06961,H02176,B20,,2025-09-25,3,1,,fizz,1
R06962,H02302,B20,,2025-09-25,3,0,,refreshing,0
R06963,H02477,B14,,2025-09-25,3,1,refreshing,,0
R06964,H02525,B02,,2025-09-25,3,0,portion size,,0
R06965,H02549,B46,,2025-09-25,3,0,,aftertaste,0
R06966,H02595,B06,,2025-09-25,5,1,ingredients,,1
R06967,H02606,B06,,2025-09-25,5,1,texture,,1
R06968,H02613,B46,,2025-09-25,2,0,,aftertaste,0
R06969,H02632,B33,,2025-09-25,4,1,fizz,sweetness,1
R06970,H02848,B04,P036,2025-09-25,3,1,,crunch,0
R06971,H02849,B04,P036,2025-09-25,2,0,,crunch,0
R06972,H02856,B04,P036,2025-09-25,4,1,packaging,,1
R06973,H02860,B17,P036,2025-09-25,4,1,aftertaste,,1
R06974,H00003,B24,,2025-09-26,3,0,strength,,0
R06975,H00118,B43,,2025-09-26,3,0,,refreshing,0
R06976,H00228,B13,,2025-09-26,4,1,fizz,,0
R06977,H00254,B49,,2025-09-26,4,1,taste,,1
R06978,H00306,B43,,2025-09-26,5,1,fizz,,1
R06979,H00320,B20,,2025-09-26,1,0,,aftertaste,0
R06980,H00516,B27,,2025-09-26,3,0,versatility,,0
R06981,H00689,B01,,2025-09-26,5,1,crunch,,0
R06982,H00776,B13,,2025-09-26,3,0,,taste,0
R06983,H00777,B39,,2025-09-26,4,0,flavour depth,,1
R06984,H01043,B26,,2025-09-26,1,0,packaging,price,0
R06985,H01759,B26,,2025-09-26,4,0,price,,0
R06986,H01851,B34,,2025-09-26,5,1,strength,,0
R06987,H01907,B23,,2025-09-26,4,1,sweetness,,1
R06988,H02123,B48,,2025-09-26,3,1,portion size,,0
R06989,H02264,B38,,2025-09-26,3,1,taste,,0
R06990,H02265,B24,,2025-09-26,5,1,taste,packaging,1
R06991,H02347,B36,,2025-09-26,3,0,packaging,,0
R06992,H02421,B05,,2025-09-26,5,1,portion size,,1
R06993,H02468,B24,,2025-09-26,4,1,strength,,0
R06994,H02820,B36,,2025-09-26,2,0,,portion size,0
R06995,H02852,B26,P036,2025-09-26,4,1,packaging,,0
R06996,H02856,B26,P036,2025-09-26,3,1,portion size,,1
R06997,H02858,B04,P036,2025-09-26,3,0,seasoning,,1
R06998,H02862,B49,,2025-09-26,2,0,,packaging,0
R06999,H00390,B03,,2025-09-27,4,1,price,,1
R07000,H00438,B05,,2025-09-27,4,1,packaging,,1
R07001,H00507,B43,,2025-09-27,3,0,packaging,,0
R07002,H01597,B14,,2025-09-27,5,1,refreshing,,1
R07003,H01718,B38,,2025-09-27,4,0,texture,sweetness,0
R07004,H01721,B09,,2025-09-27,3,1,,sweetness,0
R07005,H01722,B30,,2025-09-27,3,0,,flavour depth,1
R07006,H01998,B37,,2025-09-27,2,0,,ingredients,0
R07007,H02249,B01,,2025-09-27,4,1,seasoning,,1
R07008,H02273,B32,,2025-09-27,5,1,usefulness,,1
R07009,H02300,B28,,2025-09-27,4,1,taste,,1
R07010,H02848,B02,P036,2025-09-27,3,0,crunch,,0
R07011,H02853,B26,P036,2025-09-27,5,1,portion size,saltiness,1
R07012,H02858,B02,P036,2025-09-27,5,1,packaging,portion size,1
R07013,H02858,B26,P036,2025-09-27,3,1,price,,1
R07014,H02859,B03,P036,2025-09-27,3,0,taste,,0
R07015,H02881,B24,,2025-09-27,4,0,strength,,0
R07016,H00134,B46,,2025-09-28,5,1,fizz,,1
R07017,H00250,B26,,2025-09-28,5,0,price,,0
R07018,H00293,B19,,2025-09-28,5,1,jar size,,1
R07019,H00307,B15,,2025-09-28,3,1,sweetness,,0
R07020,H00392,B15,,2025-09-28,1,0,,refreshing,0
R07021,H00396,B18,,2025-09-28,2,0,,aftertaste,0
R07022,H00589,B41,,2025-09-28,3,1,,saltiness,0
R07023,H00886,B28,,2025-09-28,4,1,price,energy boost,0
R07024,H00975,B22,,2025-09-28,4,1,taste,,1
R07025,H01009,B03,,2025-09-28,5,1,taste,,0
R07026,H01078,B19,,2025-09-28,5,1,texture,,0
R07027,H01112,B19,,2025-09-28,4,0,heat,,0
R07028,H01122,B36,,2025-09-28,2,0,,packaging,0
R07029,H01469,B47,,2025-09-28,4,1,price,taste,0
R07030,H01545,B08,,2025-09-28,3,0,texture,,0
R07031,H01808,B34,,2025-09-28,4,0,ingredients,,0
R07032,H02056,B33,,2025-09-28,3,1,,sweetness,0
R07033,H02088,B09,,2025-09-28,5,1,sweetness,taste,1
R07034,H02328,B46,,2025-09-28,3,1,,refreshing,0
R07035,H02716,B12,,2025-09-28,3,0,fizz,,0
R07036,H00364,B48,,2025-09-29,5,1,price,,1
R07037,H00372,B08,,2025-09-29,4,0,versatility,price,1
R07038,H00477,B31,,2025-09-29,3,0,texture,,0
R07039,H00733,B19,,2025-09-29,5,1,flavour depth,,1
R07040,H00820,B39,,2025-09-29,4,0,flavour depth,,1
R07041,H01084,B48,,2025-09-29,4,1,crunch,,0
R07042,H01577,B39,,2025-09-29,3,0,,versatility,0
R07043,H01841,B41,,2025-09-29,3,0,price,,0
R07044,H02257,B16,,2025-09-29,4,0,refreshing,,1
R07045,H02352,B23,,2025-09-29,2,0,,ingredients,0
R07046,H02546,B08,,2025-09-29,1,0,,jar size,0
R07047,H02704,B45,,2025-09-29,2,0,packaging,price,0
R07048,H00344,B14,,2025-09-30,2,1,,taste,1
R07049,H00609,B28,,2025-09-30,5,1,portability,ingredients,1
R07050,H00722,B13,,2025-09-30,4,1,aftertaste,,1
R07051,H00787,B30,,2025-09-30,5,1,flavour depth,,1
R07052,H00941,B25,,2025-09-30,4,1,packaging,,1
R07053,H01109,B14,,2025-09-30,3,0,,sweetness,0
R07054,H01135,B27,,2025-09-30,3,1,,heat,0
R07055,H01338,B30,,2025-09-30,3,0,,versatility,0
R07056,H01556,B19,,2025-09-30,4,0,texture,,0
R07057,H01949,B38,,2025-09-30,4,0,texture,,0
R07058,H01960,B22,,2025-09-30,3,0,taste,,0
R07059,H02030,B12,,2025-09-30,3,1,taste,,0
R07060,H02053,B20,,2025-09-30,3,0,,price,0
R07061,H02130,B44,,2025-09-30,3,0,,aftertaste,0
R07062,H02290,B49,,2025-09-30,3,1,,texture,1
R07063,H02321,B43,,2025-09-30,4,1,packaging,,0
R07064,H02399,B01,,2025-09-30,5,1,saltiness,,0
R07065,H02468,B13,,2025-09-30,4,1,sweetness,,1
R07066,H02638,B39,,2025-09-30,5,1,price,,1
R07067,H02680,B01,,2025-09-30,5,1,saltiness,,1
R07068,H02712,B46,,2025-09-30,3,1,,aftertaste,0
R07069,H02712,B15,,2025-09-30,4,0,refreshing,,1
R07070,H00175,B21,,2025-10-01,5,1,packaging,sweetness,1
R07071,H00340,B28,,2025-10-01,4,1,portability,,1
R07072,H00391,B22,,2025-10-01,2,0,,texture,0
R07073,H00411,B16,,2025-10-01,3,0,,taste,0
R07074,H00816,B06,,2025-10-01,5,1,packaging,price,1
R07075,H00856,B45,,2025-10-01,3,0,refreshing,,0
R07076,H01403,B07,,2025-10-01,3,1,versatility,,0
R07077,H01555,B07,,2025-10-01,5,1,flavour depth,,0
R07078,H01582,B09,,2025-10-01,5,1,taste,,1
R07079,H01617,B25,,2025-10-01,4,1,saltiness,,0
R07080,H01626,B27,,2025-10-01,3,1,flavour depth,,0
R07081,H01698,B47,,2025-10-01,3,0,taste,,0
R07082,H01739,B30,,2025-10-01,2,0,,jar size,0
R07083,H01756,B06,,2025-10-01,4,1,price,,1
R07084,H01797,B33,,2025-10-01,3,0,,taste,0
R07085,H01836,B32,,2025-10-01,2,0,,price,0
R07086,H01946,B06,,2025-10-01,3,0,,texture,0
R07087,H02045,B26,,2025-10-01,3,0,portion size,,0
R07088,H02142,B31,,2025-10-01,3,0,versatility,,0
R07089,H02180,B11,,2025-10-01,5,1,refreshing,,1
R07090,H02518,B48,,2025-10-01,2,0,price,portion size,0
R07091,H02562,B39,,2025-10-01,2,0,,heat,0
R07092,H02588,B28,,2025-10-01,3,0,,portability,0
R07093,H02760,B25,,2025-10-01,3,1,portion size,,0
R07094,H02899,B16,,2025-10-01,4,0,fizz,,0
R07095,H00061,B16,,2025-10-02,3,1,,taste,0
R07096,H00095,B32,,2025-10-02,3,1,,usefulness,0
R07097,H00101,B41,,2025-10-02,4,1,price,,1
R07098,H00103,B49,,2025-10-02,4,1,texture,,0
R07099,H00116,B40,,2025-10-02,2,0,,fizz,0
R07100,H00241,B33,,2025-10-02,5,1,price,fizz,1
R07101,H00291,B18,,2025-10-02,3,0,,sweetness,0
R07102,H00685,B14,,2025-10-02,5,1,taste,,1
R07103,H00695,B21,,2025-10-02,5,1,taste,,1
R07104,H00708,B47,,2025-10-02,3,1,,texture,1
R07105,H00814,B03,,2025-10-02,4,0,energy boost,,1
R07106,H01021,B20,,2025-10-02,3,1,price,,0
R07107,H01173,B44,,2025-10-02,2,0,,fizz,0
R07108,H01218,B27,,2025-10-02,3,1,,flavour depth,0
R07109,H01399,B09,,2025-10-02,2,0,,price,0
R07110,H01419,B06,,2025-10-02,3,0,taste,,0
R07111,H01503,B10,,2025-10-02,5,1,strength,,1
R07112,H01592,B30,,2025-10-02,4,0,texture,,1
R07113,H01733,B45,,2025-10-02,2,0,,refreshing,0
R07114,H02286,B10,,2025-10-02,3,1,,aroma,0
R07115,H02354,B43,,2025-10-02,4,0,taste,,1
R07116,H02358,B12,,2025-10-02,2,0,,fizz,0
R07117,H02381,B46,,2025-10-02,3,1,,taste,0
R07118,H02523,B35,,2025-10-02,4,1,portability,,1
R07119,H02548,B25,,2025-10-02,5,1,crunch,,1
R07120,H02574,B33,,2025-10-02,3,0,,taste,0
R07121,H02647,B25,,2025-10-02,2,0,,price,0
R07122,H02685,B17,,2025-10-02,1,0,,fizz,1
R07123,H00168,B36,,2025-10-03,3,0,packaging,,0
R07124,H00172,B31,,2025-10-03,2,0,,heat,0
R07125,H00507,B39,,2025-10-03,4,1,heat,,1
R07126,H00621,B22,,2025-10-03,4,1,ingredients,,1
R07127,H00688,B19,,2025-10-03,5,1,texture,flavour depth,1
R07128,H00691,B26,,2025-10-03,3,1,,seasoning,0
R07129,H00719,B44,,2025-10-03,4,0,fizz,,1
R07130,H00731,B30,,2025-10-03,1,0,,heat,0
R07131,H00756,B02,,2025-10-03,3,0,crunch,,1
R07132,H01008,B13,,2025-10-03,5,1,sweetness,taste,1
R07133,H01010,B28,,2025-10-03,2,0,ingredients,price,0
R07134,H01187,B07,,2025-10-03,5,1,flavour depth,,1
R07135,H01311,B27,,2025-10-03,5,1,heat,,0
R07136,H01393,B23,,2025-10-03,2,0,,packaging,0
R07137,H01399,B30,,2025-10-03,2,0,,heat,0
R07138,H01416,B30,,2025-10-03,2,0,,versatility,0
R07139,H01438,B12,,2025-10-03,4,1,sweetness,,0
R07140,H01602,B43,,2025-10-03,3,1,,packaging,0
R07141,H01636,B12,,2025-10-03,4,1,refreshing,,1
R07142,H01667,B31,,2025-10-03,3,0,,versatility,0
R07143,H01706,B18,,2025-10-03,2,1,,refreshing,0
R07144,H01761,B05,,2025-10-03,3,0,packaging,,0
R07145,H02113,B13,,2025-10-03,5,1,refreshing,sweetness,1
R07146,H02145,B43,,2025-10-03,5,1,fizz,,1
R07147,H02430,B21,,2025-10-03,5,1,fizz,taste,1
R07148,H02481,B04,,2025-10-03,2,0,,saltiness,0
R07149,H02583,B16,,2025-10-03,3,0,,sweetness,0
R07150,H02623,B47,,2025-10-03,4,1,sweetness,,1
R07151,H02666,B45,,2025-10-03,2,0,,packaging,0
R07152,H02666,B23,,2025-10-03,4,1,texture,,0
R07153,H02674,B46,,2025-10-03,3,0,price,,0
R07154,H02783,B33,,2025-10-03,2,0,,aftertaste,0
R07155,H02879,B38,,2025-10-03,5,0,ingredients,,0
R07156,H02885,B04,,2025-10-03,4,1,seasoning,,1
R07157,H00309,B46,,2025-10-04,4,1,taste,fizz,1
R07158,H00314,B39,,2025-10-04,3,0,jar size,,1
R07159,H00432,B45,,2025-10-04,3,0,sweetness,,1
R07160,H00558,B28,,2025-10-04,3,0,ingredients,,0
R07161,H00645,B07,,2025-10-04,2,0,,jar size,0
R07162,H00827,B43,,2025-10-04,5,1,refreshing,,0
R07163,H00915,B34,,2025-10-04,4,0,taste,,0
R07164,H00997,B16,,2025-10-04,3,0,,sweetness,0
R07165,H00998,B27,,2025-10-04,4,1,heat,price,1
R07166,H01222,B18,,2025-10-04,3,0,,price,1
R07167,H01248,B34,,2025-10-04,5,1,aroma,,1
R07168,H01383,B14,,2025-10-04,4,1,taste,,1
R07169,H01596,B31,,2025-10-04,4,1,versatility,,1
R07170,H01779,B44,,2025-10-04,2,0,,price,0
R07171,H01973,B36,,2025-10-04,2,0,price,saltiness,0
R07172,H02010,B27,,2025-10-04,3,0,,price,0
R07173,H02048,B32,,2025-10-04,2,0,usefulness,build quality,0
R07174,H02048,B26,,2025-10-04,3,1,saltiness,,0
R07175,H02411,B26,,2025-10-04,3,1,crunch,,0
R07176,H02482,B11,,2025-10-04,5,1,price,,1
R07177,H02657,B46,,2025-10-04,4,1,packaging,,0
R07178,H00030,B34,,2025-10-05,4,1,packaging,price,1
R07179,H00085,B30,,2025-10-05,5,1,jar size,,1
R07180,H00094,B43,,2025-10-05,2,0,,price,0
R07181,H00121,B24,,2025-10-05,5,1,price,,1
R07182,H00318,B25,,2025-10-05,3,0,,price,1
R07183,H00322,B27,,2025-10-05,2,0,,versatility,0
R07184,H00334,B14,,2025-10-05,4,1,refreshing,,0
R07185,H00397,B22,,2025-10-05,5,1,ingredients,,1
R07186,H00457,B11,,2025-10-05,3,1,taste,,0
R07187,H00673,B33,,2025-10-05,3,0,sweetness,,0
R07188,H00855,B07,,2025-10-05,3,0,,versatility,0
R07189,H01346,B17,,2025-10-05,3,1,fizz,,0
R07190,H01735,B25,,2025-10-05,2,0,,saltiness,0
R07191,H01935,B07,,2025-10-05,4,0,texture,versatility,1
R07192,H02271,B07,,2025-10-05,3,0,texture,,0
R07193,H02313,B13,,2025-10-05,2,0,,aftertaste,0
R07194,H02437,B04,,2025-10-05,3,0,price,,0
R07195,H02463,B27,,2025-10-05,5,1,heat,,1
R07196,H02519,B19,,2025-10-05,4,1,flavour depth,,1
R07197,H02704,B22,,2025-10-05,4,1,sweetness,packaging,1
R07198,H02753,B33,,2025-10-05,2,0,,packaging,0
R07199,H02918,B43,P037,2025-10-05,3,1,,price,1
R07200,H02918,B49,P037,2025-10-05,5,1,price,,0
R07201,H00311,B18,,2025-10-06,1,0,,fizz,0
R07202,H00490,B31,,2025-10-06,3,1,,jar size,0
R07203,H00664,B11,,2025-10-06,3,1,,fizz,0
R07204,H00726,B29,,2025-10-06,3,1,texture,,0
R07205,H00877,B49,,2025-10-06,4,0,packaging,,1
R07206,H01033,B06,,2025-10-06,4,0,sweetness,,0
R07207,H01222,B43,,2025-10-06,5,1,sweetness,taste,1
R07208,H01431,B18,,2025-10-06,4,1,refreshing,,1
R07209,H01539,B43,,2025-10-06,3,0,refreshing,,0
R07210,H01923,B14,,2025-10-06,3,1,,price,0
R07211,H01950,B18,,2025-10-06,4,1,aftertaste,,1
R07212,H02009,B15,,2025-10-06,3,0,sweetness,,1
R07213,H02059,B16,,2025-10-06,1,0,,taste,0
R07214,H02135,B06,,2025-10-06,4,0,taste,,0
R07215,H02164,B24,,2025-10-06,4,0,ingredients,,0
R07216,H02390,B10,,2025-10-06,4,1,taste,,1
R07217,H02756,B01,,2025-10-06,4,1,portion size,,0
R07218,H02842,B27,,2025-10-06,3,0,,heat,0
R07219,H02914,B24,P037,2025-10-06,3,0,strength,,1
R07220,H02914,B38,P037,2025-10-06,5,1,ingredients,,1
R07221,H02922,B25,P037,2025-10-06,4,1,portion size,,1
R07222,H00170,B30,,2025-10-07,4,1,jar size,,1
R07223,H00205,B35,,2025-10-07,5,1,ingredients,portability,1
R07224,H00230,B45,,2025-10-07,4,1,aftertaste,,0
R07225,H00295,B34,,2025-10-07,4,0,ingredients,,1
R07226,H00598,B38,,2025-10-07,3,0,sweetness,,0
R07227,H00730,B05,,2025-10-07,2,0,,packaging,0
R07228,H00846,B07,,2025-10-07,3,0,,texture,1
R07229,H01106,B05,,2025-10-07,3,0,seasoning,,0
R07230,H01410,B47,,2025-10-07,2,0,,price,0
R07231,H01412,B33,,2025-10-07,5,1,packaging,,1
R07232,H01468,B22,,2025-10-07,4,1,sweetness,ingredients,1
R07233,H01508,B41,,2025-10-07,4,1,crunch,portion size,1
R07234,H01902,B13,,2025-10-07,5,1,sweetness,,0
R07235,H02182,B14,,2025-10-07,2,0,,fizz,0
R07236,H02235,B36,,2025-10-07,4,1,portion size,,1
R07237,H02236,B27,,2025-10-07,4,1,versatility,,0
R07238,H02322,B36,,2025-10-07,3,0,,price,1
R07239,H02468,B39,,2025-10-07,3,0,versatility,,0
R07240,H02550,B34,,2025-10-07,4,1,taste,aroma,0
R07241,H02592,B14,,2025-10-07,5,1,taste,,1
R07242,H02599,B15,,2025-10-07,3,0,taste,,1
R07243,H02649,B38,,2025-10-07,3,0,ingredients,,0
R07244,H02649,B21,,2025-10-07,3,1,,sweetness,0
R07245,H02694,B16,,2025-10-07,2,0,,price,0
R07246,H02910,B16,,2025-10-07,3,0,aftertaste,,1
R07247,H02911,B25,P037,2025-10-07,4,1,packaging,,1
R07248,H02911,B43,P037,2025-10-07,5,1,taste,,1
R07249,H02915,B25,P037,2025-10-07,4,0,portion size,,1
R07250,H02920,B49,P037,2025-10-07,4,1,sweetness,,0
R07251,H00152,B12,,2025-10-08,4,1,price,,1
R07252,H00209,B18,,2025-10-08,5,1,price,,1
R07253,H00320,B29,,2025-10-08,3,1,,portability,0
R07254,H00461,B13,,2025-10-08,2,0,,refreshing,0
R07255,H00472,B21,,2025-10-08,5,1,taste,,1
R07256,H00803,B26,,2025-10-08,3,0,,portion size,0
R07257,H00927,B24,,2025-10-08,5,1,strength,,1
R07258,H01416,B33,,2025-10-08,3,1,packaging,,0
R07259,H01707,B32,,2025-10-08,4,1,usefulness,,0
R07260,H02025,B06,,2025-10-08,5,1,taste,,1
R07261,H02027,B36,,2025-10-08,2,0,saltiness,seasoning,0
R07262,H02307,B25,,2025-10-08,2,0,,seasoning,0
R07263,H02314,B36,,2025-10-08,3,0,portion size,,0
R07264,H02447,B13,,2025-10-08,3,1,aftertaste,,0
R07265,H02473,B30,,2025-10-08,4,0,flavour depth,,1
R07266,H02494,B32,,2025-10-08,3,0,,usefulness,0
R07267,H02585,B36,,2025-10-08,2,0,saltiness,packaging,0
R07268,H02601,B45,,2025-10-08,5,1,sweetness,aftertaste,1
R07269,H02733,B43,,2025-10-08,5,1,refreshing,aftertaste,1
R07270,H02774,B36,,2025-10-08,3,0,,price,0
R07271,H02812,B45,,2025-10-08,2,1,sweetness,fizz,0
R07272,H02881,B13,,2025-10-08,4,1,taste,,0
R07273,H02911,B24,P037,2025-10-08,4,0,packaging,,0
R07274,H02913,B24,P037,2025-10-08,5,1,packaging,,0
R07275,H02913,B43,P037,2025-10-08,4,1,fizz,,1
R07276,H02916,B24,P037,2025-10-08,5,1,price,taste,1
R07277,H02918,B25,P037,2025-10-08,5,1,portion size,,1
R07278,H02919,B25,P037,2025-10-08,4,1,crunch,,0
R07279,H00028,B03,,2025-10-09,2,0,,portability,0
R07280,H00286,B29,,2025-10-09,4,0,energy boost,,1
R07281,H00387,B46,,2025-10-09,4,1,fizz,,0
R07282,H00581,B39,,2025-10-09,5,1,versatility,,1
R07283,H00596,B38,,2025-10-09,3,1,,taste,0
R07284,H00641,B40,,2025-10-09,5,1,fizz,,1
R07285,H00797,B01,,2025-10-09,5,1,crunch,,1
R07286,H00803,B10,,2025-10-09,4,1,price,,1
R07287,H00831,B43,,2025-10-09,3,0,,sweetness,0
R07288,H01057,B21,,2025-10-09,3,1,packaging,,0
R07289,H01123,B07,,2025-10-09,2,1,,heat,0
R07290,H01204,B36,,2025-10-09,5,0,price,,1
R07291,H01338,B34,,2025-10-09,3,1,price,,1
R07292,H01399,B46,,2025-10-09,4,1,taste,,0
R07293,H01428,B45,,2025-10-09,2,0,,sweetness,0
R07294,H01464,B29,,2025-10-09,5,1,texture,,1
R07295,H01633,B35,,2025-10-09,3,1,,ingredients,0
R07296,H01712,B32,,2025-10-09,3,0,usefulness,,1
R07297,H01777,B27,,2025-10-09,3,1,,texture,0
R07298,H01948,B06,,2025-10-09,5,1,price,,1
R07299,H02175,B43,,2025-10-09,2,0,,sweetness,0
R07300,H02354,B42,,2025-10-09,3,0,,packaging,0
R07301,H02452,B24,,2025-10-09,3,0,aroma,,0
R07302,H02703,B01,,2025-10-09,3,1,,portion size,0
R07303,H02712,B02,,2025-10-09,2,0,,price,0
R07304,H02747,B25,,2025-10-09,1,0,seasoning,packaging,0
R07305,H02753,B08,,2025-10-09,5,1,jar size,,0
R07306,H02773,B26,,2025-10-09,3,0,,crunch,0
R07307,H02835,B38,,2025-10-09,5,1,price,,0
R07308,H02911,B38,P037,2025-10-09,4,1,taste,,0
R07309,H02918,B24,P037,2025-10-09,5,1,packaging,,0
R07310,H02923,B25,P037,2025-10-09,3,0,,seasoning,0
R07311,H00309,B21,,2025-10-10,3,1,sweetness,,0
R07312,H00324,B01,,2025-10-10,3,1,,packaging,0
R07313,H00331,B09,,2025-10-10,5,1,taste,,1
R07314,H00400,B38,,2025-10-10,3,1,,taste,0
R07315,H00454,B25,,2025-10-10,1,0,,seasoning,0
R07316,H01040,B28,,2025-10-10,3,0,taste,,0
R07317,H01166,B21,,2025-10-10,3,1,taste,,0
R07318,H01272,B44,,2025-10-10,2,0,,price,0
R07319,H01413,B36,,2025-10-10,2,0,seasoning,price,0
R07320,H01420,B12,,2025-10-10,3,0,taste,,0
R07321,H01518,B33,,2025-10-10,2,0,,refreshing,0
R07322,H01596,B12,,2025-10-10,3,0,,packaging,0
R07323,H01662,B37,,2025-10-10,2,0,,price,0
R07324,H01678,B10,,2025-10-10,4,1,aroma,,0
R07325,H01770,B47,,2025-10-10,2,0,,ingredients,0
R07326,H01940,B38,,2025-10-10,3,0,taste,,0
R07327,H01979,B40,,2025-10-10,4,0,packaging,,0
R07328,H02124,B25,,2025-10-10,3,0,saltiness,,0
R07329,H02170,B06,,2025-10-10,5,1,taste,texture,0
R07330,H02611,B02,,2025-10-10,3,0,,saltiness,0
R07331,H02674,B47,,2025-10-10,2,0,texture,sweetness,0
R07332,H02780,B39,,2025-10-10,5,1,heat,,1
R07333,H02828,B22,,2025-10-10,3,0,packaging,,0
R07334,H02841,B26,,2025-10-10,3,0,,saltiness,0
R07335,H02873,B23,,2025-10-10,2,0,,taste,0
R07336,H02883,B21,,2025-10-10,3,0,,sweetness,0
R07337,H02917,B24,P037,2025-10-10,5,1,aroma,,0
R07338,H02917,B38,P037,2025-10-10,2,0,,texture,0
R07339,H02917,B14,,2025-10-10,4,1,refreshing,,1
R07340,H02919,B43,P037,2025-10-10,5,1,refreshing,,0
R07341,H02920,B25,P037,2025-10-10,4,1,price,,1
R07342,H02920,B38,P037,2025-10-10,5,1,ingredients,texture,0
R07343,H02921,B38,P037,2025-10-10,5,1,taste,,0
R07344,H00091,B41,,2025-10-11,4,1,price,,1
R07345,H00109,B38,,2025-10-11,2,0,sweetness,texture,0
R07346,H00262,B19,,2025-10-11,3,1,price,,0
R07347,H00351,B05,,2025-10-11,3,0,crunch,,0
R07348,H00580,B42,,2025-10-11,3,0,,packaging,0
R07349,H00758,B21,,2025-10-11,3,1,fizz,,0
R07350,H01054,B33,,2025-10-11,3,1,aftertaste,,0
R07351,H01103,B26,,2025-10-11,4,1,portion size,,0
R07352,H01128,B13,,2025-10-11,5,1,fizz,,0
R07353,H01139,B42,,2025-10-11,2,0,,packaging,0
R07354,H01221,B47,,2025-10-11,4,1,price,,0
R07355,H01391,B44,,2025-10-11,4,1,aftertaste,,1
R07356,H01459,B42,,2025-10-11,2,0,,taste,0
R07357,H01488,B45,,2025-10-11,1,0,,packaging,0
R07358,H01495,B47,,2025-10-11,5,1,price,,1
R07359,H01496,B07,,2025-10-11,4,1,jar size,,0
R07360,H01559,B31,,2025-10-11,4,1,heat,,0
R07361,H01618,B22,,2025-10-11,2,0,packaging,ingredients,0
R07362,H01625,B33,,2025-10-11,3,0,sweetness,,0
R07363,H01702,B30,,2025-10-11,1,0,,heat,0
R07364,H01828,B02,,2025-10-11,2,0,,saltiness,0
R07365,H02115,B25,,2025-10-11,5,1,portion size,,1
R07366,H02148,B25,,2025-10-11,3,1,,crunch,0
R07367,H02275,B14,,2025-10-11,2,0,,price,0
R07368,H02429,B18,,2025-10-11,3,1,,sweetness,0
R07369,H02440,B46,,2025-10-11,5,1,aftertaste,,1
R07370,H02451,B22,,2025-10-11,3,0,,taste,0
R07371,H02571,B49,,2025-10-11,2,0,texture,taste,0
R07372,H02677,B48,,2025-10-11,2,1,,saltiness,0
R07373,H02870,B20,,2025-10-11,5,0,price,,1
R07374,H02913,B49,P037,2025-10-11,4,1,sweetness,,0
R07375,H02918,B38,P037,2025-10-11,4,0,sweetness,texture,0
R07376,H02921,B49,P037,2025-10-11,5,1,sweetness,,0
R07377,H00037,B41,,2025-10-12,4,1,packaging,,0
R07378,H00151,B24,,2025-10-12,4,1,taste,price,1
R07379,H00212,B37,,2025-10-12,1,0,,ingredients,0
R07380,H00379,B11,,2025-10-12,3,1,sweetness,,0
R07381,H00380,B39,,2025-10-12,2,1,,price,0
R07382,H00515,B04,,2025-10-12,2,0,,portion size,0
R07383,H00733,B48,,2025-10-12,4,1,packaging,,0
R07384,H00826,B09,,2025-10-12,2,1,,ingredients,0
R07385,H01047,B38,,2025-10-12,3,0,packaging,,1
R07386,H01077,B21,,2025-10-12,5,1,price,,0
R07387,H01141,B34,,2025-10-12,5,1,aroma,,1
R07388,H01412,B04,,2025-10-12,5,1,crunch,seasoning,1
R07389,H01461,B22,,2025-10-12,4,1,texture,,1
R07390,H01467,B41,,2025-10-12,3,0,,seasoning,1
R07391,H01786,B46,,2025-10-12,5,1,taste,,0
R07392,H02180,B01,,2025-10-12,4,0,saltiness,seasoning,1
R07393,H02404,B35,,2025-10-12,2,0,texture,taste,0
R07394,H02542,B01,,2025-10-12,3,0,,saltiness,0
R07395,H02673,B18,,2025-10-12,3,0,,sweetness,0
R07396,H02848,B29,,2025-10-12,3,1,,ingredients,0
R07397,H02916,B43,P037,2025-10-12,5,1,refreshing,,0
R07398,H02923,B49,P037,2025-10-12,5,1,ingredients,,0
R07399,H00046,B38,,2025-10-13,4,1,ingredients,,0
R07400,H00167,B46,,2025-10-13,4,1,aftertaste,sweetness,0
R07401,H00209,B30,,2025-10-13,2,1,,versatility,0
R07402,H00320,B27,,2025-10-13,2,0,,flavour depth,0
R07403,H00440,B43,,2025-10-13,4,1,taste,,0
R07404,H00445,B21,,2025-10-13,4,1,sweetness,,0
R07405,H00458,B45,,2025-10-13,4,1,fizz,,0
R07406,H00466,B12,,2025-10-13,5,1,price,,0
R07407,H00649,B38,,2025-10-13,5,1,taste,,1
R07408,H01350,B04,,2025-10-13,3,0,,seasoning,1
R07409,H02034,B19,,2025-10-13,5,1,jar size,,1
R07410,H02064,B24,,2025-10-13,5,1,taste,,0
R07411,H02152,B29,,2025-10-13,2,0,,energy boost,0
R07412,H02376,B13,,2025-10-13,4,0,aftertaste,,1
R07413,H02429,B48,,2025-10-13,3,0,,saltiness,0
R07414,H02745,B25,,2025-10-13,1,0,saltiness,packaging,0
R07415,H00016,B04,,2025-10-14,3,0,seasoning,,1
R07416,H00102,B36,,2025-10-14,3,0,,crunch,1
R07417,H00191,B02,,2025-10-14,2,0,,packaging,0
R07418,H00274,B28,,2025-10-14,5,1,taste,,1
R07419,H00510,B23,,2025-10-14,3,0,texture,,1
R07420,H00513,B25,,2025-10-14,3,0,,seasoning,0
R07421,H00522,B27,,2025-10-14,4,1,price,,0
R07422,H00641,B30,,2025-10-14,1,0,,flavour depth,0
R07423,H00685,B30,,2025-10-14,3,1,,flavour depth,0
R07424,H00769,B14,,2025-10-14,5,1,taste,,0
R07425,H00924,B14,,2025-10-14,4,1,sweetness,,0
R07426,H01024,B39,,2025-10-14,4,1,price,,1
R07427,H01071,B24,,2025-10-14,3,0,,strength,0
R07428,H01279,B38,,2025-10-14,3,0,sweetness,,0
R07429,H01339,B18,,2025-10-14,3,0,fizz,,0
R07430,H01531,B19,,2025-10-14,4,1,flavour depth,versatility,0
R07431,H01573,B23,,2025-10-14,2,0,,ingredients,0
R07432,H01576,B25,,2025-10-14,2,0,,price,0
R07433,H01683,B43,,2025-10-14,4,1,refreshing,fizz,1
R07434,H01767,B29,,2025-10-14,5,1,energy boost,,1
R07435,H01977,B19,,2025-10-14,3,0,,versatility,0
R07436,H02178,B45,,2025-10-14,3,1,,refreshing,0
R07437,H02343,B07,,2025-10-14,2,0,,versatility,0
R07438,H02587,B46,,2025-10-14,5,1,fizz,,1
R07439,H02617,B38,,2025-10-14,1,0,,price,0
R07440,H02795,B24,,2025-10-14,5,1,aroma,,1
R07441,H02822,B48,,2025-10-14,2,0,,price,0
R07442,H00054,B44,,2025-10-15,3,1,sweetness,,0
R07443,H00185,B09,,2025-10-15,3,0,texture,,0
R07444,H00241,B27,,2025-10-15,3,0,flavour depth,,0
R07445,H00329,B23,,2025-10-15,3,0,taste,,0
R07446,H00382,B37,,2025-10-15,1,0,,taste,0
R07447,H00388,B02,,2025-10-15,4,1,crunch,,1
R07448,H00404,B46,,2025-10-15,1,0,,sweetness,0
R07449,H00500,B25,,2025-10-15,3,1,crunch,,1
R07450,H00529,B37,,2025-10-15,3,0,packaging,,1
R07451,H00554,B49,,2025-10-15,3,0,,price,0
R07452,H00631,B03,,2025-10-15,1,0,,taste,0
R07453,H00637,B23,,2025-10-15,4,1,taste,,0
R07454,H00716,B10,,2025-10-15,2,0,,strength,0
R07455,H00888,B34,,2025-10-15,3,0,,price,0
R07456,H00901,B11,,2025-10-15,3,0,,price,1
R07457,H01114,B23,,2025-10-15,2,0,,ingredients,0
R07458,H01302,B11,,2025-10-15,3,0,packaging,,0
R07459,H01502,B35,,2025-10-15,3,0,price,,0
R07460,H01607,B27,,2025-10-15,4,1,price,,0
R07461,H01778,B15,,2025-10-15,3,1,,taste,0
R07462,H01796,B04,,2025-10-15,2,1,,portion size,0
R07463,H01798,B39,,2025-10-15,4,0,price,,0
R07464,H01842,B43,,2025-10-15,2,0,,sweetness,0
R07465,H01872,B32,,2025-10-15,2,0,,usefulness,0
R07466,H01936,B27,,2025-10-15,4,1,flavour depth,texture,1
R07467,H02001,B24,,2025-10-15,3,1,,taste,0
R07468,H02073,B46,,2025-10-15,4,0,packaging,,1
R07469,H02152,B45,,2025-10-15,2,1,,refreshing,0
R07470,H02162,B24,,2025-10-15,2,0,,taste,0
R07471,H02308,B19,,2025-10-15,4,1,flavour depth,,1
R07472,H02454,B01,,2025-10-15,5,1,price,,0
R07473,H02515,B26,,2025-10-15,2,0,,price,0
R07474,H02575,B42,,2025-10-15,2,0,taste,price,0
R07475,H02673,B38,,2025-10-15,5,1,sweetness,,0
R07476,H02696,B29,,2025-10-15,2,0,,ingredients,0
R07477,H02751,B31,,2025-10-15,3,0,jar size,,0
R07478,H02783,B48,,2025-10-15,4,0,price,saltiness,1
R07479,H02815,B38,,2025-10-15,2,0,sweetness,texture,0
R07480,H02915,B01,,2025-10-15,5,1,saltiness,,0
R07481,H00004,B39,,2025-10-16,4,1,price,,1
R07482,H00073,B24,,2025-10-16,2,0,,packaging,0
R07483,H00313,B18,,2025-10-16,5,1,taste,,1
R07484,H00389,B28,,2025-10-16,5,1,texture,,0
R07485,H00537,B43,,2025-10-16,5,1,aftertaste,,1
R07486,H00613,B48,,2025-10-16,3,0,price,,0
R07487,H00678,B41,,2025-10-16,3,1,,saltiness,0
R07488,H00720,B02,,2025-10-16,1,0,,crunch,0
R07489,H00812,B19,,2025-10-16,5,1,flavour depth,,1
R07490,H01452,B39,,2025-10-16,5,1,texture,,1
R07491,H01643,B03,,2025-10-16,3,0,energy boost,,1
R07492,H01730,B27,,2025-10-16,5,1,flavour depth,,1
R07493,H01786,B13,,2025-10-16,4,0,packaging,,0
R07494,H01805,B49,,2025-10-16,3,1,,taste,0
R07495,H01862,B10,,2025-10-16,5,1,ingredients,,1
R07496,H01982,B19,,2025-10-16,4,1,jar size,versatility,0
R07497,H02028,B25,,2025-10-16,4,1,price,,1
R07498,H02052,B22,,2025-10-16,2,1,,sweetness,0
R07499,H02094,B24,,2025-10-16,3,0,packaging,,0
R07500,H02448,B02,,2025-10-16,2,0,,seasoning,0
R07501,H02465,B39,,2025-10-16,5,1,price,,1
R07502,H02666,B04,,2025-10-16,2,0,,packaging,0
R07503,H02934,B22,,2025-10-16,2,0,,texture,0
R07504,H00001,B29,,2025-10-17,4,1,texture,,1
R07505,H00342,B32,,2025-10-17,2,0,,usefulness,0
R07506,H00679,B28,,2025-10-17,5,1,price,taste,1
R07507,H00846,B18,,2025-10-17,2,0,aftertaste,sweetness,0
R07508,H01044,B03,,2025-10-17,3,1,,portability,0
R07509,H01161,B19,,2025-10-17,2,0,,heat,0
R07510,H01211,B35,,2025-10-17,4,0,portability,,0
R07511,H01334,B38,,2025-10-17,5,1,texture,,0
R07512,H01397,B36,,2025-10-17,3,0,portion size,,0
R07513,H01432,B08,,2025-10-17,4,1,flavour depth,,0
R07514,H01788,B39,,2025-10-17,3,0,,jar size,0
R07515,H01940,B17,,2025-10-17,3,1,fizz,,0
R07516,H02232,B37,,2025-10-17,2,0,price,taste,0
R07517,H02253,B10,,2025-10-17,3,0,aroma,,1
R07518,H02300,B20,,2025-10-17,3,1,refreshing,,0
R07519,H02693,B45,,2025-10-17,4,1,refreshing,,1
R07520,H02884,B37,,2025-10-17,3,1,ingredients,,1
R07521,H00006,B08,,2025-10-18,4,0,texture,,0
R07522,H00181,B10,,2025-10-18,4,1,aroma,,0
R07523,H00195,B44,,2025-10-18,3,1,taste,,0
R07524,H00228,B19,,2025-10-18,4,1,price,,0
R07525,H00696,B28,,2025-10-18,3,0,,price,1
R07526,H00717,B38,,2025-10-18,3,1,,texture,0
R07527,H00776,B06,,2025-10-18,5,1,taste,,0
R07528,H00946,B19,,2025-10-18,1,0,,heat,0
R07529,H01241,B43,,2025-10-18,5,1,taste,,0
R07530,H01370,B25,,2025-10-18,1,0,,packaging,0
R07531,H01518,B32,,2025-10-18,4,1,size,,1
R07532,H01641,B36,,2025-10-18,4,1,seasoning,,1
R07533,H01786,B02,,2025-10-18,2,0,packaging,saltiness,0
R07534,H01943,B36,,2025-10-18,2,0,,price,1
R07535,H02373,B09,,2025-10-18,2,0,,texture,0
R07536,H02493,B44,,2025-10-18,1,0,,sweetness,0
R07537,H02537,B12,,2025-10-18,3,1,,sweetness,0
R07538,H02592,B47,,2025-10-18,2,0,price,ingredients,0
R07539,H02772,B46,,2025-10-18,5,1,sweetness,,1
R07540,H02818,B49,,2025-10-18,4,0,taste,ingredients,0
R07541,H00116,B25,,2025-10-19,2,0,,packaging,0
R07542,H00128,B08,,2025-10-19,2,0,,texture,0
R07543,H00617,B12,,2025-10-19,4,1,price,,0
R07544,H00707,B16,,2025-10-19,3,1,,price,0
R07545,H00742,B16,,2025-10-19,1,0,,fizz,0
R07546,H01224,B24,,2025-10-19,5,1,ingredients,,1
R07547,H01244,B39,,2025-10-19,4,1,flavour depth,,1
R07548,H01740,B40,,2025-10-19,3,0,aftertaste,,1
R07549,H01766,B46,,2025-10-19,3,1,price,,0
R07550,H01827,B39,,2025-10-19,5,1,versatility,,1
R07551,H01832,B01,,2025-10-19,2,0,,price,0
R07552,H01965,B48,,2025-10-19,1,0,,price,0
R07553,H01984,B12,,2025-10-19,3,0,taste,,0
R07554,H02082,B43,,2025-10-19,3,0,taste,,0
R07555,H02446,B41,,2025-10-19,2,0,packaging,saltiness,0
R07556,H02587,B36,,2025-10-19,4,1,crunch,,1
R07557,H02829,B26,,2025-10-19,4,0,saltiness,,0
R07558,H00024,B19,,2025-10-20,5,1,jar size,,0
R07559,H00146,B22,,2025-10-20,4,1,price,,0
R07560,H00375,B28,,2025-10-20,5,1,taste,,0
R07561,H00436,B02,,2025-10-20,5,1,saltiness,seasoning,1
R07562,H00524,B16,,2025-10-20,2,0,,price,0
R07563,H00607,B38,,2025-10-20,4,1,ingredients,,1
R07564,H00786,B28,,2025-10-20,3,1,,energy boost,0
R07565,H00862,B14,,2025-10-20,5,1,taste,price,0
R07566,H00974,B35,,2025-10-20,2,0,energy boost,price,1
R07567,H01013,B37,,2025-10-20,2,0,,taste,0
R07568,H01049,B26,,2025-10-20,4,0,saltiness,,1
R07569,H01064,B20,,2025-10-20,4,1,fizz,price,0
R07570,H01074,B43,,2025-10-20,5,1,fizz,,1
R07571,H01099,B48,,2025-10-20,4,1,crunch,saltiness,0
R07572,H01150,B44,,2025-10-20,3,1,taste,,0
R07573,H01237,B09,,2025-10-20,4,0,ingredients,,1
R07574,H01421,B35,,2025-10-20,3,0,,ingredients,0
R07575,H01433,B12,,2025-10-20,2,0,,price,0
R07576,H01435,B30,,2025-10-20,3,1,,flavour depth,1
R07577,H01451,B19,,2025-10-20,4,0,price,heat,0
R07578,H01568,B19,,2025-10-20,3,0,jar size,,0
R07579,H01771,B42,,2025-10-20,3,1,,aroma,0
R07580,H01914,B03,,2025-10-20,5,1,texture,,1
R07581,H01920,B30,,2025-10-20,3,1,versatility,,1
R07582,H01964,B03,,2025-10-20,5,1,texture,,1
R07583,H01976,B37,,2025-10-20,4,1,packaging,,1
R07584,H02259,B22,,2025-10-20,4,1,sweetness,packaging,1
R07585,H02383,B20,,2025-10-20,5,1,fizz,,1
R07586,H02436,B06,,2025-10-20,5,1,price,,1
R07587,H02447,B07,,2025-10-20,3,1,price,,0
R07588,H02610,B17,,2025-10-20,5,1,aftertaste,packaging,1
R07589,H02752,B13,,2025-10-20,3,1,fizz,,0
R07590,H02988,B43,,2025-10-20,4,1,fizz,,0
R07591,H00013,B18,,2025-10-21,4,1,sweetness,,0
R07592,H00103,B14,,2025-10-21,2,0,,packaging,0
R07593,H00122,B13,,2025-10-21,3,1,,sweetness,0
R07594,H00194,B47,,2025-10-21,3,0,,price,0
R07595,H00209,B45,,2025-10-21,2,0,,packaging,0
R07596,H00325,B38,,2025-10-21,4,1,taste,,0
R07597,H00336,B31,,2025-10-21,5,1,heat,texture,1
R07598,H00401,B14,,2025-10-21,3,1,,aftertaste,1
R07599,H00489,B28,,2025-10-21,4,0,portability,,0
R07600,H00726,B27,,2025-10-21,3,0,price,,0
R07601,H00737,B46,,2025-10-21,5,1,refreshing,,1
R07602,H00790,B40,,2025-10-21,2,0,aftertaste,price,0
R07603,H00824,B12,,2025-10-21,4,0,sweetness,,1
R07604,H00869,B47,,2025-10-21,4,1,ingredients,,0
R07605,H00939,B27,,2025-10-21,4,0,price,,1
R07606,H01226,B02,,2025-10-21,3,0,seasoning,,0
R07607,H01245,B07,,2025-10-21,3,0,,jar size,0
R07608,H01265,B33,,2025-10-21,3,0,taste,,0
R07609,H01738,B43,,2025-10-21,4,1,taste,,1
R07610,H01800,B26,,2025-10-21,3,0,saltiness,,0
R07611,H01821,B38,,2025-10-21,3,1,sweetness,,0
R07612,H01972,B42,,2025-10-21,3,1,,taste,0
R07613,H02071,B26,,2025-10-21,3,0,crunch,,0
R07614,H02517,B39,,2025-10-21,4,0,price,,0
R07615,H02573,B20,,2025-10-21,2,0,,sweetness,0
R07616,H02625,B23,,2025-10-21,2,0,,taste,0
R07617,H02705,B47,,2025-10-21,3,0,,sweetness,0
R07618,H02921,B30,,2025-10-21,4,1,heat,flavour depth,1
R07619,H00062,B43,,2025-10-22,2,0,price,sweetness,0
R07620,H00093,B15,,2025-10-22,4,1,sweetness,,1
R07621,H00149,B03,,2025-10-22,4,1,texture,,1
R07622,H00238,B15,,2025-10-22,1,0,aftertaste,taste,0
R07623,H00332,B47,,2025-10-22,5,1,price,,1
R07624,H00353,B23,,2025-10-22,4,1,texture,,1
R07625,H00536,B19,,2025-10-22,4,1,versatility,,1
R07626,H00815,B08,,2025-10-22,3,0,heat,,0
R07627,H00952,B06,,2025-10-22,5,1,ingredients,,1
R07628,H01029,B43,,2025-10-22,5,1,price,,0
R07629,H01063,B28,,2025-10-22,3,0,portability,,1
R07630,H01141,B36,,2025-10-22,3,1,,seasoning,0
R07631,H01303,B19,,2025-10-22,4,1,heat,,1
R07632,H01858,B47,,2025-10-22,2,1,,texture,0
R07633,H01941,B01,,2025-10-22,4,0,price,packaging,0
R07634,H01953,B42,,2025-10-22,3,1,strength,,0
R07635,H02028,B20,,2025-10-22,5,1,taste,,1
R07636,H02345,B19,,2025-10-22,2,0,price,texture,0
R07637,H02593,B31,,2025-10-22,3,0,,versatility,0
R07638,H02636,B42,,2025-10-22,3,0,strength,,0
R07639,H02725,B49,,2025-10-22,5,1,taste,texture,1
R07640,H02767,B36,,2025-10-22,3,0,portion size,,0
R07641,H02833,B48,,2025-10-22,4,1,seasoning,,1
R07642,H02865,B08,,2025-10-22,3,0,heat,,0
R07643,H02913,B39,,2025-10-22,4,1,texture,,0
R07644,H00006,B21,,2025-10-23,4,0,sweetness,refreshing,1
R07645,H00044,B28,,2025-10-23,2,0,taste,ingredients,0
R07646,H00403,B28,,2025-10-23,3,1,,ingredients,0
R07647,H00440,B29,,2025-10-23,5,1,price,,1
R07648,H00447,B14,,2025-10-23,4,1,sweetness,refreshing,0
R07649,H00625,B20,,2025-10-23,3,0,,packaging,0
R07650,H00752,B43,,2025-10-23,3,0,,price,0
R07651,H00869,B43,,2025-10-23,5,1,price,,0
R07652,H00945,B06,,2025-10-23,3,0,,texture,0
R07653,H01145,B46,,2025-10-23,4,0,packaging,,0
R07654,H01177,B23,,2025-10-23,3,1,,sweetness,0
R07655,H01347,B23,,2025-10-23,3,1,texture,,0
R07656,H01429,B42,,2025-10-23,3,0,ingredients,,0
R07657,H01429,B49,,2025-10-23,4,1,price,,0
R07658,H01458,B02,,2025-10-23,5,1,crunch,seasoning,1
R07659,H01497,B24,,2025-10-23,5,1,price,,1
R07660,H01749,B11,,2025-10-23,3,0,,taste,0
R07661,H02169,B27,,2025-10-23,3,0,jar size,,0
R07662,H02381,B19,,2025-10-23,2,1,,price,0
R07663,H02461,B06,,2025-10-23,4,0,packaging,price,1
R07664,H02802,B43,,2025-10-23,4,0,sweetness,taste,0
R07665,H00013,B46,,2025-10-24,3,0,fizz,,0
R07666,H00022,B36,,2025-10-24,2,0,packaging,seasoning,0
R07667,H00209,B24,,2025-10-24,3,1,,packaging,0
R07668,H00245,B26,,2025-10-24,2,0,portion size,crunch,0
R07669,H00250,B37,,2025-10-24,3,0,texture,,1
R07670,H00287,B34,,2025-10-24,3,1,,price,0
R07671,H00320,B07,,2025-10-24,5,1,jar size,,1
R07672,H00445,B01,,2025-10-24,3,0,seasoning,,0
R07673,H00463,B21,,2025-10-24,3,1,,taste,0
R07674,H00650,B25,,2025-10-24,4,0,portion size,packaging,1
R07675,H00870,B34,,2025-10-24,3,1,,ingredients,0
R07676,H01145,B29,,2025-10-24,4,1,portability,,0
R07677,H01195,B03,,2025-10-24,2,0,,taste,0
R07678,H01209,B06,,2025-10-24,4,1,ingredients,texture,1
R07679,H01320,B02,,2025-10-24,4,0,packaging,,0
R07680,H01604,B49,,2025-10-24,4,1,ingredients,,0
R07681,H01659,B37,,2025-10-24,2,0,,ingredients,0
R07682,H01789,B03,,2025-10-24,4,1,ingredients,,0
R07683,H01875,B16,,2025-10-24,2,0,,taste,0
R07684,H01907,B04,,2025-10-24,5,1,crunch,,1
R07685,H01968,B03,,2025-10-24,4,0,portability,,0
R07686,H02030,B22,,2025-10-24,2,1,,sweetness,0
R07687,H02134,B37,,2025-10-24,3,1,,ingredients,0
R07688,H02254,B04,,2025-10-24,3,0,,price,1
R07689,H02358,B29,,2025-10-24,4,0,price,energy boost,1
R07690,H02438,B45,,2025-10-24,2,0,,refreshing,0
R07691,H02470,B13,,2025-10-24,5,1,refreshing,,1
R07692,H02479,B10,,2025-10-24,4,1,packaging,,1
R07693,H02514,B16,,2025-10-24,2,0,,aftertaste,0
R07694,H02660,B33,,2025-10-24,3,0,,refreshing,0
R07695,H02857,B25,,2025-10-24,4,1,crunch,,0
R07696,H02887,B29,,2025-10-24,5,1,taste,texture,1
R07697,H00504,B23,,2025-10-25,4,1,ingredients,,0
R07698,H00592,B08,,2025-10-25,2,1,,flavour depth,0
R07699,H00862,B42,,2025-10-25,3,0,ingredients,,0
R07700,H00900,B03,,2025-10-25,3,0,,energy boost,0
R07701,H01110,B09,,2025-10-25,3,0,ingredients,,0
R07702,H01151,B46,,2025-10-25,3,1,sweetness,,0
R07703,H01337,B07,,2025-10-25,4,1,versatility,,1
R07704,H01439,B33,,2025-10-25,4,1,aftertaste,,0
R07705,H01583,B23,,2025-10-25,3,0,texture,,0
R07706,H01615,B15,,2025-10-25,2,0,,taste,0
R07707,H01702,B28,,2025-10-25,3,0,texture,,0
R07708,H01801,B39,,2025-10-25,3,0,,texture,0
R07709,H01839,B44,,2025-10-25,3,0,sweetness,,0
R07710,H02327,B40,,2025-10-25,2,0,price,aftertaste,0
R07711,H02482,B17,,2025-10-25,5,1,fizz,taste,1
R07712,H02510,B27,,2025-10-25,3,0,,flavour depth,0
R07713,H02652,B20,,2025-10-25,3,1,,aftertaste,0
R07714,H02734,B24,,2025-10-25,4,1,strength,aroma,0
R07715,H02774,B40,,2025-10-25,3,1,sweetness,,1
R07716,H02802,B08,,2025-10-25,5,1,heat,,0
R07717,H02900,B39,,2025-10-25,5,0,flavour depth,,1
R07718,H02956,B05,,2025-10-25,4,1,seasoning,saltiness,0
R07719,H02999,B23,,2025-10-25,5,1,texture,,1
R07720,H03020,B02,P038,2025-10-25,4,1,portion size,,0
R07721,H03024,B04,P038,2025-10-25,2,0,,seasoning,0
R07722,H03025,B03,P038,2025-10-25,5,1,portability,,0
R07723,H03026,B26,P038,2025-10-25,4,1,crunch,seasoning,1
R07724,H03033,B14,,2025-10-25,4,1,refreshing,,1
R07725,H00054,B14,,2025-10-26,3,1,taste,,0
R07726,H00167,B17,,2025-10-26,4,1,fizz,,1
R07727,H00203,B45,,2025-10-26,4,1,aftertaste,,1
R07728,H00412,B31,,2025-10-26,2,0,,flavour depth,0
R07729,H00526,B22,,2025-10-26,4,1,sweetness,,0
R07730,H00679,B27,,2025-10-26,3,0,,versatility,0
R07731,H00708,B43,,2025-10-26,5,1,packaging,,0
R07732,H00709,B42,,2025-10-26,3,0,taste,,0
R07733,H00724,B11,,2025-10-26,2,0,,sweetness,0
R07734,H00741,B46,,2025-10-26,5,1,packaging,,0
R07735,H00921,B39,,2025-10-26,4,0,versatility,,0
R07736,H01021,B07,,2025-10-26,2,0,,texture,0
R07737,H01129,B08,,2025-10-26,5,1,flavour depth,price,1
R07738,H01285,B02,,2025-10-26,4,1,portion size,,0
R07739,H01304,B13,,2025-10-26,2,0,aftertaste,taste,0
R07740,H01361,B09,,2025-10-26,2,1,,packaging,0
R07741,H01435,B15,,2025-10-26,3,1,,fizz,1
R07742,H01573,B04,,2025-10-26,2,0,,portion size,0
R07743,H01617,B38,,2025-10-26,3,0,taste,,0
R07744,H01632,B13,,2025-10-26,4,1,sweetness,,1
R07745,H01781,B26,,2025-10-26,5,1,crunch,saltiness,0
R07746,H01804,B43,,2025-10-26,5,0,aftertaste,,0
R07747,H01821,B06,,2025-10-26,2,0,,texture,0
R07748,H01833,B05,,2025-10-26,3,0,saltiness,,0
R07749,H01915,B04,,2025-10-26,3,0,price,,0
R07750,H01922,B46,,2025-10-26,3,0,aftertaste,,0
R07751,H01964,B41,,2025-10-26,2,0,,seasoning,1
R07752,H01976,B13,,2025-10-26,5,1,refreshing,,0
R07753,H02000,B36,,2025-10-26,3,0,price,,1
R07754,H02134,B34,,2025-10-26,3,0,taste,,0
R07755,H02243,B22,,2025-10-26,2,0,taste,sweetness,0
R07756,H02248,B13,,2025-10-26,4,1,refreshing,fizz,0
R07757,H02307,B06,,2025-10-26,5,1,sweetness,,1
R07758,H02380,B15,,2025-10-26,3,0,,sweetness,1
R07759,H02602,B15,,2025-10-26,3,0,,refreshing,0
R07760,H02831,B44,,2025-10-26,3,1,,price,0
R07761,H03014,B02,P038,2025-10-26,4,1,price,,0
R07762,H03016,B03,P038,2025-10-26,3,0,,energy boost,0
R07763,H00324,B33,,2025-10-27,4,1,price,fizz,1
R07764,H00707,B21,,2025-10-27,3,1,taste,,0
R07765,H00751,B46,,2025-10-27,1,0,,sweetness,0
R07766,H00754,B12,,2025-10-27,4,1,taste,refreshing,1
R07767,H01007,B24,,2025-10-27,5,1,ingredients,,1
R07768,H01310,B02,,2025-10-27,4,1,portion size,,0
R07769,H01343,B32,,2025-10-27,4,0,price,,1
R07770,H01487,B15,,2025-10-27,2,0,,taste,0
R07771,H01677,B36,,2025-10-27,5,1,price,,1
R07772,H01795,B46,,2025-10-27,3,0,,refreshing,0
R07773,H01874,B31,,2025-10-27,4,1,price,jar size,0
R07774,H01934,B03,,2025-10-27,4,1,portability,energy boost,1
R07775,H01951,B07,,2025-10-27,4,0,jar size,,0
R07776,H01955,B46,,2025-10-27,3,0,aftertaste,,0
R07777,H01977,B39,,2025-10-27,5,1,flavour depth,,1
R07778,H01990,B47,,2025-10-27,4,1,ingredients,texture,0
R07779,H02224,B05,,2025-10-27,4,1,price,,1
R07780,H02549,B14,,2025-10-27,5,1,taste,price,1
R07781,H02633,B39,,2025-10-27,3,0,heat,,0
R07782,H02650,B40,,2025-10-27,3,0,price,,0
R07783,H02667,B13,,2025-10-27,2,1,,fizz,1
R07784,H02788,B22,,2025-10-27,1,0,,ingredients,0
R07785,H02823,B44,,2025-10-27,2,0,taste,price,0
R07786,H02968,B26,,2025-10-27,4,1,crunch,,1
R07787,H02996,B13,,2025-10-27,2,0,,refreshing,0
R07788,H00003,B03,,2025-10-28,1,0,,energy boost,0
R07789,H00011,B05,,2025-10-28,4,1,crunch,packaging,1
R07790,H00241,B06,,2025-10-28,3,0,ingredients,,0
R07791,H00694,B43,,2025-10-28,4,0,refreshing,aftertaste,0
R07792,H00711,B43,,2025-10-28,4,1,price,,0
R07793,H01064,B19,,2025-10-28,4,0,heat,,1
R07794,H01106,B40,,2025-10-28,2,0,taste,fizz,0
R07795,H01175,B20,,2025-10-28,3,0,refreshing,,0
R07796,H01324,B31,,2025-10-28,3,1,flavour depth,,0
R07797,H01492,B02,,2025-10-28,3,1,packaging,,0
R07798,H01507,B04,,2025-10-28,2,0,price,portion size,1
R07799,H01851,B29,,2025-10-28,3,0,,texture,0
R07800,H02023,B46,,2025-10-28,5,1,sweetness,,1
R07801,H02184,B13,,2025-10-28,4,1,taste,,0
R07802,H02485,B31,,2025-10-28,4,1,price,,0
R07803,H02504,B20,,2025-10-28,2,0,,sweetness,0
R07804,H02808,B23,,2025-10-28,4,1,texture,,1
R07805,H02887,B42,,2025-10-28,4,0,taste,,0
R07806,H03018,B04,P038,2025-10-28,2,1,,packaging,0
R07807,H03020,B17,P038,2025-10-28,4,1,packaging,refreshing,0
R07808,H03022,B17,P038,2025-10-28,1,0,,fizz,0
R07809,H03023,B02,P038,2025-10-28,4,1,portion size,,1
R07810,H03023,B26,P038,2025-10-28,4,1,price,portion size,1
R07811,H03025,B17,P038,2025-10-28,4,1,refreshing,price,0
R07812,H00015,B22,,2025-10-29,4,1,ingredients,,1
R07813,H00033,B03,,2025-10-29,3,1,price,,1
R07814,H00220,B01,,2025-10-29,5,1,price,,0
R07815,H00238,B43,,2025-10-29,3,0,aftertaste,,0
R07816,H00263,B32,,2025-10-29,1,0,usefulness,price,0
R07817,H00276,B12,,2025-10-29,3,0,,aftertaste,0
R07818,H00385,B39,,2025-10-29,4,0,jar size,,0
R07819,H00403,B39,,2025-10-29,3,1,texture,,0
R07820,H00691,B05,,2025-10-29,2,0,,seasoning,0
R07821,H00823,B15,,2025-10-29,5,1,price,,1
R07822,H00993,B32,,2025-10-29,3,1,,size,0
R07823,H01130,B10,,2025-10-29,4,1,price,,1
R07824,H01170,B44,,2025-10-29,4,1,packaging,,0
R07825,H01228,B44,,2025-10-29,4,0,sweetness,,0
R07826,H01327,B07,,2025-10-29,3,0,,versatility,0
R07827,H01407,B01,,2025-10-29,1,0,,saltiness,0
R07828,H01534,B04,,2025-10-29,4,1,packaging,,1
R07829,H01707,B05,,2025-10-29,3,1,,portion size,0
R07830,H02003,B29,,2025-10-29,3,0,,price,0
R07831,H02347,B39,,2025-10-29,5,1,jar size,,0
R07832,H02624,B44,,2025-10-29,4,1,refreshing,,0
R07833,H02659,B38,,2025-10-29,5,1,packaging,texture,1
R07834,H02741,B12,,2025-10-29,4,1,sweetness,,0
R07835,H03020,B03,P038,2025-10-29,3,0,,portability,0
R07836,H03023,B17,P038,2025-10-29,4,1,aftertaste,fizz,1
R07837,H00362,B03,,2025-10-30,4,1,ingredients,,1
R07838,H00395,B25,,2025-10-30,5,1,crunch,,1
R07839,H00516,B35,,2025-10-30,2,1,taste,price,0
R07840,H00516,B01,,2025-10-30,5,1,packaging,,1
R07841,H00538,B39,,2025-10-30,5,1,texture,flavour depth,1
R07842,H00570,B10,,2025-10-30,4,1,ingredients,,0
R07843,H00865,B43,,2025-10-30,3,0,sweetness,,0
R07844,H00874,B32,,2025-10-30,3,0,,design,0
R07845,H00996,B36,,2025-10-30,4,0,packaging,saltiness,0
R07846,H01124,B17,,2025-10-30,3,1,taste,,0
R07847,H01169,B47,,2025-10-30,5,1,ingredients,,1
R07848,H01287,B37,,2025-10-30,4,1,ingredients,,1
R07849,H01834,B19,,2025-10-30,4,1,versatility,,1
R07850,H02278,B14,,2025-10-30,4,1,aftertaste,,0
R07851,H02299,B12,,2025-10-30,3,0,,sweetness,0
R07852,H02306,B17,,2025-10-30,3,0,,refreshing,0
R07853,H02399,B05,,2025-10-30,2,1,,saltiness,0
R07854,H02419,B12,,2025-10-30,3,1,fizz,,0
R07855,H02439,B39,,2025-10-30,4,0,price,,0
R07856,H02529,B19,,2025-10-30,1,0,,flavour depth,0
R07857,H02603,B13,,2025-10-30,4,1,fizz,,0
R07858,H02665,B37,,2025-10-30,3,1,texture,,1
R07859,H03021,B26,P038,2025-10-30,4,1,seasoning,packaging,1
R07860,H03022,B26,P038,2025-10-30,3,0,price,,0
R07861,H03027,B17,P038,2025-10-30,4,0,sweetness,,1
R07862,H00128,B32,,2025-10-31,4,1,usefulness,,0
R07863,H00262,B41,,2025-10-31,2,0,,portion size,0
R07864,H00397,B17,,2025-10-31,4,1,aftertaste,,1
R07865,H00446,B06,,2025-10-31,3,0,ingredients,,0
R07866,H00508,B04,,2025-10-31,4,0,price,,1
R07867,H00763,B19,,2025-10-31,5,1,versatility,,0
R07868,H00788,B19,,2025-10-31,2,0,,price,0
R07869,H00805,B01,,2025-10-31,5,1,packaging,portion size,1
R07870,H00841,B32,,2025-10-31,4,1,size,build quality,0
R07871,H00871,B13,,2025-10-31,4,0,packaging,,0
R07872,H00878,B36,,2025-10-31,5,1,saltiness,,1
R07873,H01226,B18,,2025-10-31,3,0,fizz,,0
R07874,H01396,B19,,2025-10-31,4,1,jar size,,0
R07875,H01518,B39,,2025-10-31,2,0,,flavour depth,0
R07876,H01568,B24,,2025-10-31,3,0,taste,,0
R07877,H01594,B29,,2025-10-31,3,0,portability,,0
R07878,H01982,B46,,2025-10-31,3,1,,taste,0
R07879,H02045,B39,,2025-10-31,4,0,flavour depth,,0
R07880,H02057,B26,,2025-10-31,2,0,seasoning,crunch,0
R07881,H02110,B07,,2025-10-31,3,1,,jar size,0
R07882,H02270,B11,,2025-10-31,2,0,,refreshing,0
R07883,H02459,B09,,2025-10-31,2,0,,sweetness,0
R07884,H02482,B27,,2025-10-31,4,1,jar size,,0
R07885,H02715,B12,,2025-10-31,3,0,aftertaste,,0
R07886,H02951,B02,,2025-10-31,5,1,packaging,,1
R07887,H03014,B26,P038,2025-10-31,3,1,,price,1
R07888,H03015,B26,P038,2025-10-31,4,1,seasoning,,1
R07889,H03016,B04,P038,2025-10-31,4,1,saltiness,price,0
R07890,H03019,B04,P038,2025-10-31,5,1,seasoning,saltiness,0
R07891,H03019,B26,P038,2025-10-31,5,1,seasoning,portion size,0
R07892,H03020,B26,P038,2025-10-31,5,1,packaging,,0
R07893,H03024,B17,P038,2025-10-31,3,1,,taste,1
R07894,H03026,B17,P038,2025-10-31,4,1,sweetness,,1
R07895,H00207,B14,,2025-11-01,5,1,aftertaste,fizz,1
R07896,H00517,B19,,2025-11-01,5,1,heat,,0
R07897,H00602,B40,,2025-11-01,4,1,sweetness,,0
R07898,H00727,B13,,2025-11-01,4,1,aftertaste,,0
R07899,H00749,B40,,2025-11-01,5,1,taste,price,1
R07900,H00768,B24,,2025-11-01,5,1,price,,1
R07901,H00918,B27,,2025-11-01,2,0,,texture,0
R07902,H00949,B13,,2025-11-01,5,1,refreshing,,1
R07903,H00958,B04,,2025-11-01,1,0,crunch,price,0
R07904,H01000,B05,,2025-11-01,4,1,seasoning,price,0
R07905,H01016,B22,,2025-11-01,2,0,,packaging,0
R07906,H01596,B44,,2025-11-01,3,0,,aftertaste,0
R07907,H01772,B24,,2025-11-01,3,0,,ingredients,0
R07908,H01991,B27,,2025-11-01,5,1,jar size,,0
R07909,H02261,B46,,2025-11-01,5,1,aftertaste,,1
R07910,H02363,B06,,2025-11-01,4,0,sweetness,,0
R07911,H02432,B42,,2025-11-01,2,0,ingredients,aroma,0
R07912,H02552,B21,,2025-11-01,4,0,packaging,,1
R07913,H02761,B22,,2025-11-01,4,0,ingredients,,1
R07914,H02827,B19,,2025-11-01,1,1,,heat,0
R07915,H02978,B19,,2025-11-01,4,0,heat,,0
R07916,H03025,B47,,2025-11-01,4,1,ingredients,price,1
R07917,H03039,B26,,2025-11-01,3,0,,price,1
R07918,H00094,B27,,2025-11-02,4,1,flavour depth,,0
R07919,H00267,B01,,2025-11-02,5,1,saltiness,price,1
R07920,H00456,B07,,2025-11-02,1,0,,heat,0
R07921,H00809,B23,,2025-11-02,2,0,,ingredients,0
R07922,H00838,B26,,2025-11-02,4,0,seasoning,,1
R07923,H00966,B44,,2025-11-02,3,1,,aftertaste,0
R07924,H01170,B07,,2025-11-02,3,1,versatility,,0
R07925,H01234,B27,,2025-11-02,3,0,jar size,,0
R07926,H01281,B43,,2025-11-02,5,1,price,,1
R07927,H01654,B16,,2025-11-02,4,1,fizz,,0
R07928,H01920,B20,,2025-11-02,4,1,fizz,,1
R07929,H02110,B44,,2025-11-02,3,0,,price,1
R07930,H02124,B30,,2025-11-02,5,1,versatility,price,1
R07931,H02167,B12,,2025-11-02,4,0,sweetness,,0
R07932,H02462,B38,,2025-11-02,1,0,,price,0
R07933,H02694,B46,,2025-11-02,2,0,,refreshing,0
R07934,H02722,B37,,2025-11-02,1,0,,taste,0
R07935,H02735,B29,,2025-11-02,4,1,price,ingredients,0
R07936,H02804,B21,,2025-11-02,5,1,taste,sweetness,1
R07937,H02840,B09,,2025-11-02,3,0,taste,,0
R07938,H02935,B03,,2025-11-02,5,1,taste,,0
R07939,H03065,B10,,2025-11-02,5,1,taste,strength,1
R07940,H00089,B25,,2025-11-03,1,0,,price,0
R07941,H00598,B02,,2025-11-03,3,0,,price,0
R07942,H00604,B08,,2025-11-03,3,1,,texture,0
R07943,H00624,B10,,2025-11-03,4,1,taste,,0
R07944,H00657,B43,,2025-11-03,5,1,packaging,,1
R07945,H00894,B32,,2025-11-03,3,0,size,,0
R07946,H00956,B28,,2025-11-03,5,1,portability,,1
R07947,H00984,B10,,2025-11-03,5,1,price,,0
R07948,H01007,B06,,2025-11-03,4,0,texture,,0
R07949,H01190,B25,,2025-11-03,5,1,packaging,,1
R07950,H01249,B36,,2025-11-03,4,0,packaging,,0
R07951,H01299,B15,,2025-11-03,3,0,taste,,1
R07952,H01300,B16,,2025-11-03,2,0,aftertaste,refreshing,0
R07953,H01435,B44,,2025-11-03,3,0,,taste,0
R07954,H01810,B13,,2025-11-03,5,1,refreshing,,1
R07955,H01899,B25,,2025-11-03,4,0,saltiness,,0
R07956,H01979,B30,,2025-11-03,3,1,texture,,0
R07957,H02058,B20,,2025-11-03,2,0,,packaging,0
R07958,H02089,B02,,2025-11-03,5,1,crunch,,1
R07959,H02151,B12,,2025-11-03,2,0,,aftertaste,0
R07960,H02571,B47,,2025-11-03,4,1,texture,,1
R07961,H02712,B09,,2025-11-03,2,0,,texture,0
R07962,H02740,B43,,2025-11-03,5,1,fizz,,0
R07963,H02957,B02,,2025-11-03,5,1,price,,1
R07964,H03026,B13,,2025-11-03,1,0,,fizz,0
R07965,H00184,B03,,2025-11-04,3,1,ingredients,,0
R07966,H00517,B26,,2025-11-04,3,0,,seasoning,0
R07967,H00522,B14,,2025-11-04,2,0,,price,0
R07968,H00541,B14,,2025-11-04,5,1,sweetness,,0
R07969,H00550,B19,,2025-11-04,3,1,flavour depth,,0
R07970,H00572,B04,,2025-11-04,4,0,price,packaging,1
R07971,H00595,B26,,2025-11-04,4,1,saltiness,portion size,0
R07972,H00606,B31,,2025-11-04,4,1,price,,1
R07973,H00820,B48,,2025-11-04,4,1,packaging,,0
R07974,H00872,B23,,2025-11-04,2,0,,sweetness,0
R07975,H00922,B43,,2025-11-04,2,0,,taste,0
R07976,H00953,B47,,2025-11-04,4,0,packaging,,0
R07977,H01023,B03,,2025-11-04,4,1,ingredients,,1
R07978,H01264,B18,,2025-11-04,4,1,sweetness,,0
R07979,H01765,B32,,2025-11-04,3,1,,build quality,0
R07980,H01769,B19,,2025-11-04,3,0,heat,,1
R07981,H01984,B41,,2025-11-04,3,0,crunch,,1
R07982,H02104,B21,,2025-11-04,5,1,refreshing,,1
R07983,H02106,B39,,2025-11-04,4,1,price,,1
R07984,H02223,B15,,2025-11-04,2,0,,packaging,0
R07985,H02300,B11,,2025-11-04,3,1,aftertaste,,0
R07986,H02483,B12,,2025-11-04,4,0,refreshing,,0
R07987,H02547,B15,,2025-11-04,3,0,aftertaste,,0
R07988,H02663,B36,,2025-11-04,3,0,packaging,,0
R07989,H02832,B45,,2025-11-04,2,0,,sweetness,0
R07990,H02948,B11,,2025-11-04,3,1,refreshing,,1
R07991,H02986,B36,,2025-11-04,1,0,,saltiness,0
R07992,H00147,B41,,2025-11-05,2,0,,saltiness,0
R07993,H00172,B07,,2025-11-05,3,0,,jar size,0
R07994,H00186,B43,,2025-11-05,3,1,taste,,0
R07995,H00213,B10,,2025-11-05,3,0,aroma,,0
R07996,H00408,B27,,2025-11-05,5,1,flavour depth,,1
R07997,H00620,B06,,2025-11-05,3,1,,packaging,0
R07998,H00980,B16,,2025-11-05,4,0,fizz,,0
R07999,H01047,B36,,2025-11-05,5,1,packaging,,0
R08000,H01158,B19,,2025-11-05,4,1,price,,1
R08001,H01203,B25,,2025-11-05,2,1,,seasoning,0
R08002,H01258,B39,,2025-11-05,3,0,jar size,,0
R08003,H01610,B01,,2025-11-05,5,0,portion size,,1
R08004,H01618,B26,,2025-11-05,3,1,,seasoning,0
R08005,H01649,B24,,2025-11-05,3,0,taste,,0
R08006,H01649,B19,,2025-11-05,2,0,texture,flavour depth,0
R08007,H01700,B37,,2025-11-05,2,0,,taste,0
R08008,H01774,B39,,2025-11-05,2,0,,jar size,0
R08009,H02285,B26,,2025-11-05,2,0,,seasoning,0
R08010,H02733,B28,,2025-11-05,3,0,taste,,0
R08011,H02868,B19,,2025-11-05,4,1,texture,jar size,1
R08012,H02886,B41,,2025-11-05,3,1,,packaging,1
R08013,H03065,B12,,2025-11-05,2,0,,fizz,0
R08014,H00025,B41,,2025-11-06,2,0,seasoning,packaging,0
R08015,H00355,B36,,2025-11-06,1,0,,price,1
R08016,H00420,B39,,2025-11-06,3,0,texture,,0
R08017,H00637,B14,,2025-11-06,5,1,fizz,refreshing,1
R08018,H00695,B02,,2025-11-06,5,1,crunch,,1
R08019,H00811,B40,,2025-11-06,3,0,fizz,,1
R08020,H00828,B01,,2025-11-06,4,1,seasoning,crunch,0
R08021,H00854,B17,,2025-11-06,4,1,sweetness,,1
R08022,H00982,B43,,2025-11-06,4,0,fizz,,0
R08023,H00987,B32,,2025-11-06,5,1,size,,1
R08024,H01006,B32,,2025-11-06,3,1,build quality,,0
R08025,H01487,B17,,2025-11-06,3,0,price,,1
R08026,H01575,B26,,2025-11-06,5,1,price,,1
R08027,H01808,B16,,2025-11-06,3,0,,packaging,0
R08028,H01924,B36,,2025-11-06,1,0,,seasoning,0
R08029,H02128,B19,,2025-11-06,4,1,flavour depth,,0
R08030,H02179,B47,,2025-11-06,1,0,,packaging,0
R08031,H02447,B20,,2025-11-06,2,0,,fizz,1
R08032,H02498,B41,,2025-11-06,2,0,,price,0
R08033,H02616,B20,,2025-11-06,4,1,aftertaste,,1
R08034,H02718,B49,,2025-11-06,4,0,ingredients,,0
R08035,H02759,B11,,2025-11-06,5,1,aftertaste,,1
R08036,H02777,B45,,2025-11-06,4,0,aftertaste,taste,1
R08037,H02810,B49,,2025-11-06,4,1,price,,1
R08038,H02885,B36,,2025-11-06,4,1,packaging,,1
R08039,H02933,B06,,2025-11-06,3,0,,price,0
R08040,H02962,B46,,2025-11-06,4,0,taste,sweetness,0
R08041,H03060,B13,,2025-11-06,3,1,,packaging,1
R08042,H03073,B39,,2025-11-06,3,1,price,,0
R08043,H00046,B09,,2025-11-07,3,0,texture,,0
R08044,H00089,B38,,2025-11-07,3,0,,price,0
R08045,H00132,B20,,2025-11-07,2,0,,taste,0
R08046,H00260,B06,,2025-11-07,2,0,,texture,0
R08047,H00627,B17,,2025-11-07,5,1,price,,1
R08048,H01062,B05,,2025-11-07,3,0,,saltiness,1
R08049,H01091,B20,,2025-11-07,5,1,packaging,,0
R08050,H01484,B33,,2025-11-07,4,1,packaging,sweetness,1
R08051,H01888,B43,,2025-11-07,5,1,refreshing,,1
R08052,H01894,B21,,2025-11-07,5,1,price,,1
R08053,H02058,B04,,2025-11-07,4,1,price,saltiness,0
R08054,H02243,B20,,2025-11-07,2,0,,aftertaste,0
R08055,H02797,B06,,2025-11-07,5,1,ingredients,,0
R08056,H02832,B10,,2025-11-07,4,1,price,,1
R08057,H02835,B17,,2025-11-07,4,1,aftertaste,price,1
R08058,H02843,B35,,2025-11-07,3,0,,energy boost,0
R08059,H02904,B25,,2025-11-07,4,1,packaging,saltiness,1
R08060,H00369,B45,,2025-11-08,3,1,,taste,0
R08061,H00395,B01,,2025-11-08,3,0,portion size,,0
R08062,H00425,B02,,2025-11-08,5,1,crunch,,1
R08063,H00434,B37,,2025-11-08,3,0,,sweetness,1
R08064,H00526,B38,,2025-11-08,4,1,taste,,0
R08065,H00590,B38,,2025-11-08,4,1,price,,0
R08066,H00759,B04,,2025-11-08,4,1,seasoning,packaging,0
R08067,H00840,B15,,2025-11-08,5,1,sweetness,,1
R08068,H00846,B06,,2025-11-08,3,1,price,,0
R08069,H00898,B48,,2025-11-08,2,1,,saltiness,0
R08070,H00947,B32,,2025-11-08,5,1,design,usefulness,1
R08071,H01291,B10,,2025-11-08,2,0,,taste,0
R08072,H01366,B38,,2025-11-08,3,0,,packaging,0
R08073,H01372,B11,,2025-11-08,4,1,sweetness,,0
R08074,H01538,B25,,2025-11-08,5,1,price,,1
R08075,H01575,B37,,2025-11-08,2,0,,sweetness,0
R08076,H01753,B27,,2025-11-08,4,1,texture,,1
R08077,H02563,B38,,2025-11-08,3,1,,packaging,0
R08078,H02625,B35,,2025-11-08,3,0,,ingredients,0
R08079,H02710,B21,,2025-11-08,3,0,refreshing,,0
R08080,H02840,B33,,2025-11-08,5,1,taste,,1
R08081,H02868,B23,,2025-11-08,1,0,,texture,1
R08082,H00206,B32,,2025-11-09,4,1,usefulness,,1
R08083,H00286,B13,,2025-11-09,4,1,refreshing,,1
R08084,H00330,B16,,2025-11-09,3,0,taste,,0
R08085,H00509,B13,,2025-11-09,3,0,sweetness,,0
R08086,H00553,B32,,2025-11-09,3,0,size,,0
R08087,H00558,B34,,2025-11-09,4,1,taste,,0
R08088,H00601,B09,,2025-11-09,1,1,,taste,0
R08089,H00660,B22,,2025-11-09,5,1,packaging,,1
R08090,H00684,B19,,2025-11-09,3,0,versatility,,1
R08091,H00966,B21,,2025-11-09,5,1,fizz,,0
R08092,H00977,B35,,2025-11-09,3,0,portability,,0
R08093,H01117,B12,,2025-11-09,4,1,fizz,,1
R08094,H01431,B25,,2025-11-09,4,1,seasoning,,0
R08095,H01462,B07,,2025-11-09,2,0,,texture,0
R08096,H01657,B06,,2025-11-09,5,1,packaging,,0
R08097,H01824,B13,,2025-11-09,5,1,aftertaste,,1
R08098,H01897,B26,,2025-11-09,3,1,,price,0
R08099,H02445,B24,,2025-11-09,2,0,packaging,ingredients,0
R08100,H02465,B13,,2025-11-09,5,1,taste,,1
R08101,H02573,B36,,2025-11-09,5,0,price,,1
R08102,H02640,B39,,2025-11-09,5,1,flavour depth,jar size,1
R08103,H02991,B39,,2025-11-09,4,1,texture,,0
R08104,H00160,B29,,2025-11-10,5,1,price,taste,1
R08105,H00261,B25,,2025-11-10,2,0,,portion size,0
R08106,H00278,B03,,2025-11-10,3,0,ingredients,,0
R08107,H00413,B03,,2025-11-10,2,0,texture,energy boost,0
R08108,H00526,B41,,2025-11-10,3,1,seasoning,,0
R08109,H00571,B27,,2025-11-10,3,1,,heat,0
R08110,H00726,B22,,2025-11-10,3,1,sweetness,,0
R08111,H00736,B13,,2025-11-10,2,0,,sweetness,0
R08112,H00892,B17,,2025-11-10,3,0,,fizz,1
R08113,H00912,B29,,2025-11-10,5,1,energy boost,,1
R08114,H00913,B49,,2025-11-10,2,0,,texture,0
R08115,H01042,B04,,2025-11-10,4,1,portion size,,1
R08116,H01104,B29,,2025-11-10,2,0,,ingredients,0
R08117,H01245,B20,,2025-11-10,3,0,,price,0
R08118,H01412,B18,,2025-11-10,4,0,refreshing,,0
R08119,H01451,B33,,2025-11-10,1,0,,refreshing,0
R08120,H01606,B12,,2025-11-10,5,1,fizz,,1
R08121,H01806,B48,,2025-11-10,3,0,price,,0
R08122,H01844,B06,,2025-11-10,5,1,texture,,0
R08123,H01884,B46,,2025-11-10,2,1,,aftertaste,0
R08124,H02023,B38,,2025-11-10,5,0,ingredients,packaging,1
R08125,H02225,B09,,2025-11-10,2,0,,ingredients,0
R08126,H02406,B44,,2025-11-10,4,1,taste,,1
R08127,H02429,B37,,2025-11-10,2,1,,ingredients,0
R08128,H02536,B41,,2025-11-10,3,0,,crunch,0
R08129,H02658,B25,,2025-11-10,3,1,seasoning,,0
R08130,H02763,B44,,2025-11-10,3,1,fizz,,0
R08131,H02790,B44,,2025-11-10,5,1,taste,packaging,1
R08132,H02990,B44,,2025-11-10,3,0,,fizz,1
R08133,H03081,B35,,2025-11-10,3,0,,energy boost,1
R08134,H00105,B46,,2025-11-11,5,1,fizz,,1
R08135,H00309,B29,,2025-11-11,2,0,portability,ingredients,0
R08136,H00504,B30,,2025-11-11,1,0,versatility,jar size,0
R08137,H00539,B39,,2025-11-11,2,1,flavour depth,texture,0
R08138,H00618,B12,,2025-11-11,5,1,packaging,taste,0
R08139,H00620,B13,,2025-11-11,3,1,price,,1
R08140,H00691,B48,,2025-11-11,4,1,seasoning,,1
R08141,H00711,B30,,2025-11-11,3,1,,price,0
R08142,H00815,B39,,2025-11-11,2,0,,jar size,0
R08143,H01068,B02,,2025-11-11,3,1,crunch,,0
R08144,H01073,B47,,2025-11-11,2,0,,taste,0
R08145,H01355,B27,,2025-11-11,2,0,,price,0
R08146,H01409,B10,,2025-11-11,3,0,,strength,0
R08147,H01564,B42,,2025-11-11,4,1,ingredients,,1
R08148,H01575,B49,,2025-11-11,5,1,texture,ingredients,1
R08149,H01676,B24,,2025-11-11,3,0,,aroma,0
R08150,H01903,B05,,2025-11-11,2,0,,crunch,0
R08151,H01961,B49,,2025-11-11,3,1,texture,,0
R08152,H02056,B49,,2025-11-11,3,0,sweetness,,0
R08153,H02104,B20,,2025-11-11,2,0,price,fizz,0
R08154,H02215,B42,,2025-11-11,4,1,ingredients,,0
R08155,H02263,B05,,2025-11-11,2,0,,crunch,0
R08156,H02278,B42,,2025-11-11,4,1,packaging,,0
R08157,H02458,B46,,2025-11-11,4,1,taste,,1
R08158,H02604,B43,,2025-11-11,4,1,taste,,0
R08159,H02772,B09,,2025-11-11,4,0,ingredients,,0
R08160,H02892,B11,,2025-11-11,3,1,refreshing,,1
R08161,H02981,B26,,2025-11-11,4,1,seasoning,,0
R08162,H02991,B29,,2025-11-11,4,0,portability,,0
R08163,H03077,B30,,2025-11-11,2,0,versatility,texture,0
R08164,H00484,B06,,2025-11-12,4,1,taste,,0
R08165,H00897,B04,,2025-11-12,3,0,price,,0
R08166,H01060,B29,,2025-11-12,3,0,,portability,0
R08167,H01070,B49,,2025-11-12,5,1,texture,,1
R08168,H01111,B45,,2025-11-12,1,0,,refreshing,0
R08169,H01233,B04,,2025-11-12,3,0,,portion size,0
R08170,H01236,B28,,2025-11-12,5,1,energy boost,,1
R08171,H01318,B07,,2025-11-12,3,0,,versatility,1
R08172,H01397,B26,,2025-11-12,2,0,,packaging,0
R08173,H01758,B02,,2025-11-12,3,0,,portion size,0
R08174,H01966,B08,,2025-11-12,3,0,,price,0
R08175,H02127,B27,,2025-11-12,5,1,jar size,,0
R08176,H02205,B31,,2025-11-12,4,1,heat,jar size,1
R08177,H02319,B39,,2025-11-12,2,0,,texture,0
R08178,H02381,B38,,2025-11-12,5,1,packaging,sweetness,1
R08179,H02478,B30,,2025-11-12,4,1,heat,,1
R08180,H02529,B08,,2025-11-12,4,1,price,,0
R08181,H02769,B23,,2025-11-12,2,0,,price,0
R08182,H02774,B35,,2025-11-12,2,0,,portability,0
R08183,H02835,B03,,2025-11-12,3,0,taste,,0
R08184,H02975,B20,,2025-11-12,3,0,,aftertaste,1
R08185,H03110,B06,,2025-11-12,3,1,,ingredients,0
R08186,H00161,B24,,2025-11-13,5,1,packaging,,1
R08187,H00168,B04,,2025-11-13,2,0,,crunch,0
R08188,H00206,B49,,2025-11-13,2,0,,texture,0
R08189,H00218,B28,,2025-11-13,1,0,energy boost,portability,0
R08190,H00240,B43,,2025-11-13,4,1,taste,,1
R08191,H00461,B19,,2025-11-13,5,1,price,heat,0
R08192,H00468,B05,,2025-11-13,3,1,,seasoning,1
R08193,H00479,B11,,2025-11-13,3,0,,sweetness,1
R08194,H00647,B38,,2025-11-13,3,0,,texture,0
R08195,H00702,B32,,2025-11-13,2,0,,design,1
R08196,H00791,B49,,2025-11-13,5,1,sweetness,,1
R08197,H00907,B16,,2025-11-13,5,1,aftertaste,taste,1
R08198,H00914,B25,,2025-11-13,4,1,price,,1
R08199,H01035,B46,,2025-11-13,5,1,fizz,packaging,1
R08200,H01046,B40,,2025-11-13,3,0,fizz,,1
R08201,H01129,B03,,2025-11-13,4,1,taste,,0
R08202,H01229,B05,,2025-11-13,2,0,price,portion size,0
R08203,H01234,B36,,2025-11-13,5,1,packaging,saltiness,0
R08204,H01303,B45,,2025-11-13,3,0,sweetness,,0
R08205,H01332,B39,,2025-11-13,5,1,texture,flavour depth,1
R08206,H01426,B21,,2025-11-13,4,1,refreshing,,0
R08207,H01519,B13,,2025-11-13,4,1,price,,1
R08208,H01544,B05,,2025-11-13,2,0,saltiness,crunch,0
R08209,H01891,B15,,2025-11-13,1,0,,packaging,0
R08210,H01910,B46,,2025-11-13,3,0,,sweetness,0
R08211,H01973,B46,,2025-11-13,4,1,aftertaste,,0
R08212,H02087,B19,,2025-11-13,4,1,price,,1
R08213,H02098,B42,,2025-11-13,2,0,,ingredients,0
R08214,H02171,B19,,2025-11-13,4,1,texture,,0
R08215,H02326,B05,,2025-11-13,3,0,,packaging,0
R08216,H02692,B16,,2025-11-13,2,1,,aftertaste,0
R08217,H02780,B14,,2025-11-13,5,0,fizz,,1
R08218,H02796,B05,,2025-11-13,3,1,price,,0
R08219,H02881,B07,,2025-11-13,3,0,price,,1
R08220,H00021,B22,,2025-11-14,5,1,sweetness,,1
R08221,H00032,B16,,2025-11-14,2,0,,refreshing,1
R08222,H00063,B26,,2025-11-14,4,1,seasoning,,1
R08223,H00190,B14,,2025-11-14,5,0,sweetness,fizz,0
R08224,H00208,B07,,2025-11-14,3,1,texture,,0
R08225,H00215,B04,,2025-11-14,2,0,,crunch,0
R08226,H00386,B04,,2025-11-14,3,0,,portion size,0
R08227,H00568,B32,,2025-11-14,3,0,,build quality,0
R08228,H00655,B46,,2025-11-14,4,1,taste,,1
R08229,H00819,B36,,2025-11-14,5,1,portion size,,1
R08230,H00946,B21,,2025-11-14,4,1,fizz,,0
R08231,H00963,B14,,2025-11-14,4,1,packaging,,0
R08232,H00969,B41,,2025-11-14,1,0,crunch,saltiness,0
R08233,H01081,B49,,2025-11-14,4,0,price,,0
R08234,H01147,B06,,2025-11-14,3,1,sweetness,,0
R08235,H01330,B13,,2025-11-14,4,0,sweetness,,1
R08236,H01401,B06,,2025-11-14,4,1,texture,price,1
R08237,H01451,B43,,2025-11-14,5,1,taste,,0
R08238,H01532,B07,,2025-11-14,3,0,versatility,,1
R08239,H01583,B25,,2025-11-14,1,0,,crunch,0
R08240,H01614,B38,,2025-11-14,4,1,price,,1
R08241,H01760,B19,,2025-11-14,4,0,price,,0
R08242,H01762,B41,,2025-11-14,3,1,,seasoning,1
R08243,H01796,B27,,2025-11-14,4,1,jar size,,0
R08244,H01842,B19,,2025-11-14,5,1,flavour depth,,1
R08245,H01890,B06,,2025-11-14,4,0,price,,0
R08246,H01942,B07,,2025-11-14,3,1,texture,,0
R08247,H02111,B04,,2025-11-14,3,0,,crunch,1
R08248,H02173,B21,,2025-11-14,3,0,,packaging,0
R08249,H02216,B12,,2025-11-14,3,0,refreshing,,0
R08250,H02250,B21,,2025-11-14,2,0,fizz,sweetness,0
R08251,H02260,B25,,2025-11-14,4,1,packaging,,1
R08252,H02373,B13,,2025-11-14,3,0,,price,0
R08253,H02499,B39,,2025-11-14,2,1,jar size,flavour depth,0
R08254,H02542,B24,,2025-11-14,3,0,,packaging,0
R08255,H02560,B01,,2025-11-14,3,0,packaging,,0
R08256,H02719,B42,,2025-11-14,2,0,aroma,strength,1
R08257,H02761,B18,,2025-11-14,4,1,sweetness,,0
R08258,H02836,B48,,2025-11-14,4,1,portion size,,0
R08259,H02845,B45,,2025-11-14,1,0,,packaging,0
R08260,H02899,B18,,2025-11-14,3,1,price,,0
R08261,H02918,B29,,2025-11-14,2,1,,portability,0
R08262,H02955,B26,,2025-11-14,4,1,portion size,,0
R08263,H00273,B09,,2025-11-15,2,0,,packaging,0
R08264,H00286,B12,,2025-11-15,4,0,price,,0
R08265,H00309,B10,,2025-11-15,4,0,ingredients,,0
R08266,H00489,B44,,2025-11-15,4,1,aftertaste,,1
R08267,H00665,B42,,2025-11-15,5,1,packaging,price,1
R08268,H00779,B07,,2025-11-15,4,1,price,,0
R08269,H00802,B13,,2025-11-15,3,1,,fizz,0
R08270,H01139,B39,,2025-11-15,4,1,versatility,,0
R08271,H01277,B04,,2025-11-15,2,0,,saltiness,0
R08272,H01283,B13,,2025-11-15,4,1,taste,,1
R08273,H01314,B10,,2025-11-15,5,1,taste,,1
R08274,H01340,B07,,2025-11-15,5,1,jar size,,0
R08275,H01365,B07,,2025-11-15,3,0,,flavour depth,0
R08276,H01842,B44,,2025-11-15,3,0,,taste,1
R08277,H01853,B15,,2025-11-15,4,1,fizz,,1
R08278,H01863,B44,,2025-11-15,3,0,fizz,,0
R08279,H01934,B02,,2025-11-15,5,1,saltiness,,1
R08280,H02178,B40,,2025-11-15,2,0,,price,0
R08281,H02219,B29,,2025-11-15,4,0,taste,,0
R08282,H02426,B32,,2025-11-15,5,1,usefulness,,1
R08283,H02495,B11,,2025-11-15,3,0,price,,0
R08284,H02509,B38,,2025-11-15,4,1,ingredients,,0
R08285,H02611,B18,,2025-11-15,5,1,price,,1
R08286,H02621,B29,,2025-11-15,3,1,,ingredients,0
R08287,H02689,B37,,2025-11-15,4,1,texture,,1
R08288,H02812,B35,,2025-11-15,4,1,taste,texture,0
R08289,H02836,B04,,2025-11-15,2,0,,crunch,0
R08290,H02875,B27,,2025-11-15,3,0,jar size,,1
R08291,H02890,B14,,2025-11-15,5,1,sweetness,,0
R08292,H00021,B42,,2025-11-16,3,0,,strength,1
R08293,H00025,B21,,2025-11-16,5,1,price,sweetness,1
R08294,H00031,B43,,2025-11-16,4,1,refreshing,,1
R08295,H00185,B40,,2025-11-16,4,1,taste,,0
R08296,H00226,B07,,2025-11-16,3,0,heat,,0
R08297,H00251,B13,,2025-11-16,3,1,price,,1
R08298,H00269,B06,,2025-11-16,2,0,price,ingredients,0
R08299,H00272,B26,,2025-11-16,3,0,seasoning,,0
R08300,H00291,B48,,2025-11-16,2,0,,seasoning,0
R08301,H00320,B11,,2025-11-16,3,0,,packaging,1
R08302,H00486,B06,,2025-11-16,4,0,packaging,,0
R08303,H00710,B30,,2025-11-16,4,1,texture,,1
R08304,H00807,B24,,2025-11-16,3,1,aroma,,0
R08305,H00909,B12,,2025-11-16,3,1,,price,0
R08306,H01036,B16,,2025-11-16,4,0,taste,,1
R08307,H01120,B23,,2025-11-16,3,0,,taste,1
R08308,H01241,B44,,2025-11-16,4,1,packaging,,0
R08309,H01255,B09,,2025-11-16,4,1,sweetness,,0
R08310,H01257,B13,,2025-11-16,4,1,refreshing,,1
R08311,H01305,B44,,2025-11-16,2,1,,fizz,0
R08312,H01356,B35,,2025-11-16,3,0,texture,,1
R08313,H01440,B26,,2025-11-16,3,1,,portion size,0
R08314,H01498,B12,,2025-11-16,5,1,fizz,,1
R08315,H01572,B35,,2025-11-16,5,1,texture,,1
R08316,H01902,B49,,2025-11-16,4,1,price,packaging,1
R08317,H02130,B16,,2025-11-16,2,0,refreshing,fizz,0
R08318,H02172,B22,,2025-11-16,1,0,,price,0
R08319,H02503,B25,,2025-11-16,3,0,crunch,,0
R08320,H02535,B46,,2025-11-16,3,0,,packaging,0
R08321,H02549,B16,,2025-11-16,5,1,price,fizz,1
R08322,H02586,B41,,2025-11-16,2,0,,portion size,0
R08323,H02855,B29,,2025-11-16,3,0,ingredients,,0
R08324,H02878,B07,,2025-11-16,4,1,flavour depth,,0
R08325,H02926,B23,,2025-11-16,5,1,price,,1
R08326,H03002,B29,,2025-11-16,4,1,taste,price,1
R08327,H03005,B37,,2025-11-16,2,0,,packaging,0
R08328,H03054,B01,,2025-11-16,3,0,,saltiness,0
R08329,H03086,B46,,2025-11-16,4,0,price,,0
R08330,H03123,B26,P039,2025-11-16,5,1,saltiness,,1
R08331,H00210,B17,,2025-11-17,3,1,,taste,1
R08332,H00894,B33,,2025-11-17,2,0,,price,1
R08333,H01053,B22,,2025-11-17,2,0,,texture,0
R08334,H01264,B39,,2025-11-17,3,0,,jar size,0
R08335,H01272,B48,,2025-11-17,4,1,portion size,,0
R08336,H01386,B14,,2025-11-17,4,1,aftertaste,,0
R08337,H01565,B30,,2025-11-17,3,0,heat,,0
R08338,H02022,B21,,2025-11-17,3,1,,taste,0
R08339,H02027,B35,,2025-11-17,2,0,,price,0
R08340,H02184,B19,,2025-11-17,5,1,jar size,,0
R08341,H02281,B45,,2025-11-17,4,0,taste,,0
R08342,H02353,B26,,2025-11-17,3,1,,portion size,1
R08343,H02490,B05,,2025-11-17,3,0,crunch,,0
R08344,H02491,B19,,2025-11-17,4,1,versatility,,0
R08345,H02527,B16,,2025-11-17,3,0,sweetness,,0
R08346,H02562,B37,,2025-11-17,5,1,ingredients,,1
R08347,H02573,B13,,2025-11-17,5,1,fizz,,1
R08348,H02615,B47,,2025-11-17,2,0,,packaging,0
R08349,H02711,B23,,2025-11-17,2,0,ingredients,sweetness,1
R08350,H02750,B44,,2025-11-17,4,1,packaging,,0
R08351,H03055,B42,,2025-11-17,3,0,taste,,0
R08352,H03124,B26,P039,2025-11-17,5,1,price,portion size,1
R08353,H03126,B03,P039,2025-11-17,3,1,,portability,0
R08354,H03126,B04,P039,2025-11-17,5,1,price,,0
R08355,H00105,B37,,2025-11-18,2,0,ingredients,packaging,0
R08356,H00284,B42,,2025-11-18,3,0,,aroma,1
R08357,H00373,B10,,2025-11-18,2,0,,strength,1
R08358,H00428,B03,,2025-11-18,3,1,,ingredients,0
R08359,H00474,B14,,2025-11-18,3,0,fizz,,0
R08360,H00560,B29,,2025-11-18,2,0,,taste,0
R08361,H00585,B09,,2025-11-18,1,0,,texture,0
R08362,H00735,B29,,2025-11-18,4,1,taste,,0
R08363,H00836,B28,,2025-11-18,4,0,portability,,1
R08364,H00918,B19,,2025-11-18,3,1,,jar size,1
R08365,H00943,B20,,2025-11-18,5,1,sweetness,,1
R08366,H00981,B22,,2025-11-18,2,0,ingredients,price,0
R08367,H01054,B10,,2025-11-18,4,1,aroma,,0
R08368,H01061,B21,,2025-11-18,4,0,fizz,,0
R08369,H01182,B46,,2025-11-18,2,0,,price,0
R08370,H02031,B12,,2025-11-18,2,0,aftertaste,packaging,0
R08371,H02074,B10,,2025-11-18,2,0,,price,0
R08372,H02105,B46,,2025-11-18,5,1,aftertaste,,1
R08373,H02122,B33,,2025-11-18,2,0,packaging,price,0
R08374,H02163,B18,,2025-11-18,5,1,price,sweetness,1
R08375,H02270,B06,,2025-11-18,5,1,ingredients,texture,1
R08376,H02280,B43,,2025-11-18,3,0,,aftertaste,0
R08377,H02317,B17,,2025-11-18,2,1,sweetness,packaging,0
R08378,H02373,B28,,2025-11-18,3,0,,ingredients,1
R08379,H02542,B08,,2025-11-18,3,0,,versatility,0
R08380,H02578,B38,,2025-11-18,3,1,taste,,0
R08381,H02746,B18,,2025-11-18,5,1,price,,1
R08382,H02824,B09,,2025-11-18,2,0,,ingredients,0
R08383,H02904,B47,,2025-11-18,4,1,sweetness,,0
R08384,H02981,B17,,2025-11-18,4,1,fizz,,0
R08385,H03023,B49,,2025-11-18,2,0,,taste,0
R08386,H03124,B03,P039,2025-11-18,4,0,ingredients,,1
R08387,H03125,B02,P039,2025-11-18,4,1,price,,0
R08388,H00023,B06,,2025-11-19,3,0,ingredients,,0
R08389,H00187,B18,,2025-11-19,3,0,aftertaste,,1
R08390,H00200,B35,,2025-11-19,1,0,,portability,0
R08391,H00384,B03,,2025-11-19,3,1,texture,,0
R08392,H00392,B01,,2025-11-19,2,0,price,saltiness,0
R08393,H00506,B28,,2025-11-19,4,1,energy boost,portability,0
R08394,H00602,B24,,2025-11-19,3,0,packaging,,0
R08395,H00634,B03,,2025-11-19,4,0,texture,portability,0
R08396,H00811,B43,,2025-11-19,3,0,,aftertaste,0
R08397,H00920,B03,,2025-11-19,5,1,energy boost,,1
R08398,H00968,B30,,2025-11-19,3,0,,jar size,1
R08399,H01401,B19,,2025-11-19,2,0,,price,0
R08400,H01423,B26,,2025-11-19,2,0,,saltiness,0
R08401,H01478,B25,,2025-11-19,2,0,seasoning,portion size,0
R08402,H01603,B04,,2025-11-19,3,1,,saltiness,0
R08403,H02239,B05,,2025-11-19,3,1,,packaging,0
R08404,H02304,B38,,2025-11-19,2,0,taste,sweetness,0
R08405,H02491,B27,,2025-11-19,4,0,versatility,,1
R08406,H02578,B06,,2025-11-19,2,1,,taste,0
R08407,H02748,B29,,2025-11-19,4,0,taste,,0
R08408,H02855,B30,,2025-11-19,4,1,heat,flavour depth,1
R08409,H02936,B46,,2025-11-19,2,0,,price,0
R08410,H00018,B27,,2025-11-20,3,1,,texture,0
R08411,H00039,B09,,2025-11-20,4,1,sweetness,,0
R08412,H00199,B03,,2025-11-20,2,0,,portability,0
R08413,H00587,B39,,2025-11-20,5,0,jar size,,1
R08414,H00696,B42,,2025-11-20,2,0,packaging,strength,0
R08415,H00858,B13,,2025-11-20,2,0,,aftertaste,0
R08416,H00946,B13,,2025-11-20,4,1,taste,,1
R08417,H01033,B14,,2025-11-20,4,1,fizz,,1
R08418,H01189,B12,,2025-11-20,5,1,sweetness,,0
R08419,H01295,B45,,2025-11-20,5,1,packaging,,1
R08420,H01365,B17,,2025-11-20,2,1,,refreshing,1
R08421,H01488,B33,,2025-11-20,1,0,,price,0
R08422,H01575,B35,,2025-11-20,3,1,ingredients,,1
R08423,H01633,B19,,2025-11-20,2,0,,price,0
R08424,H01694,B31,,2025-11-20,3,1,versatility,,0
R08425,H01927,B45,,2025-11-20,3,0,,price,1
R08426,H02139,B42,,2025-11-20,4,1,ingredients,,1
R08427,H02224,B49,,2025-11-20,5,1,sweetness,,0
R08428,H02248,B36,,2025-11-20,3,0,price,,0
R08429,H02252,B25,,2025-11-20,2,0,,seasoning,0
R08430,H02497,B11,,2025-11-20,5,1,taste,aftertaste,1
R08431,H02583,B31,,2025-11-20,3,1,versatility,,0
R08432,H02645,B25,,2025-11-20,4,0,crunch,,1
R08433,H02656,B34,,2025-11-20,4,0,taste,,0
R08434,H02717,B22,,2025-11-20,3,0,,texture,0
R08435,H02805,B39,,2025-11-20,4,1,flavour depth,,1
R08436,H02871,B06,,2025-11-20,2,0,texture,packaging,0
R08437,H02960,B34,,2025-11-20,4,0,packaging,,1
R08438,H03112,B47,,2025-11-20,3,1,,packaging,0
R08439,H03149,B44,,2025-11-20,4,1,sweetness,refreshing,0
R08440,H00014,B13,,2025-11-21,5,1,refreshing,aftertaste,1
R08441,H00016,B38,,2025-11-21,4,1,ingredients,,0
R08442,H00293,B34,,2025-11-21,3,0,,strength,0
R08443,H00425,B11,,2025-11-21,3,1,,sweetness,0
R08444,H00464,B43,,2025-11-21,3,0,,taste,0
R08445,H00534,B36,,2025-11-21,3,0,packaging,,0
R08446,H00585,B06,,2025-11-21,3,0,ingredients,,0
R08447,H00720,B13,,2025-11-21,3,1,price,,1
R08448,H00969,B48,,2025-11-21,4,0,packaging,,0
R08449,H01049,B19,,2025-11-21,3,0,versatility,,0
R08450,H01079,B06,,2025-11-21,3,0,ingredients,,0
R08451,H01086,B43,,2025-11-21,4,1,aftertaste,fizz,0
R08452,H01158,B43,,2025-11-21,4,1,fizz,,0
R08453,H01274,B04,,2025-11-21,2,0,,crunch,0
R08454,H01286,B27,,2025-11-21,4,1,flavour depth,,0
R08455,H01390,B47,,2025-11-21,4,1,ingredients,packaging,1
R08456,H01685,B44,,2025-11-21,1,0,,aftertaste,0
R08457,H01835,B25,,2025-11-21,3,0,saltiness,,0
R08458,H01980,B08,,2025-11-21,5,0,price,versatility,1
R08459,H02025,B35,,2025-11-21,2,0,,portability,1
R08460,H02113,B43,,2025-11-21,3,1,,taste,0
R08461,H02298,B48,,2025-11-21,2,0,,crunch,0
R08462,H02455,B07,,2025-11-21,5,1,heat,,1
R08463,H02560,B19,,2025-11-21,5,1,jar size,,1
R08464,H02652,B37,,2025-11-21,3,1,ingredients,,0
R08465,H03027,B24,,2025-11-21,4,1,strength,,1
R08466,H03057,B34,,2025-11-21,5,1,aroma,,1
R08467,H00133,B30,,2025-11-22,3,0,,texture,0
R08468,H00412,B29,,2025-11-22,3,1,ingredients,,0
R08469,H00488,B40,,2025-11-22,5,1,price,,1
R08470,H00604,B16,,2025-11-22,4,1,aftertaste,,0
R08471,H00905,B16,,2025-11-22,2,0,packaging,refreshing,1
R08472,H00988,B23,,2025-11-22,1,0,texture,price,0
R08473,H00995,B33,,2025-11-22,2,0,,taste,0
R08474,H01007,B09,,2025-11-22,4,1,texture,taste,0
R08475,H01339,B22,,2025-11-22,3,0,taste,,0
R08476,H01895,B07,,2025-11-22,4,1,jar size,heat,0
R08477,H02247,B43,,2025-11-22,5,1,sweetness,,0
R08478,H02268,B16,,2025-11-22,2,1,,sweetness,0
R08479,H02292,B39,,2025-11-22,4,1,texture,,0
R08480,H02409,B14,,2025-11-22,2,0,,aftertaste,0
R08481,H02410,B16,,2025-11-22,5,1,fizz,taste,1
R08482,H02448,B19,,2025-11-22,3,0,jar size,,0
R08483,H02457,B19,,2025-11-22,3,1,flavour depth,,0
R08484,H02491,B30,,2025-11-22,3,0,heat,,0
R08485,H02656,B24,,2025-11-22,2,0,packaging,ingredients,0
R08486,H02673,B25,,2025-11-22,4,1,portion size,,0
R08487,H02703,B23,,2025-11-22,3,0,,sweetness,0
R08488,H02750,B46,,2025-11-22,5,1,fizz,,1
R08489,H02813,B25,,2025-11-22,2,1,,saltiness,0
R08490,H03008,B15,,2025-11-22,4,1,refreshing,,0
R08491,H03032,B14,,2025-11-22,3,0,price,,0
R08492,H03052,B38,,2025-11-22,4,0,ingredients,,0
R08493,H03067,B44,,2025-11-22,3,0,,refreshing,0
R08494,H03099,B04,,2025-11-22,3,0,,portion size,0
R08495,H03130,B13,,2025-11-22,3,0,,fizz,0
R08496,H03151,B32,,2025-11-22,4,0,build quality,,0
R08497,H03160,B02,P040,2025-11-22,5,1,crunch,seasoning,1
R08498,H00305,B01,,2025-11-23,4,1,portion size,,1
R08499,H00658,B47,,2025-11-23,5,1,texture,,1
R08500,H00755,B02,,2025-11-23,3,1,,seasoning,0
R08501,H00778,B49,,2025-11-23,1,0,,sweetness,0
R08502,H00795,B45,,2025-11-23,3,0,price,,0
R08503,H00909,B29,,2025-11-23,4,1,taste,portability,1
R08504,H01025,B20,,2025-11-23,2,0,,price,0
R08505,H01057,B20,,2025-11-23,3,1,sweetness,,1
R08506,H01076,B12,,2025-11-23,4,1,fizz,,0
R08507,H01306,B02,,2025-11-23,4,0,seasoning,,0
R08508,H01316,B01,,2025-11-23,4,0,price,,0
R08509,H01347,B35,,2025-11-23,3,0,,portability,0
R08510,H01390,B14,,2025-11-23,2,1,,refreshing,0
R08511,H01772,B19,,2025-11-23,4,1,heat,,0
R08512,H01801,B08,,2025-11-23,4,1,price,texture,0
R08513,H01829,B26,,2025-11-23,3,1,,saltiness,1
R08514,H01958,B17,,2025-11-23,3,1,taste,,0
R08515,H02096,B19,,2025-11-23,5,1,heat,price,0
R08516,H02531,B24,,2025-11-23,3,1,,price,0
R08517,H02625,B14,,2025-11-23,4,0,aftertaste,refreshing,0
R08518,H02837,B30,,2025-11-23,2,0,,heat,0
R08519,H02885,B01,,2025-11-23,4,0,crunch,,1
R08520,H03027,B48,,2025-11-23,4,0,price,,0
R08521,H03079,B43,,2025-11-23,4,1,packaging,,0
R08522,H03156,B02,P040,2025-11-23,4,1,price,packaging,0
R08523,H03180,B20,,2025-11-23,4,1,price,,0
R08524,H00096,B43,,2025-11-24,5,1,price,,1
R08525,H00119,B13,,2025-11-24,5,1,sweetness,,0
R08526,H00193,B21,,2025-11-24,3,0,taste,,0
R08527,H00246,B29,,2025-11-24,4,1,portability,,1
R08528,H00419,B20,,2025-11-24,5,1,packaging,,1
R08529,H00461,B43,,2025-11-24,4,1,aftertaste,,0
R08530,H00513,B49,,2025-11-24,3,0,texture,,0
R08531,H00553,B38,,2025-11-24,3,0,,texture,0
R08532,H00743,B14,,2025-11-24,5,1,refreshing,sweetness,0
R08533,H00803,B13,,2025-11-24,1,0,,aftertaste,0
R08534,H00825,B03,,2025-11-24,2,1,,energy boost,0
R08535,H01003,B34,,2025-11-24,3,0,,taste,0
R08536,H01182,B28,,2025-11-24,3,1,price,,0
R08537,H01288,B31,,2025-11-24,5,1,versatility,,1
R08538,H01516,B36,,2025-11-24,2,0,,packaging,0
R08539,H01662,B44,,2025-11-24,5,1,sweetness,,1
R08540,H01703,B07,,2025-11-24,1,0,,jar size,0
R08541,H01942,B36,,2025-11-24,4,1,seasoning,,0
R08542,H01967,B29,,2025-11-24,2,0,texture,energy boost,0
R08543,H01987,B34,,2025-11-24,5,0,packaging,,0
R08544,H02035,B39,,2025-11-24,3,0,price,,0
R08545,H02065,B08,,2025-11-24,4,0,texture,,1
R08546,H02214,B14,,2025-11-24,3,1,aftertaste,,0
R08547,H02379,B02,,2025-11-24,4,1,price,,1
R08548,H02541,B43,,2025-11-24,5,1,packaging,sweetness,1
R08549,H02610,B49,,2025-11-24,3,1,,texture,0
R08550,H02649,B39,,2025-11-24,2,0,,texture,0
R08551,H02662,B35,,2025-11-24,2,0,,taste,0
R08552,H02730,B26,,2025-11-24,4,1,packaging,,1
R08553,H02822,B44,,2025-11-24,3,0,packaging,,1
R08554,H03047,B31,,2025-11-24,4,1,texture,price,0
R08555,H03118,B23,,2025-11-24,3,0,ingredients,,1
R08556,H03157,B03,P040,2025-11-24,4,1,portability,,0
R08557,H03157,B26,P040,2025-11-24,3,0,,price,0
R08558,H00202,B02,,2025-11-25,5,1,portion size,,1
R08559,H00362,B39,,2025-11-25,5,1,price,,1
R08560,H00384,B30,,2025-11-25,3,1,price,,0
R08561,H00601,B39,,2025-11-25,2,0,,flavour depth,0
R08562,H00640,B06,,2025-11-25,3,0,,packaging,0
R08563,H00680,B41,,2025-11-25,5,1,packaging,portion size,0
R08564,H00763,B15,,2025-11-25,4,0,refreshing,,0
R08565,H00938,B43,,2025-11-25,4,1,sweetness,,0
R08566,H01073,B26,,2025-11-25,4,0,saltiness,,0
R08567,H01140,B19,,2025-11-25,4,1,flavour depth,,0
R08568,H01185,B30,,2025-11-25,3,0,price,,1
R08569,H01522,B24,,2025-11-25,4,1,strength,,1
R08570,H01549,B46,,2025-11-25,5,1,fizz,sweetness,1
R08571,H01670,B01,,2025-11-25,4,1,crunch,,0
R08572,H02062,B21,,2025-11-25,4,1,price,,1
R08573,H02090,B30,,2025-11-25,4,1,texture,,1
R08574,H02125,B44,,2025-11-25,3,1,,sweetness,0
R08575,H02215,B16,,2025-11-25,5,1,sweetness,aftertaste,1
R08576,H02285,B16,,2025-11-25,4,0,aftertaste,,0
R08577,H02416,B47,,2025-11-25,3,0,,texture,0
R08578,H02419,B46,,2025-11-25,5,1,sweetness,,0
R08579,H02503,B24,,2025-11-25,4,0,taste,strength,0
R08580,H02554,B18,,2025-11-25,3,1,,fizz,1
R08581,H02902,B19,,2025-11-25,4,0,flavour depth,texture,0
R08582,H02945,B33,,2025-11-25,2,0,sweetness,taste,0
R08583,H02951,B42,,2025-11-25,2,0,,price,0
R08584,H03155,B03,P040,2025-11-25,3,1,taste,,0
R08585,H03156,B04,P040,2025-11-25,5,1,portion size,,0
R08586,H03156,B26,P040,2025-11-25,4,1,seasoning,,0
R08587,H00080,B02,,2025-11-26,3,1,,price,0
R08588,H00155,B34,,2025-11-26,4,0,price,,1
R08589,H00308,B48,,2025-11-26,4,0,packaging,,0
R08590,H00402,B25,,2025-11-26,4,1,crunch,price,0
R08591,H00409,B16,,2025-11-26,2,0,,price,0
R08592,H00607,B19,,2025-11-26,5,1,price,texture,1
R08593,H00609,B46,,2025-11-26,4,0,packaging,,0
R08594,H00666,B20,,2025-11-26,3,0,fizz,,0
R08595,H00968,B43,,2025-11-26,3,0,aftertaste,,0
R08596,H01171,B19,,2025-11-26,5,1,jar size,,1
R08597,H01252,B43,,2025-11-26,4,1,price,,1
R08598,H01502,B42,,2025-11-26,4,1,aroma,ingredients,0
R08599,H01722,B13,,2025-11-26,3,1,aftertaste,,0
R08600,H01750,B43,,2025-11-26,5,1,fizz,,1
R08601,H01893,B38,,2025-11-26,2,0,,packaging,0
R08602,H01913,B10,,2025-11-26,4,1,price,,1
R08603,H02191,B49,,2025-11-26,4,0,ingredients,,0
R08604,H02198,B29,,2025-11-26,3,1,ingredients,,0
R08605,H02250,B19,,2025-11-26,4,0,jar size,,1
R08606,H02293,B05,,2025-11-26,2,0,,seasoning,0
R08607,H02336,B22,,2025-11-26,4,1,taste,,0
R08608,H02525,B47,,2025-11-26,3,1,,taste,0
R08609,H02781,B10,,2025-11-26,2,0,,price,0
R08610,H03021,B47,,2025-11-26,3,0,price,,0
R08611,H03121,B48,,2025-11-26,4,1,crunch,packaging,0
R08612,H03125,B14,,2025-11-26,3,0,price,,0
R08613,H03157,B02,P040,2025-11-26,3,0,crunch,,0
R08614,H03158,B26,P040,2025-11-26,4,1,crunch,,0
R08615,H03161,B03,P040,2025-11-26,5,1,energy boost,,0
R08616,H00082,B28,,2025-11-27,3,1,ingredients,,0
R08617,H00151,B01,,2025-11-27,2,0,,packaging,0
R08618,H00175,B07,,2025-11-27,5,1,versatility,,0
R08619,H00256,B43,,2025-11-27,5,1,aftertaste,,1
R08620,H00642,B21,,2025-11-27,4,1,taste,fizz,0
R08621,H00696,B03,,2025-11-27,3,1,,ingredients,1
R08622,H00927,B04,,2025-11-27,3,0,saltiness,,0
R08623,H01030,B38,,2025-11-27,3,0,texture,,0
R08624,H01037,B18,,2025-11-27,3,1,,sweetness,0
R08625,H01531,B09,,2025-11-27,3,0,,price,0
R08626,H01542,B07,,2025-11-27,4,1,heat,jar size,1
R08627,H01768,B10,,2025-11-27,5,1,taste,ingredients,1
R08628,H01799,B24,,2025-11-27,5,1,taste,,1
R08629,H02020,B33,,2025-11-27,2,0,sweetness,taste,0
R08630,H02090,B18,,2025-11-27,4,0,taste,,1
R08631,H02372,B23,,2025-11-27,2,0,,ingredients,0
R08632,H02470,B25,,2025-11-27,2,1,,saltiness,0
R08633,H02475,B24,,2025-11-27,3,1,ingredients,,1
R08634,H02623,B07,,2025-11-27,3,0,heat,,0
R08635,H02823,B33,,2025-11-27,3,1,aftertaste,,0
R08636,H02900,B27,,2025-11-27,3,1,price,,0
R08637,H02940,B25,,2025-11-27,1,0,,seasoning,0
R08638,H02984,B01,,2025-11-27,5,1,packaging,,0
R08639,H02984,B36,,2025-11-27,3,1,,saltiness,0
R08640,H03101,B32,,2025-11-27,3,0,size,,0
R08641,H00142,B36,,2025-11-28,4,1,price,,1
R08642,H00161,B47,,2025-11-28,4,0,taste,,1
R08643,H00185,B04,,2025-11-28,1,0,,crunch,0
R08644,H00223,B25,,2025-11-28,2,0,,price,0
R08645,H00253,B45,,2025-11-28,2,1,,fizz,0
R08646,H00421,B19,,2025-11-28,2,0,flavour depth,heat,0
R08647,H00649,B01,,2025-11-28,2,0,packaging,seasoning,0
R08648,H00724,B48,,2025-11-28,5,1,price,,1
R08649,H00752,B36,,2025-11-28,3,0,portion size,,1
R08650,H00812,B09,,2025-11-28,5,0,ingredients,,1
R08651,H01208,B08,,2025-11-28,2,0,,versatility,0
R08652,H01244,B13,,2025-11-28,3,0,,taste,0
R08653,H01264,B42,,2025-11-28,2,0,,packaging,0
R08654,H01298,B49,,2025-11-28,4,1,price,,1
R08655,H01356,B48,,2025-11-28,4,1,saltiness,,0
R08656,H01473,B41,,2025-11-28,3,1,,seasoning,0
R08657,H01540,B35,,2025-11-28,3,1,price,,1
R08658,H01671,B02,,2025-11-28,4,1,packaging,,1
R08659,H01809,B42,,2025-11-28,3,1,aroma,,1
R08660,H01830,B17,,2025-11-28,5,1,refreshing,,1
R08661,H01898,B23,,2025-11-28,1,0,,sweetness,0
R08662,H02056,B24,,2025-11-28,4,1,strength,,0
R08663,H02432,B09,,2025-11-28,4,1,taste,,1
R08664,H02708,B16,,2025-11-28,3,0,,refreshing,0
R08665,H02740,B44,,2025-11-28,3,0,,taste,0
R08666,H02850,B01,,2025-11-28,5,1,crunch,,1
R08667,H03198,B32,,2025-11-28,2,0,,design,0
R08668,H00004,B48,,2025-11-29,3,1,,packaging,0
R08669,H00168,B16,,2025-11-29,4,1,sweetness,,0
R08670,H00544,B14,,2025-11-29,3,1,taste,,0
R08671,H00559,B35,,2025-11-29,2,0,,energy boost,0
R08672,H00767,B33,,2025-11-29,4,1,refreshing,,1
R08673,H00777,B46,,2025-11-29,5,1,sweetness,,1
R08674,H00814,B04,,2025-11-29,3,0,crunch,,1
R08675,H00991,B18,,2025-11-29,5,1,aftertaste,,1
R08676,H01265,B44,,2025-11-29,2,0,aftertaste,taste,0
R08677,H01338,B08,,2025-11-29,4,1,texture,,1
R08678,H01530,B18,,2025-11-29,2,0,,taste,0
R08679,H01677,B19,,2025-11-29,4,1,heat,,1
R08680,H01982,B47,,2025-11-29,4,1,texture,taste,1
R08681,H02351,B08,,2025-11-29,3,1,heat,,0
R08682,H02385,B45,,2025-11-29,3,0,,aftertaste,0
R08683,H02408,B32,,2025-11-29,2,0,,size,0
R08684,H02576,B41,,2025-11-29,3,0,,crunch,0
R08685,H02633,B47,,2025-11-29,4,0,ingredients,price,0
R08686,H02781,B39,,2025-11-29,4,1,texture,,0
R08687,H02902,B24,,2025-11-29,2,0,,aroma,0
R08688,H03144,B31,,2025-11-29,2,0,heat,versatility,0
R08689,H00001,B43,,2025-11-30,3,1,price,,0
R08690,H00446,B32,,2025-11-30,3,0,design,,1
R08691,H00474,B25,,2025-11-30,2,0,,saltiness,0
R08692,H00727,B24,,2025-11-30,3,0,,strength,0
R08693,H00876,B02,,2025-11-30,4,1,saltiness,,0
R08694,H00996,B17,,2025-11-30,3,0,,refreshing,0
R08695,H01079,B31,,2025-11-30,4,1,jar size,,1
R08696,H01207,B14,,2025-11-30,1,0,,fizz,0
R08697,H01244,B30,,2025-11-30,4,0,texture,jar size,1
R08698,H01258,B03,,2025-11-30,3,1,,ingredients,0
R08699,H01327,B49,,2025-11-30,3,1,sweetness,,0
R08700,H01572,B17,,2025-11-30,4,1,sweetness,,1
R08701,H01639,B29,,2025-11-30,3,1,texture,,0
R08702,H01733,B35,,2025-11-30,3,1,portability,,0
R08703,H01860,B39,,2025-11-30,5,1,price,,1
R08704,H01983,B24,,2025-11-30,5,1,strength,,1
R08705,H02070,B37,,2025-11-30,3,0,,taste,0
R08706,H02078,B05,,2025-11-30,3,1,,crunch,0
R08707,H02188,B26,,2025-11-30,4,1,seasoning,,0
R08708,H02207,B19,,2025-11-30,4,1,texture,,0
R08709,H02293,B37,,2025-11-30,3,0,texture,,0
R08710,H02363,B38,,2025-11-30,3,1,,packaging,0
R08711,H02577,B34,,2025-11-30,4,0,packaging,,0
R08712,H02838,B20,,2025-11-30,3,0,packaging,,0
R08713,H03073,B14,,2025-11-30,4,1,price,,1
R08714,H00001,B24,,2025-12-01,3,1,aroma,,0
R08715,H00023,B23,,2025-12-01,3,0,price,,0
R08716,H00086,B47,,2025-12-01,2,0,,price,0
R08717,H00172,B14,,2025-12-01,2,1,aftertaste,sweetness,0
R08718,H00631,B30,,2025-12-01,2,0,,jar size,0
R08719,H00718,B20,,2025-12-01,2,0,refreshing,sweetness,0
R08720,H01143,B19,,2025-12-01,1,0,,flavour depth,0
R08721,H01294,B18,,2025-12-01,2,0,fizz,aftertaste,0
R08722,H01335,B30,,2025-12-01,5,1,texture,,1
R08723,H01405,B19,,2025-12-01,5,1,price,,0
R08724,H01483,B19,,2025-12-01,3,0,flavour depth,,1
R08725,H01741,B07,,2025-12-01,4,0,jar size,,0
R08726,H01749,B04,,2025-12-01,2,0,,packaging,0
R08727,H02013,B37,,2025-12-01,3,0,,ingredients,0
R08728,H02036,B26,,2025-12-01,3,1,,price,0
R08729,H02040,B43,,2025-12-01,3,0,aftertaste,,0
R08730,H02085,B34,,2025-12-01,2,0,,price,0
R08731,H02573,B23,,2025-12-01,3,0,texture,,1
R08732,H02606,B15,,2025-12-01,3,0,sweetness,,1
R08733,H03093,B13,,2025-12-01,1,0,,refreshing,0
R08734,H00099,B43,,2025-12-02,4,1,price,,0
R08735,H00102,B01,,2025-12-02,3,1,,portion size,0
R08736,H00173,B08,,2025-12-02,4,1,flavour depth,,1
R08737,H00185,B25,,2025-12-02,2,0,packaging,portion size,0
R08738,H00289,B46,,2025-12-02,4,1,taste,,0
R08739,H00333,B14,,2025-12-02,3,1,,packaging,0
R08740,H00561,B45,,2025-12-02,3,1,fizz,,0
R08741,H00566,B27,,2025-12-02,5,1,jar size,,1
R08742,H00631,B05,,2025-12-02,1,0,,seasoning,0
R08743,H00632,B28,,2025-12-02,4,1,texture,,0
R08744,H00803,B43,,2025-12-02,3,0,aftertaste,,0
R08745,H00910,B08,,2025-12-02,3,0,jar size,,0
R08746,H01190,B17,,2025-12-02,4,0,sweetness,price,1
R08747,H01383,B02,,2025-12-02,4,1,saltiness,,1
R08748,H01429,B39,,2025-12-02,2,0,,jar size,0
R08749,H01438,B46,,2025-12-02,4,0,packaging,,0
R08750,H01449,B29,,2025-12-02,3,0,,price,0
R08751,H01526,B37,,2025-12-02,5,1,packaging,taste,1
R08752,H01633,B25,,2025-12-02,2,0,,crunch,1
R08753,H01663,B38,,2025-12-02,5,1,taste,,0
R08754,H01745,B13,,2025-12-02,2,0,,refreshing,0
R08755,H01750,B38,,2025-12-02,4,1,sweetness,,0
R08756,H01796,B47,,2025-12-02,4,1,packaging,,0
R08757,H01918,B19,,2025-12-02,1,0,,price,0
R08758,H02049,B24,,2025-12-02,4,1,price,,0
R08759,H02174,B21,,2025-12-02,5,1,refreshing,,0
R08760,H02255,B15,,2025-12-02,3,1,taste,,0
R08761,H02273,B30,,2025-12-02,3,0,,versatility,1
R08762,H02414,B41,,2025-12-02,3,0,,saltiness,0
R08763,H02444,B44,,2025-12-02,3,1,,price,0
R08764,H02716,B36,,2025-12-02,1,0,,seasoning,0
R08765,H02735,B14,,2025-12-02,5,1,packaging,,1
R08766,H03014,B43,,2025-12-02,4,0,packaging,,1
R08767,H03057,B47,,2025-12-02,2,0,,price,0
R08768,H03068,B26,,2025-12-02,3,0,seasoning,,0
R08769,H03198,B34,,2025-12-02,5,1,aroma,packaging,0
R08770,H03210,B14,,2025-12-02,4,1,sweetness,,0
R08771,H00209,B08,,2025-12-03,2,0,versatility,heat,0
R08772,H00219,B45,,2025-12-03,2,0,,sweetness,0
R08773,H00315,B42,,2025-12-03,2,0,,aroma,0
R08774,H00322,B32,,2025-12-03,5,1,price,,1
R08775,H00618,B22,,2025-12-03,3,0,,texture,0
R08776,H00710,B03,,2025-12-03,4,1,texture,,0
R08777,H00762,B44,,2025-12-03,4,1,price,,0
R08778,H01070,B13,,2025-12-03,4,1,fizz,,0
R08779,H01184,B19,,2025-12-03,5,1,heat,,1
R08780,H01247,B43,,2025-12-03,3,0,taste,,0
R08781,H01358,B14,,2025-12-03,4,1,price,,0
R08782,H01516,B10,,2025-12-03,3,1,,taste,0
R08783,H01646,B35,,2025-12-03,4,0,texture,ingredients,0
R08784,H01858,B24,,2025-12-03,5,1,ingredients,,0
R08785,H01877,B42,,2025-12-03,3,1,,price,0
R08786,H01894,B22,,2025-12-03,4,1,packaging,taste,0
R08787,H02299,B43,,2025-12-03,5,1,sweetness,packaging,0
R08788,H02338,B33,,2025-12-03,3,0,price,,1
R08789,H02468,B29,,2025-12-03,5,1,energy boost,,1
R08790,H02618,B33,,2025-12-03,5,1,taste,,1
R08791,H02778,B04,,2025-12-03,5,1,crunch,,1
R08792,H02797,B07,,2025-12-03,4,1,flavour depth,,1
R08793,H03145,B23,,2025-12-03,5,1,ingredients,taste,1
R08794,H00021,B30,,2025-12-04,1,0,,jar size,0
R08795,H00081,B28,,2025-12-04,3,0,texture,,0
R08796,H00316,B19,,2025-12-04,5,1,price,,0
R08797,H00318,B09,,2025-12-04,4,1,packaging,sweetness,1
R08798,H00374,B39,,2025-12-04,3,1,,price,0
R08799,H00536,B38,,2025-12-04,3,0,,taste,1
R08800,H00573,B43,,2025-12-04,4,0,refreshing,,0
R08801,H00642,B24,,2025-12-04,5,1,ingredients,,1
R08802,H00791,B40,,2025-12-04,4,1,sweetness,,0
R08803,H01008,B44,,2025-12-04,3,0,,taste,0
R08804,H01173,B19,,2025-12-04,4,1,price,,0
R08805,H01255,B24,,2025-12-04,4,1,aroma,price,1
R08806,H01306,B39,,2025-12-04,5,1,jar size,,1
R08807,H01634,B04,,2025-12-04,3,0,,packaging,0
R08808,H01752,B04,,2025-12-04,3,0,,price,1
R08809,H01969,B12,,2025-12-04,2,0,,aftertaste,1
R08810,H02172,B27,,2025-12-04,5,1,flavour depth,heat,1
R08811,H02201,B08,,2025-12-04,2,0,,heat,0
R08812,H02329,B06,,2025-12-04,3,0,,taste,0
R08813,H02366,B07,,2025-12-04,2,0,,jar size,0
R08814,H02439,B17,,2025-12-04,4,1,packaging,refreshing,1
R08815,H02447,B34,,2025-12-04,5,1,aroma,,0
R08816,H02510,B44,,2025-12-04,2,1,sweetness,taste,0
R08817,H02539,B20,,2025-12-04,2,0,,taste,0
R08818,H02624,B02,,2025-12-04,3,0,,saltiness,0
R08819,H02652,B29,,2025-12-04,4,1,taste,,0
R08820,H02706,B43,,2025-12-04,3,1,,taste,0
R08821,H02723,B13,,2025-12-04,4,0,packaging,,0
R08822,H02931,B26,,2025-12-04,2,0,,packaging,0
R08823,H02959,B09,,2025-12-04,1,0,,texture,0
R08824,H02983,B29,,2025-12-04,2,0,,taste,0
R08825,H03059,B19,,2025-12-04,5,1,versatility,,1
R08826,H03159,B41,,2025-12-04,3,0,seasoning,,0
R08827,H00038,B49,,2025-12-05,2,0,,texture,0
R08828,H00129,B11,,2025-12-05,4,1,sweetness,,0
R08829,H00582,B29,,2025-12-05,4,1,taste,,1
R08830,H00587,B48,,2025-12-05,4,1,price,,0
R08831,H00604,B01,,2025-12-05,1,0,,seasoning,0
R08832,H00648,B09,,2025-12-05,5,1,ingredients,,1
R08833,H00782,B08,,2025-12-05,3,1,jar size,,0
R08834,H00830,B01,,2025-12-05,5,1,seasoning,,0
R08835,H00888,B01,,2025-12-05,3,1,,crunch,0
R08836,H00925,B26,,2025-12-05,2,0,,crunch,0
R08837,H00947,B46,,2025-12-05,4,1,taste,,0
R08838,H01085,B39,,2025-12-05,4,1,flavour depth,,0
R08839,H01142,B49,,2025-12-05,3,0,texture,,0
R08840,H01387,B40,,2025-12-05,1,0,,price,0
R08841,H01440,B49,,2025-12-05,3,1,,sweetness,0
R08842,H01526,B25,,2025-12-05,5,1,seasoning,,0
R08843,H01655,B46,,2025-12-05,3,1,price,,0
R08844,H01812,B14,,2025-12-05,4,1,refreshing,,1
R08845,H01888,B38,,2025-12-05,4,1,packaging,,0
R08846,H01989,B08,,2025-12-05,5,1,price,,1
R08847,H01993,B22,,2025-12-05,3,0,taste,,0
R08848,H02198,B04,,2025-12-05,4,1,crunch,,1
R08849,H02347,B24,,2025-12-05,2,0,,packaging,0
R08850,H02664,B24,,2025-12-05,3,0,taste,,0
R08851,H02674,B35,,2025-12-05,2,0,texture,portability,0
R08852,H02676,B38,,2025-12-05,2,0,,packaging,0
R08853,H02685,B23,,2025-12-05,4,1,price,ingredients,0
R08854,H02694,B13,,2025-12-05,5,1,aftertaste,packaging,1
R08855,H02947,B07,,2025-12-05,3,0,texture,,0
R08856,H03018,B19,,2025-12-05,4,1,heat,,0
R08857,H03115,B33,,2025-12-05,1,0,,refreshing,0
R08858,H03188,B39,,2025-12-05,4,1,jar size,,1
R08859,H00021,B05,,2025-12-06,4,1,packaging,,1
R08860,H00045,B22,,2025-12-06,4,1,price,,0
R08861,H00057,B02,,2025-12-06,2,1,seasoning,portion size,0
R08862,H00203,B08,,2025-12-06,3,0,,texture,1
R08863,H00453,B15,,2025-12-06,4,1,packaging,,0
R08864,H00684,B02,,2025-12-06,4,1,crunch,,0
R08865,H00798,B27,,2025-12-06,4,1,flavour depth,,0
R08866,H00952,B27,,2025-12-06,5,1,versatility,,1
R08867,H01355,B19,,2025-12-06,5,0,versatility,,0
R08868,H01453,B28,,2025-12-06,5,1,texture,,1
R08869,H01513,B39,,2025-12-06,5,1,heat,,1
R08870,H01681,B30,,2025-12-06,1,0,,versatility,0
R08871,H01712,B42,,2025-12-06,5,1,packaging,,1
R08872,H01723,B20,,2025-12-06,4,1,aftertaste,,0
R08873,H01756,B19,,2025-12-06,3,1,heat,,0
R08874,H01935,B43,,2025-12-06,4,1,price,,0
R08875,H01945,B27,,2025-12-06,5,1,texture,,1
R08876,H01989,B41,,2025-12-06,4,0,price,,0
R08877,H02061,B27,,2025-12-06,4,0,flavour depth,,1
R08878,H02314,B35,,2025-12-06,2,1,price,taste,0
R08879,H02609,B49,,2025-12-06,3,0,,sweetness,0
R08880,H02867,B07,,2025-12-06,3,1,texture,,0
R08881,H03141,B39,,2025-12-06,2,0,texture,jar size,0
R08882,H00002,B26,,2025-12-07,4,0,saltiness,,0
R08883,H00100,B17,,2025-12-07,4,1,price,,1
R08884,H00149,B38,,2025-12-07,4,1,taste,,0
R08885,H00197,B28,,2025-12-07,3,0,,portability,0
R08886,H00636,B24,,2025-12-07,5,0,strength,packaging,1
R08887,H00774,B45,,2025-12-07,4,1,price,,1
R08888,H01240,B25,,2025-12-07,5,0,saltiness,,1
R08889,H01348,B28,,2025-12-07,3,1,,ingredients,0
R08890,H01349,B44,,2025-12-07,2,0,,taste,1
R08891,H01390,B29,,2025-12-07,3,1,portability,,0
R08892,H01635,B20,,2025-12-07,5,1,taste,,1
R08893,H01647,B41,,2025-12-07,2,0,saltiness,price,0
R08894,H01783,B04,,2025-12-07,3,1,packaging,,1
R08895,H01843,B12,,2025-12-07,5,1,refreshing,,1
R08896,H02332,B39,,2025-12-07,4,0,versatility,,1
R08897,H02364,B22,,2025-12-07,3,1,,price,1
R08898,H02388,B43,,2025-12-07,4,0,packaging,,0
R08899,H02853,B13,,2025-12-07,2,0,,aftertaste,1
R08900,H02870,B24,,2025-12-07,3,1,aroma,,0
R08901,H02906,B43,,2025-12-07,2,0,,price,0
R08902,H02957,B24,,2025-12-07,4,1,price,aroma,1
R08903,H03065,B25,,2025-12-07,3,0,,crunch,0
R08904,H03065,B19,,2025-12-07,4,1,versatility,,0
R08905,H00106,B04,,2025-12-08,2,0,,seasoning,1
R08906,H00143,B18,,2025-12-08,4,0,aftertaste,,0
R08907,H00294,B04,,2025-12-08,2,1,,portion size,0
R08908,H00722,B28,,2025-12-08,5,1,price,,1
R08909,H00911,B03,,2025-12-08,5,1,portability,,1
R08910,H01246,B29,,2025-12-08,2,1,,texture,0
R08911,H01424,B31,,2025-12-08,5,1,versatility,,1
R08912,H01599,B20,,2025-12-08,2,0,,aftertaste,0
R08913,H01809,B41,,2025-12-08,3,0,seasoning,,1
R08914,H01845,B38,,2025-12-08,3,1,packaging,,1
R08915,H01955,B49,,2025-12-08,3,1,,packaging,0
R08916,H02213,B20,,2025-12-08,5,1,taste,,1
R08917,H02382,B16,,2025-12-08,4,1,price,,0
R08918,H02458,B43,,2025-12-08,4,1,packaging,price,0
R08919,H02784,B48,,2025-12-08,5,1,seasoning,,1
R08920,H02795,B22,,2025-12-08,4,1,ingredients,,1
R08921,H00019,B43,,2025-12-09,5,1,packaging,,1
R08922,H00025,B36,,2025-12-09,3,1,,price,0
R08923,H00071,B28,,2025-12-09,4,0,taste,,1
R08924,H00129,B40,,2025-12-09,2,0,,price,0
R08925,H00399,B02,,2025-12-09,3,0,,seasoning,0
R08926,H00430,B28,,2025-12-09,3,0,texture,,1
R08927,H00604,B09,,2025-12-09,3,0,texture,,1
R08928,H00637,B40,,2025-12-09,4,0,packaging,taste,1
R08929,H00846,B26,,2025-12-09,4,0,seasoning,,0
R08930,H00924,B25,,2025-12-09,2,1,,seasoning,0
R08931,H01068,B24,,2025-12-09,3,0,price,,0
R08932,H01157,B31,,2025-12-09,4,1,flavour depth,heat,0
R08933,H01213,B02,,2025-12-09,3,0,portion size,,0
R08934,H01302,B49,,2025-12-09,3,0,,taste,0
R08935,H01710,B38,,2025-12-09,2,0,price,packaging,0
R08936,H01784,B12,,2025-12-09,3,1,,sweetness,1
R08937,H01918,B12,,2025-12-09,2,0,,packaging,0
R08938,H02124,B38,,2025-12-09,4,0,sweetness,,0
R08939,H02256,B08,,2025-12-09,3,0,versatility,,0
R08940,H02272,B27,,2025-12-09,2,1,flavour depth,price,1
R08941,H02291,B23,,2025-12-09,4,0,price,,1
R08942,H02404,B45,,2025-12-09,4,1,taste,,1
R08943,H02490,B30,,2025-12-09,4,1,jar size,,1
R08944,H02576,B43,,2025-12-09,5,1,packaging,,1
R08945,H02587,B13,,2025-12-09,4,1,aftertaste,,1
R08946,H02617,B43,,2025-12-09,2,0,,refreshing,0
R08947,H02681,B11,,2025-12-09,4,1,aftertaste,,1
R08948,H02936,B28,,2025-12-09,2,0,,taste,0
R08949,H03132,B30,,2025-12-09,1,0,,versatility,0
R08950,H00153,B30,,2025-12-10,1,0,,heat,0
R08951,H00269,B19,,2025-12-10,4,1,flavour depth,,0
R08952,H00393,B05,,2025-12-10,2,0,crunch,seasoning,0
R08953,H00547,B32,,2025-12-10,5,1,usefulness,,1
R08954,H00630,B42,,2025-12-10,5,1,packaging,,1
R08955,H00907,B38,,2025-12-10,1,0,,price,0
R08956,H00927,B06,,2025-12-10,5,1,price,,1
R08957,H01065,B24,,2025-12-10,5,1,taste,aroma,1
R08958,H01136,B43,,2025-12-10,3,0,packaging,,0
R08959,H01354,B14,,2025-12-10,2,0,,refreshing,0
R08960,H01390,B30,,2025-12-10,4,1,jar size,,0
R08961,H01409,B30,,2025-12-10,1,0,,heat,0
R08962,H01492,B43,,2025-12-10,3,0,fizz,,0
R08963,H01510,B15,,2025-12-10,2,0,,fizz,0
R08964,H01518,B16,,2025-12-10,4,1,fizz,,0
R08965,H01630,B27,,2025-12-10,3,0,heat,,0
R08966,H01642,B41,,2025-12-10,2,0,saltiness,price,0
R08967,H01722,B32,,2025-12-10,4,1,usefulness,design,1
R08968,H01749,B34,,2025-12-10,4,1,packaging,,0
R08969,H01886,B29,,2025-12-10,5,1,taste,,1
R08970,H02074,B36,,2025-12-10,2,0,,seasoning,0
R08971,H02168,B07,,2025-12-10,2,0,,versatility,0
R08972,H02209,B43,,2025-12-10,3,0,,taste,0
R08973,H02496,B12,,2025-12-10,3,0,refreshing,,1
R08974,H02977,B38,,2025-12-10,5,1,price,,1
R08975,H03030,B06,,2025-12-10,5,1,sweetness,,1
R08976,H03158,B39,,2025-12-10,5,1,flavour depth,,1
R08977,H03178,B48,,2025-12-10,4,1,packaging,,1
R08978,H03200,B49,,2025-12-10,5,1,sweetness,,1
R08979,H00004,B46,,2025-12-11,3,0,,fizz,1
R08980,H00030,B12,,2025-12-11,5,1,price,,1
R08981,H00235,B39,,2025-12-11,4,1,heat,,0
R08982,H00265,B10,,2025-12-11,5,1,packaging,,1
R08983,H00460,B14,,2025-12-11,3,0,taste,,0
R08984,H00509,B49,,2025-12-11,3,0,ingredients,,0
R08985,H00702,B46,,2025-12-11,3,1,price,,1
R08986,H00771,B30,,2025-12-11,3,0,,heat,0
R08987,H00791,B07,,2025-12-11,4,0,heat,,0
R08988,H00799,B03,,2025-12-11,2,1,,texture,0
R08989,H00964,B32,,2025-12-11,3,1,price,,1
R08990,H01071,B29,,2025-12-11,3,0,ingredients,,0
R08991,H01130,B07,,2025-12-11,4,1,texture,,0
R08992,H01210,B44,,2025-12-11,3,1,,refreshing,0
R08993,H01336,B15,,2025-12-11,4,1,sweetness,,0
R08994,H01422,B49,,2025-12-11,3,1,packaging,,1
R08995,H01472,B03,,2025-12-11,3,0,,taste,0
R08996,H01491,B29,,2025-12-11,3,0,ingredients,,0
R08997,H01759,B31,,2025-12-11,3,0,,versatility,0
R08998,H01798,B25,,2025-12-11,4,1,saltiness,price,1
R08999,H01927,B13,,2025-12-11,3,0,taste,,0
R09000,H01976,B39,,2025-12-11,4,1,texture,,0
R09001,H02032,B04,,2025-12-11,2,1,,portion size,0
R09002,H02057,B24,,2025-12-11,2,0,,strength,0
R09003,H02231,B27,,2025-12-11,2,0,,heat,0
R09004,H02504,B45,,2025-12-11,4,0,taste,,0
R09005,H02529,B27,,2025-12-11,3,0,,flavour depth,0
R09006,H02662,B25,,2025-12-11,4,1,seasoning,price,1
R09007,H02914,B07,,2025-12-11,4,1,jar size,,1
R09008,H02982,B24,,2025-12-11,4,1,taste,,0
R09009,H03006,B24,,2025-12-11,5,1,packaging,,1
R09010,H03150,B38,,2025-12-11,2,0,,texture,0
R09011,H00118,B19,,2025-12-12,5,1,jar size,texture,1
R09012,H00157,B12,,2025-12-12,5,0,packaging,,0
R09013,H00172,B10,,2025-12-12,4,1,packaging,,0
R09014,H00306,B48,,2025-12-12,5,1,crunch,,1
R09015,H00728,B42,,2025-12-12,3,0,,ingredients,0
R09016,H00953,B14,,2025-12-12,5,1,sweetness,,1
R09017,H00969,B33,,2025-12-12,3,0,,fizz,0
R09018,H01009,B45,,2025-12-12,4,1,sweetness,aftertaste,1
R09019,H01313,B14,,2025-12-12,5,1,price,aftertaste,1
R09020,H01648,B37,,2025-12-12,3,0,taste,,0
R09021,H01732,B14,,2025-12-12,3,1,,packaging,0
R09022,H01747,B25,,2025-12-12,1,0,,portion size,0
R09023,H01757,B27,,2025-12-12,2,0,,texture,0
R09024,H01789,B25,,2025-12-12,4,1,seasoning,portion size,1
R09025,H02022,B38,,2025-12-12,4,1,taste,,1
R09026,H02164,B15,,2025-12-12,3,0,,taste,0
R09027,H02321,B26,,2025-12-12,3,0,price,,0
R09028,H02561,B45,,2025-12-12,1,0,taste,refreshing,0
R09029,H02662,B48,,2025-12-12,5,1,packaging,,1
R09030,H02749,B04,,2025-12-12,5,1,portion size,,1
R09031,H02788,B36,,2025-12-12,2,0,,seasoning,0
R09032,H02818,B05,,2025-12-12,3,0,saltiness,,1
R09033,H02895,B14,,2025-12-12,3,1,,fizz,0
R09034,H02961,B06,,2025-12-12,3,0,,sweetness,0
R09035,H02966,B43,,2025-12-12,4,1,aftertaste,,0
R09036,H03013,B24,,2025-12-12,4,1,ingredients,,0
R09037,H03030,B01,,2025-12-12,2,0,,crunch,0
R09038,H03074,B46,,2025-12-12,3,1,,price,0
R09039,H03188,B40,,2025-12-12,3,0,sweetness,,0
R09040,H00300,B21,,2025-12-13,5,1,aftertaste,fizz,0
R09041,H00370,B18,,2025-12-13,2,0,,price,0
R09042,H00384,B31,,2025-12-13,5,0,jar size,heat,1
R09043,H00393,B08,,2025-12-13,3,0,,price,0
R09044,H00435,B47,,2025-12-13,5,1,texture,,1
R09045,H00447,B38,,2025-12-13,4,0,packaging,price,1
R09046,H00530,B28,,2025-12-13,2,0,,texture,0
R09047,H00547,B22,,2025-12-13,4,1,packaging,,1
R09048,H00552,B12,,2025-12-13,2,0,,refreshing,0
R09049,H00640,B03,,2025-12-13,3,0,price,,0
R09050,H00847,B06,,2025-12-13,4,1,packaging,price,1
R09051,H00897,B28,,2025-12-13,2,0,,energy boost,0
R09052,H00995,B37,,2025-12-13,2,0,,taste,0
R09053,H01015,B19,,2025-12-13,2,0,,flavour depth,0
R09054,H01124,B44,,2025-12-13,3,1,taste,,0
R09055,H01169,B42,,2025-12-13,3,0,,aroma,0
R09056,H01219,B20,,2025-12-13,1,0,,fizz,0
R09057,H01488,B37,,2025-12-13,2,1,texture,price,0
R09058,H01570,B25,,2025-12-13,4,0,portion size,,0
R09059,H01616,B27,,2025-12-13,3,1,flavour depth,,0
R09060,H01635,B24,,2025-12-13,3,1,,price,0
R09061,H01656,B47,,2025-12-13,2,0,,ingredients,0
R09062,H01728,B15,,2025-12-13,3,1,sweetness,,0
R09063,H01860,B25,,2025-12-13,4,1,seasoning,,1
R09064,H01867,B33,,2025-12-13,5,1,sweetness,,1
R09065,H02039,B39,,2025-12-13,3,0,heat,,0
R09066,H02060,B21,,2025-12-13,3,1,,aftertaste,0
R09067,H02146,B08,,2025-12-13,3,0,price,,0
R09068,H02229,B14,,2025-12-13,2,0,,price,0
R09069,H02415,B48,,2025-12-13,4,0,crunch,seasoning,1
R09070,H02457,B03,,2025-12-13,3,1,ingredients,,1
R09071,H02532,B21,,2025-12-13,5,1,sweetness,,1
R09072,H02766,B32,,2025-12-13,3,0,build quality,,0
R09073,H02782,B27,,2025-12-13,2,1,,versatility,0
R09074,H02851,B28,,2025-12-13,4,1,texture,,0
R09075,H02961,B27,,2025-12-13,4,1,texture,,0
R09076,H00138,B12,,2025-12-14,3,0,refreshing,,1
R09077,H00371,B21,,2025-12-14,5,1,taste,fizz,1
R09078,H00565,B14,,2025-12-14,4,1,aftertaste,,0
R09079,H00726,B13,,2025-12-14,2,1,,price,0
R09080,H00808,B02,,2025-12-14,4,1,crunch,,1
R09081,H00813,B31,,2025-12-14,3,1,price,,0
R09082,H01108,B14,,2025-12-14,3,0,,packaging,0
R09083,H01296,B38,,2025-12-14,4,1,ingredients,packaging,0
R09084,H01347,B16,,2025-12-14,2,0,,refreshing,0
R09085,H01388,B29,,2025-12-14,4,1,price,,1
R09086,H01460,B36,,2025-12-14,3,0,,saltiness,1
R09087,H01488,B41,,2025-12-14,3,0,,price,0
R09088,H01670,B29,,2025-12-14,5,1,energy boost,,1
R09089,H01883,B19,,2025-12-14,3,0,price,,0
R09090,H01946,B24,,2025-12-14,3,0,taste,,0
R09091,H01950,B30,,2025-12-14,5,1,heat,versatility,1
R09092,H01994,B44,,2025-12-14,4,0,sweetness,,1
R09093,H02069,B08,,2025-12-14,3,0,texture,,0
R09094,H02083,B16,,2025-12-14,4,0,refreshing,,1
R09095,H02204,B16,,2025-12-14,4,0,taste,,1
R09096,H02306,B25,,2025-12-14,1,0,,packaging,0
R09097,H02714,B25,,2025-12-14,2,0,,saltiness,0
R09098,H02732,B18,,2025-12-14,2,0,,taste,0
R09099,H02907,B01,,2025-12-14,2,0,packaging,crunch,0
R09100,H03268,B21,,2025-12-14,2,0,,refreshing,0
R09101,H00018,B19,,2025-12-15,5,1,jar size,,1
R09102,H00152,B46,,2025-12-15,4,1,fizz,,1
R09103,H00174,B22,,2025-12-15,2,0,,texture,0
R09104,H00220,B10,,2025-12-15,4,0,price,,1
R09105,H00286,B19,,2025-12-15,1,0,,jar size,0
R09106,H00448,B33,,2025-12-15,2,0,,price,0
R09107,H00558,B37,,2025-12-15,2,0,,texture,0
R09108,H00579,B20,,2025-12-15,5,1,sweetness,,1
R09109,H00613,B39,,2025-12-15,4,1,jar size,,0
R09110,H00665,B45,,2025-12-15,3,1,,packaging,0
R09111,H00702,B35,,2025-12-15,5,1,price,energy boost,1
R09112,H00841,B10,,2025-12-15,4,1,price,,0
R09113,H00925,B30,,2025-12-15,4,0,jar size,,1
R09114,H01127,B01,,2025-12-15,3,1,,price,0
R09115,H01172,B16,,2025-12-15,1,0,,price,0
R09116,H01335,B08,,2025-12-15,5,1,heat,price,1
R09117,H01451,B42,,2025-12-15,2,0,,ingredients,0
R09118,H01713,B25,,2025-12-15,4,1,crunch,,1
R09119,H01738,B20,,2025-12-15,5,1,packaging,,1
R09120,H02097,B46,,2025-12-15,4,1,fizz,,0
R09121,H02157,B48,,2025-12-15,5,1,seasoning,,1
R09122,H02175,B33,,2025-12-15,2,0,,price,0
R09123,H02495,B04,,2025-12-15,4,1,seasoning,,0
R09124,H02504,B10,,2025-12-15,5,1,taste,,1
R09125,H03074,B47,,2025-12-15,5,1,price,texture,1
R09126,H03080,B16,,2025-12-15,3,0,,aftertaste,0
R09127,H03124,B43,,2025-12-15,5,1,aftertaste,,0
R09128,H03189,B30,,2025-12-15,2,0,jar size,texture,0
R09129,H03231,B41,,2025-12-15,3,0,seasoning,,0
R09130,H00255,B02,,2025-12-16,5,1,seasoning,,0
R09131,H00319,B36,,2025-12-16,5,1,price,,1
R09132,H00402,B36,,2025-12-16,4,1,crunch,packaging,1
R09133,H00589,B29,,2025-12-16,2,0,,taste,0
R09134,H00706,B48,,2025-12-16,2,1,,price,0
R09135,H00808,B20,,2025-12-16,3,1,packaging,,0
R09136,H00873,B03,,2025-12-16,3,0,price,,1
R09137,H00890,B32,,2025-12-16,2,0,,design,0
R09138,H01191,B27,,2025-12-16,3,1,versatility,,0
R09139,H01374,B03,,2025-12-16,4,1,texture,,0
R09140,H01446,B14,,2025-12-16,4,0,price,refreshing,0
R09141,H01524,B15,,2025-12-16,3,1,,aftertaste,1
R09142,H01556,B21,,2025-12-16,4,1,price,aftertaste,1
R09143,H01687,B35,,2025-12-16,3,0,energy boost,,0
R09144,H01691,B19,,2025-12-16,4,1,versatility,,0
R09145,H01696,B05,,2025-12-16,5,1,saltiness,portion size,1
R09146,H01817,B05,,2025-12-16,1,0,,price,0
R09147,H01943,B46,,2025-12-16,5,1,aftertaste,,1
R09148,H01948,B37,,2025-12-16,1,0,,sweetness,1
R09149,H01963,B31,,2025-12-16,4,1,price,,1
R09150,H02054,B08,,2025-12-16,3,0,jar size,,1
R09151,H02101,B02,,2025-12-16,4,1,saltiness,,0
R09152,H02170,B02,,2025-12-16,5,1,packaging,,1
R09153,H02417,B20,,2025-12-16,2,1,,fizz,0
R09154,H02455,B47,,2025-12-16,4,0,packaging,price,1
R09155,H02578,B04,,2025-12-16,2,0,,packaging,0
R09156,H02844,B06,,2025-12-16,4,0,packaging,,0
R09157,H02933,B12,,2025-12-16,5,1,taste,,1
R09158,H03013,B09,,2025-12-16,4,1,texture,,1
R09159,H00153,B38,,2025-12-17,3,1,,sweetness,0
R09160,H00208,B44,,2025-12-17,2,0,sweetness,packaging,0
R09161,H00384,B20,,2025-12-17,3,0,sweetness,,1
R09162,H00430,B17,,2025-12-17,3,1,,packaging,0
R09163,H00551,B19,,2025-12-17,2,0,,jar size,0
R09164,H00582,B03,,2025-12-17,2,0,portability,ingredients,0
R09165,H00846,B49,,2025-12-17,1,0,,taste,0
R09166,H00848,B03,,2025-12-17,2,0,,ingredients,1
R09167,H01005,B38,,2025-12-17,4,1,price,,0
R09168,H01080,B43,,2025-12-17,5,1,refreshing,,1
R09169,H01084,B09,,2025-12-17,2,1,,packaging,0
R09170,H01171,B34,,2025-12-17,5,0,strength,,0
R09171,H01321,B27,,2025-12-17,3,1,,texture,0
R09172,H01488,B11,,2025-12-17,2,0,,sweetness,0
R09173,H01552,B48,,2025-12-17,4,1,portion size,saltiness,1
R09174,H01674,B41,,2025-12-17,3,0,,price,0
R09175,H01710,B47,,2025-12-17,4,1,texture,,0
R09176,H01872,B47,,2025-12-17,4,1,price,,1
R09177,H02349,B38,,2025-12-17,4,0,sweetness,,1
R09178,H02448,B43,,2025-12-17,3,0,,price,0
R09179,H02562,B19,,2025-12-17,4,1,versatility,,0
R09180,H02666,B19,,2025-12-17,3,0,flavour depth,,0
R09181,H02845,B48,,2025-12-17,3,0,packaging,,0
R09182,H02920,B44,,2025-12-17,4,0,fizz,,1
R09183,H03186,B43,,2025-12-17,4,0,refreshing,,0
R09184,H03283,B13,,2025-12-17,4,1,fizz,,1
R09185,H00062,B19,,2025-12-18,3,0,texture,,0
R09186,H00236,B38,,2025-12-18,2,0,,taste,0
R09187,H00304,B36,,2025-12-18,5,1,price,,1
R09188,H00788,B02,,2025-12-18,3,1,saltiness,,0
R09189,H00802,B29,,2025-12-18,1,0,,taste,0
R09190,H00807,B03,,2025-12-18,3,1,price,,0
R09191,H00812,B38,,2025-12-18,4,1,ingredients,,1
R09192,H00815,B11,,2025-12-18,3,0,,refreshing,0
R09193,H00971,B38,,2025-12-18,4,1,sweetness,,1
R09194,H01620,B43,,2025-12-18,4,1,price,,0
R09195,H01855,B12,,2025-12-18,3,1,,taste,0
R09196,H01970,B47,,2025-12-18,5,1,taste,price,0
R09197,H01989,B38,,2025-12-18,4,1,packaging,,0
R09198,H02018,B36,,2025-12-18,2,1,,saltiness,0
R09199,H02131,B38,,2025-12-18,3,1,sweetness,,0
R09200,H02163,B14,,2025-12-18,4,1,packaging,fizz,0
R09201,H02194,B23,,2025-12-18,4,1,ingredients,,0
R09202,H02322,B23,,2025-12-18,2,0,,sweetness,0
R09203,H02366,B20,,2025-12-18,4,1,packaging,,0
R09204,H02509,B31,,2025-12-18,3,0,,versatility,1
R09205,H02596,B47,,2025-12-18,4,1,ingredients,,1
R09206,H02710,B37,,2025-12-18,3,0,,taste,0
R09207,H02780,B40,,2025-12-18,5,1,refreshing,,1
R09208,H02781,B07,,2025-12-18,1,0,,flavour depth,0
R09209,H02896,B22,,2025-12-18,2,0,sweetness,taste,0
R09210,H02972,B04,,2025-12-18,4,1,portion size,,0
R09211,H02981,B22,,2025-12-18,4,1,price,packaging,1
R09212,H03068,B24,,2025-12-18,4,1,price,,0
R09213,H03111,B08,,2025-12-18,3,1,,versatility,1
R09214,H00128,B43,,2025-12-19,3,1,refreshing,,0
R09215,H00350,B21,,2025-12-19,4,1,taste,,0
R09216,H00594,B14,,2025-12-19,5,1,refreshing,,0
R09217,H00876,B16,,2025-12-19,5,1,fizz,sweetness,1
R09218,H01150,B18,,2025-12-19,3,0,,taste,0
R09219,H01444,B14,,2025-12-19,3,1,,taste,1
R09220,H01505,B22,,2025-12-19,5,1,texture,,1
R09221,H01714,B12,,2025-12-19,4,1,fizz,,0
R09222,H01830,B12,,2025-12-19,4,0,fizz,,0
R09223,H02007,B20,,2025-12-19,2,0,,sweetness,0
R09224,H02272,B25,,2025-12-19,2,0,saltiness,seasoning,0
R09225,H02304,B10,,2025-12-19,3,1,strength,,0
R09226,H02325,B39,,2025-12-19,3,1,,jar size,0
R09227,H02394,B13,,2025-12-19,3,0,price,,0
R09228,H02912,B36,,2025-12-19,4,1,price,,1
R09229,H03043,B19,,2025-12-19,3,0,,versatility,0
R09230,H03280,B38,,2025-12-19,2,0,,texture,0
R09231,H00004,B04,,2025-12-20,1,0,seasoning,packaging,0
R09232,H00014,B27,,2025-12-20,4,1,flavour depth,,0
R09233,H00144,B22,,2025-12-20,5,1,price,sweetness,1
R09234,H00181,B33,,2025-12-20,3,0,,price,1
R09235,H00232,B37,,2025-12-20,4,1,texture,sweetness,1
R09236,H00419,B43,,2025-12-20,5,1,packaging,,1
R09237,H00797,B23,,2025-12-20,3,0,,sweetness,1
R09238,H00822,B02,,2025-12-20,3,0,,portion size,1
R09239,H01019,B30,,2025-12-20,2,0,,flavour depth,0
R09240,H01045,B38,,2025-12-20,3,1,texture,,1
R09241,H01427,B47,,2025-12-20,2,0,packaging,texture,0
R09242,H01483,B09,,2025-12-20,5,1,taste,,1
R09243,H01525,B21,,2025-12-20,5,1,sweetness,price,1
R09244,H01583,B07,,2025-12-20,4,1,flavour depth,,1
R09245,H01697,B33,,2025-12-20,1,0,price,fizz,0
R09246,H01732,B46,,2025-12-20,3,0,sweetness,,0
R09247,H01782,B10,,2025-12-20,5,1,strength,,1
R09248,H02244,B32,,2025-12-20,1,0,,build quality,0
R09249,H02421,B39,,2025-12-20,2,0,,versatility,1
R09250,H02504,B40,,2025-12-20,5,1,refreshing,,1
R09251,H02529,B43,,2025-12-20,3,0,aftertaste,,0
R09252,H02625,B33,,2025-12-20,5,1,taste,,1
R09253,H02676,B06,,2025-12-20,4,1,ingredients,,0
R09254,H02730,B31,,2025-12-20,3,1,,heat,0
R09255,H02755,B23,,2025-12-20,3,0,packaging,,0
R09256,H02852,B10,,2025-12-20,2,0,,aroma,0
R09257,H02855,B35,,2025-12-20,2,0,,texture,0
R09258,H03025,B36,,2025-12-20,1,0,,saltiness,0
R09259,H03028,B21,,2025-12-20,5,1,taste,,1
R09260,H03039,B39,,2025-12-20,3,0,,flavour depth,0
R09261,H03079,B44,,2025-12-20,4,1,packaging,fizz,1
R09262,H03171,B43,,2025-12-20,3,0,aftertaste,,0
R09263,H03180,B27,,2025-12-20,2,0,heat,jar size,0
R09264,H03212,B12,,2025-12-20,2,0,,sweetness,0
R09265,H03244,B18,,2025-12-20,2,0,,sweetness,0
R09266,H00140,B43,,2025-12-21,3,0,packaging,,0
R09267,H00180,B04,,2025-12-21,2,0,,packaging,0
R09268,H00259,B48,,2025-12-21,4,1,saltiness,seasoning,0
R09269,H00420,B36,,2025-12-21,2,0,,price,0
R09270,H00803,B25,,2025-12-21,3,1,portion size,,0
R09271,H00877,B03,,2025-12-21,4,1,portability,,0
R09272,H01023,B48,,2025-12-21,3,0,price,,1
R09273,H01101,B41,,2025-12-21,4,0,saltiness,,1
R09274,H01211,B13,,2025-12-21,3,0,,aftertaste,0
R09275,H01277,B22,,2025-12-21,4,0,ingredients,texture,0
R09276,H01300,B02,,2025-12-21,5,1,saltiness,,1
R09277,H01313,B25,,2025-12-21,5,1,portion size,,1
R09278,H01341,B14,,2025-12-21,3,1,,price,0
R09279,H01611,B05,,2025-12-21,3,0,price,,0
R09280,H01672,B21,,2025-12-21,4,1,aftertaste,taste,0
R09281,H01824,B31,,2025-12-21,4,1,flavour depth,,1
R09282,H02023,B45,,2025-12-21,2,0,,fizz,0
R09283,H02055,B36,,2025-12-21,3,0,price,,1
R09284,H02190,B07,,2025-12-21,2,0,,flavour depth,1
R09285,H02390,B07,,2025-12-21,3,0,jar size,,0
R09286,H02534,B23,,2025-12-21,4,1,texture,,1
R09287,H02541,B01,,2025-12-21,4,1,crunch,,0
R09288,H02598,B48,,2025-12-21,3,1,,crunch,0
R09289,H02741,B44,,2025-12-21,3,0,,price,0
R09290,H03042,B45,,2025-12-21,2,0,,refreshing,0
R09291,H03255,B09,,2025-12-21,4,1,packaging,,0
R09292,H00093,B35,,2025-12-22,5,0,ingredients,,1
R09293,H00100,B39,,2025-12-22,3,0,heat,,1
R09294,H00449,B09,,2025-12-22,2,0,sweetness,texture,0
R09295,H00582,B16,,2025-12-22,4,1,price,,1
R09296,H00615,B45,,2025-12-22,1,0,,taste,0
R09297,H00658,B26,,2025-12-22,2,0,saltiness,packaging,0
R09298,H01343,B16,,2025-12-22,2,0,,refreshing,1
R09299,H01457,B19,,2025-12-22,2,0,,versatility,0
R09300,H01783,B21,,2025-12-22,4,0,refreshing,,1
R09301,H01859,B34,,2025-12-22,3,0,taste,,0
R09302,H01885,B27,,2025-12-22,4,0,texture,price,0
R09303,H01990,B04,,2025-12-22,4,0,crunch,price,1
R09304,H02048,B20,,2025-12-22,4,1,refreshing,price,1
R09305,H02256,B48,,2025-12-22,4,1,portion size,,0
R09306,H02315,B35,,2025-12-22,4,1,energy boost,,1
R09307,H02349,B33,,2025-12-22,3,1,,refreshing,1
R09308,H02419,B34,,2025-12-22,4,1,aroma,,0
R09309,H02427,B26,,2025-12-22,3,0,,crunch,0
R09310,H02720,B07,,2025-12-22,4,1,price,,1
R09311,H02734,B21,,2025-12-22,1,0,,price,0
R09312,H02859,B40,,2025-12-22,3,1,,taste,0
R09313,H02869,B20,,2025-12-22,3,0,,aftertaste,0
R09314,H02885,B43,,2025-12-22,4,1,taste,,1
R09315,H03293,B19,,2025-12-22,5,1,texture,,1
R09316,H00238,B07,,2025-12-23,3,0,,price,0
R09317,H00511,B44,,2025-12-23,5,1,aftertaste,sweetness,1
R09318,H00627,B26,,2025-12-23,2,0,,packaging,1
R09319,H00670,B46,,2025-12-23,4,0,taste,,1
R09320,H00689,B35,,2025-12-23,4,1,ingredients,,1
R09321,H00967,B09,,2025-12-23,3,0,packaging,,1
R09322,H01200,B12,,2025-12-23,4,1,fizz,,0
R09323,H01207,B34,,2025-12-23,3,0,aroma,,0
R09324,H01786,B14,,2025-12-23,4,1,price,,0
R09325,H01797,B13,,2025-12-23,2,0,,sweetness,0
R09326,H01902,B45,,2025-12-23,2,0,,packaging,0
R09327,H02027,B25,,2025-12-23,3,0,,portion size,0
R09328,H02262,B10,,2025-12-23,4,1,ingredients,,0
R09329,H02522,B22,,2025-12-23,1,0,,packaging,0
R09330,H02538,B22,,2025-12-23,3,0,packaging,,0
R09331,H02600,B37,,2025-12-23,2,0,,packaging,0
R09332,H02712,B36,,2025-12-23,3,0,,seasoning,0
R09333,H02780,B45,,2025-12-23,3,1,taste,,0
R09334,H02795,B45,,2025-12-23,3,1,sweetness,,0
R09335,H02911,B48,,2025-12-23,5,1,seasoning,,1
R09336,H02927,B38,,2025-12-23,3,0,texture,,0
R09337,H02928,B09,,2025-12-23,3,0,sweetness,,0
R09338,H03116,B05,,2025-12-23,3,1,,crunch,0
R09339,H03137,B44,,2025-12-23,3,1,,price,0
R09340,H03208,B13,,2025-12-23,4,1,packaging,,0
R09341,H03288,B20,,2025-12-23,3,0,,sweetness,0
R09342,H00293,B37,,2025-12-24,3,1,,packaging,1
R09343,H00298,B31,,2025-12-24,5,1,texture,,1
R09344,H00420,B06,,2025-12-24,3,0,ingredients,,0
R09345,H00485,B15,,2025-12-24,4,1,fizz,,0
R09346,H00850,B14,,2025-12-24,3,0,fizz,,1
R09347,H00872,B27,,2025-12-24,4,1,jar size,,1
R09348,H00907,B02,,2025-12-24,2,0,,saltiness,0
R09349,H01496,B22,,2025-12-24,3,1,price,,0
R09350,H01508,B12,,2025-12-24,5,1,fizz,,1
R09351,H01610,B47,,2025-12-24,4,1,sweetness,,0
R09352,H01642,B43,,2025-12-24,5,1,aftertaste,,1
R09353,H01840,B05,,2025-12-24,2,1,,portion size,0
R09354,H01862,B01,,2025-12-24,4,1,seasoning,,0
R09355,H02010,B02,,2025-12-24,2,0,seasoning,price,1
R09356,H02064,B49,,2025-12-24,3,1,texture,,0
R09357,H02069,B03,,2025-12-24,2,0,,energy boost,1
R09358,H02195,B13,,2025-12-24,5,1,fizz,,0
R09359,H02286,B29,,2025-12-24,5,0,ingredients,,1
R09360,H02318,B42,,2025-12-24,4,1,taste,,1
R09361,H02334,B34,,2025-12-24,2,0,,ingredients,0
R09362,H02504,B14,,2025-12-24,4,1,fizz,,1
R09363,H02640,B17,,2025-12-24,3,0,fizz,,0
R09364,H02783,B44,,2025-12-24,4,0,packaging,refreshing,1
R09365,H02829,B22,,2025-12-24,5,0,price,,1
R09366,H02852,B28,,2025-12-24,4,1,price,energy boost,1
R09367,H02863,B34,,2025-12-24,3,0,packaging,,0
R09368,H03201,B26,,2025-12-24,3,0,,price,0
R09369,H03211,B19,,2025-12-24,5,1,jar size,flavour depth,0
R09370,H00017,B36,,2025-12-25,1,0,,crunch,0
R09371,H00039,B34,,2025-12-25,5,1,taste,,1
R09372,H00040,B33,,2025-12-25,4,1,refreshing,,1
R09373,H00347,B45,,2025-12-25,4,1,packaging,,0
R09374,H00369,B46,,2025-12-25,4,0,aftertaste,price,1
R09375,H00549,B34,,2025-12-25,4,0,ingredients,aroma,1
R09376,H00649,B12,,2025-12-25,5,1,price,,1
R09377,H00669,B38,,2025-12-25,4,1,texture,,0
R09378,H00697,B14,,2025-12-25,3,0,packaging,,0
R09379,H00769,B09,,2025-12-25,4,1,sweetness,taste,1
R09380,H00806,B39,,2025-12-25,3,0,heat,,0
R09381,H00848,B06,,2025-12-25,4,1,price,sweetness,1
R09382,H00921,B43,,2025-12-25,3,1,,packaging,0
R09383,H00982,B47,,2025-12-25,3,0,,texture,0
R09384,H01025,B30,,2025-12-25,2,0,,versatility,1
R09385,H01158,B13,,2025-12-25,1,0,,sweetness,0
R09386,H01499,B05,,2025-12-25,3,1,seasoning,,0
R09387,H01648,B24,,2025-12-25,4,1,aroma,strength,1
R09388,H01665,B35,,2025-12-25,3,0,,ingredients,0
R09389,H01777,B04,,2025-12-25,3,1,,saltiness,1
R09390,H01812,B01,,2025-12-25,1,1,,crunch,0
R09391,H01897,B30,,2025-12-25,2,1,,flavour depth,0
R09392,H01904,B16,,2025-12-25,3,0,sweetness,,1
R09393,H01959,B09,,2025-12-25,4,0,ingredients,,0
R09394,H02044,B19,,2025-12-25,3,0,jar size,,0
R09395,H02089,B36,,2025-12-25,1,0,portion size,crunch,0
R09396,H02130,B22,,2025-12-25,2,0,,sweetness,0
R09397,H02175,B38,,2025-12-25,4,1,sweetness,ingredients,0
R09398,H02188,B08,,2025-12-25,5,1,versatility,,1
R09399,H02224,B43,,2025-12-25,5,1,fizz,,0
R09400,H02402,B24,,2025-12-25,1,0,,strength,0
R09401,H02588,B03,,2025-12-25,3,1,ingredients,,0
R09402,H02622,B06,,2025-12-25,1,0,,sweetness,0
R09403,H02628,B01,,2025-12-25,4,0,seasoning,saltiness,1
R09404,H02658,B08,,2025-12-25,5,1,texture,,1
R09405,H02793,B09,,2025-12-25,3,1,,ingredients,0
R09406,H02872,B14,,2025-12-25,4,1,packaging,,1
R09407,H02917,B28,,2025-12-25,3,1,price,,0
R09408,H02927,B31,,2025-12-25,3,0,,heat,0
R09409,H02971,B08,,2025-12-25,4,1,texture,,0
R09410,H03059,B08,,2025-12-25,3,0,,heat,0
R09411,H03290,B43,,2025-12-25,4,1,fizz,,1
R09412,H03304,B32,,2025-12-25,2,0,,usefulness,0
R09413,H00002,B16,,2025-12-26,2,0,,taste,0
R09414,H00155,B31,,2025-12-26,3,0,jar size,,0
R09415,H00160,B31,,2025-12-26,4,1,price,,1
R09416,H00197,B36,,2025-12-26,1,0,,packaging,0
R09417,H00283,B14,,2025-12-26,5,1,fizz,,1
R09418,H00304,B43,,2025-12-26,5,1,packaging,,0
R09419,H00697,B18,,2025-12-26,3,0,price,,0
R09420,H00808,B06,,2025-12-26,5,1,ingredients,,1
R09421,H01002,B03,,2025-12-26,3,1,energy boost,,1
R09422,H01091,B14,,2025-12-26,5,1,packaging,,1
R09423,H01200,B25,,2025-12-26,3,1,,packaging,0
R09424,H01291,B14,,2025-12-26,2,0,refreshing,aftertaste,0
R09425,H01303,B39,,2025-12-26,3,1,heat,,0
R09426,H01346,B24,,2025-12-26,1,0,,price,0
R09427,H01452,B44,,2025-12-26,4,1,aftertaste,,1
R09428,H01655,B02,,2025-12-26,5,1,crunch,,1
R09429,H01715,B21,,2025-12-26,4,1,aftertaste,refreshing,0
R09430,H01805,B04,,2025-12-26,2,0,,seasoning,1
R09431,H01875,B43,,2025-12-26,4,1,aftertaste,,0
R09432,H02102,B08,,2025-12-26,4,1,versatility,,0
R09433,H02784,B22,,2025-12-26,4,1,taste,ingredients,0
R09434,H00061,B39,,2025-12-27,3,1,jar size,,0
R09435,H00123,B47,,2025-12-27,4,1,sweetness,texture,1
R09436,H00296,B25,,2025-12-27,1,0,crunch,price,0
R09437,H00508,B13,,2025-12-27,4,1,aftertaste,,0
R09438,H00608,B29,,2025-12-27,3,1,,price,0
R09439,H00700,B01,,2025-12-27,4,0,seasoning,,0
R09440,H00994,B03,,2025-12-27,4,1,energy boost,,1
R09441,H01102,B27,,2025-12-27,3,1,,heat,0
R09442,H01111,B46,,2025-12-27,3,1,,fizz,0
R09443,H01163,B41,,2025-12-27,2,0,,packaging,0
R09444,H01215,B12,,2025-12-27,1,0,refreshing,fizz,0
R09445,H01216,B12,,2025-12-27,4,1,refreshing,,0
R09446,H01288,B22,,2025-12-27,2,0,,ingredients,0
R09447,H01304,B26,,2025-12-27,3,1,,portion size,0
R09448,H01445,B44,,2025-12-27,4,0,fizz,,0
R09449,H01523,B12,,2025-12-27,3,0,refreshing,,0
R09450,H01957,B39,,2025-12-27,5,1,heat,,1
R09451,H02123,B47,,2025-12-27,2,0,,sweetness,0
R09452,H02172,B21,,2025-12-27,3,0,,sweetness,0
R09453,H02202,B13,,2025-12-27,5,1,sweetness,aftertaste,1
R09454,H02323,B27,,2025-12-27,5,1,texture,,0
R09455,H02339,B18,,2025-12-27,3,1,,price,0
R09456,H02471,B34,,2025-12-27,5,1,aroma,taste,0
R09457,H02567,B16,,2025-12-27,4,1,packaging,,1
R09458,H02781,B21,,2025-12-27,5,1,fizz,,1
R09459,H02853,B06,,2025-12-27,3,1,,texture,0
R09460,H02922,B38,,2025-12-27,3,0,,sweetness,0
R09461,H02944,B36,,2025-12-27,2,0,,seasoning,0
R09462,H03038,B23,,2025-12-27,3,0,,taste,1
R09463,H03276,B31,,2025-12-27,4,1,jar size,,0
R09464,H03327,B02,P041,2025-12-27,4,1,crunch,,0
R09465,H03330,B03,P041,2025-12-27,4,1,energy boost,,0
R09466,H03332,B04,P041,2025-12-27,5,1,packaging,,0
R09467,H03340,B17,P041,2025-12-27,3,1,packaging,,1
R09468,H03341,B26,P041,2025-12-27,4,0,price,,1
R09469,H03341,B06,,2025-12-27,3,0,packaging,,0
R09470,H03342,B02,P041,2025-12-27,5,0,price,,0
R09471,H00405,B03,,2025-12-28,3,0,,portability,0
R09472,H00795,B38,,2025-12-28,3,1,,texture,0
R09473,H01318,B06,,2025-12-28,3,0,packaging,,0
R09474,H01620,B36,,2025-12-28,5,1,portion size,,1
R09475,H01722,B17,,2025-12-28,2,0,,sweetness,0
R09476,H01798,B44,,2025-12-28,5,1,aftertaste,,1
R09477,H01845,B36,,2025-12-28,4,1,saltiness,,1
R09478,H01888,B21,,2025-12-28,5,1,taste,,1
R09479,H01894,B40,,2025-12-28,2,0,,refreshing,0
R09480,H01908,B31,,2025-12-28,3,0,,heat,0
R09481,H01946,B36,,2025-12-28,4,1,seasoning,packaging,0
R09482,H02028,B23,,2025-12-28,3,0,,taste,0
R09483,H02031,B08,,2025-12-28,3,0,texture,,0
R09484,H02306,B30,,2025-12-28,3,1,,heat,0
R09485,H02352,B26,,2025-12-28,3,1,portion size,,1
R09486,H02421,B45,,2025-12-28,4,1,refreshing,,1
R09487,H03027,B21,,2025-12-28,3,1,,taste,0
R09488,H03329,B17,P041,2025-12-28,4,1,sweetness,fizz,0
R09489,H03330,B26,P041,2025-12-28,5,1,crunch,,1
R09490,H03333,B17,P041,2025-12-28,4,1,aftertaste,,0
R09491,H03342,B26,P041,2025-12-28,5,1,crunch,,1
R09492,H00179,B19,,2025-12-29,3,0,price,,0
R09493,H00549,B07,,2025-12-29,4,0,price,,1
R09494,H00746,B04,,2025-12-29,3,1,,crunch,0
R09495,H01061,B10,,2025-12-29,3,1,ingredients,,0
R09496,H01114,B39,,2025-12-29,3,1,heat,,0
R09497,H01140,B33,,2025-12-29,5,1,aftertaste,,1
R09498,H01185,B44,,2025-12-29,3,1,price,,1
R09499,H01274,B23,,2025-12-29,2,0,,packaging,0
R09500,H01370,B13,,2025-12-29,4,1,packaging,,0
R09501,H01393,B26,,2025-12-29,1,1,packaging,crunch,0
R09502,H01415,B22,,2025-12-29,4,1,price,,0
R09503,H01652,B21,,2025-12-29,4,1,taste,packaging,0
R09504,H01711,B03,,2025-12-29,3,1,,portability,1
R09505,H02007,B38,,2025-12-29,2,0,,packaging,0
R09506,H02022,B41,,2025-12-29,4,1,seasoning,,1
R09507,H02392,B09,,2025-12-29,1,0,,texture,0
R09508,H02630,B24,,2025-12-29,3,0,aroma,,1
R09509,H02654,B49,,2025-12-29,4,1,sweetness,texture,1
R09510,H02781,B24,,2025-12-29,2,0,,strength,0
R09511,H02805,B17,,2025-12-29,4,0,fizz,price,1
R09512,H02808,B31,,2025-12-29,4,0,texture,,1
R09513,H02830,B47,,2025-12-29,3,0,ingredients,,0
R09514,H02958,B27,,2025-12-29,3,0,jar size,,1
R09515,H03028,B02,,2025-12-29,3,0,price,,0
R09516,H03068,B33,,2025-12-29,3,0,,sweetness,0
R09517,H03101,B11,,2025-12-29,3,0,fizz,,0
R09518,H03320,B19,,2025-12-29,3,1,versatility,,0
R09519,H03326,B03,P041,2025-12-29,3,0,,ingredients,0
R09520,H03330,B04,P041,2025-12-29,2,0,saltiness,crunch,0
R09521,H03337,B26,P041,2025-12-29,5,1,saltiness,,1
R09522,H00089,B06,,2025-12-30,4,1,price,,0
R09523,H00207,B41,,2025-12-30,4,1,saltiness,,1
R09524,H00328,B28,,2025-12-30,4,1,portability,price,0
R09525,H00390,B09,,2025-12-30,3,0,sweetness,,0
R09526,H00610,B25,,2025-12-30,4,1,packaging,,1
R09527,H00628,B23,,2025-12-30,3,0,,packaging,0
R09528,H00713,B01,,2025-12-30,4,0,saltiness,,0
R09529,H00739,B47,,2025-12-30,2,0,,ingredients,0
R09530,H00832,B17,,2025-12-30,2,0,,packaging,0
R09531,H00843,B14,,2025-12-30,3,1,,taste,0
R09532,H01146,B15,,2025-12-30,4,0,sweetness,packaging,1
R09533,H01161,B29,,2025-12-30,3,0,ingredients,,0
R09534,H01205,B17,,2025-12-30,5,1,refreshing,,1
R09535,H01551,B46,,2025-12-30,5,1,taste,,1
R09536,H01584,B07,,2025-12-30,5,1,price,,1
R09537,H01768,B46,,2025-12-30,3,1,sweetness,,0
R09538,H01807,B26,,2025-12-30,4,0,portion size,seasoning,0
R09539,H01943,B39,,2025-12-30,5,1,flavour depth,,1
R09540,H02046,B31,,2025-12-30,5,1,versatility,,1
R09541,H02068,B10,,2025-12-30,5,1,packaging,,0
R09542,H02098,B15,,2025-12-30,3,0,refreshing,,0
R09543,H02134,B16,,2025-12-30,5,1,taste,,1
R09544,H02451,B47,,2025-12-30,4,1,sweetness,,0
R09545,H02629,B24,,2025-12-30,5,0,taste,,1
R09546,H02696,B05,,2025-12-30,4,1,packaging,,0
R09547,H02698,B28,,2025-12-30,2,0,,texture,0
R09548,H02722,B25,,2025-12-30,4,1,price,,0
R09549,H02783,B38,,2025-12-30,2,1,,ingredients,0
R09550,H02822,B34,,2025-12-30,4,1,ingredients,,0
R09551,H02949,B07,,2025-12-30,3,0,,flavour depth,0
R09552,H02995,B21,,2025-12-30,3,1,,price,0
R09553,H03009,B19,,2025-12-30,3,0,heat,,0
R09554,H03121,B07,,2025-12-30,5,1,jar size,,1
R09555,H03325,B17,P041,2025-12-30,3,0,,packaging,1
R09556,H03328,B26,P041,2025-12-30,5,1,portion size,,1
R09557,H03334,B03,P041,2025-12-30,4,0,energy boost,,0
R09558,H03338,B26,P041,2025-12-30,5,1,saltiness,packaging,1
R09559,H03365,B29,P042,2025-12-30,5,1,texture,,0
R09560,H03371,B07,P042,2025-12-30,3,1,texture,,0
R09561,H03377,B17,P042,2025-12-30,2,0,,packaging,1
R09562,H00185,B02,,2025-12-31,5,1,seasoning,,1
R09563,H00373,B21,,2025-12-31,4,1,packaging,,0
R09564,H00671,B46,,2025-12-31,4,0,packaging,fizz,0
R09565,H00798,B03,,2025-12-31,2,0,,ingredients,0
R09566,H00802,B08,,2025-12-31,5,1,heat,,1
R09567,H00813,B38,,2025-12-31,4,1,sweetness,packaging,1
R09568,H00824,B20,,2025-12-31,2,0,,taste,0
R09569,H01311,B37,,2025-12-31,1,0,,packaging,0
R09570,H01395,B34,,2025-12-31,4,1,packaging,,0
R09571,H01533,B07,,2025-12-31,2,0,,flavour depth,0
R09572,H01554,B36,,2025-12-31,3,0,,crunch,0
R09573,H01621,B01,,2025-12-31,3,0,,seasoning,0
R09574,H01710,B46,,2025-12-31,3,0,,price,0
R09575,H01732,B29,,2025-12-31,2,0,,energy boost,0
R09576,H01804,B28,,2025-12-31,2,0,,price,0
R09577,H01856,B25,,2025-12-31,2,0,,portion size,0
R09578,H02071,B13,,2025-12-31,1,0,,price,0
R09579,H02253,B20,,2025-12-31,3,1,price,,0
R09580,H02253,B13,,2025-12-31,4,1,refreshing,,1
R09581,H02343,B47,,2025-12-31,2,0,,texture,0
R09582,H02555,B13,,2025-12-31,1,0,,sweetness,0
R09583,H02639,B22,,2025-12-31,5,1,sweetness,,1
R09584,H02661,B31,,2025-12-31,4,1,flavour depth,versatility,0
R09585,H02748,B41,,2025-12-31,4,1,saltiness,crunch,1
R09586,H02765,B49,,2025-12-31,5,1,sweetness,,1
R09587,H02854,B31,,2025-12-31,3,0,texture,,0
R09588,H02995,B33,,2025-12-31,5,1,refreshing,fizz,1
R09589,H03100,B44,,2025-12-31,3,1,,packaging,0
R09590,H03328,B03,P041,2025-12-31,4,1,texture,taste,0
R09591,H03331,B02,P041,2025-12-31,3,0,,seasoning,0
R09592,H03331,B17,P041,2025-12-31,3,0,taste,,0
R09593,H03335,B04,P041,2025-12-31,2,0,,portion size,1
R09594,H03336,B17,P041,2025-12-31,4,0,price,,1
R09595,H03339,B03,P041,2025-12-31,5,1,ingredients,,0
R09596,H03362,B24,P042,2025-12-31,5,1,strength,,0
R09597,H03367,B07,P042,2025-12-31,3,0,texture,,1
R09598,H03368,B07,P042,2025-12-31,4,1,heat,,0
R09599,H03369,B29,P042,2025-12-31,3,0,,texture,1
R09600,H03375,B17,P042,2025-12-31,4,0,price,,0
R09601,H00138,B14,,2026-01-01,4,0,sweetness,,0
R09602,H00147,B44,,2026-01-01,5,1,taste,,1
R09603,H00185,B14,,2026-01-01,1,0,,sweetness,0
R09604,H00359,B30,,2026-01-01,3,1,heat,,0
R09605,H00374,B18,,2026-01-01,2,0,,taste,0
R09606,H00396,B43,,2026-01-01,5,1,refreshing,price,1
R09607,H00469,B47,,2026-01-01,2,0,,price,0
R09608,H00470,B21,,2026-01-01,5,1,taste,,1
R09609,H00475,B35,,2026-01-01,2,0,,ingredients,0
R09610,H00620,B03,,2026-01-01,2,0,ingredients,taste,0
R09611,H00633,B10,,2026-01-01,4,1,strength,,0
R09612,H00843,B29,,2026-01-01,4,1,taste,,1
R09613,H00885,B20,,2026-01-01,3,1,,taste,1
R09614,H01134,B23,,2026-01-01,2,0,ingredients,texture,0
R09615,H01136,B36,,2026-01-01,2,0,,seasoning,0
R09616,H01191,B11,,2026-01-01,3,1,,taste,0
R09617,H01246,B24,,2026-01-01,4,1,taste,,1
R09618,H01354,B01,,2026-01-01,3,1,,portion size,0
R09619,H01460,B37,,2026-01-01,3,1,taste,,1
R09620,H01514,B36,,2026-01-01,4,1,crunch,,1
R09621,H01547,B43,,2026-01-01,5,1,aftertaste,,1
R09622,H01580,B35,,2026-01-01,2,0,,price,0
R09623,H01624,B13,,2026-01-01,1,0,,price,0
R09624,H01679,B12,,2026-01-01,4,0,sweetness,,0
R09625,H01855,B38,,2026-01-01,2,0,,taste,0
R09626,H01959,B17,,2026-01-01,1,0,,refreshing,0
R09627,H02103,B46,,2026-01-01,5,1,fizz,aftertaste,0
R09628,H02226,B21,,2026-01-01,3,0,,sweetness,0
R09629,H02574,B29,,2026-01-01,3,0,energy boost,,0
R09630,H02781,B14,,2026-01-01,4,1,aftertaste,,1
R09631,H02871,B21,,2026-01-01,3,0,,packaging,0
R09632,H02914,B05,,2026-01-01,3,1,,seasoning,1
R09633,H03179,B40,,2026-01-01,3,1,,aftertaste,0
R09634,H03333,B26,P041,2026-01-01,4,0,price,,0
R09635,H03340,B26,P041,2026-01-01,5,0,crunch,,0
R09636,H03341,B17,P041,2026-01-01,3,1,refreshing,,1
R09637,H03346,B20,,2026-01-01,1,0,,aftertaste,0
R09638,H03361,B24,P042,2026-01-01,5,1,strength,,0
R09639,H03369,B36,P042,2026-01-01,3,0,,saltiness,0
R09640,H00409,B03,,2026-01-02,2,0,,energy boost,1
R09641,H00418,B46,,2026-01-02,3,1,sweetness,,0
R09642,H00559,B12,,2026-01-02,4,1,taste,,1
R09643,H00755,B35,,2026-01-02,2,0,taste,portability,0
R09644,H00758,B40,,2026-01-02,3,0,,fizz,0
R09645,H00819,B01,,2026-01-02,4,0,seasoning,,1
R09646,H00843,B24,,2026-01-02,5,1,strength,,0
R09647,H00916,B28,,2026-01-02,3,0,price,,0
R09648,H00949,B08,,2026-01-02,3,0,,versatility,0
R09649,H01051,B02,,2026-01-02,5,1,crunch,,1
R09650,H01112,B05,,2026-01-02,4,1,saltiness,,0
R09651,H01324,B16,,2026-01-02,4,0,aftertaste,,1
R09652,H01510,B25,,2026-01-02,5,1,portion size,,1
R09653,H01717,B36,,2026-01-02,2,0,,portion size,0
R09654,H01799,B45,,2026-01-02,2,1,,fizz,0
R09655,H01837,B01,,2026-01-02,4,0,seasoning,,0
R09656,H02045,B21,,2026-01-02,3,1,,price,0
R09657,H02123,B43,,2026-01-02,3,1,,aftertaste,0
R09658,H02762,B04,,2026-01-02,3,0,crunch,,1
R09659,H02989,B39,,2026-01-02,5,1,jar size,,1
R09660,H03029,B41,,2026-01-02,5,1,seasoning,,1
R09661,H03122,B08,,2026-01-02,4,0,texture,,1
R09662,H03126,B35,,2026-01-02,3,1,taste,,0
R09663,H03263,B25,,2026-01-02,5,1,crunch,packaging,1
R09664,H03328,B02,P041,2026-01-02,4,0,price,saltiness,0
R09665,H03329,B26,P041,2026-01-02,5,1,portion size,,0
R09666,H03334,B02,P041,2026-01-02,4,0,crunch,,0
R09667,H03335,B03,P041,2026-01-02,3,1,,energy boost,1
R09668,H03363,B36,P042,2026-01-02,2,0,price,seasoning,0
R09669,H03364,B17,P042,2026-01-02,3,0,,sweetness,0
R09670,H03373,B17,P042,2026-01-02,5,1,packaging,,1
R09671,H03377,B29,P042,2026-01-02,3,0,taste,,1
R09672,H00071,B24,,2026-01-03,3,1,strength,,0
R09673,H00107,B22,,2026-01-03,3,0,,ingredients,0
R09674,H00126,B47,,2026-01-03,4,1,taste,,0
R09675,H00431,B40,,2026-01-03,3,1,price,,1
R09676,H00463,B16,,2026-01-03,4,1,refreshing,,0
R09677,H00651,B21,,2026-01-03,3,0,,refreshing,0
R09678,H00683,B36,,2026-01-03,4,1,crunch,,0
R09679,H00918,B24,,2026-01-03,5,1,strength,,1
R09680,H00938,B39,,2026-01-03,3,1,versatility,,1
R09681,H01195,B31,,2026-01-03,3,0,versatility,,1
R09682,H01255,B13,,2026-01-03,4,1,fizz,,1
R09683,H01353,B43,,2026-01-03,4,0,taste,,0
R09684,H01422,B48,,2026-01-03,5,1,packaging,,1
R09685,H01441,B32,,2026-01-03,3,1,,price,0
R09686,H01769,B05,,2026-01-03,3,1,saltiness,,0
R09687,H01977,B24,,2026-01-03,5,1,strength,,1
R09688,H01994,B40,,2026-01-03,3,1,,taste,0
R09689,H01994,B24,,2026-01-03,2,0,aroma,strength,0
R09690,H02180,B32,,2026-01-03,2,0,,design,1
R09691,H02186,B45,,2026-01-03,3,0,,taste,0
R09692,H02223,B26,,2026-01-03,5,1,portion size,,1
R09693,H02340,B28,,2026-01-03,5,1,energy boost,,1
R09694,H02422,B17,,2026-01-03,2,0,,fizz,1
R09695,H02525,B38,,2026-01-03,3,1,,packaging,0
R09696,H02548,B36,,2026-01-03,3,1,saltiness,,0
R09697,H02601,B01,,2026-01-03,3,1,packaging,,0
R09698,H02938,B19,,2026-01-03,4,1,price,texture,0
R09699,H03076,B19,,2026-01-03,4,1,jar size,texture,0
R09700,H03251,B36,,2026-01-03,3,0,,portion size,1
R09701,H03285,B41,,2026-01-03,5,1,price,,1
R09702,H03325,B03,P041,2026-01-03,3,0,portability,,1
R09703,H03325,B04,P041,2026-01-03,5,1,saltiness,,1
R09704,H03329,B02,P041,2026-01-03,3,1,,seasoning,0
R09705,H03336,B02,P041,2026-01-03,3,1,seasoning,,0
R09706,H03366,B24,P042,2026-01-03,5,1,strength,,0
R09707,H03372,B36,P042,2026-01-03,3,0,crunch,,0
R09708,H03375,B24,P042,2026-01-03,3,0,taste,,0
R09709,H00118,B48,,2026-01-04,3,1,portion size,,0
R09710,H00292,B46,,2026-01-04,3,0,fizz,,0
R09711,H00348,B15,,2026-01-04,2,0,refreshing,price,0
R09712,H00577,B49,,2026-01-04,3,0,,price,0
R09713,H00635,B01,,2026-01-04,4,1,price,crunch,0
R09714,H00648,B01,,2026-01-04,5,1,crunch,,1
R09715,H00688,B49,,2026-01-04,5,1,ingredients,packaging,1
R09716,H00794,B21,,2026-01-04,5,1,sweetness,,1
R09717,H00812,B48,,2026-01-04,3,1,price,,1
R09718,H00900,B06,,2026-01-04,3,0,texture,,1
R09719,H00915,B05,,2026-01-04,4,1,crunch,,0
R09720,H01198,B37,,2026-01-04,2,0,taste,sweetness,0
R09721,H01213,B28,,2026-01-04,2,0,,energy boost,0
R09722,H01347,B45,,2026-01-04,3,0,refreshing,,0
R09723,H01491,B03,,2026-01-04,3,0,price,,0
R09724,H01494,B47,,2026-01-04,4,0,sweetness,,0
R09725,H01596,B24,,2026-01-04,5,1,price,,1
R09726,H01648,B30,,2026-01-04,2,1,,jar size,0
R09727,H01810,B06,,2026-01-04,3,0,price,,0
R09728,H01920,B37,,2026-01-04,2,1,,packaging,0
R09729,H02067,B28,,2026-01-04,2,0,,ingredients,0
R09730,H02167,B30,,2026-01-04,2,0,,flavour depth,0
R09731,H02206,B27,,2026-01-04,5,1,heat,,0
R09732,H02286,B43,,2026-01-04,1,0,,refreshing,0
R09733,H02394,B31,,2026-01-04,4,0,versatility,,0
R09734,H02443,B13,,2026-01-04,5,1,sweetness,,1
R09735,H02458,B42,,2026-01-04,3,0,,price,1
R09736,H02562,B09,,2026-01-04,5,1,price,,0
R09737,H02678,B41,,2026-01-04,3,1,crunch,,0
R09738,H02716,B19,,2026-01-04,3,0,,heat,0
R09739,H02777,B47,,2026-01-04,5,1,packaging,,1
R09740,H02779,B23,,2026-01-04,1,0,,taste,0
R09741,H02839,B04,,2026-01-04,4,1,crunch,,1
R09742,H02971,B45,,2026-01-04,5,1,price,,1
R09743,H03342,B41,,2026-01-04,2,0,packaging,crunch,0
R09744,H03361,B36,P042,2026-01-04,5,1,price,,0
R09745,H03363,B07,P042,2026-01-04,1,0,,texture,0
R09746,H03363,B24,P042,2026-01-04,5,1,strength,,0
R09747,H03371,B29,P042,2026-01-04,4,0,price,energy boost,0
R09748,H03372,B07,P042,2026-01-04,4,1,flavour depth,,0
R09749,H03372,B24,P042,2026-01-04,3,0,,packaging,0
R09750,H03374,B24,P042,2026-01-04,4,1,ingredients,taste,0
R09751,H03375,B36,P042,2026-01-04,5,1,seasoning,crunch,0
R09752,H03376,B07,P042,2026-01-04,4,1,flavour depth,,1
R09753,H00123,B36,,2026-01-05,1,0,,portion size,0
R09754,H00210,B41,,2026-01-05,1,0,crunch,saltiness,0
R09755,H00351,B24,,2026-01-05,4,1,price,,0
R09756,H00414,B32,,2026-01-05,2,1,,build quality,0
R09757,H00525,B18,,2026-01-05,4,1,price,,1
R09758,H00755,B05,,2026-01-05,3,0,,crunch,0
R09759,H00782,B25,,2026-01-05,4,0,seasoning,,0
R09760,H00789,B11,,2026-01-05,5,1,packaging,,1
R09761,H00885,B07,,2026-01-05,2,1,,texture,0
R09762,H01155,B11,,2026-01-05,5,1,taste,,0
R09763,H01170,B43,,2026-01-05,3,1,,sweetness,0
R09764,H01286,B24,,2026-01-05,4,1,ingredients,,1
R09765,H01323,B14,,2026-01-05,4,1,price,,1
R09766,H01416,B26,,2026-01-05,5,1,packaging,,1
R09767,H01647,B01,,2026-01-05,4,0,price,,0
R09768,H01736,B38,,2026-01-05,3,0,,taste,0
R09769,H01773,B21,,2026-01-05,4,1,sweetness,,0
R09770,H01882,B23,,2026-01-05,3,0,,taste,1
R09771,H01922,B08,,2026-01-05,2,0,flavour depth,versatility,0
R09772,H02050,B05,,2026-01-05,3,1,price,,1
R09773,H02131,B46,,2026-01-05,5,1,refreshing,,1
R09774,H02155,B15,,2026-01-05,3,0,,refreshing,0
R09775,H02389,B18,,2026-01-05,3,1,packaging,,0
R09776,H02420,B15,,2026-01-05,4,1,price,,0
R09777,H02478,B16,,2026-01-05,4,0,sweetness,,1
R09778,H02563,B18,,2026-01-05,5,1,taste,,1
R09779,H02659,B35,,2026-01-05,5,1,taste,,1
R09780,H02817,B43,,2026-01-05,5,1,taste,,0
R09781,H03209,B17,,2026-01-05,4,0,price,fizz,1
R09782,H03214,B31,,2026-01-05,5,1,heat,,0
R09783,H03307,B21,,2026-01-05,3,0,,aftertaste,0
R09784,H03322,B27,,2026-01-05,5,1,heat,,1
R09785,H03366,B07,P042,2026-01-05,5,1,heat,,0
R09786,H03370,B07,,2026-01-05,3,0,texture,,0
R09787,H03376,B24,P042,2026-01-05,5,0,ingredients,aroma,1
R09788,H00218,B35,,2026-01-06,2,0,,texture,0
R09789,H00276,B17,,2026-01-06,4,1,refreshing,,1
R09790,H00342,B41,,2026-01-06,3,0,,crunch,0
R09791,H00480,B34,,2026-01-06,4,1,strength,,0
R09792,H00666,B43,,2026-01-06,3,0,,taste,0
R09793,H00757,B12,,2026-01-06,3,1,,taste,0
R09794,H01023,B47,,2026-01-06,5,1,price,ingredients,1
R09795,H01077,B22,,2026-01-06,4,1,ingredients,,1
R09796,H01222,B32,,2026-01-06,2,0,,size,0
R09797,H01443,B32,,2026-01-06,3,0,price,,0
R09798,H01573,B19,,2026-01-06,2,0,jar size,price,0
R09799,H01713,B24,,2026-01-06,5,0,ingredients,,1
R09800,H01716,B39,,2026-01-06,5,1,flavour depth,,1
R09801,H01820,B42,,2026-01-06,4,1,aroma,,1
R09802,H01917,B20,,2026-01-06,2,0,refreshing,price,0
R09803,H01964,B28,,2026-01-06,5,1,ingredients,portability,1
R09804,H01972,B28,,2026-01-06,4,1,energy boost,,0
R09805,H01988,B43,,2026-01-06,5,1,fizz,,0
R09806,H02004,B47,,2026-01-06,4,1,sweetness,,1
R09807,H02402,B21,,2026-01-06,3,0,taste,,0
R09808,H02407,B18,,2026-01-06,2,0,,taste,0
R09809,H02764,B47,,2026-01-06,3,1,texture,,0
R09810,H02897,B01,,2026-01-06,5,1,price,,1
R09811,H03178,B29,,2026-01-06,4,1,ingredients,,0
R09812,H03180,B29,,2026-01-06,3,0,taste,,0
R09813,H03229,B15,,2026-01-06,5,1,packaging,,1
R09814,H03253,B06,,2026-01-06,2,0,,ingredients,0
R09815,H03326,B42,,2026-01-06,2,0,,taste,0
R09816,H03365,B24,P042,2026-01-06,3,1,aroma,,1
R09817,H03377,B24,P042,2026-01-06,3,0,,aroma,0
R09818,H00146,B04,,2026-01-07,4,1,saltiness,,1
R09819,H00179,B36,,2026-01-07,3,0,price,,0
R09820,H00490,B35,,2026-01-07,3,1,,ingredients,1
R09821,H00514,B36,,2026-01-07,2,0,,packaging,0
R09822,H01152,B01,,2026-01-07,4,1,price,,1
R09823,H01183,B31,,2026-01-07,3,0,jar size,,0
R09824,H02075,B26,,2026-01-07,4,0,seasoning,portion size,0
R09825,H02237,B14,,2026-01-07,5,0,refreshing,taste,1
R09826,H02363,B18,,2026-01-07,5,1,fizz,,1
R09827,H02367,B18,,2026-01-07,2,0,sweetness,refreshing,0
R09828,H02702,B38,,2026-01-07,3,0,packaging,,0
R09829,H02770,B22,,2026-01-07,4,1,taste,,0
R09830,H02906,B20,,2026-01-07,4,1,refreshing,packaging,1
R09831,H02974,B15,,2026-01-07,3,0,,aftertaste,1
R09832,H02986,B13,,2026-01-07,2,0,,packaging,0
R09833,H03285,B01,,2026-01-07,3,1,packaging,,0
R09834,H00026,B43,,2026-01-08,4,1,aftertaste,taste,0
R09835,H00139,B25,,2026-01-08,4,0,packaging,,1
R09836,H00170,B27,,2026-01-08,3,1,texture,,0
R09837,H00191,B01,,2026-01-08,4,1,packaging,,0
R09838,H00235,B35,,2026-01-08,1,0,,energy boost,0
R09839,H00291,B40,,2026-01-08,3,0,taste,,0
R09840,H00551,B33,,2026-01-08,4,1,packaging,,0
R09841,H00592,B11,,2026-01-08,3,1,,packaging,0
R09842,H00642,B04,,2026-01-08,3,0,,price,0
R09843,H00650,B30,,2026-01-08,2,0,jar size,texture,0
R09844,H00695,B41,,2026-01-08,5,1,packaging,seasoning,1
R09845,H00696,B08,,2026-01-08,3,1,heat,,0
R09846,H00798,B25,,2026-01-08,5,1,portion size,,1
R09847,H00813,B46,,2026-01-08,2,0,aftertaste,sweetness,0
R09848,H00936,B29,,2026-01-08,5,1,portability,,1
R09849,H01140,B28,,2026-01-08,2,0,,texture,0
R09850,H01287,B46,,2026-01-08,2,0,sweetness,fizz,0
R09851,H01405,B20,,2026-01-08,2,0,,refreshing,0
R09852,H01436,B17,,2026-01-08,2,0,,refreshing,0
R09853,H01520,B16,,2026-01-08,2,0,,aftertaste,0
R09854,H01989,B27,,2026-01-08,3,0,price,,0
R09855,H02117,B47,,2026-01-08,3,0,,sweetness,0
R09856,H02150,B20,,2026-01-08,3,0,price,,1
R09857,H02488,B09,,2026-01-08,4,1,taste,,0
R09858,H02501,B22,,2026-01-08,5,1,sweetness,,0
R09859,H02755,B48,,2026-01-08,5,1,crunch,,0
R09860,H03055,B29,,2026-01-08,3,0,texture,,0
R09861,H03206,B35,,2026-01-08,4,1,portability,,1
R09862,H03366,B19,,2026-01-08,2,0,texture,jar size,0
R09863,H00068,B24,,2026-01-09,4,1,price,,1
R09864,H00091,B44,,2026-01-09,4,1,taste,,0
R09865,H00524,B28,,2026-01-09,4,1,taste,,0
R09866,H00552,B15,,2026-01-09,5,1,price,,1
R09867,H00637,B01,,2026-01-09,3,0,,price,0
R09868,H00736,B19,,2026-01-09,4,0,price,jar size,0
R09869,H00787,B26,,2026-01-09,4,1,portion size,,1
R09870,H00840,B14,,2026-01-09,3,0,refreshing,,0
R09871,H00875,B41,,2026-01-09,2,0,,packaging,0
R09872,H01177,B12,,2026-01-09,5,1,price,sweetness,0
R09873,H01213,B45,,2026-01-09,3,0,,sweetness,1
R09874,H01262,B38,,2026-01-09,4,0,packaging,ingredients,1
R09875,H01461,B21,,2026-01-09,3,0,,taste,0
R09876,H01706,B25,,2026-01-09,4,1,packaging,saltiness,0
R09877,H02139,B44,,2026-01-09,3,1,,fizz,1
R09878,H02143,B02,,2026-01-09,2,1,,saltiness,0
R09879,H02237,B35,,2026-01-09,5,1,portability,price,1
R09880,H02242,B33,,2026-01-09,5,1,sweetness,price,1
R09881,H02272,B13,,2026-01-09,4,0,aftertaste,,1
R09882,H02383,B26,,2026-01-09,4,1,seasoning,,1
R09883,H02397,B07,,2026-01-09,3,0,,texture,0
R09884,H02633,B11,,2026-01-09,4,0,packaging,,0
R09885,H03026,B09,,2026-01-09,3,1,,sweetness,1
R09886,H03151,B01,,2026-01-09,2,0,seasoning,crunch,0
R09887,H03238,B08,,2026-01-09,4,1,flavour depth,,1
R09888,H03256,B32,,2026-01-09,3,1,,size,0
R09889,H03344,B46,,2026-01-09,4,1,aftertaste,,1
R09890,H03374,B47,,2026-01-09,2,0,texture,ingredients,0
R09891,H00069,B24,,2026-01-10,3,0,,aroma,0
R09892,H00089,B04,,2026-01-10,2,0,,price,0
R09893,H00437,B44,,2026-01-10,4,1,packaging,,0
R09894,H00549,B24,,2026-01-10,4,0,strength,,0
R09895,H00638,B21,,2026-01-10,3,1,,taste,0
R09896,H00801,B43,,2026-01-10,4,1,fizz,,0
R09897,H00933,B31,,2026-01-10,4,1,jar size,,1
R09898,H00967,B31,,2026-01-10,2,0,,texture,0
R09899,H01091,B07,,2026-01-10,3,1,,versatility,0
R09900,H01181,B05,,2026-01-10,3,1,,portion size,0
R09901,H01186,B25,,2026-01-10,5,1,portion size,,1
R09902,H01285,B09,,2026-01-10,4,1,price,taste,1
R09903,H01302,B18,,2026-01-10,3,0,,taste,0
R09904,H01679,B47,,2026-01-10,2,0,,packaging,0
R09905,H01681,B32,,2026-01-10,4,1,usefulness,,0
R09906,H01683,B03,,2026-01-10,2,0,,portability,1
R09907,H01722,B23,,2026-01-10,4,1,sweetness,,0
R09908,H01792,B27,,2026-01-10,4,1,flavour depth,,1
R09909,H02031,B20,,2026-01-10,4,1,taste,,0
R09910,H02092,B05,,2026-01-10,4,0,saltiness,,1
R09911,H02121,B17,,2026-01-10,3,0,price,,1
R09912,H02211,B32,,2026-01-10,4,0,build quality,price,0
R09913,H02296,B14,,2026-01-10,2,0,packaging,sweetness,0
R09914,H02504,B39,,2026-01-10,4,1,texture,,1
R09915,H02547,B21,,2026-01-10,3,1,refreshing,,0
R09916,H02612,B19,,2026-01-10,3,1,heat,,0
R09917,H02851,B29,,2026-01-10,3,0,ingredients,,0
R09918,H02990,B14,,2026-01-10,4,0,packaging,,1
R09919,H03143,B02,,2026-01-10,4,1,crunch,,1
R09920,H03172,B01,,2026-01-10,2,0,seasoning,crunch,0
R09921,H03303,B17,,2026-01-10,5,1,refreshing,,1
R09922,H03398,B35,,2026-01-10,3,0,taste,,1
R09923,H00010,B48,,2026-01-11,3,0,,crunch,0
R09924,H00369,B25,,2026-01-11,3,0,,portion size,1
R09925,H00804,B34,,2026-01-11,3,0,aroma,,0
R09926,H01003,B37,,2026-01-11,3,1,,taste,0
R09927,H01013,B30,,2026-01-11,4,1,versatility,,1
R09928,H01171,B42,,2026-01-11,2,0,strength,price,0
R09929,H01206,B06,,2026-01-11,2,0,,ingredients,0
R09930,H01255,B07,,2026-01-11,4,1,flavour depth,,0
R09931,H01380,B24,,2026-01-11,2,0,,packaging,0
R09932,H01955,B02,,2026-01-11,3,1,,seasoning,0
R09933,H02008,B15,,2026-01-11,2,1,,aftertaste,0
R09934,H02160,B11,,2026-01-11,3,1,,fizz,0
R09935,H02332,B31,,2026-01-11,5,1,flavour depth,,1
R09936,H02393,B36,,2026-01-11,3,0,price,,1
R09937,H02428,B28,,2026-01-11,2,0,,texture,0
R09938,H02523,B36,,2026-01-11,4,1,price,,1
R09939,H02641,B21,,2026-01-11,5,1,aftertaste,sweetness,0
R09940,H02671,B24,,2026-01-11,2,0,,ingredients,0
R09941,H02830,B15,,2026-01-11,5,1,refreshing,,1
R09942,H02895,B18,,2026-01-11,3,0,,sweetness,0
R09943,H02929,B06,,2026-01-11,3,0,,packaging,0
R09944,H03163,B37,,2026-01-11,3,1,,ingredients,1
R09945,H03170,B07,,2026-01-11,5,1,jar size,price,1
R09946,H03213,B42,,2026-01-11,2,0,,price,0
R09947,H03239,B19,,2026-01-11,4,0,price,jar size,0
R09948,H00226,B13,,2026-01-12,2,0,,fizz,0
R09949,H00236,B24,,2026-01-12,4,0,taste,,1
R09950,H00532,B45,,2026-01-12,5,0,refreshing,,1
R09951,H00603,B39,,2026-01-12,3,0,price,,1
R09952,H00641,B06,,2026-01-12,3,1,,sweetness,0
R09953,H00817,B23,,2026-01-12,2,0,sweetness,packaging,0
R09954,H01383,B33,,2026-01-12,4,1,refreshing,,1
R09955,H01456,B03,,2026-01-12,3,0,portability,,0
R09956,H01461,B24,,2026-01-12,5,1,aroma,,1
R09957,H01669,B36,,2026-01-12,4,1,price,,1
R09958,H01715,B23,,2026-01-12,2,0,,texture,0
R09959,H01762,B01,,2026-01-12,5,1,portion size,,1
R09960,H01879,B20,,2026-01-12,4,0,price,,1
R09961,H02025,B05,,2026-01-12,4,0,portion size,seasoning,1
R09962,H02205,B14,,2026-01-12,2,1,,packaging,0
R09963,H02483,B10,,2026-01-12,3,0,,packaging,0
R09964,H02536,B28,,2026-01-12,3,1,price,,0
R09965,H02551,B36,,2026-01-12,1,0,,portion size,0
R09966,H02947,B31,,2026-01-12,1,0,,texture,0
R09967,H02997,B46,,2026-01-12,4,1,aftertaste,,0
R09968,H03092,B30,,2026-01-12,1,0,price,heat,0
R09969,H03216,B11,,2026-01-12,2,0,,aftertaste,0
R09970,H03303,B12,,2026-01-12,2,0,,fizz,0
R09971,H03393,B45,,2026-01-12,5,1,refreshing,,1
R09972,H00104,B12,,2026-01-13,5,1,refreshing,,0
R09973,H00111,B43,,2026-01-13,5,1,aftertaste,,1
R09974,H00175,B05,,2026-01-13,2,0,crunch,portion size,0
R09975,H00335,B05,,2026-01-13,4,1,crunch,,1
R09976,H00399,B19,,2026-01-13,2,1,,heat,0
R09977,H00643,B30,,2026-01-13,2,1,,texture,0
R09978,H00691,B43,,2026-01-13,4,1,price,,1
R09979,H00716,B21,,2026-01-13,3,0,taste,,0
R09980,H00888,B19,,2026-01-13,2,0,,versatility,0
R09981,H01057,B47,,2026-01-13,3,0,price,,0
R09982,H01063,B10,,2026-01-13,1,0,,taste,0
R09983,H01181,B31,,2026-01-13,3,1,jar size,,0
R09984,H01202,B07,,2026-01-13,5,1,price,,1
R09985,H01682,B13,,2026-01-13,3,0,,packaging,1
R09986,H01767,B30,,2026-01-13,2,0,,heat,0
R09987,H01858,B03,,2026-01-13,3,0,portability,,0
R09988,H01876,B08,,2026-01-13,3,1,flavour depth,,0
R09989,H01929,B36,,2026-01-13,3,0,crunch,,0
R09990,H01958,B02,,2026-01-13,3,0,portion size,,0
R09991,H02323,B06,,2026-01-13,3,1,,taste,0
R09992,H02502,B48,,2026-01-13,2,0,,crunch,0
R09993,H02522,B43,,2026-01-13,4,1,price,,0
R09994,H02524,B20,,2026-01-13,3,1,aftertaste,,1
R09995,H02536,B42,,2026-01-13,4,1,ingredients,,1
R09996,H02565,B43,,2026-01-13,4,1,packaging,,1
R09997,H02602,B36,,2026-01-13,5,1,portion size,,0
R09998,H02684,B39,,2026-01-13,3,0,,texture,0
R09999,H03056,B13,,2026-01-13,4,0,taste,,0
R10000,H03154,B46,,2026-01-13,5,1,refreshing,,1
R10001,H03223,B07,,2026-01-13,5,1,texture,,0
R10002,H03224,B13,,2026-01-13,5,1,sweetness,,1
R10003,H00213,B20,,2026-01-14,2,0,,aftertaste,0
R10004,H00218,B01,,2026-01-14,3,0,crunch,,1
R10005,H00245,B40,,2026-01-14,3,1,,fizz,0
R10006,H00360,B39,,2026-01-14,3,1,flavour depth,,0
R10007,H00515,B19,,2026-01-14,3,0,heat,,0
R10008,H00823,B34,,2026-01-14,5,1,price,,1
R10009,H00934,B45,,2026-01-14,1,0,,sweetness,0
R10010,H01027,B13,,2026-01-14,2,0,,packaging,0
R10011,H01074,B40,,2026-01-14,3,0,,taste,1
R10012,H01157,B47,,2026-01-14,3,0,taste,,0
R10013,H01344,B23,,2026-01-14,1,0,,texture,0
R10014,H01527,B40,,2026-01-14,3,0,packaging,,0
R10015,H01579,B17,,2026-01-14,5,1,taste,,1
R10016,H01691,B15,,2026-01-14,3,1,price,,1
R10017,H01947,B41,,2026-01-14,4,1,portion size,packaging,0
R10018,H02003,B20,,2026-01-14,5,1,aftertaste,,1
R10019,H02136,B17,,2026-01-14,2,0,,fizz,0
R10020,H02200,B15,,2026-01-14,1,0,,price,0
R10021,H02219,B19,,2026-01-14,4,1,jar size,,0
R10022,H02298,B12,,2026-01-14,3,0,,aftertaste,0
R10023,H02329,B23,,2026-01-14,3,0,texture,,0
R10024,H02378,B47,,2026-01-14,4,0,taste,,0
R10025,H02834,B08,,2026-01-14,2,0,,flavour depth,0
R10026,H03022,B23,,2026-01-14,4,1,sweetness,,0
R10027,H03069,B29,,2026-01-14,5,1,taste,,1
R10028,H03135,B19,,2026-01-14,3,1,texture,,0
R10029,H03141,B02,,2026-01-14,4,1,seasoning,,0
R10030,H03148,B29,,2026-01-14,2,0,,price,0
R10031,H00095,B29,,2026-01-15,5,1,price,,1
R10032,H00111,B46,,2026-01-15,2,0,,refreshing,0
R10033,H00632,B17,,2026-01-15,2,1,,refreshing,0
R10034,H00969,B43,,2026-01-15,4,1,price,,0
R10035,H00981,B30,,2026-01-15,3,0,,texture,0
R10036,H01015,B41,,2026-01-15,2,0,,saltiness,0
R10037,H01047,B09,,2026-01-15,4,0,taste,,1
R10038,H01124,B40,,2026-01-15,2,0,,aftertaste,0
R10039,H01165,B04,,2026-01-15,2,0,,portion size,0
R10040,H01605,B44,,2026-01-15,4,1,refreshing,,1
R10041,H01635,B29,,2026-01-15,4,0,taste,,0
R10042,H01648,B21,,2026-01-15,4,0,refreshing,,0
R10043,H01660,B14,,2026-01-15,3,0,,aftertaste,0
R10044,H01666,B10,,2026-01-15,3,0,ingredients,,0
R10045,H01677,B44,,2026-01-15,2,0,,price,0
R10046,H01755,B02,,2026-01-15,4,0,packaging,,1
R10047,H01927,B12,,2026-01-15,2,0,,sweetness,0
R10048,H02050,B31,,2026-01-15,5,0,versatility,,1
R10049,H02056,B28,,2026-01-15,3,0,,ingredients,0
R10050,H02105,B41,,2026-01-15,3,0,,packaging,1
R10051,H02131,B41,,2026-01-15,3,1,packaging,,0
R10052,H02379,B07,,2026-01-15,2,0,,heat,0
R10053,H02416,B31,,2026-01-15,4,1,versatility,,1
R10054,H02490,B48,,2026-01-15,2,0,,crunch,0
R10055,H02493,B12,,2026-01-15,3,0,packaging,,0
R10056,H02501,B16,,2026-01-15,4,1,taste,,0
R10057,H02784,B38,,2026-01-15,3,1,,price,0
R10058,H02984,B42,,2026-01-15,3,0,,aroma,0
R10059,H03029,B25,,2026-01-15,2,0,packaging,crunch,0
R10060,H03045,B02,,2026-01-15,5,1,packaging,,1
R10061,H03054,B38,,2026-01-15,3,1,,ingredients,0
R10062,H03090,B20,,2026-01-15,4,1,taste,,0
R10063,H03182,B37,,2026-01-15,4,0,price,,1
R10064,H03186,B48,,2026-01-15,4,1,portion size,,0
R10065,H03199,B17,,2026-01-15,2,0,aftertaste,price,0
R10066,H03282,B45,,2026-01-15,4,1,packaging,taste,1
R10067,H03368,B11,,2026-01-15,3,0,,sweetness,1
R10068,H03404,B34,,2026-01-15,4,1,price,,0
R10069,H03452,B31,,2026-01-15,2,0,versatility,flavour depth,0
R10070,H03455,B02,P043,2026-01-15,4,1,crunch,,1
R10071,H00088,B43,,2026-01-16,4,1,packaging,sweetness,1
R10072,H00414,B22,,2026-01-16,3,0,,taste,0
R10073,H00741,B48,,2026-01-16,3,0,,portion size,1
R10074,H00815,B05,,2026-01-16,3,0,,seasoning,0
R10075,H00884,B46,,2026-01-16,2,0,,refreshing,0
R10076,H01051,B43,,2026-01-16,4,1,packaging,,1
R10077,H01675,B36,,2026-01-16,1,0,,portion size,0
R10078,H01684,B36,,2026-01-16,5,1,seasoning,,1
R10079,H01688,B31,,2026-01-16,4,1,versatility,,0
R10080,H02002,B13,,2026-01-16,2,0,,packaging,0
R10081,H02173,B46,,2026-01-16,2,0,,packaging,0
R10082,H02380,B34,,2026-01-16,3,1,,packaging,1
R10083,H02598,B30,,2026-01-16,3,0,,flavour depth,0
R10084,H02719,B02,,2026-01-16,5,1,portion size,,1
R10085,H03017,B43,,2026-01-16,5,1,refreshing,price,1
R10086,H03021,B09,,2026-01-16,3,1,,ingredients,1
R10087,H03087,B37,,2026-01-16,3,1,,sweetness,0
R10088,H03120,B24,,2026-01-16,4,1,price,,0
R10089,H03267,B30,,2026-01-16,2,0,jar size,flavour depth,0
R10090,H03319,B38,,2026-01-16,4,1,sweetness,,1
R10091,H03393,B13,,2026-01-16,5,1,price,,1
R10092,H03455,B26,P043,2026-01-16,3,1,,packaging,0
R10093,H00160,B36,,2026-01-17,4,0,packaging,,1
R10094,H00173,B12,,2026-01-17,4,0,taste,sweetness,1
R10095,H00192,B19,,2026-01-17,2,1,,texture,0
R10096,H00229,B41,,2026-01-17,3,1,,price,1
R10097,H00477,B35,,2026-01-17,2,1,ingredients,taste,0
R10098,H00698,B04,,2026-01-17,3,1,price,,1
R10099,H00729,B30,,2026-01-17,1,0,,jar size,0
R10100,H00785,B14,,2026-01-17,4,1,packaging,,0
R10101,H00825,B06,,2026-01-17,5,1,taste,,0
R10102,H00841,B24,,2026-01-17,1,0,,strength,0
R10103,H00950,B28,,2026-01-17,3,0,,taste,0
R10104,H01055,B39,,2026-01-17,2,0,,price,0
R10105,H01315,B43,,2026-01-17,3,0,sweetness,,0
R10106,H01366,B20,,2026-01-17,3,0,,price,0
R10107,H01367,B33,,2026-01-17,4,1,sweetness,,1
R10108,H01506,B46,,2026-01-17,5,1,price,,1
R10109,H01511,B27,,2026-01-17,3,1,,texture,0
R10110,H01952,B39,,2026-01-17,3,1,,price,0
R10111,H02095,B33,,2026-01-17,5,1,sweetness,aftertaste,1
R10112,H02229,B38,,2026-01-17,3,0,packaging,,0
R10113,H02315,B44,,2026-01-17,3,1,,refreshing,0
R10114,H02328,B14,,2026-01-17,5,1,packaging,fizz,1
R10115,H02614,B27,,2026-01-17,5,0,versatility,,1
R10116,H02619,B39,,2026-01-17,4,1,texture,,0
R10117,H02693,B42,,2026-01-17,2,0,,packaging,0
R10118,H02726,B28,,2026-01-17,2,0,,price,0
R10119,H02842,B43,,2026-01-17,4,1,aftertaste,taste,0
R10120,H03009,B49,,2026-01-17,5,1,price,,1
R10121,H03184,B19,,2026-01-17,5,1,texture,,1
R10122,H03189,B41,,2026-01-17,2,0,,portion size,0
R10123,H03454,B03,P043,2026-01-17,4,0,texture,portability,0
R10124,H03455,B10,,2026-01-17,5,1,aroma,,1
R10125,H03456,B04,P043,2026-01-17,5,0,saltiness,,0
R10126,H00133,B12,,2026-01-18,4,1,taste,,1
R10127,H00163,B01,,2026-01-18,2,0,,saltiness,0
R10128,H00443,B27,,2026-01-18,4,1,versatility,,0
R10129,H00516,B17,,2026-01-18,3,0,,aftertaste,0
R10130,H00652,B44,,2026-01-18,3,1,aftertaste,,0
R10131,H00853,B29,,2026-01-18,5,0,portability,,1
R10132,H00888,B40,,2026-01-18,3,0,packaging,,0
R10133,H00950,B19,,2026-01-18,5,0,price,,1
R10134,H01007,B01,,2026-01-18,5,1,saltiness,,1
R10135,H01054,B38,,2026-01-18,5,1,sweetness,,0
R10136,H01096,B22,,2026-01-18,2,0,,ingredients,0
R10137,H01304,B01,,2026-01-18,3,1,portion size,,0
R10138,H01451,B39,,2026-01-18,4,0,flavour depth,heat,0
R10139,H01831,B22,,2026-01-18,2,1,taste,sweetness,0
R10140,H01891,B26,,2026-01-18,5,1,crunch,seasoning,1
R10141,H01936,B39,,2026-01-18,3,0,,texture,0
R10142,H02128,B45,,2026-01-18,3,1,packaging,,0
R10143,H02350,B37,,2026-01-18,2,0,,price,0
R10144,H02635,B05,,2026-01-18,4,1,saltiness,packaging,1
R10145,H02841,B17,,2026-01-18,4,1,sweetness,,0
R10146,H02856,B19,,2026-01-18,5,1,price,,1
R10147,H03043,B37,,2026-01-18,4,1,texture,,1
R10148,H03049,B06,,2026-01-18,5,1,sweetness,,1
R10149,H03245,B37,,2026-01-18,3,0,taste,,0
R10150,H00070,B48,,2026-01-19,4,1,price,,0
R10151,H00120,B28,,2026-01-19,4,1,texture,,1
R10152,H00430,B27,,2026-01-19,4,1,heat,,0
R10153,H00486,B45,,2026-01-19,2,0,,fizz,0
R10154,H00512,B03,,2026-01-19,2,1,,portability,0
R10155,H00524,B34,,2026-01-19,5,1,aroma,price,0
R10156,H01035,B23,,2026-01-19,2,0,,sweetness,0
R10157,H01045,B07,,2026-01-19,4,0,texture,price,0
R10158,H01068,B28,,2026-01-19,3,1,,price,1
R10159,H01465,B06,,2026-01-19,4,1,packaging,,1
R10160,H01519,B14,,2026-01-19,3,1,price,,1
R10161,H01551,B17,,2026-01-19,1,0,,packaging,0
R10162,H01552,B44,,2026-01-19,3,0,,aftertaste,0
R10163,H01653,B47,,2026-01-19,5,1,ingredients,,1
R10164,H01734,B02,,2026-01-19,5,1,price,,1
R10165,H01827,B10,,2026-01-19,5,1,aroma,,1
R10166,H01989,B45,,2026-01-19,3,0,fizz,,0
R10167,H02814,B01,,2026-01-19,3,1,seasoning,,0
R10168,H03453,B02,P043,2026-01-19,5,1,saltiness,,1
R10169,H00265,B29,,2026-01-20,2,0,portability,taste,0
R10170,H00402,B42,,2026-01-20,2,0,taste,packaging,1
R10171,H00504,B01,,2026-01-20,4,1,crunch,,1
R10172,H00518,B24,,2026-01-20,5,1,ingredients,,1
R10173,H00642,B19,,2026-01-20,2,0,,heat,0
R10174,H00740,B12,,2026-01-20,4,1,taste,,0
R10175,H00752,B06,,2026-01-20,4,1,sweetness,,0
R10176,H00865,B44,,2026-01-20,1,0,,aftertaste,0
R10177,H01363,B02,,2026-01-20,4,0,portion size,,1
R10178,H01425,B23,,2026-01-20,4,1,texture,,1
R10179,H01425,B26,,2026-01-20,3,0,,seasoning,0
R10180,H01479,B12,,2026-01-20,3,1,,packaging,0
R10181,H01539,B10,,2026-01-20,4,1,aroma,,0
R10182,H01701,B12,,2026-01-20,3,0,,price,0
R10183,H01759,B46,,2026-01-20,3,0,price,,0
R10184,H01887,B09,,2026-01-20,3,1,packaging,,0
R10185,H01908,B02,,2026-01-20,3,0,crunch,,0
R10186,H02107,B01,,2026-01-20,3,0,,saltiness,0
R10187,H02189,B15,,2026-01-20,4,1,price,,0
R10188,H02213,B34,,2026-01-20,4,1,packaging,,0
R10189,H02398,B37,,2026-01-20,2,0,,sweetness,0
R10190,H02455,B08,,2026-01-20,2,0,,flavour depth,0
R10191,H02541,B42,,2026-01-20,3,1,strength,,0
R10192,H02647,B47,,2026-01-20,2,0,price,taste,0
R10193,H02693,B20,,2026-01-20,4,0,fizz,sweetness,1
R10194,H02813,B40,,2026-01-20,4,1,aftertaste,,0
R10195,H02858,B38,,2026-01-20,4,0,price,,1
R10196,H02971,B25,,2026-01-20,3,1,price,,0
R10197,H03024,B20,,2026-01-20,4,1,sweetness,,1
R10198,H03148,B18,,2026-01-20,4,1,aftertaste,packaging,1
R10199,H03388,B49,,2026-01-20,3,0,,sweetness,0
R10200,H03415,B04,,2026-01-20,4,1,saltiness,,1
R10201,H03436,B34,,2026-01-20,5,1,strength,,1
R10202,H03455,B04,P043,2026-01-20,3,0,,crunch,0
R10203,H00251,B01,,2026-01-21,4,0,saltiness,,0
R10204,H00285,B06,,2026-01-21,2,0,taste,packaging,0
R10205,H00320,B40,,2026-01-21,5,0,refreshing,,0
R10206,H00348,B01,,2026-01-21,3,0,price,,0
R10207,H00422,B04,,2026-01-21,3,0,crunch,,0
R10208,H00430,B02,,2026-01-21,4,0,saltiness,,0
R10209,H00510,B06,,2026-01-21,4,1,packaging,,0
R10210,H00740,B43,,2026-01-21,2,0,,sweetness,0
R10211,H01091,B44,,2026-01-21,4,0,fizz,,0
R10212,H01165,B14,,2026-01-21,2,0,,sweetness,0
R10213,H01394,B13,,2026-01-21,2,0,,price,1
R10214,H01751,B42,,2026-01-21,5,1,aroma,,1
R10215,H02025,B01,,2026-01-21,3,0,,seasoning,0
R10216,H02078,B12,,2026-01-21,3,0,sweetness,,0
R10217,H02128,B41,,2026-01-21,3,0,,crunch,0
R10218,H02210,B14,,2026-01-21,5,1,aftertaste,,0
R10219,H02449,B17,,2026-01-21,4,1,taste,,1
R10220,H02550,B07,,2026-01-21,1,0,,versatility,0
R10221,H02863,B06,,2026-01-21,5,1,taste,,1
R10222,H02885,B21,,2026-01-21,5,1,taste,,1
R10223,H03277,B07,,2026-01-21,2,0,,price,0
R10224,H03353,B04,,2026-01-21,2,0,,packaging,0
R10225,H03366,B39,,2026-01-21,4,0,flavour depth,,0
R10226,H03454,B26,P043,2026-01-21,4,0,seasoning,packaging,1
R10227,H03484,B36,,2026-01-21,2,0,,saltiness,0
R10228,H00019,B46,,2026-01-22,5,1,sweetness,,1
R10229,H00083,B35,,2026-01-22,3,0,price,,0
R10230,H00193,B45,,2026-01-22,3,1,fizz,,0
R10231,H00300,B24,,2026-01-22,3,1,,taste,0
R10232,H00430,B20,,2026-01-22,4,0,price,,0
R10233,H00572,B43,,2026-01-22,5,1,price,,1
R10234,H00723,B30,,2026-01-22,3,0,flavour depth,,1
R10235,H00942,B37,,2026-01-22,2,1,,price,0
R10236,H01021,B27,,2026-01-22,3,1,texture,,0
R10237,H01557,B38,,2026-01-22,3,0,,price,0
R10238,H02025,B49,,2026-01-22,5,1,sweetness,,1
R10239,H02246,B22,,2026-01-22,2,1,price,packaging,0
R10240,H02375,B07,,2026-01-22,5,0,versatility,,1
R10241,H02476,B01,,2026-01-22,3,0,seasoning,,0
R10242,H02604,B26,,2026-01-22,3,0,,saltiness,0
R10243,H02647,B32,,2026-01-22,3,0,price,,0
R10244,H02655,B19,,2026-01-22,3,1,versatility,,0
R10245,H02718,B30,,2026-01-22,3,0,,versatility,0
R10246,H02727,B01,,2026-01-22,3,0,seasoning,,1
R10247,H02766,B13,,2026-01-22,5,1,aftertaste,,1
R10248,H02956,B29,,2026-01-22,5,1,portability,,1
R10249,H02962,B17,,2026-01-22,3,0,sweetness,,0
R10250,H03263,B36,,2026-01-22,3,0,,portion size,0
R10251,H03298,B33,,2026-01-22,2,0,,refreshing,0
R10252,H03454,B02,P043,2026-01-22,2,0,,saltiness,0
R10253,H03456,B02,P043,2026-01-22,5,1,packaging,,0
R10254,H03457,B03,P043,2026-01-22,3,1,,energy boost,0
R10255,H00023,B33,,2026-01-23,4,1,packaging,,0
R10256,H00138,B43,,2026-01-23,4,1,fizz,,1
R10257,H00576,B47,,2026-01-23,2,0,price,texture,0
R10258,H00782,B30,,2026-01-23,3,1,versatility,,1
R10259,H00841,B35,,2026-01-23,4,1,ingredients,,0
R10260,H00931,B07,,2026-01-23,4,1,heat,,0
R10261,H00934,B41,,2026-01-23,2,0,,seasoning,0
R10262,H00998,B13,,2026-01-23,5,1,aftertaste,,1
R10263,H01022,B39,,2026-01-23,5,1,flavour depth,,1
R10264,H01195,B37,,2026-01-23,2,0,,sweetness,0
R10265,H01672,B08,,2026-01-23,4,1,flavour depth,,0
R10266,H01868,B13,,2026-01-23,4,0,taste,,1
R10267,H01925,B14,,2026-01-23,3,0,price,,0
R10268,H02031,B47,,2026-01-23,5,1,taste,,1
R10269,H03054,B07,,2026-01-23,2,0,flavour depth,texture,0
R10270,H03086,B36,,2026-01-23,2,0,,seasoning,0
R10271,H03302,B29,,2026-01-23,3,1,price,,1
R10272,H03377,B43,,2026-01-23,3,1,,packaging,0
R10273,H00054,B41,,2026-01-24,2,0,,portion size,0
R10274,H00059,B25,,2026-01-24,3,0,,saltiness,0
R10275,H00081,B01,,2026-01-24,3,0,,saltiness,0
R10276,H00153,B16,,2026-01-24,3,0,fizz,,0
R10277,H00276,B13,,2026-01-24,4,1,packaging,,1
R10278,H00433,B25,,2026-01-24,3,0,portion size,,1
R10279,H00555,B02,,2026-01-24,4,1,packaging,,0
R10280,H00632,B24,,2026-01-24,5,1,packaging,,0
R10281,H00686,B12,,2026-01-24,2,0,packaging,fizz,0
R10282,H00940,B26,,2026-01-24,5,1,crunch,,1
R10283,H01147,B32,,2026-01-24,4,1,usefulness,,1
R10284,H01149,B43,,2026-01-24,5,1,refreshing,price,1
R10285,H01317,B39,,2026-01-24,4,1,texture,,0
R10286,H01334,B12,,2026-01-24,4,1,price,,1
R10287,H01540,B49,,2026-01-24,3,0,,texture,0
R10288,H01653,B31,,2026-01-24,2,0,,price,0
R10289,H01691,B21,,2026-01-24,5,1,taste,,1
R10290,H01753,B20,,2026-01-24,5,1,sweetness,,1
R10291,H01829,B16,,2026-01-24,5,1,price,,1
R10292,H01838,B49,,2026-01-24,4,1,ingredients,,1
R10293,H02063,B38,,2026-01-24,5,1,sweetness,packaging,1
R10294,H02108,B32,,2026-01-24,4,1,design,,1
R10295,H02167,B34,,2026-01-24,4,1,strength,,1
R10296,H02215,B06,,2026-01-24,3,1,sweetness,,0
R10297,H02276,B43,,2026-01-24,5,1,taste,,0
R10298,H02277,B15,,2026-01-24,2,0,,fizz,0
R10299,H02301,B29,,2026-01-24,5,1,price,,1
R10300,H02313,B29,,2026-01-24,3,0,,portability,0
R10301,H02341,B21,,2026-01-24,4,1,packaging,refreshing,1
R10302,H02355,B47,,2026-01-24,3,1,price,,0
R10303,H02617,B14,,2026-01-24,3,0,,aftertaste,0
R10304,H02753,B01,,2026-01-24,4,1,seasoning,,0
R10305,H02984,B45,,2026-01-24,4,1,packaging,,1
R10306,H02990,B48,,2026-01-24,3,0,portion size,,0
R10307,H03246,B22,,2026-01-24,2,0,texture,packaging,0
R10308,H00007,B29,,2026-01-25,5,1,price,,1
R10309,H00274,B27,,2026-01-25,3,1,versatility,,0
R10310,H00427,B33,,2026-01-25,4,1,price,,1
R10311,H00499,B16,,2026-01-25,2,1,,price,0
R10312,H00568,B41,,2026-01-25,2,0,,portion size,0
R10313,H00609,B41,,2026-01-25,3,0,,crunch,0
R10314,H00661,B19,,2026-01-25,3,0,jar size,,0
R10315,H00785,B47,,2026-01-25,5,1,texture,,1
R10316,H00938,B06,,2026-01-25,4,1,texture,,0
R10317,H01864,B22,,2026-01-25,5,1,sweetness,,1
R10318,H01881,B26,,2026-01-25,3,0,packaging,,0
R10319,H02071,B41,,2026-01-25,3,0,seasoning,,0
R10320,H02093,B30,,2026-01-25,2,1,,price,0
R10321,H02109,B19,,2026-01-25,4,0,texture,,1
R10322,H02216,B20,,2026-01-25,4,1,taste,,1
R10323,H02481,B48,,2026-01-25,5,1,packaging,,1
R10324,H02578,B11,,2026-01-25,4,1,price,,0
R10325,H02634,B06,,2026-01-25,4,1,packaging,,0
R10326,H02670,B48,,2026-01-25,4,1,price,,1
R10327,H02775,B49,,2026-01-25,4,1,price,,0
R10328,H02880,B13,,2026-01-25,4,0,aftertaste,,1
R10329,H03023,B01,,2026-01-25,5,1,crunch,packaging,1
R10330,H03043,B29,,2026-01-25,3,0,price,,0
R10331,H03073,B07,,2026-01-25,1,0,,price,0
R10332,H03106,B02,,2026-01-25,4,1,packaging,portion size,0
R10333,H03133,B33,,2026-01-25,2,0,refreshing,taste,0
R10334,H03152,B32,,2026-01-25,4,1,usefulness,,1
R10335,H03426,B22,,2026-01-25,4,1,packaging,,1
R10336,H03454,B34,,2026-01-25,3,0,strength,,0
R10337,H03513,B42,P044,2026-01-25,3,0,,packaging,0
R10338,H03514,B32,P044,2026-01-25,4,0,usefulness,,1
R10339,H03516,B02,P044,2026-01-25,4,0,saltiness,packaging,0
R10340,H03524,B42,P044,2026-01-25,4,1,strength,,0
R10341,H03526,B32,P044,2026-01-25,3,1,,design,1
R10342,H03530,B05,P044,2026-01-25,3,0,,seasoning,0
R10343,H03532,B43,P044,2026-01-25,5,1,sweetness,,0
R10344,H03533,B05,P044,2026-01-25,3,0,price,,1
R10345,H03539,B43,P044,2026-01-25,5,1,sweetness,,0
R10346,H03540,B05,P044,2026-01-25,5,1,price,,1
R10347,H03543,B32,P044,2026-01-25,2,0,design,price,1
R10348,H00020,B09,,2026-01-26,3,1,price,,0
R10349,H00039,B11,,2026-01-26,3,0,packaging,,0
R10350,H00109,B08,,2026-01-26,4,1,versatility,,0
R10351,H00131,B47,,2026-01-26,5,0,sweetness,price,1
R10352,H00214,B47,,2026-01-26,3,1,price,,0
R10353,H00335,B15,,2026-01-26,4,1,refreshing,,0
R10354,H00353,B19,,2026-01-26,4,1,versatility,,1
R10355,H00428,B15,,2026-01-26,2,0,,packaging,0
R10356,H00540,B23,,2026-01-26,5,0,sweetness,,1
R10357,H00559,B09,,2026-01-26,2,0,,taste,0
R10358,H00576,B02,,2026-01-26,5,1,portion size,,1
R10359,H00754,B02,,2026-01-26,3,1,seasoning,,0
R10360,H00888,B06,,2026-01-26,2,0,,packaging,0
R10361,H00992,B28,,2026-01-26,4,1,price,,1
R10362,H01082,B05,,2026-01-26,5,1,packaging,,1
R10363,H01107,B47,,2026-01-26,5,1,sweetness,,1
R10364,H01155,B46,,2026-01-26,4,1,refreshing,,0
R10365,H01156,B35,,2026-01-26,3,0,,taste,0
R10366,H01188,B08,,2026-01-26,3,0,texture,,1
R10367,H01276,B01,,2026-01-26,5,1,seasoning,,1
R10368,H01333,B41,,2026-01-26,2,0,,packaging,0
R10369,H01346,B34,,2026-01-26,3,1,strength,,0
R10370,H01348,B44,,2026-01-26,3,0,price,,0
R10371,H01416,B41,,2026-01-26,4,1,price,,1
R10372,H01462,B22,,2026-01-26,1,0,,price,0
R10373,H01662,B48,,2026-01-26,4,1,packaging,,1
R10374,H01751,B11,,2026-01-26,5,1,fizz,,1
R10375,H02018,B31,,2026-01-26,2,0,,heat,0
R10376,H02359,B07,,2026-01-26,3,0,versatility,,0
R10377,H02395,B44,,2026-01-26,2,0,packaging,taste,0
R10378,H02495,B21,,2026-01-26,3,0,,taste,0
R10379,H02740,B05,,2026-01-26,5,0,portion size,seasoning,1
R10380,H02910,B19,,2026-01-26,5,1,price,,1
R10381,H03062,B32,,2026-01-26,3,0,size,,0
R10382,H03084,B30,,2026-01-26,3,0,,heat,0
R10383,H03107,B16,,2026-01-26,2,0,,aftertaste,0
R10384,H03140,B13,,2026-01-26,5,1,fizz,,1
R10385,H03213,B47,,2026-01-26,5,1,price,,1
R10386,H03289,B47,,2026-01-26,4,1,packaging,,1
R10387,H03508,B43,,2026-01-26,4,1,price,,0
R10388,H03511,B02,P044,2026-01-26,4,1,portion size,,0
R10389,H03518,B02,P044,2026-01-26,3,1,,packaging,0
R10390,H03518,B42,P044,2026-01-26,3,1,,price,0
R10391,H03518,B43,P044,2026-01-26,3,0,fizz,,1
R10392,H03521,B02,P044,2026-01-26,4,0,saltiness,,0
R10393,H03525,B02,P044,2026-01-26,5,1,price,,0
R10394,H03527,B02,P044,2026-01-26,3,0,crunch,,0
R10395,H03537,B05,P044,2026-01-26,4,1,seasoning,saltiness,1
R10396,H03538,B43,P044,2026-01-26,3,0,price,,0
R10397,H03539,B32,P044,2026-01-26,2,0,,size,0
R10398,H03541,B42,P044,2026-01-26,4,1,aroma,packaging,0
R10399,H03542,B32,P044,2026-01-26,4,1,build quality,,0
R10400,H00181,B38,,2026-01-27,4,1,texture,,0
R10401,H00198,B14,,2026-01-27,5,1,taste,sweetness,1
R10402,H00359,B32,,2026-01-27,3,1,usefulness,,0
R10403,H00379,B27,,2026-01-27,4,1,texture,,0
R10404,H00433,B41,,2026-01-27,2,0,,packaging,0
R10405,H00444,B12,,2026-01-27,2,1,,packaging,0
R10406,H00452,B02,,2026-01-27,1,0,packaging,seasoning,0
R10407,H00961,B23,,2026-01-27,1,0,,price,0
R10408,H01031,B38,,2026-01-27,3,0,,taste,0
R10409,H01397,B06,,2026-01-27,4,1,price,,0
R10410,H01593,B39,,2026-01-27,5,1,flavour depth,,1
R10411,H01690,B19,,2026-01-27,3,0,,flavour depth,0
R10412,H01897,B19,,2026-01-27,4,1,heat,,0
R10413,H01953,B10,,2026-01-27,4,1,aroma,ingredients,1
R10414,H02147,B15,,2026-01-27,4,1,sweetness,refreshing,0
R10415,H02227,B16,,2026-01-27,2,0,,refreshing,0
R10416,H02644,B24,,2026-01-27,3,1,strength,,0
R10417,H02793,B46,,2026-01-27,4,1,taste,,0
R10418,H03199,B27,,2026-01-27,1,0,price,heat,0
R10419,H03324,B12,,2026-01-27,5,1,aftertaste,,1
R10420,H03471,B19,,2026-01-27,4,0,flavour depth,,0
R10421,H03509,B42,P044,2026-01-27,2,0,packaging,strength,0
R10422,H03514,B42,P044,2026-01-27,4,0,price,taste,0
R10423,H03520,B42,P044,2026-01-27,3,0,,aroma,0
R10424,H03531,B42,P044,2026-01-27,4,1,strength,,0
R10425,H03532,B05,P044,2026-01-27,3,1,portion size,,0
R10426,H03533,B32,P044,2026-01-27,5,0,size,,1
R10427,H00178,B35,,2026-01-28,2,0,,price,0
R10428,H00300,B46,,2026-01-28,4,1,fizz,,0
R10429,H00306,B33,,2026-01-28,2,0,taste,fizz,0
R10430,H00356,B12,,2026-01-28,4,1,taste,packaging,0
R10431,H00918,B12,,2026-01-28,5,1,fizz,,0
R10432,H01067,B09,,2026-01-28,4,0,ingredients,sweetness,0
R10433,H01126,B21,,2026-01-28,4,1,sweetness,fizz,0
R10434,H01296,B14,,2026-01-28,2,1,,taste,0
R10435,H01459,B12,,2026-01-28,2,0,,refreshing,0
R10436,H01823,B49,,2026-01-28,3,0,sweetness,,0
R10437,H01926,B48,,2026-01-28,3,1,,saltiness,0
R10438,H01975,B24,,2026-01-28,5,1,taste,,1
R10439,H02129,B36,,2026-01-28,3,0,price,,0
R10440,H02204,B24,,2026-01-28,3,1,packaging,,0
R10441,H02252,B19,,2026-01-28,5,1,price,,0
R10442,H02498,B47,,2026-01-28,2,0,,packaging,0
R10443,H02515,B30,,2026-01-28,2,1,,price,0
R10444,H02516,B24,,2026-01-28,4,1,strength,,0
R10445,H02570,B10,,2026-01-28,2,1,,taste,0
R10446,H02678,B16,,2026-01-28,2,0,,packaging,0
R10447,H02694,B41,,2026-01-28,4,1,price,,1
R10448,H02945,B07,,2026-01-28,4,0,flavour depth,,1
R10449,H03017,B19,,2026-01-28,4,1,jar size,heat,0
R10450,H03073,B23,,2026-01-28,1,0,,taste,0
R10451,H03074,B13,,2026-01-28,3,0,,packaging,0
R10452,H03200,B02,,2026-01-28,3,0,,packaging,0
R10453,H03407,B37,,2026-01-28,3,1,sweetness,,0
R10454,H03510,B02,P044,2026-01-28,4,0,seasoning,price,0
R10455,H03518,B05,P044,2026-01-28,2,0,saltiness,price,0
R10456,H03520,B05,P044,2026-01-28,3,0,portion size,,1
R10457,H03531,B05,P044,2026-01-28,4,0,crunch,,0
R10458,H03535,B32,P044,2026-01-28,5,1,build quality,,0
R10459,H00021,B27,,2026-01-29,2,0,flavour depth,heat,0
R10460,H00042,B27,,2026-01-29,4,1,heat,,1
R10461,H00043,B39,,2026-01-29,3,0,,heat,0
R10462,H00145,B22,,2026-01-29,3,0,sweetness,,0
R10463,H00177,B24,,2026-01-29,4,0,taste,ingredients,1
R10464,H00305,B45,,2026-01-29,2,0,,packaging,0
R10465,H00430,B43,,2026-01-29,4,0,fizz,,0
R10466,H00728,B41,,2026-01-29,3,0,,portion size,0
R10467,H00778,B43,,2026-01-29,5,1,packaging,,0
R10468,H00785,B28,,2026-01-29,3,1,,texture,1
R10469,H00994,B45,,2026-01-29,2,0,,sweetness,0
R10470,H01016,B19,,2026-01-29,5,1,price,jar size,0
R10471,H01157,B28,,2026-01-29,4,0,texture,,0
R10472,H01344,B27,,2026-01-29,5,1,texture,jar size,1
R10473,H01352,B44,,2026-01-29,2,0,,taste,0
R10474,H01450,B28,,2026-01-29,3,0,portability,,0
R10475,H01590,B23,,2026-01-29,4,1,price,,1
R10476,H01621,B22,,2026-01-29,3,1,,texture,0
R10477,H01659,B09,,2026-01-29,2,0,,ingredients,0
R10478,H01784,B24,,2026-01-29,5,1,price,,1
R10479,H02039,B27,,2026-01-29,3,1,jar size,,0
R10480,H02048,B13,,2026-01-29,5,1,packaging,,1
R10481,H02076,B16,,2026-01-29,3,0,,packaging,0
R10482,H02086,B33,,2026-01-29,2,1,refreshing,taste,0
R10483,H02090,B34,,2026-01-29,2,0,,taste,0
R10484,H02180,B31,,2026-01-29,4,0,jar size,,1
R10485,H02189,B24,,2026-01-29,3,1,,strength,0
R10486,H02243,B12,,2026-01-29,3,0,price,,0
R10487,H02724,B46,,2026-01-29,1,0,,packaging,0
R10488,H02762,B12,,2026-01-29,2,0,,refreshing,0
R10489,H02789,B24,,2026-01-29,3,0,price,,0
R10490,H02888,B01,,2026-01-29,5,1,crunch,,1
R10491,H03046,B19,,2026-01-29,4,1,price,versatility,0
R10492,H03074,B36,,2026-01-29,4,1,seasoning,,0
R10493,H03363,B08,,2026-01-29,3,1,texture,,1
R10494,H03509,B02,P044,2026-01-29,5,1,seasoning,,0
R10495,H03511,B42,P044,2026-01-29,2,0,,packaging,0
R10496,H03511,B43,P044,2026-01-29,5,1,fizz,,1
R10497,H03522,B42,P044,2026-01-29,4,1,strength,,1
R10498,H03525,B05,P044,2026-01-29,4,1,saltiness,,0
R10499,H03530,B02,P044,2026-01-29,5,1,price,,0
R10500,H03532,B32,P044,2026-01-29,4,1,price,,0
R10501,H03534,B02,P044,2026-01-29,3,0,,portion size,0
R10502,H03535,B43,P044,2026-01-29,5,1,packaging,fizz,1
R10503,H03539,B05,P044,2026-01-29,2,0,packaging,crunch,0
R10504,H03541,B32,P044,2026-01-29,5,1,usefulness,build quality,1
R10505,H00142,B23,,2026-01-30,4,1,packaging,,1
R10506,H00250,B45,,2026-01-30,2,0,,fizz,0
R10507,H00548,B49,,2026-01-30,2,0,,packaging,0
R10508,H00578,B24,,2026-01-30,5,1,strength,,1
R10509,H00623,B05,,2026-01-30,4,0,price,,0
R10510,H01171,B25,,2026-01-30,2,1,portion size,crunch,0
R10511,H01222,B20,,2026-01-30,5,1,sweetness,fizz,1
R10512,H01240,B01,,2026-01-30,4,1,seasoning,,0
R10513,H01298,B09,,2026-01-30,3,1,,packaging,1
R10514,H01385,B47,,2026-01-30,3,1,taste,,0
R10515,H01607,B09,,2026-01-30,3,0,,taste,0
R10516,H01609,B18,,2026-01-30,5,1,refreshing,,1
R10517,H02001,B38,,2026-01-30,3,0,,sweetness,0
R10518,H02038,B44,,2026-01-30,2,0,,price,0
R10519,H02150,B23,,2026-01-30,4,1,price,,0
R10520,H02252,B40,,2026-01-30,3,1,,taste,0
R10521,H02322,B44,,2026-01-30,4,1,refreshing,,1
R10522,H02408,B04,,2026-01-30,3,0,,seasoning,0
R10523,H02601,B36,,2026-01-30,4,0,portion size,,0
R10524,H02675,B07,,2026-01-30,4,0,price,,0
R10525,H02722,B17,,2026-01-30,3,1,taste,,0
R10526,H02787,B27,,2026-01-30,4,1,versatility,,1
R10527,H02809,B25,,2026-01-30,1,0,,price,0
R10528,H02812,B19,,2026-01-30,2,1,,heat,0
R10529,H02878,B33,,2026-01-30,4,1,fizz,,0
R10530,H03127,B46,,2026-01-30,5,1,sweetness,,1
R10531,H03167,B34,,2026-01-30,4,0,strength,,1
R10532,H03307,B15,,2026-01-30,3,0,packaging,,0
R10533,H03410,B22,,2026-01-30,4,1,taste,,0
R10534,H03482,B35,,2026-01-30,2,0,,texture,0
R10535,H03510,B42,P044,2026-01-30,2,0,taste,aroma,1
R10536,H03512,B43,P044,2026-01-30,5,1,fizz,,0
R10537,H03515,B02,P044,2026-01-30,2,0,,portion size,1
R10538,H03517,B32,P044,2026-01-30,4,1,design,price,1
R10539,H03520,B32,P044,2026-01-30,4,1,price,design,1
R10540,H03523,B32,P044,2026-01-30,3,0,build quality,,0
R10541,H03523,B14,,2026-01-30,4,1,aftertaste,,1
R10542,H03526,B09,,2026-01-30,4,1,price,packaging,1
R10543,H03533,B42,P044,2026-01-30,3,0,,taste,0
R10544,H00069,B48,,2026-01-31,5,1,saltiness,price,1
R10545,H00089,B09,,2026-01-31,2,0,taste,packaging,0
R10546,H00174,B43,,2026-01-31,3,0,,packaging,0
R10547,H00188,B38,,2026-01-31,5,1,sweetness,,0
R10548,H00506,B13,,2026-01-31,2,0,,fizz,0
R10549,H00585,B45,,2026-01-31,3,1,,aftertaste,0
R10550,H00647,B27,,2026-01-31,5,1,jar size,,1
R10551,H00902,B13,,2026-01-31,2,1,,refreshing,0
R10552,H00907,B46,,2026-01-31,5,1,refreshing,,0
R10553,H01005,B03,,2026-01-31,3,0,taste,,0
R10554,H01045,B21,,2026-01-31,1,0,,price,0
R10555,H01225,B13,,2026-01-31,4,1,refreshing,taste,0
R10556,H01238,B37,,2026-01-31,3,1,,packaging,0
R10557,H01362,B10,,2026-01-31,4,1,packaging,,0
R10558,H01363,B13,,2026-01-31,3,0,,fizz,0
R10559,H01570,B28,,2026-01-31,2,1,,portability,1
R10560,H01790,B34,,2026-01-31,4,1,aroma,,0
R10561,H01815,B46,,2026-01-31,4,1,price,,0
R10562,H02248,B30,,2026-01-31,4,1,flavour depth,,1
R10563,H02291,B08,,2026-01-31,2,0,,heat,0
R10564,H02501,B46,,2026-01-31,5,1,price,,1
R10565,H02509,B19,,2026-01-31,5,1,heat,price,0
R10566,H02631,B38,,2026-01-31,1,0,price,packaging,0
R10567,H02748,B04,,2026-01-31,2,0,,packaging,0
R10568,H02788,B41,,2026-01-31,4,1,seasoning,,1
R10569,H02801,B09,,2026-01-31,3,0,taste,,0
R10570,H02854,B07,,2026-01-31,3,1,,versatility,0
R10571,H02935,B35,,2026-01-31,2,0,,energy boost,0
R10572,H02935,B21,,2026-01-31,3,0,fizz,,0
R10573,H02964,B20,,2026-01-31,2,0,,fizz,0
R10574,H03080,B06,,2026-01-31,3,1,price,,0
R10575,H03083,B16,,2026-01-31,3,0,,fizz,0
R10576,H03304,B14,,2026-01-31,1,0,,packaging,0
R10577,H03510,B32,P044,2026-01-31,4,1,design,,0
R10578,H03520,B02,P044,2026-01-31,3,0,crunch,,0
R10579,H03529,B42,P044,2026-01-31,4,1,ingredients,,0
R10580,H03540,B32,P044,2026-01-31,5,1,build quality,,1
R10581,H03550,B27,,2026-01-31,4,1,texture,,0
R10582,H00048,B41,,2026-02-01,4,0,crunch,,1
R10583,H00076,B25,,2026-02-01,3,0,packaging,,1
R10584,H00078,B13,,2026-02-01,3,0,,refreshing,1
R10585,H00237,B27,,2026-02-01,4,0,price,,1
R10586,H00459,B39,,2026-02-01,3,0,,jar size,0
R10587,H00554,B26,,2026-02-01,3,0,,price,1
R10588,H00579,B48,,2026-02-01,5,1,seasoning,,1
R10589,H00586,B45,,2026-02-01,5,1,refreshing,aftertaste,1
R10590,H00688,B09,,2026-02-01,3,0,sweetness,,1
R10591,H00822,B10,,2026-02-01,4,1,packaging,,1
R10592,H00977,B23,,2026-02-01,1,0,,ingredients,0
R10593,H01046,B49,,2026-02-01,2,1,,taste,0
R10594,H01120,B06,,2026-02-01,5,1,price,packaging,0
R10595,H01153,B09,,2026-02-01,2,0,,texture,0
R10596,H01320,B38,,2026-02-01,2,0,sweetness,taste,1
R10597,H01413,B13,,2026-02-01,5,1,price,,1
R10598,H01508,B31,,2026-02-01,3,0,,heat,0
R10599,H01528,B32,,2026-02-01,3,1,usefulness,,0
R10600,H01580,B13,,2026-02-01,4,0,fizz,,0
R10601,H01690,B27,,2026-02-01,3,1,,jar size,0
R10602,H01874,B14,,2026-02-01,4,1,price,,0
R10603,H01927,B21,,2026-02-01,5,1,fizz,,1
R10604,H02131,B16,,2026-02-01,3,1,,fizz,0
R10605,H02184,B31,,2026-02-01,4,1,texture,,0
R10606,H02245,B12,,2026-02-01,3,0,refreshing,,0
R10607,H02424,B46,,2026-02-01,4,1,refreshing,,0
R10608,H02573,B30,,2026-02-01,2,0,versatility,price,0
R10609,H02704,B39,,2026-02-01,3,0,flavour depth,,0
R10610,H02718,B41,,2026-02-01,3,0,saltiness,,1
R10611,H03069,B43,,2026-02-01,5,1,sweetness,fizz,1
R10612,H03147,B21,,2026-02-01,4,1,refreshing,,1
R10613,H03264,B33,,2026-02-01,4,0,fizz,,1
R10614,H03276,B49,,2026-02-01,5,1,sweetness,packaging,1
R10615,H03511,B32,P044,2026-02-01,4,0,build quality,,0
R10616,H03513,B32,P044,2026-02-01,5,1,size,,1
R10617,H03521,B05,P044,2026-02-01,3,0,,packaging,1
R10618,H03530,B32,P044,2026-02-01,4,0,usefulness,price,0
R10619,H00072,B39,,2026-02-02,4,1,jar size,,0
R10620,H00159,B36,,2026-02-02,4,1,price,seasoning,1
R10621,H00357,B38,,2026-02-02,3,0,,texture,0
R10622,H01336,B01,,2026-02-02,3,1,price,,0
R10623,H01383,B12,,2026-02-02,5,1,sweetness,price,0
R10624,H01483,B20,,2026-02-02,4,0,sweetness,,0
R10625,H01550,B24,,2026-02-02,5,1,ingredients,,0
R10626,H01717,B19,,2026-02-02,3,0,jar size,,0
R10627,H01725,B48,,2026-02-02,3,1,,price,0
R10628,H01771,B40,,2026-02-02,2,0,,aftertaste,0
R10629,H01824,B05,,2026-02-02,3,0,,crunch,1
R10630,H01830,B13,,2026-02-02,4,1,price,,1
R10631,H01933,B21,,2026-02-02,3,0,,packaging,0
R10632,H01980,B18,,2026-02-02,2,0,,packaging,0
R10633,H02077,B40,,2026-02-02,1,0,,aftertaste,0
R10634,H02107,B03,,2026-02-02,4,1,energy boost,,0
R10635,H02286,B42,,2026-02-02,3,0,taste,,0
R10636,H02457,B48,,2026-02-02,4,1,saltiness,portion size,1
R10637,H02548,B42,,2026-02-02,2,0,,packaging,0
R10638,H02558,B07,,2026-02-02,4,1,texture,,0
R10639,H02595,B19,,2026-02-02,4,0,flavour depth,,0
R10640,H02648,B07,,2026-02-02,2,0,,flavour depth,0
R10641,H02783,B31,,2026-02-02,4,1,flavour depth,,0
R10642,H02849,B02,,2026-02-02,3,0,,price,0
R10643,H02940,B03,,2026-02-02,4,1,texture,,0
R10644,H02956,B18,,2026-02-02,4,1,refreshing,,1
R10645,H03010,B22,,2026-02-02,2,1,,taste,0
R10646,H03129,B43,,2026-02-02,3,1,,taste,0
R10647,H03371,B32,,2026-02-02,3,1,usefulness,,0
R10648,H03467,B14,,2026-02-02,3,1,refreshing,,0
R10649,H00058,B36,,2026-02-03,3,1,,packaging,0
R10650,H00307,B44,,2026-02-03,4,0,sweetness,,1
R10651,H00522,B30,,2026-02-03,4,0,texture,,1
R10652,H00528,B26,,2026-02-03,3,0,,packaging,0
R10653,H00536,B01,,2026-02-03,5,1,packaging,,1
R10654,H00806,B35,,2026-02-03,4,1,ingredients,,0
R10655,H00871,B14,,2026-02-03,5,1,refreshing,,0
R10656,H00941,B09,,2026-02-03,5,1,price,,1
R10657,H00999,B17,,2026-02-03,3,1,refreshing,,1
R10658,H01024,B01,,2026-02-03,4,1,seasoning,portion size,0
R10659,H01195,B15,,2026-02-03,3,1,,packaging,0
R10660,H01230,B19,,2026-02-03,4,1,texture,,0
R10661,H01535,B35,,2026-02-03,2,0,,taste,0
R10662,H01629,B41,,2026-02-03,2,0,,portion size,0
R10663,H01974,B17,,2026-02-03,5,1,packaging,,1
R10664,H02153,B46,,2026-02-03,3,1,,taste,0
R10665,H02182,B27,,2026-02-03,4,1,versatility,,1
R10666,H02221,B24,,2026-02-03,4,1,taste,,0
R10667,H02505,B14,,2026-02-03,4,1,taste,,1
R10668,H02726,B48,,2026-02-03,4,1,saltiness,,0
R10669,H02877,B08,,2026-02-03,4,1,heat,,0
R10670,H03344,B37,,2026-02-03,2,0,,taste,1
R10671,H03358,B15,,2026-02-03,4,1,refreshing,,1
R10672,H03372,B41,,2026-02-03,3,1,seasoning,,0
R10673,H03442,B11,,2026-02-03,4,0,packaging,,1
R10674,H03476,B33,,2026-02-03,2,0,taste,sweetness,1
R10675,H03532,B40,,2026-02-03,3,0,taste,,1
R10676,H03563,B19,,2026-02-03,2,0,,versatility,0
R10677,H00244,B21,,2026-02-04,2,1,,sweetness,0
R10678,H00256,B41,,2026-02-04,3,0,price,,0
R10679,H00415,B39,,2026-02-04,2,0,,price,0
R10680,H00770,B37,,2026-02-04,4,1,price,,1
R10681,H00945,B19,,2026-02-04,5,1,versatility,texture,1
R10682,H01061,B03,,2026-02-04,2,0,energy boost,price,0
R10683,H01198,B32,,2026-02-04,2,0,,price,0
R10684,H01264,B44,,2026-02-04,4,1,fizz,,0
R10685,H01367,B44,,2026-02-04,3,0,,fizz,0
R10686,H01655,B32,,2026-02-04,2,0,,design,0
R10687,H01705,B25,,2026-02-04,2,0,portion size,saltiness,0
R10688,H01717,B24,,2026-02-04,4,1,strength,ingredients,0
R10689,H01775,B33,,2026-02-04,4,1,sweetness,,1
R10690,H01778,B18,,2026-02-04,5,1,packaging,,1
R10691,H01793,B24,,2026-02-04,4,0,ingredients,,0
R10692,H02550,B22,,2026-02-04,2,0,,packaging,0
R10693,H02905,B14,,2026-02-04,3,1,,taste,0
R10694,H02932,B42,,2026-02-04,4,1,ingredients,,0
R10695,H03015,B13,,2026-02-04,2,0,,refreshing,0
R10696,H03030,B29,,2026-02-04,2,0,,portability,0
R10697,H03191,B33,,2026-02-04,2,0,sweetness,price,0
R10698,H03394,B13,,2026-02-04,4,0,packaging,,1
R10699,H03440,B01,,2026-02-04,2,0,,saltiness,0
R10700,H03450,B46,,2026-02-04,4,1,refreshing,,1
R10701,H03574,B07,,2026-02-04,5,1,jar size,,0
R10702,H03596,B23,,2026-02-04,4,1,ingredients,,1
R10703,H00161,B22,,2026-02-05,5,1,price,,1
R10704,H00578,B01,,2026-02-05,4,1,price,,1
R10705,H01134,B43,,2026-02-05,5,1,sweetness,,1
R10706,H01272,B45,,2026-02-05,2,0,,sweetness,0
R10707,H01663,B13,,2026-02-05,4,1,packaging,,0
R10708,H01752,B27,,2026-02-05,4,1,flavour depth,,0
R10709,H01838,B09,,2026-02-05,4,1,texture,,0
R10710,H01984,B29,,2026-02-05,3,0,energy boost,,0
R10711,H01999,B44,,2026-02-05,4,1,packaging,,1
R10712,H02110,B06,,2026-02-05,2,0,,ingredients,0
R10713,H02364,B39,,2026-02-05,3,0,flavour depth,,0
R10714,H02415,B07,,2026-02-05,4,1,jar size,,0
R10715,H02748,B11,,2026-02-05,3,1,taste,,0
R10716,H02864,B32,,2026-02-05,2,0,,build quality,0
R10717,H02972,B20,,2026-02-05,3,0,,price,0
R10718,H03046,B13,,2026-02-05,3,0,sweetness,,0
R10719,H03047,B47,,2026-02-05,3,0,texture,,0
R10720,H03181,B43,,2026-02-05,5,1,price,,1
R10721,H03481,B32,,2026-02-05,2,0,design,size,0
R10722,H03503,B19,,2026-02-05,5,1,versatility,,1
R10723,H00133,B26,,2026-02-06,4,1,price,,0
R10724,H00156,B34,,2026-02-06,2,0,packaging,price,0
R10725,H00205,B19,,2026-02-06,5,1,price,heat,1
R10726,H00391,B42,,2026-02-06,2,0,,aroma,0
R10727,H00609,B13,,2026-02-06,4,1,price,packaging,0
R10728,H00732,B02,,2026-02-06,2,0,,saltiness,0
R10729,H00772,B14,,2026-02-06,5,1,packaging,,1
R10730,H00784,B35,,2026-02-06,2,0,,portability,0
R10731,H00865,B21,,2026-02-06,5,1,sweetness,taste,0
R10732,H01382,B13,,2026-02-06,2,0,,sweetness,0
R10733,H01409,B41,,2026-02-06,3,1,crunch,,0
R10734,H01460,B01,,2026-02-06,3,0,portion size,,1
R10735,H01561,B30,,2026-02-06,3,1,,flavour depth,0
R10736,H01707,B04,,2026-02-06,5,1,packaging,,0
R10737,H01784,B48,,2026-02-06,4,0,saltiness,,1
R10738,H02068,B40,,2026-02-06,4,1,packaging,,0
R10739,H02197,B17,,2026-02-06,3,0,fizz,,1
R10740,H02395,B24,,2026-02-06,4,0,strength,packaging,0
R10741,H02560,B38,,2026-02-06,3,0,,taste,0
R10742,H02618,B15,,2026-02-06,5,1,packaging,,1
R10743,H02664,B04,,2026-02-06,2,0,,seasoning,0
R10744,H02674,B26,,2026-02-06,5,1,seasoning,,1
R10745,H02727,B26,,2026-02-06,4,1,portion size,,0
R10746,H02867,B03,,2026-02-06,2,1,,portability,1
R10747,H03020,B10,,2026-02-06,3,1,taste,,0
R10748,H03034,B16,,2026-02-06,3,1,,price,1
R10749,H03152,B24,,2026-02-06,4,1,strength,aroma,0
R10750,H03168,B21,,2026-02-06,5,1,taste,,1
R10751,H03270,B14,,2026-02-06,4,1,fizz,,0
R10752,H03290,B08,,2026-02-06,4,1,flavour depth,versatility,1
R10753,H03302,B18,,2026-02-06,3,1,,packaging,1
R10754,H03384,B41,,2026-02-06,2,0,,price,0
R10755,H03442,B48,,2026-02-06,4,1,saltiness,,0
R10756,H03497,B13,,2026-02-06,2,0,price,packaging,0
R10757,H03525,B23,,2026-02-06,2,0,,taste,0
R10758,H00210,B23,,2026-02-07,2,0,texture,ingredients,0
R10759,H00223,B34,,2026-02-07,5,0,strength,,1
R10760,H00385,B05,,2026-02-07,4,1,packaging,,0
R10761,H00693,B34,,2026-02-07,3,0,packaging,,0
R10762,H00910,B18,,2026-02-07,5,1,packaging,,1
R10763,H00999,B49,,2026-02-07,3,0,packaging,,0
R10764,H01003,B19,,2026-02-07,3,0,,jar size,0
R10765,H01068,B48,,2026-02-07,4,0,portion size,,1
R10766,H01145,B27,,2026-02-07,5,1,texture,,0
R10767,H01515,B24,,2026-02-07,5,1,price,,0
R10768,H01562,B48,,2026-02-07,5,1,portion size,,1
R10769,H01617,B49,,2026-02-07,2,0,,ingredients,0
R10770,H01806,B18,,2026-02-07,4,0,refreshing,,1
R10771,H01892,B32,,2026-02-07,4,1,build quality,,1
R10772,H01909,B25,,2026-02-07,2,0,,seasoning,0
R10773,H01990,B06,,2026-02-07,5,1,packaging,,1
R10774,H02068,B30,,2026-02-07,4,1,texture,,1
R10775,H02089,B29,,2026-02-07,4,1,portability,,0
R10776,H02097,B39,,2026-02-07,5,1,price,,0
R10777,H02117,B32,,2026-02-07,2,0,,usefulness,0
R10778,H02203,B43,,2026-02-07,5,1,taste,,1
R10779,H02311,B08,,2026-02-07,3,0,,price,0
R10780,H02335,B30,,2026-02-07,3,0,,price,1
R10781,H02465,B10,,2026-02-07,5,1,ingredients,taste,1
R10782,H02610,B44,,2026-02-07,3,0,,refreshing,0
R10783,H02615,B46,,2026-02-07,3,1,packaging,,0
R10784,H02660,B11,,2026-02-07,4,1,packaging,,0
R10785,H02703,B14,,2026-02-07,2,0,,taste,0
R10786,H02818,B43,,2026-02-07,4,1,refreshing,,0
R10787,H02994,B25,,2026-02-07,4,1,seasoning,,0
R10788,H03008,B20,,2026-02-07,4,1,refreshing,,1
R10789,H03124,B11,,2026-02-07,3,1,fizz,,1
R10790,H03135,B24,,2026-02-07,3,0,,ingredients,0
R10791,H03164,B02,,2026-02-07,3,1,price,,1
R10792,H03491,B10,,2026-02-07,3,1,aroma,,1
R10793,H03599,B07,,2026-02-07,4,1,jar size,,0
R10794,H03612,B41,P045,2026-02-07,4,1,portion size,,1
R10795,H00054,B08,,2026-02-08,2,0,,flavour depth,0
R10796,H00075,B25,,2026-02-08,4,0,packaging,,1
R10797,H00257,B24,,2026-02-08,5,1,price,,1
R10798,H00261,B17,,2026-02-08,2,0,,aftertaste,0
R10799,H00375,B35,,2026-02-08,3,1,price,,0
R10800,H00412,B20,,2026-02-08,4,1,taste,,1
R10801,H00537,B01,,2026-02-08,5,1,saltiness,,0
R10802,H00599,B35,,2026-02-08,3,1,taste,,1
R10803,H00689,B23,,2026-02-08,4,1,price,,0
R10804,H01108,B38,,2026-02-08,4,1,taste,,0
R10805,H01206,B19,,2026-02-08,3,0,texture,,0
R10806,H01263,B26,,2026-02-08,3,0,,saltiness,0
R10807,H01280,B36,,2026-02-08,3,0,saltiness,,0
R10808,H01433,B36,,2026-02-08,4,1,portion size,price,0
R10809,H01477,B19,,2026-02-08,3,1,heat,,1
R10810,H01521,B44,,2026-02-08,1,0,taste,aftertaste,0
R10811,H01741,B30,,2026-02-08,3,1,heat,,1
R10812,H01842,B06,,2026-02-08,3,1,packaging,,0
R10813,H01906,B43,,2026-02-08,4,1,packaging,taste,1
R10814,H01981,B07,,2026-02-08,3,0,jar size,,0
R10815,H02096,B41,,2026-02-08,4,0,portion size,,1
R10816,H02222,B44,,2026-02-08,3,1,packaging,,0
R10817,H02465,B30,,2026-02-08,4,0,jar size,texture,0
R10818,H02514,B36,,2026-02-08,2,0,,packaging,1
R10819,H02769,B44,,2026-02-08,3,0,,aftertaste,0
R10820,H02775,B47,,2026-02-08,3,1,,texture,0
R10821,H03047,B33,,2026-02-08,3,0,,taste,0
R10822,H03291,B40,,2026-02-08,3,1,aftertaste,,1
R10823,H03360,B13,,2026-02-08,2,0,,packaging,0
R10824,H03578,B21,,2026-02-08,5,1,refreshing,,1
R10825,H03590,B40,,2026-02-08,3,0,price,,1
R10826,H00003,B09,,2026-02-09,3,1,packaging,,1
R10827,H00117,B44,,2026-02-09,4,1,refreshing,,0
R10828,H00119,B09,,2026-02-09,4,1,taste,,0
R10829,H00306,B29,,2026-02-09,2,1,,taste,0
R10830,H00335,B12,,2026-02-09,4,1,fizz,,1
R10831,H00427,B32,,2026-02-09,3,1,price,,0
R10832,H00611,B49,,2026-02-09,2,1,sweetness,packaging,0
R10833,H00625,B46,,2026-02-09,5,1,refreshing,,1
R10834,H00672,B46,,2026-02-09,5,1,refreshing,aftertaste,1
R10835,H00700,B46,,2026-02-09,3,0,fizz,,0
R10836,H00824,B42,,2026-02-09,4,0,aroma,,1
R10837,H00995,B23,,2026-02-09,4,1,packaging,,1
R10838,H01327,B34,,2026-02-09,4,0,strength,,0
R10839,H01342,B13,,2026-02-09,4,0,fizz,,1
R10840,H01446,B38,,2026-02-09,2,0,,price,0
R10841,H01623,B20,,2026-02-09,5,1,price,,1
R10842,H01731,B49,,2026-02-09,3,1,packaging,,0
R10843,H01780,B28,,2026-02-09,5,1,taste,,1
R10844,H01865,B25,,2026-02-09,4,0,packaging,,0
R10845,H01931,B10,,2026-02-09,3,0,,aroma,0
R10846,H02019,B04,,2026-02-09,2,0,,packaging,0
R10847,H02097,B20,,2026-02-09,4,0,taste,,0
R10848,H02144,B37,,2026-02-09,3,0,,taste,0
R10849,H02391,B28,,2026-02-09,2,0,,ingredients,0
R10850,H02530,B19,,2026-02-09,2,0,,texture,0
R10851,H02554,B38,,2026-02-09,5,1,sweetness,,0
R10852,H02600,B44,,2026-02-09,2,0,aftertaste,refreshing,0
R10853,H02667,B42,,2026-02-09,4,1,packaging,,1
R10854,H02763,B26,,2026-02-09,2,1,,crunch,0
R10855,H02832,B04,,2026-02-09,4,1,packaging,,1
R10856,H03001,B03,,2026-02-09,4,1,price,,0
R10857,H03206,B12,,2026-02-09,5,1,sweetness,,1
R10858,H03219,B25,,2026-02-09,3,1,,crunch,0
R10859,H03221,B09,,2026-02-09,4,1,texture,,1
R10860,H03350,B37,,2026-02-09,3,0,texture,,1
R10861,H03470,B16,,2026-02-09,5,1,taste,,1
R10862,H03475,B48,,2026-02-09,3,0,portion size,,0
R10863,H03610,B49,,2026-02-09,2,0,,texture,0
R10864,H03612,B39,P045,2026-02-09,5,1,texture,,0
R10865,H00381,B07,,2026-02-10,4,1,jar size,,0
R10866,H00438,B34,,2026-02-10,5,1,ingredients,,1
R10867,H00483,B25,,2026-02-10,3,0,,seasoning,1
R10868,H00544,B26,,2026-02-10,3,0,,price,0
R10869,H00829,B35,,2026-02-10,4,1,taste,,1
R10870,H00992,B03,,2026-02-10,3,0,portability,,0
R10871,H01182,B47,,2026-02-10,4,1,price,,0
R10872,H01205,B32,,2026-02-10,3,0,,size,0
R10873,H01220,B42,,2026-02-10,2,0,,price,0
R10874,H01267,B16,,2026-02-10,2,0,,aftertaste,1
R10875,H01634,B03,,2026-02-10,3,1,,taste,0
R10876,H01727,B49,,2026-02-10,4,0,texture,,0
R10877,H02004,B43,,2026-02-10,4,1,aftertaste,sweetness,0
R10878,H02032,B14,,2026-02-10,4,1,taste,,1
R10879,H02799,B33,,2026-02-10,1,0,aftertaste,refreshing,0
R10880,H02881,B04,,2026-02-10,4,1,crunch,,0
R10881,H02969,B24,,2026-02-10,4,1,packaging,taste,0
R10882,H03015,B04,,2026-02-10,3,0,,crunch,0
R10883,H03146,B37,,2026-02-10,1,0,,texture,0
R10884,H03164,B11,,2026-02-10,5,1,price,,0
R10885,H03179,B36,,2026-02-10,5,1,portion size,,1
R10886,H03183,B23,,2026-02-10,2,0,,price,0
R10887,H03392,B08,,2026-02-10,4,1,versatility,,0
R10888,H03468,B27,,2026-02-10,4,1,texture,,1
R10889,H03472,B27,,2026-02-10,5,1,versatility,,1
R10890,H03499,B09,,2026-02-10,2,0,sweetness,taste,0
R10891,H00142,B24,,2026-02-11,4,1,ingredients,,1
R10892,H00349,B13,,2026-02-11,3,1,,fizz,0
R10893,H00385,B43,,2026-02-11,3,0,price,,0
R10894,H00491,B11,,2026-02-11,2,0,,fizz,0
R10895,H01408,B12,,2026-02-11,1,0,,aftertaste,0
R10896,H01461,B07,,2026-02-11,4,1,price,,0
R10897,H01925,B23,,2026-02-11,4,1,texture,,0
R10898,H02047,B43,,2026-02-11,5,0,refreshing,,0
R10899,H02062,B44,,2026-02-11,3,1,price,,1
R10900,H02131,B28,,2026-02-11,4,1,texture,portability,0
R10901,H02428,B08,,2026-02-11,5,1,jar size,,1
R10902,H02633,B03,,2026-02-11,3,0,,price,1
R10903,H02636,B24,,2026-02-11,4,1,aroma,,0
R10904,H02844,B23,,2026-02-11,3,1,,ingredients,1
R10905,H03148,B49,,2026-02-11,4,1,taste,,0
R10906,H03183,B18,,2026-02-11,5,1,taste,,1
R10907,H03235,B44,,2026-02-11,2,0,,fizz,1
R10908,H03398,B49,,2026-02-11,5,1,taste,,1
R10909,H00172,B48,,2026-02-12,2,0,crunch,seasoning,0
R10910,H00367,B24,,2026-02-12,4,1,packaging,,0
R10911,H00446,B43,,2026-02-12,5,1,price,,0
R10912,H00513,B30,,2026-02-12,2,0,,versatility,0
R10913,H00736,B21,,2026-02-12,4,0,sweetness,,0
R10914,H01018,B44,,2026-02-12,2,0,taste,packaging,0
R10915,H01054,B23,,2026-02-12,2,0,,texture,0
R10916,H01131,B39,,2026-02-12,3,0,versatility,,0
R10917,H01337,B26,,2026-02-12,3,0,,price,1
R10918,H01604,B18,,2026-02-12,3,0,price,,0
R10919,H02136,B24,,2026-02-12,1,1,,ingredients,0
R10920,H02156,B19,,2026-02-12,5,1,flavour depth,,1
R10921,H02288,B38,,2026-02-12,1,0,,taste,0
R10922,H02314,B31,,2026-02-12,3,0,jar size,,0
R10923,H02631,B47,,2026-02-12,3,1,,price,0
R10924,H02649,B26,,2026-02-12,3,0,,packaging,0
R10925,H02741,B22,,2026-02-12,3,0,sweetness,,0
R10926,H02824,B41,,2026-02-12,4,1,saltiness,,0
R10927,H03073,B25,,2026-02-12,5,1,saltiness,,1
R10928,H03082,B32,,2026-02-12,2,0,,usefulness,0
R10929,H03212,B34,,2026-02-12,4,1,aroma,,1
R10930,H03239,B39,,2026-02-12,4,0,versatility,,0
R10931,H03299,B19,,2026-02-12,5,1,jar size,texture,1
R10932,H03530,B10,,2026-02-12,3,1,,price,0
R10933,H03612,B47,P045,2026-02-12,4,1,taste,sweetness,1
R10934,H00278,B30,,2026-02-13,2,0,,versatility,0
R10935,H00377,B29,,2026-02-13,5,1,texture,,1
R10936,H00377,B23,,2026-02-13,2,0,,price,0
R10937,H00377,B18,,2026-02-13,4,1,sweetness,,1
R10938,H00403,B02,,2026-02-13,3,0,,portion size,0
R10939,H00548,B17,,2026-02-13,3,1,,packaging,0
R10940,H00626,B21,,2026-02-13,3,0,,packaging,0
R10941,H00629,B12,,2026-02-13,4,0,fizz,,0
R10942,H00831,B49,,2026-02-13,3,0,,texture,0
R10943,H00907,B22,,2026-02-13,3,0,packaging,,0
R10944,H01110,B34,,2026-02-13,3,0,,ingredients,1
R10945,H01149,B16,,2026-02-13,5,1,fizz,,1
R10946,H01199,B44,,2026-02-13,2,0,,price,0
R10947,H01281,B14,,2026-02-13,4,1,packaging,taste,1
R10948,H01325,B36,,2026-02-13,1,0,,price,0
R10949,H01393,B49,,2026-02-13,3,1,,packaging,0
R10950,H01415,B13,,2026-02-13,3,1,,sweetness,0
R10951,H01551,B28,,2026-02-13,4,0,portability,price,0
R10952,H01881,B35,,2026-02-13,4,1,taste,,1
R10953,H01905,B24,,2026-02-13,2,0,,ingredients,0
R10954,H01958,B03,,2026-02-13,4,1,taste,,0
R10955,H01958,B01,,2026-02-13,5,1,crunch,packaging,0
R10956,H02020,B19,,2026-02-13,4,1,versatility,,0
R10957,H02297,B29,,2026-02-13,5,1,energy boost,,1
R10958,H02315,B09,,2026-02-13,3,1,price,,0
R10959,H02360,B13,,2026-02-13,2,0,,packaging,0
R10960,H02454,B45,,2026-02-13,3,1,,refreshing,1
R10961,H02509,B44,,2026-02-13,5,1,taste,refreshing,1
R10962,H02606,B29,,2026-02-13,3,0,,portability,0
R10963,H02762,B22,,2026-02-13,4,0,price,,1
R10964,H02980,B20,,2026-02-13,3,1,,sweetness,1
R10965,H02987,B16,,2026-02-13,3,0,,refreshing,0
R10966,H03025,B37,,2026-02-13,2,0,texture,ingredients,0
R10967,H03160,B36,,2026-02-13,5,1,portion size,,1
R10968,H03554,B26,,2026-02-13,4,1,seasoning,,0
R10969,H00121,B34,,2026-02-14,5,1,packaging,price,1
R10970,H00133,B08,,2026-02-14,5,1,heat,,1
R10971,H00153,B31,,2026-02-14,3,0,texture,,0
R10972,H00165,B36,,2026-02-14,5,1,packaging,,1
R10973,H00340,B43,,2026-02-14,3,0,fizz,,0
R10974,H00368,B13,,2026-02-14,4,1,refreshing,,1
R10975,H00418,B23,,2026-02-14,3,1,,taste,0
R10976,H00458,B43,,2026-02-14,2,0,,sweetness,0
R10977,H00505,B34,,2026-02-14,4,1,aroma,,1
R10978,H00523,B31,,2026-02-14,2,0,,jar size,0
R10979,H00562,B21,,2026-02-14,5,1,price,,1
R10980,H00562,B45,,2026-02-14,5,1,packaging,,1
R10981,H00629,B49,,2026-02-14,5,1,texture,,1
R10982,H00667,B25,,2026-02-14,4,0,seasoning,,1
R10983,H00679,B23,,2026-02-14,4,0,ingredients,,1
R10984,H00709,B14,,2026-02-14,4,1,packaging,,0
R10985,H00746,B06,,2026-02-14,3,0,,price,0
R10986,H00823,B11,,2026-02-14,2,0,,sweetness,0
R10987,H00884,B07,,2026-02-14,3,1,price,,0
R10988,H00956,B40,,2026-02-14,3,0,price,,0
R10989,H01199,B07,,2026-02-14,3,0,,versatility,0
R10990,H01544,B06,,2026-02-14,5,1,ingredients,,1
R10991,H01970,B38,,2026-02-14,4,1,texture,,0
R10992,H02081,B14,,2026-02-14,5,1,taste,,1
R10993,H02206,B34,,2026-02-14,3,1,,taste,0
R10994,H02289,B02,,2026-02-14,2,0,,price,0
R10995,H02393,B24,,2026-02-14,4,1,price,,1
R10996,H02680,B46,,2026-02-14,3,0,sweetness,,0
R10997,H02765,B10,,2026-02-14,5,1,ingredients,taste,1
R10998,H02860,B49,,2026-02-14,3,0,,price,0
R10999,H02890,B01,,2026-02-14,5,1,portion size,,1
R11000,H02930,B39,,2026-02-14,3,1,heat,,0
R11001,H03095,B40,,2026-02-14,5,1,refreshing,,1
R11002,H03171,B20,,2026-02-14,3,0,,fizz,1
R11003,H03226,B29,,2026-02-14,4,1,ingredients,,0
R11004,H03228,B12,,2026-02-14,3,0,refreshing,,0
R11005,H03375,B19,,2026-02-14,2,0,,flavour depth,0
R11006,H03396,B39,,2026-02-14,5,1,jar size,,0
R11007,H03535,B07,,2026-02-14,3,0,jar size,,0
R11008,H00001,B26,,2026-02-15,3,1,saltiness,,0
R11009,H00123,B45,,2026-02-15,5,1,price,,1
R11010,H00162,B36,,2026-02-15,2,0,portion size,crunch,0
R11011,H00434,B02,,2026-02-15,5,1,seasoning,,1
R11012,H00608,B03,,2026-02-15,1,0,,energy boost,0
R11013,H00840,B16,,2026-02-15,3,0,sweetness,,0
R11014,H00973,B38,,2026-02-15,4,0,price,,0
R11015,H01230,B29,,2026-02-15,3,1,,price,0
R11016,H01233,B28,,2026-02-15,3,1,,portability,0
R11017,H01265,B23,,2026-02-15,4,0,sweetness,,1
R11018,H01367,B46,,2026-02-15,5,1,fizz,,1
R11019,H01378,B49,,2026-02-15,4,1,ingredients,,1
R11020,H01457,B45,,2026-02-15,3,0,aftertaste,,0
R11021,H01493,B46,,2026-02-15,3,0,,taste,0
R11022,H01533,B13,,2026-02-15,4,1,refreshing,,1
R11023,H01655,B33,,2026-02-15,2,0,price,refreshing,0
R11024,H01689,B46,,2026-02-15,3,1,aftertaste,,0
R11025,H01834,B33,,2026-02-15,4,1,price,,1
R11026,H02136,B18,,2026-02-15,1,0,,refreshing,0
R11027,H02227,B20,,2026-02-15,3,0,,packaging,0
R11028,H02274,B13,,2026-02-15,4,1,refreshing,,1
R11029,H02293,B23,,2026-02-15,2,0,,sweetness,0
R11030,H02689,B22,,2026-02-15,3,0,,texture,1
R11031,H02720,B09,,2026-02-15,3,0,ingredients,,0
R11032,H02808,B06,,2026-02-15,3,0,taste,,0
R11033,H03000,B25,,2026-02-15,4,1,seasoning,portion size,1
R11034,H03122,B13,,2026-02-15,2,1,,packaging,0
R11035,H03222,B10,,2026-02-15,4,1,taste,,0
R11036,H03292,B47,,2026-02-15,5,1,packaging,,1
R11037,H03313,B16,,2026-02-15,4,1,fizz,,0
R11038,H03422,B48,,2026-02-15,3,0,,portion size,0
R11039,H03487,B18,,2026-02-15,2,0,price,packaging,0
R11040,H00163,B48,,2026-02-16,3,0,,packaging,0
R11041,H00390,B47,,2026-02-16,2,0,,price,0
R11042,H00469,B31,,2026-02-16,5,1,texture,versatility,1
R11043,H00750,B08,,2026-02-16,2,0,,flavour depth,0
R11044,H00820,B12,,2026-02-16,4,1,aftertaste,,1
R11045,H00854,B10,,2026-02-16,3,1,price,,0
R11046,H00865,B13,,2026-02-16,4,0,sweetness,,1
R11047,H00872,B39,,2026-02-16,4,0,versatility,,1
R11048,H01007,B03,,2026-02-16,4,1,taste,,1
R11049,H01143,B12,,2026-02-16,4,1,packaging,,1
R11050,H01197,B15,,2026-02-16,4,0,taste,,1
R11051,H01404,B39,,2026-02-16,2,0,flavour depth,texture,0
R11052,H01552,B37,,2026-02-16,4,1,texture,,1
R11053,H01573,B35,,2026-02-16,3,0,,portability,0
R11054,H01901,B17,,2026-02-16,4,1,aftertaste,,1
R11055,H02056,B22,,2026-02-16,3,0,,price,0
R11056,H02534,B28,,2026-02-16,5,1,texture,price,1
R11057,H02546,B03,,2026-02-16,3,1,,portability,0
R11058,H02704,B07,,2026-02-16,4,1,flavour depth,price,0
R11059,H02863,B23,,2026-02-16,4,1,texture,sweetness,1
R11060,H02955,B14,,2026-02-16,4,1,packaging,,0
R11061,H03009,B06,,2026-02-16,5,1,taste,,1
R11062,H03279,B14,,2026-02-16,2,1,aftertaste,taste,0
R11063,H03346,B05,,2026-02-16,5,1,saltiness,,1
R11064,H03362,B20,,2026-02-16,5,1,taste,,1
R11065,H03594,B19,,2026-02-16,1,0,,flavour depth,0
R11066,H00102,B10,,2026-02-17,4,1,aroma,packaging,0
R11067,H00115,B25,,2026-02-17,3,0,price,,0
R11068,H00180,B09,,2026-02-17,4,1,packaging,,1
R11069,H00295,B30,,2026-02-17,2,0,,jar size,0
R11070,H00312,B14,,2026-02-17,2,0,,price,0
R11071,H00560,B24,,2026-02-17,3,0,,aroma,0
R11072,H00631,B37,,2026-02-17,1,0,,packaging,0
R11073,H00681,B48,,2026-02-17,2,0,seasoning,crunch,0
R11074,H00828,B46,,2026-02-17,3,0,,packaging,0
R11075,H00836,B13,,2026-02-17,4,1,packaging,,0
R11076,H00897,B39,,2026-02-17,5,1,price,,0
R11077,H00974,B02,,2026-02-17,4,1,crunch,,0
R11078,H01047,B05,,2026-02-17,3,1,,price,0
R11079,H01071,B36,,2026-02-17,3,0,,price,0
R11080,H01094,B23,,2026-02-17,2,0,,packaging,0
R11081,H01122,B16,,2026-02-17,2,0,refreshing,price,0
R11082,H01143,B27,,2026-02-17,3,0,flavour depth,,0
R11083,H01215,B05,,2026-02-17,2,0,,packaging,0
R11084,H01622,B29,,2026-02-17,3,0,,taste,1
R11085,H01681,B29,,2026-02-17,2,0,,ingredients,0
R11086,H01853,B47,,2026-02-17,3,1,sweetness,,0
R11087,H01940,B39,,2026-02-17,3,1,heat,,0
R11088,H01983,B01,,2026-02-17,5,1,portion size,,1
R11089,H02067,B43,,2026-02-17,5,1,aftertaste,,1
R11090,H02184,B11,,2026-02-17,3,1,,sweetness,0
R11091,H02347,B48,,2026-02-17,5,1,crunch,,1
R11092,H02443,B28,,2026-02-17,4,1,texture,,0
R11093,H02495,B34,,2026-02-17,4,0,taste,,1
R11094,H02570,B31,,2026-02-17,3,0,,jar size,0
R11095,H02788,B16,,2026-02-17,4,1,price,,0
R11096,H02855,B07,,2026-02-17,3,0,,heat,0
R11097,H03135,B38,,2026-02-17,3,1,sweetness,,0
R11098,H03209,B13,,2026-02-17,5,0,taste,,1
R11099,H03325,B31,,2026-02-17,5,1,jar size,,1
R11100,H03544,B35,,2026-02-17,3,1,energy boost,,1
R11101,H03592,B35,,2026-02-17,3,1,,ingredients,0
R11102,H03641,B25,,2026-02-17,3,0,seasoning,,0
R11103,H00058,B39,,2026-02-18,4,0,jar size,,0
R11104,H00073,B49,,2026-02-18,5,1,price,packaging,0
R11105,H00339,B14,,2026-02-18,5,1,aftertaste,,1
R11106,H00451,B44,,2026-02-18,5,1,taste,sweetness,1
R11107,H00882,B14,,2026-02-18,2,0,,taste,0
R11108,H01134,B21,,2026-02-18,4,1,packaging,,1
R11109,H01196,B42,,2026-02-18,5,1,taste,,1
R11110,H01219,B38,,2026-02-18,3,1,sweetness,,0
R11111,H01297,B30,,2026-02-18,1,0,,flavour depth,0
R11112,H01370,B02,,2026-02-18,3,1,,seasoning,0
R11113,H01661,B40,,2026-02-18,3,1,,taste,0
R11114,H01661,B43,,2026-02-18,5,1,aftertaste,,1
R11115,H01706,B39,,2026-02-18,5,1,versatility,,0
R11116,H01746,B45,,2026-02-18,4,1,sweetness,refreshing,1
R11117,H01776,B09,,2026-02-18,3,1,ingredients,,0
R11118,H02021,B18,,2026-02-18,3,1,sweetness,,0
R11119,H02174,B46,,2026-02-18,2,0,,aftertaste,0
R11120,H02174,B14,,2026-02-18,3,0,,sweetness,0
R11121,H02289,B16,,2026-02-18,3,0,,fizz,0
R11122,H02350,B16,,2026-02-18,3,0,fizz,,0
R11123,H02358,B14,,2026-02-18,1,0,,aftertaste,0
R11124,H02632,B13,,2026-02-18,5,1,sweetness,price,1
R11125,H02660,B47,,2026-02-18,5,1,price,,1
R11126,H02983,B25,,2026-02-18,5,1,portion size,,0
R11127,H03074,B39,,2026-02-18,3,0,,flavour depth,0
R11128,H03118,B21,,2026-02-18,4,0,refreshing,,0
R11129,H03222,B08,,2026-02-18,3,0,,price,0
R11130,H03414,B20,,2026-02-18,5,1,aftertaste,sweetness,1
R11131,H03433,B37,,2026-02-18,1,0,,texture,0
R11132,H03597,B06,,2026-02-18,5,1,sweetness,,1
R11133,H03637,B35,,2026-02-18,1,0,,portability,0
R11134,H00106,B14,,2026-02-19,5,1,taste,,0
R11135,H00154,B09,,2026-02-19,3,0,,texture,0
R11136,H00597,B20,,2026-02-19,2,1,,packaging,1
R11137,H00766,B34,,2026-02-19,5,1,price,,1
R11138,H00782,B28,,2026-02-19,4,1,portability,price,1
R11139,H00967,B47,,2026-02-19,5,1,ingredients,,0
R11140,H01060,B42,,2026-02-19,3,0,price,,1
R11141,H01284,B16,,2026-02-19,4,1,fizz,taste,1
R11142,H01326,B48,,2026-02-19,1,0,,portion size,0
R11143,H01327,B44,,2026-02-19,4,1,refreshing,packaging,1
R11144,H01374,B39,,2026-02-19,4,0,price,,0
R11145,H01399,B48,,2026-02-19,2,0,,price,0
R11146,H01433,B43,,2026-02-19,5,1,sweetness,taste,1
R11147,H01489,B44,,2026-02-19,4,0,packaging,,1
R11148,H01633,B39,,2026-02-19,4,1,texture,flavour depth,0
R11149,H01660,B45,,2026-02-19,2,0,,aftertaste,0
R11150,H01808,B12,,2026-02-19,5,1,price,,1
R11151,H01813,B38,,2026-02-19,3,1,price,,0
R11152,H02116,B46,,2026-02-19,5,1,aftertaste,,1
R11153,H02547,B10,,2026-02-19,2,0,,ingredients,0
R11154,H02557,B03,,2026-02-19,4,1,energy boost,texture,1
R11155,H02634,B45,,2026-02-19,4,1,taste,,0
R11156,H02637,B38,,2026-02-19,2,0,ingredients,texture,0
R11157,H02643,B22,,2026-02-19,2,0,,price,0
R11158,H02783,B27,,2026-02-19,4,1,versatility,,0
R11159,H02875,B34,,2026-02-19,5,1,price,,0
R11160,H02958,B20,,2026-02-19,4,1,fizz,,1
R11161,H03120,B05,,2026-02-19,4,0,packaging,,0
R11162,H03140,B19,,2026-02-19,3,0,,texture,0
R11163,H03266,B35,,2026-02-19,1,0,,price,0
R11164,H03528,B23,,2026-02-19,4,0,ingredients,,1
R11165,H03681,B03,P046,2026-02-19,3,0,portability,,1
R11166,H03683,B17,P046,2026-02-19,3,0,,refreshing,0
R11167,H00244,B03,,2026-02-20,4,1,ingredients,,0
R11168,H00274,B43,,2026-02-20,5,1,aftertaste,,0
R11169,H00567,B21,,2026-02-20,5,1,fizz,,1
R11170,H00700,B41,,2026-02-20,3,1,crunch,,0
R11171,H00749,B38,,2026-02-20,4,1,price,,1
R11172,H00787,B33,,2026-02-20,4,1,fizz,,0
R11173,H00948,B41,,2026-02-20,3,0,crunch,,0
R11174,H00963,B33,,2026-02-20,3,0,price,,0
R11175,H01164,B01,,2026-02-20,2,0,,seasoning,0
R11176,H01329,B25,,2026-02-20,1,0,,portion size,0
R11177,H01376,B41,,2026-02-20,2,0,,price,0
R11178,H01409,B20,,2026-02-20,3,1,fizz,,1
R11179,H01741,B21,,2026-02-20,5,1,fizz,,1
R11180,H01894,B24,,2026-02-20,3,1,aroma,,1
R11181,H02089,B14,,2026-02-20,3,0,fizz,,0
R11182,H02139,B30,,2026-02-20,4,1,texture,,1
R11183,H02237,B46,,2026-02-20,5,0,refreshing,,1
R11184,H02325,B15,,2026-02-20,3,1,,sweetness,0
R11185,H02394,B33,,2026-02-20,2,0,,sweetness,0
R11186,H02719,B48,,2026-02-20,3,0,,packaging,0
R11187,H02784,B36,,2026-02-20,2,1,,portion size,0
R11188,H02838,B12,,2026-02-20,3,0,,sweetness,1
R11189,H02907,B06,,2026-02-20,4,1,ingredients,,1
R11190,H03054,B19,,2026-02-20,5,1,jar size,,0
R11191,H03460,B04,,2026-02-20,3,0,seasoning,,0
R11192,H03533,B09,,2026-02-20,4,1,packaging,,1
R11193,H03677,B02,P046,2026-02-20,4,0,price,,0
R11194,H03677,B30,,2026-02-20,3,1,,price,1
R11195,H03682,B02,P046,2026-02-20,3,0,seasoning,,1
R11196,H00071,B46,,2026-02-21,2,0,aftertaste,fizz,0
R11197,H00136,B34,,2026-02-21,4,1,price,,0
R11198,H00487,B13,,2026-02-21,5,0,packaging,,1
R11199,H00524,B46,,2026-02-21,4,1,sweetness,,1
R11200,H00539,B17,,2026-02-21,3,1,,sweetness,0
R11201,H00572,B05,,2026-02-21,3,0,crunch,,0
R11202,H00602,B46,,2026-02-21,3,1,refreshing,,0
R11203,H00707,B22,,2026-02-21,3,0,sweetness,,0
R11204,H00952,B48,,2026-02-21,4,1,saltiness,,0
R11205,H01181,B19,,2026-02-21,3,0,,jar size,0
R11206,H01244,B44,,2026-02-21,3,1,packaging,,1
R11207,H01347,B31,,2026-02-21,3,0,price,,0
R11208,H01359,B05,,2026-02-21,4,1,saltiness,,1
R11209,H01364,B24,,2026-02-21,4,0,taste,,0
R11210,H01424,B38,,2026-02-21,5,1,texture,,1
R11211,H01570,B41,,2026-02-21,4,1,price,,0
R11212,H01824,B28,,2026-02-21,5,1,ingredients,,1
R11213,H01911,B09,,2026-02-21,2,0,,price,0
R11214,H01985,B14,,2026-02-21,2,1,,packaging,0
R11215,H02049,B07,,2026-02-21,4,1,texture,,0
R11216,H02065,B19,,2026-02-21,5,1,heat,flavour depth,1
R11217,H02134,B22,,2026-02-21,4,0,ingredients,,0
R11218,H02200,B21,,2026-02-21,3,0,price,,0
R11219,H02455,B15,,2026-02-21,2,0,,sweetness,0
R11220,H02492,B44,,2026-02-21,4,1,refreshing,,1
R11221,H02612,B05,,2026-02-21,2,1,,price,0
R11222,H02786,B17,,2026-02-21,5,1,price,,1
R11223,H03022,B24,,2026-02-21,2,0,,ingredients,0
R11224,H03307,B29,,2026-02-21,3,0,portability,,0
R11225,H03344,B20,,2026-02-21,3,0,refreshing,,0
R11226,H03664,B11,,2026-02-21,4,1,sweetness,,1
R11227,H03674,B02,P046,2026-02-21,4,1,seasoning,price,1
R11228,H03676,B04,P046,2026-02-21,4,1,crunch,portion size,0
R11229,H03677,B03,P046,2026-02-21,5,1,texture,,0
R11230,H03682,B04,P046,2026-02-21,3,0,,saltiness,1
R11231,H00005,B43,,2026-02-22,5,1,refreshing,,0
R11232,H00310,B14,,2026-02-22,4,1,sweetness,,1
R11233,H00468,B48,,2026-02-22,5,1,price,,1
R11234,H00483,B24,,2026-02-22,5,1,strength,,1
R11235,H00742,B28,,2026-02-22,4,1,portability,,0
R11236,H00779,B20,,2026-02-22,5,1,sweetness,,1
R11237,H00856,B08,,2026-02-22,3,1,price,,0
R11238,H00916,B48,,2026-02-22,5,1,seasoning,,1
R11239,H01053,B43,,2026-02-22,3,1,price,,0
R11240,H01317,B20,,2026-02-22,4,1,taste,,0
R11241,H01494,B41,,2026-02-22,3,0,price,,0
R11242,H01760,B14,,2026-02-22,3,0,taste,,0
R11243,H01874,B33,,2026-02-22,2,0,,refreshing,0
R11244,H01943,B24,,2026-02-22,4,0,price,,1
R11245,H02025,B10,,2026-02-22,5,1,packaging,aroma,1
R11246,H02201,B27,,2026-02-22,5,1,texture,,1
R11247,H02347,B04,,2026-02-22,3,1,,saltiness,0
R11248,H02446,B47,,2026-02-22,5,1,sweetness,,1
R11249,H02625,B45,,2026-02-22,3,0,,taste,0
R11250,H02781,B36,,2026-02-22,2,0,packaging,seasoning,0
R11251,H02838,B01,,2026-02-22,4,1,saltiness,,1
R11252,H02914,B19,,2026-02-22,1,0,price,heat,0
R11253,H02922,B45,,2026-02-22,3,0,,packaging,0
R11254,H03275,B19,,2026-02-22,4,1,texture,,0
R11255,H03351,B25,,2026-02-22,1,0,,price,0
R11256,H03437,B28,,2026-02-22,3,0,,price,0
R11257,H03678,B04,P046,2026-02-22,4,1,portion size,saltiness,0
R11258,H03679,B26,P046,2026-02-22,5,1,crunch,,0
R11259,H00111,B29,,2026-02-23,4,0,price,,1
R11260,H00628,B04,,2026-02-23,5,1,seasoning,packaging,0
R11261,H00645,B37,,2026-02-23,2,0,,price,0
R11262,H00739,B38,,2026-02-23,3,0,texture,,0
R11263,H00744,B49,,2026-02-23,2,0,,price,0
R11264,H01041,B45,,2026-02-23,4,1,fizz,,1
R11265,H01096,B20,,2026-02-23,2,0,price,fizz,1
R11266,H01133,B24,,2026-02-23,2,0,,price,0
R11267,H01216,B43,,2026-02-23,4,1,packaging,taste,0
R11268,H01262,B04,,2026-02-23,5,0,packaging,,1
R11269,H01285,B07,,2026-02-23,5,1,price,,1
R11270,H01307,B08,,2026-02-23,4,0,texture,,0
R11271,H01534,B21,,2026-02-23,4,0,sweetness,,1
R11272,H01903,B46,,2026-02-23,5,1,packaging,,0
R11273,H02010,B24,,2026-02-23,3,1,,taste,1
R11274,H02015,B44,,2026-02-23,4,0,sweetness,,0
R11275,H02268,B29,,2026-02-23,2,0,,ingredients,0
R11276,H02511,B07,,2026-02-23,4,0,price,,1
R11277,H02562,B29,,2026-02-23,3,1,,price,0
R11278,H02644,B38,,2026-02-23,4,1,sweetness,,0
R11279,H02693,B24,,2026-02-23,3,0,ingredients,,0
R11280,H02774,B08,,2026-02-23,3,0,texture,,0
R11281,H02825,B26,,2026-02-23,3,0,,crunch,0
R11282,H02844,B45,,2026-02-23,2,0,,sweetness,0
R11283,H03217,B46,,2026-02-23,4,1,aftertaste,,0
R11284,H03273,B05,,2026-02-23,3,1,portion size,,1
R11285,H03339,B37,,2026-02-23,2,0,,sweetness,0
R11286,H03440,B31,,2026-02-23,4,1,versatility,,1
R11287,H03550,B33,,2026-02-23,5,1,packaging,,1
R11288,H03674,B17,P046,2026-02-23,2,0,,aftertaste,0
R11289,H03675,B26,P046,2026-02-23,4,1,price,,0
R11290,H03681,B26,P046,2026-02-23,5,1,saltiness,seasoning,0
R11291,H00004,B27,,2026-02-24,5,1,jar size,,1
R11292,H00026,B46,,2026-02-24,5,1,aftertaste,,1
R11293,H00088,B24,,2026-02-24,3,1,,ingredients,0
R11294,H00217,B16,,2026-02-24,4,1,aftertaste,,1
R11295,H00381,B47,,2026-02-24,3,0,,sweetness,0
R11296,H00643,B12,,2026-02-24,4,0,packaging,price,1
R11297,H00866,B12,,2026-02-24,1,0,,price,0
R11298,H01047,B43,,2026-02-24,5,1,refreshing,aftertaste,1
R11299,H01165,B47,,2026-02-24,4,1,price,,0
R11300,H01443,B40,,2026-02-24,4,1,refreshing,,0
R11301,H01515,B11,,2026-02-24,3,0,refreshing,,0
R11302,H02309,B24,,2026-02-24,3,1,taste,,0
R11303,H02772,B43,,2026-02-24,5,1,packaging,,1
R11304,H02929,B48,,2026-02-24,4,1,saltiness,,0
R11305,H03039,B15,,2026-02-24,1,0,,packaging,0
R11306,H03182,B49,,2026-02-24,3,0,price,,0
R11307,H03264,B10,,2026-02-24,4,1,strength,,1
R11308,H03359,B05,,2026-02-24,2,1,,seasoning,0
R11309,H03624,B47,,2026-02-24,2,0,,price,0
R11310,H03632,B33,,2026-02-24,2,0,,packaging,0
R11311,H03672,B02,P046,2026-02-24,4,0,portion size,price,1
R11312,H03673,B03,P046,2026-02-24,5,1,portability,energy boost,0
R11313,H03677,B17,P046,2026-02-24,3,0,,packaging,0
R11314,H03679,B04,P046,2026-02-24,4,1,seasoning,,0
R11315,H00040,B14,,2026-02-25,4,0,taste,,1
R11316,H00097,B14,,2026-02-25,5,1,price,,1
R11317,H00247,B49,,2026-02-25,3,0,,packaging,0
R11318,H00354,B25,,2026-02-25,5,1,seasoning,,1
R11319,H00599,B38,,2026-02-25,2,0,,ingredients,0
R11320,H00601,B33,,2026-02-25,2,0,,taste,0
R11321,H00708,B22,,2026-02-25,3,0,texture,,0
R11322,H01024,B34,,2026-02-25,5,1,aroma,,0
R11323,H01029,B25,,2026-02-25,3,0,,saltiness,0
R11324,H01087,B43,,2026-02-25,3,0,packaging,,0
R11325,H01102,B43,,2026-02-25,3,0,packaging,,0
R11326,H01149,B17,,2026-02-25,4,1,aftertaste,,1
R11327,H01327,B19,,2026-02-25,3,0,,versatility,0
R11328,H01397,B24,,2026-02-25,3,0,,taste,0
R11329,H01457,B06,,2026-02-25,3,0,,ingredients,0
R11330,H01480,B07,,2026-02-25,4,1,texture,,1
R11331,H01612,B40,,2026-02-25,3,1,,sweetness,1
R11332,H01961,B06,,2026-02-25,4,1,ingredients,,0
R11333,H02005,B36,,2026-02-25,3,0,seasoning,,1
R11334,H02147,B43,,2026-02-25,4,1,refreshing,,1
R11335,H02260,B31,,2026-02-25,2,0,heat,flavour depth,0
R11336,H02345,B37,,2026-02-25,3,0,packaging,,0
R11337,H02363,B05,,2026-02-25,2,1,,seasoning,0
R11338,H02444,B24,,2026-02-25,3,0,,packaging,0
R11339,H02570,B43,,2026-02-25,5,1,fizz,,1
R11340,H02572,B06,,2026-02-25,3,1,,price,0
R11341,H02717,B23,,2026-02-25,3,1,texture,,0
R11342,H02776,B33,,2026-02-25,2,1,,packaging,0
R11343,H03055,B30,,2026-02-25,2,1,jar size,texture,0
R11344,H03088,B35,,2026-02-25,1,0,portability,texture,0
R11345,H03149,B43,,2026-02-25,5,1,aftertaste,,1
R11346,H03232,B16,,2026-02-25,2,0,,taste,0
R11347,H03384,B22,,2026-02-25,1,0,packaging,texture,0
R11348,H03384,B31,,2026-02-25,4,1,jar size,heat,0
R11349,H03443,B47,,2026-02-25,3,0,sweetness,,0
R11350,H03545,B38,,2026-02-25,3,1,price,,0
R11351,H03682,B17,P046,2026-02-25,4,1,sweetness,refreshing,0
R11352,H00032,B42,,2026-02-26,4,1,aroma,,1
R11353,H00149,B22,,2026-02-26,4,1,ingredients,taste,0
R11354,H00228,B12,,2026-02-26,4,0,packaging,taste,0
R11355,H00280,B07,,2026-02-26,3,0,,flavour depth,1
R11356,H00494,B06,,2026-02-26,5,1,taste,sweetness,1
R11357,H00543,B28,,2026-02-26,4,1,energy boost,,0
R11358,H00628,B47,,2026-02-26,2,0,,price,0
R11359,H00681,B11,,2026-02-26,3,0,aftertaste,,1
R11360,H00772,B22,,2026-02-26,2,0,,taste,0
R11361,H00780,B41,,2026-02-26,4,1,portion size,,1
R11362,H00789,B26,,2026-02-26,5,1,saltiness,,1
R11363,H00886,B19,,2026-02-26,5,1,texture,,0
R11364,H01340,B35,,2026-02-26,1,0,,ingredients,0
R11365,H01427,B23,,2026-02-26,4,1,price,,1
R11366,H01558,B34,,2026-02-26,3,0,strength,,1
R11367,H01642,B32,,2026-02-26,3,0,usefulness,,0
R11368,H01665,B19,,2026-02-26,3,0,jar size,,0
R11369,H01696,B02,,2026-02-26,4,1,saltiness,,1
R11370,H01817,B33,,2026-02-26,3,0,price,,0
R11371,H01847,B19,,2026-02-26,5,1,heat,,1
R11372,H01963,B18,,2026-02-26,3,0,aftertaste,,0
R11373,H01984,B44,,2026-02-26,4,1,sweetness,,1
R11374,H02310,B33,,2026-02-26,5,0,fizz,refreshing,1
R11375,H02477,B49,,2026-02-26,5,1,packaging,,1
R11376,H02563,B08,,2026-02-26,3,0,heat,,0
R11377,H02598,B47,,2026-02-26,3,1,price,,1
R11378,H02701,B40,,2026-02-26,4,1,sweetness,,0
R11379,H02965,B44,,2026-02-26,4,1,fizz,,1
R11380,H03102,B45,,2026-02-26,2,0,,price,0
R11381,H03264,B26,,2026-02-26,4,1,price,,1
R11382,H03387,B19,,2026-02-26,3,1,,versatility,0
R11383,H03566,B09,,2026-02-26,3,1,,ingredients,1
R11384,H03646,B31,,2026-02-26,3,1,jar size,,0
R11385,H03681,B04,P046,2026-02-26,4,0,price,,1
R11386,H00208,B21,,2026-02-27,4,1,fizz,,0
R11387,H00275,B17,,2026-02-27,3,0,,fizz,0
R11388,H00384,B45,,2026-02-27,4,1,price,refreshing,1
R11389,H00496,B33,,2026-02-27,4,0,refreshing,,1
R11390,H00617,B07,,2026-02-27,1,0,,versatility,0
R11391,H00661,B14,,2026-02-27,3,1,,refreshing,0
R11392,H00752,B47,,2026-02-27,2,0,sweetness,price,0
R11393,H00807,B19,,2026-02-27,3,0,,jar size,0
R11394,H00989,B10,,2026-02-27,3,1,ingredients,,0
R11395,H01251,B31,,2026-02-27,3,1,,versatility,0
R11396,H01255,B01,,2026-02-27,5,0,seasoning,,1
R11397,H01262,B03,,2026-02-27,5,1,ingredients,,1
R11398,H01269,B05,,2026-02-27,3,0,,saltiness,1
R11399,H01307,B33,,2026-02-27,2,0,,price,0
R11400,H01307,B20,,2026-02-27,4,1,packaging,refreshing,1
R11401,H01348,B24,,2026-02-27,5,1,packaging,,1
R11402,H01355,B36,,2026-02-27,5,1,portion size,,1
R11403,H01396,B33,,2026-02-27,1,1,,taste,0
R11404,H01662,B10,,2026-02-27,4,1,strength,,0
R11405,H01844,B30,,2026-02-27,1,0,price,heat,0
R11406,H02069,B32,,2026-02-27,3,1,,price,0
R11407,H02409,B22,,2026-02-27,5,1,taste,,1
R11408,H02534,B14,,2026-02-27,5,1,fizz,,0
R11409,H02602,B01,,2026-02-27,4,1,packaging,,1
R11410,H02643,B32,,2026-02-27,4,1,price,,0
R11411,H02650,B02,,2026-02-27,5,1,crunch,,0
R11412,H03023,B40,,2026-02-27,4,1,taste,,1
R11413,H03040,B47,,2026-02-27,2,0,,packaging,0
R11414,H03081,B49,,2026-02-27,4,1,packaging,,1
R11415,H03257,B40,,2026-02-27,3,0,fizz,,1
R11416,H03402,B22,,2026-02-27,2,0,,ingredients,0
R11417,H03485,B29,,2026-02-27,4,1,texture,ingredients,0
R11418,H03547,B22,,2026-02-27,2,0,,texture,0
R11419,H03664,B38,,2026-02-27,2,0,,price,0
R11420,H00088,B15,,2026-02-28,2,0,sweetness,taste,0
R11421,H00089,B13,,2026-02-28,4,1,fizz,,1
R11422,H00175,B29,,2026-02-28,4,1,texture,,0
R11423,H00332,B15,,2026-02-28,1,0,,taste,0
R11424,H00333,B15,,2026-02-28,4,1,aftertaste,sweetness,0
R11425,H00525,B38,,2026-02-28,4,0,ingredients,,0
R11426,H00762,B27,,2026-02-28,2,0,,versatility,0
R11427,H01144,B08,,2026-02-28,4,1,heat,,1
R11428,H01251,B02,,2026-02-28,2,0,,portion size,0
R11429,H01347,B49,,2026-02-28,4,0,taste,ingredients,1
R11430,H01489,B36,,2026-02-28,2,0,,seasoning,0
R11431,H01541,B28,,2026-02-28,1,0,,energy boost,0
R11432,H01662,B32,,2026-02-28,3,1,,price,0
R11433,H01680,B13,,2026-02-28,4,1,refreshing,,1
R11434,H01737,B06,,2026-02-28,3,1,,texture,0
R11435,H02082,B45,,2026-02-28,2,0,,packaging,0
R11436,H02095,B09,,2026-02-28,3,1,,sweetness,0
R11437,H02097,B37,,2026-02-28,2,0,,ingredients,0
R11438,H02267,B41,,2026-02-28,4,1,portion size,,1
R11439,H02368,B46,,2026-02-28,3,0,,packaging,0
R11440,H02372,B01,,2026-02-28,5,1,price,,0
R11441,H02418,B08,,2026-02-28,4,1,price,,1
R11442,H02461,B49,,2026-02-28,3,0,,sweetness,1
R11443,H02472,B43,,2026-02-28,4,1,aftertaste,,0
R11444,H02552,B16,,2026-02-28,4,1,packaging,,1
R11445,H02598,B19,,2026-02-28,5,1,heat,,0
R11446,H02664,B17,,2026-02-28,2,0,,aftertaste,0
R11447,H02723,B03,,2026-02-28,3,1,,price,1
R11448,H02728,B16,,2026-02-28,2,0,,packaging,0
R11449,H03068,B27,,2026-02-28,5,1,price,versatility,0
R11450,H03162,B48,,2026-02-28,2,0,,price,0
R11451,H03294,B23,,2026-02-28,4,0,texture,,1
R11452,H03300,B08,,2026-02-28,4,1,jar size,,0
R11453,H03539,B39,,2026-02-28,5,1,heat,,1
R11454,H03558,B12,,2026-02-28,3,1,aftertaste,,0
R11455,H03565,B43,,2026-02-28,5,1,taste,,1
R11456,H03607,B46,,2026-02-28,3,0,aftertaste,,0
R11457,H00104,B27,,2026-03-01,3,0,,flavour depth,1
R11458,H00248,B40,,2026-03-01,3,0,refreshing,,0
R11459,H00257,B04,,2026-03-01,5,1,seasoning,,1
R11460,H00500,B23,,2026-03-01,2,0,,ingredients,0
R11461,H00652,B24,,2026-03-01,2,0,price,ingredients,0
R11462,H01103,B07,,2026-03-01,5,1,flavour depth,,1
R11463,H01145,B02,,2026-03-01,4,1,saltiness,,0
R11464,H01298,B41,,2026-03-01,4,1,portion size,,1
R11465,H01337,B02,,2026-03-01,4,1,price,,0
R11466,H01338,B46,,2026-03-01,5,1,refreshing,,1
R11467,H01368,B35,,2026-03-01,5,1,energy boost,,1
R11468,H01426,B07,,2026-03-01,3,1,,heat,0
R11469,H01452,B27,,2026-03-01,5,1,versatility,flavour depth,1
R11470,H01778,B13,,2026-03-01,3,1,taste,,0
R11471,H01787,B47,,2026-03-01,2,0,,price,0
R11472,H01812,B23,,2026-03-01,1,0,,price,0
R11473,H01952,B43,,2026-03-01,4,1,price,,0
R11474,H01993,B13,,2026-03-01,3,0,,packaging,0
R11475,H02051,B33,,2026-03-01,2,1,sweetness,packaging,0
R11476,H02144,B10,,2026-03-01,3,1,,taste,0
R11477,H02212,B01,,2026-03-01,3,0,saltiness,,0
R11478,H02222,B41,,2026-03-01,4,1,packaging,,0
R11479,H02398,B21,,2026-03-01,3,0,,sweetness,0
R11480,H02480,B36,,2026-03-01,3,1,price,,0
R11481,H02550,B20,,2026-03-01,3,0,fizz,,1
R11482,H02626,B14,,2026-03-01,4,1,sweetness,,0
R11483,H03028,B46,,2026-03-01,2,0,,refreshing,0
R11484,H03041,B38,,2026-03-01,3,1,texture,,0
R11485,H03122,B43,,2026-03-01,2,0,,refreshing,0
R11486,H03242,B43,,2026-03-01,5,1,taste,,0
R11487,H03269,B39,,2026-03-01,3,0,heat,,1
R11488,H03350,B19,,2026-03-01,5,1,flavour depth,texture,1
R11489,H03353,B16,,2026-03-01,3,0,,taste,0
R11490,H03724,B37,,2026-03-01,3,1,price,,0
R11491,H00025,B25,,2026-03-02,5,1,crunch,,1
R11492,H00181,B32,,2026-03-02,3,0,,usefulness,0
R11493,H00253,B16,,2026-03-02,2,0,,price,0
R11494,H00283,B47,,2026-03-02,3,1,texture,,0
R11495,H00380,B44,,2026-03-02,4,1,taste,,0
R11496,H00483,B08,,2026-03-02,5,1,flavour depth,heat,1
R11497,H00585,B46,,2026-03-02,3,0,,sweetness,0
R11498,H00690,B33,,2026-03-02,2,0,,packaging,0
R11499,H00799,B10,,2026-03-02,3,1,aroma,,0
R11500,H00922,B04,,2026-03-02,2,0,,portion size,0
R11501,H01077,B07,,2026-03-02,5,1,flavour depth,,1
R11502,H01141,B49,,2026-03-02,2,0,,taste,0
R11503,H01163,B31,,2026-03-02,3,1,price,,0
R11504,H01166,B25,,2026-03-02,3,0,,portion size,0
R11505,H01403,B30,,2026-03-02,2,0,jar size,price,0
R11506,H01434,B23,,2026-03-02,3,1,sweetness,,1
R11507,H01667,B23,,2026-03-02,3,0,packaging,,0
R11508,H01671,B26,,2026-03-02,3,1,,saltiness,0
R11509,H02021,B23,,2026-03-02,3,0,,taste,0
R11510,H02055,B38,,2026-03-02,3,0,,sweetness,0
R11511,H02090,B24,,2026-03-02,2,0,,taste,0
R11512,H02437,B09,,2026-03-02,1,0,,texture,0
R11513,H02558,B09,,2026-03-02,3,1,ingredients,,1
R11514,H02579,B39,,2026-03-02,5,1,jar size,flavour depth,1
R11515,H02588,B25,,2026-03-02,3,0,packaging,,0
R11516,H02633,B35,,2026-03-02,3,1,,energy boost,0
R11517,H02643,B48,,2026-03-02,5,1,price,,1
R11518,H02786,B22,,2026-03-02,3,1,texture,,0
R11519,H02834,B39,,2026-03-02,2,0,,jar size,0
R11520,H02934,B16,,2026-03-02,3,0,price,,0
R11521,H02938,B05,,2026-03-02,1,0,,saltiness,0
R11522,H03027,B26,,2026-03-02,4,0,crunch,,1
R11523,H03098,B19,,2026-03-02,4,1,texture,,1
R11524,H03117,B10,,2026-03-02,3,0,strength,,0
R11525,H03480,B25,,2026-03-02,3,1,,price,0
R11526,H03662,B13,,2026-03-02,5,1,sweetness,,0
R11527,H03715,B39,,2026-03-02,3,0,jar size,,0
R11528,H00261,B41,,2026-03-03,4,1,price,,1
R11529,H00286,B17,,2026-03-03,4,0,fizz,,1
R11530,H00582,B25,,2026-03-03,2,0,,seasoning,0
R11531,H00585,B27,,2026-03-03,5,1,jar size,texture,1
R11532,H00696,B04,,2026-03-03,3,1,seasoning,,1
R11533,H00852,B32,,2026-03-03,4,0,build quality,,1
R11534,H00925,B23,,2026-03-03,2,0,,ingredients,0
R11535,H00984,B05,,2026-03-03,2,0,,seasoning,0
R11536,H01114,B11,,2026-03-03,3,0,,aftertaste,1
R11537,H01169,B14,,2026-03-03,3,0,refreshing,,0
R11538,H01209,B21,,2026-03-03,5,1,aftertaste,sweetness,1
R11539,H01288,B16,,2026-03-03,4,1,price,aftertaste,0
R11540,H01381,B33,,2026-03-03,5,1,refreshing,,1
R11541,H01584,B39,,2026-03-03,5,1,texture,,1
R11542,H01625,B43,,2026-03-03,3,1,,fizz,0
R11543,H01796,B43,,2026-03-03,4,0,price,,0
R11544,H01845,B10,,2026-03-03,3,1,,packaging,1
R11545,H01853,B03,,2026-03-03,3,0,,energy boost,1
R11546,H01931,B25,,2026-03-03,4,1,saltiness,packaging,1
R11547,H02080,B14,,2026-03-03,4,0,fizz,,1
R11548,H02342,B05,,2026-03-03,3,0,saltiness,,1
R11549,H02581,B13,,2026-03-03,2,1,packaging,price,0
R11550,H02601,B15,,2026-03-03,3,0,aftertaste,,0
R11551,H02720,B17,,2026-03-03,3,0,,refreshing,0
R11552,H02736,B27,,2026-03-03,3,0,,heat,0
R11553,H02786,B25,,2026-03-03,5,1,seasoning,price,1
R11554,H03042,B29,,2026-03-03,4,1,price,,0
R11555,H03183,B28,,2026-03-03,3,1,,energy boost,0
R11556,H03233,B45,,2026-03-03,3,0,,aftertaste,1
R11557,H03355,B05,,2026-03-03,2,0,,seasoning,0
R11558,H03692,B15,,2026-03-03,4,1,price,,1
R11559,H03736,B21,,2026-03-03,5,1,refreshing,aftertaste,1
R11560,H00192,B01,,2026-03-04,2,0,,seasoning,0
R11561,H00224,B33,,2026-03-04,4,1,sweetness,price,1
R11562,H00292,B35,,2026-03-04,2,1,,taste,0
R11563,H00382,B39,,2026-03-04,5,1,price,texture,1
R11564,H00406,B25,,2026-03-04,3,0,,portion size,0
R11565,H00645,B46,,2026-03-04,3,0,refreshing,,0
R11566,H00701,B33,,2026-03-04,4,0,sweetness,price,1
R11567,H00892,B30,,2026-03-04,2,0,,jar size,0
R11568,H00936,B27,,2026-03-04,4,0,flavour depth,,0
R11569,H00952,B46,,2026-03-04,4,1,refreshing,,0
R11570,H01005,B22,,2026-03-04,2,0,,price,0
R11571,H01034,B36,,2026-03-04,2,0,,packaging,0
R11572,H01099,B41,,2026-03-04,4,1,crunch,,1
R11573,H01128,B36,,2026-03-04,2,1,portion size,seasoning,0
R11574,H01200,B08,,2026-03-04,3,1,,heat,1
R11575,H01262,B28,,2026-03-04,5,1,portability,texture,1
R11576,H01650,B46,,2026-03-04,2,0,,sweetness,0
R11577,H01678,B45,,2026-03-04,3,1,packaging,,0
R11578,H01750,B44,,2026-03-04,5,1,packaging,,1
R11579,H01791,B21,,2026-03-04,4,1,fizz,,1
R11580,H01862,B32,,2026-03-04,5,1,design,usefulness,1
R11581,H01970,B19,,2026-03-04,4,1,jar size,,0
R11582,H01992,B19,,2026-03-04,5,0,versatility,,0
R11583,H02506,B09,,2026-03-04,1,0,,ingredients,0
R11584,H02536,B40,,2026-03-04,3,0,,sweetness,0
R11585,H02668,B49,,2026-03-04,3,1,price,,0
R11586,H02862,B46,,2026-03-04,3,1,,fizz,1
R11587,H03041,B07,,2026-03-04,2,0,,heat,0
R11588,H03312,B47,,2026-03-04,1,0,,taste,0
R11589,H03365,B22,,2026-03-04,4,1,ingredients,,0
R11590,H03452,B44,,2026-03-04,3,0,price,,0
R11591,H03540,B49,,2026-03-04,3,0,sweetness,,1
R11592,H03581,B44,,2026-03-04,4,0,price,,0
R11593,H03611,B22,,2026-03-04,4,1,price,,1
R11594,H03619,B02,,2026-03-04,3,1,saltiness,,0
R11595,H03640,B27,,2026-03-04,1,0,,flavour depth,0
R11596,H00010,B35,,2026-03-05,1,0,,texture,0
R11597,H00059,B22,,2026-03-05,3,0,taste,,1
R11598,H00451,B17,,2026-03-05,2,0,,taste,0
R11599,H00777,B47,,2026-03-05,3,0,,taste,0
R11600,H00807,B18,,2026-03-05,3,0,,sweetness,1
R11601,H00994,B28,,2026-03-05,4,0,ingredients,texture,0
R11602,H01112,B43,,2026-03-05,4,1,refreshing,,1
R11603,H01166,B04,,2026-03-05,4,0,crunch,,0
R11604,H01245,B37,,2026-03-05,2,0,,taste,0
R11605,H01371,B30,,2026-03-05,4,1,texture,,1
R11606,H01426,B42,,2026-03-05,4,1,ingredients,,0
R11607,H01497,B46,,2026-03-05,5,0,refreshing,fizz,1
R11608,H01645,B22,,2026-03-05,5,1,taste,,1
R11609,H01736,B07,,2026-03-05,3,0,,heat,0
R11610,H01791,B10,,2026-03-05,4,1,strength,price,1
R11611,H01831,B20,,2026-03-05,5,1,aftertaste,packaging,1
R11612,H02077,B33,,2026-03-05,3,1,,price,1
R11613,H02525,B28,,2026-03-05,3,0,taste,,1
R11614,H02534,B04,,2026-03-05,3,1,saltiness,,1
R11615,H02577,B18,,2026-03-05,2,0,,refreshing,0
R11616,H02647,B22,,2026-03-05,3,0,sweetness,,0
R11617,H02841,B14,,2026-03-05,2,0,sweetness,aftertaste,0
R11618,H02907,B08,,2026-03-05,3,0,jar size,,1
R11619,H03010,B11,,2026-03-05,5,1,fizz,,1
R11620,H03019,B27,,2026-03-05,5,1,heat,versatility,1
R11621,H03133,B14,,2026-03-05,4,1,refreshing,,1
R11622,H03163,B48,,2026-03-05,4,1,seasoning,,1
R11623,H03211,B22,,2026-03-05,5,1,texture,,0
R11624,H03396,B31,,2026-03-05,3,0,versatility,,0
R11625,H03429,B08,,2026-03-05,5,1,versatility,,1
R11626,H03673,B17,,2026-03-05,3,1,price,,0
R11627,H03745,B03,,2026-03-05,2,0,,energy boost,0
R11628,H00088,B26,,2026-03-06,3,0,packaging,,0
R11629,H00286,B09,,2026-03-06,3,0,,packaging,0
R11630,H00690,B26,,2026-03-06,5,1,saltiness,,1
R11631,H00737,B34,,2026-03-06,2,0,,packaging,1
R11632,H01109,B26,,2026-03-06,2,0,,crunch,0
R11633,H01314,B05,,2026-03-06,4,1,price,,1
R11634,H01520,B48,,2026-03-06,4,1,packaging,,1
R11635,H01977,B15,,2026-03-06,2,0,,fizz,0
R11636,H02009,B47,,2026-03-06,3,1,texture,,0
R11637,H02140,B29,,2026-03-06,5,1,taste,,1
R11638,H02197,B12,,2026-03-06,2,0,,packaging,0
R11639,H02264,B25,,2026-03-06,5,1,packaging,,1
R11640,H02422,B38,,2026-03-06,2,0,,ingredients,0
R11641,H02430,B05,,2026-03-06,2,0,,price,0
R11642,H02483,B19,,2026-03-06,2,0,,price,0
R11643,H02658,B46,,2026-03-06,3,0,packaging,,1
R11644,H02718,B15,,2026-03-06,1,0,packaging,sweetness,0
R11645,H02745,B22,,2026-03-06,3,0,sweetness,,0
R11646,H02872,B25,,2026-03-06,5,1,saltiness,,1
R11647,H02921,B46,,2026-03-06,2,0,sweetness,packaging,0
R11648,H02984,B23,,2026-03-06,3,0,,taste,0
R11649,H02994,B22,,2026-03-06,5,1,ingredients,,1
R11650,H03186,B30,,2026-03-06,4,1,flavour depth,,0
R11651,H03226,B44,,2026-03-06,4,1,sweetness,,1
R11652,H03336,B43,,2026-03-06,5,1,taste,,1
R11653,H03397,B42,,2026-03-06,2,0,,aroma,0
R11654,H03668,B44,,2026-03-06,2,0,,fizz,0
R11655,H00125,B24,,2026-03-07,4,1,packaging,,0
R11656,H00210,B04,,2026-03-07,3,0,,price,0
R11657,H00225,B21,,2026-03-07,3,0,,refreshing,0
R11658,H00620,B28,,2026-03-07,2,0,,ingredients,0
R11659,H00723,B43,,2026-03-07,5,1,sweetness,,1
R11660,H00738,B19,,2026-03-07,5,1,jar size,,1
R11661,H00797,B49,,2026-03-07,5,1,ingredients,,1
R11662,H00880,B27,,2026-03-07,5,1,price,jar size,1
R11663,H01010,B34,,2026-03-07,3,0,,taste,0
R11664,H01121,B19,,2026-03-07,5,1,texture,price,0
R11665,H01125,B08,,2026-03-07,5,1,price,texture,1
R11666,H01139,B33,,2026-03-07,4,1,price,taste,1
R11667,H01227,B01,,2026-03-07,3,0,price,,1
R11668,H01255,B46,,2026-03-07,4,1,refreshing,,1
R11669,H01260,B39,,2026-03-07,3,0,,price,0
R11670,H01415,B10,,2026-03-07,4,1,taste,,1
R11671,H01473,B18,,2026-03-07,5,1,refreshing,,1
R11672,H01570,B48,,2026-03-07,4,0,crunch,packaging,0
R11673,H01586,B27,,2026-03-07,3,0,,heat,1
R11674,H01723,B42,,2026-03-07,1,0,,aroma,0
R11675,H01893,B04,,2026-03-07,2,1,,portion size,0
R11676,H02044,B26,,2026-03-07,3,1,,price,0
R11677,H02113,B32,,2026-03-07,3,1,usefulness,,0
R11678,H02349,B37,,2026-03-07,4,1,texture,,1
R11679,H02400,B39,,2026-03-07,3,0,texture,,0
R11680,H02420,B24,,2026-03-07,4,1,packaging,,0
R11681,H02486,B32,,2026-03-07,4,0,design,,1
R11682,H02553,B19,,2026-03-07,4,0,price,,1
R11683,H02701,B15,,2026-03-07,4,1,aftertaste,,1
R11684,H02851,B32,,2026-03-07,2,0,,build quality,0
R11685,H02868,B48,,2026-03-07,3,1,seasoning,,0
R11686,H02980,B36,,2026-03-07,2,1,,saltiness,0
R11687,H03427,B37,,2026-03-07,4,1,ingredients,,1
R11688,H03563,B14,,2026-03-07,3,1,taste,,0
R11689,H03601,B36,,2026-03-07,3,1,seasoning,,1
R11690,H03663,B33,,2026-03-07,4,0,refreshing,,0
R11691,H03702,B07,,2026-03-07,3,0,,jar size,0
R11692,H00337,B41,,2026-03-08,3,0,saltiness,,0
R11693,H00393,B25,,2026-03-08,1,0,,saltiness,0
R11694,H00576,B04,,2026-03-08,4,0,portion size,seasoning,1
R11695,H00581,B34,,2026-03-08,5,1,aroma,,1
R11696,H00742,B44,,2026-03-08,3,0,,price,0
R11697,H00749,B25,,2026-03-08,3,0,,price,1
R11698,H00829,B41,,2026-03-08,4,1,price,,1
R11699,H00860,B19,,2026-03-08,4,1,jar size,price,0
R11700,H00982,B24,,2026-03-08,2,0,,strength,0
R11701,H01262,B07,,2026-03-08,3,1,price,,0
R11702,H01480,B06,,2026-03-08,2,0,,price,0
R11703,H01522,B13,,2026-03-08,4,1,price,refreshing,0
R11704,H01650,B12,,2026-03-08,5,1,packaging,refreshing,1
R11705,H01939,B43,,2026-03-08,3,1,,aftertaste,0
R11706,H02033,B05,,2026-03-08,3,1,packaging,,1
R11707,H02104,B36,,2026-03-08,5,1,seasoning,saltiness,1
R11708,H02151,B31,,2026-03-08,2,1,,price,0
R11709,H02640,B07,,2026-03-08,4,1,price,,1
R11710,H02717,B12,,2026-03-08,2,0,taste,aftertaste,0
R11711,H02854,B17,,2026-03-08,4,1,packaging,,1
R11712,H03069,B23,,2026-03-08,5,1,packaging,,1
R11713,H03155,B05,,2026-03-08,1,0,,crunch,0
R11714,H03222,B39,,2026-03-08,3,0,jar size,,0
R11715,H03344,B39,,2026-03-08,2,0,,jar size,0
R11716,H03362,B16,,2026-03-08,5,1,fizz,packaging,1
R11717,H03484,B21,,2026-03-08,4,0,sweetness,,0
R11718,H00062,B13,,2026-03-09,2,0,,refreshing,0
R11719,H00142,B22,,2026-03-09,5,1,price,texture,1
R11720,H00177,B29,,2026-03-09,2,0,,texture,0
R11721,H00212,B13,,2026-03-09,3,0,,taste,1
R11722,H00425,B26,,2026-03-09,3,1,price,,0
R11723,H00520,B27,,2026-03-09,3,1,,price,0
R11724,H00570,B30,,2026-03-09,2,0,,flavour depth,0
R11725,H00701,B31,,2026-03-09,2,0,,jar size,0
R11726,H00703,B40,,2026-03-09,4,1,packaging,,0
R11727,H01054,B36,,2026-03-09,3,0,,saltiness,1
R11728,H01188,B35,,2026-03-09,3,1,,taste,0
R11729,H01346,B13,,2026-03-09,1,0,fizz,taste,0
R11730,H01418,B20,,2026-03-09,3,0,fizz,,0
R11731,H01784,B17,,2026-03-09,3,1,aftertaste,,0
R11732,H01817,B41,,2026-03-09,2,0,crunch,seasoning,0
R11733,H02030,B27,,2026-03-09,5,1,versatility,jar size,0
R11734,H02078,B28,,2026-03-09,5,0,energy boost,,1
R11735,H02113,B18,,2026-03-09,5,1,aftertaste,,1
R11736,H02351,B37,,2026-03-09,2,1,,taste,0
R11737,H02476,B07,,2026-03-09,2,0,price,flavour depth,1
R11738,H02546,B02,,2026-03-09,4,1,portion size,,0
R11739,H02561,B12,,2026-03-09,4,1,sweetness,,0
R11740,H02704,B06,,2026-03-09,3,1,,sweetness,0
R11741,H02769,B12,,2026-03-09,2,0,,refreshing,0
R11742,H02777,B13,,2026-03-09,2,0,price,taste,0
R11743,H02805,B31,,2026-03-09,4,1,flavour depth,,1
R11744,H02896,B29,,2026-03-09,3,0,taste,,0
R11745,H03019,B25,,2026-03-09,2,0,,seasoning,0
R11746,H03060,B46,,2026-03-09,5,1,aftertaste,packaging,1
R11747,H03077,B16,,2026-03-09,3,0,,refreshing,0
R11748,H03144,B22,,2026-03-09,4,1,ingredients,,0
R11749,H03182,B18,,2026-03-09,3,1,packaging,,0
R11750,H03508,B11,,2026-03-09,4,1,fizz,,1
R11751,H03563,B08,,2026-03-09,4,0,jar size,,1
R11752,H03699,B14,,2026-03-09,5,1,refreshing,,0
R11753,H03716,B34,,2026-03-09,4,1,packaging,,0
R11754,H03727,B21,,2026-03-09,5,1,refreshing,,1
R11755,H03758,B29,,2026-03-09,4,1,energy boost,,1
R11756,H00169,B15,,2026-03-10,3,0,,packaging,0
R11757,H00210,B01,,2026-03-10,5,1,price,seasoning,0
R11758,H00216,B12,,2026-03-10,3,0,aftertaste,,0
R11759,H00352,B39,,2026-03-10,2,0,,price,0
R11760,H00372,B45,,2026-03-10,5,1,sweetness,,1
R11761,H00397,B48,,2026-03-10,3,0,,portion size,0
R11762,H00424,B04,,2026-03-10,5,1,portion size,,1
R11763,H00653,B46,,2026-03-10,5,0,taste,,0
R11764,H01048,B23,,2026-03-10,4,1,price,,1
R11765,H01301,B09,,2026-03-10,3,0,ingredients,,1
R11766,H01461,B40,,2026-03-10,5,1,sweetness,,1
R11767,H01581,B38,,2026-03-10,3,1,,sweetness,0
R11768,H01621,B25,,2026-03-10,5,1,packaging,,1
R11769,H01723,B26,,2026-03-10,4,1,price,,0
R11770,H01814,B01,,2026-03-10,5,1,saltiness,,1
R11771,H01814,B18,,2026-03-10,3,1,refreshing,,0
R11772,H01905,B41,,2026-03-10,4,1,crunch,seasoning,0
R11773,H01961,B41,,2026-03-10,3,0,saltiness,,0
R11774,H01987,B08,,2026-03-10,4,1,price,,1
R11775,H01990,B46,,2026-03-10,5,1,price,,1
R11776,H02257,B10,,2026-03-10,4,1,ingredients,aroma,0
R11777,H02268,B49,,2026-03-10,4,1,taste,packaging,0
R11778,H02278,B22,,2026-03-10,4,1,packaging,,0
R11779,H02321,B13,,2026-03-10,4,1,fizz,refreshing,1
R11780,H02334,B42,,2026-03-10,4,1,strength,,0
R11781,H02378,B11,,2026-03-10,3,0,sweetness,,0
R11782,H02456,B05,,2026-03-10,1,0,seasoning,packaging,0
R11783,H02671,B16,,2026-03-10,3,0,,refreshing,0
R11784,H02968,B29,,2026-03-10,3,0,taste,,0
R11785,H03175,B40,,2026-03-10,3,1,fizz,,0
R11786,H03176,B33,,2026-03-10,2,0,,taste,0
R11787,H03347,B24,,2026-03-10,3,0,price,,0
R11788,H03416,B30,,2026-03-10,1,0,flavour depth,texture,0
R11789,H03753,B26,,2026-03-10,3,0,,packaging,0
R11790,H00124,B14,,2026-03-11,4,0,taste,,0
R11791,H00133,B27,,2026-03-11,2,0,,texture,0
R11792,H00176,B39,,2026-03-11,5,0,flavour depth,,1
R11793,H00251,B33,,2026-03-11,5,1,packaging,,1
R11794,H00640,B21,,2026-03-11,3,0,,fizz,0
R11795,H00790,B19,,2026-03-11,3,1,,jar size,0
R11796,H00791,B47,,2026-03-11,5,1,taste,ingredients,1
R11797,H01069,B24,,2026-03-11,4,1,packaging,,0
R11798,H01110,B23,,2026-03-11,2,0,,sweetness,1
R11799,H01113,B34,,2026-03-11,3,0,aroma,,0
R11800,H01192,B29,,2026-03-11,4,1,price,texture,0
R11801,H01254,B10,,2026-03-11,4,1,price,,0
R11802,H01484,B38,,2026-03-11,4,0,sweetness,,0
R11803,H01485,B25,,2026-03-11,2,0,,portion size,0
R11804,H01529,B05,,2026-03-11,5,1,price,,1
R11805,H01739,B01,,2026-03-11,4,1,price,seasoning,1
R11806,H01766,B43,,2026-03-11,4,0,price,,1
R11807,H01794,B14,,2026-03-11,5,1,sweetness,aftertaste,1
R11808,H01893,B08,,2026-03-11,2,0,,jar size,0
R11809,H01942,B02,,2026-03-11,4,1,price,,0
R11810,H02074,B42,,2026-03-11,3,0,,strength,0
R11811,H02173,B39,,2026-03-11,5,1,flavour depth,,1
R11812,H02283,B41,,2026-03-11,4,1,price,saltiness,0
R11813,H02411,B17,,2026-03-11,3,0,sweetness,,0
R11814,H02449,B18,,2026-03-11,4,1,refreshing,aftertaste,1
R11815,H02478,B47,,2026-03-11,3,1,,ingredients,0
R11816,H02667,B21,,2026-03-11,2,0,sweetness,refreshing,0
R11817,H02735,B39,,2026-03-11,3,0,,flavour depth,0
R11818,H02800,B30,,2026-03-11,4,1,flavour depth,,0
R11819,H02819,B47,,2026-03-11,4,0,ingredients,,0
R11820,H02895,B48,,2026-03-11,3,0,,price,0
R11821,H03141,B19,,2026-03-11,4,1,flavour depth,,1
R11822,H03183,B16,,2026-03-11,5,0,price,,1
R11823,H03350,B07,,2026-03-11,3,0,,jar size,0
R11824,H03453,B05,,2026-03-11,3,0,,seasoning,0
R11825,H00267,B19,,2026-03-12,5,1,versatility,jar size,1
R11826,H00371,B34,,2026-03-12,4,0,taste,packaging,0
R11827,H00447,B03,,2026-03-12,3,0,,texture,0
R11828,H00615,B10,,2026-03-12,3,0,,taste,0
R11829,H01015,B23,,2026-03-12,4,0,price,,0
R11830,H01043,B25,,2026-03-12,1,0,,price,0
R11831,H01047,B45,,2026-03-12,3,0,,sweetness,0
R11832,H01293,B01,,2026-03-12,2,0,portion size,seasoning,0
R11833,H01358,B42,,2026-03-12,3,1,,ingredients,1
R11834,H01660,B47,,2026-03-12,2,0,,texture,0
R11835,H01695,B14,,2026-03-12,4,1,refreshing,,1
R11836,H01882,B20,,2026-03-12,5,1,refreshing,,0
R11837,H01981,B32,,2026-03-12,3,1,price,,0
R11838,H02010,B41,,2026-03-12,3,0,saltiness,,0
R11839,H02313,B02,,2026-03-12,3,1,saltiness,,0
R11840,H02373,B11,,2026-03-12,4,0,taste,,0
R11841,H02636,B45,,2026-03-12,1,0,,sweetness,0
R11842,H02720,B21,,2026-03-12,3,1,fizz,,0
R11843,H02744,B10,,2026-03-12,4,1,ingredients,,1
R11844,H02920,B32,,2026-03-12,3,0,,price,0
R11845,H03027,B39,,2026-03-12,4,0,texture,,1
R11846,H03068,B21,,2026-03-12,3,1,refreshing,,0
R11847,H03107,B22,,2026-03-12,3,1,taste,,1
R11848,H03154,B30,,2026-03-12,2,0,,flavour depth,0
R11849,H03164,B38,,2026-03-12,3,0,ingredients,,0
R11850,H03177,B27,,2026-03-12,4,1,heat,,0
R11851,H03360,B49,,2026-03-12,1,0,,packaging,0
R11852,H00004,B24,,2026-03-13,3,0,packaging,,0
R11853,H00290,B43,,2026-03-13,5,1,sweetness,,1
R11854,H00497,B35,,2026-03-13,1,0,,taste,0
R11855,H00548,B38,,2026-03-13,4,1,sweetness,,0
R11856,H00734,B04,,2026-03-13,3,0,,packaging,1
R11857,H00793,B06,,2026-03-13,5,0,taste,,1
R11858,H00887,B35,,2026-03-13,3,1,energy boost,,0
R11859,H01030,B43,,2026-03-13,5,1,sweetness,,1
R11860,H01057,B17,,2026-03-13,3,0,,fizz,1
R11861,H01152,B25,,2026-03-13,3,1,packaging,,0
R11862,H01342,B20,,2026-03-13,4,1,taste,,1
R11863,H01370,B27,,2026-03-13,2,0,,jar size,0
R11864,H01621,B29,,2026-03-13,3,1,price,,0
R11865,H01770,B15,,2026-03-13,1,0,,taste,0
R11866,H02075,B22,,2026-03-13,2,0,,taste,0
R11867,H02293,B26,,2026-03-13,3,1,,seasoning,0
R11868,H02384,B17,,2026-03-13,5,1,fizz,,1
R11869,H02481,B37,,2026-03-13,1,0,,ingredients,0
R11870,H02490,B38,,2026-03-13,3,1,taste,,0
R11871,H02640,B35,,2026-03-13,1,0,,texture,0
R11872,H02761,B46,,2026-03-13,5,1,price,,1
R11873,H02791,B18,,2026-03-13,3,0,,refreshing,0
R11874,H02887,B08,,2026-03-13,3,0,flavour depth,,0
R11875,H02911,B17,,2026-03-13,4,0,sweetness,,1
R11876,H02995,B19,,2026-03-13,4,1,flavour depth,jar size,0
R11877,H03136,B18,,2026-03-13,3,0,price,,1
R11878,H03173,B24,,2026-03-13,3,1,,packaging,0
R11879,H03238,B12,,2026-03-13,3,0,refreshing,,0
R11880,H03267,B44,,2026-03-13,3,0,,taste,0
R11881,H03277,B39,,2026-03-13,3,1,jar size,,0
R11882,H03297,B13,,2026-03-13,5,1,price,,1
R11883,H03450,B30,,2026-03-13,3,0,versatility,,0
R11884,H03690,B14,,2026-03-13,3,1,,sweetness,1
R11885,H03789,B39,,2026-03-13,3,0,jar size,,0
R11886,H00002,B13,,2026-03-14,3,0,,refreshing,0
R11887,H00018,B01,,2026-03-14,4,0,seasoning,,1
R11888,H00063,B08,,2026-03-14,5,1,texture,,0
R11889,H00195,B46,,2026-03-14,5,0,price,,0
R11890,H00685,B29,,2026-03-14,4,1,ingredients,portability,1
R11891,H01070,B22,,2026-03-14,3,0,,sweetness,1
R11892,H01083,B45,,2026-03-14,3,0,,refreshing,0
R11893,H01096,B14,,2026-03-14,2,0,,sweetness,0
R11894,H01614,B36,,2026-03-14,3,1,,portion size,0
R11895,H01874,B27,,2026-03-14,3,1,,texture,0
R11896,H01946,B28,,2026-03-14,4,1,energy boost,,1
R11897,H01986,B17,,2026-03-14,4,1,price,,0
R11898,H02048,B43,,2026-03-14,5,1,aftertaste,,0
R11899,H02138,B11,,2026-03-14,4,1,taste,fizz,1
R11900,H02279,B03,,2026-03-14,4,1,texture,,1
R11901,H02404,B33,,2026-03-14,3,1,aftertaste,,0
R11902,H02452,B09,,2026-03-14,2,0,,ingredients,0
R11903,H02671,B30,,2026-03-14,3,0,,flavour depth,0
R11904,H02750,B18,,2026-03-14,4,1,sweetness,,0
R11905,H02783,B47,,2026-03-14,3,0,,sweetness,0
R11906,H03011,B23,,2026-03-14,4,0,price,,1
R11907,H03025,B16,,2026-03-14,3,0,refreshing,,0
R11908,H03061,B30,,2026-03-14,2,0,versatility,price,0
R11909,H03217,B16,,2026-03-14,3,0,refreshing,,0
R11910,H03349,B38,,2026-03-14,5,0,ingredients,,1
R11911,H03518,B18,,2026-03-14,4,1,aftertaste,,1
R11912,H03711,B10,,2026-03-14,3,0,,price,0
R11913,H00128,B13,,2026-03-15,3,0,,sweetness,0
R11914,H00434,B33,,2026-03-15,4,1,packaging,,1
R11915,H00508,B14,,2026-03-15,3,0,fizz,,0
R11916,H00620,B44,,2026-03-15,2,0,aftertaste,sweetness,0
R11917,H00776,B26,,2026-03-15,3,0,,price,0
R11918,H01085,B35,,2026-03-15,1,0,,energy boost,0
R11919,H01220,B06,,2026-03-15,5,1,ingredients,,1
R11920,H01332,B12,,2026-03-15,4,1,fizz,,1
R11921,H01473,B31,,2026-03-15,3,1,,jar size,0
R11922,H01523,B26,,2026-03-15,3,1,price,,0
R11923,H01609,B03,,2026-03-15,3,1,,texture,0
R11924,H01778,B46,,2026-03-15,4,0,sweetness,,0
R11925,H01798,B24,,2026-03-15,4,1,ingredients,,0
R11926,H01880,B14,,2026-03-15,1,0,,packaging,0
R11927,H02128,B37,,2026-03-15,3,1,taste,,1
R11928,H02192,B13,,2026-03-15,4,1,price,,1
R11929,H02200,B48,,2026-03-15,3,0,packaging,,0
R11930,H02207,B13,,2026-03-15,4,1,aftertaste,,0
R11931,H02259,B18,,2026-03-15,3,0,,price,0
R11932,H02296,B29,,2026-03-15,5,1,taste,,1
R11933,H02434,B06,,2026-03-15,5,1,price,,1
R11934,H02439,B22,,2026-03-15,1,0,,sweetness,0
R11935,H02483,B36,,2026-03-15,2,0,,saltiness,0
R11936,H02498,B49,,2026-03-15,3,0,texture,,0
R11937,H02596,B36,,2026-03-15,3,0,,packaging,0
R11938,H02603,B43,,2026-03-15,3,0,,refreshing,0
R11939,H02618,B44,,2026-03-15,2,0,,fizz,0
R11940,H02688,B25,,2026-03-15,4,0,packaging,,1
R11941,H02756,B30,,2026-03-15,4,1,price,,1
R11942,H03032,B43,,2026-03-15,3,1,,aftertaste,0
R11943,H03408,B39,,2026-03-15,3,0,versatility,,0
R11944,H03486,B44,,2026-03-15,2,0,price,aftertaste,1
R11945,H03602,B14,,2026-03-15,5,1,sweetness,taste,1
R11946,H03659,B13,,2026-03-15,3,1,price,,0
R11947,H03659,B32,,2026-03-15,2,0,,build quality,0
R11948,H03687,B29,,2026-03-15,5,1,price,,1
R11949,H03713,B43,,2026-03-15,5,1,fizz,packaging,1
R11950,H03739,B33,,2026-03-15,2,0,,refreshing,0
R11951,H03748,B42,,2026-03-15,2,1,,aroma,0
R11952,H00039,B22,,2026-03-16,2,0,,price,0
R11953,H00093,B07,,2026-03-16,4,0,flavour depth,,1
R11954,H00230,B49,,2026-03-16,3,0,packaging,,1
R11955,H00609,B04,,2026-03-16,3,1,crunch,,0
R11956,H00633,B15,,2026-03-16,2,0,,sweetness,0
R11957,H00652,B09,,2026-03-16,4,1,price,,1
R11958,H01082,B43,,2026-03-16,4,1,price,,0
R11959,H01513,B25,,2026-03-16,3,0,seasoning,,0
R11960,H01672,B28,,2026-03-16,3,1,ingredients,,0
R11961,H01675,B44,,2026-03-16,2,0,,fizz,0
R11962,H01758,B12,,2026-03-16,2,0,,price,0
R11963,H01817,B27,,2026-03-16,5,1,heat,,1
R11964,H01949,B03,,2026-03-16,2,0,,ingredients,0
R11965,H02043,B35,,2026-03-16,1,0,energy boost,portability,0
R11966,H02216,B43,,2026-03-16,3,1,,sweetness,0
R11967,H02386,B28,,2026-03-16,3,1,,ingredients,0
R11968,H02468,B38,,2026-03-16,3,1,,price,0
R11969,H02551,B19,,2026-03-16,5,1,flavour depth,,0
R11970,H02719,B17,,2026-03-16,5,1,packaging,,1
R11971,H02748,B26,,2026-03-16,2,1,,packaging,0
R11972,H03003,B41,,2026-03-16,4,1,price,,1
R11973,H03297,B27,,2026-03-16,5,1,texture,,1
R11974,H03320,B06,,2026-03-16,3,0,,ingredients,0
R11975,H03424,B40,,2026-03-16,5,1,refreshing,aftertaste,1
R11976,H03492,B01,,2026-03-16,4,1,seasoning,,1
R11977,H03662,B05,,2026-03-16,4,1,seasoning,,1
R11978,H03720,B07,,2026-03-16,2,0,,flavour depth,0
R11979,H00060,B43,,2026-03-17,5,1,price,,1
R11980,H00132,B05,,2026-03-17,3,1,portion size,,1
R11981,H00387,B11,,2026-03-17,3,0,,price,1
R11982,H00472,B18,,2026-03-17,5,1,fizz,,1
R11983,H00557,B14,,2026-03-17,4,1,price,,1
R11984,H00611,B26,,2026-03-17,3,0,,crunch,0
R11985,H00747,B25,,2026-03-17,1,0,price,packaging,0
R11986,H00937,B27,,2026-03-17,4,1,jar size,price,0
R11987,H00953,B43,,2026-03-17,5,1,refreshing,,0
R11988,H00964,B34,,2026-03-17,5,1,ingredients,,1
R11989,H00966,B05,,2026-03-17,3,1,,price,0
R11990,H01089,B27,,2026-03-17,5,1,flavour depth,,0
R11991,H01199,B42,,2026-03-17,4,1,taste,price,1
R11992,H01371,B46,,2026-03-17,4,1,fizz,,1
R11993,H01499,B44,,2026-03-17,2,1,,packaging,0
R11994,H01505,B34,,2026-03-17,5,1,price,ingredients,1
R11995,H01515,B16,,2026-03-17,4,1,refreshing,,0
R11996,H01723,B03,,2026-03-17,3,0,portability,,1
R11997,H01860,B06,,2026-03-17,5,1,texture,,0
R11998,H02018,B25,,2026-03-17,4,1,portion size,packaging,1
R11999,H02088,B01,,2026-03-17,4,0,packaging,price,0
R12000,H02625,B29,,2026-03-17,4,1,ingredients,,1
R12001,H02752,B21,,2026-03-17,3,0,,refreshing,0
R12002,H02866,B43,,2026-03-17,4,1,packaging,,1
R12003,H02892,B48,,2026-03-17,4,1,seasoning,,0
R12004,H03038,B47,,2026-03-17,1,0,,price,0
R12005,H03138,B35,,2026-03-17,3,1,ingredients,,1
R12006,H03266,B02,,2026-03-17,5,1,portion size,,0
R12007,H03306,B01,,2026-03-17,3,1,packaging,,1
R12008,H03374,B41,,2026-03-17,2,0,,saltiness,0
R12009,H03409,B07,,2026-03-17,3,1,,price,0
R12010,H00185,B10,,2026-03-18,3,0,aroma,,1
R12011,H00209,B43,,2026-03-18,3,0,aftertaste,,0
R12012,H00381,B17,,2026-03-18,2,1,,packaging,0
R12013,H00423,B30,,2026-03-18,3,0,flavour depth,,0
R12014,H00444,B26,,2026-03-18,4,1,packaging,,1
R12015,H00459,B18,,2026-03-18,2,0,,aftertaste,0
R12016,H00476,B07,,2026-03-18,4,1,jar size,,0
R12017,H00699,B24,,2026-03-18,3,1,,price,0
R12018,H00731,B08,,2026-03-18,2,0,,jar size,0
R12019,H00951,B47,,2026-03-18,4,1,taste,,0
R12020,H00958,B15,,2026-03-18,1,0,,taste,0
R12021,H01044,B31,,2026-03-18,4,1,price,jar size,1
R12022,H01064,B41,,2026-03-18,4,0,seasoning,,0
R12023,H01090,B30,,2026-03-18,3,0,,price,0
R12024,H01116,B44,,2026-03-18,3,0,,price,0
R12025,H01304,B09,,2026-03-18,2,0,,ingredients,0
R12026,H01355,B39,,2026-03-18,3,1,,flavour depth,0
R12027,H01362,B24,,2026-03-18,3,0,aroma,,0
R12028,H01549,B06,,2026-03-18,5,1,price,,1
R12029,H01829,B19,,2026-03-18,3,0,flavour depth,,0
R12030,H01902,B35,,2026-03-18,3,1,,texture,0
R12031,H01961,B08,,2026-03-18,2,0,,heat,0
R12032,H02256,B39,,2026-03-18,3,0,,flavour depth,0
R12033,H02488,B46,,2026-03-18,5,1,sweetness,,0
R12034,H02552,B13,,2026-03-18,2,0,,packaging,0
R12035,H02668,B03,,2026-03-18,4,1,energy boost,ingredients,0
R12036,H02745,B23,,2026-03-18,4,1,texture,,0
R12037,H02791,B28,,2026-03-18,2,0,ingredients,taste,0
R12038,H02802,B39,,2026-03-18,3,0,price,,0
R12039,H03242,B01,,2026-03-18,2,0,seasoning,packaging,0
R12040,H03350,B29,,2026-03-18,5,1,portability,,1
R12041,H03397,B05,,2026-03-18,1,0,,portion size,0
R12042,H03578,B16,,2026-03-18,5,1,aftertaste,,1
R12043,H03704,B41,,2026-03-18,3,0,,portion size,0
R12044,H03709,B10,,2026-03-18,2,0,,taste,0
R12045,H03767,B48,,2026-03-18,2,0,,portion size,0
R12046,H03834,B34,,2026-03-18,3,0,packaging,,0
R12047,H00020,B35,,2026-03-19,2,0,,ingredients,0
R12048,H00087,B38,,2026-03-19,4,1,ingredients,,0
R12049,H00303,B46,,2026-03-19,3,0,packaging,,0
R12050,H00593,B04,,2026-03-19,3,0,,crunch,1
R12051,H00682,B04,,2026-03-19,3,0,,portion size,0
R12052,H00728,B49,,2026-03-19,3,0,,taste,0
R12053,H00962,B40,,2026-03-19,5,1,price,refreshing,1
R12054,H01008,B36,,2026-03-19,2,0,,packaging,0
R12055,H01025,B27,,2026-03-19,5,1,price,,0
R12056,H01060,B44,,2026-03-19,1,0,,aftertaste,0
R12057,H01376,B29,,2026-03-19,5,1,texture,,1
R12058,H01407,B43,,2026-03-19,5,0,refreshing,,0
R12059,H01408,B18,,2026-03-19,3,1,,refreshing,0
R12060,H01569,B12,,2026-03-19,3,1,,sweetness,0
R12061,H01640,B24,,2026-03-19,4,1,taste,ingredients,1
R12062,H01720,B07,,2026-03-19,3,1,,flavour depth,1
R12063,H02161,B44,,2026-03-19,4,1,packaging,fizz,0
R12064,H02521,B34,,2026-03-19,4,1,ingredients,,0
R12065,H02629,B03,,2026-03-19,3,1,ingredients,,1
R12066,H02687,B25,,2026-03-19,1,0,,price,0
R12067,H02879,B09,,2026-03-19,3,0,,price,0
R12068,H03123,B10,,2026-03-19,3,0,strength,,0
R12069,H03128,B49,,2026-03-19,4,0,sweetness,,1
R12070,H03197,B30,,2026-03-19,4,1,flavour depth,,1
R12071,H03240,B30,,2026-03-19,2,0,,texture,0
R12072,H03244,B15,,2026-03-19,3,0,aftertaste,,0
R12073,H03249,B22,,2026-03-19,3,0,,sweetness,0
R12074,H03493,B21,,2026-03-19,4,0,refreshing,,1
R12075,H03538,B41,,2026-03-19,4,1,seasoning,,1
R12076,H03707,B42,,2026-03-19,2,0,,packaging,0
R12077,H03842,B09,P047,2026-03-19,3,1,taste,,1
R12078,H00235,B47,,2026-03-20,3,0,texture,,0
R12079,H00513,B36,,2026-03-20,3,1,crunch,,0
R12080,H00530,B19,,2026-03-20,3,0,heat,,0
R12081,H00661,B38,,2026-03-20,4,1,price,,0
R12082,H00680,B24,,2026-03-20,3,0,strength,,0
R12083,H00704,B37,,2026-03-20,2,0,,ingredients,0
R12084,H00739,B25,,2026-03-20,1,0,,price,0
R12085,H00920,B35,,2026-03-20,4,1,portability,,1
R12086,H00961,B37,,2026-03-20,3,0,,texture,0
R12087,H01165,B46,,2026-03-20,3,0,,taste,0
R12088,H01446,B06,,2026-03-20,3,0,packaging,,0
R12089,H01454,B13,,2026-03-20,3,0,refreshing,,0
R12090,H01516,B26,,2026-03-20,3,0,,portion size,0
R12091,H01620,B48,,2026-03-20,3,1,,packaging,0
R12092,H01716,B38,,2026-03-20,4,0,ingredients,,1
R12093,H01718,B11,,2026-03-20,3,1,fizz,,0
R12094,H02047,B49,,2026-03-20,3,0,,sweetness,0
R12095,H02265,B09,,2026-03-20,4,1,price,,0
R12096,H02473,B04,,2026-03-20,2,0,portion size,seasoning,0
R12097,H02494,B12,,2026-03-20,2,0,,price,0
R12098,H02557,B49,,2026-03-20,1,0,,sweetness,0
R12099,H02674,B03,,2026-03-20,3,0,,price,0
R12100,H02866,B10,,2026-03-20,2,0,,strength,0
R12101,H02888,B25,,2026-03-20,4,0,seasoning,saltiness,1
R12102,H03321,B19,,2026-03-20,4,0,price,,0
R12103,H03615,B13,,2026-03-20,4,1,price,,0
R12104,H03767,B16,,2026-03-20,3,0,taste,,0
R12105,H03837,B11,,2026-03-20,2,0,price,packaging,0
R12106,H03842,B21,P047,2026-03-20,4,1,price,,1
R12107,H03847,B02,P048,2026-03-20,4,0,packaging,,0
R12108,H00096,B07,,2026-03-21,4,1,price,,0
R12109,H00139,B45,,2026-03-21,3,0,refreshing,,0
R12110,H00219,B19,,2026-03-21,4,1,flavour depth,,0
R12111,H00470,B42,,2026-03-21,2,0,,price,0
R12112,H00498,B38,,2026-03-21,5,1,texture,,0
R12113,H00685,B06,,2026-03-21,5,1,taste,,0
R12114,H00781,B23,,2026-03-21,2,0,,packaging,0
R12115,H00895,B26,,2026-03-21,4,1,price,,1
R12116,H00936,B10,,2026-03-21,4,1,aroma,,1
R12117,H01213,B30,,2026-03-21,4,0,versatility,,1
R12118,H01347,B47,,2026-03-21,4,1,price,,0
R12119,H01423,B37,,2026-03-21,3,1,,packaging,1
R12120,H01451,B14,,2026-03-21,2,0,,aftertaste,0
R12121,H01457,B30,,2026-03-21,1,0,,price,0
R12122,H01751,B34,,2026-03-21,5,1,taste,,1
R12123,H01968,B16,,2026-03-21,3,0,,price,0
R12124,H02015,B27,,2026-03-21,3,0,heat,,0
R12125,H02082,B36,,2026-03-21,3,0,seasoning,,0
R12126,H02421,B27,,2026-03-21,3,0,price,,0
R12127,H02460,B24,,2026-03-21,2,0,,taste,0
R12128,H02462,B45,,2026-03-21,2,0,,fizz,0
R12129,H02517,B45,,2026-03-21,1,0,,aftertaste,0
R12130,H02747,B41,,2026-03-21,5,1,packaging,,1
R12131,H02949,B32,,2026-03-21,3,1,,design,0
R12132,H03142,B39,,2026-03-21,5,1,jar size,,1
R12133,H03259,B27,,2026-03-21,4,1,jar size,price,0
R12134,H03579,B13,,2026-03-21,3,0,packaging,,0
R12135,H03613,B26,,2026-03-21,3,0,crunch,,0
R12136,H03712,B05,,2026-03-21,5,1,saltiness,seasoning,1
R12137,H03850,B02,P048,2026-03-21,5,1,packaging,,0
R12138,H00468,B07,,2026-03-22,4,1,texture,,0
R12139,H00698,B26,,2026-03-22,3,1,,portion size,1
R12140,H00755,B31,,2026-03-22,2,0,,versatility,0
R12141,H00788,B12,,2026-03-22,4,0,refreshing,,0
R12142,H01011,B42,,2026-03-22,4,1,price,,0
R12143,H01287,B24,,2026-03-22,2,0,,aroma,0
R12144,H01305,B16,,2026-03-22,2,0,,price,0
R12145,H01316,B34,,2026-03-22,4,1,ingredients,aroma,0
R12146,H01585,B26,,2026-03-22,5,1,crunch,,1
R12147,H01638,B40,,2026-03-22,3,0,,fizz,1
R12148,H01883,B32,,2026-03-22,3,0,,design,0
R12149,H01932,B15,,2026-03-22,3,0,packaging,,1
R12150,H01953,B47,,2026-03-22,4,0,price,taste,1
R12151,H02039,B49,,2026-03-22,4,1,packaging,,0
R12152,H02082,B25,,2026-03-22,3,1,price,,0
R12153,H02128,B09,,2026-03-22,3,0,texture,,0
R12154,H02225,B21,,2026-03-22,5,1,aftertaste,refreshing,0
R12155,H02342,B25,,2026-03-22,4,0,portion size,price,1
R12156,H02649,B02,,2026-03-22,1,0,,packaging,0
R12157,H02671,B31,,2026-03-22,4,1,heat,,1
R12158,H02862,B15,,2026-03-22,3,0,sweetness,,0
R12159,H02932,B29,,2026-03-22,4,1,taste,,1
R12160,H03166,B04,,2026-03-22,3,1,packaging,,0
R12161,H03425,B09,,2026-03-22,2,1,,price,0
R12162,H03493,B15,,2026-03-22,1,0,,taste,0
R12163,H03661,B45,,2026-03-22,4,1,refreshing,,1
R12164,H03852,B02,P048,2026-03-22,4,1,packaging,,0
R12165,H00384,B25,,2026-03-23,2,0,,seasoning,0
R12166,H00409,B45,,2026-03-23,4,1,taste,,0
R12167,H00609,B22,,2026-03-23,2,0,,texture,0
R12168,H00680,B39,,2026-03-23,4,1,flavour depth,,1
R12169,H00973,B36,,2026-03-23,5,0,price,,1
R12170,H01207,B21,,2026-03-23,4,1,sweetness,,1
R12171,H01568,B37,,2026-03-23,2,0,,texture,0
R12172,H01598,B14,,2026-03-23,4,1,fizz,,0
R12173,H01630,B46,,2026-03-23,3,0,,price,0
R12174,H01783,B12,,2026-03-23,4,0,packaging,,1
R12175,H01843,B35,,2026-03-23,3,0,,energy boost,0
R12176,H02083,B21,,2026-03-23,5,1,fizz,,0
R12177,H02130,B15,,2026-03-23,5,1,taste,,1
R12178,H02138,B46,,2026-03-23,3,0,fizz,,0
R12179,H02170,B01,,2026-03-23,5,1,crunch,,1
R12180,H02187,B36,,2026-03-23,4,1,crunch,,1
R12181,H02246,B24,,2026-03-23,1,0,packaging,ingredients,0
R12182,H02527,B49,,2026-03-23,3,0,,taste,0
R12183,H02547,B33,,2026-03-23,1,0,,sweetness,0
R12184,H02627,B23,,2026-03-23,5,1,packaging,,1
R12185,H03068,B41,,2026-03-23,2,0,,crunch,0
R12186,H03095,B08,,2026-03-23,4,1,heat,,0
R12187,H03192,B02,,2026-03-23,4,1,price,saltiness,0
R12188,H03362,B42,,2026-03-23,3,1,,taste,0
R12189,H03365,B21,,2026-03-23,3,0,,aftertaste,1
R12190,H03369,B25,,2026-03-23,2,0,,saltiness,0
R12191,H03376,B45,,2026-03-23,4,0,price,packaging,1
R12192,H03418,B16,,2026-03-23,3,1,price,,1
R12193,H03454,B20,,2026-03-23,5,1,packaging,,1
R12194,H03632,B01,,2026-03-23,4,1,price,,0
R12195,H03800,B31,,2026-03-23,2,1,,texture,0
R12196,H03827,B43,,2026-03-23,5,0,aftertaste,,1
R12197,H03841,B21,P047,2026-03-23,5,1,refreshing,,1
R12198,H03850,B03,P048,2026-03-23,4,1,taste,,1
R12199,H03851,B02,P048,2026-03-23,3,0,saltiness,,0
R12200,H00037,B35,,2026-03-24,3,0,ingredients,,0
R12201,H00064,B04,,2026-03-24,2,1,,price,0
R12202,H00212,B25,,2026-03-24,3,1,,portion size,0
R12203,H00252,B06,,2026-03-24,5,1,sweetness,,1
R12204,H00344,B21,,2026-03-24,5,1,aftertaste,,1
R12205,H00545,B46,,2026-03-24,3,0,,refreshing,1
R12206,H00830,B15,,2026-03-24,2,0,,aftertaste,1
R12207,H00874,B36,,2026-03-24,3,0,,price,0
R12208,H01318,B41,,2026-03-24,2,0,,saltiness,0
R12209,H01480,B28,,2026-03-24,2,0,texture,portability,1
R12210,H01581,B21,,2026-03-24,5,0,price,,1
R12211,H01623,B35,,2026-03-24,3,0,,texture,0
R12212,H01658,B46,,2026-03-24,3,1,,sweetness,0
R12213,H01667,B29,,2026-03-24,5,0,price,ingredients,1
R12214,H01802,B32,,2026-03-24,3,0,,size,0
R12215,H02024,B04,,2026-03-24,3,0,seasoning,,1
R12216,H02059,B35,,2026-03-24,2,0,,price,0
R12217,H02282,B02,,2026-03-24,3,0,packaging,,0
R12218,H02476,B06,,2026-03-24,4,1,taste,ingredients,0
R12219,H02493,B49,,2026-03-24,4,1,texture,,0
R12220,H02500,B46,,2026-03-24,3,0,,packaging,0
R12221,H02586,B25,,2026-03-24,5,1,seasoning,,1
R12222,H02661,B41,,2026-03-24,3,1,packaging,,0
R12223,H02734,B26,,2026-03-24,2,0,,crunch,0
R12224,H03092,B09,,2026-03-24,1,0,texture,packaging,0
R12225,H03253,B20,,2026-03-24,5,1,packaging,refreshing,1
R12226,H03470,B15,,2026-03-24,3,1,,fizz,0
R12227,H03521,B39,,2026-03-24,5,1,price,,1
R12228,H03548,B40,,2026-03-24,4,1,price,,0
R12229,H03636,B24,,2026-03-24,1,0,,strength,0
R12230,H03783,B26,,2026-03-24,4,1,crunch,,0
R12231,H03841,B09,P047,2026-03-24,3,0,texture,,1
R12232,H03842,B19,P047,2026-03-24,4,1,versatility,texture,0
R12233,H03842,B33,P047,2026-03-24,4,0,fizz,,0
R12234,H03881,B45,,2026-03-24,2,0,,packaging,0
R12235,H00188,B45,,2026-03-25,2,0,,fizz,0
R12236,H00435,B43,,2026-03-25,5,0,packaging,price,0
R12237,H00445,B44,,2026-03-25,3,0,,aftertaste,0
R12238,H00526,B06,,2026-03-25,3,1,price,,0
R12239,H00611,B10,,2026-03-25,2,0,,price,0
R12240,H00719,B31,,2026-03-25,3,1,texture,,0
R12241,H01009,B48,,2026-03-25,4,1,crunch,,0
R12242,H01085,B06,,2026-03-25,2,0,sweetness,taste,0
R12243,H01107,B05,,2026-03-25,1,0,,saltiness,0
R12244,H01599,B34,,2026-03-25,4,0,taste,,1
R12245,H01928,B44,,2026-03-25,4,1,taste,price,0
R12246,H02045,B30,,2026-03-25,2,0,texture,versatility,0
R12247,H02178,B28,,2026-03-25,2,0,,energy boost,0
R12248,H02386,B22,,2026-03-25,3,1,,texture,0
R12249,H02420,B37,,2026-03-25,2,0,,taste,0
R12250,H02609,B36,,2026-03-25,3,0,,portion size,0
R12251,H02707,B25,,2026-03-25,5,1,seasoning,,0
R12252,H02968,B15,,2026-03-25,2,0,aftertaste,refreshing,0
R12253,H03027,B36,,2026-03-25,3,0,,packaging,1
R12254,H03182,B27,,2026-03-25,2,0,,price,0
R12255,H03454,B14,,2026-03-25,5,1,sweetness,,1
R12256,H03505,B40,,2026-03-25,5,1,price,,1
R12257,H03572,B42,,2026-03-25,2,0,,strength,0
R12258,H03627,B43,,2026-03-25,2,0,,sweetness,0
R12259,H03631,B10,,2026-03-25,3,1,strength,,0
R12260,H03645,B14,,2026-03-25,3,0,taste,,0
R12261,H03694,B34,,2026-03-25,4,1,aroma,,0
R12262,H03740,B16,,2026-03-25,3,1,,refreshing,0
R12263,H03756,B33,,2026-03-25,1,0,,taste,0
R12264,H03841,B19,P047,2026-03-25,5,0,price,,0
R12265,H03869,B17,,2026-03-25,2,0,,taste,0
R12266,H00007,B22,,2026-03-26,5,1,price,ingredients,1
R12267,H00034,B46,,2026-03-26,5,1,price,,1
R12268,H00041,B25,,2026-03-26,4,1,portion size,,0
R12269,H00093,B32,,2026-03-26,5,1,build quality,,1
R12270,H00256,B01,,2026-03-26,4,0,seasoning,,0
R12271,H00414,B36,,2026-03-26,2,0,,packaging,0
R12272,H00748,B49,,2026-03-26,3,0,sweetness,,0
R12273,H00828,B35,,2026-03-26,4,1,portability,price,0
R12274,H00935,B16,,2026-03-26,3,1,,aftertaste,1
R12275,H01101,B25,,2026-03-26,4,1,portion size,,1
R12276,H01127,B31,,2026-03-26,4,0,heat,,0
R12277,H01138,B06,,2026-03-26,4,0,packaging,,1
R12278,H01166,B07,,2026-03-26,5,1,versatility,,1
R12279,H01249,B06,,2026-03-26,5,1,taste,ingredients,1
R12280,H01533,B29,,2026-03-26,5,1,taste,,1
R12281,H01645,B35,,2026-03-26,4,1,price,,1
R12282,H01745,B05,,2026-03-26,4,1,saltiness,price,0
R12283,H02155,B08,,2026-03-26,4,1,versatility,,0
R12284,H02310,B25,,2026-03-26,2,0,seasoning,price,0
R12285,H02335,B44,,2026-03-26,2,0,,refreshing,0
R12286,H02481,B12,,2026-03-26,2,0,refreshing,packaging,0
R12287,H02569,B06,,2026-03-26,5,1,texture,,1
R12288,H02810,B25,,2026-03-26,4,0,seasoning,,1
R12289,H02928,B14,,2026-03-26,5,1,packaging,,0
R12290,H02934,B04,,2026-03-26,3,0,packaging,,0
R12291,H03379,B44,,2026-03-26,2,0,,price,0
R12292,H03406,B09,,2026-03-26,2,0,,taste,0
R12293,H03406,B05,,2026-03-26,2,1,saltiness,price,0
R12294,H03486,B03,,2026-03-26,2,0,ingredients,portability,0
R12295,H03540,B09,,2026-03-26,3,1,,packaging,1
R12296,H03724,B26,,2026-03-26,4,1,price,,1
R12297,H03849,B26,P048,2026-03-26,5,1,seasoning,,0
R12298,H03852,B03,P048,2026-03-26,4,0,portability,taste,0
R12299,H00037,B01,,2026-03-27,3,0,,portion size,1
R12300,H00211,B13,,2026-03-27,5,1,fizz,,1
R12301,H00405,B16,,2026-03-27,3,0,aftertaste,,0
R12302,H00764,B24,,2026-03-27,4,1,price,,0
R12303,H01113,B46,,2026-03-27,4,1,aftertaste,,0
R12304,H01132,B27,,2026-03-27,3,1,heat,,1
R12305,H01381,B01,,2026-03-27,3,0,,portion size,0
R12306,H01404,B16,,2026-03-27,2,0,,price,0
R12307,H01445,B18,,2026-03-27,2,0,,taste,0
R12308,H01478,B37,,2026-03-27,2,0,ingredients,price,0
R12309,H01523,B05,,2026-03-27,2,0,price,saltiness,0
R12310,H01696,B36,,2026-03-27,4,1,price,,1
R12311,H01866,B34,,2026-03-27,5,1,packaging,,0
R12312,H01925,B26,,2026-03-27,2,0,,crunch,0
R12313,H02053,B21,,2026-03-27,2,0,,refreshing,0
R12314,H02151,B15,,2026-03-27,2,0,taste,fizz,0
R12315,H02185,B04,,2026-03-27,4,0,price,portion size,1
R12316,H02196,B44,,2026-03-27,3,0,,fizz,0
R12317,H02252,B39,,2026-03-27,4,0,texture,flavour depth,0
R12318,H02326,B02,,2026-03-27,3,1,crunch,,0
R12319,H02426,B27,,2026-03-27,3,1,heat,,0
R12320,H02480,B12,,2026-03-27,5,1,packaging,,0
R12321,H02518,B10,,2026-03-27,4,0,aroma,,0
R12322,H02572,B20,,2026-03-27,2,0,,packaging,1
R12323,H02679,B07,,2026-03-27,5,0,texture,,1
R12324,H02825,B12,,2026-03-27,3,0,taste,,1
R12325,H02852,B34,,2026-03-27,5,1,price,,1
R12326,H03558,B26,,2026-03-27,4,0,packaging,portion size,1
R12327,H03586,B04,,2026-03-27,2,1,,price,0
R12328,H03656,B44,,2026-03-27,3,1,fizz,,0
R12329,H03673,B19,,2026-03-27,5,1,flavour depth,,0
R12330,H03678,B49,,2026-03-27,3,0,ingredients,,0
R12331,H03850,B04,P048,2026-03-27,4,1,price,,1
R12332,H00095,B17,,2026-03-28,4,0,aftertaste,,1
R12333,H00205,B43,,2026-03-28,5,1,aftertaste,,0
R12334,H00230,B13,,2026-03-28,5,1,taste,,0
R12335,H00457,B46,,2026-03-28,3,0,,refreshing,0
R12336,H00737,B47,,2026-03-28,4,1,taste,,0
R12337,H00804,B19,,2026-03-28,3,0,versatility,,0
R12338,H00945,B39,,2026-03-28,4,1,jar size,,1
R12339,H01118,B41,,2026-03-28,2,0,,price,0
R12340,H01426,B35,,2026-03-28,1,0,portability,energy boost,0
R12341,H01462,B02,,2026-03-28,3,0,,seasoning,0
R12342,H01537,B30,,2026-03-28,2,0,price,jar size,1
R12343,H01770,B21,,2026-03-28,4,0,packaging,,0
R12344,H02056,B38,,2026-03-28,4,1,price,,0
R12345,H02091,B18,,2026-03-28,2,1,,sweetness,0
R12346,H02100,B06,,2026-03-28,4,1,texture,,0
R12347,H02188,B43,,2026-03-28,5,1,price,,1
R12348,H02218,B49,,2026-03-28,2,0,,price,0
R12349,H02316,B10,,2026-03-28,3,1,price,,0
R12350,H02461,B21,,2026-03-28,3,0,,aftertaste,0
R12351,H02510,B16,,2026-03-28,4,1,packaging,,0
R12352,H02781,B33,,2026-03-28,2,0,,price,0
R12353,H02857,B36,,2026-03-28,3,0,seasoning,,1
R12354,H03013,B21,,2026-03-28,5,1,fizz,,1
R12355,H03024,B46,,2026-03-28,4,1,aftertaste,,0
R12356,H03187,B39,,2026-03-28,4,1,price,versatility,1
R12357,H03299,B15,,2026-03-28,3,1,fizz,,0
R12358,H03384,B21,,2026-03-28,5,1,fizz,aftertaste,0
R12359,H03437,B04,,2026-03-28,3,0,,crunch,0
R12360,H03595,B34,,2026-03-28,4,1,aroma,,1
R12361,H03849,B43,,2026-03-28,4,1,refreshing,,0
R12362,H03868,B24,,2026-03-28,2,0,,price,0
R12363,H00117,B07,,2026-03-29,2,0,flavour depth,versatility,0
R12364,H00133,B39,,2026-03-29,4,0,jar size,,0
R12365,H00224,B09,,2026-03-29,2,0,,texture,0
R12366,H00566,B36,,2026-03-29,2,0,,crunch,0
R12367,H00715,B24,,2026-03-29,3,1,,price,0
R12368,H00781,B36,,2026-03-29,4,0,seasoning,,1
R12369,H01386,B01,,2026-03-29,4,1,seasoning,,1
R12370,H01488,B05,,2026-03-29,2,0,,price,0
R12371,H01594,B32,,2026-03-29,5,1,size,design,1
R12372,H01986,B40,,2026-03-29,1,0,price,aftertaste,0
R12373,H02167,B32,,2026-03-29,3,0,build quality,,1
R12374,H02198,B47,,2026-03-29,3,1,,texture,0
R12375,H02271,B48,,2026-03-29,2,0,,crunch,0
R12376,H02282,B33,,2026-03-29,2,0,taste,fizz,0
R12377,H02313,B03,,2026-03-29,2,0,,texture,0
R12378,H02502,B14,,2026-03-29,3,0,fizz,,0
R12379,H02861,B07,,2026-03-29,4,1,price,,0
R12380,H02994,B44,,2026-03-29,4,1,packaging,,0
R12381,H03503,B42,,2026-03-29,3,1,aroma,,1
R12382,H03512,B01,,2026-03-29,2,0,seasoning,portion size,0
R12383,H03559,B08,,2026-03-29,4,1,heat,,0
R12384,H03656,B05,,2026-03-29,3,0,,seasoning,1
R12385,H03669,B27,,2026-03-29,4,1,flavour depth,jar size,1
R12386,H03804,B08,,2026-03-29,2,0,,flavour depth,0
R12387,H00118,B03,,2026-03-30,3,0,,energy boost,0
R12388,H00235,B48,,2026-03-30,5,1,price,,1
R12389,H00620,B16,,2026-03-30,4,0,taste,,1
R12390,H00723,B04,,2026-03-30,3,1,,saltiness,0
R12391,H00803,B44,,2026-03-30,5,0,sweetness,,1
R12392,H00910,B05,,2026-03-30,2,1,,crunch,0
R12393,H00983,B16,,2026-03-30,2,0,,sweetness,0
R12394,H01180,B33,,2026-03-30,5,1,price,sweetness,1
R12395,H01206,B09,,2026-03-30,2,0,,taste,0
R12396,H01578,B43,,2026-03-30,3,1,price,,0
R12397,H01681,B49,,2026-03-30,4,1,price,,1
R12398,H01813,B39,,2026-03-30,3,0,,heat,0
R12399,H02024,B21,,2026-03-30,2,0,,aftertaste,0
R12400,H02085,B29,,2026-03-30,2,0,ingredients,price,0
R12401,H02095,B14,,2026-03-30,4,1,packaging,,1
R12402,H02202,B27,,2026-03-30,4,0,texture,,1
R12403,H02252,B16,,2026-03-30,4,1,packaging,aftertaste,0
R12404,H02381,B10,,2026-03-30,5,1,taste,strength,1
R12405,H02630,B29,,2026-03-30,2,1,,portability,0
R12406,H02876,B17,,2026-03-30,4,1,fizz,,1
R12407,H02998,B06,,2026-03-30,4,1,sweetness,,0
R12408,H03095,B42,,2026-03-30,3,0,,packaging,1
R12409,H03248,B33,,2026-03-30,5,1,price,,1
R12410,H03481,B06,,2026-03-30,3,1,ingredients,,0
R12411,H03594,B01,,2026-03-30,3,0,seasoning,,0
R12412,H03599,B04,,2026-03-30,5,1,portion size,packaging,1
R12413,H03747,B06,,2026-03-30,5,1,ingredients,,1
R12414,H03775,B04,,2026-03-30,3,0,crunch,,0
R12415,H03800,B25,,2026-03-30,2,0,,seasoning,0
R12416,H03800,B44,,2026-03-30,4,1,packaging,sweetness,0
R12417,H03906,B43,,2026-03-30,5,1,packaging,sweetness,0
R12418,H00042,B47,,2026-03-31,4,0,sweetness,,1
R12419,H00182,B07,,2026-03-31,4,0,texture,,1
R12420,H00224,B41,,2026-03-31,3,0,crunch,,0
R12421,H00358,B33,,2026-03-31,3,0,taste,,0
R12422,H00564,B19,,2026-03-31,4,1,texture,,1
R12423,H00873,B11,,2026-03-31,2,0,,price,0
R12424,H01013,B22,,2026-03-31,3,0,taste,,0
R12425,H01103,B36,,2026-03-31,2,0,,crunch,0
R12426,H01165,B34,,2026-03-31,5,1,packaging,ingredients,1
R12427,H01321,B45,,2026-03-31,3,0,,refreshing,0
R12428,H01409,B45,,2026-03-31,3,0,aftertaste,,0
R12429,H01444,B02,,2026-03-31,3,1,crunch,,0
R12430,H01449,B20,,2026-03-31,3,0,,aftertaste,0
R12431,H01457,B28,,2026-03-31,2,0,,energy boost,0
R12432,H01502,B43,,2026-03-31,5,1,packaging,,1
R12433,H01534,B08,,2026-03-31,5,1,price,,1
R12434,H01537,B08,,2026-03-31,4,1,price,,0
R12435,H01789,B43,,2026-03-31,5,1,refreshing,,1
R12436,H01852,B43,,2026-03-31,4,1,price,,0
R12437,H02023,B39,,2026-03-31,5,1,jar size,,1
R12438,H02068,B07,,2026-03-31,4,1,jar size,,1
R12439,H02119,B37,,2026-03-31,3,1,,price,1
R12440,H02263,B08,,2026-03-31,4,0,heat,price,0
R12441,H02283,B09,,2026-03-31,3,0,,ingredients,0
R12442,H02543,B48,,2026-03-31,3,0,crunch,,0
R12443,H02699,B28,,2026-03-31,4,1,ingredients,,1
R12444,H03186,B40,,2026-03-31,2,1,,packaging,1
R12445,H03248,B40,,2026-03-31,4,1,taste,,1
R12446,H03352,B49,,2026-03-31,5,1,packaging,,1
R12447,H00076,B49,,2026-04-01,3,0,price,,0
R12448,H00182,B06,,2026-04-01,4,1,price,,0
R12449,H00224,B19,,2026-04-01,2,0,,versatility,0
R12450,H00367,B22,,2026-04-01,2,0,,price,0
R12451,H00622,B30,,2026-04-01,3,0,,texture,0
R12452,H00702,B14,,2026-04-01,5,1,packaging,,1
R12453,H00773,B42,,2026-04-01,1,0,,strength,0
R12454,H00835,B07,,2026-04-01,4,1,versatility,,0
R12455,H00964,B36,,2026-04-01,4,1,portion size,,1
R12456,H01043,B37,,2026-04-01,1,0,,texture,0
R12457,H01168,B01,,2026-04-01,4,1,crunch,,0
R12458,H01201,B23,,2026-04-01,3,0,,taste,0
R12459,H01315,B36,,2026-04-01,2,0,,saltiness,0
R12460,H01424,B05,,2026-04-01,4,1,portion size,,1
R12461,H01495,B19,,2026-04-01,4,1,jar size,,0
R12462,H01516,B18,,2026-04-01,5,1,refreshing,packaging,0
R12463,H01873,B33,,2026-04-01,4,1,fizz,,1
R12464,H01886,B31,,2026-04-01,5,1,jar size,,1
R12465,H01896,B24,,2026-04-01,4,1,packaging,strength,1
R12466,H01912,B14,,2026-04-01,4,1,fizz,,0
R12467,H01933,B14,,2026-04-01,4,1,refreshing,,1
R12468,H01946,B08,,2026-04-01,3,0,heat,,0
R12469,H02242,B47,,2026-04-01,4,0,sweetness,,0
R12470,H02401,B29,,2026-04-01,3,0,,portability,0
R12471,H02455,B09,,2026-04-01,2,0,texture,ingredients,1
R12472,H02505,B37,,2026-04-01,4,0,taste,,0
R12473,H02606,B19,,2026-04-01,5,1,flavour depth,,0
R12474,H02614,B02,,2026-04-01,3,0,seasoning,,1
R12475,H02661,B38,,2026-04-01,4,1,sweetness,,0
R12476,H02889,B43,,2026-04-01,4,1,fizz,,0
R12477,H03109,B29,,2026-04-01,2,0,texture,ingredients,0
R12478,H03140,B49,,2026-04-01,3,0,ingredients,,0
R12479,H03142,B34,,2026-04-01,5,1,ingredients,aroma,1
R12480,H03254,B10,,2026-04-01,3,0,aroma,,0
R12481,H03307,B34,,2026-04-01,3,0,taste,,0
R12482,H03822,B39,,2026-04-01,5,1,jar size,heat,1
R12483,H00135,B12,,2026-04-02,5,1,sweetness,,1
R12484,H00170,B41,,2026-04-02,4,0,price,,0
R12485,H00291,B28,,2026-04-02,5,1,portability,,0
R12486,H00361,B20,,2026-04-02,2,0,,price,0
R12487,H00376,B04,,2026-04-02,3,0,,saltiness,1
R12488,H00464,B39,,2026-04-02,4,1,jar size,versatility,1
R12489,H00915,B27,,2026-04-02,3,0,jar size,,0
R12490,H01256,B48,,2026-04-02,4,1,seasoning,,1
R12491,H01292,B45,,2026-04-02,2,0,,sweetness,0
R12492,H01327,B24,,2026-04-02,3,0,,packaging,0
R12493,H01521,B18,,2026-04-02,1,0,,packaging,0
R12494,H01527,B47,,2026-04-02,1,0,,ingredients,0
R12495,H01590,B29,,2026-04-02,1,0,energy boost,ingredients,0
R12496,H01632,B30,,2026-04-02,2,0,,price,0
R12497,H01672,B26,,2026-04-02,3,0,seasoning,,0
R12498,H01693,B48,,2026-04-02,4,1,portion size,,0
R12499,H01778,B02,,2026-04-02,2,0,,packaging,0
R12500,H01859,B42,,2026-04-02,2,0,,packaging,0
R12501,H02245,B30,,2026-04-02,4,1,jar size,,1
R12502,H02365,B25,,2026-04-02,5,1,packaging,,0
R12503,H02412,B07,,2026-04-02,3,0,,versatility,0
R12504,H02443,B39,,2026-04-02,5,1,jar size,,1
R12505,H02559,B25,,2026-04-02,3,1,,portion size,0
R12506,H02662,B06,,2026-04-02,2,0,texture,price,0
R12507,H02750,B05,,2026-04-02,3,0,portion size,,1
R12508,H02857,B12,,2026-04-02,3,0,aftertaste,,1
R12509,H02920,B46,,2026-04-02,4,1,sweetness,refreshing,0
R12510,H03269,B02,,2026-04-02,4,1,crunch,,0
R12511,H03342,B32,,2026-04-02,3,0,size,,0
R12512,H03354,B04,,2026-04-02,4,1,seasoning,,1
R12513,H03680,B34,,2026-04-02,4,0,taste,,0
R12514,H00005,B27,,2026-04-03,5,1,jar size,,1
R12515,H00111,B12,,2026-04-03,2,1,refreshing,sweetness,0
R12516,H00164,B37,,2026-04-03,3,1,,packaging,1
R12517,H00535,B43,,2026-04-03,4,1,packaging,,0
R12518,H00594,B23,,2026-04-03,5,1,packaging,,1
R12519,H00657,B48,,2026-04-03,5,1,packaging,,1
R12520,H00864,B34,,2026-04-03,2,0,,strength,0
R12521,H00997,B02,,2026-04-03,4,1,crunch,seasoning,0
R12522,H01016,B07,,2026-04-03,3,0,,texture,0
R12523,H01058,B41,,2026-04-03,2,0,,seasoning,0
R12524,H01083,B43,,2026-04-03,1,0,,aftertaste,0
R12525,H01086,B05,,2026-04-03,2,0,,price,0
R12526,H01102,B29,,2026-04-03,5,1,taste,,0
R12527,H01245,B46,,2026-04-03,3,1,,sweetness,0
R12528,H01369,B48,,2026-04-03,5,1,seasoning,portion size,1
R12529,H01549,B43,,2026-04-03,5,1,price,,1
R12530,H01863,B49,,2026-04-03,3,0,price,,0
R12531,H01888,B24,,2026-04-03,3,1,,strength,0
R12532,H01981,B11,,2026-04-03,2,0,,taste,0
R12533,H02060,B22,,2026-04-03,2,0,price,sweetness,0
R12534,H02088,B31,,2026-04-03,3,0,flavour depth,,0
R12535,H02130,B32,,2026-04-03,2,0,,price,0
R12536,H02135,B14,,2026-04-03,5,1,aftertaste,,1
R12537,H02150,B19,,2026-04-03,4,1,versatility,,0
R12538,H02171,B42,,2026-04-03,3,1,,aroma,1
R12539,H02340,B09,,2026-04-03,3,0,,price,0
R12540,H02473,B43,,2026-04-03,5,1,packaging,,1
R12541,H02492,B05,,2026-04-03,1,0,,seasoning,0
R12542,H02518,B32,,2026-04-03,3,0,design,,0
R12543,H02569,B26,,2026-04-03,3,1,,saltiness,0
R12544,H02861,B08,,2026-04-03,3,1,texture,,0
R12545,H03016,B31,,2026-04-03,4,1,heat,,0
R12546,H03037,B46,,2026-04-03,2,0,,price,0
R12547,H03041,B49,,2026-04-03,1,0,ingredients,sweetness,0
R12548,H03504,B30,,2026-04-03,2,0,,price,0
R12549,H03602,B34,,2026-04-03,4,1,aroma,packaging,0
R12550,H03666,B38,,2026-04-03,4,1,packaging,texture,0
R12551,H03836,B37,,2026-04-03,3,1,,packaging,0
R12552,H03922,B28,,2026-04-03,5,1,portability,,1
R12553,H00013,B48,,2026-04-04,4,0,crunch,,1
R12554,H00097,B25,,2026-04-04,3,1,packaging,,1
R12555,H00336,B04,,2026-04-04,4,0,seasoning,,0
R12556,H00431,B01,,2026-04-04,4,1,saltiness,,0
R12557,H00570,B14,,2026-04-04,3,0,,packaging,0
R12558,H01030,B08,,2026-04-04,4,0,jar size,,0
R12559,H01161,B44,,2026-04-04,3,1,,price,0
R12560,H01182,B07,,2026-04-04,3,0,jar size,,0
R12561,H01298,B31,,2026-04-04,4,0,price,,0
R12562,H01334,B37,,2026-04-04,2,0,price,ingredients,1
R12563,H01556,B08,,2026-04-04,5,1,versatility,price,1
R12564,H01628,B07,,2026-04-04,2,0,jar size,heat,1
R12565,H01736,B18,,2026-04-04,4,0,sweetness,refreshing,0
R12566,H01805,B05,,2026-04-04,3,1,saltiness,,1
R12567,H01860,B31,,2026-04-04,4,1,texture,heat,1
R12568,H01870,B26,,2026-04-04,2,0,,seasoning,0
R12569,H01948,B25,,2026-04-04,4,1,saltiness,,1
R12570,H02015,B29,,2026-04-04,4,0,texture,,1
R12571,H02134,B06,,2026-04-04,3,1,ingredients,,0
R12572,H02288,B39,,2026-04-04,3,0,flavour depth,,0
R12573,H02302,B35,,2026-04-04,2,0,,portability,1
R12574,H02453,B28,,2026-04-04,4,0,texture,energy boost,1
R12575,H02582,B45,,2026-04-04,2,0,,fizz,0
R12576,H03165,B36,,2026-04-04,3,0,seasoning,,0
R12577,H03263,B19,,2026-04-04,4,0,jar size,,0
R12578,H03407,B18,,2026-04-04,4,1,refreshing,,1
R12579,H03416,B21,,2026-04-04,5,1,aftertaste,,1
R12580,H03455,B39,,2026-04-04,4,0,price,heat,0
R12581,H03533,B27,,2026-04-04,4,1,price,,0
R12582,H00156,B17,,2026-04-05,3,0,aftertaste,,0
R12583,H00281,B48,,2026-04-05,4,1,price,,1
R12584,H00292,B23,,2026-04-05,2,0,,packaging,0
R12585,H00432,B23,,2026-04-05,1,0,,texture,0
R12586,H00723,B16,,2026-04-05,5,1,price,sweetness,1
R12587,H00928,B11,,2026-04-05,3,1,sweetness,,0
R12588,H00965,B18,,2026-04-05,5,1,fizz,,0
R12589,H01032,B27,,2026-04-05,5,1,jar size,,1
R12590,H01071,B19,,2026-04-05,3,1,versatility,,0
R12591,H01168,B12,,2026-04-05,5,1,aftertaste,,1
R12592,H01305,B28,,2026-04-05,2,0,,price,0
R12593,H01400,B31,,2026-04-05,3,1,,heat,0
R12594,H01412,B36,,2026-04-05,5,1,packaging,crunch,1
R12595,H01445,B41,,2026-04-05,4,0,portion size,seasoning,1
R12596,H01584,B11,,2026-04-05,3,0,,price,1
R12597,H01740,B29,,2026-04-05,4,0,energy boost,,0
R12598,H01762,B17,,2026-04-05,5,0,aftertaste,,1
R12599,H01885,B12,,2026-04-05,2,0,,taste,0
R12600,H01926,B35,,2026-04-05,2,0,,ingredients,0
R12601,H01975,B28,,2026-04-05,5,1,texture,,1
R12602,H02083,B45,,2026-04-05,2,0,,sweetness,0
R12603,H02097,B01,,2026-04-05,3,0,,crunch,0
R12604,H02349,B23,,2026-04-05,4,0,texture,,1
R12605,H02372,B04,,2026-04-05,3,0,,packaging,0
R12606,H02469,B29,,2026-04-05,5,1,taste,,1
R12607,H02530,B31,,2026-04-05,3,0,versatility,,0
R12608,H02533,B25,,2026-04-05,4,1,crunch,,0
R12609,H02622,B14,,2026-04-05,4,0,aftertaste,,0
R12610,H02664,B14,,2026-04-05,1,0,,packaging,0
R12611,H02822,B35,,2026-04-05,2,0,,portability,0
R12612,H02919,B24,,2026-04-05,5,1,packaging,,1
R12613,H02928,B12,,2026-04-05,4,0,packaging,,1
R12614,H02940,B36,,2026-04-05,4,1,packaging,,0
R12615,H02948,B20,,2026-04-05,3,0,refreshing,,0
R12616,H03011,B42,,2026-04-05,3,0,,strength,0
R12617,H03014,B28,,2026-04-05,4,1,texture,,0
R12618,H03025,B24,,2026-04-05,4,0,price,,0
R12619,H03048,B18,,2026-04-05,5,1,fizz,,1
R12620,H03199,B26,,2026-04-05,2,0,,packaging,0
R12621,H03399,B46,,2026-04-05,3,1,aftertaste,,0
R12622,H03416,B03,,2026-04-05,3,1,,price,1
R12623,H03466,B39,,2026-04-05,3,1,price,,0
R12624,H03489,B43,,2026-04-05,4,1,price,,1
R12625,H03531,B15,,2026-04-05,3,0,,sweetness,0
R12626,H03584,B46,,2026-04-05,3,1,,sweetness,0
R12627,H03612,B29,,2026-04-05,2,0,,taste,0
R12628,H03650,B24,,2026-04-05,4,1,taste,,0
R12629,H03838,B24,,2026-04-05,5,1,aroma,,0
R12630,H03932,B03,P049,2026-04-05,4,1,price,,0
R12631,H03932,B04,P049,2026-04-05,4,1,saltiness,,0
R12632,H03943,B04,P049,2026-04-05,4,0,portion size,,0
R12633,H03949,B04,P049,2026-04-05,3,0,,seasoning,1
R12634,H03951,B02,P049,2026-04-05,4,0,price,,1
R12635,H03952,B26,P049,2026-04-05,5,1,packaging,portion size,0
R12636,H03953,B02,P049,2026-04-05,4,0,packaging,,1
R12637,H03954,B03,P049,2026-04-05,3,0,energy boost,,0
R12638,H03954,B17,P049,2026-04-05,2,1,,refreshing,0
R12639,H03956,B04,P049,2026-04-05,4,1,seasoning,,1
R12640,H03957,B26,P049,2026-04-05,4,1,price,,0
R12641,H03958,B04,P049,2026-04-05,4,1,price,,1
R12642,H03959,B04,P049,2026-04-05,3,1,,crunch,1
R12643,H03968,B17,P049,2026-04-05,3,1,price,,0
R12644,H03970,B26,P049,2026-04-05,3,0,price,,0
R12645,H03974,B03,P049,2026-04-05,4,1,texture,,0
R12646,H03975,B03,P049,2026-04-05,3,0,ingredients,,0
R12647,H03979,B26,P049,2026-04-05,4,1,price,,0
R12648,H00012,B21,,2026-04-06,3,0,,refreshing,0
R12649,H00032,B08,,2026-04-06,3,0,texture,,0
R12650,H00169,B35,,2026-04-06,3,0,,ingredients,0
R12651,H00345,B25,,2026-04-06,1,0,,crunch,0
R12652,H00365,B13,,2026-04-06,4,1,packaging,,1
R12653,H00481,B14,,2026-04-06,5,1,taste,,1
R12654,H00508,B15,,2026-04-06,3,0,,fizz,1
R12655,H00881,B42,,2026-04-06,4,1,strength,,1
R12656,H00894,B22,,2026-04-06,3,1,taste,,0
R12657,H01061,B41,,2026-04-06,2,1,,packaging,0
R12658,H01148,B12,,2026-04-06,4,1,aftertaste,,0
R12659,H01200,B21,,2026-04-06,5,1,packaging,,1
R12660,H01235,B20,,2026-04-06,4,1,refreshing,,0
R12661,H01259,B49,,2026-04-06,5,1,texture,taste,1
R12662,H01284,B37,,2026-04-06,3,0,,texture,0
R12663,H01582,B25,,2026-04-06,4,0,crunch,,1
R12664,H01612,B07,,2026-04-06,3,0,,flavour depth,0
R12665,H01633,B14,,2026-04-06,5,1,packaging,,1
R12666,H01641,B01,,2026-04-06,3,0,portion size,,1
R12667,H01930,B31,,2026-04-06,5,1,texture,,0
R12668,H02010,B21,,2026-04-06,3,1,refreshing,,1
R12669,H02107,B16,,2026-04-06,5,1,price,,1
R12670,H02205,B08,,2026-04-06,3,0,,flavour depth,1
R12671,H02224,B34,,2026-04-06,5,1,price,,1
R12672,H02309,B14,,2026-04-06,5,1,taste,,0
R12673,H02356,B16,,2026-04-06,5,1,refreshing,fizz,0
R12674,H02522,B34,,2026-04-06,3,0,price,,0
R12675,H02612,B12,,2026-04-06,4,1,taste,,0
R12676,H02857,B06,,2026-04-06,4,1,price,,0
R12677,H02967,B27,,2026-04-06,5,1,texture,,1
R12678,H03002,B39,,2026-04-06,5,1,versatility,,1
R12679,H03043,B16,,2026-04-06,3,1,,aftertaste,0
R12680,H03240,B45,,2026-04-06,3,0,price,,0
R12681,H03620,B41,,2026-04-06,2,0,packaging,seasoning,0
R12682,H03929,B19,,2026-04-06,1,0,heat,price,0
R12683,H03933,B03,P049,2026-04-06,4,0,energy boost,,0
R12684,H03933,B26,P049,2026-04-06,4,0,portion size,saltiness,0
R12685,H03938,B17,P049,2026-04-06,3,0,aftertaste,,0
R12686,H03939,B03,P049,2026-04-06,3,1,,taste,0
R12687,H03946,B17,P049,2026-04-06,4,1,aftertaste,,0
R12688,H03947,B17,P049,2026-04-06,5,1,sweetness,,0
R12689,H03954,B26,P049,2026-04-06,2,1,,seasoning,0
R12690,H03961,B17,P049,2026-04-06,3,0,,sweetness,0
R12691,H03964,B04,P049,2026-04-06,5,1,packaging,,0
R12692,H03964,B26,P049,2026-04-06,3,0,,price,0
R12693,H03974,B04,P049,2026-04-06,4,0,price,,0
R12694,H03976,B02,P049,2026-04-06,5,1,packaging,,1
R12695,H03978,B02,P049,2026-04-06,4,1,saltiness,,1
R12696,H00046,B16,,2026-04-07,3,0,price,,0
R12697,H00100,B25,,2026-04-07,4,1,saltiness,,1
R12698,H00289,B33,,2026-04-07,5,1,aftertaste,,1
R12699,H00437,B24,,2026-04-07,4,0,ingredients,price,1
R12700,H00462,B30,,2026-04-07,1,0,texture,versatility,0
R12701,H00569,B17,,2026-04-07,3,0,,sweetness,0
R12702,H00647,B44,,2026-04-07,4,1,packaging,,1
R12703,H00704,B41,,2026-04-07,2,0,packaging,crunch,0
R12704,H00851,B30,,2026-04-07,3,1,,jar size,0
R12705,H00979,B24,,2026-04-07,5,1,strength,,1
R12706,H01278,B31,,2026-04-07,3,0,,price,0
R12707,H01295,B22,,2026-04-07,3,1,,ingredients,0
R12708,H01331,B38,,2026-04-07,5,0,taste,,1
R12709,H01385,B14,,2026-04-07,4,0,fizz,,0
R12710,H01455,B44,,2026-04-07,2,0,,packaging,0
R12711,H01483,B28,,2026-04-07,4,1,energy boost,,1
R12712,H01595,B19,,2026-04-07,4,1,versatility,,1
R12713,H02237,B15,,2026-04-07,4,1,refreshing,,1
R12714,H02303,B01,,2026-04-07,5,0,packaging,,0
R12715,H02546,B06,,2026-04-07,5,1,sweetness,,1
R12716,H02560,B11,,2026-04-07,2,0,,price,0
R12717,H02709,B44,,2026-04-07,4,1,sweetness,aftertaste,1
R12718,H02803,B31,,2026-04-07,3,0,,flavour depth,0
R12719,H02812,B24,,2026-04-07,3,0,,packaging,0
R12720,H02867,B41,,2026-04-07,3,0,,price,0
R12721,H02966,B32,,2026-04-07,5,0,size,,1
R12722,H03048,B20,,2026-04-07,4,1,aftertaste,,1
R12723,H03208,B22,,2026-04-07,5,1,sweetness,,0
R12724,H03224,B45,,2026-04-07,2,0,,price,0
R12725,H03467,B13,,2026-04-07,5,1,price,,1
R12726,H03511,B05,,2026-04-07,2,0,packaging,seasoning,0
R12727,H03625,B31,,2026-04-07,3,1,heat,,0
R12728,H03657,B34,,2026-04-07,4,1,strength,,1
R12729,H03711,B01,,2026-04-07,3,1,crunch,,0
R12730,H03717,B28,,2026-04-07,3,0,energy boost,,0
R12731,H03829,B19,,2026-04-07,3,0,,jar size,1
R12732,H03862,B05,,2026-04-07,4,0,seasoning,,1
R12733,H03931,B04,P049,2026-04-07,3,0,crunch,,0
R12734,H03936,B03,P049,2026-04-07,4,0,ingredients,portability,1
R12735,H03938,B02,P049,2026-04-07,5,0,price,,0
R12736,H03943,B03,P049,2026-04-07,5,1,ingredients,,0
R12737,H03947,B03,P049,2026-04-07,3,1,ingredients,,1
R12738,H03952,B17,P049,2026-04-07,3,1,,aftertaste,0
R12739,H03956,B02,P049,2026-04-07,4,1,seasoning,packaging,1
R12740,H03965,B03,P049,2026-04-07,3,1,,taste,1
R12741,H03968,B03,P049,2026-04-07,4,1,energy boost,,1
R12742,H03981,B26,P049,2026-04-07,4,1,portion size,,0
R12743,H00222,B13,,2026-04-08,3,1,aftertaste,,0
R12744,H00313,B21,,2026-04-08,4,1,sweetness,,1
R12745,H00400,B21,,2026-04-08,5,1,refreshing,,0
R12746,H00445,B32,,2026-04-08,5,1,price,,1
R12747,H00489,B25,,2026-04-08,4,1,portion size,,1
R12748,H00821,B12,,2026-04-08,3,1,fizz,,0
R12749,H00850,B36,,2026-04-08,3,1,price,,1
R12750,H00941,B38,,2026-04-08,3,1,,sweetness,0
R12751,H01005,B39,,2026-04-08,3,1,price,,0
R12752,H01094,B12,,2026-04-08,3,1,,price,0
R12753,H01197,B34,,2026-04-08,4,1,strength,aroma,1
R12754,H01269,B33,,2026-04-08,3,1,price,,1
R12755,H01371,B16,,2026-04-08,4,0,price,,0
R12756,H01373,B17,,2026-04-08,3,1,aftertaste,,1
R12757,H01392,B46,,2026-04-08,3,0,price,,0
R12758,H01437,B30,,2026-04-08,5,1,heat,,1
R12759,H01442,B48,,2026-04-08,5,1,saltiness,,1
R12760,H01540,B02,,2026-04-08,3,1,,saltiness,0
R12761,H01569,B15,,2026-04-08,4,0,aftertaste,,0
R12762,H01589,B09,,2026-04-08,1,0,ingredients,packaging,0
R12763,H01615,B16,,2026-04-08,4,1,fizz,,0
R12764,H01655,B48,,2026-04-08,3,0,,portion size,0
R12765,H01775,B42,,2026-04-08,3,0,taste,,1
R12766,H01784,B38,,2026-04-08,5,1,taste,,0
R12767,H01826,B19,,2026-04-08,2,0,,jar size,0
R12768,H01954,B30,,2026-04-08,3,0,heat,,0
R12769,H02100,B25,,2026-04-08,3,1,,packaging,0
R12770,H02124,B44,,2026-04-08,4,1,refreshing,,1
R12771,H02198,B22,,2026-04-08,4,0,ingredients,,0
R12772,H02608,B19,,2026-04-08,2,0,,versatility,0
R12773,H02675,B14,,2026-04-08,3,1,,aftertaste,1
R12774,H02715,B33,,2026-04-08,5,1,packaging,aftertaste,1
R12775,H02715,B35,,2026-04-08,4,1,ingredients,,0
R12776,H02767,B01,,2026-04-08,2,0,,packaging,0
R12777,H03116,B35,,2026-04-08,3,0,,texture,1
R12778,H03151,B20,,2026-04-08,3,0,,price,1
R12779,H03275,B38,,2026-04-08,5,1,packaging,taste,1
R12780,H03277,B16,,2026-04-08,3,0,,price,0
R12781,H03327,B38,,2026-04-08,3,0,packaging,,0
R12782,H03353,B30,,2026-04-08,3,1,,price,1
R12783,H03573,B06,,2026-04-08,3,0,packaging,,0
R12784,H03613,B13,,2026-04-08,5,1,taste,,1
R12785,H03668,B49,,2026-04-08,3,1,,packaging,0
R12786,H03934,B26,P049,2026-04-08,3,1,crunch,,0
R12787,H03942,B04,P049,2026-04-08,3,1,seasoning,,0
R12788,H03945,B17,P049,2026-04-08,2,0,,fizz,0
R12789,H03980,B04,P049,2026-04-08,3,1,,seasoning,1
R12790,H00024,B34,,2026-04-09,3,0,price,,0
R12791,H00224,B38,,2026-04-09,3,0,taste,,0
R12792,H00386,B49,,2026-04-09,3,1,,price,0
R12793,H00417,B40,,2026-04-09,4,1,fizz,,0
R12794,H00532,B38,,2026-04-09,4,1,price,,1
R12795,H00585,B17,,2026-04-09,3,0,,packaging,1
R12796,H01023,B06,,2026-04-09,4,1,packaging,,0
R12797,H01094,B25,,2026-04-09,3,0,packaging,,0
R12798,H01183,B44,,2026-04-09,3,1,sweetness,,0
R12799,H01204,B16,,2026-04-09,3,1,,fizz,0
R12800,H01290,B43,,2026-04-09,5,1,packaging,,1
R12801,H01349,B03,,2026-04-09,2,0,,taste,0
R12802,H01366,B22,,2026-04-09,3,0,,taste,0
R12803,H01392,B47,,2026-04-09,5,1,price,,1
R12804,H01460,B06,,2026-04-09,5,1,packaging,taste,1
R12805,H01719,B06,,2026-04-09,2,0,,ingredients,0
R12806,H01828,B13,,2026-04-09,3,1,fizz,,0
R12807,H01959,B06,,2026-04-09,5,1,price,packaging,1
R12808,H02054,B15,,2026-04-09,3,0,,price,0
R12809,H02080,B34,,2026-04-09,3,0,,ingredients,0
R12810,H02109,B49,,2026-04-09,4,1,price,,1
R12811,H02141,B38,,2026-04-09,3,0,packaging,,0
R12812,H02186,B38,,2026-04-09,2,0,,taste,0
R12813,H02193,B42,,2026-04-09,5,1,price,,1
R12814,H02578,B03,,2026-04-09,1,0,taste,price,0
R12815,H02609,B47,,2026-04-09,2,0,,texture,0
R12816,H02765,B47,,2026-04-09,5,1,texture,,1
R12817,H02880,B07,,2026-04-09,5,0,price,,1
R12818,H02984,B04,,2026-04-09,2,0,packaging,price,0
R12819,H03040,B23,,2026-04-09,3,0,packaging,,0
R12820,H03292,B45,,2026-04-09,4,1,aftertaste,,1
R12821,H03300,B07,,2026-04-09,3,0,texture,,0
R12822,H03362,B11,,2026-04-09,4,1,packaging,,1
R12823,H03797,B06,,2026-04-09,3,0,packaging,,0
R12824,H03940,B03,P049,2026-04-09,3,1,taste,,1
R12825,H03944,B02,P049,2026-04-09,4,1,packaging,,1
R12826,H03946,B02,P049,2026-04-09,3,0,packaging,,1
R12827,H03948,B26,P049,2026-04-09,5,1,seasoning,,1
R12828,H03950,B02,P049,2026-04-09,4,0,seasoning,,0
R12829,H03950,B04,P049,2026-04-09,3,0,,packaging,0
R12830,H03950,B31,,2026-04-09,4,1,texture,,1
R12831,H03954,B02,P049,2026-04-09,5,1,crunch,,1
R12832,H03956,B17,P049,2026-04-09,5,1,sweetness,,1
R12833,H03966,B03,P049,2026-04-09,4,1,taste,,1
R12834,H03973,B02,P049,2026-04-09,3,0,saltiness,,1
R12835,H03976,B04,P049,2026-04-09,4,1,packaging,,1
R12836,H03977,B03,P049,2026-04-09,3,0,taste,,1
R12837,H03977,B04,P049,2026-04-09,4,0,portion size,,1
R12838,H03978,B17,P049,2026-04-09,2,0,,sweetness,0
R12839,H03979,B02,P049,2026-04-09,3,1,,price,0
R12840,H03982,B04,P049,2026-04-09,3,0,portion size,,1
R12841,H00142,B20,,2026-04-10,3,1,aftertaste,,0
R12842,H00191,B03,,2026-04-10,2,0,,taste,0
R12843,H00421,B29,,2026-04-10,3,1,,energy boost,0
R12844,H00514,B27,,2026-04-10,4,1,price,,1
R12845,H00565,B02,,2026-04-10,3,0,saltiness,,0
R12846,H00666,B11,,2026-04-10,2,0,,fizz,0
R12847,H00702,B09,,2026-04-10,3,0,price,,0
R12848,H01004,B16,,2026-04-10,3,0,,taste,0
R12849,H01202,B21,,2026-04-10,4,1,price,,0
R12850,H01204,B39,,2026-04-10,2,0,texture,price,0
R12851,H01252,B28,,2026-04-10,3,0,,portability,0
R12852,H01291,B29,,2026-04-10,3,0,texture,,1
R12853,H01303,B28,,2026-04-10,3,0,,price,1
R12854,H01360,B24,,2026-04-10,3,0,strength,,0
R12855,H01635,B12,,2026-04-10,3,1,,price,0
R12856,H01656,B40,,2026-04-10,4,1,refreshing,,1
R12857,H01878,B21,,2026-04-10,3,0,sweetness,,0
R12858,H01895,B27,,2026-04-10,2,0,,jar size,0
R12859,H01931,B12,,2026-04-10,2,0,,taste,0
R12860,H02244,B24,,2026-04-10,4,0,taste,aroma,0
R12861,H02387,B18,,2026-04-10,2,1,,sweetness,0
R12862,H02401,B34,,2026-04-10,4,0,ingredients,,1
R12863,H02773,B33,,2026-04-10,4,1,fizz,,1
R12864,H02813,B08,,2026-04-10,2,1,,texture,0
R12865,H02909,B13,,2026-04-10,3,0,,taste,0
R12866,H03128,B25,,2026-04-10,4,1,price,,1
R12867,H03162,B43,,2026-04-10,4,0,aftertaste,,0
R12868,H03307,B16,,2026-04-10,4,1,taste,,0
R12869,H03339,B10,,2026-04-10,3,1,strength,,0
R12870,H03440,B08,,2026-04-10,3,0,,texture,1
R12871,H03650,B37,,2026-04-10,2,1,,sweetness,0
R12872,H03699,B21,,2026-04-10,4,1,packaging,,1
R12873,H03753,B22,,2026-04-10,5,1,taste,,1
R12874,H03852,B11,,2026-04-10,5,1,refreshing,,0
R12875,H03879,B39,,2026-04-10,4,1,versatility,,1
R12876,H03934,B04,P049,2026-04-10,2,0,,crunch,1
R12877,H03941,B26,P049,2026-04-10,3,1,portion size,,0
R12878,H03945,B03,P049,2026-04-10,4,1,ingredients,,1
R12879,H03962,B26,P049,2026-04-10,5,1,portion size,,0
R12880,H03970,B04,P049,2026-04-10,4,1,crunch,packaging,0
R12881,H03971,B02,P049,2026-04-10,4,1,portion size,,0
R12882,H03972,B04,P049,2026-04-10,5,1,price,,0
R12883,H00063,B30,,2026-04-11,5,1,heat,,1
R12884,H00097,B44,,2026-04-11,3,1,aftertaste,,0
R12885,H00208,B38,,2026-04-11,3,0,,ingredients,0
R12886,H00225,B06,,2026-04-11,3,0,,texture,0
R12887,H00396,B29,,2026-04-11,5,0,ingredients,,1
R12888,H00482,B41,,2026-04-11,3,1,,portion size,0
R12889,H00593,B16,,2026-04-11,2,0,fizz,aftertaste,0
R12890,H00923,B16,,2026-04-11,3,0,,packaging,0
R12891,H00928,B17,,2026-04-11,4,1,price,,0
R12892,H00933,B34,,2026-04-11,5,1,taste,,1
R12893,H01054,B39,,2026-04-11,4,1,heat,,1
R12894,H01325,B05,,2026-04-11,3,1,price,,0
R12895,H01842,B07,,2026-04-11,3,0,heat,,1
R12896,H01861,B05,,2026-04-11,3,1,,price,0
R12897,H01872,B05,,2026-04-11,2,0,,crunch,0
R12898,H02025,B21,,2026-04-11,3,0,,fizz,0
R12899,H02331,B18,,2026-04-11,3,0,refreshing,,1
R12900,H02428,B13,,2026-04-11,4,1,price,,0
R12901,H02451,B19,,2026-04-11,3,1,jar size,,0
R12902,H02851,B02,,2026-04-11,4,1,packaging,,0
R12903,H03064,B27,,2026-04-11,3,0,texture,,1
R12904,H03375,B29,,2026-04-11,3,1,,taste,0
R12905,H03495,B07,,2026-04-11,2,1,,texture,0
R12906,H03501,B19,,2026-04-11,4,0,jar size,,1
R12907,H03615,B02,,2026-04-11,5,1,crunch,price,0
R12908,H03739,B04,,2026-04-11,3,0,packaging,,0
R12909,H03935,B26,P049,2026-04-11,4,1,seasoning,,0
R12910,H03944,B33,,2026-04-11,3,0,,price,1
R12911,H03946,B04,P049,2026-04-11,4,1,crunch,,1
R12912,H03948,B17,P049,2026-04-11,3,0,aftertaste,,0
R12913,H03956,B26,P049,2026-04-11,3,1,packaging,,1
R12914,H03957,B03,P049,2026-04-11,3,0,,texture,0
R12915,H03959,B02,P049,2026-04-11,5,1,portion size,,1
R12916,H03960,B02,P049,2026-04-11,4,0,crunch,,1
R12917,H03962,B04,P049,2026-04-11,4,1,saltiness,,1
R12918,H03971,B17,P049,2026-04-11,4,1,packaging,,1
R12919,H03982,B17,P049,2026-04-11,5,1,aftertaste,,0
R12920,H00026,B16,,2026-04-12,3,0,,price,1
R12921,H00199,B24,,2026-04-12,3,0,packaging,,0
R12922,H00232,B06,,2026-04-12,5,1,ingredients,,0
R12923,H00417,B23,,2026-04-12,3,0,,price,0
R12924,H00525,B24,,2026-04-12,3,1,aroma,,0
R12925,H00637,B41,,2026-04-12,3,0,seasoning,,0
R12926,H00680,B43,,2026-04-12,5,1,taste,,0
R12927,H00686,B10,,2026-04-12,4,1,packaging,,1
R12928,H00730,B26,,2026-04-12,3,1,crunch,,0
R12929,H01081,B23,,2026-04-12,2,0,ingredients,taste,0
R12930,H01324,B08,,2026-04-12,2,0,,price,0
R12931,H01474,B04,,2026-04-12,4,1,portion size,price,1
R12932,H02181,B41,,2026-04-12,4,1,packaging,,0
R12933,H02253,B44,,2026-04-12,2,0,,aftertaste,0
R12934,H02263,B44,,2026-04-12,4,1,price,,1
R12935,H02266,B01,,2026-04-12,2,0,,packaging,0
R12936,H02316,B14,,2026-04-12,5,1,sweetness,,0
R12937,H02612,B08,,2026-04-12,3,1,,price,1
R12938,H02613,B25,,2026-04-12,4,1,packaging,,1
R12939,H02691,B12,,2026-04-12,4,1,price,,1
R12940,H02936,B26,,2026-04-12,2,1,,packaging,0
R12941,H02954,B06,,2026-04-12,3,1,price,,0
R12942,H03006,B01,,2026-04-12,2,0,,crunch,0
R12943,H03032,B26,,2026-04-12,2,0,,price,0
R12944,H03103,B29,,2026-04-12,5,1,taste,,1
R12945,H03105,B43,,2026-04-12,4,1,taste,,0
R12946,H03218,B01,,2026-04-12,3,1,,price,0
R12947,H03381,B36,,2026-04-12,4,1,saltiness,,0
R12948,H03608,B19,,2026-04-12,3,0,price,,0
R12949,H03694,B03,,2026-04-12,3,0,,taste,0
R12950,H03807,B13,,2026-04-12,3,0,,refreshing,1
R12951,H03829,B21,,2026-04-12,2,0,,sweetness,0
R12952,H03941,B04,P049,2026-04-12,4,1,crunch,,1
R12953,H03942,B02,P049,2026-04-12,5,1,seasoning,,0
R12954,H03951,B04,P049,2026-04-12,3,0,portion size,,0
R12955,H03953,B04,P049,2026-04-12,4,1,seasoning,,0
R12956,H03962,B03,P049,2026-04-12,4,0,price,,1
R12957,H03963,B02,P049,2026-04-12,5,1,seasoning,,1
R12958,H03970,B02,P049,2026-04-12,3,0,price,,1
R12959,H03975,B02,P049,2026-04-12,4,1,seasoning,,0
R12960,H03976,B03,P049,2026-04-12,2,0,,price,1
R12961,H03980,B02,P049,2026-04-12,3,0,crunch,,1
R12962,H03981,B04,P049,2026-04-12,4,0,crunch,,1
R12963,H00256,B03,,2026-04-13,2,0,,ingredients,0
R12964,H00422,B13,,2026-04-13,2,0,,aftertaste,0
R12965,H00895,B09,,2026-04-13,4,0,texture,,1
R12966,H01409,B43,,2026-04-13,4,1,taste,,0
R12967,H01442,B36,,2026-04-13,5,1,price,,1
R12968,H01524,B31,,2026-04-13,4,1,texture,versatility,0
R12969,H01721,B30,,2026-04-13,4,1,versatility,,1
R12970,H01806,B15,,2026-04-13,2,0,,sweetness,0
R12971,H01835,B49,,2026-04-13,4,1,packaging,,0
R12972,H01909,B46,,2026-04-13,4,1,fizz,,0
R12973,H02095,B01,,2026-04-13,4,1,price,,1
R12974,H02152,B16,,2026-04-13,2,0,,taste,0
R12975,H02164,B43,,2026-04-13,3,0,sweetness,,0
R12976,H02268,B25,,2026-04-13,4,1,portion size,,0
R12977,H02570,B13,,2026-04-13,4,0,aftertaste,price,0
R12978,H02993,B12,,2026-04-13,4,1,taste,,1
R12979,H03041,B42,,2026-04-13,5,1,strength,,0
R12980,H03147,B06,,2026-04-13,3,1,,packaging,0
R12981,H03262,B47,,2026-04-13,1,0,,texture,0
R12982,H03486,B35,,2026-04-13,4,0,price,,0
R12983,H03510,B46,,2026-04-13,5,1,fizz,,1
R12984,H03561,B22,,2026-04-13,3,1,packaging,,1
R12985,H03796,B11,,2026-04-13,4,1,sweetness,,1
R12986,H03911,B45,,2026-04-13,2,0,,fizz,0
R12987,H03924,B47,,2026-04-13,4,1,sweetness,,1
R12988,H00161,B38,,2026-04-14,5,1,sweetness,,1
R12989,H00184,B29,,2026-04-14,4,1,price,,0
R12990,H00451,B43,,2026-04-14,4,1,packaging,,0
R12991,H00536,B05,,2026-04-14,3,0,,packaging,0
R12992,H00606,B15,,2026-04-14,5,1,taste,,1
R12993,H00748,B25,,2026-04-14,4,1,crunch,,0
R12994,H00877,B41,,2026-04-14,4,1,saltiness,,1
R12995,H01196,B25,,2026-04-14,4,0,packaging,,1
R12996,H01290,B30,,2026-04-14,2,0,,versatility,0
R12997,H01346,B01,,2026-04-14,5,1,portion size,,0
R12998,H01383,B34,,2026-04-14,4,1,packaging,taste,1
R12999,H01425,B14,,2026-04-14,5,1,packaging,,0
R13000,H01514,B37,,2026-04-14,4,1,texture,,1
R13001,H01533,B20,,2026-04-14,2,0,,refreshing,0
R13002,H01542,B32,,2026-04-14,5,1,size,,1
R13003,H01621,B16,,2026-04-14,5,1,price,packaging,1
R13004,H01624,B18,,2026-04-14,4,0,fizz,,1
R13005,H01719,B02,,2026-04-14,3,1,seasoning,,0
R13006,H01765,B16,,2026-04-14,4,1,refreshing,,0
R13007,H01824,B39,,2026-04-14,4,1,versatility,,1
R13008,H01887,B08,,2026-04-14,3,1,,price,0
R13009,H01929,B07,,2026-04-14,5,1,jar size,,1
R13010,H02032,B31,,2026-04-14,2,0,,jar size,1
R13011,H02418,B30,,2026-04-14,2,1,,flavour depth,0
R13012,H02475,B19,,2026-04-14,4,1,versatility,,1
R13013,H02546,B47,,2026-04-14,4,1,packaging,,1
R13014,H02660,B16,,2026-04-14,2,0,price,sweetness,0
R13015,H02836,B25,,2026-04-14,4,0,saltiness,,0
R13016,H03056,B31,,2026-04-14,2,0,,flavour depth,0
R13017,H03180,B41,,2026-04-14,3,0,,portion size,0
R13018,H03226,B16,,2026-04-14,2,0,fizz,packaging,0
R13019,H03340,B46,,2026-04-14,5,0,fizz,,0
R13020,H03442,B13,,2026-04-14,5,1,sweetness,aftertaste,1
R13021,H03495,B11,,2026-04-14,3,0,,aftertaste,1
R13022,H03572,B02,,2026-04-14,3,1,packaging,,0
R13023,H03879,B01,,2026-04-14,2,0,,crunch,0
R13024,H03896,B23,,2026-04-14,2,0,,price,0
R13025,H03947,B01,,2026-04-14,3,1,saltiness,,1
R13026,H03962,B49,,2026-04-14,4,1,sweetness,packaging,1
R13027,H03990,B20,,2026-04-14,3,1,,taste,0
R13028,H04015,B39,,2026-04-14,4,1,texture,,1
R13029,H00092,B46,,2026-04-15,5,1,packaging,,0
R13030,H00118,B37,,2026-04-15,3,1,,texture,0
R13031,H00228,B34,,2026-04-15,3,0,taste,,0
R13032,H00241,B14,,2026-04-15,4,1,refreshing,packaging,1
R13033,H00270,B42,,2026-04-15,3,1,aroma,,0
R13034,H00302,B38,,2026-04-15,1,0,,packaging,0
R13035,H00308,B44,,2026-04-15,5,1,price,,1
R13036,H00497,B16,,2026-04-15,3,0,aftertaste,,0
R13037,H00618,B16,,2026-04-15,3,0,,sweetness,1
R13038,H00684,B27,,2026-04-15,2,0,,flavour depth,0
R13039,H00806,B15,,2026-04-15,4,1,packaging,,0
R13040,H00942,B21,,2026-04-15,2,0,,refreshing,0
R13041,H00964,B19,,2026-04-15,5,1,price,,1
R13042,H01014,B13,,2026-04-15,3,1,,aftertaste,1
R13043,H01154,B24,,2026-04-15,3,1,strength,,0
R13044,H01202,B05,,2026-04-15,3,0,,price,1
R13045,H01495,B30,,2026-04-15,2,0,,versatility,0
R13046,H01688,B02,,2026-04-15,4,0,portion size,,0
R13047,H01700,B44,,2026-04-15,3,0,,taste,0
R13048,H01888,B01,,2026-04-15,5,1,packaging,,0
R13049,H01953,B44,,2026-04-15,5,1,refreshing,,1
R13050,H02149,B10,,2026-04-15,4,1,taste,,0
R13051,H02172,B03,,2026-04-15,5,1,taste,texture,0
R13052,H02245,B09,,2026-04-15,3,0,,ingredients,1
R13053,H02328,B40,,2026-04-15,3,1,aftertaste,,1
R13054,H02365,B40,,2026-04-15,3,1,sweetness,,0
R13055,H02406,B33,,2026-04-15,3,0,packaging,,0
R13056,H02746,B13,,2026-04-15,2,0,,fizz,0
R13057,H02824,B39,,2026-04-15,3,1,price,,0
R13058,H02883,B16,,2026-04-15,3,1,,fizz,0
R13059,H02938,B18,,2026-04-15,2,0,,price,0
R13060,H02990,B06,,2026-04-15,4,1,sweetness,,0
R13061,H03317,B18,,2026-04-15,3,0,packaging,,0
R13062,H03406,B48,,2026-04-15,3,1,,saltiness,0
R13063,H03500,B43,,2026-04-15,4,1,aftertaste,sweetness,1
R13064,H03574,B18,,2026-04-15,3,0,taste,,1
R13065,H03597,B08,,2026-04-15,4,0,texture,,1
R13066,H03661,B44,,2026-04-15,4,1,sweetness,,1
R13067,H03878,B08,,2026-04-15,2,0,,flavour depth,0
R13068,H00031,B21,,2026-04-16,4,1,packaging,,0
R13069,H00120,B12,,2026-04-16,2,0,packaging,taste,0
R13070,H00313,B08,,2026-04-16,4,1,heat,,0
R13071,H00340,B04,,2026-04-16,5,1,crunch,,1
R13072,H00576,B27,,2026-04-16,2,0,,versatility,0
R13073,H00624,B48,,2026-04-16,3,0,,seasoning,0
R13074,H00966,B11,,2026-04-16,5,1,sweetness,,1
R13075,H01265,B01,,2026-04-16,4,1,price,,0
R13076,H01283,B27,,2026-04-16,2,0,,flavour depth,0
R13077,H01736,B04,,2026-04-16,4,1,saltiness,price,1
R13078,H01895,B29,,2026-04-16,4,1,texture,,1
R13079,H02074,B45,,2026-04-16,5,1,refreshing,,1
R13080,H02126,B09,,2026-04-16,2,0,,price,1
R13081,H02159,B12,,2026-04-16,4,1,fizz,,1
R13082,H02298,B44,,2026-04-16,5,1,fizz,taste,1
R13083,H02453,B31,,2026-04-16,4,0,texture,,0
R13084,H02517,B49,,2026-04-16,4,1,price,,0
R13085,H02764,B09,,2026-04-16,4,1,texture,,1
R13086,H02819,B19,,2026-04-16,3,0,flavour depth,,0
R13087,H02840,B10,,2026-04-16,5,1,taste,,1
R13088,H02911,B08,,2026-04-16,3,0,flavour depth,,0
R13089,H03234,B17,,2026-04-16,2,0,,fizz,1
R13090,H03361,B22,,2026-04-16,3,1,,ingredients,0
R13091,H03528,B40,,2026-04-16,2,0,,refreshing,0
R13092,H03681,B49,,2026-04-16,5,1,sweetness,,1
R13093,H03751,B41,,2026-04-16,3,1,,seasoning,0
R13094,H00264,B35,,2026-04-17,2,0,,texture,0
R13095,H00308,B20,,2026-04-17,3,0,,price,1
R13096,H00341,B47,,2026-04-17,3,0,ingredients,,0
R13097,H00471,B02,,2026-04-17,3,0,,crunch,0
R13098,H00596,B39,,2026-04-17,4,1,flavour depth,,0
R13099,H00831,B15,,2026-04-17,3,1,,price,1
R13100,H00858,B38,,2026-04-17,3,0,,ingredients,0
R13101,H01290,B16,,2026-04-17,3,0,taste,,0
R13102,H01356,B14,,2026-04-17,5,0,fizz,,1
R13103,H01627,B22,,2026-04-17,3,0,,ingredients,0
R13104,H01720,B27,,2026-04-17,5,1,price,,1
R13105,H01988,B46,,2026-04-17,3,1,,refreshing,0
R13106,H02467,B02,,2026-04-17,3,0,,saltiness,0
R13107,H02526,B01,,2026-04-17,2,0,,packaging,0
R13108,H02537,B19,,2026-04-17,2,0,,jar size,0
R13109,H02550,B01,,2026-04-17,2,0,portion size,packaging,0
R13110,H02771,B12,,2026-04-17,4,1,taste,fizz,0
R13111,H02878,B01,,2026-04-17,4,1,packaging,saltiness,0
R13112,H02888,B40,,2026-04-17,5,1,price,sweetness,1
R13113,H02925,B36,,2026-04-17,3,0,saltiness,,0
R13114,H02970,B42,,2026-04-17,2,0,,strength,0
R13115,H03281,B06,,2026-04-17,5,1,texture,sweetness,1
R13116,H03308,B43,,2026-04-17,5,1,sweetness,,1
R13117,H03328,B17,,2026-04-17,2,0,,refreshing,0
R13118,H03609,B38,,2026-04-17,3,1,ingredients,,0
R13119,H03631,B26,,2026-04-17,4,1,seasoning,portion size,0
R13120,H03917,B31,,2026-04-17,3,1,price,,0
R13121,H00025,B23,,2026-04-18,3,0,,texture,0
R13122,H00123,B06,,2026-04-18,5,1,taste,,1
R13123,H00132,B44,,2026-04-18,2,0,,price,0
R13124,H00258,B07,,2026-04-18,4,1,jar size,,0
R13125,H00286,B14,,2026-04-18,2,0,,packaging,0
R13126,H00296,B33,,2026-04-18,2,0,fizz,sweetness,0
R13127,H00351,B17,,2026-04-18,2,0,taste,price,0
R13128,H00369,B24,,2026-04-18,5,1,strength,,1
R13129,H00424,B05,,2026-04-18,4,1,seasoning,,1
R13130,H00571,B39,,2026-04-18,4,1,versatility,,0
R13131,H00591,B19,,2026-04-18,3,1,,heat,0
R13132,H00953,B02,,2026-04-18,4,1,crunch,packaging,1
R13133,H01047,B03,,2026-04-18,3,0,price,,1
R13134,H01047,B47,,2026-04-18,5,1,packaging,,1
R13135,H01356,B26,,2026-04-18,3,1,,seasoning,1
R13136,H01417,B48,,2026-04-18,4,1,seasoning,price,0
R13137,H01442,B46,,2026-04-18,5,1,price,,1
R13138,H01791,B23,,2026-04-18,3,1,ingredients,,0
R13139,H01793,B25,,2026-04-18,3,0,,price,0
R13140,H02003,B34,,2026-04-18,5,1,ingredients,taste,0
R13141,H02032,B24,,2026-04-18,4,1,price,,0
R13142,H02045,B38,,2026-04-18,2,1,ingredients,texture,0
R13143,H02049,B30,,2026-04-18,3,0,,heat,0
R13144,H02287,B36,,2026-04-18,1,0,price,saltiness,0
R13145,H02358,B09,,2026-04-18,3,0,texture,,0
R13146,H02511,B11,,2026-04-18,4,0,aftertaste,,0
R13147,H02527,B34,,2026-04-18,4,0,ingredients,,0
R13148,H02650,B44,,2026-04-18,3,1,packaging,,0
R13149,H02653,B30,,2026-04-18,3,0,texture,,1
R13150,H02715,B39,,2026-04-18,3,1,jar size,,0
R13151,H03034,B27,,2026-04-18,5,1,texture,,1
R13152,H03228,B47,,2026-04-18,4,1,taste,,1
R13153,H03261,B38,,2026-04-18,4,1,packaging,,1
R13154,H03262,B46,,2026-04-18,4,1,packaging,,0
R13155,H03382,B39,,2026-04-18,3,0,,heat,0
R13156,H03531,B35,,2026-04-18,2,0,,portability,0
R13157,H03640,B07,,2026-04-18,5,1,versatility,price,0
R13158,H03834,B29,,2026-04-18,3,1,portability,,1
R13159,H03913,B47,,2026-04-18,5,1,ingredients,,1
R13160,H00164,B42,,2026-04-19,4,1,taste,,1
R13161,H00166,B23,,2026-04-19,4,0,packaging,,1
R13162,H00227,B05,,2026-04-19,4,1,price,,1
R13163,H00276,B44,,2026-04-19,2,0,,aftertaste,0
R13164,H00441,B43,,2026-04-19,4,1,refreshing,,0
R13165,H00454,B26,,2026-04-19,4,0,crunch,,0
R13166,H00578,B19,,2026-04-19,5,1,texture,flavour depth,1
R13167,H00681,B24,,2026-04-19,5,1,strength,,1
R13168,H00781,B43,,2026-04-19,2,0,,sweetness,0
R13169,H00923,B06,,2026-04-19,4,1,packaging,,1
R13170,H01047,B11,,2026-04-19,4,1,refreshing,,0
R13171,H01337,B22,,2026-04-19,5,1,texture,,1
R13172,H01716,B47,,2026-04-19,5,1,texture,,0
R13173,H01838,B36,,2026-04-19,4,1,seasoning,,1
R13174,H01948,B14,,2026-04-19,4,0,fizz,,0
R13175,H01957,B49,,2026-04-19,4,0,sweetness,,0
R13176,H01966,B28,,2026-04-19,4,0,ingredients,,1
R13177,H02035,B16,,2026-04-19,3,1,taste,,1
R13178,H02071,B39,,2026-04-19,3,1,,price,1
R13179,H02077,B45,,2026-04-19,3,1,,refreshing,0
R13180,H02144,B11,,2026-04-19,3,0,,refreshing,0
R13181,H02297,B38,,2026-04-19,5,1,price,,1
R13182,H02458,B30,,2026-04-19,5,1,jar size,,1
R13183,H02498,B29,,2026-04-19,4,1,ingredients,,1
R13184,H02613,B27,,2026-04-19,4,0,texture,,0
R13185,H02657,B33,,2026-04-19,2,0,,sweetness,0
R13186,H02901,B13,,2026-04-19,4,1,price,,1
R13187,H02965,B25,,2026-04-19,3,1,,saltiness,1
R13188,H03133,B34,,2026-04-19,4,1,taste,,0
R13189,H03176,B29,,2026-04-19,5,1,taste,,1
R13190,H03342,B03,,2026-04-19,2,0,,price,0
R13191,H03518,B27,,2026-04-19,3,0,,jar size,0
R13192,H03544,B14,,2026-04-19,5,1,sweetness,,1
R13193,H03733,B14,,2026-04-19,5,1,packaging,price,0
R13194,H03999,B16,,2026-04-19,4,1,refreshing,,1
R13195,H00078,B39,,2026-04-20,3,0,price,,0
R13196,H00107,B04,,2026-04-20,3,0,crunch,,0
R13197,H00437,B14,,2026-04-20,3,0,packaging,,1
R13198,H00458,B48,,2026-04-20,3,0,portion size,,0
R13199,H00475,B45,,2026-04-20,3,0,,packaging,0
R13200,H00647,B04,,2026-04-20,4,1,portion size,,0
R13201,H00683,B44,,2026-04-20,5,1,sweetness,packaging,1
R13202,H00799,B40,,2026-04-20,2,0,,price,0
R13203,H01098,B20,,2026-04-20,3,1,packaging,,0
R13204,H01131,B02,,2026-04-20,4,0,crunch,packaging,0
R13205,H01166,B35,,2026-04-20,3,0,,portability,1
R13206,H01629,B40,,2026-04-20,4,1,fizz,,0
R13207,H01763,B27,,2026-04-20,4,0,jar size,texture,1
R13208,H01791,B32,,2026-04-20,2,0,,size,0
R13209,H01841,B16,,2026-04-20,4,1,sweetness,aftertaste,0
R13210,H01886,B10,,2026-04-20,5,1,taste,,1
R13211,H01889,B33,,2026-04-20,3,0,,refreshing,0
R13212,H02146,B39,,2026-04-20,5,1,flavour depth,,1
R13213,H02149,B14,,2026-04-20,2,0,,aftertaste,0
R13214,H02195,B19,,2026-04-20,4,1,flavour depth,versatility,0
R13215,H02585,B20,,2026-04-20,3,1,,fizz,1
R13216,H02824,B28,,2026-04-20,4,1,price,,1
R13217,H02841,B15,,2026-04-20,4,1,aftertaste,,1
R13218,H02875,B31,,2026-04-20,3,0,,versatility,0
R13219,H02975,B21,,2026-04-20,4,1,fizz,,0
R13220,H03119,B07,,2026-04-20,3,1,versatility,,0
R13221,H03438,B43,,2026-04-20,3,0,,refreshing,0
R13222,H03667,B44,,2026-04-20,4,0,fizz,,0
R13223,H03710,B01,,2026-04-20,5,1,saltiness,,1
R13224,H03739,B10,,2026-04-20,3,1,ingredients,,0
R13225,H03742,B18,,2026-04-20,4,1,sweetness,,0
R13226,H03897,B06,,2026-04-20,3,0,sweetness,,0
R13227,H04020,B44,,2026-04-20,3,1,,taste,0
R13228,H00025,B12,,2026-04-21,2,1,,aftertaste,0
R13229,H00209,B01,,2026-04-21,3,0,,portion size,0
R13230,H00254,B01,,2026-04-21,4,1,seasoning,,1
R13231,H00292,B45,,2026-04-21,3,1,refreshing,,0
R13232,H00365,B07,,2026-04-21,3,0,,versatility,0
R13233,H00422,B41,,2026-04-21,3,0,saltiness,,0
R13234,H00538,B17,,2026-04-21,2,0,,price,0
R13235,H00614,B19,,2026-04-21,5,1,jar size,,0
R13236,H00716,B27,,2026-04-21,3,0,,price,0
R13237,H00760,B46,,2026-04-21,5,1,price,,1
R13238,H00912,B35,,2026-04-21,5,1,ingredients,,1
R13239,H00961,B30,,2026-04-21,4,1,versatility,,1
R13240,H01002,B41,,2026-04-21,3,0,,crunch,1
R13241,H01083,B41,,2026-04-21,3,1,crunch,,0
R13242,H01183,B34,,2026-04-21,3,0,packaging,,0
R13243,H01488,B24,,2026-04-21,5,1,taste,,0
R13244,H01614,B33,,2026-04-21,2,0,packaging,refreshing,0
R13245,H01743,B10,,2026-04-21,5,1,strength,,1
R13246,H01841,B31,,2026-04-21,2,0,,jar size,0
R13247,H01881,B36,,2026-04-21,3,1,,price,0
R13248,H01923,B20,,2026-04-21,3,0,,aftertaste,0
R13249,H02156,B48,,2026-04-21,3,0,,seasoning,0
R13250,H02206,B22,,2026-04-21,2,0,,texture,0
R13251,H02287,B01,,2026-04-21,3,0,packaging,,0
R13252,H02374,B35,,2026-04-21,3,1,,portability,0
R13253,H02428,B46,,2026-04-21,5,1,price,,1
R13254,H02432,B37,,2026-04-21,3,1,,texture,1
R13255,H02464,B21,,2026-04-21,3,0,refreshing,,0
R13256,H02517,B04,,2026-04-21,2,1,,portion size,0
R13257,H02632,B08,,2026-04-21,3,0,versatility,,0
R13258,H02741,B30,,2026-04-21,2,0,,jar size,0
R13259,H02860,B46,,2026-04-21,4,0,taste,,1
R13260,H03150,B12,,2026-04-21,3,0,,sweetness,0
R13261,H03366,B45,,2026-04-21,2,1,sweetness,packaging,1
R13262,H03380,B13,,2026-04-21,3,0,sweetness,,0
R13263,H03531,B11,,2026-04-21,3,0,,refreshing,0
R13264,H03752,B05,,2026-04-21,1,0,,packaging,0
R13265,H03878,B43,,2026-04-21,5,1,aftertaste,,0
R13266,H03921,B31,,2026-04-21,2,0,,price,0
R13267,H04042,B17,P050,2026-04-21,4,1,taste,,1
R13268,H04043,B04,P050,2026-04-21,3,0,portion size,,0
R13269,H04046,B15,,2026-04-21,2,0,,fizz,1
R13270,H00006,B25,,2026-04-22,4,1,price,seasoning,1
R13271,H00038,B14,,2026-04-22,3,0,,packaging,0
R13272,H00040,B47,,2026-04-22,3,1,,packaging,0
R13273,H00084,B08,,2026-04-22,3,1,,versatility,0
R13274,H00142,B27,,2026-04-22,1,0,,jar size,0
R13275,H00269,B23,,2026-04-22,1,0,,texture,0
R13276,H00290,B20,,2026-04-22,4,0,taste,,1
R13277,H00348,B29,,2026-04-22,5,0,texture,,1
R13278,H00743,B09,,2026-04-22,5,1,texture,,1
R13279,H00771,B11,,2026-04-22,3,0,,price,0
R13280,H01202,B43,,2026-04-22,4,0,sweetness,,0
R13281,H01268,B06,,2026-04-22,3,0,taste,,0
R13282,H01349,B30,,2026-04-22,4,1,heat,,1
R13283,H01571,B42,,2026-04-22,4,0,taste,,1
R13284,H01626,B31,,2026-04-22,3,0,,jar size,0
R13285,H01820,B27,,2026-04-22,5,1,price,,1
R13286,H01928,B05,,2026-04-22,2,0,,crunch,1
R13287,H02013,B29,,2026-04-22,2,0,ingredients,texture,0
R13288,H02119,B06,,2026-04-22,4,1,packaging,,1
R13289,H02423,B48,,2026-04-22,5,1,price,,1
R13290,H02471,B01,,2026-04-22,2,0,,crunch,0
R13291,H02535,B43,,2026-04-22,3,1,price,,0
R13292,H02612,B23,,2026-04-22,3,1,packaging,,0
R13293,H02632,B23,,2026-04-22,3,0,,packaging,0
R13294,H02858,B08,,2026-04-22,3,0,price,,0
R13295,H02966,B02,,2026-04-22,4,0,saltiness,,0
R13296,H02990,B19,,2026-04-22,5,1,texture,flavour depth,1
R13297,H03047,B44,,2026-04-22,4,1,aftertaste,,1
R13298,H03392,B32,,2026-04-22,4,1,price,,1
R13299,H03502,B19,,2026-04-22,5,1,versatility,,1
R13300,H03557,B05,,2026-04-22,3,1,,price,0
R13301,H03592,B22,,2026-04-22,2,0,,price,0
R13302,H03619,B11,,2026-04-22,3,0,,sweetness,0
R13303,H03783,B03,,2026-04-22,3,0,,texture,1
R13304,H03795,B13,,2026-04-22,2,0,,price,0
R13305,H03798,B21,,2026-04-22,5,1,price,,1
R13306,H03836,B41,,2026-04-22,5,1,portion size,,1
R13307,H04016,B19,,2026-04-22,3,0,price,,0
R13308,H04044,B02,P050,2026-04-22,4,1,saltiness,,1
R13309,H00144,B42,,2026-04-23,5,1,taste,,1
R13310,H00242,B33,,2026-04-23,1,0,,refreshing,0
R13311,H00419,B31,,2026-04-23,3,1,,versatility,0
R13312,H00443,B17,,2026-04-23,3,0,,refreshing,0
R13313,H00616,B27,,2026-04-23,5,1,versatility,heat,1
R13314,H00735,B38,,2026-04-23,2,0,,sweetness,0
R13315,H00754,B13,,2026-04-23,4,1,price,aftertaste,1
R13316,H00938,B18,,2026-04-23,1,0,,fizz,0
R13317,H00959,B15,,2026-04-23,3,1,taste,,0
R13318,H01005,B13,,2026-04-23,2,1,,price,0
R13319,H01143,B39,,2026-04-23,4,1,versatility,,1
R13320,H01210,B16,,2026-04-23,1,0,,price,1
R13321,H01308,B27,,2026-04-23,3,0,,jar size,0
R13322,H01442,B49,,2026-04-23,5,1,taste,,1
R13323,H01446,B32,,2026-04-23,4,1,price,,0
R13324,H01507,B44,,2026-04-23,2,0,,refreshing,0
R13325,H01653,B25,,2026-04-23,1,0,,packaging,0
R13326,H01723,B02,,2026-04-23,5,1,crunch,,0
R13327,H01820,B38,,2026-04-23,4,1,texture,,0
R13328,H01853,B05,,2026-04-23,2,0,seasoning,saltiness,1
R13329,H01887,B14,,2026-04-23,3,0,,aftertaste,0
R13330,H01979,B12,,2026-04-23,4,1,packaging,,1
R13331,H02012,B38,,2026-04-23,4,1,texture,ingredients,1
R13332,H02062,B29,,2026-04-23,2,0,,portability,0
R13333,H02276,B36,,2026-04-23,2,0,,saltiness,0
R13334,H02382,B43,,2026-04-23,4,1,taste,refreshing,0
R13335,H02479,B06,,2026-04-23,4,1,price,,1
R13336,H02727,B22,,2026-04-23,3,0,,packaging,0
R13337,H03098,B23,,2026-04-23,4,1,sweetness,price,1
R13338,H03108,B33,,2026-04-23,4,0,packaging,,1
R13339,H03148,B25,,2026-04-23,3,1,seasoning,,1
R13340,H03183,B43,,2026-04-23,5,1,price,,1
R13341,H03266,B41,,2026-04-23,1,0,,seasoning,0
R13342,H03527,B19,,2026-04-23,4,1,flavour depth,,0
R13343,H03737,B41,,2026-04-23,4,0,crunch,,0
R13344,H03823,B20,,2026-04-23,3,1,,sweetness,0
R13345,H00137,B36,,2026-04-24,2,0,,price,0
R13346,H00195,B26,,2026-04-24,3,0,packaging,,0
R13347,H00262,B04,,2026-04-24,4,0,price,,0
R13348,H00649,B41,,2026-04-24,5,1,portion size,,1
R13349,H00706,B06,,2026-04-24,3,1,,packaging,0
R13350,H00764,B05,,2026-04-24,2,0,,portion size,0
R13351,H00768,B44,,2026-04-24,3,0,,aftertaste,0
R13352,H00778,B26,,2026-04-24,4,1,saltiness,,1
R13353,H00787,B25,,2026-04-24,4,0,price,,1
R13354,H00914,B36,,2026-04-24,5,1,crunch,,1
R13355,H01215,B36,,2026-04-24,4,1,packaging,,0
R13356,H01333,B11,,2026-04-24,4,0,refreshing,price,1
R13357,H01374,B14,,2026-04-24,3,0,packaging,,0
R13358,H01423,B27,,2026-04-24,3,0,jar size,,0
R13359,H01482,B43,,2026-04-24,3,0,,packaging,0
R13360,H01566,B07,,2026-04-24,3,0,,versatility,0
R13361,H01653,B23,,2026-04-24,4,1,texture,,1
R13362,H01899,B21,,2026-04-24,4,1,sweetness,,0
R13363,H02197,B06,,2026-04-24,2,0,,ingredients,0
R13364,H02215,B14,,2026-04-24,4,0,sweetness,,1
R13365,H02344,B03,,2026-04-24,5,1,portability,energy boost,1
R13366,H02454,B16,,2026-04-24,5,1,refreshing,,1
R13367,H02549,B43,,2026-04-24,5,1,aftertaste,sweetness,1
R13368,H02638,B14,,2026-04-24,4,0,refreshing,fizz,1
R13369,H02650,B24,,2026-04-24,5,1,ingredients,,1
R13370,H02689,B45,,2026-04-24,2,0,price,refreshing,0
R13371,H03051,B48,,2026-04-24,4,1,packaging,price,0
R13372,H03186,B42,,2026-04-24,3,0,,packaging,0
R13373,H03367,B49,,2026-04-24,1,0,taste,packaging,0
R13374,H03387,B03,,2026-04-24,3,1,ingredients,,0
R13375,H03527,B40,,2026-04-24,4,0,fizz,,1
R13376,H03559,B06,,2026-04-24,4,0,texture,,0
R13377,H03687,B47,,2026-04-24,3,1,ingredients,,0
R13378,H03901,B09,,2026-04-24,1,0,,price,0
R13379,H03937,B45,,2026-04-24,4,0,price,,1
R13380,H00346,B19,,2026-04-25,3,0,flavour depth,,0
R13381,H00375,B39,,2026-04-25,3,0,jar size,,0
R13382,H00531,B36,,2026-04-25,4,1,price,portion size,1
R13383,H00554,B44,,2026-04-25,4,0,aftertaste,,1
R13384,H00563,B06,,2026-04-25,5,1,taste,sweetness,1
R13385,H00596,B10,,2026-04-25,4,1,strength,,0
R13386,H00613,B49,,2026-04-25,3,0,,price,0
R13387,H00629,B48,,2026-04-25,3,0,,price,1
R13388,H00642,B49,,2026-04-25,4,1,ingredients,,1
R13389,H00679,B19,,2026-04-25,5,1,texture,,1
R13390,H00704,B22,,2026-04-25,2,0,texture,price,0
R13391,H01048,B10,,2026-04-25,3,1,aroma,,1
R13392,H01305,B49,,2026-04-25,2,0,,taste,0
R13393,H01342,B42,,2026-04-25,1,0,,packaging,0
R13394,H01644,B31,,2026-04-25,4,1,texture,,1
R13395,H01780,B29,,2026-04-25,4,1,portability,texture,1
R13396,H01940,B42,,2026-04-25,3,0,taste,,0
R13397,H01977,B44,,2026-04-25,2,0,,price,0
R13398,H02051,B18,,2026-04-25,3,0,packaging,,0
R13399,H02098,B14,,2026-04-25,3,1,sweetness,,0
R13400,H02141,B39,,2026-04-25,2,0,jar size,heat,0
R13401,H02142,B37,,2026-04-25,1,0,,price,0
R13402,H02166,B22,,2026-04-25,3,1,,price,1
R13403,H02323,B01,,2026-04-25,5,1,portion size,saltiness,1
R13404,H02373,B36,,2026-04-25,2,0,,packaging,0
R13405,H02460,B47,,2026-04-25,3,1,,taste,0
R13406,H02497,B34,,2026-04-25,5,1,packaging,,1
R13407,H02533,B24,,2026-04-25,4,0,packaging,,0
R13408,H02697,B13,,2026-04-25,5,1,price,,1
R13409,H02719,B29,,2026-04-25,5,1,energy boost,,1
R13410,H02943,B27,,2026-04-25,3,1,,price,0
R13411,H02972,B26,,2026-04-25,2,0,,saltiness,0
R13412,H03124,B39,,2026-04-25,5,1,texture,,1
R13413,H03214,B23,,2026-04-25,4,1,texture,,1
R13414,H03256,B22,,2026-04-25,3,0,taste,,0
R13415,H03893,B24,,2026-04-25,4,1,ingredients,,1
R13416,H00018,B12,,2026-04-26,2,1,,price,0
R13417,H00208,B41,,2026-04-26,2,0,,packaging,0
R13418,H00351,B36,,2026-04-26,3,0,saltiness,,1
R13419,H00479,B26,,2026-04-26,5,1,price,,1
R13420,H00513,B47,,2026-04-26,5,1,taste,,1
R13421,H00689,B02,,2026-04-26,4,1,crunch,,0
R13422,H00794,B04,,2026-04-26,2,0,,packaging,0
R13423,H00840,B48,,2026-04-26,3,0,seasoning,,0
R13424,H00910,B47,,2026-04-26,4,0,texture,,0
R13425,H00920,B13,,2026-04-26,5,1,price,,1
R13426,H00944,B34,,2026-04-26,2,1,,price,0
R13427,H01162,B34,,2026-04-26,4,1,price,,0
R13428,H01249,B28,,2026-04-26,3,0,,taste,0
R13429,H01439,B30,,2026-04-26,4,1,texture,,1
R13430,H01652,B14,,2026-04-26,5,1,refreshing,,1
R13431,H01695,B39,,2026-04-26,5,1,flavour depth,,1
R13432,H01951,B14,,2026-04-26,4,1,price,aftertaste,0
R13433,H02105,B29,,2026-04-26,5,1,energy boost,,1
R13434,H02385,B08,,2026-04-26,4,1,jar size,,1
R13435,H02436,B13,,2026-04-26,5,1,packaging,,1
R13436,H02439,B40,,2026-04-26,3,1,,fizz,1
R13437,H02552,B42,,2026-04-26,2,0,,strength,0
R13438,H02779,B35,,2026-04-26,2,0,taste,ingredients,0
R13439,H02790,B12,,2026-04-26,3,1,taste,,0
R13440,H02803,B07,,2026-04-26,3,1,,versatility,0
R13441,H03020,B01,,2026-04-26,4,1,price,,0
R13442,H03055,B06,,2026-04-26,4,1,sweetness,,0
R13443,H03220,B03,,2026-04-26,5,1,energy boost,,0
R13444,H03231,B27,,2026-04-26,5,1,versatility,heat,1
R13445,H03285,B38,,2026-04-26,5,1,texture,,1
R13446,H03547,B44,,2026-04-26,4,1,refreshing,,1
R13447,H04022,B49,,2026-04-26,3,1,,texture,0
R13448,H04038,B16,,2026-04-26,4,0,packaging,,1
R13449,H04043,B19,,2026-04-26,2,0,,flavour depth,0
R13450,H00165,B43,,2026-04-27,5,1,aftertaste,,1
R13451,H00187,B49,,2026-04-27,3,0,,ingredients,0
R13452,H00206,B38,,2026-04-27,3,0,sweetness,,0
R13453,H00223,B40,,2026-04-27,2,1,,packaging,0
R13454,H00271,B19,,2026-04-27,4,1,versatility,price,1
R13455,H00371,B27,,2026-04-27,4,0,flavour depth,heat,1
R13456,H00487,B08,,2026-04-27,2,0,,flavour depth,0
R13457,H00523,B12,,2026-04-27,4,0,aftertaste,,1
R13458,H00960,B13,,2026-04-27,3,1,,fizz,1
R13459,H01002,B20,,2026-04-27,3,0,,refreshing,0
R13460,H01030,B15,,2026-04-27,3,0,,taste,0
R13461,H01735,B34,,2026-04-27,5,1,packaging,,0
R13462,H01881,B07,,2026-04-27,3,1,,jar size,1
R13463,H01991,B32,,2026-04-27,4,0,size,,0
R13464,H02012,B36,,2026-04-27,3,0,portion size,,0
R13465,H02171,B01,,2026-04-27,4,1,portion size,,1
R13466,H02539,B23,,2026-04-27,3,1,,packaging,0
R13467,H02596,B33,,2026-04-27,4,1,fizz,,0
R13468,H02875,B38,,2026-04-27,4,1,texture,,0
R13469,H02903,B47,,2026-04-27,1,0,,ingredients,0
R13470,H02950,B21,,2026-04-27,5,1,packaging,,0
R13471,H03076,B01,,2026-04-27,3,0,saltiness,,1
R13472,H03107,B02,,2026-04-27,3,1,saltiness,,0
R13473,H03361,B27,,2026-04-27,5,1,flavour depth,,0
R13474,H03453,B26,,2026-04-27,3,1,,price,0
R13475,H03513,B13,,2026-04-27,5,1,sweetness,,1
R13476,H03642,B08,,2026-04-27,2,0,,texture,0
R13477,H03855,B46,,2026-04-27,4,0,packaging,sweetness,1
R13478,H03872,B35,,2026-04-27,4,1,taste,portability,0
R13479,H04031,B31,,2026-04-27,1,0,,flavour depth,0
R13480,H04042,B31,,2026-04-27,3,1,price,,1
R13481,H00008,B03,,2026-04-28,4,0,portability,ingredients,1
R13482,H00016,B34,,2026-04-28,4,0,aroma,,1
R13483,H00344,B25,,2026-04-28,4,1,saltiness,,1
R13484,H00661,B05,,2026-04-28,3,0,packaging,,0
R13485,H00768,B01,,2026-04-28,5,1,seasoning,,1
R13486,H01089,B10,,2026-04-28,3,1,,taste,0
R13487,H01423,B14,,2026-04-28,5,1,packaging,,0
R13488,H01436,B23,,2026-04-28,2,0,price,sweetness,0
R13489,H02234,B07,,2026-04-28,3,1,,texture,0
R13490,H02305,B14,,2026-04-28,3,0,taste,,0
R13491,H02430,B18,,2026-04-28,5,1,aftertaste,,1
R13492,H02487,B47,,2026-04-28,2,0,,ingredients,0
R13493,H02672,B16,,2026-04-28,2,0,,price,0
R13494,H02766,B11,,2026-04-28,5,1,price,,1
R13495,H02795,B29,,2026-04-28,3,1,,taste,1
R13496,H02959,B01,,2026-04-28,3,0,,portion size,0
R13497,H02982,B13,,2026-04-28,4,1,packaging,taste,1
R13498,H03019,B07,,2026-04-28,3,1,flavour depth,,0
R13499,H03053,B31,,2026-04-28,5,1,versatility,texture,1
R13500,H03338,B28,,2026-04-28,3,0,texture,,0
R13501,H03440,B39,,2026-04-28,5,1,flavour depth,,0
R13502,H03602,B26,,2026-04-28,2,0,,crunch,0
R13503,H03758,B44,,2026-04-28,3,1,,price,0
R13504,H03773,B21,,2026-04-28,4,1,fizz,,0
R13505,H03850,B35,,2026-04-28,2,0,,energy boost,0
R13506,H04002,B14,,2026-04-28,4,1,taste,,0
R13507,H00372,B19,,2026-04-29,4,1,flavour depth,,0
R13508,H00400,B24,,2026-04-29,3,0,,strength,0
R13509,H00459,B11,,2026-04-29,2,0,refreshing,taste,0
R13510,H00814,B21,,2026-04-29,3,1,aftertaste,,0
R13511,H00820,B26,,2026-04-29,5,1,crunch,,1
R13512,H01058,B16,,2026-04-29,3,1,packaging,,1
R13513,H01360,B39,,2026-04-29,5,1,flavour depth,heat,0
R13514,H01394,B34,,2026-04-29,5,1,price,,1
R13515,H01409,B26,,2026-04-29,3,0,,saltiness,0
R13516,H01445,B35,,2026-04-29,5,1,energy boost,taste,1
R13517,H01559,B32,,2026-04-29,5,1,size,usefulness,1
R13518,H01635,B18,,2026-04-29,4,0,refreshing,,1
R13519,H01672,B15,,2026-04-29,3,0,,aftertaste,0
R13520,H01831,B48,,2026-04-29,5,1,seasoning,,1
R13521,H01955,B14,,2026-04-29,1,0,packaging,fizz,0
R13522,H02393,B48,,2026-04-29,2,0,,portion size,0
R13523,H02459,B28,,2026-04-29,2,0,,taste,0
R13524,H02488,B38,,2026-04-29,4,1,texture,,0
R13525,H02823,B37,,2026-04-29,3,0,,price,0
R13526,H02868,B05,,2026-04-29,4,1,portion size,,1
R13527,H02964,B39,,2026-04-29,4,0,versatility,heat,1
R13528,H02974,B12,,2026-04-29,4,0,sweetness,,0
R13529,H03035,B13,,2026-04-29,2,0,,aftertaste,0
R13530,H03122,B18,,2026-04-29,2,0,,aftertaste,0
R13531,H03134,B27,,2026-04-29,5,0,heat,price,1
R13532,H03211,B18,,2026-04-29,3,0,,refreshing,0
R13533,H03214,B38,,2026-04-29,3,1,,packaging,1
R13534,H03253,B29,,2026-04-29,2,0,,ingredients,0
R13535,H03392,B12,,2026-04-29,3,0,refreshing,,0
R13536,H03441,B07,,2026-04-29,3,0,texture,,0
R13537,H03649,B01,,2026-04-29,3,0,saltiness,,1
R13538,H03830,B34,,2026-04-29,5,1,aroma,,1
R13539,H03847,B33,,2026-04-29,3,1,taste,,0
R13540,H03963,B25,,2026-04-29,4,1,portion size,crunch,1
R13541,H04018,B40,,2026-04-29,2,0,,taste,0
R13542,H00145,B14,,2026-04-30,5,1,packaging,,1
R13543,H00331,B44,,2026-04-30,3,1,aftertaste,,0
R13544,H00395,B44,,2026-04-30,5,1,price,,1
R13545,H00444,B29,,2026-04-30,3,1,ingredients,,0
R13546,H00616,B47,,2026-04-30,4,0,sweetness,,0
R13547,H00829,B38,,2026-04-30,3,1,,packaging,1
R13548,H00903,B10,,2026-04-30,4,1,packaging,,1
R13549,H00911,B19,,2026-04-30,5,1,versatility,,1
R13550,H00942,B08,,2026-04-30,2,0,,heat,0
R13551,H00961,B08,,2026-04-30,2,0,,price,0
R13552,H01045,B40,,2026-04-30,3,0,packaging,,0
R13553,H01227,B19,,2026-04-30,4,0,texture,,1
R13554,H01450,B42,,2026-04-30,3,1,taste,,1
R13555,H01541,B10,,2026-04-30,2,0,,taste,0
R13556,H01688,B33,,2026-04-30,3,0,aftertaste,,0
R13557,H01713,B10,,2026-04-30,5,0,taste,aroma,1
R13558,H01895,B05,,2026-04-30,4,0,seasoning,,1
R13559,H01895,B30,,2026-04-30,2,0,,versatility,0
R13560,H02414,B46,,2026-04-30,5,1,sweetness,,1
R13561,H02643,B06,,2026-04-30,5,0,ingredients,,1
R13562,H02654,B20,,2026-04-30,3,0,fizz,,0
R13563,H02784,B31,,2026-04-30,3,0,,price,0
R13564,H02792,B10,,2026-04-30,4,0,price,,1
R13565,H03112,B20,,2026-04-30,3,1,refreshing,,1
R13566,H03242,B32,,2026-04-30,3,0,build quality,,0
R13567,H03290,B46,,2026-04-30,4,1,fizz,,1
R13568,H03307,B42,,2026-04-30,3,1,price,,1
R13569,H03453,B04,,2026-04-30,3,1,packaging,,0
R13570,H03467,B20,,2026-04-30,3,0,,packaging,1
R13571,H03572,B45,,2026-04-30,2,0,,refreshing,1
R13572,H03658,B41,,2026-04-30,4,1,saltiness,,0
R13573,H03736,B43,,2026-04-30,4,1,aftertaste,,0
R13574,H03750,B28,,2026-04-30,4,0,price,,0
R13575,H03802,B04,,2026-04-30,4,0,seasoning,,1
R13576,H03830,B45,,2026-04-30,2,0,,price,0
R13577,H03835,B38,,2026-04-30,4,0,texture,,0
R13578,H03944,B07,,2026-04-30,3,0,,flavour depth,0
R13579,H03973,B19,,2026-04-30,4,1,jar size,,0
R13580,H04011,B16,,2026-04-30,5,1,price,taste,1
R13581,H04018,B25,,2026-04-30,3,0,saltiness,,0
R13582,H04026,B45,,2026-04-30,3,0,,fizz,1
R13583,H00077,B27,,2026-05-01,3,0,,versatility,0
R13584,H00327,B29,,2026-05-01,3,0,energy boost,,0
R13585,H00386,B22,,2026-05-01,3,1,sweetness,,0
R13586,H00428,B14,,2026-05-01,4,1,refreshing,,0
R13587,H00454,B36,,2026-05-01,2,1,portion size,saltiness,0
R13588,H00579,B37,,2026-05-01,2,0,,sweetness,0
R13589,H00761,B15,,2026-05-01,3,1,price,,0
R13590,H01361,B32,,2026-05-01,3,0,,price,0
R13591,H01465,B29,,2026-05-01,2,0,taste,texture,0
R13592,H01569,B23,,2026-05-01,2,0,sweetness,packaging,0
R13593,H01674,B21,,2026-05-01,3,0,refreshing,,0
R13594,H01870,B24,,2026-05-01,3,1,packaging,,0
R13595,H01937,B01,,2026-05-01,3,1,crunch,,1
R13596,H02121,B39,,2026-05-01,3,0,,versatility,0
R13597,H02190,B20,,2026-05-01,2,0,,refreshing,0
R13598,H02378,B39,,2026-05-01,3,0,heat,,1
R13599,H02625,B13,,2026-05-01,4,0,sweetness,,1
R13600,H02680,B41,,2026-05-01,2,0,,price,0
R13601,H02686,B41,,2026-05-01,3,0,portion size,,0
R13602,H02747,B24,,2026-05-01,5,1,price,,1
R13603,H02844,B39,,2026-05-01,5,1,versatility,price,1
R13604,H02998,B01,,2026-05-01,5,1,crunch,,1
R13605,H03005,B49,,2026-05-01,2,1,,ingredients,0
R13606,H03029,B21,,2026-05-01,5,1,taste,,0
R13607,H03056,B26,,2026-05-01,4,1,seasoning,,0
R13608,H03139,B08,,2026-05-01,4,1,flavour depth,,0
R13609,H03263,B12,,2026-05-01,3,1,aftertaste,,0
R13610,H03313,B15,,2026-05-01,4,1,taste,,0
R13611,H03420,B28,,2026-05-01,5,1,portability,,1
R13612,H03510,B10,,2026-05-01,3,0,,packaging,0
R13613,H03571,B34,,2026-05-01,3,1,aroma,,0
R13614,H03723,B12,,2026-05-01,2,0,sweetness,packaging,0
R13615,H03857,B32,,2026-05-01,3,1,usefulness,,0
R13616,H04046,B03,,2026-05-01,3,0,taste,,0
R13617,H00164,B41,,2026-05-02,3,1,saltiness,,0
R13618,H00186,B46,,2026-05-02,3,0,,price,0
R13619,H00293,B22,,2026-05-02,4,1,sweetness,,1
R13620,H00351,B32,,2026-05-02,4,0,size,,0
R13621,H00484,B16,,2026-05-02,3,0,price,,0
R13622,H00486,B01,,2026-05-02,2,0,,price,0
R13623,H00718,B07,,2026-05-02,2,0,,price,1
R13624,H00756,B19,,2026-05-02,3,0,jar size,,0
R13625,H01348,B21,,2026-05-02,4,0,packaging,,1
R13626,H01354,B07,,2026-05-02,3,0,,texture,0
R13627,H01416,B44,,2026-05-02,1,0,,refreshing,0
R13628,H01542,B48,,2026-05-02,3,1,,seasoning,0
R13629,H01591,B37,,2026-05-02,2,0,,packaging,0
R13630,H01748,B09,,2026-05-02,3,1,,sweetness,0
R13631,H01816,B31,,2026-05-02,2,0,,heat,0
R13632,H01920,B22,,2026-05-02,2,1,,sweetness,0
R13633,H02033,B36,,2026-05-02,4,1,price,,1
R13634,H02266,B06,,2026-05-02,3,0,,texture,0
R13635,H02478,B23,,2026-05-02,2,0,price,sweetness,0
R13636,H02510,B12,,2026-05-02,3,0,packaging,,1
R13637,H02607,B36,,2026-05-02,2,0,,seasoning,0
R13638,H02714,B46,,2026-05-02,5,0,packaging,taste,1
R13639,H02733,B17,,2026-05-02,2,0,,fizz,0
R13640,H02839,B22,,2026-05-02,3,0,texture,,0
R13641,H03073,B42,,2026-05-02,3,0,packaging,,0
R13642,H03199,B07,,2026-05-02,2,0,versatility,flavour depth,0
R13643,H03310,B20,,2026-05-02,4,1,price,,1
R13644,H03515,B20,,2026-05-02,4,1,price,,0
R13645,H03635,B48,,2026-05-02,4,1,seasoning,,1
R13646,H03767,B21,,2026-05-02,3,0,,aftertaste,0
R13647,H03908,B24,,2026-05-02,3,0,,price,0
R13648,H04027,B49,,2026-05-02,4,0,ingredients,texture,0
R13649,H00373,B19,,2026-05-03,5,0,jar size,,1
R13650,H00416,B25,,2026-05-03,2,0,,packaging,0
R13651,H00750,B26,,2026-05-03,4,0,portion size,,0
R13652,H00786,B36,,2026-05-03,2,0,,seasoning,0
R13653,H00786,B44,,2026-05-03,1,0,,aftertaste,0
R13654,H00820,B36,,2026-05-03,3,0,,crunch,0
R13655,H00872,B01,,2026-05-03,4,1,portion size,,0
R13656,H00879,B29,,2026-05-03,3,0,,ingredients,0
R13657,H01206,B29,,2026-05-03,4,1,price,,0
R13658,H01223,B06,,2026-05-03,4,1,taste,packaging,1
R13659,H01529,B41,,2026-05-03,3,1,packaging,,1
R13660,H01559,B30,,2026-05-03,3,0,heat,,1
R13661,H01680,B45,,2026-05-03,2,0,,taste,0
R13662,H01695,B25,,2026-05-03,2,0,,price,0
R13663,H01731,B01,,2026-05-03,3,0,,portion size,0
R13664,H01748,B34,,2026-05-03,5,1,price,,0
R13665,H01749,B30,,2026-05-03,5,1,price,,1
R13666,H01861,B29,,2026-05-03,5,0,energy boost,,1
R13667,H01977,B41,,2026-05-03,5,1,saltiness,,1
R13668,H02114,B38,,2026-05-03,5,1,taste,,1
R13669,H02118,B14,,2026-05-03,5,1,packaging,fizz,1
R13670,H02118,B29,,2026-05-03,5,0,texture,,1
R13671,H02126,B38,,2026-05-03,4,1,price,,1
R13672,H02182,B35,,2026-05-03,1,0,price,taste,0
R13673,H02316,B20,,2026-05-03,3,0,,aftertaste,0
R13674,H02385,B11,,2026-05-03,2,0,,refreshing,0
R13675,H02430,B19,,2026-05-03,2,0,,heat,0
R13676,H02511,B28,,2026-05-03,4,1,texture,,0
R13677,H02572,B22,,2026-05-03,3,1,taste,,0
R13678,H02584,B38,,2026-05-03,1,1,price,texture,0
R13679,H02677,B06,,2026-05-03,3,0,,ingredients,0
R13680,H02845,B43,,2026-05-03,4,1,price,,0
R13681,H03074,B38,,2026-05-03,5,1,packaging,price,1
R13682,H03086,B03,,2026-05-03,3,0,,energy boost,0
R13683,H03128,B17,,2026-05-03,2,1,,fizz,0
R13684,H03227,B22,,2026-05-03,4,1,price,sweetness,0
R13685,H03319,B46,,2026-05-03,4,1,aftertaste,,1
R13686,H03450,B43,,2026-05-03,3,0,,fizz,1
R13687,H03481,B30,,2026-05-03,4,0,heat,price,1
R13688,H03608,B22,,2026-05-03,3,0,sweetness,,0
R13689,H03787,B19,,2026-05-03,5,1,texture,,0
R13690,H03818,B10,,2026-05-03,3,0,strength,,0
R13691,H04123,B02,P051,2026-05-03,3,0,,crunch,0
R13692,H00079,B39,,2026-05-04,2,0,,heat,0
R13693,H00212,B29,,2026-05-04,3,1,taste,,0
R13694,H00484,B26,,2026-05-04,3,1,portion size,,0
R13695,H00505,B27,,2026-05-04,4,1,heat,,0
R13696,H00702,B31,,2026-05-04,4,1,flavour depth,,1
R13697,H00799,B07,,2026-05-04,2,0,,heat,0
R13698,H00889,B34,,2026-05-04,2,0,,price,0
R13699,H00930,B23,,2026-05-04,1,0,packaging,texture,0
R13700,H01111,B21,,2026-05-04,3,1,,fizz,0
R13701,H01414,B33,,2026-05-04,4,1,refreshing,,1
R13702,H01429,B12,,2026-05-04,3,0,,taste,0
R13703,H01672,B19,,2026-05-04,3,0,,price,0
R13704,H01896,B49,,2026-05-04,5,1,texture,,1
R13705,H01952,B38,,2026-05-04,4,0,ingredients,taste,0
R13706,H01962,B01,,2026-05-04,3,0,seasoning,,0
R13707,H02159,B02,,2026-05-04,3,0,,packaging,0
R13708,H02165,B26,,2026-05-04,3,0,,seasoning,0
R13709,H02205,B06,,2026-05-04,5,1,sweetness,,1
R13710,H02293,B21,,2026-05-04,5,1,taste,,0
R13711,H02362,B18,,2026-05-04,3,1,,taste,0
R13712,H02518,B23,,2026-05-04,3,0,taste,,0
R13713,H02519,B42,,2026-05-04,2,0,,ingredients,0
R13714,H02535,B41,,2026-05-04,5,1,packaging,portion size,1
R13715,H02593,B36,,2026-05-04,2,0,,seasoning,0
R13716,H02604,B04,,2026-05-04,4,0,price,seasoning,0
R13717,H02719,B05,,2026-05-04,5,1,saltiness,,1
R13718,H02731,B01,,2026-05-04,3,1,,crunch,0
R13719,H02818,B23,,2026-05-04,3,0,price,,1
R13720,H02865,B39,,2026-05-04,5,1,texture,,0
R13721,H02896,B38,,2026-05-04,3,0,,sweetness,0
R13722,H03062,B29,,2026-05-04,5,1,portability,taste,1
R13723,H03066,B43,,2026-05-04,2,0,fizz,taste,0
R13724,H03119,B44,,2026-05-04,3,1,,sweetness,0
R13725,H03132,B06,,2026-05-04,5,1,price,texture,1
R13726,H03196,B06,,2026-05-04,5,1,ingredients,,1
R13727,H03384,B28,,2026-05-04,3,1,portability,,0
R13728,H03398,B43,,2026-05-04,2,0,,taste,0
R13729,H03453,B43,,2026-05-04,5,1,packaging,,0
R13730,H03754,B29,,2026-05-04,5,1,energy boost,,1
R13731,H03898,B43,,2026-05-04,4,0,price,,0
R13732,H03947,B43,,2026-05-04,4,0,fizz,,1
R13733,H04000,B17,,2026-05-04,4,1,refreshing,,0
R13734,H04121,B02,P051,2026-05-04,5,1,price,,0
R13735,H04122,B26,P051,2026-05-04,4,1,portion size,,1
R13736,H04124,B17,P051,2026-05-04,4,1,aftertaste,,1
R13737,H04125,B04,P051,2026-05-04,2,0,saltiness,packaging,0
R13738,H04130,B04,P051,2026-05-04,3,0,price,,1
R13739,H00188,B29,,2026-05-05,3,1,taste,,0
R13740,H00303,B39,,2026-05-05,5,1,flavour depth,texture,0
R13741,H00388,B11,,2026-05-05,3,0,,price,0
R13742,H00402,B49,,2026-05-05,3,0,,price,0
R13743,H00573,B08,,2026-05-05,4,0,texture,,0
R13744,H00678,B18,,2026-05-05,3,1,price,,1
R13745,H00699,B32,,2026-05-05,3,1,build quality,,0
R13746,H01014,B10,,2026-05-05,4,1,strength,,1
R13747,H01072,B01,,2026-05-05,3,0,portion size,,0
R13748,H01085,B13,,2026-05-05,4,1,fizz,,1
R13749,H01086,B21,,2026-05-05,2,0,,sweetness,0
R13750,H01197,B32,,2026-05-05,3,1,price,,1
R13751,H01712,B26,,2026-05-05,4,1,crunch,,1
R13752,H01877,B08,,2026-05-05,3,0,versatility,,0
R13753,H01904,B47,,2026-05-05,3,1,,price,0
R13754,H01962,B12,,2026-05-05,4,1,fizz,,0
R13755,H01971,B14,,2026-05-05,2,0,,packaging,0
R13756,H02108,B37,,2026-05-05,3,0,texture,,0
R13757,H02253,B39,,2026-05-05,5,1,heat,,1
R13758,H02393,B32,,2026-05-05,2,0,,usefulness,1
R13759,H02789,B44,,2026-05-05,5,1,price,,1
R13760,H02841,B27,,2026-05-05,4,1,versatility,,0
R13761,H02897,B25,,2026-05-05,5,1,crunch,,1
R13762,H02975,B39,,2026-05-05,2,0,,versatility,0
R13763,H03119,B10,,2026-05-05,3,1,price,,1
R13764,H03124,B08,,2026-05-05,3,0,,flavour depth,0
R13765,H03343,B19,,2026-05-05,5,1,flavour depth,,0
R13766,H03370,B35,,2026-05-05,2,0,portability,ingredients,0
R13767,H03456,B38,,2026-05-05,3,0,sweetness,,0
R13768,H03490,B44,,2026-05-05,3,0,,refreshing,0
R13769,H03597,B33,,2026-05-05,3,0,fizz,,1
R13770,H03793,B13,,2026-05-05,1,0,refreshing,packaging,0
R13771,H04002,B10,,2026-05-05,5,1,packaging,,0
R13772,H04125,B02,P051,2026-05-05,3,1,packaging,,0
R13773,H00261,B08,,2026-05-06,5,1,price,,1
R13774,H00363,B46,,2026-05-06,4,0,sweetness,,0
R13775,H00364,B02,,2026-05-06,4,1,price,,1
R13776,H00398,B08,,2026-05-06,3,0,heat,,0
R13777,H00556,B01,,2026-05-06,5,1,packaging,,1
R13778,H00703,B48,,2026-05-06,4,0,crunch,,0
R13779,H00727,B39,,2026-05-06,3,1,texture,,0
R13780,H00882,B09,,2026-05-06,2,1,,ingredients,0
R13781,H01012,B07,,2026-05-06,3,0,heat,,1
R13782,H01048,B49,,2026-05-06,4,1,sweetness,,0
R13783,H01107,B01,,2026-05-06,3,0,,portion size,0
R13784,H01130,B42,,2026-05-06,4,1,strength,,1
R13785,H01277,B25,,2026-05-06,2,0,,price,0
R13786,H01322,B15,,2026-05-06,3,1,,aftertaste,0
R13787,H01445,B37,,2026-05-06,4,0,ingredients,,1
R13788,H01458,B12,,2026-05-06,3,0,refreshing,,0
R13789,H01700,B26,,2026-05-06,3,1,portion size,,0
R13790,H01784,B13,,2026-05-06,4,0,aftertaste,,0
R13791,H01864,B27,,2026-05-06,4,0,heat,price,0
R13792,H01887,B13,,2026-05-06,2,0,,packaging,0
R13793,H02309,B49,,2026-05-06,5,1,sweetness,,1
R13794,H02329,B10,,2026-05-06,3,1,taste,,0
R13795,H02375,B32,,2026-05-06,4,1,design,,1
R13796,H02399,B48,,2026-05-06,5,1,price,portion size,1
R13797,H02425,B12,,2026-05-06,3,0,aftertaste,,0
R13798,H02457,B15,,2026-05-06,4,1,sweetness,,1
R13799,H02551,B20,,2026-05-06,4,1,aftertaste,sweetness,1
R13800,H02790,B24,,2026-05-06,3,1,price,,0
R13801,H02954,B08,,2026-05-06,2,0,,versatility,0
R13802,H03034,B17,,2026-05-06,4,0,sweetness,,1
R13803,H03317,B03,,2026-05-06,3,1,ingredients,,1
R13804,H03398,B27,,2026-05-06,3,1,,heat,0
R13805,H03852,B39,,2026-05-06,5,1,texture,,1
R13806,H04015,B23,,2026-05-06,5,1,sweetness,,1
R13807,H04056,B33,,2026-05-06,4,1,packaging,,1
R13808,H04125,B03,P051,2026-05-06,3,1,energy boost,,0
R13809,H04129,B26,P051,2026-05-06,5,0,portion size,,1
R13810,H04131,B26,P051,2026-05-06,3,0,saltiness,,0
R13811,H04136,B26,,2026-05-06,4,1,saltiness,crunch,1
R13812,H00090,B07,,2026-05-07,2,0,price,heat,1
R13813,H00427,B22,,2026-05-07,3,0,texture,,0
R13814,H00596,B28,,2026-05-07,2,0,price,energy boost,0
R13815,H00715,B02,,2026-05-07,3,0,crunch,,0
R13816,H00816,B01,,2026-05-07,1,0,,packaging,0
R13817,H01305,B29,,2026-05-07,2,0,energy boost,ingredients,0
R13818,H01488,B12,,2026-05-07,2,0,,price,0
R13819,H01493,B13,,2026-05-07,4,0,packaging,,1
R13820,H01503,B13,,2026-05-07,5,0,packaging,,1
R13821,H01809,B47,,2026-05-07,2,0,,price,0
R13822,H01811,B40,,2026-05-07,3,0,packaging,,0
R13823,H01848,B16,,2026-05-07,2,0,,fizz,0
R13824,H01904,B48,,2026-05-07,3,0,price,,0
R13825,H02016,B45,,2026-05-07,2,1,,price,0
R13826,H02174,B27,,2026-05-07,4,1,texture,,1
R13827,H02343,B09,,2026-05-07,4,1,packaging,,1
R13828,H02599,B17,,2026-05-07,4,1,sweetness,,0
R13829,H02663,B19,,2026-05-07,5,1,versatility,,1
R13830,H02786,B45,,2026-05-07,2,0,,packaging,1
R13831,H02801,B36,,2026-05-07,1,0,,packaging,0
R13832,H02834,B18,,2026-05-07,2,0,,sweetness,0
R13833,H02852,B32,,2026-05-07,5,1,usefulness,,1
R13834,H03032,B31,,2026-05-07,2,0,,heat,0
R13835,H03054,B47,,2026-05-07,4,1,packaging,,0
R13836,H03245,B04,,2026-05-07,2,0,,saltiness,0
R13837,H03411,B40,,2026-05-07,3,0,taste,,0
R13838,H03476,B42,,2026-05-07,4,1,aroma,,1
R13839,H03633,B31,,2026-05-07,5,1,flavour depth,versatility,1
R13840,H03665,B01,,2026-05-07,4,1,price,seasoning,0
R13841,H03698,B29,,2026-05-07,2,0,,taste,0
R13842,H03705,B19,,2026-05-07,2,0,,texture,0
R13843,H03749,B45,,2026-05-07,4,1,sweetness,,1
R13844,H04072,B40,,2026-05-07,5,1,fizz,,1
R13845,H04092,B48,,2026-05-07,4,1,packaging,,1
R13846,H04121,B26,P051,2026-05-07,4,1,saltiness,portion size,0
R13847,H04131,B17,P051,2026-05-07,3,1,,aftertaste,0
R13848,H00344,B39,,2026-05-08,4,1,jar size,,0
R13849,H00703,B18,,2026-05-08,4,0,price,,0
R13850,H00736,B25,,2026-05-08,2,1,,packaging,0
R13851,H00783,B30,,2026-05-08,4,0,jar size,,0
R13852,H00859,B16,,2026-05-08,3,1,,fizz,0
R13853,H00908,B46,,2026-05-08,5,1,price,,1
R13854,H01133,B12,,2026-05-08,1,0,refreshing,taste,0
R13855,H01174,B12,,2026-05-08,4,0,aftertaste,,0
R13856,H01290,B01,,2026-05-08,4,0,crunch,,1
R13857,H01336,B36,,2026-05-08,5,1,saltiness,,1
R13858,H01604,B09,,2026-05-08,3,0,,taste,0
R13859,H01621,B46,,2026-05-08,3,0,taste,,0
R13860,H01651,B34,,2026-05-08,4,1,price,,0
R13861,H01706,B01,,2026-05-08,3,0,,packaging,0
R13862,H01752,B43,,2026-05-08,5,1,fizz,,1
R13863,H01758,B26,,2026-05-08,1,0,,crunch,0
R13864,H01781,B32,,2026-05-08,3,1,size,,0
R13865,H01799,B36,,2026-05-08,5,1,price,,1
R13866,H02002,B08,,2026-05-08,3,0,,jar size,0
R13867,H02124,B46,,2026-05-08,5,1,refreshing,,1
R13868,H02156,B33,,2026-05-08,4,0,sweetness,,1
R13869,H02660,B49,,2026-05-08,4,1,price,,1
R13870,H02709,B01,,2026-05-08,4,0,price,,0
R13871,H02841,B23,,2026-05-08,3,0,,taste,0
R13872,H03172,B38,,2026-05-08,4,0,ingredients,price,0
R13873,H03284,B32,,2026-05-08,5,1,usefulness,,1
R13874,H03401,B23,,2026-05-08,4,1,packaging,,1
R13875,H03409,B05,,2026-05-08,2,0,,saltiness,1
R13876,H03475,B45,,2026-05-08,2,0,,aftertaste,0
R13877,H03526,B43,,2026-05-08,2,1,,fizz,0
R13878,H03711,B15,,2026-05-08,2,0,,taste,0
R13879,H03729,B08,,2026-05-08,3,0,,price,0
R13880,H03841,B40,,2026-05-08,2,0,,sweetness,1
R13881,H03973,B44,,2026-05-08,4,0,fizz,,0
R13882,H03992,B09,,2026-05-08,3,0,sweetness,,1
R13883,H04128,B04,P051,2026-05-08,3,0,,crunch,0
R13884,H00057,B31,,2026-05-09,3,0,heat,,0
R13885,H00085,B46,,2026-05-09,4,1,packaging,taste,0
R13886,H00109,B10,,2026-05-09,3,0,,strength,0
R13887,H00193,B15,,2026-05-09,3,1,,taste,0
R13888,H00253,B31,,2026-05-09,1,0,,jar size,0
R13889,H00395,B15,,2026-05-09,2,0,packaging,sweetness,0
R13890,H00542,B36,,2026-05-09,4,1,price,,1
R13891,H00543,B36,,2026-05-09,4,1,saltiness,,0
R13892,H00660,B19,,2026-05-09,4,0,price,,1
R13893,H00764,B40,,2026-05-09,4,1,fizz,refreshing,0
R13894,H00852,B48,,2026-05-09,4,1,seasoning,,0
R13895,H00860,B01,,2026-05-09,3,0,,price,0
R13896,H00886,B39,,2026-05-09,3,0,,texture,0
R13897,H00919,B17,,2026-05-09,4,0,sweetness,,0
R13898,H01127,B44,,2026-05-09,3,0,,taste,0
R13899,H01252,B04,,2026-05-09,2,0,,portion size,0
R13900,H01350,B25,,2026-05-09,2,0,,seasoning,0
R13901,H01583,B30,,2026-05-09,3,0,,flavour depth,1
R13902,H01585,B48,,2026-05-09,4,1,portion size,,1
R13903,H01589,B33,,2026-05-09,4,0,packaging,,1
R13904,H01759,B06,,2026-05-09,3,0,taste,,0
R13905,H01954,B01,,2026-05-09,4,1,price,,1
R13906,H02126,B23,,2026-05-09,4,1,texture,,1
R13907,H02170,B35,,2026-05-09,5,1,portability,,1
R13908,H02394,B05,,2026-05-09,1,0,saltiness,portion size,0
R13909,H02426,B31,,2026-05-09,4,1,price,versatility,1
R13910,H02588,B18,,2026-05-09,4,1,taste,,1
R13911,H02619,B15,,2026-05-09,3,0,,refreshing,0
R13912,H02681,B38,,2026-05-09,5,0,taste,,1
R13913,H02756,B06,,2026-05-09,3,0,ingredients,,0
R13914,H02864,B49,,2026-05-09,5,1,texture,,1
R13915,H03004,B18,,2026-05-09,4,1,refreshing,,1
R13916,H03040,B42,,2026-05-09,3,0,ingredients,,0
R13917,H03072,B39,,2026-05-09,4,1,heat,,0
R13918,H03402,B46,,2026-05-09,4,1,sweetness,,1
R13919,H03423,B04,,2026-05-09,3,1,,saltiness,0
R13920,H03589,B21,,2026-05-09,5,1,fizz,,1
R13921,H03752,B33,,2026-05-09,2,1,,aftertaste,0
R13922,H03793,B03,,2026-05-09,2,0,,energy boost,0
R13923,H03823,B05,,2026-05-09,4,1,price,,1
R13924,H03961,B25,,2026-05-09,2,0,seasoning,portion size,0
R13925,H04125,B26,P051,2026-05-09,4,1,crunch,price,1
R13926,H04128,B26,P051,2026-05-09,3,0,portion size,,0
R13927,H04129,B04,P051,2026-05-09,5,1,portion size,,0
R13928,H04150,B39,,2026-05-09,2,1,heat,jar size,0
R13929,H00034,B23,,2026-05-10,2,0,,packaging,0
R13930,H00375,B22,,2026-05-10,4,1,ingredients,taste,0
R13931,H00487,B27,,2026-05-10,3,1,versatility,,0
R13932,H00568,B30,,2026-05-10,2,0,,texture,0
R13933,H00587,B16,,2026-05-10,2,0,sweetness,aftertaste,1
R13934,H00589,B21,,2026-05-10,4,0,packaging,,1
R13935,H00631,B18,,2026-05-10,4,0,sweetness,,0
R13936,H00653,B42,,2026-05-10,3,1,price,,0
R13937,H00722,B40,,2026-05-10,5,1,aftertaste,,1
R13938,H00847,B41,,2026-05-10,4,1,saltiness,,1
R13939,H00946,B25,,2026-05-10,2,1,,packaging,0
R13940,H00984,B21,,2026-05-10,5,1,packaging,,0
R13941,H01029,B16,,2026-05-10,3,1,,packaging,0
R13942,H01353,B17,,2026-05-10,5,1,refreshing,,1
R13943,H01392,B43,,2026-05-10,3,0,,aftertaste,0
R13944,H01484,B21,,2026-05-10,4,1,aftertaste,,0
R13945,H01520,B36,,2026-05-10,3,0,,packaging,0
R13946,H01545,B39,,2026-05-10,5,1,flavour depth,,1
R13947,H01748,B24,,2026-05-10,5,1,aroma,,0
R13948,H01749,B25,,2026-05-10,4,1,portion size,,0
R13949,H01807,B46,,2026-05-10,2,0,,refreshing,0
R13950,H01822,B02,,2026-05-10,3,0,crunch,,0
R13951,H01864,B16,,2026-05-10,4,1,price,taste,0
R13952,H02000,B13,,2026-05-10,3,1,taste,,0
R13953,H02066,B37,,2026-05-10,2,1,price,taste,0
R13954,H02077,B17,,2026-05-10,3,0,price,,0
R13955,H02138,B10,,2026-05-10,5,1,ingredients,,1
R13956,H02252,B27,,2026-05-10,4,1,texture,,1
R13957,H02285,B35,,2026-05-10,2,0,,portability,0
R13958,H02508,B25,,2026-05-10,4,1,seasoning,,1
R13959,H02761,B01,,2026-05-10,4,1,portion size,,1
R13960,H02833,B34,,2026-05-10,2,0,,ingredients,0
R13961,H03248,B08,,2026-05-10,4,1,price,,0
R13962,H03298,B35,,2026-05-10,2,1,,taste,1
R13963,H03344,B09,,2026-05-10,3,0,taste,,0
R13964,H03426,B42,,2026-05-10,4,1,taste,,1
R13965,H03523,B19,,2026-05-10,5,1,versatility,flavour depth,1
R13966,H03760,B37,,2026-05-10,2,0,,texture,0
R13967,H03829,B43,,2026-05-10,5,1,price,packaging,0
R13968,H03852,B01,,2026-05-10,2,0,,seasoning,0
R13969,H03857,B28,,2026-05-10,3,0,price,,0
R13970,H04035,B29,,2026-05-10,5,1,taste,,1
R13971,H04051,B22,,2026-05-10,2,0,,packaging,0
R13972,H04059,B32,,2026-05-10,4,1,price,,0
R13973,H04123,B17,P051,2026-05-10,4,1,taste,,1
R13974,H04123,B38,,2026-05-10,3,0,sweetness,,0
R13975,H04124,B04,P051,2026-05-10,4,1,price,,0
R13976,H04127,B26,P051,2026-05-10,5,1,saltiness,,0
R13977,H00068,B49,,2026-05-11,4,0,sweetness,packaging,0
R13978,H00104,B02,,2026-05-11,2,0,,crunch,0
R13979,H00122,B28,,2026-05-11,5,1,price,,1
R13980,H00460,B26,,2026-05-11,5,1,packaging,,0
R13981,H00500,B05,,2026-05-11,4,1,packaging,,1
R13982,H00536,B40,,2026-05-11,2,1,,refreshing,0
R13983,H00545,B35,,2026-05-11,5,1,portability,,1
R13984,H00568,B11,,2026-05-11,3,1,,refreshing,1
R13985,H00803,B14,,2026-05-11,2,0,,aftertaste,0
R13986,H00848,B15,,2026-05-11,4,0,price,,1
R13987,H00918,B41,,2026-05-11,5,1,price,,1
R13988,H00995,B42,,2026-05-11,2,0,,packaging,0
R13989,H01342,B07,,2026-05-11,2,0,,texture,0
R13990,H01539,B13,,2026-05-11,5,1,packaging,,1
R13991,H01593,B33,,2026-05-11,3,1,,packaging,0
R13992,H01758,B07,,2026-05-11,2,0,,heat,0
R13993,H01791,B28,,2026-05-11,4,1,taste,,0
R13994,H01797,B12,,2026-05-11,4,1,taste,,0
R13995,H01983,B31,,2026-05-11,3,0,,versatility,0
R13996,H02323,B15,,2026-05-11,3,0,,sweetness,0
R13997,H02324,B08,,2026-05-11,3,1,jar size,,0
R13998,H02424,B22,,2026-05-11,3,0,sweetness,,0
R13999,H02496,B27,,2026-05-11,2,0,,flavour depth,0
R14000,H02804,B18,,2026-05-11,5,1,packaging,,1
R14001,H02813,B43,,2026-05-11,4,0,fizz,sweetness,0
R14002,H02955,B34,,2026-05-11,4,1,taste,,0
R14003,H03084,B29,,2026-05-11,5,1,texture,,0
R14004,H03174,B02,,2026-05-11,3,0,seasoning,,1
R14005,H03337,B23,,2026-05-11,4,1,packaging,,1
R14006,H03345,B35,,2026-05-11,3,0,taste,,0
R14007,H03413,B39,,2026-05-11,5,1,flavour depth,,1
R14008,H03740,B06,,2026-05-11,5,1,price,,1
R14009,H03812,B38,,2026-05-11,4,0,sweetness,,0
R14010,H00117,B45,,2026-05-12,3,0,,refreshing,0
R14011,H00157,B41,,2026-05-12,4,1,crunch,,0
R14012,H00203,B43,,2026-05-12,4,0,price,,0
R14013,H00259,B12,,2026-05-12,2,0,,taste,0
R14014,H00286,B11,,2026-05-12,4,1,taste,,1
R14015,H00316,B41,,2026-05-12,4,1,portion size,,1
R14016,H00449,B24,,2026-05-12,3,0,,strength,0
R14017,H00483,B18,,2026-05-12,2,0,,price,0
R14018,H00535,B49,,2026-05-12,4,1,price,,0
R14019,H00552,B19,,2026-05-12,5,1,price,heat,0
R14020,H00683,B14,,2026-05-12,4,0,taste,,1
R14021,H00784,B20,,2026-05-12,2,0,,aftertaste,0
R14022,H00904,B17,,2026-05-12,2,0,,packaging,1
R14023,H01043,B18,,2026-05-12,4,1,refreshing,,1
R14024,H01143,B07,,2026-05-12,5,1,versatility,,1
R14025,H01180,B27,,2026-05-12,4,0,heat,,1
R14026,H01183,B04,,2026-05-12,3,0,,crunch,0
R14027,H01291,B16,,2026-05-12,5,1,sweetness,taste,1
R14028,H01432,B29,,2026-05-12,5,0,portability,,1
R14029,H01447,B03,,2026-05-12,5,1,portability,energy boost,0
R14030,H01534,B16,,2026-05-12,3,0,,aftertaste,0
R14031,H01565,B29,,2026-05-12,3,1,,energy boost,0
R14032,H01575,B25,,2026-05-12,3,1,price,,0
R14033,H01719,B48,,2026-05-12,3,0,packaging,,0
R14034,H01856,B36,,2026-05-12,2,0,,portion size,0
R14035,H01868,B49,,2026-05-12,5,1,packaging,,1
R14036,H01925,B16,,2026-05-12,3,0,packaging,,0
R14037,H02313,B15,,2026-05-12,2,0,,price,0
R14038,H02313,B32,,2026-05-12,3,0,,build quality,0
R14039,H02455,B30,,2026-05-12,2,0,,jar size,0
R14040,H02551,B24,,2026-05-12,4,1,taste,,0
R14041,H02745,B03,,2026-05-12,1,1,,price,0
R14042,H02749,B13,,2026-05-12,4,0,fizz,,1
R14043,H02820,B18,,2026-05-12,4,1,refreshing,,1
R14044,H02860,B42,,2026-05-12,3,0,ingredients,,1
R14045,H03011,B13,,2026-05-12,5,1,aftertaste,,1
R14046,H03189,B38,,2026-05-12,3,0,,sweetness,1
R14047,H03437,B44,,2026-05-12,4,0,taste,,1
R14048,H03479,B01,,2026-05-12,3,0,,seasoning,0
R14049,H03508,B16,,2026-05-12,4,1,taste,refreshing,1
R14050,H03548,B08,,2026-05-12,5,1,price,flavour depth,1
R14051,H03584,B18,,2026-05-12,3,0,,price,0
R14052,H03665,B26,,2026-05-12,4,0,seasoning,,0
R14053,H03714,B44,,2026-05-12,4,0,aftertaste,,1
R14054,H03717,B25,,2026-05-12,1,0,,packaging,0
R14055,H03760,B18,,2026-05-12,4,1,sweetness,refreshing,0
R14056,H03778,B43,,2026-05-12,4,1,price,,1
R14057,H03916,B29,,2026-05-12,5,1,price,,1
R14058,H03948,B04,,2026-05-12,3,0,portion size,,0
R14059,H04044,B21,,2026-05-12,5,1,refreshing,,1
R14060,H00095,B26,,2026-05-13,3,1,,crunch,0
R14061,H00124,B06,,2026-05-13,5,0,price,,1
R14062,H00165,B07,,2026-05-13,1,0,,heat,0
R14063,H00212,B23,,2026-05-13,5,1,taste,,1
R14064,H00224,B44,,2026-05-13,2,0,,fizz,0
R14065,H00246,B27,,2026-05-13,5,0,heat,,1
R14066,H00381,B35,,2026-05-13,3,0,,price,0
R14067,H00452,B26,,2026-05-13,3,0,portion size,,0
R14068,H00473,B31,,2026-05-13,5,1,heat,texture,1
R14069,H00477,B20,,2026-05-13,2,1,,refreshing,0
R14070,H00480,B26,,2026-05-13,2,0,,portion size,0
R14071,H00489,B11,,2026-05-13,4,1,refreshing,,0
R14072,H00524,B06,,2026-05-13,4,1,sweetness,price,0
R14073,H00948,B15,,2026-05-13,4,1,packaging,,0
R14074,H00989,B19,,2026-05-13,5,1,flavour depth,,1
R14075,H01004,B08,,2026-05-13,2,0,,price,0
R14076,H01235,B31,,2026-05-13,4,1,texture,heat,1
R14077,H01389,B41,,2026-05-13,3,0,,saltiness,0
R14078,H01572,B26,,2026-05-13,3,0,price,,1
R14079,H01642,B08,,2026-05-13,4,1,flavour depth,,1
R14080,H01702,B35,,2026-05-13,3,0,ingredients,,0
R14081,H01998,B14,,2026-05-13,3,0,sweetness,,0
R14082,H02067,B16,,2026-05-13,4,1,fizz,,0
R14083,H02120,B25,,2026-05-13,5,1,portion size,seasoning,1
R14084,H02150,B30,,2026-05-13,3,0,price,,0
R14085,H02181,B10,,2026-05-13,2,0,,strength,0
R14086,H02191,B09,,2026-05-13,4,1,price,,0
R14087,H02290,B03,,2026-05-13,3,0,ingredients,,1
R14088,H02303,B43,,2026-05-13,5,1,packaging,,1
R14089,H02441,B02,,2026-05-13,3,0,crunch,,0
R14090,H02482,B34,,2026-05-13,5,1,ingredients,,1
R14091,H02482,B21,,2026-05-13,2,0,,refreshing,0
R14092,H02511,B24,,2026-05-13,3,0,,packaging,0
R14093,H02540,B03,,2026-05-13,4,1,energy boost,,0
R14094,H02679,B12,,2026-05-13,4,1,refreshing,,1
R14095,H03080,B23,,2026-05-13,2,0,,price,0
R14096,H03174,B04,,2026-05-13,5,1,saltiness,,1
R14097,H03644,B45,,2026-05-13,2,0,taste,price,0
R14098,H03701,B19,,2026-05-13,3,0,,flavour depth,0
R14099,H03720,B49,,2026-05-13,3,0,taste,,0
R14100,H03827,B33,,2026-05-13,3,1,,price,0
R14101,H03945,B46,,2026-05-13,4,1,price,,1
R14102,H03961,B20,,2026-05-13,4,1,refreshing,,1
R14103,H00040,B24,,2026-05-14,5,0,price,,1
R14104,H00069,B25,,2026-05-14,3,1,,price,0
R14105,H00367,B27,,2026-05-14,3,0,,versatility,0
R14106,H00387,B10,,2026-05-14,4,1,strength,,0
R14107,H00577,B17,,2026-05-14,3,0,,fizz,1
R14108,H00594,B09,,2026-05-14,4,0,taste,packaging,1
R14109,H00745,B42,,2026-05-14,3,1,,strength,0
R14110,H00760,B27,,2026-05-14,4,1,versatility,,1
R14111,H00822,B19,,2026-05-14,5,1,texture,,0
R14112,H00988,B43,,2026-05-14,3,0,price,,0
R14113,H00991,B27,,2026-05-14,5,1,flavour depth,,1
R14114,H01100,B43,,2026-05-14,3,0,,price,0
R14115,H01269,B07,,2026-05-14,3,1,,price,0
R14116,H01320,B19,,2026-05-14,5,1,texture,,1
R14117,H01406,B23,,2026-05-14,1,0,,texture,0
R14118,H01635,B30,,2026-05-14,4,1,versatility,heat,1
R14119,H01758,B36,,2026-05-14,3,0,seasoning,,0
R14120,H01772,B17,,2026-05-14,1,0,,refreshing,0
R14121,H01779,B06,,2026-05-14,5,1,ingredients,,1
R14122,H01876,B23,,2026-05-14,2,0,,price,0
R14123,H02012,B23,,2026-05-14,4,1,ingredients,,1
R14124,H02016,B37,,2026-05-14,3,0,,taste,0
R14125,H02115,B12,,2026-05-14,3,0,,price,1
R14126,H02129,B30,,2026-05-14,4,0,jar size,,1
R14127,H02139,B38,,2026-05-14,4,1,ingredients,taste,0
R14128,H02187,B24,,2026-05-14,5,1,ingredients,,1
R14129,H02193,B45,,2026-05-14,4,1,refreshing,,0
R14130,H02417,B32,,2026-05-14,2,0,,design,0
R14131,H02606,B49,,2026-05-14,5,1,texture,packaging,1
R14132,H02622,B25,,2026-05-14,2,0,,seasoning,0
R14133,H02849,B44,,2026-05-14,5,1,refreshing,taste,1
R14134,H03043,B45,,2026-05-14,2,0,,taste,0
R14135,H03064,B29,,2026-05-14,1,0,,price,0
R14136,H03124,B07,,2026-05-14,4,1,heat,,0
R14137,H03193,B29,,2026-05-14,5,1,price,,1
R14138,H03247,B02,,2026-05-14,3,0,,portion size,0
R14139,H03336,B30,,2026-05-14,4,1,price,,1
R14140,H03338,B30,,2026-05-14,4,1,jar size,versatility,1
R14141,H03355,B36,,2026-05-14,2,0,,packaging,0
R14142,H03525,B13,,2026-05-14,2,0,,fizz,0
R14143,H03542,B43,,2026-05-14,4,0,price,,1
R14144,H03559,B23,,2026-05-14,3,0,,packaging,0
R14145,H03580,B15,,2026-05-14,5,1,taste,,1
R14146,H03620,B05,,2026-05-14,3,0,,packaging,0
R14147,H04128,B25,,2026-05-14,3,1,,packaging,0
R14148,H00040,B02,,2026-05-15,5,1,crunch,,1
R14149,H00074,B17,,2026-05-15,3,1,refreshing,,0
R14150,H00182,B19,,2026-05-15,5,1,versatility,,1
R14151,H00196,B19,,2026-05-15,5,1,texture,,0
R14152,H00233,B49,,2026-05-15,3,1,taste,,0
R14153,H00551,B27,,2026-05-15,3,0,,jar size,0
R14154,H00604,B47,,2026-05-15,3,0,price,,1
R14155,H00688,B05,,2026-05-15,2,0,,portion size,0
R14156,H00954,B14,,2026-05-15,4,0,fizz,,0
R14157,H01469,B02,,2026-05-15,4,1,packaging,saltiness,0
R14158,H01588,B47,,2026-05-15,4,1,sweetness,taste,1
R14159,H01636,B48,,2026-05-15,3,1,,saltiness,0
R14160,H01949,B26,,2026-05-15,3,0,crunch,,0
R14161,H02274,B04,,2026-05-15,4,1,price,saltiness,1
R14162,H02300,B46,,2026-05-15,3,0,fizz,,0
R14163,H02379,B29,,2026-05-15,3,1,portability,,0
R14164,H02384,B45,,2026-05-15,2,0,,fizz,0
R14165,H02672,B08,,2026-05-15,3,0,,heat,1
R14166,H02715,B38,,2026-05-15,4,1,ingredients,sweetness,0
R14167,H02825,B36,,2026-05-15,2,0,saltiness,crunch,1
R14168,H02862,B26,,2026-05-15,2,0,,saltiness,0
R14169,H02974,B39,,2026-05-15,3,1,price,,0
R14170,H03024,B37,,2026-05-15,3,0,texture,,0
R14171,H03099,B05,,2026-05-15,3,0,price,,0
R14172,H03152,B13,,2026-05-15,3,0,refreshing,,0
R14173,H03238,B19,,2026-05-15,4,1,flavour depth,texture,0
R14174,H03287,B39,,2026-05-15,2,0,,flavour depth,0
R14175,H03313,B13,,2026-05-15,2,0,,aftertaste,0
R14176,H03339,B45,,2026-05-15,4,1,price,,1
R14177,H03352,B47,,2026-05-15,3,1,texture,,0
R14178,H03516,B44,,2026-05-15,5,1,price,,1
R14179,H03560,B36,,2026-05-15,3,0,,saltiness,0
R14180,H03661,B43,,2026-05-15,4,1,sweetness,,1
R14181,H03768,B19,,2026-05-15,4,0,heat,,0
R14182,H03803,B28,,2026-05-15,1,0,,price,0
R14183,H03916,B15,,2026-05-15,3,0,,price,1
R14184,H03998,B19,,2026-05-15,2,1,,texture,0
R14185,H04068,B47,,2026-05-15,4,1,packaging,sweetness,1
R14186,H04100,B14,,2026-05-15,3,1,sweetness,,0
R14187,H04173,B30,,2026-05-15,2,0,,price,0
R14188,H00237,B49,,2026-05-16,2,0,,ingredients,0
R14189,H00250,B31,,2026-05-16,4,1,versatility,texture,0
R14190,H00595,B27,,2026-05-16,4,1,versatility,,1
R14191,H00920,B34,,2026-05-16,5,1,aroma,,1
R14192,H00929,B43,,2026-05-16,4,1,fizz,,0
R14193,H00982,B34,,2026-05-16,5,1,aroma,price,1
R14194,H01165,B32,,2026-05-16,5,1,usefulness,,1
R14195,H01359,B41,,2026-05-16,5,1,crunch,,1
R14196,H01430,B21,,2026-05-16,5,1,sweetness,,1
R14197,H01741,B10,,2026-05-16,3,1,price,,0
R14198,H01931,B20,,2026-05-16,2,0,,packaging,1
R14199,H01976,B25,,2026-05-16,4,1,crunch,,1
R14200,H02052,B08,,2026-05-16,3,0,heat,,0
R14201,H02121,B04,,2026-05-16,2,1,,seasoning,0
R14202,H02479,B04,,2026-05-16,3,1,,seasoning,0
R14203,H02484,B25,,2026-05-16,5,1,crunch,portion size,1
R14204,H02582,B15,,2026-05-16,2,0,,refreshing,0
R14205,H02588,B43,,2026-05-16,4,1,refreshing,,0
R14206,H02866,B40,,2026-05-16,3,0,price,,1
R14207,H03007,B13,,2026-05-16,5,1,fizz,,0
R14208,H03129,B06,,2026-05-16,5,1,ingredients,,1
R14209,H03570,B07,,2026-05-16,3,1,,price,0
R14210,H03669,B36,,2026-05-16,2,0,packaging,portion size,1
R14211,H03782,B16,,2026-05-16,4,0,packaging,,1
R14212,H00304,B24,,2026-05-17,4,1,ingredients,,1
R14213,H00431,B26,,2026-05-17,5,1,saltiness,,1
R14214,H00493,B02,,2026-05-17,4,1,seasoning,,1
R14215,H00808,B22,,2026-05-17,3,1,,texture,0
R14216,H01006,B41,,2026-05-17,3,0,portion size,,0
R14217,H01066,B38,,2026-05-17,4,0,packaging,,0
R14218,H01102,B31,,2026-05-17,4,1,jar size,,0
R14219,H01144,B06,,2026-05-17,4,1,packaging,,1
R14220,H01651,B31,,2026-05-17,3,0,,flavour depth,0
R14221,H01722,B09,,2026-05-17,2,0,,sweetness,0
R14222,H01802,B30,,2026-05-17,5,1,jar size,,1
R14223,H01842,B14,,2026-05-17,3,0,taste,,1
R14224,H02050,B11,,2026-05-17,5,1,taste,,1
R14225,H02093,B06,,2026-05-17,3,0,taste,,0
R14226,H02340,B41,,2026-05-17,4,0,crunch,,1
R14227,H02358,B31,,2026-05-17,3,0,,texture,0
R14228,H02621,B28,,2026-05-17,3,0,,portability,0
R14229,H02829,B05,,2026-05-17,1,0,seasoning,price,0
R14230,H02940,B39,,2026-05-17,4,1,texture,,0
R14231,H03051,B38,,2026-05-17,3,1,texture,,0
R14232,H03195,B13,,2026-05-17,5,1,refreshing,aftertaste,1
R14233,H03200,B21,,2026-05-17,2,0,,price,0
R14234,H03362,B39,,2026-05-17,3,0,,price,0
R14235,H03420,B46,,2026-05-17,5,0,refreshing,taste,1
R14236,H03422,B39,,2026-05-17,4,1,price,heat,1
R14237,H03636,B28,,2026-05-17,2,0,,price,0
R14238,H03649,B41,,2026-05-17,3,0,,seasoning,0
R14239,H03664,B14,,2026-05-17,4,1,fizz,aftertaste,0
R14240,H03818,B05,,2026-05-17,2,0,,portion size,0
R14241,H03855,B28,,2026-05-17,3,1,,energy boost,0
R14242,H00249,B31,,2026-05-18,2,0,,flavour depth,0
R14243,H00250,B04,,2026-05-18,4,0,price,,1
R14244,H00260,B34,,2026-05-18,4,0,ingredients,,1
R14245,H00373,B17,,2026-05-18,4,1,sweetness,,1
R14246,H00702,B23,,2026-05-18,3,1,price,,1
R14247,H00764,B26,,2026-05-18,3,0,,crunch,0
R14248,H00915,B20,,2026-05-18,4,1,fizz,,1
R14249,H00971,B39,,2026-05-18,4,1,flavour depth,,1
R14250,H00984,B08,,2026-05-18,5,1,heat,,1
R14251,H01068,B36,,2026-05-18,4,0,packaging,,0
R14252,H01135,B19,,2026-05-18,4,1,texture,,1
R14253,H01184,B40,,2026-05-18,2,1,taste,sweetness,0
R14254,H01238,B24,,2026-05-18,5,1,packaging,,1
R14255,H01253,B49,,2026-05-18,3,1,taste,,0
R14256,H01333,B47,,2026-05-18,1,0,,sweetness,0
R14257,H01343,B36,,2026-05-18,4,1,crunch,,1
R14258,H01748,B36,,2026-05-18,2,0,,price,1
R14259,H01846,B10,,2026-05-18,2,0,,strength,0
R14260,H01873,B07,,2026-05-18,4,1,heat,,0
R14261,H01885,B02,,2026-05-18,3,1,,price,0
R14262,H01946,B18,,2026-05-18,4,1,sweetness,,0
R14263,H02191,B44,,2026-05-18,3,1,,packaging,0
R14264,H02302,B04,,2026-05-18,3,0,portion size,,0
R14265,H02420,B41,,2026-05-18,3,0,seasoning,,0
R14266,H02496,B36,,2026-05-18,4,1,seasoning,,1
R14267,H02593,B42,,2026-05-18,4,1,ingredients,,0
R14268,H02682,B01,,2026-05-18,4,1,price,,0
R14269,H02822,B09,,2026-05-18,2,1,,packaging,0
R14270,H02837,B35,,2026-05-18,1,0,,ingredients,0
R14271,H02953,B08,,2026-05-18,3,0,texture,,0
R14272,H03170,B11,,2026-05-18,4,0,price,,1
R14273,H03333,B02,,2026-05-18,2,0,packaging,seasoning,0
R14274,H03457,B07,,2026-05-18,5,1,versatility,,0
R14275,H03478,B17,,2026-05-18,1,0,,aftertaste,0
R14276,H03508,B06,,2026-05-18,4,1,ingredients,price,0
R14277,H03649,B22,,2026-05-18,4,1,sweetness,,0
R14278,H03836,B49,,2026-05-18,4,1,price,taste,1
R14279,H03895,B27,,2026-05-18,5,1,versatility,,1
R14280,H03969,B22,,2026-05-18,3,0,packaging,,0
R14281,H03983,B06,,2026-05-18,4,1,price,sweetness,1
R14282,H04051,B27,,2026-05-18,3,0,,heat,0
R14283,H04099,B34,,2026-05-18,5,1,taste,,0
R14284,H00003,B37,,2026-05-19,3,1,packaging,,0
R14285,H00063,B22,,2026-05-19,2,0,,price,0
R14286,H00090,B04,,2026-05-19,4,1,crunch,,0
R14287,H00366,B22,,2026-05-19,1,0,packaging,ingredients,0
R14288,H00440,B19,,2026-05-19,2,0,,flavour depth,0
R14289,H00530,B24,,2026-05-19,2,1,packaging,taste,0
R14290,H00564,B14,,2026-05-19,5,1,refreshing,,1
R14291,H00576,B24,,2026-05-19,5,1,aroma,,1
R14292,H00630,B17,,2026-05-19,3,1,sweetness,,0
R14293,H00713,B22,,2026-05-19,2,0,,price,0
R14294,H00742,B24,,2026-05-19,5,0,packaging,,1
R14295,H01027,B45,,2026-05-19,2,0,,refreshing,0
R14296,H01134,B39,,2026-05-19,3,0,heat,,0
R14297,H01135,B10,,2026-05-19,3,1,price,,1
R14298,H01173,B25,,2026-05-19,1,0,,seasoning,0
R14299,H01638,B27,,2026-05-19,4,0,jar size,price,0
R14300,H01766,B25,,2026-05-19,3,0,crunch,,0
R14301,H01892,B02,,2026-05-19,3,1,,packaging,0
R14302,H02216,B15,,2026-05-19,4,0,sweetness,,0
R14303,H02270,B23,,2026-05-19,3,0,texture,,0
R14304,H02488,B14,,2026-05-19,4,0,packaging,refreshing,0
R14305,H02543,B29,,2026-05-19,3,0,taste,,0
R14306,H02593,B14,,2026-05-19,3,0,packaging,,0
R14307,H02708,B31,,2026-05-19,3,0,versatility,,0
R14308,H02852,B03,,2026-05-19,2,0,,portability,0
R14309,H02892,B23,,2026-05-19,3,0,,texture,0
R14310,H02898,B06,,2026-05-19,4,1,taste,,1
R14311,H02930,B21,,2026-05-19,5,1,refreshing,,0
R14312,H02981,B08,,2026-05-19,2,0,,heat,0
R14313,H03060,B42,,2026-05-19,4,1,strength,,1
R14314,H03162,B33,,2026-05-19,1,0,,price,0
R14315,H03217,B39,,2026-05-19,3,0,versatility,,0
R14316,H03391,B18,,2026-05-19,4,1,refreshing,,1
R14317,H03578,B22,,2026-05-19,3,1,,texture,0
R14318,H03603,B13,,2026-05-19,2,0,,aftertaste,0
R14319,H03607,B19,,2026-05-19,4,1,flavour depth,,0
R14320,H03789,B18,,2026-05-19,5,1,sweetness,,1
R14321,H03878,B41,,2026-05-19,4,0,crunch,seasoning,1
R14322,H03972,B35,,2026-05-19,2,1,taste,ingredients,0
R14323,H04068,B28,,2026-05-19,2,0,price,taste,0
R14324,H04070,B26,,2026-05-19,4,1,seasoning,,0
R14325,H04203,B08,,2026-05-19,3,0,,price,0
R14326,H00082,B25,,2026-05-20,3,0,portion size,,0
R14327,H00154,B22,,2026-05-20,5,1,texture,,1
R14328,H00325,B33,,2026-05-20,4,1,packaging,taste,1
R14329,H00857,B46,,2026-05-20,5,1,refreshing,,1
R14330,H00885,B37,,2026-05-20,3,0,price,,0
R14331,H00888,B36,,2026-05-20,3,0,,price,0
R14332,H00944,B19,,2026-05-20,3,0,texture,,0
R14333,H00968,B10,,2026-05-20,3,1,,price,0
R14334,H00973,B11,,2026-05-20,2,0,,price,0
R14335,H01255,B21,,2026-05-20,3,1,,aftertaste,0
R14336,H01286,B21,,2026-05-20,4,1,fizz,,0
R14337,H01410,B19,,2026-05-20,3,1,,versatility,0
R14338,H01608,B37,,2026-05-20,1,0,,packaging,0
R14339,H01770,B18,,2026-05-20,5,1,refreshing,,1
R14340,H01996,B45,,2026-05-20,2,0,,fizz,0
R14341,H02013,B19,,2026-05-20,5,1,heat,,1
R14342,H02073,B28,,2026-05-20,5,1,ingredients,,1
R14343,H02195,B42,,2026-05-20,4,1,aroma,,1
R14344,H02299,B11,,2026-05-20,5,1,packaging,,1
R14345,H02313,B48,,2026-05-20,3,0,seasoning,,0
R14346,H02334,B07,,2026-05-20,2,1,,texture,0
R14347,H02598,B43,,2026-05-20,5,1,sweetness,aftertaste,0
R14348,H02770,B12,,2026-05-20,2,0,,price,1
R14349,H02930,B49,,2026-05-20,2,0,,sweetness,0
R14350,H03194,B42,,2026-05-20,3,0,,strength,1
R14351,H03287,B41,,2026-05-20,3,1,crunch,,0
R14352,H03346,B19,,2026-05-20,5,1,heat,,1
R14353,H03380,B27,,2026-05-20,4,0,jar size,,1
R14354,H03383,B46,,2026-05-20,5,1,price,,1
R14355,H03424,B37,,2026-05-20,4,1,packaging,,1
R14356,H03505,B06,,2026-05-20,3,0,texture,,0
R14357,H03556,B25,,2026-05-20,4,1,crunch,saltiness,1
R14358,H03696,B20,,2026-05-20,2,0,,packaging,0
R14359,H03811,B43,,2026-05-20,3,0,,price,0
R14360,H03899,B15,,2026-05-20,4,0,price,,1
R14361,H03906,B41,,2026-05-20,4,1,portion size,,1
R14362,H04046,B13,,2026-05-20,3,1,,refreshing,0
R14363,H04076,B41,,2026-05-20,3,0,,seasoning,0
R14364,H04208,B36,,2026-05-20,5,1,portion size,,0
R14365,H00060,B30,,2026-05-21,2,0,,heat,1
R14366,H00065,B24,,2026-05-21,5,1,packaging,,1
R14367,H00198,B42,,2026-05-21,3,1,,taste,1
R14368,H00233,B47,,2026-05-21,4,1,price,,0
R14369,H00233,B37,,2026-05-21,4,1,packaging,,1
R14370,H00378,B03,,2026-05-21,1,0,,texture,0
R14371,H00418,B09,,2026-05-21,2,0,price,taste,0
R14372,H00485,B25,,2026-05-21,3,0,,price,0
R14373,H00714,B38,,2026-05-21,5,1,texture,,0
R14374,H00970,B16,,2026-05-21,4,1,taste,,1
R14375,H00972,B14,,2026-05-21,3,0,,fizz,0
R14376,H01134,B40,,2026-05-21,3,1,packaging,,0
R14377,H01269,B36,,2026-05-21,4,1,saltiness,,1
R14378,H01302,B05,,2026-05-21,1,0,,saltiness,0
R14379,H01385,B37,,2026-05-21,4,1,texture,packaging,0
R14380,H01464,B08,,2026-05-21,3,1,,flavour depth,0
R14381,H01675,B39,,2026-05-21,3,1,,price,0
R14382,H01704,B30,,2026-05-21,1,0,texture,jar size,0
R14383,H02017,B13,,2026-05-21,2,0,,fizz,0
R14384,H02035,B06,,2026-05-21,4,1,taste,ingredients,0
R14385,H02347,B21,,2026-05-21,4,1,taste,,1
R14386,H02533,B05,,2026-05-21,4,0,crunch,,0
R14387,H02565,B25,,2026-05-21,5,1,price,packaging,1
R14388,H02591,B07,,2026-05-21,5,1,jar size,,0
R14389,H02653,B35,,2026-05-21,4,1,price,,1
R14390,H02848,B11,,2026-05-21,3,0,,sweetness,1
R14391,H03027,B34,,2026-05-21,5,1,ingredients,taste,1
R14392,H03041,B10,,2026-05-21,4,1,ingredients,strength,0
R14393,H03272,B03,,2026-05-21,3,0,price,,0
R14394,H03330,B44,,2026-05-21,4,1,taste,,1
R14395,H03429,B19,,2026-05-21,5,1,jar size,,1
R14396,H03429,B12,,2026-05-21,4,1,fizz,,1
R14397,H03487,B06,,2026-05-21,5,1,texture,,0
R14398,H03488,B41,,2026-05-21,3,1,price,,0
R14399,H03515,B43,,2026-05-21,5,1,packaging,,1
R14400,H03515,B30,,2026-05-21,3,0,texture,,0
R14401,H03721,B34,,2026-05-21,3,0,,packaging,1
R14402,H03882,B27,,2026-05-21,3,1,,price,0
R14403,H04134,B16,,2026-05-21,4,1,sweetness,,0
R14404,H04176,B06,,2026-05-21,4,1,price,,1
R14405,H00093,B28,,2026-05-22,2,0,,portability,1
R14406,H00116,B22,,2026-05-22,4,1,texture,,0
R14407,H00126,B24,,2026-05-22,2,0,,taste,1
R14408,H00131,B38,,2026-05-22,3,1,,texture,0
R14409,H00214,B30,,2026-05-22,4,1,versatility,,1
R14410,H00241,B02,,2026-05-22,5,1,portion size,,1
R14411,H00281,B38,,2026-05-22,4,1,texture,,1
R14412,H00520,B12,,2026-05-22,1,0,,aftertaste,0
R14413,H00592,B02,,2026-05-22,3,1,,price,0
R14414,H00624,B07,,2026-05-22,2,0,,flavour depth,0
R14415,H00642,B48,,2026-05-22,3,0,,saltiness,0
R14416,H00646,B24,,2026-05-22,2,0,,taste,0
R14417,H00915,B31,,2026-05-22,2,0,versatility,texture,0
R14418,H01044,B38,,2026-05-22,5,1,taste,,0
R14419,H01120,B07,,2026-05-22,4,1,price,heat,0
R14420,H01181,B18,,2026-05-22,3,0,,price,1
R14421,H01242,B14,,2026-05-22,5,1,price,,0
R14422,H01261,B06,,2026-05-22,3,0,,packaging,0
R14423,H01434,B14,,2026-05-22,4,1,taste,sweetness,1
R14424,H01594,B33,,2026-05-22,2,0,,taste,0
R14425,H01643,B32,,2026-05-22,3,1,build quality,,1
R14426,H01647,B20,,2026-05-22,5,1,aftertaste,,1
R14427,H01697,B27,,2026-05-22,4,1,heat,,0
R14428,H01819,B06,,2026-05-22,3,0,taste,,0
R14429,H01911,B17,,2026-05-22,3,1,,fizz,0
R14430,H02100,B47,,2026-05-22,2,0,,price,0
R14431,H02192,B40,,2026-05-22,3,0,packaging,,1
R14432,H02290,B28,,2026-05-22,3,0,portability,,0
R14433,H02460,B06,,2026-05-22,3,1,price,,0
R14434,H02477,B18,,2026-05-22,5,1,price,,0
R14435,H02504,B07,,2026-05-22,3,0,,jar size,0
R14436,H02941,B06,,2026-05-22,5,1,price,,1
R14437,H03024,B26,,2026-05-22,4,1,price,seasoning,1
R14438,H03275,B01,,2026-05-22,2,0,,crunch,0
R14439,H03285,B33,,2026-05-22,2,0,,fizz,0
R14440,H03385,B27,,2026-05-22,4,1,flavour depth,jar size,0
R14441,H03442,B33,,2026-05-22,5,1,taste,,1
R14442,H03466,B19,,2026-05-22,5,1,texture,,0
R14443,H03736,B19,,2026-05-22,5,1,flavour depth,,0
R14444,H03737,B28,,2026-05-22,3,0,texture,,0
R14445,H03817,B44,,2026-05-22,4,1,price,,1
R14446,H04000,B15,,2026-05-22,4,1,price,fizz,1
R14447,H04044,B08,,2026-05-22,4,1,texture,,1
R14448,H04071,B43,,2026-05-22,4,1,taste,packaging,0
R14449,H04174,B19,,2026-05-22,3,0,price,,0
R14450,H04184,B23,,2026-05-22,2,0,,taste,0
R14451,H00122,B22,,2026-05-23,1,0,,sweetness,0
R14452,H00145,B28,,2026-05-23,3,0,taste,,0
R14453,H00206,B23,,2026-05-23,2,0,,texture,0
R14454,H00274,B11,,2026-05-23,5,1,refreshing,sweetness,1
R14455,H00550,B39,,2026-05-23,2,0,,price,0
R14456,H00568,B29,,2026-05-23,5,1,portability,,1
R14457,H00606,B10,,2026-05-23,4,1,packaging,,1
R14458,H00636,B07,,2026-05-23,3,0,versatility,,0
R14459,H00777,B33,,2026-05-23,4,0,packaging,,1
R14460,H00808,B39,,2026-05-23,2,0,,jar size,0
R14461,H01134,B14,,2026-05-23,4,0,price,refreshing,0
R14462,H01325,B46,,2026-05-23,3,1,,packaging,0
R14463,H01432,B31,,2026-05-23,2,0,,jar size,0
R14464,H01514,B23,,2026-05-23,2,0,,taste,1
R14465,H01624,B14,,2026-05-23,5,1,refreshing,,1
R14466,H01952,B42,,2026-05-23,3,1,taste,,0
R14467,H02133,B28,,2026-05-23,3,0,price,,1
R14468,H02172,B48,,2026-05-23,4,1,seasoning,,0
R14469,H02208,B04,,2026-05-23,4,1,saltiness,,1
R14470,H02355,B24,,2026-05-23,4,1,aroma,,0
R14471,H02591,B49,,2026-05-23,4,1,taste,,0
R14472,H02671,B23,,2026-05-23,1,0,,price,0
R14473,H02731,B25,,2026-05-23,2,0,,price,0
R14474,H02766,B27,,2026-05-23,4,1,jar size,,1
R14475,H03019,B37,,2026-05-23,2,1,,ingredients,0
R14476,H03123,B25,,2026-05-23,5,1,saltiness,,1
R14477,H03205,B34,,2026-05-23,4,1,strength,,1
R14478,H03228,B30,,2026-05-23,3,0,,flavour depth,0
R14479,H03235,B38,,2026-05-23,3,1,,texture,0
R14480,H03489,B18,,2026-05-23,2,0,,packaging,0
R14481,H03491,B31,,2026-05-23,2,0,,price,0
R14482,H03803,B31,,2026-05-23,4,1,heat,jar size,0
R14483,H03833,B08,,2026-05-23,5,1,texture,heat,1
R14484,H03901,B08,,2026-05-23,3,0,,texture,0
R14485,H03950,B06,,2026-05-23,3,1,taste,,0
R14486,H03997,B29,,2026-05-23,5,1,taste,,1
R14487,H00038,B45,,2026-05-24,4,1,sweetness,,0
R14488,H00039,B29,,2026-05-24,2,0,price,texture,0
R14489,H00107,B19,,2026-05-24,5,1,price,,0
R14490,H00193,B43,,2026-05-24,3,0,,price,0
R14491,H00379,B44,,2026-05-24,2,0,,packaging,0
R14492,H00556,B48,,2026-05-24,4,1,portion size,crunch,1
R14493,H00591,B32,,2026-05-24,3,0,build quality,,0
R14494,H00806,B17,,2026-05-24,4,1,taste,,1
R14495,H01019,B24,,2026-05-24,3,1,ingredients,,0
R14496,H01059,B25,,2026-05-24,5,0,saltiness,price,1
R14497,H01084,B05,,2026-05-24,3,0,,price,1
R14498,H01212,B45,,2026-05-24,2,0,,sweetness,0
R14499,H01320,B07,,2026-05-24,4,1,flavour depth,,0
R14500,H01357,B16,,2026-05-24,3,0,refreshing,,1
R14501,H01488,B15,,2026-05-24,5,1,packaging,,1
R14502,H01526,B38,,2026-05-24,5,1,packaging,,1
R14503,H01578,B14,,2026-05-24,2,0,,price,0
R14504,H01716,B36,,2026-05-24,5,1,seasoning,,1
R14505,H01851,B15,,2026-05-24,1,0,,aftertaste,0
R14506,H01883,B23,,2026-05-24,3,1,price,,0
R14507,H01950,B39,,2026-05-24,4,1,price,,0
R14508,H02061,B05,,2026-05-24,2,1,,portion size,0
R14509,H02172,B40,,2026-05-24,3,0,refreshing,,0
R14510,H02200,B38,,2026-05-24,2,0,,ingredients,0
R14511,H02227,B47,,2026-05-24,2,0,,price,0
R14512,H02286,B05,,2026-05-24,3,0,,crunch,0
R14513,H02356,B19,,2026-05-24,5,1,jar size,,1
R14514,H02439,B05,,2026-05-24,2,0,seasoning,price,0
R14515,H02761,B43,,2026-05-24,4,1,aftertaste,refreshing,0
R14516,H02855,B31,,2026-05-24,4,1,heat,,0
R14517,H02916,B25,,2026-05-24,2,0,,saltiness,0
R14518,H02921,B07,,2026-05-24,1,0,,heat,0
R14519,H03000,B05,,2026-05-24,2,0,portion size,crunch,0
R14520,H03073,B09,,2026-05-24,5,1,price,,1
R14521,H03095,B49,,2026-05-24,4,1,packaging,,0
R14522,H03330,B14,,2026-05-24,4,0,aftertaste,,1
R14523,H03369,B07,,2026-05-24,5,0,heat,,0
R14524,H03450,B18,,2026-05-24,4,1,fizz,,0
R14525,H03559,B42,,2026-05-24,3,1,,strength,0
R14526,H03696,B25,,2026-05-24,3,1,,saltiness,0
R14527,H04016,B32,,2026-05-24,4,1,build quality,,0
R14528,H04077,B13,,2026-05-24,2,0,,fizz,0
R14529,H04151,B06,,2026-05-24,5,1,price,packaging,1
R14530,H04165,B22,,2026-05-24,3,1,,taste,1
R14531,H04207,B37,,2026-05-24,5,1,sweetness,,1
R14532,H00084,B23,,2026-05-25,3,0,ingredients,,0
R14533,H00326,B21,,2026-05-25,3,1,,taste,0
R14534,H00423,B19,,2026-05-25,3,1,,flavour depth,0
R14535,H00594,B24,,2026-05-25,3,0,packaging,,0
R14536,H00691,B39,,2026-05-25,3,1,heat,,0
R14537,H00847,B40,,2026-05-25,3,0,,refreshing,0
R14538,H00864,B24,,2026-05-25,2,1,packaging,taste,0
R14539,H01256,B43,,2026-05-25,5,1,taste,,1
R14540,H01345,B04,,2026-05-25,4,1,saltiness,,0
R14541,H02227,B45,,2026-05-25,2,0,,price,0
R14542,H02249,B27,,2026-05-25,2,1,texture,jar size,0
R14543,H02326,B19,,2026-05-25,2,0,,texture,0
R14544,H02326,B29,,2026-05-25,3,0,texture,,0
R14545,H02470,B08,,2026-05-25,5,1,texture,,0
R14546,H02518,B34,,2026-05-25,4,1,ingredients,,0
R14547,H02701,B47,,2026-05-25,4,1,packaging,,0
R14548,H02825,B43,,2026-05-25,3,1,,sweetness,0
R14549,H03019,B44,,2026-05-25,4,1,sweetness,,1
R14550,H03038,B29,,2026-05-25,5,1,price,,1
R14551,H03236,B29,,2026-05-25,2,0,,price,0
R14552,H03262,B32,,2026-05-25,2,0,,build quality,0
R14553,H03492,B31,,2026-05-25,5,1,texture,,1
R14554,H03634,B18,,2026-05-25,3,1,,refreshing,1
R14555,H03809,B27,,2026-05-25,4,1,texture,,0
R14556,H04035,B23,,2026-05-25,4,0,packaging,,1
R14557,H04120,B41,,2026-05-25,4,0,portion size,,0
R14558,H04134,B22,,2026-05-25,3,0,ingredients,,0
R14559,H04208,B43,,2026-05-25,4,1,aftertaste,,1
R14560,H00537,B20,,2026-05-26,5,1,refreshing,,1
R14561,H00699,B25,,2026-05-26,4,1,saltiness,,1
R14562,H00717,B08,,2026-05-26,5,1,price,heat,1
R14563,H00988,B41,,2026-05-26,2,0,,crunch,0
R14564,H01014,B24,,2026-05-26,5,1,aroma,strength,1
R14565,H01031,B05,,2026-05-26,3,0,,packaging,0
R14566,H01266,B15,,2026-05-26,2,0,price,refreshing,0
R14567,H01313,B07,,2026-05-26,3,1,,texture,0
R14568,H01373,B09,,2026-05-26,4,0,texture,,1
R14569,H01422,B17,,2026-05-26,2,0,,packaging,0
R14570,H01537,B15,,2026-05-26,4,1,fizz,taste,1
R14571,H01593,B06,,2026-05-26,2,0,,taste,0
R14572,H01603,B10,,2026-05-26,3,1,ingredients,,1
R14573,H01719,B17,,2026-05-26,2,0,aftertaste,packaging,0
R14574,H01910,B40,,2026-05-26,4,1,packaging,,1
R14575,H01914,B26,,2026-05-26,3,0,,seasoning,1
R14576,H01944,B33,,2026-05-26,1,0,,aftertaste,0
R14577,H01958,B13,,2026-05-26,4,1,sweetness,,0
R14578,H02032,B42,,2026-05-26,5,1,packaging,,1
R14579,H02115,B16,,2026-05-26,1,0,price,fizz,0
R14580,H02278,B26,,2026-05-26,4,1,saltiness,price,0
R14581,H02684,B23,,2026-05-26,3,1,,price,0
R14582,H02770,B25,,2026-05-26,3,0,crunch,,1
R14583,H02787,B42,,2026-05-26,3,1,,price,0
R14584,H03012,B25,,2026-05-26,4,1,crunch,,1
R14585,H03083,B33,,2026-05-26,1,0,,price,0
R14586,H03244,B33,,2026-05-26,4,1,refreshing,,0
R14587,H03257,B01,,2026-05-26,2,0,,price,0
R14588,H03656,B18,,2026-05-26,3,0,,sweetness,0
R14589,H03911,B19,,2026-05-26,3,0,,heat,0
R14590,H03941,B25,,2026-05-26,4,1,crunch,seasoning,1
R14591,H00011,B16,,2026-05-27,4,1,price,,1
R14592,H00053,B14,,2026-05-27,4,1,packaging,,1
R14593,H00056,B43,,2026-05-27,2,0,,packaging,0
R14594,H00179,B31,,2026-05-27,5,1,texture,,0
R14595,H00268,B36,,2026-05-27,3,0,,saltiness,1
R14596,H00750,B15,,2026-05-27,3,0,price,,0
R14597,H00955,B20,,2026-05-27,2,0,,fizz,0
R14598,H01013,B15,,2026-05-27,4,1,refreshing,,1
R14599,H01152,B46,,2026-05-27,3,1,taste,,0
R14600,H01383,B36,,2026-05-27,4,1,price,seasoning,1
R14601,H01499,B46,,2026-05-27,3,1,sweetness,,0
R14602,H01610,B42,,2026-05-27,2,0,,aroma,1
R14603,H01798,B01,,2026-05-27,4,0,price,,0
R14604,H01895,B36,,2026-05-27,4,1,seasoning,,1
R14605,H01934,B10,,2026-05-27,5,0,price,,1
R14606,H01956,B36,,2026-05-27,4,1,portion size,,1
R14607,H02082,B15,,2026-05-27,4,0,refreshing,,1
R14608,H02176,B13,,2026-05-27,4,0,fizz,,1
R14609,H02190,B09,,2026-05-27,3,0,,taste,0
R14610,H02284,B15,,2026-05-27,3,1,,taste,1
R14611,H02411,B11,,2026-05-27,2,0,,fizz,0
R14612,H02460,B49,,2026-05-27,3,0,,price,0
R14613,H02465,B05,,2026-05-27,4,0,price,,1
R14614,H02512,B13,,2026-05-27,3,0,,taste,0
R14615,H03071,B08,,2026-05-27,3,1,,jar size,0
R14616,H03078,B30,,2026-05-27,3,1,,versatility,1
R14617,H03148,B34,,2026-05-27,2,0,,taste,0
R14618,H03442,B16,,2026-05-27,5,1,packaging,refreshing,1
R14619,H03672,B43,,2026-05-27,5,1,price,,1
R14620,H03744,B12,,2026-05-27,4,1,refreshing,,0
R14621,H03855,B27,,2026-05-27,4,1,heat,,1
R14622,H03913,B12,,2026-05-27,2,0,,sweetness,0
R14623,H03925,B12,,2026-05-27,3,1,,aftertaste,0
R14624,H03983,B39,,2026-05-27,3,1,heat,,0
R14625,H04022,B14,,2026-05-27,1,0,,price,0
R14626,H04038,B05,,2026-05-27,2,0,,price,0
R14627,H04121,B12,,2026-05-27,4,1,fizz,,0
R14628,H04211,B43,,2026-05-27,4,0,price,,0
R14629,H00092,B21,,2026-05-28,3,0,packaging,,1
R14630,H00368,B21,,2026-05-28,4,1,taste,,0
R14631,H00387,B47,,2026-05-28,3,0,,sweetness,0
R14632,H00441,B05,,2026-05-28,4,0,seasoning,,0
R14633,H00482,B31,,2026-05-28,5,1,jar size,,0
R14634,H01111,B36,,2026-05-28,4,1,packaging,,0
R14635,H01204,B21,,2026-05-28,5,1,price,taste,1
R14636,H01215,B19,,2026-05-28,3,1,price,,0
R14637,H01217,B32,,2026-05-28,3,1,build quality,,0
R14638,H01417,B04,,2026-05-28,5,1,seasoning,,1
R14639,H01424,B15,,2026-05-28,5,1,fizz,,1
R14640,H01585,B35,,2026-05-28,3,1,price,,0
R14641,H01636,B04,,2026-05-28,4,1,crunch,,0
R14642,H01639,B43,,2026-05-28,3,0,refreshing,,0
R14643,H01788,B19,,2026-05-28,4,0,versatility,,0
R14644,H01849,B26,,2026-05-28,4,1,price,,1
R14645,H01903,B38,,2026-05-28,3,0,packaging,,0
R14646,H02081,B05,,2026-05-28,3,1,,packaging,1
R14647,H02086,B39,,2026-05-28,5,1,versatility,,0
R14648,H02220,B19,,2026-05-28,2,1,texture,jar size,0
R14649,H02487,B48,,2026-05-28,4,1,packaging,,0
R14650,H02491,B45,,2026-05-28,5,1,refreshing,price,1
R14651,H02578,B02,,2026-05-28,4,0,crunch,,0
R14652,H02656,B14,,2026-05-28,4,1,fizz,,1
R14653,H02773,B31,,2026-05-28,2,0,versatility,heat,0
R14654,H02819,B36,,2026-05-28,2,0,,packaging,0
R14655,H02945,B17,,2026-05-28,3,0,,taste,0
R14656,H03083,B17,,2026-05-28,4,1,price,,0
R14657,H03159,B46,,2026-05-28,4,1,packaging,,0
R14658,H03407,B05,,2026-05-28,1,0,,price,0
R14659,H03718,B29,,2026-05-28,2,0,,price,0
R14660,H03907,B45,,2026-05-28,2,1,,sweetness,0
R14661,H04049,B29,,2026-05-28,4,1,energy boost,,0
R14662,H04202,B01,,2026-05-28,3,0,,saltiness,0
R14663,H00102,B47,,2026-05-29,2,0,,price,0
R14664,H00173,B33,,2026-05-29,3,1,sweetness,,1
R14665,H00193,B49,,2026-05-29,3,0,,packaging,0
R14666,H00291,B22,,2026-05-29,4,1,texture,,1
R14667,H00330,B19,,2026-05-29,3,1,,texture,0
R14668,H00344,B33,,2026-05-29,3,0,,fizz,0
R14669,H00470,B17,,2026-05-29,4,1,packaging,,1
R14670,H00512,B45,,2026-05-29,1,0,,price,0
R14671,H00759,B22,,2026-05-29,2,0,,sweetness,0
R14672,H00910,B20,,2026-05-29,5,1,aftertaste,,1
R14673,H01010,B05,,2026-05-29,2,0,,portion size,0
R14674,H01027,B20,,2026-05-29,2,0,,taste,0
R14675,H01041,B43,,2026-05-29,2,0,taste,packaging,0
R14676,H01173,B42,,2026-05-29,2,0,,ingredients,0
R14677,H01205,B29,,2026-05-29,4,1,energy boost,,1
R14678,H01273,B46,,2026-05-29,5,1,price,fizz,1
R14679,H01410,B31,,2026-05-29,3,1,flavour depth,,0
R14680,H01873,B36,,2026-05-29,4,1,packaging,,1
R14681,H02162,B36,,2026-05-29,3,1,,seasoning,0
R14682,H02364,B24,,2026-05-29,3,0,ingredients,,0
R14683,H02458,B03,,2026-05-29,3,0,portability,,0
R14684,H02612,B41,,2026-05-29,2,0,,packaging,1
R14685,H02902,B21,,2026-05-29,5,0,aftertaste,,1
R14686,H02996,B22,,2026-05-29,2,0,,texture,0
R14687,H03005,B25,,2026-05-29,3,1,price,,0
R14688,H03150,B31,,2026-05-29,3,1,,jar size,0
R14689,H03170,B04,,2026-05-29,4,1,price,,0
R14690,H03364,B37,,2026-05-29,1,0,,packaging,0
R14691,H03483,B10,,2026-05-29,2,0,,ingredients,0
R14692,H03499,B34,,2026-05-29,4,1,packaging,,0
R14693,H03866,B31,,2026-05-29,3,1,versatility,,1
R14694,H03977,B40,,2026-05-29,3,0,,fizz,0
R14695,H04059,B33,,2026-05-29,5,1,refreshing,,1
R14696,H04120,B12,,2026-05-29,5,1,aftertaste,,1
R14697,H04210,B43,,2026-05-29,5,1,sweetness,,1
R14698,H00025,B43,,2026-05-30,5,1,fizz,sweetness,1
R14699,H00167,B48,,2026-05-30,5,1,crunch,,1
R14700,H00190,B24,,2026-05-30,4,1,ingredients,,1
R14701,H00206,B06,,2026-05-30,2,0,,taste,0
R14702,H00384,B24,,2026-05-30,2,0,,aroma,0
R14703,H00750,B10,,2026-05-30,2,0,,ingredients,0
R14704,H00905,B19,,2026-05-30,5,1,price,,1
R14705,H00910,B40,,2026-05-30,3,1,,price,1
R14706,H00990,B44,,2026-05-30,5,1,aftertaste,packaging,1
R14707,H00996,B41,,2026-05-30,3,0,,crunch,1
R14708,H01044,B04,,2026-05-30,3,0,,saltiness,0
R14709,H01064,B38,,2026-05-30,4,0,texture,,1
R14710,H01299,B40,,2026-05-30,3,0,,packaging,0
R14711,H01304,B43,,2026-05-30,4,0,aftertaste,,0
R14712,H01385,B18,,2026-05-30,3,0,,aftertaste,0
R14713,H01410,B17,,2026-05-30,2,0,aftertaste,fizz,0
R14714,H01833,B43,,2026-05-30,3,0,,aftertaste,0
R14715,H02369,B05,,2026-05-30,3,1,,packaging,0
R14716,H02849,B27,,2026-05-30,5,1,flavour depth,,0
R14717,H02975,B43,,2026-05-30,5,1,refreshing,,0
R14718,H03396,B02,,2026-05-30,2,0,,portion size,0
R14719,H03445,B16,,2026-05-30,5,1,price,,0
R14720,H03590,B38,,2026-05-30,2,0,sweetness,texture,0
R14721,H03623,B43,,2026-05-30,5,0,aftertaste,,1
R14722,H03654,B09,,2026-05-30,3,0,,texture,0
R14723,H03703,B38,,2026-05-30,5,1,taste,,0
R14724,H04063,B14,,2026-05-30,2,0,,packaging,0
R14725,H04250,B03,P052,2026-05-30,2,0,,taste,0
R14726,H00156,B16,,2026-05-31,2,0,aftertaste,price,0
R14727,H00285,B35,,2026-05-31,3,0,,energy boost,0
R14728,H00292,B33,,2026-05-31,5,1,price,,1
R14729,H00685,B24,,2026-05-31,5,1,strength,,1
R14730,H00714,B39,,2026-05-31,3,0,texture,,0
R14731,H00992,B34,,2026-05-31,5,1,price,taste,1
R14732,H01152,B07,,2026-05-31,4,1,price,,0
R14733,H01159,B39,,2026-05-31,4,1,jar size,,1
R14734,H01190,B29,,2026-05-31,5,1,portability,,1
R14735,H01414,B21,,2026-05-31,5,1,sweetness,,1
R14736,H01948,B21,,2026-05-31,5,1,aftertaste,,1
R14737,H01969,B21,,2026-05-31,4,1,refreshing,,1
R14738,H01989,B13,,2026-05-31,5,1,taste,,0
R14739,H02078,B32,,2026-05-31,4,1,size,,0
R14740,H02111,B40,,2026-05-31,2,1,,refreshing,0
R14741,H02203,B24,,2026-05-31,2,0,,ingredients,0
R14742,H02263,B07,,2026-05-31,3,0,texture,,0
R14743,H02962,B36,,2026-05-31,5,1,seasoning,,0
R14744,H03261,B24,,2026-05-31,3,1,aroma,,0
R14745,H03388,B10,,2026-05-31,3,0,,strength,0
R14746,H03543,B07,,2026-05-31,5,1,heat,,1
R14747,H03795,B26,,2026-05-31,4,1,portion size,,0
R14748,H03902,B44,,2026-05-31,3,0,,sweetness,1
R14749,H03992,B43,,2026-05-31,4,1,taste,,1
R14750,H04094,B43,,2026-05-31,3,0,,refreshing,0
R14751,H04101,B25,,2026-05-31,3,0,,crunch,1
R14752,H04248,B04,P052,2026-05-31,2,0,,price,0
R14753,H04251,B17,P052,2026-05-31,4,1,refreshing,,0
R14754,H04255,B02,P052,2026-05-31,3,0,,seasoning,0
R14755,H04257,B02,P052,2026-05-31,5,1,packaging,,0
R14756,H04261,B19,,2026-05-31,3,1,heat,,0
R14757,H00164,B46,,2026-06-01,5,1,fizz,,1
R14758,H00453,B45,,2026-06-01,3,1,,sweetness,0
R14759,H00479,B42,,2026-06-01,3,1,ingredients,,0
R14760,H00550,B01,,2026-06-01,4,1,packaging,,0
R14761,H00567,B23,,2026-06-01,3,0,,ingredients,0
R14762,H00580,B13,,2026-06-01,4,1,fizz,,0
R14763,H00592,B44,,2026-06-01,4,1,sweetness,price,1
R14764,H00662,B36,,2026-06-01,4,1,packaging,crunch,0
R14765,H00839,B23,,2026-06-01,5,1,ingredients,,1
R14766,H00907,B33,,2026-06-01,3,1,,packaging,0
R14767,H01158,B44,,2026-06-01,4,1,packaging,,1
R14768,H01170,B48,,2026-06-01,2,0,,packaging,0
R14769,H01243,B09,,2026-06-01,4,1,ingredients,,1
R14770,H01340,B19,,2026-06-01,5,1,flavour depth,,0
R14771,H01380,B33,,2026-06-01,2,0,,packaging,0
R14772,H01691,B24,,2026-06-01,4,1,strength,,1
R14773,H01762,B35,,2026-06-01,5,1,ingredients,,1
R14774,H01767,B25,,2026-06-01,2,0,,crunch,0
R14775,H01935,B29,,2026-06-01,4,1,taste,,0
R14776,H01966,B29,,2026-06-01,2,0,,ingredients,0
R14777,H02098,B36,,2026-06-01,3,0,,saltiness,0
R14778,H02126,B44,,2026-06-01,3,1,taste,,0
R14779,H02162,B45,,2026-06-01,2,0,,price,0
R14780,H02182,B41,,2026-06-01,3,0,,seasoning,1
R14781,H02208,B19,,2026-06-01,4,0,heat,,1
R14782,H02269,B20,,2026-06-01,4,1,refreshing,,1
R14783,H02299,B30,,2026-06-01,3,0,,price,0
R14784,H02301,B13,,2026-06-01,5,1,fizz,,1
R14785,H02368,B06,,2026-06-01,5,1,taste,texture,0
R14786,H02784,B05,,2026-06-01,1,0,,seasoning,0
R14787,H02821,B27,,2026-06-01,3,0,flavour depth,,0
R14788,H03000,B48,,2026-06-01,5,1,portion size,,1
R14789,H03314,B20,,2026-06-01,2,0,,taste,0
R14790,H03534,B21,,2026-06-01,2,0,sweetness,packaging,0
R14791,H03610,B01,,2026-06-01,3,0,price,,0
R14792,H03732,B46,,2026-06-01,3,0,taste,,0
R14793,H03815,B43,,2026-06-01,3,0,,fizz,0
R14794,H03838,B08,,2026-06-01,5,1,versatility,,1
R14795,H03851,B21,,2026-06-01,5,1,refreshing,,1
R14796,H03856,B33,,2026-06-01,4,1,fizz,,1
R14797,H03879,B21,,2026-06-01,4,1,price,,0
R14798,H04097,B21,,2026-06-01,4,1,refreshing,,0
R14799,H04254,B02,P052,2026-06-01,4,0,price,,0
R14800,H00012,B24,,2026-06-02,3,0,price,,0
R14801,H00041,B38,,2026-06-02,5,1,sweetness,,1
R14802,H00279,B20,,2026-06-02,2,1,,price,0
R14803,H00373,B46,,2026-06-02,5,1,price,,1
R14804,H00472,B10,,2026-06-02,2,0,,packaging,0
R14805,H01369,B34,,2026-06-02,4,1,ingredients,,0
R14806,H01502,B17,,2026-06-02,3,0,aftertaste,,1
R14807,H01657,B45,,2026-06-02,3,1,,price,0
R14808,H01697,B19,,2026-06-02,2,1,,heat,0
R14809,H01844,B45,,2026-06-02,3,1,,taste,0
R14810,H02153,B32,,2026-06-02,3,1,,size,0
R14811,H02336,B19,,2026-06-02,5,1,flavour depth,,0
R14812,H02367,B38,,2026-06-02,3,1,,price,0
R14813,H02405,B28,,2026-06-02,3,0,energy boost,,1
R14814,H02523,B46,,2026-06-02,5,1,packaging,,1
R14815,H02780,B33,,2026-06-02,5,1,sweetness,,1
R14816,H02925,B39,,2026-06-02,5,1,price,heat,1
R14817,H02925,B49,,2026-06-02,3,0,texture,,1
R14818,H02965,B19,,2026-06-02,2,0,heat,versatility,0
R14819,H03206,B36,,2026-06-02,3,0,,price,0
R14820,H03325,B25,,2026-06-02,4,1,saltiness,portion size,1
R14821,H03332,B17,,2026-06-02,3,0,aftertaste,,1
R14822,H03369,B08,,2026-06-02,4,1,price,versatility,0
R14823,H03425,B12,,2026-06-02,3,0,packaging,,0
R14824,H03471,B36,,2026-06-02,4,1,price,seasoning,1
R14825,H03539,B03,,2026-06-02,2,1,portability,taste,0
R14826,H03831,B12,,2026-06-02,4,0,aftertaste,,1
R14827,H04253,B02,P052,2026-06-02,5,1,price,,0
R14828,H04253,B04,P052,2026-06-02,3,0,portion size,,0
R14829,H00246,B30,,2026-06-03,2,0,,texture,0
R14830,H00417,B43,,2026-06-03,4,1,price,,0
R14831,H00424,B16,,2026-06-03,3,0,,aftertaste,1
R14832,H00480,B37,,2026-06-03,2,0,,ingredients,0
R14833,H00660,B07,,2026-06-03,4,1,heat,,0
R14834,H00932,B33,,2026-06-03,4,0,aftertaste,,1
R14835,H00941,B37,,2026-06-03,2,0,,price,0
R14836,H00999,B45,,2026-06-03,4,1,aftertaste,,1
R14837,H01035,B13,,2026-06-03,3,0,,refreshing,0
R14838,H01042,B02,,2026-06-03,2,0,price,portion size,0
R14839,H01168,B49,,2026-06-03,4,1,packaging,,1
R14840,H01494,B33,,2026-06-03,5,1,packaging,price,1
R14841,H01751,B31,,2026-06-03,5,1,jar size,,1
R14842,H01922,B36,,2026-06-03,3,1,saltiness,,0
R14843,H02070,B34,,2026-06-03,4,0,strength,,0
R14844,H02344,B26,,2026-06-03,4,0,seasoning,saltiness,1
R14845,H02374,B26,,2026-06-03,4,1,seasoning,,0
R14846,H02426,B36,,2026-06-03,4,1,saltiness,seasoning,1
R14847,H02466,B31,,2026-06-03,2,0,versatility,heat,0
R14848,H02663,B01,,2026-06-03,5,1,portion size,,1
R14849,H02897,B37,,2026-06-03,2,0,,taste,1
R14850,H03011,B21,,2026-06-03,5,1,fizz,,0
R14851,H03146,B11,,2026-06-03,4,0,taste,,0
R14852,H03202,B19,,2026-06-03,2,1,flavour depth,jar size,0
R14853,H03553,B11,,2026-06-03,3,1,taste,,1
R14854,H04061,B22,,2026-06-03,3,0,,texture,0
R14855,H04248,B26,P052,2026-06-03,5,1,portion size,,1
R14856,H00099,B44,,2026-06-04,3,1,fizz,,0
R14857,H00103,B16,,2026-06-04,5,1,fizz,refreshing,1
R14858,H00185,B43,,2026-06-04,4,1,refreshing,,0
R14859,H00319,B14,,2026-06-04,4,1,fizz,,0
R14860,H00449,B04,,2026-06-04,3,1,crunch,,0
R14861,H00516,B03,,2026-06-04,3,1,portability,,1
R14862,H00597,B47,,2026-06-04,3,1,price,,0
R14863,H00634,B38,,2026-06-04,4,0,price,,0
R14864,H00979,B16,,2026-06-04,2,0,packaging,aftertaste,0
R14865,H01049,B16,,2026-06-04,5,1,aftertaste,refreshing,1
R14866,H01088,B11,,2026-06-04,3,1,packaging,,0
R14867,H01132,B22,,2026-06-04,2,0,,ingredients,0
R14868,H01334,B16,,2026-06-04,2,0,,price,0
R14869,H01379,B18,,2026-06-04,5,1,aftertaste,,1
R14870,H01501,B44,,2026-06-04,4,1,aftertaste,sweetness,1
R14871,H01597,B28,,2026-06-04,3,0,,texture,1
R14872,H01836,B30,,2026-06-04,1,0,texture,versatility,0
R14873,H02092,B36,,2026-06-04,3,0,seasoning,,1
R14874,H02145,B46,,2026-06-04,3,1,,price,0
R14875,H02350,B45,,2026-06-04,2,0,,price,0
R14876,H02388,B47,,2026-06-04,3,0,,sweetness,0
R14877,H02409,B49,,2026-06-04,4,0,packaging,,1
R14878,H02566,B49,,2026-06-04,4,1,price,,0
R14879,H02611,B46,,2026-06-04,4,1,sweetness,,0
R14880,H02744,B22,,2026-06-04,4,1,texture,,1
R14881,H02801,B01,,2026-06-04,2,0,,price,0
R14882,H03059,B10,,2026-06-04,3,1,packaging,,1
R14883,H03091,B05,,2026-06-04,4,1,price,portion size,0
R14884,H03335,B46,,2026-06-04,2,0,,aftertaste,0
R14885,H03565,B18,,2026-06-04,5,1,aftertaste,,1
R14886,H03571,B03,,2026-06-04,2,1,,ingredients,0
R14887,H03605,B05,,2026-06-04,3,1,portion size,,0
R14888,H03672,B29,,2026-06-04,3,1,,energy boost,0
R14889,H03790,B17,,2026-06-04,1,0,packaging,aftertaste,0
R14890,H03908,B43,,2026-06-04,4,0,sweetness,,0
R14891,H03990,B24,,2026-06-04,4,1,aroma,,1
R14892,H03993,B24,,2026-06-04,4,1,taste,,1
R14893,H04009,B37,,2026-06-04,3,0,,texture,1
R14894,H04254,B17,P052,2026-06-04,4,1,refreshing,,1
R14895,H00198,B16,,2026-06-05,3,0,price,,1
R14896,H00347,B08,,2026-06-05,4,1,price,,0
R14897,H00653,B36,,2026-06-05,2,0,saltiness,portion size,0
R14898,H00766,B30,,2026-06-05,4,1,price,,1
R14899,H00892,B36,,2026-06-05,2,1,seasoning,price,0
R14900,H01019,B28,,2026-06-05,3,1,price,,0
R14901,H01122,B28,,2026-06-05,2,0,energy boost,texture,0
R14902,H01193,B45,,2026-06-05,5,1,price,,1
R14903,H01760,B15,,2026-06-05,3,0,sweetness,,0
R14904,H01829,B08,,2026-06-05,3,0,heat,,0
R14905,H01934,B44,,2026-06-05,2,0,,refreshing,0
R14906,H01970,B24,,2026-06-05,4,0,taste,ingredients,1
R14907,H02132,B33,,2026-06-05,3,1,,aftertaste,0
R14908,H02280,B26,,2026-06-05,4,0,crunch,,1
R14909,H02374,B41,,2026-06-05,3,0,crunch,,0
R14910,H02401,B46,,2026-06-05,5,1,taste,,1
R14911,H02405,B19,,2026-06-05,5,0,versatility,,1
R14912,H02419,B22,,2026-06-05,2,0,,sweetness,0
R14913,H02483,B40,,2026-06-05,4,1,packaging,,0
R14914,H02503,B17,,2026-06-05,3,0,,taste,0
R14915,H02598,B11,,2026-06-05,4,0,refreshing,fizz,0
R14916,H02757,B33,,2026-06-05,2,0,,sweetness,0
R14917,H02974,B41,,2026-06-05,2,0,,crunch,0
R14918,H03041,B31,,2026-06-05,3,0,heat,,0
R14919,H03552,B36,,2026-06-05,3,0,seasoning,,0
R14920,H03772,B29,,2026-06-05,3,1,,ingredients,0
R14921,H04063,B16,,2026-06-05,3,0,,packaging,0
R14922,H04172,B30,,2026-06-05,2,0,versatility,price,1
R14923,H04249,B26,P052,2026-06-05,4,1,packaging,,0
R14924,H04253,B17,P052,2026-06-05,4,1,packaging,aftertaste,0
R14925,H00046,B46,,2026-06-06,5,1,price,,0
R14926,H00285,B28,,2026-06-06,1,0,price,taste,0
R14927,H00286,B49,,2026-06-06,3,1,packaging,,0
R14928,H00497,B42,,2026-06-06,2,0,,taste,0
R14929,H00577,B09,,2026-06-06,3,1,ingredients,,0
R14930,H00581,B08,,2026-06-06,5,1,jar size,,0
R14931,H00981,B39,,2026-06-06,2,0,,versatility,0
R14932,H01050,B12,,2026-06-06,5,1,taste,,1
R14933,H01089,B14,,2026-06-06,5,1,taste,,1
R14934,H01106,B32,,2026-06-06,5,1,price,,1
R14935,H01302,B06,,2026-06-06,4,1,taste,,0
R14936,H01480,B04,,2026-06-06,2,0,,seasoning,0
R14937,H01481,B25,,2026-06-06,5,1,seasoning,,1
R14938,H01751,B44,,2026-06-06,4,1,refreshing,,0
R14939,H01784,B47,,2026-06-06,4,1,packaging,,0
R14940,H01944,B07,,2026-06-06,3,1,price,,0
R14941,H02021,B09,,2026-06-06,2,0,,ingredients,0
R14942,H02112,B03,,2026-06-06,2,0,,energy boost,0
R14943,H02189,B19,,2026-06-06,3,0,,price,1
R14944,H02245,B37,,2026-06-06,3,1,ingredients,,0
R14945,H02374,B29,,2026-06-06,4,1,energy boost,,0
R14946,H02378,B12,,2026-06-06,4,0,fizz,,1
R14947,H02469,B35,,2026-06-06,2,0,,energy boost,0
R14948,H02550,B10,,2026-06-06,4,1,taste,strength,0
R14949,H02631,B48,,2026-06-06,2,0,,crunch,0
R14950,H02724,B25,,2026-06-06,2,0,,seasoning,0
R14951,H02845,B35,,2026-06-06,5,1,energy boost,,1
R14952,H02951,B38,,2026-06-06,4,0,sweetness,,0
R14953,H03027,B31,,2026-06-06,5,1,texture,,1
R14954,H03136,B16,,2026-06-06,3,0,,price,0
R14955,H03146,B43,,2026-06-06,4,1,price,,0
R14956,H03169,B15,,2026-06-06,3,0,,sweetness,0
R14957,H03214,B14,,2026-06-06,5,1,packaging,aftertaste,0
R14958,H03243,B19,,2026-06-06,5,1,jar size,flavour depth,0
R14959,H03244,B02,,2026-06-06,3,1,,crunch,0
R14960,H03252,B14,,2026-06-06,2,0,,aftertaste,0
R14961,H03360,B38,,2026-06-06,3,1,,taste,0
R14962,H03460,B33,,2026-06-06,5,1,price,,1
R14963,H03532,B49,,2026-06-06,3,0,taste,,0
R14964,H03774,B32,,2026-06-06,4,1,usefulness,,0
R14965,H04087,B38,,2026-06-06,3,0,packaging,,0
R14966,H04249,B03,P052,2026-06-06,4,0,taste,texture,0
R14967,H04251,B04,P052,2026-06-06,3,0,packaging,,0
R14968,H04257,B04,P052,2026-06-06,4,1,portion size,,0
R14969,H04257,B17,P052,2026-06-06,3,0,aftertaste,,0
R14970,H04290,B26,P053,2026-06-06,3,1,price,,1
R14971,H04291,B24,P053,2026-06-06,3,0,,taste,0
R14972,H04295,B07,P053,2026-06-06,4,1,heat,,0
R14973,H04316,B07,P053,2026-06-06,3,0,price,,0
R14974,H04317,B24,P053,2026-06-06,4,1,strength,,1
R14975,H04317,B42,P053,2026-06-06,3,0,packaging,,1
R14976,H00066,B25,,2026-06-07,3,1,,seasoning,1
R14977,H00192,B17,,2026-06-07,5,1,fizz,,1
R14978,H00406,B43,,2026-06-07,3,0,aftertaste,,0
R14979,H00415,B10,,2026-06-07,4,1,packaging,taste,0
R14980,H00497,B27,,2026-06-07,5,0,heat,texture,1
R14981,H00539,B21,,2026-06-07,5,1,aftertaste,price,1
R14982,H00541,B25,,2026-06-07,3,0,saltiness,,0
R14983,H00562,B20,,2026-06-07,4,1,price,,1
R14984,H00568,B39,,2026-06-07,3,0,,texture,0
R14985,H00644,B06,,2026-06-07,3,0,,sweetness,1
R14986,H00707,B12,,2026-06-07,4,1,sweetness,,1
R14987,H00736,B38,,2026-06-07,5,1,packaging,,0
R14988,H00797,B11,,2026-06-07,3,0,aftertaste,,0
R14989,H00959,B27,,2026-06-07,5,1,heat,,0
R14990,H00990,B25,,2026-06-07,4,1,price,,1
R14991,H01158,B47,,2026-06-07,3,0,,ingredients,0
R14992,H01435,B25,,2026-06-07,4,0,packaging,,0
R14993,H01575,B09,,2026-06-07,3,0,taste,,1
R14994,H01791,B08,,2026-06-07,5,1,jar size,texture,1
R14995,H01818,B04,,2026-06-07,4,1,crunch,price,1
R14996,H02013,B24,,2026-06-07,5,1,price,,0
R14997,H02021,B14,,2026-06-07,4,0,refreshing,,1
R14998,H02022,B33,,2026-06-07,4,0,packaging,,1
R14999,H02092,B43,,2026-06-07,5,1,refreshing,,1
R15000,H02125,B13,,2026-06-07,4,1,aftertaste,,0
R15001,H02128,B40,,2026-06-07,2,0,,sweetness,0
R15002,H02390,B16,,2026-06-07,3,1,packaging,,0
R15003,H02406,B37,,2026-06-07,2,1,,sweetness,0
R15004,H02678,B25,,2026-06-07,2,0,packaging,portion size,0
R15005,H02701,B45,,2026-06-07,2,0,sweetness,taste,0
R15006,H02742,B12,,2026-06-07,3,0,packaging,,1
R15007,H03305,B02,,2026-06-07,5,1,crunch,,1
R15008,H03317,B29,,2026-06-07,5,1,portability,,1
R15009,H03408,B47,,2026-06-07,2,0,,packaging,0
R15010,H03445,B01,,2026-06-07,3,1,,packaging,0
R15011,H03568,B04,,2026-06-07,4,1,saltiness,,1
R15012,H03617,B10,,2026-06-07,4,1,taste,,0
R15013,H03716,B15,,2026-06-07,3,0,,sweetness,0
R15014,H03888,B23,,2026-06-07,2,0,,texture,0
R15015,H04034,B40,,2026-06-07,2,0,refreshing,aftertaste,0
R15016,H04116,B45,,2026-06-07,4,1,sweetness,,0
R15017,H04292,B07,P053,2026-06-07,3,0,,price,0
R15018,H04297,B24,P053,2026-06-07,4,1,aroma,,0
R15019,H04298,B07,P053,2026-06-07,2,0,,jar size,0
R15020,H04299,B24,P053,2026-06-07,4,0,price,,0
R15021,H04300,B26,P053,2026-06-07,3,1,,portion size,0
R15022,H04307,B42,P053,2026-06-07,3,0,taste,,1
R15023,H04311,B42,P053,2026-06-07,4,1,ingredients,,0
R15024,H04315,B26,P053,2026-06-07,4,0,price,,0
R15025,H04315,B42,P053,2026-06-07,3,1,aroma,,1
R15026,H04318,B42,P053,2026-06-07,2,0,,taste,0
R15027,H04322,B16,,2026-06-07,2,1,,price,0
R15028,H00103,B24,,2026-06-08,2,0,aroma,price,0
R15029,H00244,B20,,2026-06-08,2,0,,packaging,0
R15030,H00479,B24,,2026-06-08,5,1,packaging,,1
R15031,H01027,B10,,2026-06-08,2,0,,ingredients,0
R15032,H01642,B48,,2026-06-08,2,0,,seasoning,1
R15033,H01660,B09,,2026-06-08,3,0,packaging,,0
R15034,H01729,B43,,2026-06-08,4,1,aftertaste,packaging,0
R15035,H01794,B12,,2026-06-08,3,0,sweetness,,1
R15036,H01872,B46,,2026-06-08,4,1,taste,,0
R15037,H01882,B49,,2026-06-08,4,1,ingredients,,1
R15038,H01914,B30,,2026-06-08,3,1,,flavour depth,0
R15039,H02021,B13,,2026-06-08,2,0,,fizz,0
R15040,H02032,B48,,2026-06-08,5,1,portion size,,0
R15041,H02433,B17,,2026-06-08,2,0,,sweetness,0
R15042,H02582,B18,,2026-06-08,4,1,sweetness,,1
R15043,H02643,B47,,2026-06-08,4,0,price,ingredients,0
R15044,H02649,B31,,2026-06-08,4,1,texture,,0
R15045,H02654,B43,,2026-06-08,5,1,price,,1
R15046,H02970,B43,,2026-06-08,5,1,refreshing,,1
R15047,H02975,B27,,2026-06-08,5,1,flavour depth,,1
R15048,H03027,B11,,2026-06-08,5,1,refreshing,,1
R15049,H03099,B40,,2026-06-08,4,1,price,,1
R15050,H03560,B01,,2026-06-08,5,1,price,,1
R15051,H03565,B12,,2026-06-08,3,0,,packaging,0
R15052,H03643,B31,,2026-06-08,4,0,versatility,,0
R15053,H03799,B31,,2026-06-08,2,0,,price,0
R15054,H03841,B30,,2026-06-08,4,1,texture,,1
R15055,H03959,B08,,2026-06-08,3,0,,texture,1
R15056,H03995,B37,,2026-06-08,2,0,,sweetness,0
R15057,H04114,B30,,2026-06-08,1,0,,versatility,0
R15058,H04117,B31,,2026-06-08,2,0,texture,price,0
R15059,H04266,B14,,2026-06-08,4,1,aftertaste,,1
R15060,H04313,B07,P053,2026-06-08,4,1,price,,0
R15061,H00046,B22,,2026-06-09,3,1,price,,0
R15062,H00106,B36,,2026-06-09,3,0,price,,0
R15063,H00195,B16,,2026-06-09,4,1,sweetness,,1
R15064,H00265,B43,,2026-06-09,3,0,sweetness,,0
R15065,H00399,B22,,2026-06-09,2,0,,texture,0
R15066,H00467,B20,,2026-06-09,4,0,price,,0
R15067,H00576,B42,,2026-06-09,5,1,taste,,1
R15068,H00634,B10,,2026-06-09,3,0,,ingredients,0
R15069,H00829,B15,,2026-06-09,5,1,fizz,,1
R15070,H01026,B21,,2026-06-09,4,0,sweetness,taste,1
R15071,H01157,B14,,2026-06-09,3,0,,refreshing,0
R15072,H01180,B19,,2026-06-09,3,1,,heat,0
R15073,H01358,B12,,2026-06-09,4,1,aftertaste,,1
R15074,H01453,B15,,2026-06-09,4,1,fizz,,1
R15075,H01478,B28,,2026-06-09,3,0,,energy boost,0
R15076,H02014,B48,,2026-06-09,3,0,,packaging,0
R15077,H02098,B02,,2026-06-09,4,1,saltiness,crunch,0
R15078,H02177,B36,,2026-06-09,2,0,seasoning,portion size,0
R15079,H02179,B26,,2026-06-09,2,0,portion size,saltiness,0
R15080,H02401,B13,,2026-06-09,4,1,price,,0
R15081,H02418,B34,,2026-06-09,3,1,,price,0
R15082,H02553,B25,,2026-06-09,4,0,saltiness,,1
R15083,H02674,B43,,2026-06-09,5,1,aftertaste,,1
R15084,H02936,B10,,2026-06-09,4,1,ingredients,,1
R15085,H03182,B02,,2026-06-09,5,1,price,,1
R15086,H03251,B19,,2026-06-09,4,0,price,heat,1
R15087,H03282,B09,,2026-06-09,2,0,,texture,1
R15088,H03445,B44,,2026-06-09,2,0,sweetness,aftertaste,0
R15089,H03536,B49,,2026-06-09,5,1,texture,ingredients,1
R15090,H03589,B37,,2026-06-09,4,1,taste,,1
R15091,H03624,B26,,2026-06-09,4,1,seasoning,,1
R15092,H03640,B08,,2026-06-09,4,1,jar size,,0
R15093,H03705,B05,,2026-06-09,3,0,crunch,,0
R15094,H03811,B23,,2026-06-09,3,0,sweetness,,0
R15095,H04049,B17,,2026-06-09,3,0,,taste,1
R15096,H04068,B46,,2026-06-09,3,0,,taste,0
R15097,H04094,B14,,2026-06-09,3,1,,packaging,1
R15098,H04266,B48,,2026-06-09,3,0,packaging,,0
R15099,H04284,B19,,2026-06-09,2,0,,price,0
R15100,H04305,B46,P053,2026-06-09,3,0,aftertaste,,1
R15101,H04310,B26,P053,2026-06-09,4,1,seasoning,,0
R15102,H00154,B02,,2026-06-10,5,1,portion size,,1
R15103,H00220,B14,,2026-06-10,2,0,,taste,0
R15104,H00347,B24,,2026-06-10,5,1,taste,,1
R15105,H00401,B26,,2026-06-10,4,0,price,saltiness,0
R15106,H00567,B33,,2026-06-10,4,1,fizz,,0
R15107,H00593,B17,,2026-06-10,3,0,aftertaste,,0
R15108,H00650,B21,,2026-06-10,5,1,price,,1
R15109,H00717,B42,,2026-06-10,3,1,aroma,,1
R15110,H00921,B46,,2026-06-10,4,1,fizz,,0
R15111,H00954,B44,,2026-06-10,3,1,refreshing,,0
R15112,H01038,B37,,2026-06-10,2,0,,packaging,0
R15113,H01333,B10,,2026-06-10,3,0,packaging,,0
R15114,H01417,B44,,2026-06-10,3,0,,taste,0
R15115,H01419,B41,,2026-06-10,3,1,,packaging,0
R15116,H01437,B06,,2026-06-10,3,1,taste,,0
R15117,H01446,B28,,2026-06-10,3,1,,ingredients,0
R15118,H01474,B24,,2026-06-10,2,0,packaging,strength,0
R15119,H01575,B46,,2026-06-10,3,1,packaging,,0
R15120,H01610,B28,,2026-06-10,5,1,ingredients,portability,1
R15121,H01709,B22,,2026-06-10,2,0,,price,0
R15122,H01719,B14,,2026-06-10,3,0,aftertaste,,0
R15123,H01781,B21,,2026-06-10,4,1,refreshing,,0
R15124,H01943,B45,,2026-06-10,2,0,,aftertaste,0
R15125,H02005,B42,,2026-06-10,4,1,taste,,1
R15126,H02124,B36,,2026-06-10,3,0,,crunch,1
R15127,H02166,B19,,2026-06-10,4,1,versatility,jar size,1
R15128,H02198,B02,,2026-06-10,3,0,,packaging,1
R15129,H02308,B11,,2026-06-10,4,1,fizz,packaging,1
R15130,H02377,B38,,2026-06-10,3,1,packaging,,0
R15131,H02404,B22,,2026-06-10,2,0,,ingredients,0
R15132,H02570,B17,,2026-06-10,2,1,,sweetness,0
R15133,H02703,B26,,2026-06-10,3,0,portion size,,0
R15134,H02729,B38,,2026-06-10,2,0,,sweetness,0
R15135,H02781,B28,,2026-06-10,2,1,,taste,0
R15136,H02860,B03,,2026-06-10,4,1,energy boost,,1
R15137,H03206,B31,,2026-06-10,1,0,,jar size,0
R15138,H03241,B45,,2026-06-10,4,1,sweetness,,0
R15139,H03345,B44,,2026-06-10,3,0,,sweetness,1
R15140,H03346,B18,,2026-06-10,3,0,sweetness,,0
R15141,H03363,B30,,2026-06-10,1,0,,texture,0
R15142,H03462,B21,,2026-06-10,2,0,packaging,aftertaste,0
R15143,H03524,B01,,2026-06-10,3,0,,packaging,0
R15144,H03856,B06,,2026-06-10,5,1,taste,,1
R15145,H03911,B02,,2026-06-10,3,1,,packaging,0
R15146,H04205,B49,,2026-06-10,4,0,price,,0
R15147,H04292,B42,P053,2026-06-10,4,0,packaging,,0
R15148,H04293,B26,P053,2026-06-10,5,1,packaging,,0
R15149,H04296,B07,P053,2026-06-10,4,1,flavour depth,,0
R15150,H04305,B07,P053,2026-06-10,4,1,texture,,0
R15151,H04307,B46,P053,2026-06-10,4,1,aftertaste,,1
R15152,H04308,B46,P053,2026-06-10,3,1,refreshing,,1
R15153,H04309,B24,P053,2026-06-10,3,0,,strength,1
R15154,H00094,B31,,2026-06-11,3,0,,heat,0
R15155,H00185,B44,,2026-06-11,4,0,price,,1
R15156,H00233,B01,,2026-06-11,5,1,price,,1
R15157,H00279,B04,,2026-06-11,4,1,portion size,packaging,0
R15158,H00491,B14,,2026-06-11,3,0,,price,0
R15159,H00565,B27,,2026-06-11,3,0,,jar size,1
R15160,H00733,B33,,2026-06-11,5,1,fizz,,1
R15161,H00986,B04,,2026-06-11,4,1,price,,0
R15162,H01053,B30,,2026-06-11,1,0,,flavour depth,0
R15163,H01127,B20,,2026-06-11,2,0,taste,aftertaste,0
R15164,H01152,B11,,2026-06-11,5,1,sweetness,price,0
R15165,H01503,B38,,2026-06-11,4,1,ingredients,,1
R15166,H01740,B43,,2026-06-11,5,0,refreshing,,1
R15167,H02182,B39,,2026-06-11,3,0,,heat,0
R15168,H02246,B25,,2026-06-11,5,1,portion size,,0
R15169,H02327,B27,,2026-06-11,2,0,,heat,0
R15170,H02484,B24,,2026-06-11,5,1,ingredients,,1
R15171,H02488,B05,,2026-06-11,2,0,,seasoning,0
R15172,H02548,B21,,2026-06-11,5,1,sweetness,,1
R15173,H02583,B27,,2026-06-11,4,1,versatility,,0
R15174,H02618,B43,,2026-06-11,5,1,refreshing,,0
R15175,H02716,B08,,2026-06-11,3,1,texture,,0
R15176,H02969,B29,,2026-06-11,3,0,taste,,0
R15177,H03020,B06,,2026-06-11,3,0,,texture,0
R15178,H03082,B06,,2026-06-11,3,0,,price,0
R15179,H03111,B36,,2026-06-11,2,0,,crunch,0
R15180,H03122,B44,,2026-06-11,4,1,fizz,,1
R15181,H03457,B27,,2026-06-11,4,0,texture,,1
R15182,H03509,B43,,2026-06-11,3,0,,fizz,1
R15183,H03595,B46,,2026-06-11,3,1,refreshing,,1
R15184,H03689,B26,,2026-06-11,2,0,,saltiness,0
R15185,H03730,B02,,2026-06-11,3,1,saltiness,,0
R15186,H04299,B07,P053,2026-06-11,5,1,heat,,0
R15187,H04299,B46,P053,2026-06-11,5,1,fizz,,0
R15188,H04300,B42,P053,2026-06-11,2,0,,strength,1
R15189,H04301,B07,P053,2026-06-11,5,0,price,heat,0
R15190,H04306,B24,P053,2026-06-11,4,1,aroma,,1
R15191,H04308,B42,P053,2026-06-11,4,0,taste,,1
R15192,H04313,B24,P053,2026-06-11,4,1,taste,,0
R15193,H04315,B07,P053,2026-06-11,4,1,price,jar size,0
R15194,H04317,B26,P053,2026-06-11,5,1,price,seasoning,1
R15195,H04349,B26,P054,2026-06-11,4,1,saltiness,seasoning,0
R15196,H04350,B03,P054,2026-06-11,3,1,taste,,0
R15197,H04351,B02,P054,2026-06-11,4,0,crunch,,0
R15198,H04356,B02,P054,2026-06-11,4,1,price,,1
R15199,H04358,B04,P054,2026-06-11,4,1,saltiness,,0
R15200,H04358,B17,P054,2026-06-11,4,1,packaging,,1
R15201,H00020,B08,,2026-06-12,3,0,versatility,,0
R15202,H00238,B40,,2026-06-12,4,1,aftertaste,,1
R15203,H00324,B03,,2026-06-12,3,1,,texture,0
R15204,H00346,B36,,2026-06-12,2,0,portion size,saltiness,0
R15205,H00358,B49,,2026-06-12,3,1,,sweetness,1
R15206,H00423,B04,,2026-06-12,4,1,packaging,,0
R15207,H00501,B31,,2026-06-12,5,1,heat,,1
R15208,H00515,B18,,2026-06-12,5,1,price,,1
R15209,H00540,B02,,2026-06-12,5,1,saltiness,,1
R15210,H00640,B07,,2026-06-12,4,1,versatility,price,1
R15211,H00717,B19,,2026-06-12,4,1,versatility,price,0
R15212,H00738,B04,,2026-06-12,5,1,saltiness,crunch,1
R15213,H00819,B44,,2026-06-12,3,1,taste,,0
R15214,H00835,B26,,2026-06-12,4,1,seasoning,,0
R15215,H00870,B49,,2026-06-12,3,1,,texture,0
R15216,H01110,B16,,2026-06-12,3,1,,taste,1
R15217,H01115,B34,,2026-06-12,5,1,taste,,1
R15218,H01312,B37,,2026-06-12,3,0,,packaging,0
R15219,H01419,B32,,2026-06-12,5,1,size,,1
R15220,H01436,B21,,2026-06-12,4,0,price,,0
R15221,H01628,B20,,2026-06-12,4,0,taste,,0
R15222,H01691,B36,,2026-06-12,3,1,,portion size,1
R15223,H01695,B15,,2026-06-12,4,0,packaging,,0
R15224,H01750,B15,,2026-06-12,4,1,price,,0
R15225,H01925,B15,,2026-06-12,3,1,taste,,1
R15226,H01931,B23,,2026-06-12,3,0,taste,,0
R15227,H01997,B12,,2026-06-12,5,1,sweetness,,1
R15228,H02023,B42,,2026-06-12,4,1,price,,1
R15229,H02294,B14,,2026-06-12,5,1,refreshing,aftertaste,1
R15230,H02312,B12,,2026-06-12,4,0,refreshing,,0
R15231,H02431,B21,,2026-06-12,4,1,packaging,,0
R15232,H02665,B44,,2026-06-12,3,0,fizz,,0
R15233,H02822,B13,,2026-06-12,2,0,,taste,0
R15234,H02897,B04,,2026-06-12,4,0,portion size,,1
R15235,H02921,B26,,2026-06-12,5,1,saltiness,,1
R15236,H02923,B04,,2026-06-12,2,0,,crunch,0
R15237,H03130,B41,,2026-06-12,3,0,,price,0
R15238,H03245,B39,,2026-06-12,5,1,price,,1
R15239,H03265,B14,,2026-06-12,4,1,refreshing,,1
R15240,H03569,B01,,2026-06-12,5,1,seasoning,,1
R15241,H03634,B19,,2026-06-12,4,1,jar size,price,0
R15242,H03846,B45,,2026-06-12,1,0,,fizz,1
R15243,H03908,B09,,2026-06-12,4,1,ingredients,,0
R15244,H03911,B33,,2026-06-12,5,0,aftertaste,,1
R15245,H03923,B39,,2026-06-12,3,0,,versatility,0
R15246,H04108,B48,,2026-06-12,3,0,price,,0
R15247,H04293,B46,P053,2026-06-12,4,1,aftertaste,fizz,0
R15248,H04302,B24,P053,2026-06-12,3,0,aroma,,1
R15249,H04310,B46,P053,2026-06-12,5,1,refreshing,,0
R15250,H04345,B17,P054,2026-06-12,4,1,taste,,0
R15251,H04359,B04,P054,2026-06-12,3,0,,saltiness,0
R15252,H04360,B02,P054,2026-06-12,4,1,seasoning,,1
R15253,H04360,B04,P054,2026-06-12,4,1,price,,1
R15254,H04362,B03,P054,2026-06-12,3,0,price,,0
R15255,H04364,B02,P054,2026-06-12,4,1,saltiness,,1
R15256,H04364,B04,P054,2026-06-12,5,0,saltiness,,1
R15257,H00174,B30,,2026-06-13,4,0,flavour depth,,0
R15258,H00368,B26,,2026-06-13,5,1,price,,1
R15259,H00533,B10,,2026-06-13,4,0,aroma,,0
R15260,H00806,B01,,2026-06-13,2,0,,packaging,0
R15261,H00893,B03,,2026-06-13,4,1,texture,,0
R15262,H00904,B16,,2026-06-13,4,1,aftertaste,price,1
R15263,H00924,B29,,2026-06-13,4,1,ingredients,,1
R15264,H00953,B04,,2026-06-13,4,0,price,,1
R15265,H01044,B35,,2026-06-13,3,0,energy boost,,0
R15266,H01543,B44,,2026-06-13,3,0,price,,0
R15267,H01579,B19,,2026-06-13,4,0,texture,,1
R15268,H01643,B43,,2026-06-13,5,1,aftertaste,,0
R15269,H01700,B05,,2026-06-13,2,0,,seasoning,0
R15270,H01706,B24,,2026-06-13,4,0,strength,,0
R15271,H02298,B43,,2026-06-13,4,1,refreshing,,0
R15272,H02312,B08,,2026-06-13,4,0,texture,,0
R15273,H02365,B34,,2026-06-13,3,0,,aroma,0
R15274,H02602,B19,,2026-06-13,3,0,texture,,1
R15275,H02790,B19,,2026-06-13,5,1,jar size,,0
R15276,H02816,B29,,2026-06-13,3,0,,texture,0
R15277,H02854,B14,,2026-06-13,5,1,sweetness,taste,1
R15278,H02861,B10,,2026-06-13,4,1,taste,,1
R15279,H02879,B01,,2026-06-13,4,0,portion size,,1
R15280,H02936,B21,,2026-06-13,5,1,fizz,,1
R15281,H02963,B38,,2026-06-13,4,1,taste,,0
R15282,H02983,B34,,2026-06-13,5,0,ingredients,,0
R15283,H02985,B07,,2026-06-13,4,0,texture,,0
R15284,H03119,B29,,2026-06-13,3,1,ingredients,,1
R15285,H03198,B47,,2026-06-13,2,0,,sweetness,0
R15286,H03262,B40,,2026-06-13,3,0,,taste,0
R15287,H03378,B36,,2026-06-13,5,1,price,,1
R15288,H03405,B26,,2026-06-13,4,0,portion size,,1
R15289,H03673,B06,,2026-06-13,5,1,price,packaging,1
R15290,H03826,B18,,2026-06-13,5,1,aftertaste,,1
R15291,H03837,B07,,2026-06-13,2,0,versatility,flavour depth,0
R15292,H04026,B11,,2026-06-13,3,0,,refreshing,0
R15293,H04083,B19,,2026-06-13,3,1,,heat,0
R15294,H04293,B24,P053,2026-06-13,4,1,aroma,packaging,0
R15295,H04294,B46,P053,2026-06-13,5,1,packaging,,0
R15296,H04295,B42,P053,2026-06-13,4,1,packaging,,0
R15297,H04295,B46,P053,2026-06-13,5,1,fizz,packaging,0
R15298,H04303,B26,P053,2026-06-13,3,0,portion size,,0
R15299,H04303,B42,P053,2026-06-13,2,1,,ingredients,0
R15300,H04311,B26,P053,2026-06-13,4,0,seasoning,,0
R15301,H04318,B24,P053,2026-06-13,4,1,strength,price,0
R15302,H04347,B26,P054,2026-06-13,4,1,packaging,,0
R15303,H04349,B03,P054,2026-06-13,1,0,,price,1
R15304,H04352,B02,P054,2026-06-13,4,0,crunch,,0
R15305,H04356,B04,P054,2026-06-13,3,0,crunch,,0
R15306,H04362,B26,P054,2026-06-13,4,1,packaging,,1
R15307,H00133,B33,,2026-06-14,3,0,,taste,1
R15308,H00176,B25,,2026-06-14,4,1,price,,1
R15309,H00242,B30,,2026-06-14,4,1,texture,,0
R15310,H00271,B31,,2026-06-14,5,1,versatility,,1
R15311,H00441,B12,,2026-06-14,3,0,,refreshing,0
R15312,H00479,B14,,2026-06-14,2,0,,price,0
R15313,H00488,B28,,2026-06-14,4,1,energy boost,,1
R15314,H00512,B49,,2026-06-14,2,0,,packaging,0
R15315,H00943,B23,,2026-06-14,3,1,price,,0
R15316,H00958,B30,,2026-06-14,4,1,price,,1
R15317,H00989,B43,,2026-06-14,5,1,packaging,fizz,1
R15318,H01065,B08,,2026-06-14,4,1,price,,0
R15319,H01141,B24,,2026-06-14,4,1,ingredients,,0
R15320,H01199,B03,,2026-06-14,5,1,ingredients,,1
R15321,H01240,B47,,2026-06-14,3,0,sweetness,,0
R15322,H01330,B32,,2026-06-14,4,1,build quality,,1
R15323,H01340,B31,,2026-06-14,4,1,jar size,,1
R15324,H01368,B43,,2026-06-14,4,1,aftertaste,,0
R15325,H01485,B12,,2026-06-14,1,0,,aftertaste,0
R15326,H01615,B36,,2026-06-14,3,0,seasoning,,0
R15327,H01768,B12,,2026-06-14,5,1,aftertaste,,1
R15328,H01837,B39,,2026-06-14,4,1,texture,,0
R15329,H01838,B31,,2026-06-14,4,1,flavour depth,,0
R15330,H01842,B39,,2026-06-14,4,1,versatility,texture,1
R15331,H02168,B28,,2026-06-14,4,1,ingredients,portability,0
R15332,H02317,B36,,2026-06-14,2,1,packaging,price,0
R15333,H02331,B46,,2026-06-14,3,0,packaging,,0
R15334,H02360,B43,,2026-06-14,4,1,fizz,,1
R15335,H02417,B08,,2026-06-14,4,1,texture,jar size,1
R15336,H02499,B05,,2026-06-14,2,0,crunch,packaging,0
R15337,H02599,B07,,2026-06-14,4,1,versatility,,0
R15338,H02622,B08,,2026-06-14,3,0,jar size,,0
R15339,H02752,B29,,2026-06-14,2,0,,texture,0
R15340,H02786,B14,,2026-06-14,5,1,aftertaste,,1
R15341,H02849,B21,,2026-06-14,5,1,packaging,,1
R15342,H02851,B06,,2026-06-14,3,1,taste,,0
R15343,H02871,B20,,2026-06-14,4,0,sweetness,,1
R15344,H02919,B14,,2026-06-14,4,0,aftertaste,refreshing,0
R15345,H03026,B30,,2026-06-14,4,1,texture,,1
R15346,H03040,B13,,2026-06-14,3,0,,price,1
R15347,H03091,B10,,2026-06-14,4,1,taste,,0
R15348,H03150,B15,,2026-06-14,2,0,,refreshing,0
R15349,H03207,B27,,2026-06-14,5,1,price,,0
R15350,H03346,B26,,2026-06-14,2,0,,crunch,1
R15351,H03352,B07,,2026-06-14,3,1,,jar size,0
R15352,H03394,B30,,2026-06-14,1,0,,texture,0
R15353,H03538,B13,,2026-06-14,5,1,packaging,,1
R15354,H03598,B14,,2026-06-14,3,0,refreshing,,1
R15355,H03651,B21,,2026-06-14,4,1,fizz,,0
R15356,H03675,B30,,2026-06-14,5,1,flavour depth,,1
R15357,H04024,B04,,2026-06-14,3,0,portion size,,0
R15358,H04055,B20,,2026-06-14,3,0,,taste,0
R15359,H04106,B28,,2026-06-14,5,1,price,,1
R15360,H04345,B02,P054,2026-06-14,3,1,seasoning,,1
R15361,H04353,B26,P054,2026-06-14,3,1,,portion size,0
R15362,H04354,B02,P054,2026-06-14,5,1,price,,0
R15363,H04355,B17,P054,2026-06-14,3,0,packaging,,0
R15364,H04357,B02,P054,2026-06-14,4,1,crunch,packaging,1
R15365,H00138,B25,,2026-06-15,4,1,seasoning,,1
R15366,H00201,B08,,2026-06-15,3,1,price,,0
R15367,H00503,B18,,2026-06-15,3,0,,aftertaste,0
R15368,H00555,B40,,2026-06-15,4,1,packaging,,0
R15369,H00680,B36,,2026-06-15,4,1,saltiness,crunch,1
R15370,H00718,B37,,2026-06-15,3,1,,ingredients,0
R15371,H01144,B35,,2026-06-15,3,1,,texture,0
R15372,H01535,B46,,2026-06-15,5,1,fizz,,1
R15373,H02075,B09,,2026-06-15,3,0,packaging,,0
R15374,H02231,B18,,2026-06-15,4,1,packaging,,0
R15375,H02382,B01,,2026-06-15,2,0,,saltiness,0
R15376,H02400,B04,,2026-06-15,3,1,,packaging,1
R15377,H02550,B14,,2026-06-15,3,1,price,,0
R15378,H02746,B20,,2026-06-15,4,0,refreshing,,1
R15379,H02872,B44,,2026-06-15,3,1,,refreshing,0
R15380,H02977,B30,,2026-06-15,3,1,texture,,0
R15381,H03121,B45,,2026-06-15,4,1,refreshing,packaging,1
R15382,H03147,B25,,2026-06-15,3,1,,seasoning,1
R15383,H03193,B49,,2026-06-15,5,1,taste,,1
R15384,H03399,B29,,2026-06-15,4,1,portability,price,0
R15385,H03822,B49,,2026-06-15,4,1,taste,,0
R15386,H03851,B38,,2026-06-15,3,1,price,,0
R15387,H03983,B37,,2026-06-15,3,1,,texture,0
R15388,H04189,B27,,2026-06-15,4,1,flavour depth,,0
R15389,H04352,B03,P054,2026-06-15,4,0,price,,0
R15390,H04353,B02,P054,2026-06-15,5,1,portion size,,0
R15391,H04358,B03,P054,2026-06-15,5,1,portability,,0
R15392,H04365,B03,P054,2026-06-15,4,1,texture,,0
R15393,H04380,B19,,2026-06-15,2,1,,price,0
R15394,H00104,B06,,2026-06-16,3,0,,price,0
R15395,H00167,B14,,2026-06-16,5,1,packaging,,1
R15396,H00218,B37,,2026-06-16,5,1,texture,,1
R15397,H00545,B39,,2026-06-16,4,1,texture,,1
R15398,H00624,B21,,2026-06-16,3,1,packaging,,0
R15399,H00804,B44,,2026-06-16,4,1,price,,1
R15400,H00893,B05,,2026-06-16,2,0,,price,0
R15401,H01035,B36,,2026-06-16,4,1,crunch,seasoning,1
R15402,H01038,B16,,2026-06-16,3,0,,refreshing,1
R15403,H01088,B28,,2026-06-16,4,1,price,,1
R15404,H01207,B30,,2026-06-16,4,0,heat,,0
R15405,H01257,B43,,2026-06-16,4,1,price,,0
R15406,H01421,B06,,2026-06-16,3,0,,sweetness,0
R15407,H01425,B04,,2026-06-16,5,1,seasoning,,1
R15408,H01427,B42,,2026-06-16,3,0,strength,,1
R15409,H01440,B11,,2026-06-16,3,0,,aftertaste,0
R15410,H01456,B27,,2026-06-16,4,0,jar size,,0
R15411,H01465,B22,,2026-06-16,3,0,texture,,0
R15412,H01578,B29,,2026-06-16,2,1,,taste,0
R15413,H01669,B40,,2026-06-16,5,1,fizz,sweetness,1
R15414,H01826,B48,,2026-06-16,4,1,seasoning,crunch,0
R15415,H01913,B14,,2026-06-16,5,1,packaging,,1
R15416,H01983,B04,,2026-06-16,4,1,portion size,,1
R15417,H02001,B19,,2026-06-16,4,1,texture,,0
R15418,H02063,B30,,2026-06-16,2,0,,versatility,0
R15419,H02118,B40,,2026-06-16,5,1,sweetness,,1
R15420,H02398,B48,,2026-06-16,2,0,packaging,seasoning,0
R15421,H02400,B29,,2026-06-16,4,0,portability,,1
R15422,H02651,B12,,2026-06-16,3,0,refreshing,,0
R15423,H02761,B09,,2026-06-16,1,0,,sweetness,0
R15424,H02835,B14,,2026-06-16,3,1,sweetness,,0
R15425,H02893,B05,,2026-06-16,3,1,portion size,,0
R15426,H03434,B25,,2026-06-16,4,0,seasoning,price,1
R15427,H03561,B33,,2026-06-16,3,0,sweetness,,0
R15428,H03564,B14,,2026-06-16,4,1,taste,,0
R15429,H03663,B39,,2026-06-16,4,1,price,flavour depth,1
R15430,H04094,B37,,2026-06-16,2,0,ingredients,texture,0
R15431,H04346,B03,P054,2026-06-16,3,0,,price,0
R15432,H04350,B17,P054,2026-06-16,3,1,aftertaste,,1
R15433,H04361,B02,P054,2026-06-16,5,1,saltiness,,0
R15434,H00251,B37,,2026-06-17,4,1,ingredients,,0
R15435,H00269,B46,,2026-06-17,4,0,refreshing,,0
R15436,H00355,B29,,2026-06-17,4,1,taste,texture,0
R15437,H00414,B06,,2026-06-17,1,0,ingredients,price,0
R15438,H00762,B33,,2026-06-17,5,1,packaging,,1
R15439,H00786,B19,,2026-06-17,1,0,,jar size,0
R15440,H00922,B37,,2026-06-17,3,1,sweetness,,0
R15441,H01249,B33,,2026-06-17,2,1,aftertaste,sweetness,0
R15442,H01280,B21,,2026-06-17,4,1,sweetness,,1
R15443,H01282,B17,,2026-06-17,1,0,,sweetness,0
R15444,H01354,B25,,2026-06-17,3,0,,portion size,0
R15445,H01415,B24,,2026-06-17,2,0,,price,0
R15446,H01552,B08,,2026-06-17,4,1,price,,0
R15447,H01640,B39,,2026-06-17,5,1,versatility,,1
R15448,H01907,B40,,2026-06-17,4,1,taste,,1
R15449,H01909,B10,,2026-06-17,3,0,,price,0
R15450,H01941,B29,,2026-06-17,4,1,taste,,0
R15451,H02038,B43,,2026-06-17,4,1,refreshing,,0
R15452,H02101,B23,,2026-06-17,1,0,,packaging,0
R15453,H02114,B26,,2026-06-17,5,1,crunch,packaging,1
R15454,H02188,B48,,2026-06-17,4,1,price,,1
R15455,H02219,B22,,2026-06-17,3,0,,ingredients,0
R15456,H02407,B27,,2026-06-17,4,1,texture,,0
R15457,H02430,B42,,2026-06-17,3,1,,packaging,0
R15458,H02510,B15,,2026-06-17,4,0,aftertaste,,1
R15459,H02521,B26,,2026-06-17,3,1,crunch,,0
R15460,H02622,B43,,2026-06-17,3,0,,refreshing,0
R15461,H02721,B10,,2026-06-17,2,0,,packaging,0
R15462,H02751,B36,,2026-06-17,3,0,,packaging,0
R15463,H02851,B43,,2026-06-17,5,1,price,,1
R15464,H02915,B14,,2026-06-17,4,0,refreshing,,1
R15465,H02979,B06,,2026-06-17,4,1,packaging,taste,0
R15466,H03219,B29,,2026-06-17,5,1,energy boost,,1
R15467,H03400,B35,,2026-06-17,3,0,,texture,0
R15468,H03638,B47,,2026-06-17,3,1,ingredients,,1
R15469,H03734,B22,,2026-06-17,4,1,sweetness,ingredients,0
R15470,H03783,B44,,2026-06-17,2,0,,aftertaste,0
R15471,H03909,B45,,2026-06-17,1,0,packaging,aftertaste,0
R15472,H03926,B14,,2026-06-17,3,0,,packaging,0
R15473,H03931,B39,,2026-06-17,5,1,texture,,1
R15474,H03947,B15,,2026-06-17,3,1,,sweetness,1
R15475,H03972,B11,,2026-06-17,2,0,,refreshing,0
R15476,H04115,B06,,2026-06-17,4,1,taste,,0
R15477,H04140,B21,,2026-06-17,5,1,aftertaste,,1
R15478,H04187,B38,,2026-06-17,4,1,taste,,1
R15479,H04328,B07,,2026-06-17,5,1,price,jar size,1
R15480,H04345,B03,P054,2026-06-17,2,0,,price,0
R15481,H04346,B04,P054,2026-06-17,4,1,packaging,,0
R15482,H04347,B04,P054,2026-06-17,4,1,crunch,,1
R15483,H04360,B03,P054,2026-06-17,3,1,portability,,1
R15484,H04364,B26,P054,2026-06-17,5,1,crunch,,0
R15485,H04391,B19,,2026-06-17,5,0,versatility,,0
R15486,H00187,B34,,2026-06-18,2,0,,taste,0
R15487,H00284,B02,,2026-06-18,3,0,crunch,,1
R15488,H00423,B02,,2026-06-18,3,1,packaging,,0
R15489,H00463,B49,,2026-06-18,2,0,texture,price,0
R15490,H00564,B47,,2026-06-18,3,0,,packaging,0
R15491,H00602,B39,,2026-06-18,4,1,flavour depth,price,0
R15492,H00613,B43,,2026-06-18,4,0,sweetness,fizz,0
R15493,H00809,B37,,2026-06-18,2,0,,sweetness,0
R15494,H00818,B39,,2026-06-18,4,1,flavour depth,,0
R15495,H01540,B47,,2026-06-18,3,0,,texture,0
R15496,H01656,B39,,2026-06-18,3,0,price,,0
R15497,H01974,B31,,2026-06-18,4,1,versatility,,1
R15498,H02204,B17,,2026-06-18,5,0,packaging,,1
R15499,H02204,B03,,2026-06-18,3,0,texture,,0
R15500,H02351,B19,,2026-06-18,3,0,,versatility,0
R15501,H02395,B08,,2026-06-18,4,1,flavour depth,jar size,0
R15502,H02454,B34,,2026-06-18,2,0,,aroma,0
R15503,H02659,B28,,2026-06-18,4,1,ingredients,,1
R15504,H03032,B01,,2026-06-18,3,1,,price,0
R15505,H03102,B41,,2026-06-18,4,1,seasoning,,0
R15506,H03377,B15,,2026-06-18,3,1,sweetness,,0
R15507,H03538,B32,,2026-06-18,4,0,usefulness,price,1
R15508,H03578,B09,,2026-06-18,5,1,sweetness,,1
R15509,H03580,B39,,2026-06-18,5,1,texture,,1
R15510,H03692,B36,,2026-06-18,2,0,,portion size,0
R15511,H03694,B19,,2026-06-18,3,0,flavour depth,,1
R15512,H03983,B14,,2026-06-18,3,0,,price,0
R15513,H04007,B39,,2026-06-18,4,1,flavour depth,,0
R15514,H04177,B34,,2026-06-18,2,0,,strength,0
R15515,H04212,B06,,2026-06-18,4,1,price,,0
R15516,H04352,B17,P054,2026-06-18,3,0,price,,1
R15517,H04379,B02,,2026-06-18,3,0,price,,0
R15518,H00170,B28,,2026-06-19,3,1,taste,,1
R15519,H00266,B06,,2026-06-19,2,0,,taste,0
R15520,H00371,B03,,2026-06-19,3,1,,price,0
R15521,H00375,B42,,2026-06-19,2,1,,price,1
R15522,H00557,B39,,2026-06-19,4,1,jar size,price,1
R15523,H00607,B17,,2026-06-19,5,1,refreshing,,1
R15524,H00930,B24,,2026-06-19,4,1,aroma,,0
R15525,H00957,B33,,2026-06-19,3,1,,fizz,1
R15526,H00979,B29,,2026-06-19,2,0,energy boost,texture,0
R15527,H01050,B21,,2026-06-19,4,0,fizz,,1
R15528,H01169,B03,,2026-06-19,3,0,energy boost,,0
R15529,H01171,B18,,2026-06-19,3,1,,packaging,0
R15530,H01171,B13,,2026-06-19,3,1,,fizz,0
R15531,H01206,B41,,2026-06-19,3,1,,crunch,0
R15532,H01417,B07,,2026-06-19,3,0,,price,0
R15533,H01486,B39,,2026-06-19,4,1,flavour depth,,0
R15534,H01576,B16,,2026-06-19,4,1,refreshing,,0
R15535,H01666,B30,,2026-06-19,3,0,,versatility,1
R15536,H01692,B15,,2026-06-19,3,0,,taste,0
R15537,H01894,B36,,2026-06-19,3,0,,seasoning,1
R15538,H02069,B37,,2026-06-19,4,1,texture,,1
R15539,H02103,B42,,2026-06-19,3,0,taste,,0
R15540,H02195,B29,,2026-06-19,2,0,,texture,0
R15541,H02363,B39,,2026-06-19,4,1,jar size,,0
R15542,H02601,B04,,2026-06-19,5,1,packaging,,0
R15543,H02620,B18,,2026-06-19,5,1,aftertaste,taste,1
R15544,H02658,B43,,2026-06-19,4,1,refreshing,,0
R15545,H02675,B04,,2026-06-19,2,1,,price,0
R15546,H02715,B20,,2026-06-19,3,0,,refreshing,1
R15547,H02773,B40,,2026-06-19,3,0,refreshing,,1
R15548,H02804,B30,,2026-06-19,4,1,jar size,,1
R15549,H02837,B44,,2026-06-19,4,1,refreshing,,0
R15550,H02899,B48,,2026-06-19,3,1,packaging,,0
R15551,H02915,B23,,2026-06-19,3,0,texture,,0
R15552,H02924,B24,,2026-06-19,4,1,ingredients,,1
R15553,H03543,B12,,2026-06-19,4,1,taste,,1
R15554,H03586,B07,,2026-06-19,4,1,heat,,0
R15555,H03698,B25,,2026-06-19,2,0,,seasoning,1
R15556,H03701,B11,,2026-06-19,4,1,aftertaste,,0
R15557,H03865,B14,,2026-06-19,4,0,taste,,0
R15558,H03956,B44,,2026-06-19,5,1,refreshing,,0
R15559,H04297,B19,,2026-06-19,4,1,jar size,,0
R15560,H04312,B11,,2026-06-19,3,1,,packaging,0
R15561,H04333,B08,,2026-06-19,5,1,jar size,,1
R15562,H04384,B25,,2026-06-19,5,1,saltiness,packaging,1
R15563,H00127,B47,,2026-06-20,3,0,ingredients,,1
R15564,H00376,B43,,2026-06-20,5,1,fizz,,1
R15565,H00428,B02,,2026-06-20,4,1,portion size,,0
R15566,H00445,B38,,2026-06-20,3,0,,texture,0
R15567,H00671,B22,,2026-06-20,5,1,ingredients,,1
R15568,H00775,B22,,2026-06-20,3,0,,packaging,0
R15569,H01018,B31,,2026-06-20,5,1,flavour depth,texture,1
R15570,H01024,B43,,2026-06-20,5,1,refreshing,,0
R15571,H01081,B20,,2026-06-20,3,0,,packaging,1
R15572,H01097,B31,,2026-06-20,1,0,,texture,0
R15573,H01114,B06,,2026-06-20,3,1,price,,0
R15574,H01203,B49,,2026-06-20,4,1,ingredients,,0
R15575,H01314,B15,,2026-06-20,5,1,packaging,,1
R15576,H01343,B14,,2026-06-20,5,1,packaging,,1
R15577,H01446,B17,,2026-06-20,3,0,,price,1
R15578,H01542,B02,,2026-06-20,2,0,,seasoning,0
R15579,H01549,B14,,2026-06-20,3,0,,fizz,0
R15580,H01597,B43,,2026-06-20,4,0,price,,0
R15581,H01601,B18,,2026-06-20,5,1,aftertaste,packaging,1
R15582,H01642,B49,,2026-06-20,3,0,,ingredients,1
R15583,H01811,B22,,2026-06-20,2,0,,price,0
R15584,H01847,B45,,2026-06-20,2,0,,fizz,0
R15585,H01919,B12,,2026-06-20,4,1,taste,,0
R15586,H02218,B19,,2026-06-20,3,1,,price,0
R15587,H02240,B14,,2026-06-20,5,1,packaging,,1
R15588,H02344,B14,,2026-06-20,5,1,refreshing,,1
R15589,H02627,B45,,2026-06-20,3,1,,fizz,0
R15590,H02675,B39,,2026-06-20,3,0,versatility,,0
R15591,H03180,B21,,2026-06-20,4,1,fizz,taste,0
R15592,H03471,B02,,2026-06-20,4,1,crunch,,1
R15593,H03506,B14,,2026-06-20,1,0,,price,0
R15594,H03549,B05,,2026-06-20,5,1,price,seasoning,1
R15595,H03847,B09,,2026-06-20,3,0,,sweetness,1
R15596,H03958,B49,,2026-06-20,3,0,sweetness,,1
R15597,H04034,B31,,2026-06-20,3,1,texture,,0
R15598,H04038,B18,,2026-06-20,5,1,price,,1
R15599,H04205,B26,,2026-06-20,3,0,,price,1
R15600,H04219,B05,,2026-06-20,5,1,price,,1
R15601,H04389,B35,,2026-06-20,2,0,,portability,0
R15602,H00116,B36,,2026-06-21,4,0,seasoning,,0
R15603,H00117,B24,,2026-06-21,5,1,aroma,,1
R15604,H00531,B08,,2026-06-21,4,0,heat,,1
R15605,H00664,B06,,2026-06-21,3,0,ingredients,,0
R15606,H00823,B21,,2026-06-21,4,0,refreshing,,1
R15607,H00927,B21,,2026-06-21,3,0,,packaging,0
R15608,H00961,B35,,2026-06-21,2,0,,ingredients,1
R15609,H01507,B48,,2026-06-21,5,1,seasoning,,1
R15610,H01520,B23,,2026-06-21,4,1,texture,,1
R15611,H01538,B29,,2026-06-21,3,0,texture,,1
R15612,H01566,B36,,2026-06-21,3,1,,packaging,1
R15613,H01581,B02,,2026-06-21,4,1,seasoning,,0
R15614,H01623,B13,,2026-06-21,2,0,sweetness,refreshing,0
R15615,H01915,B07,,2026-06-21,2,0,,texture,0
R15616,H01977,B30,,2026-06-21,2,0,,texture,0
R15617,H02243,B02,,2026-06-21,2,0,,crunch,0
R15618,H02313,B05,,2026-06-21,2,0,,saltiness,0
R15619,H02576,B36,,2026-06-21,2,0,,portion size,0
R15620,H02590,B24,,2026-06-21,3,0,price,,0
R15621,H02680,B09,,2026-06-21,5,1,ingredients,,1
R15622,H02757,B41,,2026-06-21,5,1,saltiness,,1
R15623,H02809,B06,,2026-06-21,2,0,,packaging,0
R15624,H02834,B44,,2026-06-21,5,1,sweetness,,0
R15625,H02886,B29,,2026-06-21,5,1,portability,,1
R15626,H02947,B43,,2026-06-21,5,1,sweetness,,1
R15627,H02987,B10,,2026-06-21,2,0,,price,0
R15628,H03132,B43,,2026-06-21,5,1,refreshing,,1
R15629,H03158,B44,,2026-06-21,3,1,aftertaste,,1
R15630,H03294,B04,,2026-06-21,4,1,price,,1
R15631,H03456,B14,,2026-06-21,2,0,,packaging,1
R15632,H04237,B20,,2026-06-21,2,0,fizz,refreshing,0
R15633,H04306,B25,,2026-06-21,5,1,price,saltiness,1
R15634,H00198,B25,,2026-06-22,4,1,packaging,,1
R15635,H00273,B01,,2026-06-22,5,1,saltiness,,0
R15636,H01195,B24,,2026-06-22,4,0,taste,,0
R15637,H01338,B31,,2026-06-22,3,0,,versatility,0
R15638,H01403,B02,,2026-06-22,4,1,portion size,,0
R15639,H01460,B15,,2026-06-22,2,0,,refreshing,1
R15640,H01490,B33,,2026-06-22,5,1,fizz,,1
R15641,H01601,B41,,2026-06-22,3,0,seasoning,,1
R15642,H01999,B21,,2026-06-22,3,0,sweetness,,0
R15643,H02022,B49,,2026-06-22,2,1,,texture,0
R15644,H02236,B43,,2026-06-22,4,0,aftertaste,,1
R15645,H02487,B11,,2026-06-22,2,0,taste,sweetness,0
R15646,H02490,B37,,2026-06-22,1,0,,sweetness,0
R15647,H02534,B01,,2026-06-22,4,1,price,,1
R15648,H02603,B27,,2026-06-22,5,1,heat,,0
R15649,H03051,B46,,2026-06-22,5,1,taste,,1
R15650,H03278,B16,,2026-06-22,2,0,,aftertaste,0
R15651,H03377,B05,,2026-06-22,3,1,price,,0
R15652,H03381,B24,,2026-06-22,2,0,,price,0
R15653,H03498,B06,,2026-06-22,3,1,,ingredients,0
R15654,H03520,B41,,2026-06-22,5,1,packaging,,1
R15655,H03601,B49,,2026-06-22,4,1,texture,,0
R15656,H03813,B25,,2026-06-22,4,0,portion size,,1
R15657,H03964,B39,,2026-06-22,4,1,heat,,0
R15658,H04164,B12,,2026-06-22,3,0,taste,,0
R15659,H04357,B48,,2026-06-22,4,1,seasoning,,1
R15660,H00021,B28,,2026-06-23,5,0,texture,ingredients,1
R15661,H00267,B30,,2026-06-23,2,0,,heat,0
R15662,H00282,B33,,2026-06-23,3,0,,price,0
R15663,H00292,B13,,2026-06-23,5,1,aftertaste,,1
R15664,H00316,B14,,2026-06-23,2,0,,packaging,0
R15665,H00412,B41,,2026-06-23,3,0,portion size,,0
R15666,H00511,B46,,2026-06-23,1,0,packaging,price,0
R15667,H00519,B22,,2026-06-23,2,0,,packaging,0
R15668,H00559,B43,,2026-06-23,4,1,price,,1
R15669,H00683,B33,,2026-06-23,3,1,,aftertaste,0
R15670,H00721,B17,,2026-06-23,3,0,taste,,0
R15671,H00958,B09,,2026-06-23,3,1,,ingredients,1
R15672,H01027,B43,,2026-06-23,3,0,,taste,0
R15673,H01150,B17,,2026-06-23,5,1,price,,1
R15674,H01235,B43,,2026-06-23,4,1,refreshing,,0
R15675,H01309,B07,,2026-06-23,4,1,flavour depth,,1
R15676,H01333,B26,,2026-06-23,3,1,price,,0
R15677,H01521,B46,,2026-06-23,4,1,aftertaste,,0
R15678,H01766,B34,,2026-06-23,3,1,,aroma,0
R15679,H01927,B11,,2026-06-23,2,0,,refreshing,0
R15680,H01978,B34,,2026-06-23,2,0,strength,ingredients,0
R15681,H02231,B47,,2026-06-23,3,1,,sweetness,0
R15682,H02716,B09,,2026-06-23,3,0,sweetness,,0
R15683,H02836,B27,,2026-06-23,3,0,,versatility,0
R15684,H03083,B04,,2026-06-23,3,0,,crunch,0
R15685,H03202,B40,,2026-06-23,3,1,,refreshing,1
R15686,H03468,B33,,2026-06-23,4,1,refreshing,,1
R15687,H03560,B40,,2026-06-23,4,0,taste,,0
R15688,H03654,B23,,2026-06-23,5,1,packaging,,0
R15689,H04121,B03,,2026-06-23,2,0,energy boost,texture,0
R15690,H04164,B24,,2026-06-23,3,0,,price,0
R15691,H04321,B05,,2026-06-23,4,1,saltiness,,1
R15692,H04417,B25,,2026-06-23,3,0,seasoning,,0
R15693,H00036,B33,,2026-06-24,3,1,packaging,,0
R15694,H00143,B31,,2026-06-24,4,0,texture,,1
R15695,H00451,B37,,2026-06-24,3,0,,ingredients,0
R15696,H00473,B12,,2026-06-24,4,0,price,fizz,1
R15697,H00664,B18,,2026-06-24,3,0,,sweetness,0
R15698,H00686,B46,,2026-06-24,3,0,,refreshing,0
R15699,H00722,B06,,2026-06-24,4,0,packaging,,0
R15700,H00796,B24,,2026-06-24,2,0,packaging,taste,0
R15701,H00881,B48,,2026-06-24,4,1,seasoning,,1
R15702,H00986,B36,,2026-06-24,4,1,crunch,,1
R15703,H00987,B04,,2026-06-24,2,1,,seasoning,0
R15704,H01074,B35,,2026-06-24,2,0,,portability,0
R15705,H01325,B15,,2026-06-24,2,1,,taste,0
R15706,H01417,B09,,2026-06-24,3,0,,ingredients,0
R15707,H01444,B39,,2026-06-24,3,0,price,,0
R15708,H01467,B48,,2026-06-24,2,0,,packaging,0
R15709,H01510,B18,,2026-06-24,5,1,refreshing,,1
R15710,H01811,B12,,2026-06-24,3,1,,refreshing,0
R15711,H01834,B14,,2026-06-24,5,1,packaging,,1
R15712,H01947,B27,,2026-06-24,2,0,,price,0
R15713,H02070,B31,,2026-06-24,4,0,versatility,,1
R15714,H02114,B15,,2026-06-24,4,1,aftertaste,price,1
R15715,H02315,B33,,2026-06-24,3,1,aftertaste,,0
R15716,H02317,B16,,2026-06-24,4,1,price,,0
R15717,H02523,B08,,2026-06-24,4,0,flavour depth,,0
R15718,H02554,B25,,2026-06-24,3,0,,packaging,0
R15719,H03040,B17,,2026-06-24,5,1,sweetness,,1
R15720,H03072,B14,,2026-06-24,5,1,taste,,1
R15721,H03366,B26,,2026-06-24,5,1,saltiness,,1
R15722,H03367,B46,,2026-06-24,5,1,packaging,,1
R15723,H03429,B27,,2026-06-24,5,1,versatility,,1
R15724,H03564,B19,,2026-06-24,4,1,price,,1
R15725,H03631,B35,,2026-06-24,5,1,portability,,1
R15726,H03658,B48,,2026-06-24,3,0,seasoning,,0
R15727,H03673,B38,,2026-06-24,3,0,packaging,,0
R15728,H03928,B02,,2026-06-24,3,0,,saltiness,0
R15729,H04008,B44,,2026-06-24,5,1,refreshing,,1
R15730,H04123,B25,,2026-06-24,3,0,,packaging,0
R15731,H04405,B07,,2026-06-24,5,1,texture,,0
R15732,H00073,B06,,2026-06-25,4,1,texture,,0
R15733,H00077,B15,,2026-06-25,4,0,aftertaste,,1
R15734,H00102,B43,,2026-06-25,2,0,,fizz,0
R15735,H00182,B36,,2026-06-25,2,0,,packaging,1
R15736,H00208,B34,,2026-06-25,4,0,aroma,,0
R15737,H00256,B14,,2026-06-25,5,1,refreshing,aftertaste,1
R15738,H00309,B07,,2026-06-25,3,0,price,,1
R15739,H00372,B05,,2026-06-25,3,0,,seasoning,0
R15740,H00432,B21,,2026-06-25,5,1,aftertaste,fizz,1
R15741,H00564,B38,,2026-06-25,5,1,sweetness,,1
R15742,H00564,B41,,2026-06-25,5,1,price,packaging,1
R15743,H00750,B06,,2026-06-25,2,0,,taste,0
R15744,H00808,B48,,2026-06-25,5,1,seasoning,,1
R15745,H00858,B16,,2026-06-25,4,1,packaging,aftertaste,0
R15746,H00971,B13,,2026-06-25,5,1,sweetness,packaging,1
R15747,H01007,B42,,2026-06-25,5,1,ingredients,,1
R15748,H01262,B47,,2026-06-25,4,1,packaging,,0
R15749,H01528,B22,,2026-06-25,2,0,texture,packaging,0
R15750,H01709,B49,,2026-06-25,2,0,,texture,0
R15751,H01922,B47,,2026-06-25,4,0,ingredients,,1
R15752,H02043,B46,,2026-06-25,5,1,packaging,refreshing,0
R15753,H02218,B06,,2026-06-25,4,1,ingredients,,1
R15754,H02513,B41,,2026-06-25,4,1,portion size,,0
R15755,H02533,B12,,2026-06-25,4,0,fizz,,0
R15756,H03120,B29,,2026-06-25,3,0,,taste,0
R15757,H03362,B06,,2026-06-25,3,0,packaging,,0
R15758,H03440,B30,,2026-06-25,3,1,,heat,0
R15759,H03452,B03,,2026-06-25,2,0,portability,price,1
R15760,H03512,B31,,2026-06-25,2,0,,jar size,0
R15761,H03536,B11,,2026-06-25,3,1,,fizz,1
R15762,H04048,B35,,2026-06-25,1,0,,price,0
R15763,H00309,B37,,2026-06-26,3,1,,texture,0
R15764,H00404,B16,,2026-06-26,4,1,taste,,0
R15765,H00434,B40,,2026-06-26,3,0,,packaging,0
R15766,H00464,B10,,2026-06-26,3,0,,taste,1
R15767,H00473,B29,,2026-06-26,2,1,,texture,0
R15768,H00493,B19,,2026-06-26,4,0,flavour depth,,0
R15769,H00721,B32,,2026-06-26,2,0,build quality,size,0
R15770,H00861,B18,,2026-06-26,1,0,,sweetness,0
R15771,H00873,B34,,2026-06-26,3,0,taste,,1
R15772,H00937,B19,,2026-06-26,2,0,,jar size,0
R15773,H00998,B21,,2026-06-26,3,1,,taste,0
R15774,H01009,B23,,2026-06-26,4,0,taste,,1
R15775,H01056,B47,,2026-06-26,2,0,,packaging,0
R15776,H01196,B44,,2026-06-26,4,1,price,,0
R15777,H01202,B47,,2026-06-26,4,1,sweetness,,1
R15778,H01248,B24,,2026-06-26,2,0,,packaging,0
R15779,H01277,B06,,2026-06-26,4,1,sweetness,,0
R15780,H01419,B14,,2026-06-26,2,0,,price,0
R15781,H01505,B05,,2026-06-26,4,1,portion size,,1
R15782,H01519,B46,,2026-06-26,5,1,refreshing,sweetness,1
R15783,H01611,B31,,2026-06-26,3,0,,jar size,0
R15784,H01764,B24,,2026-06-26,4,1,packaging,,0
R15785,H01905,B01,,2026-06-26,5,1,saltiness,,0
R15786,H02133,B34,,2026-06-26,2,0,,ingredients,0
R15787,H02273,B01,,2026-06-26,3,0,price,,0
R15788,H02294,B19,,2026-06-26,4,0,price,,1
R15789,H02478,B11,,2026-06-26,2,0,fizz,aftertaste,0
R15790,H02585,B05,,2026-06-26,2,0,,seasoning,0
R15791,H02746,B45,,2026-06-26,4,1,taste,,1
R15792,H02828,B32,,2026-06-26,4,0,usefulness,,1
R15793,H02834,B20,,2026-06-26,3,0,refreshing,,0
R15794,H02876,B35,,2026-06-26,5,1,portability,,1
R15795,H02891,B34,,2026-06-26,3,1,ingredients,,1
R15796,H02909,B11,,2026-06-26,2,0,,fizz,0
R15797,H02927,B45,,2026-06-26,2,1,refreshing,packaging,0
R15798,H03014,B45,,2026-06-26,3,0,,fizz,1
R15799,H03059,B45,,2026-06-26,3,0,,sweetness,0
R15800,H03143,B25,,2026-06-26,4,1,saltiness,,1
R15801,H03151,B29,,2026-06-26,5,1,ingredients,,1
R15802,H03324,B03,,2026-06-26,3,0,texture,,0
R15803,H03445,B12,,2026-06-26,4,1,sweetness,,0
R15804,H03452,B49,,2026-06-26,5,1,price,,1
R15805,H03490,B08,,2026-06-26,5,1,jar size,price,1
R15806,H03923,B07,,2026-06-26,3,0,flavour depth,,0
R15807,H04002,B44,,2026-06-26,2,0,aftertaste,taste,0
R15808,H04168,B18,,2026-06-26,3,0,price,,1
R15809,H00371,B01,,2026-06-27,1,0,,seasoning,0
R15810,H00518,B16,,2026-06-27,2,0,,refreshing,0
R15811,H00640,B13,,2026-06-27,2,0,,price,0
R15812,H00754,B36,,2026-06-27,5,1,portion size,,0
R15813,H00871,B26,,2026-06-27,3,1,,saltiness,0
R15814,H01061,B24,,2026-06-27,3,0,ingredients,,0
R15815,H01336,B48,,2026-06-27,3,1,price,,0
R15816,H01600,B23,,2026-06-27,4,1,sweetness,,0
R15817,H01615,B45,,2026-06-27,2,0,,sweetness,0
R15818,H01689,B13,,2026-06-27,2,0,,fizz,0
R15819,H01885,B44,,2026-06-27,5,1,refreshing,,1
R15820,H02157,B23,,2026-06-27,2,1,,taste,0
R15821,H02279,B36,,2026-06-27,5,1,packaging,,1
R15822,H02330,B08,,2026-06-27,3,0,flavour depth,,0
R15823,H02390,B18,,2026-06-27,5,1,aftertaste,,1
R15824,H02396,B31,,2026-06-27,3,0,,heat,1
R15825,H02406,B14,,2026-06-27,5,1,packaging,fizz,1
R15826,H02447,B16,,2026-06-27,4,1,aftertaste,,0
R15827,H02509,B39,,2026-06-27,3,1,,texture,0
R15828,H02772,B41,,2026-06-27,3,0,,saltiness,0
R15829,H02986,B47,,2026-06-27,2,0,,ingredients,0
R15830,H03208,B19,,2026-06-27,4,1,flavour depth,,0
R15831,H03324,B28,,2026-06-27,3,0,,price,0
R15832,H03512,B48,,2026-06-27,4,0,price,portion size,0
R15833,H03553,B27,,2026-06-27,5,1,flavour depth,,1
R15834,H03679,B21,,2026-06-27,2,0,,taste,0
R15835,H03694,B45,,2026-06-27,2,0,,fizz,0
R15836,H03751,B21,,2026-06-27,3,1,,packaging,1
R15837,H03812,B06,,2026-06-27,5,1,packaging,,0
R15838,H03827,B47,,2026-06-27,5,1,ingredients,,1
R15839,H03837,B25,,2026-06-27,4,0,crunch,,1
R15840,H03929,B45,,2026-06-27,4,1,aftertaste,,1
R15841,H04231,B08,,2026-06-27,3,1,,flavour depth,0
R15842,H04413,B08,,2026-06-27,3,1,price,,0
R15843,H00047,B09,,2026-06-28,3,1,,price,0
R15844,H00048,B10,,2026-06-28,4,1,strength,,1
R15845,H00093,B16,,2026-06-28,3,0,,aftertaste,0
R15846,H00361,B30,,2026-06-28,2,0,,versatility,1
R15847,H00420,B03,,2026-06-28,4,0,energy boost,,0
R15848,H00579,B19,,2026-06-28,4,1,flavour depth,,0
R15849,H00648,B29,,2026-06-28,5,1,energy boost,,1
R15850,H00687,B12,,2026-06-28,4,1,fizz,,0
R15851,H00697,B40,,2026-06-28,2,0,,refreshing,0
R15852,H00746,B17,,2026-06-28,2,0,,aftertaste,0
R15853,H00759,B41,,2026-06-28,3,0,crunch,,0
R15854,H00785,B01,,2026-06-28,5,1,seasoning,,1
R15855,H00803,B36,,2026-06-28,2,0,,seasoning,0
R15856,H00885,B41,,2026-06-28,3,1,portion size,,0
R15857,H00893,B49,,2026-06-28,4,1,price,,0
R15858,H00995,B26,,2026-06-28,4,0,packaging,,1
R15859,H01289,B36,,2026-06-28,2,0,,crunch,0
R15860,H01370,B26,,2026-06-28,4,1,crunch,,0
R15861,H01569,B20,,2026-06-28,3,0,,sweetness,0
R15862,H01604,B29,,2026-06-28,5,1,portability,,1
R15863,H01618,B23,,2026-06-28,4,1,ingredients,,0
R15864,H01718,B31,,2026-06-28,5,1,flavour depth,,1
R15865,H01805,B06,,2026-06-28,5,1,texture,,0
R15866,H01834,B43,,2026-06-28,5,1,taste,aftertaste,0
R15867,H01853,B06,,2026-06-28,5,1,sweetness,,1
R15868,H01876,B37,,2026-06-28,2,0,,taste,0
R15869,H01885,B14,,2026-06-28,4,1,aftertaste,,1
R15870,H02258,B45,,2026-06-28,3,0,,price,0
R15871,H02352,B35,,2026-06-28,2,0,,texture,0
R15872,H02493,B02,,2026-06-28,2,1,,saltiness,0
R15873,H02676,B45,,2026-06-28,1,0,,sweetness,0
R15874,H02685,B33,,2026-06-28,2,0,,price,0
R15875,H02696,B30,,2026-06-28,5,1,jar size,,1
R15876,H02871,B24,,2026-06-28,3,0,,aroma,0
R15877,H02913,B41,,2026-06-28,3,0,,price,0
R15878,H03036,B01,,2026-06-28,3,1,,price,0
R15879,H03065,B02,,2026-06-28,4,0,crunch,,1
R15880,H03143,B43,,2026-06-28,5,1,sweetness,,1
R15881,H03144,B38,,2026-06-28,3,0,,packaging,0
R15882,H03167,B06,,2026-06-28,5,1,packaging,,1
R15883,H03328,B12,,2026-06-28,5,1,sweetness,,1
R15884,H03825,B24,,2026-06-28,2,0,,taste,0
R15885,H04081,B08,,2026-06-28,4,1,price,,0
R15886,H04316,B32,,2026-06-28,1,0,,build quality,0
R15887,H00042,B04,,2026-06-29,2,0,,portion size,0
R15888,H00140,B44,,2026-06-29,3,1,price,,0
R15889,H00267,B14,,2026-06-29,3,1,,refreshing,1
R15890,H00387,B06,,2026-06-29,5,1,taste,,0
R15891,H00416,B21,,2026-06-29,5,1,refreshing,,1
R15892,H00643,B29,,2026-06-29,2,0,,energy boost,0
R15893,H00785,B48,,2026-06-29,5,1,seasoning,,1
R15894,H00811,B35,,2026-06-29,2,0,,portability,0
R15895,H00822,B34,,2026-06-29,3,0,,price,0
R15896,H01083,B48,,2026-06-29,3,0,price,,0
R15897,H01112,B30,,2026-06-29,4,1,price,jar size,1
R15898,H01211,B26,,2026-06-29,3,1,,packaging,0
R15899,H01289,B01,,2026-06-29,3,1,,crunch,0
R15900,H01629,B13,,2026-06-29,2,0,price,taste,0
R15901,H01647,B44,,2026-06-29,5,1,packaging,,1
R15902,H01824,B11,,2026-06-29,5,1,sweetness,,1
R15903,H01930,B06,,2026-06-29,3,0,,texture,0
R15904,H02070,B06,,2026-06-29,4,1,sweetness,,1
R15905,H02135,B16,,2026-06-29,4,1,packaging,,1
R15906,H02237,B34,,2026-06-29,4,1,packaging,,1
R15907,H02251,B04,,2026-06-29,3,0,,price,0
R15908,H02318,B14,,2026-06-29,5,1,taste,,1
R15909,H02563,B03,,2026-06-29,3,1,energy boost,,0
R15910,H02701,B35,,2026-06-29,4,0,taste,,0
R15911,H02740,B21,,2026-06-29,4,1,aftertaste,,0
R15912,H02775,B29,,2026-06-29,3,1,,ingredients,0
R15913,H02866,B49,,2026-06-29,3,0,,sweetness,0
R15914,H03049,B43,,2026-06-29,4,1,price,refreshing,1
R15915,H03093,B30,,2026-06-29,3,0,jar size,,1
R15916,H03142,B42,,2026-06-29,5,1,taste,,1
R15917,H03181,B14,,2026-06-29,4,1,aftertaste,,1
R15918,H03334,B06,,2026-06-29,5,1,texture,price,1
R15919,H03390,B40,,2026-06-29,4,0,fizz,,0
R15920,H03403,B25,,2026-06-29,1,0,,price,0
R15921,H03444,B21,,2026-06-29,3,0,fizz,,0
R15922,H03463,B03,,2026-06-29,3,1,texture,,0
R15923,H03689,B22,,2026-06-29,2,0,,packaging,0
R15924,H03822,B42,,2026-06-29,4,1,aroma,,1
R15925,H03878,B19,,2026-06-29,5,1,versatility,,1
R15926,H03913,B28,,2026-06-29,5,1,taste,,1
R15927,H04049,B25,,2026-06-29,4,1,portion size,price,1
R15928,H04124,B34,,2026-06-29,4,0,aroma,,0
R15929,H04209,B38,,2026-06-29,4,1,taste,,1
R15930,H04315,B06,,2026-06-29,4,0,texture,,1
R15931,H04414,B13,,2026-06-29,2,0,,refreshing,0
R15932,H00030,B24,,2026-06-30,3,0,,aroma,1
R15933,H00205,B37,,2026-06-30,3,1,texture,,1
R15934,H00266,B43,,2026-06-30,4,1,price,,0
R15935,H01003,B47,,2026-06-30,4,1,ingredients,price,0
R15936,H01334,B09,,2026-06-30,3,0,,ingredients,0
R15937,H01406,B12,,2026-06-30,4,1,aftertaste,refreshing,1
R15938,H01765,B39,,2026-06-30,3,0,,flavour depth,0
R15939,H01800,B15,,2026-06-30,3,1,price,,0
R15940,H02179,B17,,2026-06-30,3,1,,fizz,0
R15941,H02368,B47,,2026-06-30,2,1,price,taste,0
R15942,H02445,B35,,2026-06-30,3,1,taste,,1
R15943,H02468,B19,,2026-06-30,3,0,,heat,0
R15944,H02759,B35,,2026-06-30,5,1,energy boost,,1
R15945,H02820,B04,,2026-06-30,3,1,,portion size,0
R15946,H02862,B19,,2026-06-30,5,1,texture,,1
R15947,H02993,B19,,2026-06-30,5,1,versatility,,0
R15948,H03024,B38,,2026-06-30,4,1,packaging,,0
R15949,H03081,B24,,2026-06-30,5,1,aroma,price,1
R15950,H03135,B18,,2026-06-30,3,0,sweetness,,1
R15951,H03206,B18,,2026-06-30,2,0,,fizz,0
R15952,H03272,B34,,2026-06-30,5,1,price,,1
R15953,H03380,B47,,2026-06-30,2,0,,taste,0
R15954,H03444,B45,,2026-06-30,2,0,sweetness,refreshing,0
R15955,H03456,B17,,2026-06-30,3,1,packaging,,1
R15956,H03779,B38,,2026-06-30,3,1,,sweetness,0
R15957,H03786,B26,,2026-06-30,2,0,,saltiness,0
R15958,H03845,B28,,2026-06-30,3,0,ingredients,,0
R15959,H03859,B33,,2026-06-30,4,0,packaging,,0
R15960,H03913,B43,,2026-06-30,4,0,refreshing,packaging,1
R15961,H04051,B03,,2026-06-30,3,0,,texture,0
R15962,H04227,B39,,2026-06-30,3,0,heat,,0
R15963,H04294,B25,,2026-06-30,2,0,,price,0
R15964,H04465,B04,,2026-06-30,2,0,,seasoning,0
R15965,H00188,B31,,2026-07-01,4,1,price,,0
R15966,H00241,B26,,2026-07-01,4,1,packaging,saltiness,1
R15967,H00266,B31,,2026-07-01,4,1,price,,0
R15968,H00797,B27,,2026-07-01,3,0,,texture,0
R15969,H00928,B42,,2026-07-01,4,1,packaging,ingredients,0
R15970,H00940,B10,,2026-07-01,5,1,strength,,1
R15971,H01076,B44,,2026-07-01,3,0,,sweetness,0
R15972,H01111,B34,,2026-07-01,5,1,packaging,,0
R15973,H01155,B12,,2026-07-01,1,0,,taste,0
R15974,H01411,B38,,2026-07-01,4,1,packaging,,1
R15975,H01460,B10,,2026-07-01,2,0,aroma,taste,0
R15976,H01615,B22,,2026-07-01,2,0,packaging,ingredients,0
R15977,H01740,B20,,2026-07-01,4,0,aftertaste,,1
R15978,H02077,B43,,2026-07-01,4,0,refreshing,,1
R15979,H02291,B29,,2026-07-01,5,1,texture,price,1
R15980,H02291,B46,,2026-07-01,5,1,refreshing,,1
R15981,H02362,B12,,2026-07-01,4,1,packaging,,1
R15982,H02385,B12,,2026-07-01,5,1,aftertaste,,1
R15983,H02434,B14,,2026-07-01,3,1,taste,,0
R15984,H02753,B43,,2026-07-01,4,1,refreshing,aftertaste,1
R15985,H02928,B46,,2026-07-01,5,1,fizz,,1
R15986,H02940,B14,,2026-07-01,4,1,taste,,0
R15987,H02987,B26,,2026-07-01,3,0,,seasoning,0
R15988,H03000,B14,,2026-07-01,4,0,refreshing,sweetness,1
R15989,H03340,B45,,2026-07-01,2,0,,taste,0
R15990,H03485,B36,,2026-07-01,2,0,,crunch,0
R15991,H03765,B26,,2026-07-01,4,1,price,,1
R15992,H03939,B21,,2026-07-01,5,1,price,,1
R15993,H04094,B04,,2026-07-01,2,0,,portion size,0
R15994,H04108,B43,,2026-07-01,3,1,sweetness,,0
R15995,H04243,B41,,2026-07-01,3,0,,seasoning,0
R15996,H04335,B47,,2026-07-01,2,0,,taste,0
R15997,H04362,B38,,2026-07-01,3,0,,sweetness,0
R15998,H00083,B16,,2026-07-02,4,0,sweetness,packaging,0
R15999,H00148,B44,,2026-07-02,3,0,refreshing,,1
R16000,H00170,B40,,2026-07-02,2,0,,sweetness,0
R16001,H00364,B30,,2026-07-02,2,0,,texture,0
R16002,H00458,B41,,2026-07-02,2,0,,price,0
R16003,H00586,B29,,2026-07-02,4,1,price,,0
R16004,H00619,B41,,2026-07-02,3,1,crunch,,0
R16005,H00626,B08,,2026-07-02,5,1,flavour depth,price,1
R16006,H00800,B29,,2026-07-02,5,1,texture,portability,1
R16007,H01225,B45,,2026-07-02,1,0,,packaging,0
R16008,H01273,B04,,2026-07-02,5,1,portion size,packaging,1
R16009,H01339,B49,,2026-07-02,3,0,,sweetness,0
R16010,H01364,B43,,2026-07-02,2,1,,taste,0
R16011,H01419,B28,,2026-07-02,4,1,price,energy boost,1
R16012,H01481,B24,,2026-07-02,4,1,ingredients,,1
R16013,H01551,B04,,2026-07-02,3,0,seasoning,,0
R16014,H01637,B14,,2026-07-02,3,1,,aftertaste,0
R16015,H01752,B22,,2026-07-02,2,0,ingredients,price,0
R16016,H01971,B33,,2026-07-02,3,0,,taste,0
R16017,H01974,B21,,2026-07-02,3,1,,price,0
R16018,H02139,B45,,2026-07-02,2,0,,refreshing,0
R16019,H02177,B33,,2026-07-02,5,1,fizz,,1
R16020,H02244,B34,,2026-07-02,4,1,ingredients,,0
R16021,H02275,B25,,2026-07-02,3,0,saltiness,,0
R16022,H02287,B46,,2026-07-02,2,0,,refreshing,0
R16023,H02327,B19,,2026-07-02,2,0,,texture,0
R16024,H02330,B21,,2026-07-02,4,1,packaging,,0
R16025,H02367,B22,,2026-07-02,1,0,,ingredients,0
R16026,H02749,B01,,2026-07-02,4,1,crunch,,1
R16027,H02791,B44,,2026-07-02,4,1,fizz,,0
R16028,H02886,B20,,2026-07-02,4,1,sweetness,,0
R16029,H03063,B13,,2026-07-02,4,0,packaging,taste,0
R16030,H03340,B14,,2026-07-02,4,1,price,,0
R16031,H03472,B43,,2026-07-02,4,0,refreshing,,0
R16032,H03612,B24,,2026-07-02,4,0,aroma,,0
R16033,H03781,B24,,2026-07-02,5,1,packaging,taste,1
R16034,H04207,B01,,2026-07-02,5,1,saltiness,,1
R16035,H04317,B47,,2026-07-02,4,1,packaging,,0
R16036,H00206,B37,,2026-07-03,2,0,,sweetness,0
R16037,H00278,B27,,2026-07-03,5,1,texture,,1
R16038,H00392,B08,,2026-07-03,2,0,,price,0
R16039,H00568,B16,,2026-07-03,3,1,,aftertaste,1
R16040,H00673,B11,,2026-07-03,4,1,taste,,0
R16041,H00981,B33,,2026-07-03,3,0,refreshing,,0
R16042,H00985,B18,,2026-07-03,5,1,packaging,,1
R16043,H01121,B33,,2026-07-03,1,0,,aftertaste,0
R16044,H01254,B24,,2026-07-03,4,1,ingredients,,0
R16045,H01402,B24,,2026-07-03,2,1,,price,0
R16046,H01487,B18,,2026-07-03,4,1,sweetness,price,1
R16047,H01654,B19,,2026-07-03,4,0,jar size,,0
R16048,H01772,B44,,2026-07-03,4,1,refreshing,price,1
R16049,H01829,B07,,2026-07-03,3,0,,price,0
R16050,H01836,B43,,2026-07-03,5,1,refreshing,,0
R16051,H02028,B47,,2026-07-03,3,1,,taste,0
R16052,H02381,B06,,2026-07-03,5,1,packaging,,1
R16053,H02386,B07,,2026-07-03,4,1,jar size,price,1
R16054,H02407,B22,,2026-07-03,3,0,,texture,0
R16055,H02523,B24,,2026-07-03,4,1,ingredients,,1
R16056,H02523,B29,,2026-07-03,5,1,price,,1
R16057,H02528,B27,,2026-07-03,5,1,versatility,,0
R16058,H02558,B06,,2026-07-03,2,0,ingredients,sweetness,0
R16059,H02707,B02,,2026-07-03,5,1,saltiness,seasoning,0
R16060,H02753,B25,,2026-07-03,5,1,portion size,,1
R16061,H02826,B15,,2026-07-03,4,1,packaging,,1
R16062,H02851,B22,,2026-07-03,3,0,taste,,0
R16063,H02927,B23,,2026-07-03,1,0,,price,0
R16064,H02943,B34,,2026-07-03,5,1,aroma,,1
R16065,H03007,B48,,2026-07-03,3,0,seasoning,,1
R16066,H03032,B04,,2026-07-03,2,0,,crunch,0
R16067,H03165,B18,,2026-07-03,3,0,,fizz,0
R16068,H03288,B30,,2026-07-03,5,1,flavour depth,jar size,1
R16069,H03531,B21,,2026-07-03,5,1,price,sweetness,1
R16070,H03592,B18,,2026-07-03,5,1,sweetness,,1
R16071,H03633,B24,,2026-07-03,3,1,,packaging,0
R16072,H03666,B21,,2026-07-03,3,0,packaging,,0
R16073,H03678,B24,,2026-07-03,4,0,price,,0
R16074,H03936,B31,,2026-07-03,4,1,price,,0
R16075,H03950,B18,,2026-07-03,3,0,,taste,0
R16076,H04410,B18,,2026-07-03,2,0,,fizz,0
R16077,H04415,B46,,2026-07-03,4,1,price,,1
R16078,H00117,B46,,2026-07-04,4,1,fizz,,1
R16079,H00157,B03,,2026-07-04,4,1,portability,,0
R16080,H00177,B44,,2026-07-04,3,1,taste,,0
R16081,H00181,B02,,2026-07-04,3,0,,portion size,0
R16082,H00692,B37,,2026-07-04,5,1,price,,1
R16083,H00767,B15,,2026-07-04,3,1,sweetness,,0
R16084,H00770,B17,,2026-07-04,3,1,,price,0
R16085,H00780,B22,,2026-07-04,5,1,price,,1
R16086,H00944,B13,,2026-07-04,3,0,packaging,,0
R16087,H01048,B42,,2026-07-04,3,0,,taste,1
R16088,H01114,B48,,2026-07-04,2,0,,portion size,0
R16089,H01224,B21,,2026-07-04,5,1,packaging,,1
R16090,H01246,B04,,2026-07-04,4,0,price,,1
R16091,H01574,B06,,2026-07-04,4,1,taste,,1
R16092,H01651,B06,,2026-07-04,4,1,sweetness,,0
R16093,H01909,B43,,2026-07-04,3,1,,fizz,0
R16094,H02093,B33,,2026-07-04,4,1,aftertaste,,1
R16095,H02124,B06,,2026-07-04,4,1,packaging,taste,0
R16096,H02300,B18,,2026-07-04,4,1,fizz,,0
R16097,H02649,B15,,2026-07-04,4,1,taste,,1
R16098,H02670,B40,,2026-07-04,4,0,fizz,price,0
R16099,H02695,B36,,2026-07-04,2,0,,packaging,0
R16100,H02756,B04,,2026-07-04,2,0,,price,0
R16101,H02778,B25,,2026-07-04,4,1,packaging,,1
R16102,H02816,B18,,2026-07-04,5,1,refreshing,price,1
R16103,H02968,B39,,2026-07-04,3,1,heat,,0
R16104,H03198,B07,,2026-07-04,2,0,,price,0
R16105,H03274,B08,,2026-07-04,3,1,,price,0
R16106,H03358,B41,,2026-07-04,5,1,portion size,,1
R16107,H03379,B33,,2026-07-04,4,0,refreshing,,1
R16108,H03552,B16,,2026-07-04,5,1,refreshing,,1
R16109,H03590,B31,,2026-07-04,4,1,versatility,texture,0
R16110,H03665,B40,,2026-07-04,2,0,,sweetness,0
R16111,H03774,B36,,2026-07-04,2,0,saltiness,seasoning,0
R16112,H03777,B18,,2026-07-04,2,0,,sweetness,0
R16113,H03950,B08,,2026-07-04,5,1,price,,1
R16114,H03953,B35,,2026-07-04,3,0,texture,,0
R16115,H03974,B10,,2026-07-04,4,1,ingredients,,1
R16116,H04045,B26,,2026-07-04,4,1,price,seasoning,0
R16117,H04082,B01,,2026-07-04,4,0,portion size,,1
R16118,H04237,B41,,2026-07-04,3,0,,crunch,0
R16119,H04452,B12,,2026-07-04,3,1,sweetness,,0
R16120,H00035,B37,,2026-07-05,1,0,ingredients,packaging,0
R16121,H00323,B14,,2026-07-05,2,0,,price,0
R16122,H00483,B21,,2026-07-05,4,0,price,,1
R16123,H00769,B15,,2026-07-05,2,0,,taste,0
R16124,H00830,B39,,2026-07-05,3,1,heat,,0
R16125,H00835,B30,,2026-07-05,1,0,,texture,0
R16126,H00853,B22,,2026-07-05,2,0,,packaging,0
R16127,H01179,B06,,2026-07-05,2,0,,ingredients,0
R16128,H01421,B20,,2026-07-05,4,1,sweetness,,1
R16129,H01681,B46,,2026-07-05,5,1,sweetness,,1
R16130,H01866,B47,,2026-07-05,4,0,taste,,1
R16131,H02177,B22,,2026-07-05,1,0,,sweetness,0
R16132,H02247,B02,,2026-07-05,5,1,packaging,,1
R16133,H02254,B48,,2026-07-05,5,1,portion size,,1
R16134,H02409,B30,,2026-07-05,2,0,,heat,0
R16135,H02528,B15,,2026-07-05,3,1,packaging,,1
R16136,H02580,B16,,2026-07-05,3,0,,packaging,0
R16137,H02634,B46,,2026-07-05,5,1,aftertaste,,1
R16138,H02797,B02,,2026-07-05,3,0,price,,0
R16139,H02829,B13,,2026-07-05,4,1,packaging,,0
R16140,H02885,B07,,2026-07-05,3,1,,jar size,0
R16141,H02925,B17,,2026-07-05,3,1,,aftertaste,0
R16142,H03135,B43,,2026-07-05,5,1,sweetness,,0
R16143,H03154,B42,,2026-07-05,3,0,price,,1
R16144,H03300,B38,,2026-07-05,3,1,,price,1
R16145,H03309,B01,,2026-07-05,3,1,,portion size,0
R16146,H03351,B26,,2026-07-05,5,1,price,seasoning,1
R16147,H03404,B20,,2026-07-05,4,0,sweetness,taste,1
R16148,H03634,B13,,2026-07-05,1,0,refreshing,price,0
R16149,H03850,B19,,2026-07-05,4,0,jar size,,1
R16150,H03974,B06,,2026-07-05,4,0,texture,packaging,1
R16151,H04162,B04,,2026-07-05,3,0,portion size,,1
R16152,H04392,B06,,2026-07-05,4,1,sweetness,packaging,0
R16153,H04402,B33,,2026-07-05,5,1,taste,,1
R16154,H00070,B35,,2026-07-06,5,1,price,,1
R16155,H00145,B15,,2026-07-06,4,1,sweetness,,0
R16156,H00648,B03,,2026-07-06,2,1,,texture,1
R16157,H00835,B16,,2026-07-06,2,0,,price,0
R16158,H00943,B11,,2026-07-06,4,1,refreshing,aftertaste,0
R16159,H01037,B43,,2026-07-06,5,1,sweetness,,1
R16160,H01108,B49,,2026-07-06,4,0,price,sweetness,1
R16161,H01228,B30,,2026-07-06,2,0,,flavour depth,0
R16162,H01294,B04,,2026-07-06,3,1,saltiness,,0
R16163,H01375,B16,,2026-07-06,3,1,aftertaste,,0
R16164,H01566,B06,,2026-07-06,4,1,ingredients,,0
R16165,H01754,B14,,2026-07-06,2,0,price,taste,0
R16166,H01893,B46,,2026-07-06,4,0,taste,,0
R16167,H01946,B45,,2026-07-06,2,0,,sweetness,0
R16168,H02114,B43,,2026-07-06,4,1,price,packaging,0
R16169,H02166,B20,,2026-07-06,3,1,taste,,0
R16170,H02341,B19,,2026-07-06,5,1,heat,,0
R16171,H02410,B41,,2026-07-06,2,0,,crunch,0
R16172,H02427,B13,,2026-07-06,4,1,fizz,packaging,0
R16173,H02486,B07,,2026-07-06,5,1,flavour depth,,1
R16174,H02546,B11,,2026-07-06,2,0,,taste,1
R16175,H02629,B37,,2026-07-06,4,1,price,,1
R16176,H02731,B24,,2026-07-06,4,1,strength,,1
R16177,H02840,B46,,2026-07-06,5,1,packaging,,1
R16178,H02987,B15,,2026-07-06,3,1,fizz,,1
R16179,H03056,B41,,2026-07-06,3,0,saltiness,,0
R16180,H03286,B45,,2026-07-06,4,0,price,,1
R16181,H03446,B10,,2026-07-06,3,0,price,,0
R16182,H04001,B19,,2026-07-06,5,1,texture,flavour depth,0
R16183,H04052,B07,,2026-07-06,4,1,price,,0
R16184,H04082,B45,,2026-07-06,2,0,,fizz,0
R16185,H04200,B11,,2026-07-06,5,1,aftertaste,,1
R16186,H04240,B20,,2026-07-06,4,1,packaging,,1
R16187,H00062,B11,,2026-07-07,2,1,,packaging,0
R16188,H00077,B32,,2026-07-07,3,1,size,,0
R16189,H00169,B48,,2026-07-07,3,1,portion size,,0
R16190,H00243,B43,,2026-07-07,4,0,packaging,,1
R16191,H00245,B46,,2026-07-07,4,0,packaging,,0
R16192,H00593,B38,,2026-07-07,4,1,packaging,,0
R16193,H01036,B15,,2026-07-07,3,0,,price,0
R16194,H01198,B31,,2026-07-07,4,1,versatility,flavour depth,1
R16195,H01230,B08,,2026-07-07,4,0,texture,,0
R16196,H01255,B05,,2026-07-07,3,1,,crunch,1
R16197,H01872,B48,,2026-07-07,3,0,crunch,,1
R16198,H01958,B04,,2026-07-07,4,1,packaging,,0
R16199,H02107,B19,,2026-07-07,4,1,flavour depth,,0
R16200,H02157,B05,,2026-07-07,2,0,,portion size,0
R16201,H02176,B40,,2026-07-07,4,1,taste,,1
R16202,H02180,B15,,2026-07-07,4,0,fizz,,1
R16203,H02198,B30,,2026-07-07,2,0,,price,0
R16204,H02294,B34,,2026-07-07,5,1,aroma,,1
R16205,H02307,B39,,2026-07-07,5,1,texture,,1
R16206,H02795,B13,,2026-07-07,4,1,price,,1
R16207,H02926,B46,,2026-07-07,3,1,refreshing,,0
R16208,H02997,B27,,2026-07-07,4,1,flavour depth,,1
R16209,H03140,B02,,2026-07-07,4,0,seasoning,crunch,0
R16210,H03290,B01,,2026-07-07,3,0,crunch,,1
R16211,H03293,B36,,2026-07-07,5,1,crunch,,1
R16212,H03410,B16,,2026-07-07,3,0,,sweetness,0
R16213,H03553,B40,,2026-07-07,3,0,,refreshing,1
R16214,H03660,B11,,2026-07-07,5,1,sweetness,,0
R16215,H03684,B06,,2026-07-07,4,0,ingredients,,0
R16216,H03762,B08,,2026-07-07,5,1,texture,,1
R16217,H03817,B31,,2026-07-07,5,1,versatility,,1
R16218,H03968,B30,,2026-07-07,3,0,,jar size,0
R16219,H03987,B49,,2026-07-07,3,0,,packaging,0
R16220,H04095,B07,,2026-07-07,4,1,price,,1
R16221,H04127,B25,,2026-07-07,3,1,,saltiness,0
R16222,H04163,B14,,2026-07-07,4,0,packaging,,1
R16223,H00095,B02,,2026-07-08,3,0,,saltiness,0
R16224,H00109,B45,,2026-07-08,2,0,taste,sweetness,0
R16225,H00113,B19,,2026-07-08,3,1,versatility,,0
R16226,H00216,B36,,2026-07-08,2,0,,crunch,0
R16227,H00341,B27,,2026-07-08,4,1,jar size,,1
R16228,H00380,B10,,2026-07-08,2,1,price,strength,0
R16229,H00419,B36,,2026-07-08,2,0,,crunch,0
R16230,H00487,B47,,2026-07-08,5,1,ingredients,,1
R16231,H00532,B06,,2026-07-08,5,1,texture,,1
R16232,H00859,B38,,2026-07-08,4,1,sweetness,,0
R16233,H00898,B29,,2026-07-08,1,0,,portability,0
R16234,H01032,B01,,2026-07-08,3,1,price,,0
R16235,H01062,B10,,2026-07-08,4,1,price,,1
R16236,H01083,B12,,2026-07-08,4,0,taste,price,0
R16237,H01240,B43,,2026-07-08,5,1,fizz,,1
R16238,H01362,B34,,2026-07-08,3,0,price,,0
R16239,H01404,B36,,2026-07-08,3,1,,seasoning,0
R16240,H01412,B01,,2026-07-08,5,1,portion size,,1
R16241,H01862,B40,,2026-07-08,5,1,aftertaste,,0
R16242,H01866,B18,,2026-07-08,4,1,taste,,1
R16243,H01971,B24,,2026-07-08,5,1,packaging,strength,1
R16244,H02115,B48,,2026-07-08,3,1,,packaging,1
R16245,H02170,B24,,2026-07-08,4,0,ingredients,packaging,1
R16246,H02209,B16,,2026-07-08,4,0,aftertaste,packaging,1
R16247,H02288,B48,,2026-07-08,4,1,portion size,,0
R16248,H02532,B39,,2026-07-08,5,1,texture,,0
R16249,H02541,B23,,2026-07-08,2,0,,price,0
R16250,H02776,B40,,2026-07-08,3,0,,taste,0
R16251,H02789,B17,,2026-07-08,2,0,price,refreshing,0
R16252,H02878,B13,,2026-07-08,2,0,,refreshing,0
R16253,H03010,B19,,2026-07-08,4,1,flavour depth,,0
R16254,H03014,B18,,2026-07-08,5,1,fizz,,1
R16255,H03378,B18,,2026-07-08,2,0,,sweetness,0
R16256,H03418,B42,,2026-07-08,4,1,price,taste,1
R16257,H03613,B43,,2026-07-08,4,0,price,,0
R16258,H03750,B29,,2026-07-08,2,0,,price,0
R16259,H03831,B46,,2026-07-08,5,1,aftertaste,,1
R16260,H03878,B35,,2026-07-08,5,0,energy boost,,1
R16261,H03928,B17,,2026-07-08,2,0,,packaging,0
R16262,H04021,B25,,2026-07-08,5,1,seasoning,,1
R16263,H04038,B38,,2026-07-08,4,1,taste,,0
R16264,H04045,B49,,2026-07-08,4,1,sweetness,,1
R16265,H04188,B41,,2026-07-08,4,1,packaging,,1
R16266,H04268,B20,,2026-07-08,4,1,aftertaste,,0
R16267,H04331,B18,,2026-07-08,1,0,,refreshing,0
R16268,H04453,B27,,2026-07-08,4,1,heat,,0
R16269,H00162,B05,,2026-07-09,2,0,,packaging,0
R16270,H00172,B39,,2026-07-09,3,0,heat,,0
R16271,H00202,B38,,2026-07-09,5,1,price,ingredients,1
R16272,H00211,B14,,2026-07-09,2,0,,aftertaste,0
R16273,H00401,B20,,2026-07-09,4,0,sweetness,,0
R16274,H00526,B05,,2026-07-09,2,0,,seasoning,0
R16275,H00751,B21,,2026-07-09,5,1,aftertaste,sweetness,1
R16276,H00761,B11,,2026-07-09,4,0,refreshing,,1
R16277,H00836,B46,,2026-07-09,5,1,fizz,,0
R16278,H00896,B15,,2026-07-09,3,0,refreshing,,0
R16279,H01028,B12,,2026-07-09,5,0,packaging,,1
R16280,H01048,B41,,2026-07-09,5,1,saltiness,crunch,1
R16281,H01141,B01,,2026-07-09,3,0,,seasoning,0
R16282,H01178,B27,,2026-07-09,3,0,versatility,,0
R16283,H01185,B41,,2026-07-09,3,0,crunch,,0
R16284,H01374,B06,,2026-07-09,3,0,,texture,0
R16285,H01393,B37,,2026-07-09,3,0,ingredients,,0
R16286,H01450,B17,,2026-07-09,3,0,fizz,,0
R16287,H01547,B44,,2026-07-09,5,1,packaging,,1
R16288,H01743,B04,,2026-07-09,2,0,,saltiness,0
R16289,H01941,B03,,2026-07-09,2,0,,texture,0
R16290,H01959,B08,,2026-07-09,4,1,flavour depth,,1
R16291,H02032,B33,,2026-07-09,3,0,,packaging,0
R16292,H02038,B26,,2026-07-09,3,0,,price,0
R16293,H02175,B46,,2026-07-09,5,1,sweetness,,1
R16294,H02226,B22,,2026-07-09,4,1,taste,,1
R16295,H02351,B17,,2026-07-09,4,1,packaging,price,1
R16296,H02453,B20,,2026-07-09,4,1,price,,0
R16297,H02632,B34,,2026-07-09,4,0,taste,aroma,0
R16298,H02731,B41,,2026-07-09,4,1,crunch,,1
R16299,H02824,B34,,2026-07-09,5,1,price,,1
R16300,H02922,B41,,2026-07-09,3,0,price,,0
R16301,H02950,B07,,2026-07-09,3,0,,price,0
R16302,H03076,B36,,2026-07-09,4,1,packaging,,1
R16303,H03122,B12,,2026-07-09,4,0,taste,sweetness,1
R16304,H03173,B31,,2026-07-09,5,1,flavour depth,,1
R16305,H03591,B08,,2026-07-09,5,1,versatility,,0
R16306,H03603,B28,,2026-07-09,3,1,energy boost,,0
R16307,H03663,B43,,2026-07-09,5,1,aftertaste,,0
R16308,H03677,B31,,2026-07-09,4,0,heat,,1
R16309,H03695,B12,,2026-07-09,1,0,,sweetness,0
R16310,H03866,B04,,2026-07-09,2,0,,price,0
R16311,H03957,B43,,2026-07-09,3,1,aftertaste,,0
R16312,H04016,B02,,2026-07-09,2,0,,saltiness,0
R16313,H04305,B38,,2026-07-09,3,1,,packaging,0
R16314,H04362,B01,,2026-07-09,3,0,,crunch,0
R16315,H04379,B06,,2026-07-09,2,0,,taste,0
R16316,H04497,B41,,2026-07-09,4,1,crunch,,1
R16317,H00098,B49,,2026-07-10,3,1,,price,0
R16318,H00116,B16,,2026-07-10,3,0,price,,0
R16319,H00169,B06,,2026-07-10,4,1,texture,,0
R16320,H00215,B41,,2026-07-10,2,0,,price,0
R16321,H00279,B19,,2026-07-10,3,1,,texture,0
R16322,H00290,B02,,2026-07-10,4,1,packaging,,0
R16323,H00556,B08,,2026-07-10,4,1,flavour depth,,1
R16324,H00641,B24,,2026-07-10,5,1,price,,1
R16325,H00764,B16,,2026-07-10,3,1,,fizz,0
R16326,H00863,B33,,2026-07-10,4,1,sweetness,,1
R16327,H00975,B03,,2026-07-10,5,1,ingredients,,1
R16328,H01246,B18,,2026-07-10,2,0,,sweetness,0
R16329,H01397,B11,,2026-07-10,5,1,taste,,0
R16330,H01542,B45,,2026-07-10,3,0,,taste,0
R16331,H01692,B10,,2026-07-10,3,1,,taste,0
R16332,H01776,B26,,2026-07-10,4,1,portion size,packaging,1
R16333,H02130,B45,,2026-07-10,3,0,sweetness,,0
R16334,H02263,B19,,2026-07-10,3,0,,texture,0
R16335,H02700,B27,,2026-07-10,5,1,price,texture,1
R16336,H02725,B14,,2026-07-10,5,1,packaging,,0
R16337,H02781,B05,,2026-07-10,3,0,portion size,,0
R16338,H03112,B25,,2026-07-10,3,1,,price,0
R16339,H03198,B40,,2026-07-10,2,0,,refreshing,0
R16340,H03210,B42,,2026-07-10,4,1,strength,ingredients,1
R16341,H03254,B43,,2026-07-10,5,1,price,,1
R16342,H03377,B08,,2026-07-10,1,0,,texture,0
R16343,H03380,B01,,2026-07-10,2,0,,crunch,0
R16344,H03607,B22,,2026-07-10,3,1,price,,0
R16345,H03742,B24,,2026-07-10,3,1,ingredients,,1
R16346,H04077,B29,,2026-07-10,3,0,,texture,0
R16347,H04120,B25,,2026-07-10,4,1,seasoning,,1
R16348,H04170,B27,,2026-07-10,3,0,,versatility,0
R16349,H04217,B25,,2026-07-10,2,0,,saltiness,0
R16350,H04369,B36,,2026-07-10,3,0,crunch,,1
R16351,H04466,B16,,2026-07-10,4,1,taste,,1
R16352,H04504,B37,P055,2026-07-10,4,1,taste,price,0
R16353,H04508,B30,,2026-07-10,3,1,heat,,1
R16354,H04512,B28,P055,2026-07-10,2,0,,portability,0
R16355,H04514,B28,P055,2026-07-10,4,1,ingredients,,1
R16356,H00156,B40,,2026-07-11,3,0,aftertaste,,0
R16357,H00228,B32,,2026-07-11,2,0,,usefulness,0
R16358,H00274,B16,,2026-07-11,2,0,packaging,price,1
R16359,H00744,B02,,2026-07-11,3,1,crunch,,0
R16360,H00801,B33,,2026-07-11,2,0,aftertaste,price,0
R16361,H00823,B46,,2026-07-11,5,1,aftertaste,,1
R16362,H00902,B27,,2026-07-11,3,0,flavour depth,,1
R16363,H00911,B11,,2026-07-11,5,1,price,,1
R16364,H00966,B31,,2026-07-11,1,0,,heat,0
R16365,H01017,B01,,2026-07-11,3,0,saltiness,,0
R16366,H01131,B40,,2026-07-11,3,0,,sweetness,0
R16367,H01508,B23,,2026-07-11,4,1,packaging,,1
R16368,H01547,B17,,2026-07-11,3,0,,fizz,1
R16369,H01571,B15,,2026-07-11,4,1,packaging,,0
R16370,H01687,B18,,2026-07-11,2,0,,fizz,0
R16371,H01768,B43,,2026-07-11,2,0,,sweetness,0
R16372,H01900,B41,,2026-07-11,5,1,crunch,,1
R16373,H01955,B01,,2026-07-11,3,0,price,,0
R16374,H02078,B43,,2026-07-11,5,1,packaging,,1
R16375,H02462,B16,,2026-07-11,1,0,,taste,0
R16376,H02462,B39,,2026-07-11,3,0,price,,0
R16377,H02674,B18,,2026-07-11,5,1,price,,1
R16378,H02685,B12,,2026-07-11,4,1,price,fizz,0
R16379,H02731,B34,,2026-07-11,4,1,price,,0
R16380,H02874,B19,,2026-07-11,5,1,jar size,,0
R16381,H02892,B08,,2026-07-11,3,1,price,,0
R16382,H03021,B39,,2026-07-11,4,1,flavour depth,,0
R16383,H03085,B02,,2026-07-11,4,1,seasoning,,1
R16384,H03442,B03,,2026-07-11,1,0,,portability,0
R16385,H03651,B37,,2026-07-11,2,0,,price,0
R16386,H03753,B29,,2026-07-11,4,1,portability,,1
R16387,H03896,B38,,2026-07-11,3,1,,texture,0
R16388,H03967,B39,,2026-07-11,5,1,price,,1
R16389,H04035,B26,,2026-07-11,3,0,crunch,,1
R16390,H04073,B36,,2026-07-11,2,1,,portion size,0
R16391,H04145,B34,,2026-07-11,5,1,aroma,taste,1
R16392,H04178,B06,,2026-07-11,3,0,,taste,0
R16393,H04358,B14,,2026-07-11,3,0,fizz,,1
R16394,H04363,B43,,2026-07-11,5,1,fizz,,1
R16395,H04512,B04,P055,2026-07-11,3,0,,seasoning,0
R16396,H00153,B21,,2026-07-12,3,0,,aftertaste,0
R16397,H00361,B32,,2026-07-12,4,1,size,,1
R16398,H00539,B38,,2026-07-12,4,0,taste,,0
R16399,H00541,B27,,2026-07-12,3,0,versatility,,0
R16400,H00833,B22,,2026-07-12,3,0,ingredients,,0
R16401,H01076,B39,,2026-07-12,2,0,,heat,0
R16402,H01111,B41,,2026-07-12,3,1,,price,0
R16403,H01376,B05,,2026-07-12,3,0,,crunch,0
R16404,H01478,B33,,2026-07-12,3,1,taste,,0
R16405,H01515,B20,,2026-07-12,1,0,,price,0
R16406,H01599,B19,,2026-07-12,4,0,price,,0
R16407,H01701,B45,,2026-07-12,5,1,aftertaste,,1
R16408,H01732,B16,,2026-07-12,4,1,taste,,0
R16409,H01762,B39,,2026-07-12,5,1,heat,,1
R16410,H01815,B45,,2026-07-12,3,1,sweetness,,0
R16411,H01820,B29,,2026-07-12,2,0,,portability,0
R16412,H02149,B38,,2026-07-12,2,0,,sweetness,0
R16413,H02339,B14,,2026-07-12,4,1,fizz,,1
R16414,H02372,B11,,2026-07-12,4,1,packaging,fizz,0
R16415,H02379,B01,,2026-07-12,5,1,price,,1
R16416,H02418,B43,,2026-07-12,4,1,taste,,0
R16417,H02502,B25,,2026-07-12,2,0,,price,0
R16418,H02786,B29,,2026-07-12,3,0,ingredients,,0
R16419,H02941,B26,,2026-07-12,3,0,crunch,,0
R16420,H03081,B07,,2026-07-12,4,1,flavour depth,,1
R16421,H03203,B21,,2026-07-12,1,0,,refreshing,0
R16422,H03432,B43,,2026-07-12,4,1,aftertaste,,0
R16423,H03580,B02,,2026-07-12,4,1,packaging,portion size,1
R16424,H04007,B10,,2026-07-12,4,1,aroma,taste,1
R16425,H04281,B04,,2026-07-12,4,1,portion size,,1
R16426,H04507,B28,P055,2026-07-12,3,1,,price,0
R16427,H04510,B37,P055,2026-07-12,4,0,price,sweetness,1
R16428,H04513,B03,P055,2026-07-12,3,0,,portability,1
R16429,H00384,B49,,2026-07-13,3,0,,ingredients,0
R16430,H00391,B17,,2026-07-13,4,1,sweetness,,1
R16431,H00649,B02,,2026-07-13,4,1,crunch,price,0
R16432,H00696,B20,,2026-07-13,4,1,taste,,0
R16433,H00816,B46,,2026-07-13,3,0,,aftertaste,0
R16434,H01084,B49,,2026-07-13,2,0,,price,0
R16435,H01419,B13,,2026-07-13,2,0,,taste,0
R16436,H01631,B19,,2026-07-13,3,0,jar size,,0
R16437,H01657,B10,,2026-07-13,5,1,price,packaging,1
R16438,H01699,B09,,2026-07-13,4,1,taste,,0
R16439,H01742,B39,,2026-07-13,4,1,jar size,,1
R16440,H01777,B31,,2026-07-13,3,0,texture,,0
R16441,H02109,B12,,2026-07-13,2,0,,price,0
R16442,H02435,B41,,2026-07-13,4,1,portion size,,1
R16443,H02462,B40,,2026-07-13,3,0,price,,0
R16444,H02485,B39,,2026-07-13,3,1,,heat,0
R16445,H02496,B30,,2026-07-13,1,0,,flavour depth,0
R16446,H02537,B44,,2026-07-13,4,1,price,,1
R16447,H02589,B27,,2026-07-13,5,1,versatility,,1
R16448,H02661,B13,,2026-07-13,3,0,sweetness,,0
R16449,H02690,B18,,2026-07-13,3,0,,packaging,0
R16450,H02708,B40,,2026-07-13,3,1,sweetness,,0
R16451,H02787,B39,,2026-07-13,3,1,,flavour depth,0
R16452,H02838,B05,,2026-07-13,3,1,,price,1
R16453,H02930,B30,,2026-07-13,2,0,,jar size,0
R16454,H03314,B17,,2026-07-13,3,1,,taste,0
R16455,H03571,B06,,2026-07-13,3,1,,packaging,0
R16456,H03630,B06,,2026-07-13,3,0,sweetness,,0
R16457,H03661,B33,,2026-07-13,3,0,refreshing,,0
R16458,H03698,B16,,2026-07-13,2,0,,price,0
R16459,H03867,B43,,2026-07-13,4,1,sweetness,,0
R16460,H03893,B06,,2026-07-13,4,0,price,,1
R16461,H04011,B36,,2026-07-13,2,0,seasoning,crunch,0
R16462,H04111,B31,,2026-07-13,5,1,price,,1
R16463,H04134,B30,,2026-07-13,2,1,versatility,price,1
R16464,H04337,B19,,2026-07-13,4,1,texture,,0
R16465,H04426,B38,,2026-07-13,4,0,taste,,1
R16466,H04445,B22,,2026-07-13,3,0,ingredients,,0
R16467,H04507,B14,P055,2026-07-13,3,0,,refreshing,0
R16468,H04510,B03,P055,2026-07-13,4,1,texture,,1
R16469,H04514,B14,P055,2026-07-13,5,1,sweetness,,0
R16470,H00606,B36,,2026-07-14,4,1,portion size,,1
R16471,H00816,B39,,2026-07-14,5,1,price,,1
R16472,H01007,B36,,2026-07-14,4,1,crunch,,1
R16473,H01125,B26,,2026-07-14,3,1,,seasoning,0
R16474,H01180,B25,,2026-07-14,2,0,,seasoning,0
R16475,H01249,B08,,2026-07-14,3,0,heat,,0
R16476,H01427,B20,,2026-07-14,1,0,,taste,0
R16477,H01520,B18,,2026-07-14,3,0,packaging,,0
R16478,H01529,B03,,2026-07-14,2,0,ingredients,texture,0
R16479,H01571,B21,,2026-07-14,2,0,sweetness,aftertaste,0
R16480,H01604,B22,,2026-07-14,5,1,ingredients,packaging,1
R16481,H01737,B24,,2026-07-14,2,1,,aroma,0
R16482,H01758,B24,,2026-07-14,5,1,price,,0
R16483,H01786,B42,,2026-07-14,1,0,,price,0
R16484,H02107,B18,,2026-07-14,5,1,fizz,,1
R16485,H02272,B24,,2026-07-14,3,0,aroma,,0
R16486,H02272,B05,,2026-07-14,2,0,price,seasoning,0
R16487,H02297,B35,,2026-07-14,3,1,,ingredients,1
R16488,H02321,B01,,2026-07-14,4,1,crunch,packaging,0
R16489,H02567,B20,,2026-07-14,4,1,taste,,1
R16490,H02715,B10,,2026-07-14,4,1,taste,,0
R16491,H02833,B14,,2026-07-14,3,0,packaging,,0
R16492,H02890,B04,,2026-07-14,2,0,,saltiness,1
R16493,H02942,B22,,2026-07-14,4,0,ingredients,taste,0
R16494,H03012,B40,,2026-07-14,5,1,taste,,1
R16495,H03083,B43,,2026-07-14,2,0,,refreshing,0
R16496,H03127,B09,,2026-07-14,3,1,,packaging,0
R16497,H03180,B46,,2026-07-14,4,1,sweetness,,0
R16498,H03281,B09,,2026-07-14,4,1,sweetness,taste,1
R16499,H03364,B49,,2026-07-14,3,0,texture,,0
R16500,H03375,B06,,2026-07-14,3,0,,taste,0
R16501,H03446,B38,,2026-07-14,3,0,,texture,0
R16502,H03464,B01,,2026-07-14,4,0,packaging,,0
R16503,H03528,B01,,2026-07-14,3,0,,portion size,0
R16504,H03533,B48,,2026-07-14,4,1,crunch,,0
R16505,H03621,B42,,2026-07-14,3,0,strength,,1
R16506,H03700,B29,,2026-07-14,3,1,,ingredients,0
R16507,H03810,B39,,2026-07-14,3,1,flavour depth,,0
R16508,H03835,B19,,2026-07-14,4,0,flavour depth,,0
R16509,H04003,B30,,2026-07-14,1,0,,versatility,0
R16510,H04176,B13,,2026-07-14,3,0,,sweetness,0
R16511,H04263,B43,,2026-07-14,3,0,aftertaste,,0
R16512,H04503,B04,P055,2026-07-14,4,1,crunch,,0
R16513,H04503,B14,P055,2026-07-14,4,1,sweetness,,0
R16514,H04508,B14,P055,2026-07-14,3,1,,taste,1
R16515,H00038,B22,,2026-07-15,1,0,,ingredients,0
R16516,H00093,B23,,2026-07-15,4,1,price,,0
R16517,H00119,B02,,2026-07-15,3,1,crunch,,1
R16518,H00314,B21,,2026-07-15,3,0,,aftertaste,0
R16519,H00426,B08,,2026-07-15,4,1,heat,,0
R16520,H00524,B05,,2026-07-15,4,1,seasoning,,0
R16521,H00528,B22,,2026-07-15,2,0,,texture,0
R16522,H00595,B31,,2026-07-15,4,0,price,,1
R16523,H00783,B29,,2026-07-15,2,1,,energy boost,0
R16524,H00816,B37,,2026-07-15,2,0,,packaging,0
R16525,H00950,B44,,2026-07-15,3,1,,price,1
R16526,H01097,B30,,2026-07-15,2,0,texture,heat,0
R16527,H01312,B11,,2026-07-15,2,0,,fizz,0
R16528,H01336,B46,,2026-07-15,5,1,taste,,1
R16529,H01369,B49,,2026-07-15,4,1,packaging,,0
R16530,H01557,B19,,2026-07-15,4,0,texture,,0
R16531,H01704,B22,,2026-07-15,4,1,sweetness,,1
R16532,H02064,B48,,2026-07-15,3,0,crunch,,0
R16533,H02233,B19,,2026-07-15,3,0,versatility,,0
R16534,H02314,B06,,2026-07-15,2,0,,packaging,0
R16535,H02370,B35,,2026-07-15,3,1,energy boost,,0
R16536,H02446,B14,,2026-07-15,4,1,fizz,,0
R16537,H02667,B43,,2026-07-15,5,0,refreshing,,0
R16538,H02695,B19,,2026-07-15,3,0,,price,0
R16539,H02828,B43,,2026-07-15,3,0,price,,0
R16540,H02999,B15,,2026-07-15,3,0,price,,0
R16541,H03192,B19,,2026-07-15,4,1,versatility,,1
R16542,H03239,B13,,2026-07-15,1,0,,taste,0
R16543,H03254,B01,,2026-07-15,4,1,portion size,saltiness,1
R16544,H03468,B11,,2026-07-15,3,1,,packaging,1
R16545,H03572,B10,,2026-07-15,3,0,,price,0
R16546,H03725,B19,,2026-07-15,3,0,flavour depth,,0
R16547,H03800,B43,,2026-07-15,3,0,aftertaste,,0
R16548,H03874,B43,,2026-07-15,5,1,refreshing,aftertaste,0
R16549,H03898,B31,,2026-07-15,3,1,,heat,0
R16550,H03930,B22,,2026-07-15,4,1,ingredients,sweetness,1
R16551,H03939,B24,,2026-07-15,1,0,,aroma,0
R16552,H04003,B34,,2026-07-15,3,0,,aroma,0
R16553,H04098,B31,,2026-07-15,4,1,versatility,,0
R16554,H04113,B18,,2026-07-15,3,1,fizz,,0
R16555,H04127,B14,,2026-07-15,4,1,price,,0
R16556,H04224,B17,,2026-07-15,2,0,,sweetness,1
R16557,H04278,B37,,2026-07-15,3,0,,sweetness,0
R16558,H04505,B04,P055,2026-07-15,3,0,,portion size,0
R16559,H04511,B37,P055,2026-07-15,3,1,,ingredients,0
R16560,H00160,B06,,2026-07-16,4,1,price,,0
R16561,H00295,B21,,2026-07-16,3,0,,sweetness,0
R16562,H00565,B11,,2026-07-16,4,1,packaging,taste,1
R16563,H00646,B22,,2026-07-16,2,1,,ingredients,0
R16564,H00728,B20,,2026-07-16,5,1,fizz,,1
R16565,H01006,B19,,2026-07-16,5,1,texture,,0
R16566,H01135,B32,,2026-07-16,3,0,,build quality,1
R16567,H01376,B17,,2026-07-16,2,0,fizz,refreshing,0
R16568,H01406,B09,,2026-07-16,3,0,taste,,0
R16569,H01470,B12,,2026-07-16,2,0,,sweetness,0
R16570,H01483,B43,,2026-07-16,5,1,packaging,,1
R16571,H01512,B07,,2026-07-16,4,0,heat,,0
R16572,H01535,B32,,2026-07-16,2,0,,price,0
R16573,H01763,B21,,2026-07-16,4,1,fizz,,0
R16574,H01820,B31,,2026-07-16,4,1,jar size,,1
R16575,H02098,B13,,2026-07-16,5,1,sweetness,,1
R16576,H02188,B01,,2026-07-16,3,0,,portion size,1
R16577,H02268,B07,,2026-07-16,4,1,flavour depth,,1
R16578,H02384,B24,,2026-07-16,5,1,aroma,,1
R16579,H02594,B04,,2026-07-16,3,0,,crunch,0
R16580,H02617,B04,,2026-07-16,3,0,crunch,,0
R16581,H02683,B03,,2026-07-16,3,0,,portability,0
R16582,H02816,B15,,2026-07-16,4,0,sweetness,,0
R16583,H02943,B41,,2026-07-16,3,0,,portion size,1
R16584,H03298,B41,,2026-07-16,3,0,packaging,,0
R16585,H03506,B20,,2026-07-16,3,0,,sweetness,0
R16586,H03527,B27,,2026-07-16,4,0,flavour depth,,0
R16587,H03528,B18,,2026-07-16,2,0,,refreshing,0
R16588,H03595,B26,,2026-07-16,2,0,,saltiness,0
R16589,H03834,B43,,2026-07-16,4,0,taste,,1
R16590,H03877,B49,,2026-07-16,2,0,sweetness,texture,0
R16591,H03972,B25,,2026-07-16,2,0,,portion size,0
R16592,H03978,B20,,2026-07-16,3,1,,price,1
R16593,H04004,B22,,2026-07-16,3,1,texture,,0
R16594,H04075,B39,,2026-07-16,3,0,,texture,0
R16595,H04316,B29,,2026-07-16,4,1,energy boost,,1
R16596,H04372,B43,,2026-07-16,3,1,,sweetness,0
R16597,H04377,B45,,2026-07-16,3,0,packaging,,1
R16598,H04434,B04,,2026-07-16,2,0,,price,0
R16599,H04446,B16,,2026-07-16,1,0,,sweetness,0
R16600,H04504,B28,P055,2026-07-16,4,1,texture,,0
R16601,H04509,B14,P055,2026-07-16,4,1,aftertaste,sweetness,1
R16602,H00088,B16,,2026-07-17,2,1,,packaging,0
R16603,H00195,B11,,2026-07-17,4,1,fizz,aftertaste,1
R16604,H00398,B27,,2026-07-17,3,0,heat,,1
R16605,H00561,B04,,2026-07-17,3,0,portion size,,1
R16606,H00582,B44,,2026-07-17,3,0,price,,0
R16607,H00628,B46,,2026-07-17,5,1,sweetness,,1
R16608,H00854,B15,,2026-07-17,3,1,,packaging,0
R16609,H01031,B14,,2026-07-17,3,0,,refreshing,0
R16610,H01128,B10,,2026-07-17,1,0,,aroma,0
R16611,H01133,B49,,2026-07-17,4,1,texture,,0
R16612,H01335,B25,,2026-07-17,4,1,portion size,,0
R16613,H01361,B27,,2026-07-17,4,1,texture,,1
R16614,H01450,B29,,2026-07-17,3,0,,energy boost,0
R16615,H01541,B39,,2026-07-17,3,1,,price,0
R16616,H01614,B41,,2026-07-17,4,1,saltiness,,1
R16617,H01839,B11,,2026-07-17,4,1,price,,1
R16618,H02005,B48,,2026-07-17,3,0,,portion size,0
R16619,H02224,B38,,2026-07-17,4,1,sweetness,,1
R16620,H02314,B32,,2026-07-17,3,0,usefulness,,0
R16621,H02381,B39,,2026-07-17,5,1,versatility,,1
R16622,H02509,B43,,2026-07-17,5,1,packaging,price,0
R16623,H02595,B46,,2026-07-17,5,1,aftertaste,,1
R16624,H02635,B41,,2026-07-17,4,1,seasoning,packaging,1
R16625,H02638,B07,,2026-07-17,4,1,texture,,0
R16626,H02712,B31,,2026-07-17,4,0,heat,,0
R16627,H02817,B47,,2026-07-17,3,1,texture,,0
R16628,H03036,B33,,2026-07-17,4,1,fizz,,1
R16629,H03312,B43,,2026-07-17,3,0,,taste,0
R16630,H03362,B23,,2026-07-17,2,0,,packaging,0
R16631,H03397,B40,,2026-07-17,3,0,packaging,,0
R16632,H03679,B45,,2026-07-17,3,0,,refreshing,0
R16633,H03847,B10,,2026-07-17,4,1,ingredients,,0
R16634,H03911,B36,,2026-07-17,2,0,,price,0
R16635,H03926,B13,,2026-07-17,4,1,taste,,1
R16636,H04085,B29,,2026-07-17,2,0,,taste,0
R16637,H04139,B22,,2026-07-17,5,1,ingredients,,1
R16638,H04349,B48,,2026-07-17,4,1,saltiness,,1
R16639,H04440,B48,,2026-07-17,3,0,price,,0
R16640,H04508,B37,P055,2026-07-17,3,0,,ingredients,0
R16641,H04510,B04,P055,2026-07-17,3,0,portion size,,1
R16642,H04512,B19,,2026-07-17,4,1,jar size,,0
R16643,H04513,B37,P055,2026-07-17,3,0,sweetness,,1
R16644,H04521,B35,,2026-07-17,3,1,ingredients,,1
R16645,H00050,B40,,2026-07-18,2,0,refreshing,sweetness,1
R16646,H00143,B15,,2026-07-18,4,1,sweetness,,1
R16647,H00172,B12,,2026-07-18,3,0,fizz,,0
R16648,H00299,B36,,2026-07-18,4,1,packaging,,1
R16649,H00303,B47,,2026-07-18,5,1,price,,0
R16650,H00311,B49,,2026-07-18,4,1,packaging,,0
R16651,H00338,B37,,2026-07-18,3,0,,sweetness,1
R16652,H00399,B46,,2026-07-18,2,0,,sweetness,0
R16653,H00450,B39,,2026-07-18,3,0,flavour depth,,0
R16654,H00908,B40,,2026-07-18,5,1,fizz,,1
R16655,H01027,B16,,2026-07-18,4,1,price,,0
R16656,H01110,B44,,2026-07-18,4,1,aftertaste,,0
R16657,H01350,B09,,2026-07-18,4,1,texture,,1
R16658,H01382,B15,,2026-07-18,1,0,,price,0
R16659,H01392,B10,,2026-07-18,5,1,price,,1
R16660,H01610,B34,,2026-07-18,5,1,aroma,,1
R16661,H01688,B37,,2026-07-18,1,0,,price,0
R16662,H01772,B32,,2026-07-18,5,1,size,,0
R16663,H01970,B42,,2026-07-18,3,0,,packaging,1
R16664,H01977,B22,,2026-07-18,5,1,texture,,1
R16665,H01980,B36,,2026-07-18,3,0,saltiness,,1
R16666,H02453,B15,,2026-07-18,4,0,price,aftertaste,1
R16667,H02456,B43,,2026-07-18,3,1,,aftertaste,0
R16668,H02465,B38,,2026-07-18,4,1,price,,1
R16669,H02565,B10,,2026-07-18,3,1,,ingredients,0
R16670,H02685,B41,,2026-07-18,3,0,packaging,,0
R16671,H02737,B11,,2026-07-18,3,1,refreshing,,0
R16672,H02811,B49,,2026-07-18,5,1,price,sweetness,1
R16673,H02874,B03,,2026-07-18,2,0,,price,0
R16674,H02960,B05,,2026-07-18,2,0,,crunch,0
R16675,H03029,B02,,2026-07-18,3,0,,seasoning,0
R16676,H03040,B11,,2026-07-18,4,1,refreshing,,1
R16677,H03262,B42,,2026-07-18,2,0,,strength,0
R16678,H03370,B17,,2026-07-18,3,0,,taste,0
R16679,H03646,B30,,2026-07-18,2,0,,versatility,0
R16680,H03705,B28,,2026-07-18,2,0,,texture,0
R16681,H03735,B33,,2026-07-18,4,1,aftertaste,,1
R16682,H03819,B02,,2026-07-18,2,0,,price,0
R16683,H04342,B13,,2026-07-18,5,1,refreshing,packaging,1
R16684,H04469,B13,,2026-07-18,4,1,sweetness,,0
R16685,H04475,B09,,2026-07-18,2,0,,texture,0
R16686,H00031,B41,,2026-07-19,3,0,price,,0
R16687,H00078,B21,,2026-07-19,4,1,taste,,0
R16688,H00111,B38,,2026-07-19,3,0,packaging,,1
R16689,H00495,B37,,2026-07-19,1,0,,packaging,0
R16690,H00570,B41,,2026-07-19,3,0,,packaging,0
R16691,H00685,B41,,2026-07-19,3,0,,saltiness,1
R16692,H00692,B48,,2026-07-19,4,0,price,packaging,1
R16693,H00971,B28,,2026-07-19,5,1,portability,energy boost,1
R16694,H01192,B44,,2026-07-19,4,1,aftertaste,,0
R16695,H01300,B20,,2026-07-19,3,0,,taste,0
R16696,H01411,B02,,2026-07-19,4,0,saltiness,,0
R16697,H01653,B26,,2026-07-19,5,1,crunch,,1
R16698,H01668,B17,,2026-07-19,2,0,,sweetness,0
R16699,H02088,B39,,2026-07-19,3,0,,heat,0
R16700,H02163,B22,,2026-07-19,1,0,,ingredients,0
R16701,H02379,B36,,2026-07-19,4,1,seasoning,,1
R16702,H02439,B01,,2026-07-19,3,0,,seasoning,0
R16703,H02572,B48,,2026-07-19,3,1,,saltiness,0
R16704,H02618,B48,,2026-07-19,5,1,crunch,,0
R16705,H02670,B12,,2026-07-19,3,1,,aftertaste,1
R16706,H02790,B07,,2026-07-19,3,1,,versatility,0
R16707,H02875,B33,,2026-07-19,5,1,aftertaste,,1
R16708,H02902,B46,,2026-07-19,4,1,sweetness,,0
R16709,H02949,B27,,2026-07-19,5,1,jar size,,1
R16710,H02998,B11,,2026-07-19,3,1,,packaging,0
R16711,H03030,B33,,2026-07-19,2,1,,sweetness,0
R16712,H03213,B01,,2026-07-19,4,1,price,,0
R16713,H03398,B25,,2026-07-19,2,0,,price,0
R16714,H03414,B31,,2026-07-19,2,0,texture,flavour depth,0
R16715,H03565,B16,,2026-07-19,3,0,,taste,1
R16716,H03611,B08,,2026-07-19,4,1,versatility,price,0
R16717,H03629,B33,,2026-07-19,4,1,refreshing,,1
R16718,H03636,B03,,2026-07-19,4,0,taste,,0
R16719,H03637,B11,,2026-07-19,3,0,,fizz,0
R16720,H03700,B31,,2026-07-19,4,1,price,,1
R16721,H03812,B31,,2026-07-19,5,1,jar size,,1
R16722,H03820,B14,,2026-07-19,5,1,price,,0
R16723,H04015,B19,,2026-07-19,2,0,price,jar size,0
R16724,H04117,B34,,2026-07-19,3,0,ingredients,,0
R16725,H04122,B25,,2026-07-19,5,1,saltiness,,1
R16726,H04207,B39,,2026-07-19,4,1,flavour depth,,1
R16727,H04213,B14,,2026-07-19,2,0,refreshing,taste,0
R16728,H04483,B34,,2026-07-19,5,1,taste,,0
R16729,H00134,B31,,2026-07-20,3,1,heat,,0
R16730,H00359,B43,,2026-07-20,4,1,fizz,,0
R16731,H00446,B19,,2026-07-20,5,1,heat,,1
R16732,H00615,B06,,2026-07-20,5,1,taste,,0
R16733,H00615,B30,,2026-07-20,4,0,texture,jar size,1
R16734,H00738,B37,,2026-07-20,5,0,ingredients,,1
R16735,H00884,B20,,2026-07-20,4,1,fizz,,1
R16736,H00903,B06,,2026-07-20,5,1,ingredients,,0
R16737,H01107,B03,,2026-07-20,4,0,ingredients,,0
R16738,H01258,B26,,2026-07-20,2,0,,price,0
R16739,H01345,B12,,2026-07-20,4,1,taste,,1
R16740,H01420,B48,,2026-07-20,3,0,saltiness,,0
R16741,H01688,B26,,2026-07-20,4,1,crunch,,1
R16742,H01873,B27,,2026-07-20,2,0,,heat,0
R16743,H01891,B21,,2026-07-20,3,0,,sweetness,0
R16744,H02194,B29,,2026-07-20,4,0,ingredients,,1
R16745,H02362,B30,,2026-07-20,3,1,,versatility,0
R16746,H02416,B43,,2026-07-20,3,1,sweetness,,0
R16747,H02623,B40,,2026-07-20,2,0,,price,0
R16748,H02675,B40,,2026-07-20,3,0,,taste,1
R16749,H02808,B40,,2026-07-20,5,1,refreshing,,1
R16750,H02834,B19,,2026-07-20,5,1,price,,1
R16751,H02908,B07,,2026-07-20,3,0,,texture,0
R16752,H02998,B02,,2026-07-20,3,1,,portion size,0
R16753,H03192,B39,,2026-07-20,5,1,texture,heat,1
R16754,H03250,B10,,2026-07-20,3,0,price,,0
R16755,H03329,B46,,2026-07-20,4,1,fizz,,1
R16756,H03889,B14,,2026-07-20,4,1,refreshing,,1
R16757,H03917,B27,,2026-07-20,3,0,jar size,,0
R16758,H04092,B12,,2026-07-20,3,1,,price,1
R16759,H04131,B37,,2026-07-20,2,0,,sweetness,1
R16760,H04238,B19,,2026-07-20,3,1,heat,,1
R16761,H04267,B29,,2026-07-20,3,1,energy boost,,0
R16762,H04358,B29,,2026-07-20,3,1,taste,,0
R16763,H04391,B48,,2026-07-20,3,0,price,,0
R16764,H04420,B37,,2026-07-20,2,0,,taste,0
R16765,H04436,B46,,2026-07-20,3,0,fizz,,0
R16766,H04492,B26,,2026-07-20,4,1,price,,1
R16767,H00035,B36,,2026-07-21,3,0,,price,0
R16768,H00103,B09,,2026-07-21,3,0,,packaging,0
R16769,H00175,B19,,2026-07-21,5,1,flavour depth,,0
R16770,H00183,B47,,2026-07-21,2,0,packaging,taste,0
R16771,H00187,B22,,2026-07-21,1,0,,taste,0
R16772,H00251,B28,,2026-07-21,2,0,,price,0
R16773,H00290,B45,,2026-07-21,3,0,sweetness,,1
R16774,H00904,B08,,2026-07-21,3,1,jar size,,0
R16775,H01120,B15,,2026-07-21,3,0,,sweetness,0
R16776,H01395,B31,,2026-07-21,5,1,heat,,1
R16777,H01554,B46,,2026-07-21,3,0,,aftertaste,0
R16778,H01701,B29,,2026-07-21,5,1,taste,,0
R16779,H01837,B30,,2026-07-21,3,1,price,,0
R16780,H01901,B09,,2026-07-21,3,1,,sweetness,0
R16781,H01976,B42,,2026-07-21,4,1,taste,price,1
R16782,H02095,B48,,2026-07-21,4,1,packaging,seasoning,0
R16783,H02171,B24,,2026-07-21,5,1,packaging,aroma,1
R16784,H02177,B29,,2026-07-21,3,0,energy boost,,1
R16785,H02195,B43,,2026-07-21,4,1,price,,1
R16786,H02411,B21,,2026-07-21,4,1,packaging,,1
R16787,H02579,B26,,2026-07-21,4,1,seasoning,,1
R16788,H02641,B16,,2026-07-21,3,0,,sweetness,0
R16789,H02657,B47,,2026-07-21,3,0,sweetness,,0
R16790,H02808,B18,,2026-07-21,2,0,,aftertaste,0
R16791,H02824,B11,,2026-07-21,2,0,,aftertaste,0
R16792,H02849,B30,,2026-07-21,5,1,flavour depth,,1
R16793,H02942,B29,,2026-07-21,3,0,,texture,0
R16794,H02978,B14,,2026-07-21,3,0,fizz,,0
R16795,H03063,B31,,2026-07-21,3,1,texture,,0
R16796,H03168,B27,,2026-07-21,4,1,price,,1
R16797,H03251,B17,,2026-07-21,2,0,,taste,0
R16798,H03281,B44,,2026-07-21,1,0,,taste,0
R16799,H03507,B12,,2026-07-21,3,0,,aftertaste,1
R16800,H03595,B47,,2026-07-21,4,1,ingredients,,0
R16801,H03826,B14,,2026-07-21,4,1,packaging,,1
R16802,H03845,B21,,2026-07-21,5,1,price,taste,1
R16803,H04058,B41,,2026-07-21,4,1,crunch,,1
R16804,H04070,B31,,2026-07-21,2,0,,jar size,0
R16805,H04148,B31,,2026-07-21,2,1,texture,jar size,0
R16806,H04233,B27,,2026-07-21,3,1,versatility,,0
R16807,H04243,B25,,2026-07-21,1,0,seasoning,crunch,0
R16808,H04402,B30,,2026-07-21,2,1,versatility,flavour depth,0
R16809,H04454,B36,,2026-07-21,3,1,,price,1
R16810,H04457,B27,,2026-07-21,3,0,price,,0
R16811,H04459,B12,,2026-07-21,2,0,packaging,sweetness,0
R16812,H00016,B05,,2026-07-22,4,1,crunch,,1
R16813,H00202,B15,,2026-07-22,4,1,fizz,,1
R16814,H00233,B16,,2026-07-22,3,0,,sweetness,1
R16815,H00266,B23,,2026-07-22,2,0,,texture,0
R16816,H00403,B27,,2026-07-22,4,1,price,,0
R16817,H00467,B24,,2026-07-22,5,1,strength,,1
R16818,H00718,B32,,2026-07-22,3,1,build quality,,0
R16819,H01081,B06,,2026-07-22,2,0,,taste,0
R16820,H01289,B46,,2026-07-22,5,1,aftertaste,,0
R16821,H01435,B29,,2026-07-22,3,0,energy boost,,0
R16822,H01468,B13,,2026-07-22,5,1,taste,fizz,1
R16823,H01566,B17,,2026-07-22,5,1,packaging,refreshing,1
R16824,H01726,B14,,2026-07-22,4,0,taste,,0
R16825,H01787,B08,,2026-07-22,5,1,price,,1
R16826,H01927,B07,,2026-07-22,2,0,,price,0
R16827,H01947,B10,,2026-07-22,3,1,,strength,0
R16828,H01975,B25,,2026-07-22,5,1,portion size,,1
R16829,H02049,B19,,2026-07-22,5,0,price,,0
R16830,H02065,B26,,2026-07-22,3,1,crunch,,0
R16831,H02282,B20,,2026-07-22,2,1,fizz,aftertaste,0
R16832,H02408,B43,,2026-07-22,5,1,sweetness,,1
R16833,H02519,B32,,2026-07-22,3,0,,design,0
R16834,H02826,B43,,2026-07-22,5,1,refreshing,,1
R16835,H02911,B27,,2026-07-22,4,1,versatility,,0
R16836,H02965,B09,,2026-07-22,4,1,sweetness,texture,1
R16837,H03105,B10,,2026-07-22,5,1,strength,,1
R16838,H03285,B13,,2026-07-22,5,1,sweetness,fizz,1
R16839,H03524,B07,,2026-07-22,5,1,versatility,,1
R16840,H03537,B07,,2026-07-22,5,1,jar size,,1
R16841,H03963,B46,,2026-07-22,5,1,aftertaste,refreshing,1
R16842,H04096,B12,,2026-07-22,3,1,,price,0
R16843,H04309,B14,,2026-07-22,5,1,packaging,aftertaste,0
R16844,H04438,B42,,2026-07-22,4,1,aroma,,1
R16845,H04495,B45,,2026-07-22,3,0,price,,0
R16846,H04523,B48,,2026-07-22,3,1,,crunch,0
R16847,H00070,B12,,2026-07-23,4,1,price,,0
R16848,H00178,B41,,2026-07-23,3,0,packaging,,1
R16849,H00195,B29,,2026-07-23,3,0,,ingredients,1
R16850,H00285,B43,,2026-07-23,5,1,fizz,,1
R16851,H00359,B31,,2026-07-23,5,1,versatility,,1
R16852,H00450,B12,,2026-07-23,3,0,,sweetness,0
R16853,H00703,B38,,2026-07-23,5,1,price,ingredients,1
R16854,H00719,B43,,2026-07-23,5,1,refreshing,,1
R16855,H00834,B42,,2026-07-23,3,1,,strength,0
R16856,H01108,B19,,2026-07-23,5,1,heat,flavour depth,0
R16857,H01191,B39,,2026-07-23,4,1,texture,,0
R16858,H01208,B46,,2026-07-23,4,0,fizz,sweetness,0
R16859,H01443,B25,,2026-07-23,4,1,crunch,,0
R16860,H01679,B30,,2026-07-23,2,0,,jar size,0
R16861,H01944,B27,,2026-07-23,5,1,price,,1
R16862,H01963,B24,,2026-07-23,4,0,taste,,0
R16863,H02105,B45,,2026-07-23,2,1,,price,0
R16864,H02165,B25,,2026-07-23,2,0,seasoning,saltiness,0
R16865,H02276,B21,,2026-07-23,3,0,,taste,0
R16866,H02341,B37,,2026-07-23,4,1,packaging,,1
R16867,H02723,B46,,2026-07-23,5,1,price,,1
R16868,H02731,B13,,2026-07-23,5,1,aftertaste,,1
R16869,H02754,B19,,2026-07-23,4,1,price,texture,0
R16870,H02830,B28,,2026-07-23,3,0,,energy boost,1
R16871,H02893,B13,,2026-07-23,4,1,refreshing,,0
R16872,H03026,B15,,2026-07-23,3,1,price,,0
R16873,H03052,B07,,2026-07-23,3,1,,jar size,0
R16874,H03071,B41,,2026-07-23,2,0,packaging,saltiness,1
R16875,H03119,B46,,2026-07-23,5,1,sweetness,taste,1
R16876,H03399,B41,,2026-07-23,4,0,portion size,,1
R16877,H03657,B19,,2026-07-23,5,1,jar size,,0
R16878,H03743,B19,,2026-07-23,2,0,,heat,0
R16879,H03800,B21,,2026-07-23,3,0,aftertaste,,0
R16880,H03846,B24,,2026-07-23,3,1,,strength,0
R16881,H03906,B30,,2026-07-23,2,0,,flavour depth,0
R16882,H03941,B13,,2026-07-23,4,1,aftertaste,,0
R16883,H03959,B26,,2026-07-23,2,0,seasoning,price,0
R16884,H03959,B06,,2026-07-23,5,1,price,,1
R16885,H04110,B34,,2026-07-23,3,0,strength,,0
R16886,H04151,B08,,2026-07-23,1,0,,versatility,0
R16887,H04275,B35,,2026-07-23,5,1,ingredients,,1
R16888,H04522,B30,,2026-07-23,4,1,heat,,1
R16889,H04550,B24,,2026-07-23,3,0,,strength,0
R16890,H00019,B07,,2026-07-24,3,0,,versatility,0
R16891,H00197,B13,,2026-07-24,4,0,fizz,sweetness,1
R16892,H00203,B39,,2026-07-24,5,1,jar size,,0
R16893,H00262,B30,,2026-07-24,2,0,,price,0
R16894,H00425,B40,,2026-07-24,2,0,,refreshing,0
R16895,H00472,B49,,2026-07-24,4,1,ingredients,,0
R16896,H00681,B14,,2026-07-24,2,0,packaging,fizz,0
R16897,H00743,B38,,2026-07-24,4,0,price,,1
R16898,H01003,B08,,2026-07-24,5,1,price,,0
R16899,H01006,B22,,2026-07-24,5,1,texture,,0
R16900,H01010,B11,,2026-07-24,3,0,,taste,0
R16901,H01082,B24,,2026-07-24,5,1,aroma,,1
R16902,H01133,B35,,2026-07-24,4,1,price,,0
R16903,H01346,B14,,2026-07-24,3,1,refreshing,,0
R16904,H01453,B01,,2026-07-24,5,0,packaging,,1
R16905,H01505,B42,,2026-07-24,4,1,strength,,1
R16906,H01546,B29,,2026-07-24,2,0,,ingredients,0
R16907,H01565,B07,,2026-07-24,5,1,heat,,1
R16908,H01577,B46,,2026-07-24,2,0,,aftertaste,0
R16909,H02083,B31,,2026-07-24,3,0,,heat,0
R16910,H02211,B19,,2026-07-24,5,0,jar size,,0
R16911,H02598,B39,,2026-07-24,4,1,price,,0
R16912,H02626,B39,,2026-07-24,3,0,price,,0
R16913,H02636,B25,,2026-07-24,3,0,,packaging,0
R16914,H03230,B01,,2026-07-24,3,0,,portion size,0
R16915,H03351,B21,,2026-07-24,4,1,refreshing,,0
R16916,H03550,B07,,2026-07-24,1,0,,price,0
R16917,H03645,B26,,2026-07-24,1,0,,crunch,0
R16918,H03930,B26,,2026-07-24,2,0,,price,1
R16919,H04042,B45,,2026-07-24,3,1,taste,,0
R16920,H04193,B47,,2026-07-24,4,1,packaging,,0
R16921,H04447,B13,,2026-07-24,4,0,packaging,,0
R16922,H00011,B32,,2026-07-25,3,1,,design,1
R16923,H00216,B30,,2026-07-25,2,0,,flavour depth,0
R16924,H00351,B21,,2026-07-25,4,1,sweetness,,0
R16925,H00661,B08,,2026-07-25,3,0,,versatility,0
R16926,H00663,B44,,2026-07-25,4,1,aftertaste,,1
R16927,H00667,B16,,2026-07-25,2,0,,taste,0
R16928,H00732,B30,,2026-07-25,3,1,versatility,,1
R16929,H00883,B23,,2026-07-25,5,0,price,taste,1
R16930,H00950,B02,,2026-07-25,3,0,,portion size,0
R16931,H00969,B49,,2026-07-25,1,0,sweetness,taste,0
R16932,H01041,B02,,2026-07-25,4,1,packaging,,0
R16933,H01124,B09,,2026-07-25,5,1,packaging,sweetness,0
R16934,H01419,B43,,2026-07-25,4,0,price,,0
R16935,H01421,B08,,2026-07-25,4,1,heat,,0
R16936,H01487,B13,,2026-07-25,1,0,,taste,0
R16937,H01606,B39,,2026-07-25,4,1,heat,,1
R16938,H01672,B30,,2026-07-25,3,0,flavour depth,,0
R16939,H01738,B26,,2026-07-25,3,0,,crunch,1
R16940,H01747,B08,,2026-07-25,1,0,heat,jar size,0
R16941,H01899,B01,,2026-07-25,4,1,crunch,packaging,0
R16942,H01936,B42,,2026-07-25,2,0,,packaging,0
R16943,H01951,B49,,2026-07-25,4,1,sweetness,,1
R16944,H02170,B15,,2026-07-25,5,1,taste,,1
R16945,H02208,B07,,2026-07-25,2,0,,heat,0
R16946,H02262,B38,,2026-07-25,3,0,,packaging,0
R16947,H02387,B43,,2026-07-25,3,1,aftertaste,,0
R16948,H02423,B29,,2026-07-25,3,0,ingredients,,0
R16949,H02511,B31,,2026-07-25,4,1,price,,1
R16950,H02790,B02,,2026-07-25,4,1,crunch,,1
R16951,H02800,B18,,2026-07-25,3,0,sweetness,,1
R16952,H02849,B25,,2026-07-25,3,0,,packaging,1
R16953,H02851,B20,,2026-07-25,4,1,fizz,,1
R16954,H02857,B13,,2026-07-25,4,1,packaging,,0
R16955,H02946,B29,,2026-07-25,3,0,,texture,0
R16956,H03044,B17,,2026-07-25,5,1,sweetness,,1
R16957,H03288,B16,,2026-07-25,3,1,,refreshing,0
R16958,H03413,B03,,2026-07-25,4,1,taste,,1
R16959,H03547,B31,,2026-07-25,4,1,heat,,1
R16960,H03586,B01,,2026-07-25,3,1,packaging,,0
R16961,H03787,B45,,2026-07-25,2,0,taste,price,0
R16962,H04076,B18,,2026-07-25,2,0,,price,0
R16963,H04086,B18,,2026-07-25,4,1,sweetness,,1
R16964,H04189,B34,,2026-07-25,3,1,,aroma,0
R16965,H04473,B23,,2026-07-25,3,1,taste,,0
R16966,H00025,B17,,2026-07-26,4,0,refreshing,,1
R16967,H00179,B16,,2026-07-26,4,1,taste,,0
R16968,H00239,B34,,2026-07-26,3,1,aroma,,0
R16969,H00267,B04,,2026-07-26,5,1,price,,1
R16970,H00489,B26,,2026-07-26,4,1,packaging,,1
R16971,H00522,B45,,2026-07-26,1,0,,taste,0
R16972,H00549,B28,,2026-07-26,3,1,,energy boost,1
R16973,H00672,B19,,2026-07-26,5,1,price,,1
R16974,H00790,B07,,2026-07-26,5,1,price,,0
R16975,H00813,B07,,2026-07-26,4,1,texture,,1
R16976,H00814,B07,,2026-07-26,3,0,,texture,0
R16977,H00911,B20,,2026-07-26,3,1,refreshing,,0
R16978,H01030,B31,,2026-07-26,5,0,versatility,,0
R16979,H01370,B04,,2026-07-26,4,1,portion size,,1
R16980,H01519,B39,,2026-07-26,5,1,jar size,flavour depth,1
R16981,H01703,B33,,2026-07-26,3,0,refreshing,,0
R16982,H01828,B15,,2026-07-26,3,1,price,,0
R16983,H01906,B44,,2026-07-26,5,1,taste,,1
R16984,H01942,B16,,2026-07-26,3,0,sweetness,,0
R16985,H02059,B47,,2026-07-26,5,1,price,,1
R16986,H02248,B22,,2026-07-26,3,0,taste,,0
R16987,H02419,B43,,2026-07-26,5,1,aftertaste,,1
R16988,H02446,B02,,2026-07-26,3,0,,seasoning,0
R16989,H02690,B47,,2026-07-26,2,0,,texture,0
R16990,H02690,B20,,2026-07-26,3,0,,price,0
R16991,H02701,B12,,2026-07-26,4,0,fizz,,1
R16992,H02742,B17,,2026-07-26,3,1,,taste,0
R16993,H02832,B12,,2026-07-26,3,0,sweetness,,0
R16994,H02835,B31,,2026-07-26,3,0,,texture,0
R16995,H03078,B06,,2026-07-26,3,0,,ingredients,0
R16996,H03176,B05,,2026-07-26,3,0,,packaging,0
R16997,H03322,B34,,2026-07-26,4,0,taste,,0
R16998,H03453,B21,,2026-07-26,5,1,taste,,1
R16999,H03643,B09,,2026-07-26,2,0,,sweetness,1
R17000,H03774,B43,,2026-07-26,4,1,refreshing,,0
R17001,H03806,B23,,2026-07-26,2,0,,ingredients,0
R17002,H03845,B49,,2026-07-26,2,1,,texture,0
R17003,H03915,B09,,2026-07-26,3,0,packaging,,0
R17004,H03956,B41,,2026-07-26,4,1,seasoning,saltiness,1
R17005,H04083,B21,,2026-07-26,4,1,taste,,0
R17006,H04160,B40,,2026-07-26,2,0,,refreshing,0
R17007,H04234,B22,,2026-07-26,4,1,taste,packaging,1
R17008,H04397,B09,,2026-07-26,2,0,,taste,1
R17009,H04456,B27,,2026-07-26,1,0,,texture,0
R17010,H00070,B16,,2026-07-27,1,0,,aftertaste,1
R17011,H00188,B10,,2026-07-27,4,0,strength,,0
R17012,H00217,B41,,2026-07-27,3,0,,price,0
R17013,H00302,B41,,2026-07-27,2,0,,portion size,0
R17014,H00347,B41,,2026-07-27,2,0,,packaging,1
R17015,H00365,B44,,2026-07-27,5,1,fizz,,0
R17016,H00714,B30,,2026-07-27,2,0,,texture,0
R17017,H00772,B37,,2026-07-27,2,0,,texture,0
R17018,H00881,B25,,2026-07-27,5,1,price,,1
R17019,H00962,B49,,2026-07-27,4,0,texture,,0
R17020,H01538,B24,,2026-07-27,5,1,packaging,,1
R17021,H01810,B28,,2026-07-27,2,0,,energy boost,0
R17022,H01815,B37,,2026-07-27,3,0,price,,0
R17023,H01821,B43,,2026-07-27,5,1,sweetness,fizz,1
R17024,H01883,B27,,2026-07-27,5,1,jar size,,0
R17025,H01896,B02,,2026-07-27,5,1,crunch,,1
R17026,H01901,B28,,2026-07-27,4,1,price,energy boost,0
R17027,H02007,B47,,2026-07-27,3,1,taste,,0
R17028,H02062,B14,,2026-07-27,4,0,taste,,1
R17029,H02137,B01,,2026-07-27,3,0,packaging,,0
R17030,H02464,B13,,2026-07-27,3,0,,aftertaste,0
R17031,H02498,B13,,2026-07-27,4,1,refreshing,,1
R17032,H02499,B33,,2026-07-27,5,1,refreshing,,1
R17033,H02532,B25,,2026-07-27,2,0,portion size,crunch,0
R17034,H02601,B18,,2026-07-27,4,1,refreshing,,0
R17035,H02672,B02,,2026-07-27,4,1,portion size,,1
R17036,H02742,B13,,2026-07-27,5,1,taste,,0
R17037,H02856,B22,,2026-07-27,5,1,taste,price,1
R17038,H02943,B33,,2026-07-27,4,1,price,,1
R17039,H02972,B42,,2026-07-27,2,1,,price,0
R17040,H03090,B34,,2026-07-27,4,1,strength,,1
R17041,H03136,B46,,2026-07-27,3,1,refreshing,,0
R17042,H03179,B01,,2026-07-27,3,1,seasoning,,1
R17043,H03248,B42,,2026-07-27,4,1,taste,,1
R17044,H03270,B39,,2026-07-27,4,1,price,,0
R17045,H03577,B43,,2026-07-27,2,0,sweetness,price,0
R17046,H03612,B22,,2026-07-27,2,0,,sweetness,0
R17047,H03616,B06,,2026-07-27,4,1,ingredients,,0
R17048,H03694,B47,,2026-07-27,1,0,,price,0
R17049,H03726,B31,,2026-07-27,5,1,jar size,,1
R17050,H03823,B40,,2026-07-27,3,0,fizz,,0
R17051,H03873,B40,,2026-07-27,3,0,,sweetness,0
R17052,H03931,B16,,2026-07-27,2,0,,refreshing,0
R17053,H04213,B19,,2026-07-27,2,0,,jar size,0
R17054,H04253,B19,,2026-07-27,2,0,,jar size,0
R17055,H04386,B06,,2026-07-27,4,1,taste,,0
R17056,H04483,B20,,2026-07-27,2,0,taste,refreshing,0
R17057,H04532,B22,,2026-07-27,5,1,ingredients,price,1
R17058,H04577,B04,P056,2026-07-27,5,1,portion size,,0
R17059,H04582,B03,P056,2026-07-27,3,0,energy boost,,0
R17060,H04585,B26,P056,2026-07-27,4,1,packaging,,0
R17061,H04593,B46,,2026-07-27,4,0,aftertaste,,1
R17062,H00006,B03,,2026-07-28,2,0,,energy boost,0
R17063,H00245,B04,,2026-07-28,4,0,portion size,,0
R17064,H00433,B24,,2026-07-28,3,1,,packaging,0
R17065,H00523,B14,,2026-07-28,4,0,price,fizz,0
R17066,H00618,B47,,2026-07-28,4,1,packaging,,0
R17067,H00661,B39,,2026-07-28,3,0,versatility,,0
R17068,H00894,B25,,2026-07-28,4,1,price,seasoning,1
R17069,H00941,B24,,2026-07-28,3,1,,taste,0
R17070,H01910,B08,,2026-07-28,5,1,price,,0
R17071,H01925,B27,,2026-07-28,4,1,flavour depth,,0
R17072,H02287,B34,,2026-07-28,3,1,ingredients,,0
R17073,H02315,B49,,2026-07-28,1,0,price,sweetness,0
R17074,H02419,B33,,2026-07-28,2,0,,refreshing,0
R17075,H02437,B40,,2026-07-28,3,1,fizz,,0
R17076,H02479,B05,,2026-07-28,4,1,packaging,,1
R17077,H02529,B05,,2026-07-28,5,1,seasoning,,1
R17078,H02646,B16,,2026-07-28,3,0,aftertaste,,1
R17079,H02835,B40,,2026-07-28,4,1,price,packaging,1
R17080,H02942,B46,,2026-07-28,4,1,packaging,,0
R17081,H03312,B44,,2026-07-28,2,0,,refreshing,0
R17082,H03369,B12,,2026-07-28,4,1,sweetness,,0
R17083,H03769,B48,,2026-07-28,2,0,crunch,portion size,0
R17084,H03799,B14,,2026-07-28,4,1,packaging,,0
R17085,H03864,B04,,2026-07-28,4,0,packaging,,0
R17086,H03880,B39,,2026-07-28,3,1,flavour depth,,0
R17087,H03902,B23,,2026-07-28,2,0,,texture,0
R17088,H04042,B21,,2026-07-28,3,0,,refreshing,0
R17089,H04074,B18,,2026-07-28,2,0,,fizz,0
R17090,H04437,B30,,2026-07-28,2,0,flavour depth,price,0
R17091,H04580,B26,P056,2026-07-28,5,1,saltiness,,0
R17092,H04582,B26,P056,2026-07-28,5,1,saltiness,portion size,0
R17093,H04587,B17,P056,2026-07-28,4,1,packaging,,0
R17094,H00259,B44,,2026-07-29,2,0,,sweetness,0
R17095,H00273,B24,,2026-07-29,3,1,,price,0
R17096,H00288,B13,,2026-07-29,2,0,,aftertaste,0
R17097,H00448,B22,,2026-07-29,4,0,price,,0
R17098,H00486,B12,,2026-07-29,2,0,,packaging,0
R17099,H00667,B47,,2026-07-29,3,1,,packaging,0
R17100,H00705,B34,,2026-07-29,5,1,taste,,1
R17101,H00748,B37,,2026-07-29,3,1,,taste,0
R17102,H00754,B41,,2026-07-29,5,1,crunch,,1
R17103,H00807,B15,,2026-07-29,2,0,fizz,sweetness,0
R17104,H00927,B32,,2026-07-29,4,1,design,,1
R17105,H00930,B15,,2026-07-29,4,1,refreshing,,0
R17106,H01000,B46,,2026-07-29,2,0,,aftertaste,0
R17107,H01024,B48,,2026-07-29,3,0,crunch,,0
R17108,H01082,B19,,2026-07-29,4,1,versatility,,1
R17109,H01347,B48,,2026-07-29,4,0,crunch,,1
R17110,H01697,B09,,2026-07-29,3,1,,packaging,1
R17111,H01793,B03,,2026-07-29,4,0,texture,,0
R17112,H01902,B48,,2026-07-29,5,1,crunch,,1
R17113,H01974,B06,,2026-07-29,3,0,texture,,0
R17114,H02060,B13,,2026-07-29,4,1,price,,0
R17115,H02091,B21,,2026-07-29,5,1,aftertaste,,0
R17116,H02094,B11,,2026-07-29,1,0,,price,0
R17117,H02098,B41,,2026-07-29,2,0,,portion size,0
R17118,H02314,B27,,2026-07-29,5,1,versatility,,1
R17119,H02428,B22,,2026-07-29,4,0,price,taste,0
R17120,H02517,B25,,2026-07-29,1,0,,packaging,0
R17121,H02541,B34,,2026-07-29,4,0,packaging,,0
R17122,H02583,B21,,2026-07-29,4,1,price,,0
R17123,H02708,B14,,2026-07-29,3,0,,price,0
R17124,H02714,B12,,2026-07-29,4,1,sweetness,,1
R17125,H02726,B47,,2026-07-29,2,0,,ingredients,0
R17126,H02742,B19,,2026-07-29,3,0,,price,0
R17127,H02893,B17,,2026-07-29,3,0,sweetness,,0
R17128,H03111,B25,,2026-07-29,3,1,portion size,,0
R17129,H03237,B15,,2026-07-29,4,1,aftertaste,sweetness,1
R17130,H03268,B41,,2026-07-29,3,1,seasoning,,1
R17131,H03350,B22,,2026-07-29,5,1,taste,ingredients,1
R17132,H03408,B05,,2026-07-29,4,1,price,,0
R17133,H03899,B19,,2026-07-29,4,1,flavour depth,,0
R17134,H03920,B48,,2026-07-29,5,1,portion size,,1
R17135,H03997,B04,,2026-07-29,5,1,price,crunch,1
R17136,H04057,B13,,2026-07-29,4,0,price,,1
R17137,H04098,B21,,2026-07-29,5,1,aftertaste,,1
R17138,H04151,B10,,2026-07-29,5,1,aroma,,1
R17139,H04242,B21,,2026-07-29,4,1,refreshing,price,1
R17140,H04338,B21,,2026-07-29,3,1,fizz,,0
R17141,H04577,B26,P056,2026-07-29,5,1,seasoning,,0
R17142,H04580,B04,P056,2026-07-29,5,0,saltiness,,1
R17143,H00294,B47,,2026-07-30,3,0,texture,,0
R17144,H00414,B30,,2026-07-30,4,1,flavour depth,,1
R17145,H00752,B03,,2026-07-30,3,0,,ingredients,0
R17146,H00908,B24,,2026-07-30,5,1,packaging,,1
R17147,H00963,B03,,2026-07-30,3,1,texture,,1
R17148,H00966,B01,,2026-07-30,2,0,,seasoning,0
R17149,H01020,B39,,2026-07-30,4,1,heat,flavour depth,0
R17150,H01242,B19,,2026-07-30,4,1,price,,0
R17151,H01480,B43,,2026-07-30,3,0,,fizz,0
R17152,H01497,B31,,2026-07-30,3,0,,texture,0
R17153,H01507,B32,,2026-07-30,3,0,,price,0
R17154,H01590,B31,,2026-07-30,3,1,,versatility,0
R17155,H01986,B22,,2026-07-30,3,1,sweetness,,0
R17156,H02241,B44,,2026-07-30,3,0,aftertaste,,0
R17157,H02529,B15,,2026-07-30,2,1,,fizz,0
R17158,H02669,B19,,2026-07-30,3,1,,heat,0
R17159,H02929,B22,,2026-07-30,1,0,,price,0
R17160,H03163,B22,,2026-07-30,5,1,sweetness,,1
R17161,H03339,B28,,2026-07-30,2,0,,price,0
R17162,H03399,B14,,2026-07-30,2,0,,fizz,0
R17163,H03616,B45,,2026-07-30,1,0,packaging,price,0
R17164,H03622,B19,,2026-07-30,3,0,jar size,,0
R17165,H03739,B36,,2026-07-30,2,0,,packaging,0
R17166,H03900,B25,,2026-07-30,3,0,packaging,,0
R17167,H04144,B13,,2026-07-30,3,1,price,,0
R17168,H04261,B09,,2026-07-30,4,1,price,,1
R17169,H04432,B11,,2026-07-30,4,1,sweetness,,0
R17170,H04435,B44,,2026-07-30,1,0,,taste,0
R17171,H04576,B26,P056,2026-07-30,5,1,packaging,price,1
R17172,H04577,B03,P056,2026-07-30,4,1,texture,portability,0
R17173,H04577,B17,P056,2026-07-30,4,1,aftertaste,refreshing,0
R17174,H04578,B04,P056,2026-07-30,3,0,portion size,,0
R17175,H04579,B26,P056,2026-07-30,5,1,price,,0
R17176,H04585,B17,P056,2026-07-30,3,1,,sweetness,0
R17177,H04586,B04,P056,2026-07-30,4,1,price,portion size,0
R17178,H00070,B44,,2026-07-31,5,1,price,,0
R17179,H00110,B41,,2026-07-31,4,1,packaging,,0
R17180,H00554,B27,,2026-07-31,5,1,versatility,,0
R17181,H00575,B05,,2026-07-31,2,0,,price,0
R17182,H00587,B22,,2026-07-31,5,1,ingredients,texture,1
R17183,H00702,B25,,2026-07-31,3,0,seasoning,,1
R17184,H00807,B33,,2026-07-31,3,1,,aftertaste,1
R17185,H00895,B39,,2026-07-31,5,0,versatility,,1
R17186,H00896,B48,,2026-07-31,5,1,seasoning,,1
R17187,H00970,B39,,2026-07-31,3,0,price,,0
R17188,H01020,B36,,2026-07-31,2,0,crunch,seasoning,0
R17189,H01070,B29,,2026-07-31,5,1,portability,ingredients,1
R17190,H01112,B47,,2026-07-31,4,1,sweetness,texture,0
R17191,H01152,B32,,2026-07-31,3,0,,size,0
R17192,H01444,B42,,2026-07-31,2,0,packaging,price,0
R17193,H01497,B43,,2026-07-31,4,0,packaging,,1
R17194,H01783,B18,,2026-07-31,4,1,price,taste,0
R17195,H01850,B32,,2026-07-31,1,0,,price,0
R17196,H01887,B17,,2026-07-31,2,1,,packaging,0
R17197,H02061,B49,,2026-07-31,2,0,,taste,0
R17198,H02172,B08,,2026-07-31,5,1,jar size,flavour depth,1
R17199,H02264,B43,,2026-07-31,5,1,refreshing,,1
R17200,H02276,B06,,2026-07-31,4,0,ingredients,,0
R17201,H02452,B40,,2026-07-31,3,0,taste,,0
R17202,H02764,B32,,2026-07-31,3,0,price,,0
R17203,H02836,B03,,2026-07-31,3,0,,price,0
R17204,H02856,B02,,2026-07-31,4,1,price,,1
R17205,H03123,B22,,2026-07-31,2,1,,price,0
R17206,H03138,B41,,2026-07-31,4,1,seasoning,,0
R17207,H03424,B15,,2026-07-31,3,1,,aftertaste,1
R17208,H03559,B27,,2026-07-31,4,1,flavour depth,,0
R17209,H03642,B28,,2026-07-31,4,1,texture,taste,1
R17210,H03661,B25,,2026-07-31,5,1,saltiness,,1
R17211,H03705,B31,,2026-07-31,3,1,jar size,,0
R17212,H03819,B03,,2026-07-31,5,1,price,,0
R17213,H03917,B25,,2026-07-31,2,0,,saltiness,0
R17214,H04315,B15,,2026-07-31,3,0,fizz,,1
R17215,H04424,B42,,2026-07-31,3,0,taste,,0
R17216,H04495,B35,,2026-07-31,2,0,,texture,0
R17217,H04578,B26,P056,2026-07-31,5,1,price,,1
R17218,H04584,B04,P056,2026-07-31,4,0,crunch,price,0
R17219,H04587,B04,P056,2026-07-31,3,0,,seasoning,0
R17220,H00188,B46,,2026-08-01,5,1,price,sweetness,0
R17221,H00235,B08,,2026-08-01,4,0,texture,,0
R17222,H00262,B25,,2026-08-01,2,0,,saltiness,0
R17223,H00575,B20,,2026-08-01,2,0,,packaging,0
R17224,H00653,B15,,2026-08-01,3,0,packaging,,0
R17225,H00714,B02,,2026-08-01,4,1,seasoning,crunch,1
R17226,H00828,B08,,2026-08-01,5,1,price,,1
R17227,H00937,B11,,2026-08-01,3,1,,taste,1
R17228,H01315,B37,,2026-08-01,1,0,,ingredients,0
R17229,H01468,B14,,2026-08-01,2,0,aftertaste,price,0
R17230,H01500,B39,,2026-08-01,4,1,versatility,texture,1
R17231,H01518,B45,,2026-08-01,2,0,,fizz,0
R17232,H01597,B06,,2026-08-01,2,0,,sweetness,0
R17233,H01689,B28,,2026-08-01,3,1,texture,,0
R17234,H01701,B41,,2026-08-01,4,0,price,,1
R17235,H01751,B02,,2026-08-01,5,1,packaging,,1
R17236,H01902,B31,,2026-08-01,5,1,jar size,,0
R17237,H02083,B36,,2026-08-01,2,0,,saltiness,0
R17238,H02093,B37,,2026-08-01,1,0,,texture,0
R17239,H02215,B48,,2026-08-01,5,1,packaging,,1
R17240,H02327,B49,,2026-08-01,4,0,ingredients,price,0
R17241,H02377,B30,,2026-08-01,2,0,,flavour depth,0
R17242,H02491,B10,,2026-08-01,5,1,ingredients,,1
R17243,H02494,B47,,2026-08-01,3,0,,packaging,0
R17244,H02892,B39,,2026-08-01,4,0,jar size,,0
R17245,H02912,B25,,2026-08-01,3,1,portion size,,1
R17246,H03546,B03,,2026-08-01,2,0,,portability,0
R17247,H03547,B07,,2026-08-01,3,0,,heat,0
R17248,H03617,B07,,2026-08-01,3,0,,texture,0
R17249,H03766,B17,,2026-08-01,3,0,aftertaste,,0
R17250,H04094,B31,,2026-08-01,3,1,,versatility,1
R17251,H04110,B11,,2026-08-01,2,0,,taste,0
R17252,H04172,B42,,2026-08-01,1,0,,strength,0
R17253,H04180,B09,,2026-08-01,3,1,price,,0
R17254,H04185,B38,,2026-08-01,4,1,texture,,1
R17255,H04235,B18,,2026-08-01,3,0,refreshing,,0
R17256,H04415,B28,,2026-08-01,5,1,texture,portability,1
R17257,H04583,B26,P056,2026-08-01,4,1,packaging,,1
R17258,H00284,B19,,2026-08-02,5,1,heat,,1
R17259,H00982,B37,,2026-08-02,2,0,,ingredients,0
R17260,H01294,B17,,2026-08-02,3,1,sweetness,,0
R17261,H01465,B23,,2026-08-02,2,0,texture,ingredients,0
R17262,H01709,B33,,2026-08-02,4,1,fizz,,1
R17263,H01740,B24,,2026-08-02,3,0,,packaging,0
R17264,H01790,B14,,2026-08-02,2,1,,fizz,0
R17265,H01914,B37,,2026-08-02,3,1,taste,,1
R17266,H02158,B48,,2026-08-02,5,1,crunch,,0
R17267,H02494,B22,,2026-08-02,2,0,,sweetness,0
R17268,H02938,B29,,2026-08-02,4,1,energy boost,,0
R17269,H03024,B01,,2026-08-02,5,1,seasoning,,0
R17270,H03092,B45,,2026-08-02,2,0,,packaging,0
R17271,H03480,B16,,2026-08-02,2,0,,packaging,1
R17272,H03500,B09,,2026-08-02,2,0,,ingredients,0
R17273,H03526,B29,,2026-08-02,4,1,energy boost,,0
R17274,H03827,B05,,2026-08-02,1,0,,crunch,0
R17275,H03909,B21,,2026-08-02,2,0,,refreshing,0
R17276,H03925,B08,,2026-08-02,3,1,versatility,,0
R17277,H04089,B05,,2026-08-02,3,0,portion size,,1
R17278,H04131,B31,,2026-08-02,1,0,flavour depth,jar size,0
R17279,H04215,B10,,2026-08-02,3,0,taste,,0
R17280,H04250,B31,,2026-08-02,4,1,versatility,,0
R17281,H04260,B05,,2026-08-02,4,1,price,,1
R17282,H04284,B17,,2026-08-02,5,1,taste,,1
R17283,H04310,B18,,2026-08-02,5,1,refreshing,taste,1
R17284,H00008,B37,,2026-08-03,3,0,packaging,,1
R17285,H00279,B06,,2026-08-03,3,1,,packaging,0
R17286,H00280,B27,,2026-08-03,4,1,price,versatility,0
R17287,H00294,B19,,2026-08-03,4,0,jar size,flavour depth,0
R17288,H00426,B22,,2026-08-03,3,1,,taste,0
R17289,H00497,B34,,2026-08-03,4,1,taste,,0
R17290,H00505,B19,,2026-08-03,4,1,texture,,0
R17291,H00679,B49,,2026-08-03,2,0,,packaging,0
R17292,H00703,B22,,2026-08-03,4,1,ingredients,,1
R17293,H00705,B25,,2026-08-03,5,1,seasoning,,1
R17294,H00753,B20,,2026-08-03,4,1,fizz,,1
R17295,H01147,B01,,2026-08-03,3,0,price,,0
R17296,H01306,B40,,2026-08-03,3,1,,sweetness,0
R17297,H01349,B10,,2026-08-03,2,0,,price,0
R17298,H01573,B18,,2026-08-03,4,0,aftertaste,,1
R17299,H01671,B13,,2026-08-03,3,0,aftertaste,,0
R17300,H01746,B07,,2026-08-03,4,1,versatility,,0
R17301,H01985,B33,,2026-08-03,3,1,,sweetness,0
R17302,H02174,B28,,2026-08-03,2,0,,ingredients,0
R17303,H02288,B28,,2026-08-03,3,0,portability,,0
R17304,H02299,B44,,2026-08-03,3,0,aftertaste,,0
R17305,H02351,B22,,2026-08-03,3,1,,ingredients,0
R17306,H02441,B21,,2026-08-03,5,1,aftertaste,,1
R17307,H02542,B19,,2026-08-03,3,0,,versatility,0
R17308,H02589,B28,,2026-08-03,2,0,,taste,0
R17309,H02838,B30,,2026-08-03,2,0,,flavour depth,0
R17310,H03049,B49,,2026-08-03,5,1,packaging,texture,1
R17311,H03090,B25,,2026-08-03,4,1,portion size,price,1
R17312,H03122,B46,,2026-08-03,4,1,taste,,1
R17313,H03283,B41,,2026-08-03,3,0,crunch,,0
R17314,H03298,B28,,2026-08-03,5,1,ingredients,,1
R17315,H03445,B48,,2026-08-03,3,1,,price,0
R17316,H03601,B31,,2026-08-03,4,1,jar size,,1
R17317,H03953,B15,,2026-08-03,3,0,refreshing,,0
R17318,H03978,B39,,2026-08-03,4,1,texture,,0
R17319,H04008,B38,,2026-08-03,3,0,price,,0
R17320,H04146,B35,,2026-08-03,5,0,taste,,1
R17321,H04443,B30,,2026-08-03,3,0,,flavour depth,1
R17322,H04468,B28,,2026-08-03,3,0,,taste,0
R17323,H00019,B08,,2026-08-04,5,1,price,,1
R17324,H00102,B12,,2026-08-04,5,1,refreshing,,1
R17325,H00187,B02,,2026-08-04,4,1,portion size,crunch,0
R17326,H00216,B19,,2026-08-04,1,0,,price,0
R17327,H00397,B34,,2026-08-04,5,1,price,,1
R17328,H00400,B04,,2026-08-04,2,0,,crunch,0
R17329,H00415,B37,,2026-08-04,5,1,ingredients,taste,1
R17330,H00545,B10,,2026-08-04,5,1,packaging,,1
R17331,H00663,B01,,2026-08-04,3,0,packaging,,0
R17332,H00789,B31,,2026-08-04,4,0,heat,,1
R17333,H00852,B02,,2026-08-04,3,1,portion size,,0
R17334,H00898,B06,,2026-08-04,3,1,taste,,0
R17335,H01031,B27,,2026-08-04,4,0,versatility,,0
R17336,H01103,B34,,2026-08-04,5,1,ingredients,packaging,1
R17337,H01118,B12,,2026-08-04,3,0,,sweetness,0
R17338,H01145,B12,,2026-08-04,2,0,,aftertaste,0
R17339,H01286,B07,,2026-08-04,4,1,texture,,0
R17340,H01316,B33,,2026-08-04,3,0,,packaging,0
R17341,H01341,B42,,2026-08-04,4,0,packaging,,1
R17342,H01419,B16,,2026-08-04,3,1,packaging,,0
R17343,H01543,B08,,2026-08-04,3,0,,heat,0
R17344,H01631,B13,,2026-08-04,2,0,,price,0
R17345,H01704,B08,,2026-08-04,3,0,,heat,0
R17346,H01749,B31,,2026-08-04,5,1,flavour depth,,1
R17347,H01808,B49,,2026-08-04,2,0,,packaging,0
R17348,H02071,B19,,2026-08-04,4,1,heat,,1
R17349,H02159,B47,,2026-08-04,3,1,,price,0
R17350,H02433,B47,,2026-08-04,3,1,,taste,0
R17351,H02446,B25,,2026-08-04,2,0,,seasoning,0
R17352,H02513,B32,,2026-08-04,3,0,,design,0
R17353,H02610,B18,,2026-08-04,3,1,,sweetness,0
R17354,H02662,B38,,2026-08-04,3,0,,packaging,0
R17355,H02777,B20,,2026-08-04,4,1,taste,,1
R17356,H02967,B31,,2026-08-04,4,0,texture,,0
R17357,H03416,B23,,2026-08-04,1,0,,ingredients,0
R17358,H03599,B43,,2026-08-04,5,1,taste,,1
R17359,H03652,B06,,2026-08-04,4,1,taste,packaging,0
R17360,H03796,B02,,2026-08-04,3,1,,packaging,0
R17361,H03875,B27,,2026-08-04,5,1,texture,,0
R17362,H03886,B20,,2026-08-04,4,1,taste,,0
R17363,H03934,B38,,2026-08-04,5,1,packaging,,0
R17364,H04093,B25,,2026-08-04,4,0,packaging,,1
R17365,H04277,B34,,2026-08-04,2,0,,aroma,0
R17366,H04559,B23,,2026-08-04,3,0,,ingredients,0
R17367,H00080,B06,,2026-08-05,2,0,,packaging,0
R17368,H00242,B19,,2026-08-05,5,1,price,,0
R17369,H00392,B24,,2026-08-05,3,1,taste,,0
R17370,H00501,B37,,2026-08-05,3,0,sweetness,,0
R17371,H00663,B21,,2026-08-05,4,0,taste,,1
R17372,H00807,B08,,2026-08-05,1,0,,flavour depth,0
R17373,H00817,B47,,2026-08-05,2,1,,price,0
R17374,H00942,B24,,2026-08-05,3,1,strength,,0
R17375,H00966,B15,,2026-08-05,3,1,refreshing,,0
R17376,H00972,B27,,2026-08-05,3,0,,flavour depth,1
R17377,H01054,B46,,2026-08-05,3,0,taste,,1
R17378,H01120,B37,,2026-08-05,4,0,price,,1
R17379,H01421,B19,,2026-08-05,3,0,heat,,0
R17380,H01444,B38,,2026-08-05,3,0,taste,,0
R17381,H01470,B43,,2026-08-05,5,1,packaging,,1
R17382,H01483,B39,,2026-08-05,2,0,,heat,0
R17383,H01492,B22,,2026-08-05,3,0,packaging,,0
R17384,H01535,B39,,2026-08-05,3,1,flavour depth,,1
R17385,H01672,B12,,2026-08-05,4,1,sweetness,price,0
R17386,H01725,B41,,2026-08-05,2,0,,packaging,0
R17387,H01776,B16,,2026-08-05,3,1,,sweetness,1
R17388,H01852,B19,,2026-08-05,4,1,jar size,,1
R17389,H01864,B21,,2026-08-05,4,1,sweetness,,0
R17390,H01996,B13,,2026-08-05,4,1,aftertaste,fizz,0
R17391,H02211,B43,,2026-08-05,5,1,packaging,aftertaste,1
R17392,H02231,B10,,2026-08-05,4,0,packaging,aroma,1
R17393,H02406,B13,,2026-08-05,2,0,sweetness,price,0
R17394,H02413,B15,,2026-08-05,2,0,,price,0
R17395,H02518,B27,,2026-08-05,3,0,,jar size,1
R17396,H02566,B13,,2026-08-05,3,0,,price,1
R17397,H02659,B04,,2026-08-05,4,0,packaging,saltiness,1
R17398,H02780,B02,,2026-08-05,5,1,seasoning,,1
R17399,H02849,B03,,2026-08-05,1,0,,portability,0
R17400,H03134,B08,,2026-08-05,4,0,versatility,,1
R17401,H03447,B45,,2026-08-05,1,0,sweetness,fizz,0
R17402,H03630,B33,,2026-08-05,3,0,taste,,0
R17403,H03805,B21,,2026-08-05,5,1,price,,1
R17404,H04083,B03,,2026-08-05,2,1,,taste,0
R17405,H04167,B06,,2026-08-05,5,1,sweetness,,1
R17406,H04242,B09,,2026-08-05,3,1,,taste,1
R17407,H04270,B35,,2026-08-05,3,1,texture,,0
R17408,H04315,B40,,2026-08-05,4,0,price,,0
R17409,H04396,B48,,2026-08-05,3,0,,packaging,0
R17410,H00033,B15,,2026-08-06,3,1,,taste,1
R17411,H00042,B25,,2026-08-06,3,1,,packaging,0
R17412,H00277,B28,,2026-08-06,4,0,price,ingredients,0
R17413,H00307,B46,,2026-08-06,5,1,aftertaste,,1
R17414,H00405,B46,,2026-08-06,4,0,packaging,,0
R17415,H00648,B18,,2026-08-06,1,0,,packaging,0
R17416,H00795,B20,,2026-08-06,2,0,aftertaste,sweetness,0
R17417,H00929,B21,,2026-08-06,4,1,packaging,,0
R17418,H01191,B25,,2026-08-06,5,1,portion size,saltiness,1
R17419,H01288,B42,,2026-08-06,3,0,,price,0
R17420,H01703,B39,,2026-08-06,3,1,,price,0
R17421,H01851,B41,,2026-08-06,5,1,seasoning,,1
R17422,H02023,B02,,2026-08-06,4,0,portion size,,1
R17423,H02031,B14,,2026-08-06,5,1,fizz,price,0
R17424,H02066,B24,,2026-08-06,3,0,,strength,0
R17425,H02100,B33,,2026-08-06,2,0,,taste,0
R17426,H02113,B09,,2026-08-06,2,0,,sweetness,0
R17427,H02132,B22,,2026-08-06,3,0,,texture,0
R17428,H02205,B27,,2026-08-06,4,1,jar size,price,1
R17429,H02216,B48,,2026-08-06,3,0,saltiness,,0
R17430,H02322,B38,,2026-08-06,3,1,taste,,0
R17431,H02336,B46,,2026-08-06,5,0,refreshing,,1
R17432,H02388,B27,,2026-08-06,5,1,heat,,1
R17433,H02435,B36,,2026-08-06,5,1,saltiness,crunch,1
R17434,H02506,B13,,2026-08-06,2,1,,taste,0
R17435,H02653,B31,,2026-08-06,4,1,versatility,price,0
R17436,H02864,B34,,2026-08-06,3,1,packaging,,0
R17437,H03100,B11,,2026-08-06,4,1,sweetness,taste,0
R17438,H03191,B04,,2026-08-06,3,0,,price,0
R17439,H03223,B13,,2026-08-06,3,0,aftertaste,,1
R17440,H03241,B05,,2026-08-06,4,1,crunch,,1
R17441,H03475,B21,,2026-08-06,2,0,,sweetness,0
R17442,H03582,B01,,2026-08-06,4,1,packaging,,1
R17443,H03665,B14,,2026-08-06,3,0,price,,0
R17444,H03827,B13,,2026-08-06,4,1,sweetness,,0
R17445,H03836,B13,,2026-08-06,4,1,packaging,,1
R17446,H04087,B11,,2026-08-06,2,0,,sweetness,0
R17447,H04142,B44,,2026-08-06,3,1,price,,1
R17448,H04209,B40,,2026-08-06,4,1,refreshing,,1
R17449,H04360,B13,,2026-08-06,3,0,,fizz,0
R17450,H04417,B17,,2026-08-06,2,0,packaging,sweetness,0
R17451,H04451,B05,,2026-08-06,2,0,,price,1
R17452,H04488,B39,,2026-08-06,3,0,,flavour depth,0
R17453,H04490,B22,,2026-08-06,2,0,,ingredients,0
R17454,H04582,B25,,2026-08-06,1,0,,crunch,0
R17455,H00044,B44,,2026-08-07,3,0,,fizz,0
R17456,H00262,B33,,2026-08-07,4,1,sweetness,,1
R17457,H00327,B18,,2026-08-07,4,1,sweetness,,1
R17458,H00582,B24,,2026-08-07,4,0,price,,0
R17459,H00624,B33,,2026-08-07,5,1,taste,,1
R17460,H00715,B25,,2026-08-07,4,0,portion size,price,0
R17461,H00815,B31,,2026-08-07,4,1,versatility,jar size,0
R17462,H00958,B01,,2026-08-07,3,0,portion size,,0
R17463,H01049,B08,,2026-08-07,2,1,,flavour depth,0
R17464,H01084,B36,,2026-08-07,5,1,price,,1
R17465,H01298,B14,,2026-08-07,3,0,refreshing,,0
R17466,H01379,B01,,2026-08-07,4,1,price,portion size,0
R17467,H01513,B15,,2026-08-07,3,1,,sweetness,0
R17468,H01610,B04,,2026-08-07,4,0,portion size,,1
R17469,H01634,B44,,2026-08-07,4,0,aftertaste,,1
R17470,H01736,B24,,2026-08-07,5,1,price,,1
R17471,H01876,B19,,2026-08-07,4,1,price,jar size,0
R17472,H02156,B44,,2026-08-07,5,1,sweetness,,0
R17473,H02438,B16,,2026-08-07,3,1,,aftertaste,1
R17474,H02577,B24,,2026-08-07,3,1,taste,,0
R17475,H02793,B27,,2026-08-07,5,0,flavour depth,,1
R17476,H02822,B10,,2026-08-07,5,1,packaging,,0
R17477,H02824,B19,,2026-08-07,2,0,,price,0
R17478,H02835,B46,,2026-08-07,3,0,,aftertaste,0
R17479,H02961,B15,,2026-08-07,4,0,aftertaste,,1
R17480,H03132,B36,,2026-08-07,5,1,price,,1
R17481,H03139,B21,,2026-08-07,4,0,sweetness,packaging,0
R17482,H03143,B06,,2026-08-07,5,1,taste,,1
R17483,H03148,B30,,2026-08-07,3,1,jar size,,1
R17484,H03311,B13,,2026-08-07,3,0,taste,,0
R17485,H03372,B09,,2026-08-07,3,1,,ingredients,1
R17486,H03412,B02,,2026-08-07,3,1,,seasoning,0
R17487,H03434,B47,,2026-08-07,2,0,,sweetness,0
R17488,H03439,B45,,2026-08-07,5,1,aftertaste,,1
R17489,H03464,B18,,2026-08-07,2,0,taste,refreshing,0
R17490,H03484,B27,,2026-08-07,4,1,jar size,,1
R17491,H03494,B07,,2026-08-07,3,0,heat,,0
R17492,H03591,B19,,2026-08-07,3,0,heat,,0
R17493,H03968,B24,,2026-08-07,4,1,price,,1
R17494,H04067,B07,,2026-08-07,2,0,,texture,1
R17495,H04077,B09,,2026-08-07,4,1,ingredients,,0
R17496,H04103,B47,,2026-08-07,2,0,,taste,0
R17497,H04256,B15,,2026-08-07,3,1,aftertaste,,0
R17498,H04444,B25,,2026-08-07,3,0,,crunch,0
R17499,H04538,B30,,2026-08-07,4,0,versatility,heat,1
R17500,H00047,B02,,2026-08-08,3,0,,price,1
R17501,H00214,B17,,2026-08-08,3,1,sweetness,,1
R17502,H00418,B18,,2026-08-08,3,0,,price,0
R17503,H00429,B36,,2026-08-08,3,0,seasoning,,0
R17504,H00440,B05,,2026-08-08,2,0,,crunch,0
R17505,H00462,B33,,2026-08-08,3,0,,sweetness,0
R17506,H00527,B31,,2026-08-08,4,1,heat,,0
R17507,H00745,B33,,2026-08-08,3,0,,taste,0
R17508,H00752,B45,,2026-08-08,2,0,,aftertaste,0
R17509,H00794,B32,,2026-08-08,2,0,,usefulness,0
R17510,H00909,B47,,2026-08-08,4,1,taste,ingredients,0
R17511,H00997,B03,,2026-08-08,5,1,portability,,0
R17512,H01099,B22,,2026-08-08,4,1,texture,,1
R17513,H01290,B18,,2026-08-08,3,1,packaging,,0
R17514,H01291,B20,,2026-08-08,2,0,,refreshing,1
R17515,H01467,B22,,2026-08-08,2,0,,sweetness,0
R17516,H01586,B31,,2026-08-08,3,0,versatility,,1
R17517,H01625,B25,,2026-08-08,3,1,,packaging,0
R17518,H01674,B01,,2026-08-08,4,1,crunch,portion size,0
R17519,H01733,B07,,2026-08-08,1,0,,flavour depth,0
R17520,H02011,B24,,2026-08-08,2,0,,aroma,0
R17521,H02020,B21,,2026-08-08,5,1,refreshing,,1
R17522,H02177,B25,,2026-08-08,2,0,,portion size,0
R17523,H02195,B33,,2026-08-08,3,1,,sweetness,1
R17524,H02288,B18,,2026-08-08,3,1,price,,0
R17525,H02405,B01,,2026-08-08,5,1,portion size,,1
R17526,H02604,B46,,2026-08-08,5,1,fizz,aftertaste,0
R17527,H02679,B25,,2026-08-08,2,0,,price,0
R17528,H02849,B06,,2026-08-08,3,1,,price,0
R17529,H02884,B04,,2026-08-08,5,1,crunch,,1
R17530,H02895,B27,,2026-08-08,2,0,,flavour depth,0
R17531,H02936,B14,,2026-08-08,3,0,refreshing,,0
R17532,H02946,B47,,2026-08-08,2,0,,taste,0
R17533,H03167,B38,,2026-08-08,4,1,price,,0
R17534,H03780,B39,,2026-08-08,5,1,heat,,1
R17535,H03913,B06,,2026-08-08,4,1,ingredients,,0
R17536,H03958,B06,,2026-08-08,5,1,price,,1
R17537,H04067,B18,,2026-08-08,3,1,,taste,0
R17538,H04079,B26,,2026-08-08,2,0,,crunch,0
R17539,H04137,B04,,2026-08-08,3,1,portion size,,1
R17540,H04139,B38,,2026-08-08,4,0,taste,,1
R17541,H04218,B46,,2026-08-08,2,0,,price,0
R17542,H04418,B19,,2026-08-08,3,0,flavour depth,,0
R17543,H04452,B16,,2026-08-08,3,1,,refreshing,1
R17544,H04535,B16,,2026-08-08,5,1,aftertaste,,1
R17545,H04587,B24,,2026-08-08,5,1,ingredients,,1
R17546,H04606,B32,,2026-08-08,3,0,,design,0
R17547,H00012,B29,,2026-08-09,3,1,taste,,0
R17548,H00147,B20,,2026-08-09,3,0,packaging,,0
R17549,H00179,B07,,2026-08-09,3,1,,price,1
R17550,H00437,B41,,2026-08-09,5,0,portion size,seasoning,1
R17551,H00611,B07,,2026-08-09,5,1,versatility,,1
R17552,H00746,B19,,2026-08-09,3,1,,texture,0
R17553,H00844,B06,,2026-08-09,4,1,price,,0
R17554,H00940,B08,,2026-08-09,3,1,heat,,0
R17555,H01013,B39,,2026-08-09,3,0,,price,0
R17556,H01136,B39,,2026-08-09,3,0,,texture,0
R17557,H01291,B39,,2026-08-09,4,1,flavour depth,,0
R17558,H01376,B37,,2026-08-09,4,1,texture,,1
R17559,H01429,B26,,2026-08-09,3,1,,price,0
R17560,H01437,B41,,2026-08-09,2,0,,seasoning,0
R17561,H01536,B45,,2026-08-09,2,0,,refreshing,0
R17562,H01596,B42,,2026-08-09,4,1,aroma,,1
R17563,H01606,B14,,2026-08-09,4,1,price,,1
R17564,H01776,B15,,2026-08-09,4,0,price,,1
R17565,H02243,B39,,2026-08-09,4,0,jar size,,0
R17566,H02268,B01,,2026-08-09,2,0,price,seasoning,0
R17567,H02423,B30,,2026-08-09,5,1,jar size,,1
R17568,H02430,B43,,2026-08-09,4,1,price,,1
R17569,H02438,B40,,2026-08-09,5,1,packaging,,1
R17570,H02510,B43,,2026-08-09,5,1,fizz,,1
R17571,H02620,B39,,2026-08-09,3,1,texture,,0
R17572,H02971,B39,,2026-08-09,5,1,versatility,texture,1
R17573,H02979,B40,,2026-08-09,5,1,fizz,,1
R17574,H03141,B10,,2026-08-09,3,1,,price,0
R17575,H03232,B04,,2026-08-09,2,0,,packaging,0
R17576,H03391,B08,,2026-08-09,3,0,,price,1
R17577,H03434,B38,,2026-08-09,3,1,price,,0
R17578,H03526,B21,,2026-08-09,4,1,aftertaste,,0
R17579,H03551,B37,,2026-08-09,2,0,,packaging,0
R17580,H03757,B07,,2026-08-09,3,0,,jar size,0
R17581,H04009,B43,,2026-08-09,4,1,sweetness,,1
R17582,H04098,B25,,2026-08-09,5,1,saltiness,,1
R17583,H04200,B47,,2026-08-09,3,0,,price,0
R17584,H04263,B09,,2026-08-09,3,0,ingredients,,0
R17585,H04273,B46,,2026-08-09,4,0,taste,,0
R17586,H00099,B19,,2026-08-10,3,0,,heat,0
R17587,H00111,B15,,2026-08-10,2,0,refreshing,fizz,0
R17588,H00608,B07,,2026-08-10,3,0,jar size,,0
R17589,H00874,B22,,2026-08-10,1,0,,price,0
R17590,H01131,B20,,2026-08-10,3,0,sweetness,,0
R17591,H01266,B16,,2026-08-10,5,1,taste,,1
R17592,H01576,B46,,2026-08-10,4,1,aftertaste,taste,0
R17593,H01615,B08,,2026-08-10,2,1,,price,0
R17594,H01862,B24,,2026-08-10,5,1,aroma,,1
R17595,H01995,B32,,2026-08-10,4,0,build quality,,0
R17596,H02088,B43,,2026-08-10,4,1,packaging,,1
R17597,H02146,B14,,2026-08-10,2,1,,refreshing,0
R17598,H02235,B26,,2026-08-10,3,0,,saltiness,1
R17599,H02244,B06,,2026-08-10,4,0,price,,0
R17600,H02268,B06,,2026-08-10,4,1,price,,0
R17601,H02394,B45,,2026-08-10,2,0,,price,0
R17602,H02426,B43,,2026-08-10,5,1,sweetness,,0
R17603,H02697,B33,,2026-08-10,2,0,,sweetness,0
R17604,H02918,B05,,2026-08-10,3,0,,price,0
R17605,H02925,B45,,2026-08-10,4,1,aftertaste,,1
R17606,H02985,B13,,2026-08-10,5,1,aftertaste,,0
R17607,H02992,B10,,2026-08-10,3,1,,strength,0
R17608,H03010,B18,,2026-08-10,3,1,,aftertaste,1
R17609,H03106,B10,,2026-08-10,3,1,ingredients,,0
R17610,H03189,B02,,2026-08-10,3,1,portion size,,0
R17611,H03317,B02,,2026-08-10,5,1,saltiness,crunch,1
R17612,H03329,B04,,2026-08-10,2,0,,seasoning,0
R17613,H03474,B15,,2026-08-10,3,1,,fizz,0
R17614,H03583,B39,,2026-08-10,3,0,,price,0
R17615,H03695,B30,,2026-08-10,3,0,,flavour depth,1
R17616,H03911,B48,,2026-08-10,2,0,,portion size,0
R17617,H03917,B16,,2026-08-10,3,0,sweetness,,0
R17618,H04090,B47,,2026-08-10,5,1,sweetness,price,1
R17619,H04226,B09,,2026-08-10,3,0,ingredients,,0
R17620,H04266,B19,,2026-08-10,4,1,heat,,1
R17621,H04282,B49,,2026-08-10,1,1,,taste,0
R17622,H04330,B08,,2026-08-10,3,1,flavour depth,,0
R17623,H04348,B07,,2026-08-10,3,1,,versatility,0
R17624,H04367,B13,,2026-08-10,2,0,,aftertaste,0
R17625,H04381,B24,,2026-08-10,2,0,,ingredients,0
R17626,H04426,B46,,2026-08-10,2,0,,sweetness,0
R17627,H04626,B09,,2026-08-10,3,0,,packaging,0
R17628,H04628,B31,,2026-08-10,4,0,jar size,,1
R17629,H00168,B27,,2026-08-11,3,0,jar size,,1
R17630,H00171,B37,,2026-08-11,3,0,sweetness,,0
R17631,H00304,B16,,2026-08-11,4,0,price,,1
R17632,H00441,B01,,2026-08-11,4,1,seasoning,,0
R17633,H00636,B02,,2026-08-11,3,1,,price,1
R17634,H00652,B47,,2026-08-11,5,1,texture,,1
R17635,H00674,B48,,2026-08-11,3,1,portion size,,0
R17636,H00774,B07,,2026-08-11,3,0,,price,0
R17637,H00952,B30,,2026-08-11,3,1,jar size,,0
R17638,H00980,B36,,2026-08-11,1,0,,packaging,0
R17639,H01196,B09,,2026-08-11,4,0,sweetness,,0
R17640,H01256,B26,,2026-08-11,3,0,,seasoning,1
R17641,H01285,B45,,2026-08-11,5,1,aftertaste,,1
R17642,H01510,B16,,2026-08-11,5,1,packaging,,1
R17643,H01676,B26,,2026-08-11,4,1,price,crunch,0
R17644,H01869,B14,,2026-08-11,4,1,price,,1
R17645,H01900,B45,,2026-08-11,4,0,taste,packaging,1
R17646,H02076,B24,,2026-08-11,5,1,packaging,,1
R17647,H02122,B29,,2026-08-11,4,1,energy boost,,0
R17648,H02192,B06,,2026-08-11,3,0,ingredients,,0
R17649,H02556,B30,,2026-08-11,3,1,,flavour depth,0
R17650,H02587,B43,,2026-08-11,5,1,aftertaste,,0
R17651,H03018,B03,,2026-08-11,5,1,taste,,0
R17652,H03082,B25,,2026-08-11,3,1,price,,0
R17653,H03200,B44,,2026-08-11,3,0,,fizz,0
R17654,H03429,B03,,2026-08-11,1,0,ingredients,taste,0
R17655,H03740,B08,,2026-08-11,3,0,,heat,0
R17656,H03944,B29,,2026-08-11,2,0,,taste,0
R17657,H03952,B47,,2026-08-11,5,1,ingredients,,1
R17658,H04059,B07,,2026-08-11,4,0,flavour depth,,0
R17659,H04113,B33,,2026-08-11,4,1,price,,1
R17660,H04438,B36,,2026-08-11,4,0,saltiness,,1
R17661,H04504,B19,,2026-08-11,4,0,heat,,0
R17662,H04608,B21,,2026-08-11,4,1,packaging,refreshing,0
R17663,H04653,B37,,2026-08-11,3,0,sweetness,,1
R17664,H04655,B26,P057,2026-08-11,5,0,packaging,,0
R17665,H04656,B04,P057,2026-08-11,4,1,crunch,seasoning,1
R17666,H04658,B04,P057,2026-08-11,4,1,packaging,,1
R17667,H04664,B20,,2026-08-11,3,0,price,,0
R17668,H00142,B15,,2026-08-12,5,0,sweetness,,1
R17669,H00297,B03,,2026-08-12,4,1,taste,energy boost,0
R17670,H00363,B43,,2026-08-12,2,0,,aftertaste,0
R17671,H00425,B49,,2026-08-12,2,0,,price,0
R17672,H00559,B42,,2026-08-12,3,1,,strength,1
R17673,H00621,B31,,2026-08-12,5,1,texture,price,1
R17674,H00645,B20,,2026-08-12,2,0,taste,fizz,0
R17675,H00725,B08,,2026-08-12,5,1,price,,1
R17676,H00841,B39,,2026-08-12,3,0,versatility,,0
R17677,H00920,B27,,2026-08-12,3,0,,heat,0
R17678,H01005,B32,,2026-08-12,5,1,size,,1
R17679,H01081,B05,,2026-08-12,3,1,saltiness,,0
R17680,H01100,B28,,2026-08-12,3,0,,ingredients,0
R17681,H01236,B24,,2026-08-12,4,1,price,,1
R17682,H01272,B03,,2026-08-12,4,1,energy boost,,0
R17683,H01641,B27,,2026-08-12,2,0,,versatility,0
R17684,H01859,B39,,2026-08-12,4,1,versatility,flavour depth,0
R17685,H01863,B29,,2026-08-12,3,0,,portability,0
R17686,H01870,B39,,2026-08-12,3,1,,price,0
R17687,H02035,B47,,2026-08-12,3,0,sweetness,,0
R17688,H02268,B08,,2026-08-12,3,1,,price,0
R17689,H02468,B40,,2026-08-12,4,1,sweetness,,1
R17690,H02473,B05,,2026-08-12,1,0,,saltiness,0
R17691,H02488,B49,,2026-08-12,3,0,texture,,0
R17692,H02514,B38,,2026-08-12,4,1,price,,0
R17693,H02540,B46,,2026-08-12,4,1,fizz,sweetness,0
R17694,H02620,B44,,2026-08-12,4,1,aftertaste,,0
R17695,H02721,B48,,2026-08-12,3,0,portion size,,0
R17696,H02776,B38,,2026-08-12,4,1,taste,,1
R17697,H02792,B06,,2026-08-12,4,0,packaging,price,1
R17698,H02814,B42,,2026-08-12,2,0,,strength,0
R17699,H02826,B29,,2026-08-12,3,0,energy boost,,0
R17700,H02888,B19,,2026-08-12,4,1,price,,1
R17701,H03020,B34,,2026-08-12,4,1,taste,strength,1
R17702,H03078,B02,,2026-08-12,1,0,,price,0
R17703,H03106,B09,,2026-08-12,4,1,texture,,0
R17704,H03155,B14,,2026-08-12,4,1,fizz,,1
R17705,H03327,B32,,2026-08-12,3,1,,size,0
R17706,H03613,B32,,2026-08-12,4,1,design,,0
R17707,H03688,B45,,2026-08-12,3,1,taste,,1
R17708,H03696,B45,,2026-08-12,4,1,refreshing,,1
R17709,H03773,B04,,2026-08-12,5,1,crunch,,0
R17710,H03775,B26,,2026-08-12,3,1,,portion size,0
R17711,H03796,B44,,2026-08-12,3,1,aftertaste,,0
R17712,H03923,B15,,2026-08-12,3,1,,price,1
R17713,H04081,B34,,2026-08-12,4,1,price,,0
R17714,H04197,B46,,2026-08-12,3,0,,sweetness,0
R17715,H04306,B06,,2026-08-12,4,0,texture,sweetness,0
R17716,H04344,B03,,2026-08-12,5,0,taste,,1
R17717,H04660,B32,,2026-08-12,3,0,,usefulness,0
R17718,H04669,B04,P058,2026-08-12,5,1,seasoning,,0
R17719,H04672,B26,P058,2026-08-12,4,0,crunch,,0
R17720,H04674,B04,P058,2026-08-12,3,0,price,,1
R17721,H04675,B26,P058,2026-08-12,4,1,saltiness,,0
R17722,H04678,B03,P058,2026-08-12,3,1,ingredients,,1
R17723,H04679,B17,P058,2026-08-12,4,1,sweetness,,0
R17724,H04690,B04,P058,2026-08-12,5,1,crunch,,0
R17725,H04692,B02,P058,2026-08-12,3,0,,saltiness,0
R17726,H04694,B26,P058,2026-08-12,5,0,price,,0
R17727,H04698,B02,P058,2026-08-12,4,1,seasoning,packaging,1
R17728,H04700,B26,P058,2026-08-12,5,1,saltiness,,0
R17729,H04704,B02,P058,2026-08-12,4,1,price,,1
R17730,H04706,B26,P058,2026-08-12,5,1,saltiness,,0
R17731,H04708,B04,P058,2026-08-12,4,1,packaging,,1
R17732,H00165,B21,,2026-08-13,5,1,packaging,,1
R17733,H00383,B23,,2026-08-13,4,0,sweetness,,0
R17734,H00400,B35,,2026-08-13,3,0,,taste,0
R17735,H00400,B33,,2026-08-13,4,1,fizz,,1
R17736,H00614,B07,,2026-08-13,4,1,jar size,price,0
R17737,H00635,B21,,2026-08-13,5,1,aftertaste,,1
R17738,H00723,B17,,2026-08-13,4,1,refreshing,,1
R17739,H00728,B17,,2026-08-13,4,1,price,,1
R17740,H00869,B11,,2026-08-13,4,1,fizz,,0
R17741,H00876,B47,,2026-08-13,3,0,,texture,0
R17742,H00915,B40,,2026-08-13,3,0,,sweetness,1
R17743,H00944,B38,,2026-08-13,3,0,price,,0
R17744,H00996,B02,,2026-08-13,3,1,,packaging,1
R17745,H01175,B12,,2026-08-13,2,0,price,fizz,0
R17746,H01218,B45,,2026-08-13,4,1,refreshing,,0
R17747,H01426,B33,,2026-08-13,4,1,taste,,1
R17748,H01453,B29,,2026-08-13,5,1,energy boost,taste,1
R17749,H01781,B02,,2026-08-13,2,0,packaging,portion size,0
R17750,H01840,B18,,2026-08-13,3,0,aftertaste,,0
R17751,H01851,B02,,2026-08-13,5,1,portion size,,1
R17752,H01915,B29,,2026-08-13,3,0,portability,,0
R17753,H02100,B08,,2026-08-13,3,0,heat,,0
R17754,H02108,B18,,2026-08-13,4,0,aftertaste,,0
R17755,H02110,B46,,2026-08-13,3,1,refreshing,,0
R17756,H02203,B31,,2026-08-13,3,0,versatility,,0
R17757,H02250,B05,,2026-08-13,3,0,portion size,,0
R17758,H02324,B14,,2026-08-13,1,0,,aftertaste,0
R17759,H02510,B25,,2026-08-13,4,1,price,,1
R17760,H02799,B14,,2026-08-13,5,1,price,,1
R17761,H02845,B28,,2026-08-13,5,0,ingredients,,1
R17762,H03324,B27,,2026-08-13,3,0,jar size,,0
R17763,H03429,B26,,2026-08-13,3,1,saltiness,,0
R17764,H03565,B49,,2026-08-13,3,0,,ingredients,0
R17765,H03599,B47,,2026-08-13,4,1,ingredients,taste,0
R17766,H03847,B46,,2026-08-13,4,1,fizz,refreshing,0
R17767,H03992,B38,,2026-08-13,3,0,ingredients,,1
R17768,H04073,B27,,2026-08-13,5,1,texture,heat,1
R17769,H04113,B04,,2026-08-13,5,1,portion size,,1
R17770,H04451,B38,,2026-08-13,3,0,,texture,0
R17771,H04484,B47,,2026-08-13,4,1,ingredients,,0
R17772,H04656,B03,P057,2026-08-13,3,0,,price,1
R17773,H04660,B02,P057,2026-08-13,4,0,price,,0
R17774,H04663,B02,P057,2026-08-13,4,1,seasoning,saltiness,0
R17775,H04675,B02,P058,2026-08-13,4,0,crunch,,1
R17776,H04675,B04,P058,2026-08-13,5,1,crunch,,1
R17777,H04677,B02,P058,2026-08-13,3,0,portion size,,1
R17778,H04681,B03,P058,2026-08-13,2,0,energy boost,texture,0
R17779,H04684,B26,P058,2026-08-13,3,1,,saltiness,0
R17780,H04687,B02,P058,2026-08-13,5,1,packaging,,1
R17781,H04687,B03,P058,2026-08-13,4,1,texture,price,0
R17782,H04690,B17,P058,2026-08-13,2,0,,fizz,0
R17783,H04691,B03,P058,2026-08-13,5,1,ingredients,,1
R17784,H04695,B04,P058,2026-08-13,4,1,price,,1
R17785,H04697,B26,P058,2026-08-13,4,1,seasoning,,0
R17786,H04700,B03,P058,2026-08-13,4,1,portability,,0
R17787,H04710,B04,P058,2026-08-13,3,1,portion size,,1
R17788,H04711,B03,P058,2026-08-13,3,1,,portability,0
R17789,H04714,B26,P058,2026-08-13,2,0,,saltiness,0
R17790,H00169,B32,,2026-08-14,2,0,usefulness,build quality,0
R17791,H00620,B33,,2026-08-14,5,1,price,,1
R17792,H00680,B49,,2026-08-14,1,0,,packaging,0
R17793,H01159,B41,,2026-08-14,4,1,portion size,,1
R17794,H01198,B33,,2026-08-14,2,0,,price,0
R17795,H01323,B19,,2026-08-14,4,1,heat,,1
R17796,H01497,B41,,2026-08-14,4,0,saltiness,,0
R17797,H01535,B40,,2026-08-14,2,0,,sweetness,0
R17798,H01559,B48,,2026-08-14,2,0,,price,0
R17799,H01619,B39,,2026-08-14,5,1,texture,heat,0
R17800,H01654,B41,,2026-08-14,4,1,seasoning,,0
R17801,H02118,B39,,2026-08-14,5,1,heat,,1
R17802,H02268,B23,,2026-08-14,2,0,,taste,0
R17803,H02304,B44,,2026-08-14,3,0,,sweetness,0
R17804,H02395,B02,,2026-08-14,2,0,,crunch,0
R17805,H02559,B07,,2026-08-14,1,0,,price,0
R17806,H02664,B26,,2026-08-14,1,0,,saltiness,0
R17807,H02682,B25,,2026-08-14,3,0,,portion size,1
R17808,H02790,B23,,2026-08-14,1,0,,sweetness,0
R17809,H02810,B41,,2026-08-14,4,1,seasoning,,0
R17810,H02879,B14,,2026-08-14,3,0,refreshing,,0
R17811,H02997,B38,,2026-08-14,5,1,ingredients,,0
R17812,H03127,B21,,2026-08-14,5,1,fizz,,1
R17813,H03305,B12,,2026-08-14,3,1,,taste,0
R17814,H03422,B31,,2026-08-14,4,1,flavour depth,,1
R17815,H03461,B02,,2026-08-14,3,1,saltiness,,0
R17816,H03482,B27,,2026-08-14,3,0,heat,,1
R17817,H03665,B49,,2026-08-14,3,1,,packaging,0
R17818,H03743,B42,,2026-08-14,3,0,price,,0
R17819,H03885,B38,,2026-08-14,3,1,,texture,0
R17820,H03937,B22,,2026-08-14,3,1,,price,0
R17821,H03996,B04,,2026-08-14,2,0,,crunch,0
R17822,H04004,B47,,2026-08-14,2,0,,sweetness,0
R17823,H04088,B08,,2026-08-14,5,1,texture,,1
R17824,H04155,B10,,2026-08-14,4,1,packaging,,0
R17825,H04365,B01,,2026-08-14,3,0,seasoning,,0
R17826,H04585,B31,,2026-08-14,3,1,price,,1
R17827,H04601,B17,,2026-08-14,4,1,aftertaste,,1
R17828,H04634,B30,,2026-08-14,4,1,heat,versatility,1
R17829,H04658,B26,P057,2026-08-14,4,1,portion size,,1
R17830,H04682,B21,,2026-08-14,4,1,taste,packaging,1
R17831,H04686,B03,P058,2026-08-14,5,1,portability,,1
R17832,H04688,B04,P058,2026-08-14,4,1,packaging,,0
R17833,H04691,B02,P058,2026-08-14,4,1,seasoning,,1
R17834,H04696,B17,P058,2026-08-14,4,1,refreshing,price,1
R17835,H04699,B03,P058,2026-08-14,3,0,energy boost,,0
R17836,H04700,B02,P058,2026-08-14,4,1,seasoning,,0
R17837,H04705,B17,P058,2026-08-14,5,1,fizz,,0
R17838,H04708,B26,P058,2026-08-14,1,0,,seasoning,0
R17839,H04713,B03,P058,2026-08-14,4,0,texture,,1
R17840,H04716,B02,P058,2026-08-14,4,1,packaging,,0
R17841,H00358,B29,,2026-08-15,4,1,energy boost,,0
R17842,H00491,B48,,2026-08-15,2,0,packaging,price,0
R17843,H00530,B15,,2026-08-15,3,1,refreshing,,0
R17844,H00555,B38,,2026-08-15,3,0,packaging,,1
R17845,H00683,B16,,2026-08-15,5,1,refreshing,,1
R17846,H00801,B02,,2026-08-15,4,1,saltiness,,0
R17847,H00885,B10,,2026-08-15,1,0,,taste,0
R17848,H00986,B01,,2026-08-15,3,1,seasoning,,0
R17849,H01196,B02,,2026-08-15,5,1,crunch,packaging,1
R17850,H01310,B31,,2026-08-15,4,1,price,,0
R17851,H01537,B47,,2026-08-15,3,0,,sweetness,0
R17852,H01544,B15,,2026-08-15,2,0,,price,0
R17853,H01557,B16,,2026-08-15,2,0,aftertaste,sweetness,0
R17854,H01644,B46,,2026-08-15,3,1,packaging,,0
R17855,H01645,B38,,2026-08-15,4,1,texture,,1
R17856,H01683,B11,,2026-08-15,4,1,sweetness,,0
R17857,H01760,B39,,2026-08-15,4,1,price,,1
R17858,H01790,B19,,2026-08-15,5,1,versatility,,0
R17859,H01837,B35,,2026-08-15,2,0,,texture,0
R17860,H01856,B29,,2026-08-15,4,1,energy boost,,1
R17861,H01887,B07,,2026-08-15,4,0,price,texture,1
R17862,H01966,B04,,2026-08-15,3,0,,packaging,0
R17863,H02039,B16,,2026-08-15,4,1,sweetness,,0
R17864,H02040,B22,,2026-08-15,3,0,taste,,0
R17865,H02367,B13,,2026-08-15,4,0,refreshing,aftertaste,0
R17866,H02482,B05,,2026-08-15,3,0,saltiness,,1
R17867,H02568,B29,,2026-08-15,4,1,energy boost,,1
R17868,H02587,B27,,2026-08-15,2,0,flavour depth,jar size,0
R17869,H02664,B43,,2026-08-15,4,1,refreshing,,0
R17870,H02706,B28,,2026-08-15,3,0,,portability,0
R17871,H02877,B22,,2026-08-15,4,1,taste,packaging,0
R17872,H02988,B38,,2026-08-15,3,1,,taste,0
R17873,H03019,B43,,2026-08-15,5,1,price,aftertaste,0
R17874,H03048,B45,,2026-08-15,3,1,,taste,0
R17875,H03061,B41,,2026-08-15,4,1,saltiness,,1
R17876,H03126,B18,,2026-08-15,4,0,aftertaste,,0
R17877,H03783,B47,,2026-08-15,5,1,price,,1
R17878,H03872,B03,,2026-08-15,4,1,texture,,0
R17879,H03956,B18,,2026-08-15,3,0,,refreshing,0
R17880,H03977,B49,,2026-08-15,4,1,price,taste,1
R17881,H03978,B09,,2026-08-15,3,0,,ingredients,0
R17882,H04023,B38,,2026-08-15,5,1,sweetness,,1
R17883,H04228,B43,,2026-08-15,4,1,taste,,0
R17884,H04352,B13,,2026-08-15,3,0,,sweetness,1
R17885,H04406,B36,,2026-08-15,3,0,,crunch,1
R17886,H04655,B02,P057,2026-08-15,4,1,crunch,,0
R17887,H04656,B02,P057,2026-08-15,4,0,saltiness,,1
R17888,H04668,B26,P058,2026-08-15,3,1,,price,1
R17889,H04670,B03,P058,2026-08-15,2,0,,portability,1
R17890,H04670,B17,P058,2026-08-15,3,0,price,,0
R17891,H04691,B04,P058,2026-08-15,3,0,portion size,,1
R17892,H04696,B02,P058,2026-08-15,5,1,saltiness,,1
R17893,H04698,B07,,2026-08-15,2,0,,flavour depth,0
R17894,H04703,B34,,2026-08-15,4,1,aroma,,1
R17895,H04709,B03,P058,2026-08-15,3,0,,texture,1
R17896,H04710,B03,P058,2026-08-15,3,0,energy boost,,1
R17897,H00043,B41,,2026-08-16,3,0,,packaging,0
R17898,H00045,B10,,2026-08-16,3,0,,packaging,0
R17899,H00045,B17,,2026-08-16,4,1,sweetness,,1
R17900,H00148,B07,,2026-08-16,3,1,jar size,,0
R17901,H00364,B39,,2026-08-16,2,0,,jar size,0
R17902,H00718,B26,,2026-08-16,3,1,,saltiness,0
R17903,H00784,B39,,2026-08-16,1,0,,jar size,0
R17904,H00935,B42,,2026-08-16,3,0,ingredients,,0
R17905,H01214,B21,,2026-08-16,4,1,sweetness,,0
R17906,H01216,B05,,2026-08-16,4,1,portion size,price,0
R17907,H01219,B21,,2026-08-16,4,1,price,,1
R17908,H01232,B12,,2026-08-16,2,1,packaging,price,0
R17909,H01325,B02,,2026-08-16,3,0,,portion size,1
R17910,H01331,B01,,2026-08-16,3,1,saltiness,,1
R17911,H01424,B29,,2026-08-16,5,1,texture,,1
R17912,H01430,B29,,2026-08-16,3,0,taste,,0
R17913,H01480,B49,,2026-08-16,3,0,packaging,,0
R17914,H01544,B07,,2026-08-16,3,1,texture,,0
R17915,H01856,B07,,2026-08-16,2,0,jar size,heat,0
R17916,H02107,B44,,2026-08-16,1,0,,fizz,0
R17917,H02110,B03,,2026-08-16,3,1,texture,,0
R17918,H02181,B01,,2026-08-16,4,1,packaging,portion size,1
R17919,H02350,B19,,2026-08-16,3,1,,heat,0
R17920,H02448,B45,,2026-08-16,3,1,refreshing,,0
R17921,H02619,B41,,2026-08-16,2,0,,seasoning,0
R17922,H02738,B26,,2026-08-16,4,0,portion size,seasoning,0
R17923,H02794,B17,,2026-08-16,4,1,refreshing,sweetness,1
R17924,H03007,B19,,2026-08-16,5,1,jar size,flavour depth,1
R17925,H03050,B30,,2026-08-16,2,0,heat,flavour depth,0
R17926,H03174,B15,,2026-08-16,3,1,,price,1
R17927,H03221,B36,,2026-08-16,4,1,seasoning,,0
R17928,H03327,B01,,2026-08-16,5,1,price,,0
R17929,H03347,B26,,2026-08-16,3,1,seasoning,,1
R17930,H03692,B21,,2026-08-16,3,1,,fizz,0
R17931,H03950,B47,,2026-08-16,2,0,,price,0
R17932,H03977,B21,,2026-08-16,4,1,taste,,1
R17933,H04140,B25,,2026-08-16,5,1,saltiness,,1
R17934,H04222,B43,,2026-08-16,3,1,,taste,0
R17935,H04292,B13,,2026-08-16,1,0,,price,0
R17936,H04311,B10,,2026-08-16,3,0,,ingredients,0
R17937,H04433,B08,,2026-08-16,3,1,,flavour depth,0
R17938,H04509,B47,,2026-08-16,3,1,ingredients,,0
R17939,H04511,B06,,2026-08-16,5,1,packaging,,1
R17940,H04514,B46,,2026-08-16,2,0,,price,0
R17941,H04568,B42,,2026-08-16,1,0,,strength,0
R17942,H04657,B47,,2026-08-16,2,0,price,texture,0
R17943,H04667,B03,P058,2026-08-16,3,0,texture,,0
R17944,H04667,B04,P058,2026-08-16,3,0,seasoning,,0
R17945,H04670,B26,P058,2026-08-16,4,1,portion size,seasoning,0
R17946,H04671,B04,P058,2026-08-16,4,0,seasoning,,0
R17947,H04673,B02,P058,2026-08-16,3,1,,packaging,0
R17948,H04677,B40,,2026-08-16,3,0,,packaging,0
R17949,H04682,B03,P058,2026-08-16,3,0,,taste,1
R17950,H04686,B26,P058,2026-08-16,4,1,saltiness,,0
R17951,H04687,B26,P058,2026-08-16,3,0,,price,0
R17952,H04693,B26,P058,2026-08-16,4,1,crunch,,0
R17953,H04695,B17,P058,2026-08-16,2,0,,aftertaste,0
R17954,H04701,B26,P058,2026-08-16,5,1,crunch,saltiness,0
R17955,H04702,B04,P058,2026-08-16,3,1,,crunch,0
R17956,H04703,B26,P058,2026-08-16,5,1,portion size,,0
R17957,H04705,B04,P058,2026-08-16,2,1,portion size,crunch,1
R17958,H04706,B04,P058,2026-08-16,3,0,,price,0
R17959,H04707,B02,P058,2026-08-16,4,1,packaging,,0
R17960,H04707,B26,P058,2026-08-16,4,1,crunch,,0
R17961,H04708,B03,P058,2026-08-16,4,1,portability,ingredients,1
R17962,H04714,B03,P058,2026-08-16,4,1,ingredients,,1
R17963,H00384,B05,,2026-08-17,3,0,,price,0
R17964,H00492,B45,,2026-08-17,4,1,aftertaste,,1
R17965,H00557,B06,,2026-08-17,4,1,price,ingredients,0
R17966,H00567,B40,,2026-08-17,3,1,,taste,1
R17967,H00574,B19,,2026-08-17,2,0,,jar size,0
R17968,H00868,B46,,2026-08-17,4,1,fizz,,1
R17969,H01161,B21,,2026-08-17,3,0,,refreshing,0
R17970,H01290,B20,,2026-08-17,4,1,price,,0
R17971,H01424,B46,,2026-08-17,5,1,packaging,refreshing,1
R17972,H01599,B26,,2026-08-17,3,0,,saltiness,0
R17973,H01786,B21,,2026-08-17,3,1,fizz,,0
R17974,H01930,B35,,2026-08-17,3,1,price,,0
R17975,H02065,B04,,2026-08-17,3,0,seasoning,,0
R17976,H02266,B26,,2026-08-17,2,0,,packaging,0
R17977,H02277,B34,,2026-08-17,4,1,aroma,,0
R17978,H02423,B34,,2026-08-17,3,0,,aroma,0
R17979,H02427,B02,,2026-08-17,3,0,crunch,,1
R17980,H02503,B27,,2026-08-17,5,1,jar size,,1
R17981,H02660,B25,,2026-08-17,3,0,,portion size,0
R17982,H02876,B06,,2026-08-17,4,1,ingredients,texture,0
R17983,H02981,B27,,2026-08-17,3,0,,flavour depth,0
R17984,H03123,B35,,2026-08-17,1,0,taste,ingredients,0
R17985,H03202,B45,,2026-08-17,4,0,refreshing,,1
R17986,H03270,B06,,2026-08-17,4,1,ingredients,,0
R17987,H03388,B03,,2026-08-17,1,0,,texture,0
R17988,H03431,B36,,2026-08-17,3,0,,packaging,1
R17989,H03468,B42,,2026-08-17,2,0,,aroma,0
R17990,H03498,B43,,2026-08-17,4,1,taste,,0
R17991,H03578,B15,,2026-08-17,2,0,,aftertaste,0
R17992,H03609,B13,,2026-08-17,2,0,price,fizz,0
R17993,H03864,B26,,2026-08-17,3,0,packaging,,0
R17994,H03960,B30,,2026-08-17,2,0,,versatility,0
R17995,H03989,B04,,2026-08-17,3,1,price,,0
R17996,H04068,B25,,2026-08-17,2,0,,crunch,0
R17997,H04174,B18,,2026-08-17,2,0,,packaging,0
R17998,H04335,B36,,2026-08-17,2,0,,seasoning,0
R17999,H04525,B03,,2026-08-17,5,1,price,,1
R18000,H04627,B09,,2026-08-17,4,1,price,,1
R18001,H04635,B47,,2026-08-17,1,0,price,sweetness,0
R18002,H04659,B02,P057,2026-08-17,5,1,portion size,crunch,0
R18003,H04662,B26,P057,2026-08-17,4,1,crunch,packaging,1
R18004,H04663,B17,P057,2026-08-17,4,1,packaging,,1
R18005,H04676,B02,P058,2026-08-17,3,0,,portion size,1
R18006,H04685,B17,P058,2026-08-17,4,1,fizz,,0
R18007,H04686,B17,P058,2026-08-17,2,0,,packaging,0
R18008,H04693,B02,P058,2026-08-17,5,1,portion size,,1
R18009,H04695,B02,P058,2026-08-17,4,1,packaging,,1
R18010,H04702,B17,P058,2026-08-17,5,1,aftertaste,,0
R18011,H00002,B23,,2026-08-18,1,0,,sweetness,0
R18012,H00007,B09,,2026-08-18,3,0,,sweetness,1
R18013,H00013,B28,,2026-08-18,3,1,portability,,1
R18014,H00078,B26,,2026-08-18,3,1,saltiness,,0
R18015,H00205,B34,,2026-08-18,4,1,ingredients,,1
R18016,H00209,B15,,2026-08-18,3,1,,fizz,0
R18017,H00411,B03,,2026-08-18,3,0,ingredients,,0
R18018,H00531,B24,,2026-08-18,4,1,ingredients,,1
R18019,H00606,B28,,2026-08-18,4,1,ingredients,,1
R18020,H00752,B09,,2026-08-18,2,0,,taste,0
R18021,H00882,B17,,2026-08-18,3,1,,fizz,0
R18022,H00904,B22,,2026-08-18,1,0,,ingredients,0
R18023,H00947,B26,,2026-08-18,5,1,crunch,,1
R18024,H01001,B13,,2026-08-18,5,1,packaging,,0
R18025,H01296,B04,,2026-08-18,3,1,,price,0
R18026,H01582,B24,,2026-08-18,3,0,,strength,0
R18027,H01664,B05,,2026-08-18,4,1,packaging,,1
R18028,H01753,B12,,2026-08-18,4,1,packaging,,0
R18029,H02127,B04,,2026-08-18,4,1,portion size,saltiness,0
R18030,H02130,B17,,2026-08-18,2,0,,refreshing,0
R18031,H02291,B41,,2026-08-18,3,0,portion size,,1
R18032,H02341,B34,,2026-08-18,3,0,packaging,,1
R18033,H02496,B13,,2026-08-18,4,1,fizz,,0
R18034,H02684,B10,,2026-08-18,5,1,taste,,1
R18035,H02743,B27,,2026-08-18,2,0,,texture,0
R18036,H02813,B34,,2026-08-18,3,0,,aroma,0
R18037,H02933,B15,,2026-08-18,3,0,,refreshing,0
R18038,H03038,B49,,2026-08-18,4,0,taste,packaging,0
R18039,H03044,B08,,2026-08-18,4,1,flavour depth,,0
R18040,H03057,B46,,2026-08-18,4,1,aftertaste,,0
R18041,H03182,B47,,2026-08-18,3,1,packaging,,0
R18042,H03218,B17,,2026-08-18,2,0,,sweetness,0
R18043,H03468,B28,,2026-08-18,3,0,,taste,0
R18044,H03494,B28,,2026-08-18,3,1,price,,0
R18045,H03654,B49,,2026-08-18,3,0,packaging,,0
R18046,H03698,B15,,2026-08-18,4,0,price,,1
R18047,H03734,B08,,2026-08-18,2,0,,heat,0
R18048,H03933,B31,,2026-08-18,4,0,jar size,,1
R18049,H03969,B07,,2026-08-18,4,1,versatility,,1
R18050,H03992,B06,,2026-08-18,3,1,packaging,,0
R18051,H04142,B20,,2026-08-18,5,1,price,,1
R18052,H04190,B42,,2026-08-18,4,1,aroma,strength,1
R18053,H04277,B19,,2026-08-18,5,1,price,versatility,1
R18054,H04282,B06,,2026-08-18,3,0,,price,0
R18055,H04321,B43,,2026-08-18,5,1,aftertaste,,1
R18056,H04368,B17,,2026-08-18,2,0,refreshing,price,1
R18057,H04416,B28,,2026-08-18,2,0,,portability,0
R18058,H04658,B02,P057,2026-08-18,3,1,,portion size,1
R18059,H04661,B02,P057,2026-08-18,3,1,price,,0
R18060,H04669,B02,P058,2026-08-18,5,1,packaging,,0
R18061,H04669,B17,P058,2026-08-18,2,0,,refreshing,0
R18062,H04671,B03,P058,2026-08-18,4,1,ingredients,,0
R18063,H04677,B04,P058,2026-08-18,2,0,,packaging,1
R18064,H04679,B02,P058,2026-08-18,5,1,portion size,,1
R18065,H04680,B26,P058,2026-08-18,3,1,saltiness,,0
R18066,H04681,B02,P058,2026-08-18,4,1,portion size,crunch,0
R18067,H04682,B02,P058,2026-08-18,5,1,seasoning,,1
R18068,H04688,B02,P058,2026-08-18,5,1,saltiness,,0
R18069,H04694,B04,P058,2026-08-18,5,1,packaging,,0
R18070,H04698,B04,P058,2026-08-18,3,1,,saltiness,1
R18071,H04709,B02,P058,2026-08-18,4,1,seasoning,,1
R18072,H04713,B02,P058,2026-08-18,3,1,crunch,,1
R18073,H00037,B22,,2026-08-19,4,1,ingredients,,0
R18074,H00055,B17,,2026-08-19,4,1,refreshing,,1
R18075,H00063,B44,,2026-08-19,4,1,refreshing,,1
R18076,H00114,B45,,2026-08-19,4,1,fizz,,1
R18077,H00127,B12,,2026-08-19,3,1,taste,,0
R18078,H00443,B09,,2026-08-19,1,0,,price,0
R18079,H00501,B29,,2026-08-19,3,1,,taste,0
R18080,H00581,B44,,2026-08-19,2,0,,price,0
R18081,H00589,B04,,2026-08-19,4,0,crunch,saltiness,1
R18082,H00646,B04,,2026-08-19,3,1,saltiness,,0
R18083,H00922,B08,,2026-08-19,2,0,,jar size,0
R18084,H00954,B38,,2026-08-19,1,0,,sweetness,0
R18085,H00995,B16,,2026-08-19,3,0,price,,0
R18086,H01309,B41,,2026-08-19,3,0,portion size,,0
R18087,H01612,B38,,2026-08-19,4,0,ingredients,,1
R18088,H01715,B46,,2026-08-19,4,0,aftertaste,price,0
R18089,H01793,B10,,2026-08-19,3,0,strength,,0
R18090,H01814,B38,,2026-08-19,3,1,ingredients,,1
R18091,H01894,B43,,2026-08-19,4,1,taste,,1
R18092,H01939,B38,,2026-08-19,3,0,,packaging,0
R18093,H01944,B38,,2026-08-19,3,0,,taste,0
R18094,H02101,B03,,2026-08-19,3,0,price,,0
R18095,H02266,B02,,2026-08-19,3,1,saltiness,,0
R18096,H02350,B34,,2026-08-19,5,1,aroma,,1
R18097,H02389,B37,,2026-08-19,5,1,taste,,1
R18098,H02416,B27,,2026-08-19,5,1,price,,1
R18099,H02739,B34,,2026-08-19,3,0,,ingredients,0
R18100,H02763,B32,,2026-08-19,2,0,,build quality,0
R18101,H02841,B32,,2026-08-19,5,1,price,,1
R18102,H02998,B38,,2026-08-19,5,1,sweetness,,1
R18103,H03011,B15,,2026-08-19,1,0,,refreshing,0
R18104,H03040,B18,,2026-08-19,3,0,,sweetness,1
R18105,H03124,B35,,2026-08-19,5,1,texture,,1
R18106,H03227,B02,,2026-08-19,5,1,crunch,,1
R18107,H03241,B37,,2026-08-19,5,1,texture,,1
R18108,H03243,B24,,2026-08-19,3,1,aroma,,0
R18109,H03298,B47,,2026-08-19,2,0,,taste,0
R18110,H03365,B12,,2026-08-19,3,1,aftertaste,,1
R18111,H03377,B02,,2026-08-19,4,0,price,,0
R18112,H03562,B35,,2026-08-19,4,1,texture,taste,1
R18113,H03652,B10,,2026-08-19,4,0,taste,,0
R18114,H03675,B36,,2026-08-19,3,1,,portion size,1
R18115,H03702,B43,,2026-08-19,5,1,aftertaste,sweetness,1
R18116,H03779,B20,,2026-08-19,2,0,,sweetness,0
R18117,H03791,B21,,2026-08-19,3,0,packaging,,1
R18118,H03834,B16,,2026-08-19,3,1,,sweetness,0
R18119,H03872,B36,,2026-08-19,2,0,,packaging,0
R18120,H03884,B30,,2026-08-19,2,0,,heat,0
R18121,H03922,B07,,2026-08-19,3,0,texture,,0
R18122,H03939,B38,,2026-08-19,3,0,,sweetness,0
R18123,H04065,B22,,2026-08-19,5,1,sweetness,,1
R18124,H04076,B32,,2026-08-19,5,1,size,,1
R18125,H04237,B12,,2026-08-19,2,0,refreshing,price,1
R18126,H04358,B05,,2026-08-19,2,0,,crunch,0
R18127,H04377,B04,,2026-08-19,3,1,,packaging,0
R18128,H04560,B19,,2026-08-19,4,1,heat,,1
R18129,H04565,B22,,2026-08-19,2,1,sweetness,taste,0
R18130,H04595,B13,,2026-08-19,3,0,price,,0
R18131,H04671,B20,,2026-08-19,2,0,,taste,0
R18132,H04673,B26,P058,2026-08-19,5,1,crunch,portion size,0
R18133,H04679,B04,P058,2026-08-19,3,1,,seasoning,0
R18134,H04683,B17,P058,2026-08-19,4,1,price,,0
R18135,H04684,B02,P058,2026-08-19,5,1,portion size,,0
R18136,H04688,B03,P058,2026-08-19,3,1,,price,0
R18137,H04697,B02,P058,2026-08-19,3,1,packaging,,0
R18138,H04701,B02,P058,2026-08-19,3,1,seasoning,,0
R18139,H04702,B02,P058,2026-08-19,4,0,price,,0
R18140,H04705,B02,P058,2026-08-19,4,1,seasoning,,1
R18141,H04706,B02,P058,2026-08-19,4,0,seasoning,,1
R18142,H04716,B03,P058,2026-08-19,5,0,price,,0
R18143,H00170,B04,,2026-08-20,2,0,,price,0
R18144,H00585,B10,,2026-08-20,2,0,,packaging,0
R18145,H01008,B35,,2026-08-20,2,0,,texture,0
R18146,H01179,B16,,2026-08-20,4,1,sweetness,,1
R18147,H01242,B03,,2026-08-20,3,1,,taste,1
R18148,H01268,B46,,2026-08-20,2,0,,packaging,0
R18149,H01318,B08,,2026-08-20,5,0,jar size,,0
R18150,H01541,B15,,2026-08-20,3,0,taste,,0
R18151,H01972,B32,,2026-08-20,5,1,design,usefulness,1
R18152,H02001,B10,,2026-08-20,4,0,ingredients,,1
R18153,H02081,B38,,2026-08-20,3,1,,ingredients,1
R18154,H02108,B12,,2026-08-20,3,1,fizz,,0
R18155,H02135,B40,,2026-08-20,3,1,aftertaste,,1
R18156,H02150,B02,,2026-08-20,4,1,seasoning,saltiness,1
R18157,H02272,B49,,2026-08-20,3,0,,sweetness,0
R18158,H02309,B13,,2026-08-20,3,0,taste,,0
R18159,H02332,B38,,2026-08-20,5,1,taste,,1
R18160,H02718,B22,,2026-08-20,2,0,,ingredients,0
R18161,H02828,B08,,2026-08-20,2,0,,versatility,0
R18162,H03085,B47,,2026-08-20,3,0,sweetness,,0
R18163,H03138,B40,,2026-08-20,2,0,,aftertaste,0
R18164,H03157,B12,,2026-08-20,3,1,aftertaste,,0
R18165,H03281,B42,,2026-08-20,4,1,strength,,0
R18166,H03295,B39,,2026-08-20,2,0,,price,0
R18167,H03561,B09,,2026-08-20,3,0,,sweetness,1
R18168,H03641,B13,,2026-08-20,5,1,price,taste,1
R18169,H03747,B17,,2026-08-20,2,0,,aftertaste,0
R18170,H03778,B45,,2026-08-20,3,0,sweetness,,0
R18171,H04011,B32,,2026-08-20,3,1,,usefulness,0
R18172,H04254,B09,,2026-08-20,2,0,ingredients,sweetness,0
R18173,H04380,B23,,2026-08-20,4,0,sweetness,,0
R18174,H04384,B14,,2026-08-20,5,0,aftertaste,,1
R18175,H04503,B12,,2026-08-20,3,0,,price,0
R18176,H04753,B08,,2026-08-20,3,0,jar size,,0
R18177,H00204,B21,,2026-08-21,5,1,packaging,,1
R18178,H00276,B45,,2026-08-21,2,0,,refreshing,0
R18179,H00377,B21,,2026-08-21,3,1,taste,,0
R18180,H00453,B39,,2026-08-21,3,0,price,,1
R18181,H00540,B36,,2026-08-21,4,1,saltiness,,1
R18182,H00806,B12,,2026-08-21,3,1,,sweetness,0
R18183,H00858,B08,,2026-08-21,2,0,,versatility,0
R18184,H01037,B22,,2026-08-21,3,0,texture,,0
R18185,H01044,B30,,2026-08-21,4,1,price,,0
R18186,H01175,B08,,2026-08-21,2,0,versatility,price,0
R18187,H01190,B39,,2026-08-21,5,1,versatility,,1
R18188,H01369,B36,,2026-08-21,3,0,,portion size,0
R18189,H01416,B10,,2026-08-21,5,1,packaging,,1
R18190,H01448,B46,,2026-08-21,2,0,,packaging,0
R18191,H01519,B19,,2026-08-21,3,0,,versatility,1
R18192,H01612,B43,,2026-08-21,5,1,aftertaste,,0
R18193,H01681,B06,,2026-08-21,5,1,texture,price,1
R18194,H01777,B39,,2026-08-21,4,0,versatility,,0
R18195,H01833,B29,,2026-08-21,4,1,price,energy boost,1
R18196,H01944,B42,,2026-08-21,2,0,,taste,0
R18197,H02058,B19,,2026-08-21,3,0,,heat,0
R18198,H02069,B16,,2026-08-21,3,0,,aftertaste,0
R18199,H02084,B16,,2026-08-21,4,1,aftertaste,,0
R18200,H02204,B49,,2026-08-21,4,1,taste,,0
R18201,H02304,B05,,2026-08-21,3,0,portion size,,0
R18202,H02466,B19,,2026-08-21,3,1,,texture,0
R18203,H02514,B27,,2026-08-21,4,1,jar size,price,1
R18204,H02654,B22,,2026-08-21,5,1,packaging,,0
R18205,H02878,B20,,2026-08-21,3,1,,price,1
R18206,H02924,B47,,2026-08-21,5,1,packaging,,1
R18207,H02979,B19,,2026-08-21,4,1,texture,,1
R18208,H03301,B08,,2026-08-21,4,0,price,versatility,0
R18209,H03311,B09,,2026-08-21,2,0,price,taste,0
R18210,H03350,B49,,2026-08-21,5,1,ingredients,,1
R18211,H03568,B22,,2026-08-21,4,1,ingredients,,1
R18212,H03669,B29,,2026-08-21,2,0,,price,0
R18213,H04116,B33,,2026-08-21,2,0,,aftertaste,0
R18214,H04210,B42,,2026-08-21,4,1,ingredients,,0
R18215,H04275,B37,,2026-08-21,3,1,,packaging,1
R18216,H04278,B32,,2026-08-21,3,0,build quality,,0
R18217,H04384,B29,,2026-08-21,4,1,texture,,1
R18218,H04429,B22,,2026-08-21,5,1,sweetness,,1
R18219,H04516,B14,,2026-08-21,4,0,aftertaste,,0
R18220,H04743,B24,,2026-08-21,4,1,packaging,,1
R18221,H00168,B41,,2026-08-22,3,0,,price,1
R18222,H00180,B06,,2026-08-22,2,0,,taste,0
R18223,H00400,B42,,2026-08-22,3,0,,strength,0
R18224,H00451,B33,,2026-08-22,3,1,fizz,,0
R18225,H00502,B19,,2026-08-22,5,1,texture,,0
R18226,H00627,B48,,2026-08-22,4,1,saltiness,portion size,0
R18227,H00695,B12,,2026-08-22,3,1,,aftertaste,0
R18228,H00730,B42,,2026-08-22,4,1,taste,,1
R18229,H00760,B35,,2026-08-22,2,0,,taste,0
R18230,H00822,B43,,2026-08-22,3,0,price,,0
R18231,H00889,B16,,2026-08-22,3,1,fizz,,0
R18232,H01023,B31,,2026-08-22,4,0,jar size,heat,0
R18233,H01082,B44,,2026-08-22,2,0,,aftertaste,0
R18234,H01089,B24,,2026-08-22,4,1,price,,0
R18235,H01150,B37,,2026-08-22,3,0,price,,1
R18236,H01286,B32,,2026-08-22,2,0,,design,1
R18237,H01431,B41,,2026-08-22,5,1,price,,1
R18238,H01553,B20,,2026-08-22,4,1,refreshing,taste,1
R18239,H01910,B37,,2026-08-22,3,1,packaging,,0
R18240,H02132,B21,,2026-08-22,4,1,fizz,,1
R18241,H02282,B24,,2026-08-22,4,1,packaging,,0
R18242,H02323,B25,,2026-08-22,4,0,packaging,,0
R18243,H02587,B47,,2026-08-22,2,0,,price,0
R18244,H02639,B05,,2026-08-22,2,0,portion size,price,0
R18245,H02700,B24,,2026-08-22,2,1,,strength,0
R18246,H02935,B38,,2026-08-22,2,0,,sweetness,0
R18247,H02986,B16,,2026-08-22,4,0,taste,,0
R18248,H03220,B40,,2026-08-22,4,0,price,,0
R18249,H03432,B41,,2026-08-22,2,0,,price,0
R18250,H03529,B32,,2026-08-22,4,1,build quality,design,1
R18251,H03540,B34,,2026-08-22,4,1,packaging,,0
R18252,H03620,B39,,2026-08-22,2,0,price,texture,0
R18253,H03695,B45,,2026-08-22,2,0,,taste,0
R18254,H03761,B12,,2026-08-22,4,1,sweetness,refreshing,0
R18255,H03809,B17,,2026-08-22,2,0,,fizz,1
R18256,H03965,B17,,2026-08-22,1,0,fizz,sweetness,0
R18257,H03977,B48,,2026-08-22,4,0,saltiness,crunch,1
R18258,H04078,B43,,2026-08-22,3,1,,fizz,0
R18259,H04125,B23,,2026-08-22,3,0,taste,,0
R18260,H04159,B14,,2026-08-22,2,0,,aftertaste,0
R18261,H04182,B13,,2026-08-22,5,1,refreshing,sweetness,1
R18262,H04337,B07,,2026-08-22,2,0,,flavour depth,0
R18263,H04434,B41,,2026-08-22,2,0,,portion size,0
R18264,H04498,B43,,2026-08-22,3,0,aftertaste,,0
R18265,H04632,B15,,2026-08-22,5,1,aftertaste,taste,1
R18266,H04640,B21,,2026-08-22,3,0,,packaging,0
R18267,H04681,B17,,2026-08-22,2,0,,fizz,1
R18268,H04731,B30,,2026-08-22,1,0,,jar size,0
R18269,H00007,B45,,2026-08-23,3,0,,fizz,0
R18270,H00028,B14,,2026-08-23,4,0,fizz,,1
R18271,H00247,B22,,2026-08-23,3,1,,ingredients,0
R18272,H00420,B09,,2026-08-23,3,1,sweetness,,0
R18273,H00756,B21,,2026-08-23,4,0,taste,,1
R18274,H00816,B23,,2026-08-23,5,0,sweetness,,1
R18275,H00830,B41,,2026-08-23,5,1,crunch,price,0
R18276,H00866,B24,,2026-08-23,3,0,strength,,0
R18277,H00866,B29,,2026-08-23,3,1,,texture,0
R18278,H01045,B15,,2026-08-23,3,0,fizz,,0
R18279,H01119,B46,,2026-08-23,2,0,,price,0
R18280,H01456,B16,,2026-08-23,4,1,taste,packaging,0
R18281,H01463,B23,,2026-08-23,4,1,sweetness,,1
R18282,H01616,B09,,2026-08-23,5,1,sweetness,,1
R18283,H01691,B12,,2026-08-23,4,1,refreshing,,1
R18284,H01695,B48,,2026-08-23,2,0,,portion size,0
R18285,H01727,B21,,2026-08-23,4,1,taste,,0
R18286,H01927,B47,,2026-08-23,4,1,texture,ingredients,0
R18287,H02001,B05,,2026-08-23,2,1,,crunch,0
R18288,H02064,B16,,2026-08-23,4,1,price,,1
R18289,H02164,B32,,2026-08-23,4,0,usefulness,,0
R18290,H02180,B24,,2026-08-23,5,1,taste,,1
R18291,H02327,B46,,2026-08-23,5,1,price,,0
R18292,H02494,B10,,2026-08-23,3,1,,packaging,0
R18293,H02496,B15,,2026-08-23,2,0,,refreshing,1
R18294,H02693,B01,,2026-08-23,4,1,saltiness,,0
R18295,H03053,B39,,2026-08-23,5,1,versatility,,1
R18296,H03175,B07,,2026-08-23,3,0,,texture,1
R18297,H03347,B36,,2026-08-23,2,0,,price,0
R18298,H03597,B22,,2026-08-23,5,1,texture,,0
R18299,H03619,B34,,2026-08-23,3,0,ingredients,,0
R18300,H03652,B03,,2026-08-23,2,0,,price,0
R18301,H03665,B15,,2026-08-23,4,1,aftertaste,,1
R18302,H03693,B41,,2026-08-23,5,1,seasoning,,1
R18303,H03734,B02,,2026-08-23,3,0,,crunch,0
R18304,H03780,B22,,2026-08-23,3,0,price,,1
R18305,H03791,B25,,2026-08-23,4,1,price,,1
R18306,H03846,B01,,2026-08-23,5,1,price,,0
R18307,H04009,B08,,2026-08-23,4,1,heat,,1
R18308,H04052,B16,,2026-08-23,3,1,fizz,,1
R18309,H04065,B39,,2026-08-23,5,1,heat,,1
R18310,H04114,B49,,2026-08-23,4,1,sweetness,,1
R18311,H04412,B32,,2026-08-23,3,0,build quality,,0
R18312,H04579,B46,,2026-08-23,3,1,aftertaste,,0
R18313,H00001,B09,,2026-08-24,2,0,,taste,0
R18314,H00064,B26,,2026-08-24,4,1,packaging,,0
R18315,H00356,B10,,2026-08-24,3,1,,packaging,1
R18316,H00387,B15,,2026-08-24,2,0,,price,0
R18317,H00483,B19,,2026-08-24,5,1,jar size,,0
R18318,H00648,B45,,2026-08-24,1,0,,fizz,0
R18319,H00667,B06,,2026-08-24,5,1,sweetness,,1
R18320,H00783,B21,,2026-08-24,5,1,packaging,,0
R18321,H00856,B18,,2026-08-24,5,1,aftertaste,,1
R18322,H01339,B21,,2026-08-24,3,0,,aftertaste,0
R18323,H01436,B45,,2026-08-24,3,0,,refreshing,0
R18324,H01857,B45,,2026-08-24,3,1,,price,0
R18325,H02061,B39,,2026-08-24,4,1,versatility,,0
R18326,H02103,B30,,2026-08-24,4,1,jar size,,1
R18327,H02202,B16,,2026-08-24,3,0,,fizz,1
R18328,H02232,B39,,2026-08-24,5,1,texture,,1
R18329,H02321,B41,,2026-08-24,3,0,crunch,,0
R18330,H02400,B05,,2026-08-24,3,0,price,,0
R18331,H02761,B13,,2026-08-24,5,1,sweetness,,1
R18332,H02830,B04,,2026-08-24,3,0,,seasoning,0
R18333,H02888,B04,,2026-08-24,4,0,seasoning,,1
R18334,H02950,B22,,2026-08-24,4,1,sweetness,,1
R18335,H03079,B23,,2026-08-24,2,0,,ingredients,0
R18336,H03303,B03,,2026-08-24,5,1,texture,portability,1
R18337,H03337,B18,,2026-08-24,1,0,packaging,price,0
R18338,H03483,B13,,2026-08-24,3,0,,refreshing,0
R18339,H03604,B22,,2026-08-24,5,1,ingredients,,0
R18340,H03681,B39,,2026-08-24,3,0,flavour depth,,0
R18341,H03833,B10,,2026-08-24,3,0,,price,0
R18342,H03901,B42,,2026-08-24,4,1,strength,,1
R18343,H04098,B04,,2026-08-24,3,0,,crunch,1
R18344,H04456,B24,,2026-08-24,2,0,,strength,0
R18345,H04473,B46,,2026-08-24,5,1,taste,,1
R18346,H04611,B01,,2026-08-24,5,1,saltiness,,1
R18347,H04656,B23,,2026-08-24,4,0,taste,,1
R18348,H04737,B18,,2026-08-24,2,0,,taste,1
R18349,H04773,B11,,2026-08-24,5,1,packaging,,1
R18350,H00368,B32,,2026-08-25,4,1,size,,1
R18351,H00371,B14,,2026-08-25,2,0,,packaging,0
R18352,H00591,B24,,2026-08-25,5,1,strength,taste,1
R18353,H00637,B46,,2026-08-25,5,1,sweetness,price,0
R18354,H01094,B38,,2026-08-25,3,1,,taste,0
R18355,H01141,B35,,2026-08-25,3,0,,energy boost,1
R18356,H01155,B07,,2026-08-25,5,1,texture,,0
R18357,H01343,B12,,2026-08-25,3,1,fizz,,0
R18358,H01427,B39,,2026-08-25,5,1,versatility,,1
R18359,H01511,B34,,2026-08-25,5,1,taste,,1
R18360,H01806,B42,,2026-08-25,3,1,aroma,,0
R18361,H01990,B13,,2026-08-25,5,1,price,,0
R18362,H02077,B18,,2026-08-25,2,1,,price,0
R18363,H02182,B31,,2026-08-25,4,1,jar size,price,1
R18364,H02490,B40,,2026-08-25,4,0,aftertaste,,0
R18365,H02558,B24,,2026-08-25,1,0,,ingredients,0
R18366,H02611,B21,,2026-08-25,5,1,packaging,,1
R18367,H02663,B41,,2026-08-25,2,0,,price,0
R18368,H03016,B15,,2026-08-25,4,0,refreshing,,0
R18369,H03051,B41,,2026-08-25,5,1,crunch,,0
R18370,H03083,B21,,2026-08-25,2,1,,taste,0
R18371,H03207,B41,,2026-08-25,4,1,price,,1
R18372,H03468,B35,,2026-08-25,2,0,,ingredients,0
R18373,H03615,B14,,2026-08-25,4,0,fizz,,0
R18374,H04111,B46,,2026-08-25,5,1,refreshing,,1
R18375,H04126,B35,,2026-08-25,2,0,taste,price,0
R18376,H04137,B15,,2026-08-25,5,1,refreshing,sweetness,1
R18377,H04448,B02,,2026-08-25,1,0,,portion size,0
R18378,H04461,B25,,2026-08-25,2,0,,crunch,0
R18379,H04560,B37,,2026-08-25,3,0,texture,,1
R18380,H04645,B43,,2026-08-25,5,1,price,,0
R18381,H00037,B08,,2026-08-26,5,1,versatility,,1
R18382,H00258,B39,,2026-08-26,2,0,,texture,0
R18383,H00400,B40,,2026-08-26,3,1,sweetness,,1
R18384,H00401,B08,,2026-08-26,4,1,heat,,1
R18385,H00770,B19,,2026-08-26,5,1,jar size,,0
R18386,H00820,B34,,2026-08-26,3,1,,aroma,0
R18387,H00912,B01,,2026-08-26,4,1,portion size,,1
R18388,H00985,B43,,2026-08-26,5,1,refreshing,,1
R18389,H01235,B12,,2026-08-26,3,0,aftertaste,,0
R18390,H01522,B17,,2026-08-26,4,1,aftertaste,,0
R18391,H01750,B36,,2026-08-26,3,1,,portion size,0
R18392,H02232,B22,,2026-08-26,5,1,packaging,,1
R18393,H02293,B40,,2026-08-26,3,0,,aftertaste,0
R18394,H02369,B39,,2026-08-26,3,1,heat,,0
R18395,H02525,B32,,2026-08-26,4,0,design,,1
R18396,H02889,B13,,2026-08-26,1,0,,sweetness,0
R18397,H02931,B15,,2026-08-26,4,1,aftertaste,,1
R18398,H02948,B41,,2026-08-26,5,1,seasoning,,1
R18399,H03008,B45,,2026-08-26,4,1,price,,1
R18400,H03046,B14,,2026-08-26,5,1,taste,,1
R18401,H03123,B36,,2026-08-26,4,1,packaging,crunch,0
R18402,H03303,B14,,2026-08-26,5,1,sweetness,,1
R18403,H03364,B31,,2026-08-26,5,1,versatility,,1
R18404,H03454,B22,,2026-08-26,4,1,ingredients,,0
R18405,H03501,B41,,2026-08-26,4,1,packaging,crunch,0
R18406,H03665,B23,,2026-08-26,2,0,,texture,0
R18407,H03813,B32,,2026-08-26,3,1,usefulness,,0
R18408,H03884,B18,,2026-08-26,3,0,taste,,0
R18409,H04068,B29,,2026-08-26,3,0,taste,,0
R18410,H04298,B35,,2026-08-26,2,0,,texture,0
R18411,H04307,B49,,2026-08-26,5,1,texture,,1
R18412,H04663,B31,,2026-08-26,4,1,flavour depth,price,0
R18413,H00104,B19,,2026-08-27,3,1,,flavour depth,0
R18414,H00195,B43,,2026-08-27,5,1,price,,0
R18415,H00421,B22,,2026-08-27,2,0,texture,taste,0
R18416,H00423,B46,,2026-08-27,4,1,packaging,,0
R18417,H00650,B31,,2026-08-27,5,1,jar size,,0
R18418,H00792,B15,,2026-08-27,3,0,,price,0
R18419,H00803,B05,,2026-08-27,2,0,,portion size,0
R18420,H00809,B41,,2026-08-27,3,0,crunch,,0
R18421,H00896,B47,,2026-08-27,5,1,texture,,1
R18422,H00977,B46,,2026-08-27,5,1,sweetness,,0
R18423,H01287,B34,,2026-08-27,4,0,packaging,,0
R18424,H01580,B21,,2026-08-27,5,1,fizz,,1
R18425,H01832,B47,,2026-08-27,3,0,ingredients,,0
R18426,H01838,B13,,2026-08-27,4,1,packaging,aftertaste,0
R18427,H02055,B43,,2026-08-27,4,1,aftertaste,,1
R18428,H02068,B26,,2026-08-27,3,0,,seasoning,0
R18429,H02202,B39,,2026-08-27,3,1,,versatility,0
R18430,H02271,B22,,2026-08-27,2,0,,price,0
R18431,H02333,B37,,2026-08-27,3,1,taste,,1
R18432,H02399,B44,,2026-08-27,4,0,taste,,1
R18433,H02499,B36,,2026-08-27,1,0,,seasoning,0
R18434,H02504,B30,,2026-08-27,1,0,,price,0
R18435,H02543,B17,,2026-08-27,2,0,,fizz,0
R18436,H02590,B27,,2026-08-27,4,1,price,,0
R18437,H02683,B05,,2026-08-27,2,0,,crunch,0
R18438,H02720,B32,,2026-08-27,3,1,build quality,,0
R18439,H02746,B47,,2026-08-27,4,1,ingredients,packaging,0
R18440,H02776,B25,,2026-08-27,3,0,,seasoning,0
R18441,H02804,B15,,2026-08-27,3,1,price,,0
R18442,H02905,B41,,2026-08-27,4,1,saltiness,price,0
R18443,H02909,B35,,2026-08-27,3,0,portability,,1
R18444,H02915,B05,,2026-08-27,3,0,,crunch,0
R18445,H03057,B31,,2026-08-27,4,0,texture,heat,0
R18446,H03482,B01,,2026-08-27,4,1,saltiness,,0
R18447,H03592,B21,,2026-08-27,4,1,packaging,,0
R18448,H03608,B15,,2026-08-27,3,0,price,,1
R18449,H03624,B36,,2026-08-27,4,1,packaging,,1
R18450,H03690,B15,,2026-08-27,2,0,,aftertaste,0
R18451,H03691,B43,,2026-08-27,4,1,sweetness,,0
R18452,H03720,B48,,2026-08-27,4,1,price,,1
R18453,H03777,B27,,2026-08-27,3,0,,price,0
R18454,H03787,B24,,2026-08-27,5,1,aroma,,1
R18455,H03929,B05,,2026-08-27,2,0,portion size,crunch,0
R18456,H04139,B23,,2026-08-27,3,1,,price,1
R18457,H04252,B07,,2026-08-27,4,1,texture,versatility,0
R18458,H04260,B31,,2026-08-27,2,0,,jar size,0
R18459,H04330,B06,,2026-08-27,5,1,taste,,1
R18460,H04369,B45,,2026-08-27,3,0,,fizz,0
R18461,H04690,B39,,2026-08-27,5,1,versatility,flavour depth,1
R18462,H04699,B46,,2026-08-27,5,1,packaging,,1
R18463,H04757,B11,,2026-08-27,3,0,fizz,,0
R18464,H00182,B43,,2026-08-28,3,1,refreshing,,0
R18465,H00219,B18,,2026-08-28,3,1,,taste,0
R18466,H00231,B48,,2026-08-28,3,0,packaging,,0
R18467,H00512,B02,,2026-08-28,2,0,,saltiness,0
R18468,H00792,B07,,2026-08-28,3,0,jar size,,0
R18469,H00847,B16,,2026-08-28,2,0,,aftertaste,0
R18470,H01336,B45,,2026-08-28,3,1,taste,,0
R18471,H01340,B22,,2026-08-28,4,1,price,,0
R18472,H01418,B27,,2026-08-28,4,0,texture,,0
R18473,H01540,B25,,2026-08-28,1,0,seasoning,saltiness,0
R18474,H01615,B31,,2026-08-28,3,0,,flavour depth,0
R18475,H01632,B22,,2026-08-28,4,1,taste,,1
R18476,H01718,B25,,2026-08-28,1,0,,price,0
R18477,H01786,B48,,2026-08-28,3,1,saltiness,,0
R18478,H02045,B46,,2026-08-28,2,0,,sweetness,0
R18479,H02154,B48,,2026-08-28,3,0,,portion size,0
R18480,H02171,B28,,2026-08-28,3,0,,texture,0
R18481,H02519,B26,,2026-08-28,4,1,seasoning,,0
R18482,H02617,B20,,2026-08-28,5,1,taste,aftertaste,0
R18483,H02726,B09,,2026-08-28,3,0,price,,0
R18484,H02940,B17,,2026-08-28,2,0,,sweetness,0
R18485,H03048,B44,,2026-08-28,1,0,,taste,0
R18486,H03057,B01,,2026-08-28,4,1,portion size,,0
R18487,H03406,B27,,2026-08-28,4,1,price,texture,0
R18488,H03430,B32,,2026-08-28,3,0,,design,0
R18489,H03575,B39,,2026-08-28,5,1,price,texture,1
R18490,H03579,B43,,2026-08-28,4,1,aftertaste,,1
R18491,H03620,B27,,2026-08-28,5,1,jar size,,1
R18492,H03700,B28,,2026-08-28,3,0,energy boost,,0
R18493,H03715,B02,,2026-08-28,4,1,seasoning,,0
R18494,H03863,B11,,2026-08-28,4,0,aftertaste,,1
R18495,H04076,B34,,2026-08-28,5,1,packaging,taste,1
R18496,H04084,B46,,2026-08-28,2,0,,sweetness,0
R18497,H04145,B45,,2026-08-28,2,0,,aftertaste,0
R18498,H04324,B07,,2026-08-28,2,0,,flavour depth,0
R18499,H04345,B22,,2026-08-28,2,0,,ingredients,0
R18500,H04557,B44,,2026-08-28,3,0,taste,,0
R18501,H04747,B27,,2026-08-28,5,1,jar size,texture,1
R18502,H00082,B29,,2026-08-29,3,0,,portability,0
R18503,H00203,B46,,2026-08-29,2,0,,aftertaste,0
R18504,H00333,B10,,2026-08-29,4,1,aroma,taste,0
R18505,H00467,B06,,2026-08-29,5,1,ingredients,,1
R18506,H00528,B43,,2026-08-29,4,1,taste,,1
R18507,H00631,B36,,2026-08-29,3,0,price,,0
R18508,H00742,B41,,2026-08-29,4,1,crunch,,0
R18509,H00855,B26,,2026-08-29,3,0,portion size,,1
R18510,H00925,B22,,2026-08-29,3,0,taste,,0
R18511,H01122,B15,,2026-08-29,3,0,price,,0
R18512,H01293,B25,,2026-08-29,3,0,,packaging,0
R18513,H01455,B46,,2026-08-29,4,0,price,,0
R18514,H01575,B13,,2026-08-29,4,0,aftertaste,sweetness,1
R18515,H01632,B14,,2026-08-29,2,0,,refreshing,0
R18516,H01731,B05,,2026-08-29,3,0,,packaging,0
R18517,H01743,B38,,2026-08-29,4,1,price,,1
R18518,H01939,B13,,2026-08-29,1,0,,taste,0
R18519,H02174,B41,,2026-08-29,3,0,,crunch,0
R18520,H02227,B44,,2026-08-29,3,1,packaging,,0
R18521,H02539,B18,,2026-08-29,3,0,aftertaste,,0
R18522,H02610,B20,,2026-08-29,2,0,,taste,0
R18523,H02611,B16,,2026-08-29,4,1,fizz,packaging,1
R18524,H02747,B36,,2026-08-29,3,0,saltiness,,0
R18525,H02824,B44,,2026-08-29,3,1,refreshing,,0
R18526,H02825,B25,,2026-08-29,3,1,saltiness,,0
R18527,H02946,B19,,2026-08-29,5,1,price,,1
R18528,H03030,B17,,2026-08-29,1,0,,price,0
R18529,H03047,B03,,2026-08-29,3,0,,ingredients,0
R18530,H03064,B21,,2026-08-29,5,1,price,,1
R18531,H03224,B19,,2026-08-29,5,1,flavour depth,,1
R18532,H03270,B17,,2026-08-29,3,1,,price,1
R18533,H03677,B24,,2026-08-29,4,1,aroma,strength,0
R18534,H03707,B14,,2026-08-29,3,1,fizz,,0
R18535,H03964,B24,,2026-08-29,4,0,aroma,,0
R18536,H03981,B48,,2026-08-29,4,1,price,,1
R18537,H03981,B44,,2026-08-29,3,0,,taste,0
R18538,H04073,B06,,2026-08-29,4,1,packaging,,1
R18539,H04096,B23,,2026-08-29,2,0,,packaging,0
R18540,H04253,B41,,2026-08-29,5,1,price,saltiness,1
R18541,H04361,B45,,2026-08-29,4,1,fizz,,1
R18542,H04516,B48,,2026-08-29,3,0,packaging,,0
R18543,H04677,B42,,2026-08-29,4,1,taste,,1
R18544,H04779,B36,,2026-08-29,3,1,seasoning,,0
R18545,H00451,B16,,2026-08-30,4,1,aftertaste,packaging,0
R18546,H00516,B44,,2026-08-30,3,0,refreshing,,0
R18547,H00820,B33,,2026-08-30,3,1,,taste,0
R18548,H00907,B07,,2026-08-30,2,0,,heat,0
R18549,H00938,B19,,2026-08-30,5,1,price,,1
R18550,H01105,B19,,2026-08-30,4,1,flavour depth,,0
R18551,H01461,B27,,2026-08-30,2,0,,texture,0
R18552,H01485,B44,,2026-08-30,2,0,,sweetness,0
R18553,H01498,B04,,2026-08-30,3,1,portion size,,0
R18554,H01573,B09,,2026-08-30,5,1,taste,,1
R18555,H01577,B49,,2026-08-30,4,0,texture,,1
R18556,H01805,B16,,2026-08-30,2,1,packaging,price,1
R18557,H01812,B21,,2026-08-30,4,1,aftertaste,fizz,0
R18558,H01877,B19,,2026-08-30,3,1,flavour depth,,0
R18559,H02134,B38,,2026-08-30,3,0,texture,,0
R18560,H02203,B38,,2026-08-30,3,0,sweetness,,0
R18561,H02316,B19,,2026-08-30,5,1,texture,,0
R18562,H02575,B49,,2026-08-30,4,0,ingredients,,0
R18563,H02801,B27,,2026-08-30,4,1,jar size,,1
R18564,H02815,B33,,2026-08-30,2,0,,price,0
R18565,H02846,B10,,2026-08-30,3,0,,ingredients,0
R18566,H02997,B44,,2026-08-30,4,1,sweetness,,1
R18567,H03002,B20,,2026-08-30,2,0,,price,0
R18568,H03056,B03,,2026-08-30,4,1,energy boost,,1
R18569,H03112,B22,,2026-08-30,2,0,packaging,taste,0
R18570,H03167,B24,,2026-08-30,4,1,strength,,1
R18571,H03172,B47,,2026-08-30,3,0,,price,0
R18572,H03250,B14,,2026-08-30,4,1,packaging,,0
R18573,H03426,B23,,2026-08-30,4,0,taste,price,1
R18574,H03796,B14,,2026-08-30,4,1,price,,0
R18575,H04087,B14,,2026-08-30,3,0,,aftertaste,0
R18576,H04160,B08,,2026-08-30,4,1,flavour depth,,0
R18577,H04553,B34,,2026-08-30,4,1,strength,,0
R18578,H04598,B05,,2026-08-30,3,0,,crunch,0
R18579,H04723,B47,,2026-08-30,2,1,,ingredients,0
R18580,H04797,B29,,2026-08-30,2,0,,ingredients,0
R18581,H00102,B14,,2026-08-31,5,1,refreshing,,1
R18582,H00302,B23,,2026-08-31,4,1,packaging,,0
R18583,H00357,B19,,2026-08-31,2,0,,versatility,0
R18584,H00584,B33,,2026-08-31,5,1,fizz,,1
R18585,H00796,B17,,2026-08-31,5,1,refreshing,price,1
R18586,H00935,B18,,2026-08-31,4,1,price,taste,1
R18587,H01019,B44,,2026-08-31,4,1,packaging,,0
R18588,H01058,B35,,2026-08-31,2,0,,texture,0
R18589,H01170,B36,,2026-08-31,2,0,,portion size,0
R18590,H01295,B30,,2026-08-31,4,1,heat,,1
R18591,H01368,B37,,2026-08-31,1,0,,packaging,1
R18592,H01542,B31,,2026-08-31,3,0,versatility,,0
R18593,H01567,B21,,2026-08-31,3,0,,taste,1
R18594,H01604,B27,,2026-08-31,3,0,,heat,0
R18595,H01786,B12,,2026-08-31,4,1,sweetness,,0
R18596,H02232,B32,,2026-08-31,4,0,price,,1
R18597,H02274,B01,,2026-08-31,3,0,portion size,,1
R18598,H02576,B28,,2026-08-31,1,1,ingredients,taste,0
R18599,H02675,B31,,2026-08-31,2,0,,price,0
R18600,H02955,B43,,2026-08-31,3,1,,price,0
R18601,H02987,B03,,2026-08-31,3,0,energy boost,,1
R18602,H03044,B33,,2026-08-31,4,1,taste,,1
R18603,H03322,B08,,2026-08-31,5,0,flavour depth,,1
R18604,H03385,B46,,2026-08-31,4,1,fizz,sweetness,1
R18605,H03639,B38,,2026-08-31,3,1,sweetness,,0
R18606,H03713,B16,,2026-08-31,4,0,taste,,0
R18607,H03775,B28,,2026-08-31,3,0,texture,,0
R18608,H03804,B07,,2026-08-31,3,0,,versatility,0
R18609,H03868,B37,,2026-08-31,2,0,,taste,0
R18610,H03942,B25,,2026-08-31,1,0,saltiness,crunch,0
R18611,H04159,B10,,2026-08-31,4,1,packaging,,1
R18612,H04345,B21,,2026-08-31,5,1,aftertaste,refreshing,1
R18613,H04579,B16,,2026-08-31,4,0,sweetness,,0
R18614,H04687,B45,,2026-08-31,4,1,refreshing,,1
R18615,H04783,B18,,2026-08-31,4,1,aftertaste,fizz,1
R18616,H04790,B34,,2026-08-31,5,1,strength,,0
R18617,H04793,B34,,2026-08-31,4,0,strength,,0
R18618,H04803,B33,,2026-08-31,5,1,fizz,,1
R18619,H00010,B28,,2026-09-01,4,1,portability,,0
R18620,H00382,B34,,2026-09-01,3,0,aroma,,0
R18621,H00485,B07,,2026-09-01,3,1,,price,1
R18622,H00555,B07,,2026-09-01,5,0,flavour depth,,1
R18623,H00570,B09,,2026-09-01,3,1,,price,0
R18624,H00737,B43,,2026-09-01,5,1,aftertaste,,1
R18625,H00819,B45,,2026-09-01,3,1,,taste,0
R18626,H01266,B34,,2026-09-01,4,1,price,,0
R18627,H01335,B29,,2026-09-01,3,0,,texture,0
R18628,H01364,B36,,2026-09-01,3,0,seasoning,,1
R18629,H01393,B27,,2026-09-01,5,1,price,,1
R18630,H01503,B35,,2026-09-01,2,0,,price,1
R18631,H01569,B24,,2026-09-01,3,1,,packaging,0
R18632,H01605,B04,,2026-09-01,3,0,saltiness,,0
R18633,H01727,B19,,2026-09-01,4,1,flavour depth,,1
R18634,H01995,B12,,2026-09-01,4,0,sweetness,,1
R18635,H02188,B38,,2026-09-01,4,1,texture,,0
R18636,H02226,B39,,2026-09-01,5,1,heat,,1
R18637,H02323,B09,,2026-09-01,4,1,ingredients,,1
R18638,H02563,B30,,2026-09-01,3,0,,versatility,0
R18639,H02843,B46,,2026-09-01,4,1,fizz,,1
R18640,H02879,B46,,2026-09-01,5,1,refreshing,,1
R18641,H02885,B12,,2026-09-01,4,1,fizz,,1
R18642,H03034,B11,,2026-09-01,4,1,sweetness,fizz,1
R18643,H03036,B21,,2026-09-01,4,1,fizz,taste,0
R18644,H03037,B10,,2026-09-01,4,1,aroma,packaging,0
R18645,H03155,B30,,2026-09-01,4,1,versatility,,1
R18646,H03307,B49,,2026-09-01,5,0,taste,ingredients,0
R18647,H03426,B40,,2026-09-01,4,0,sweetness,,1
R18648,H03453,B22,,2026-09-01,2,1,,texture,0
R18649,H03460,B08,,2026-09-01,3,0,flavour depth,,0
R18650,H03543,B11,,2026-09-01,3,0,,sweetness,1
R18651,H03558,B43,,2026-09-01,5,1,packaging,sweetness,0
R18652,H03564,B18,,2026-09-01,4,1,taste,,0
R18653,H03635,B12,,2026-09-01,3,0,taste,,1
R18654,H03668,B12,,2026-09-01,3,1,,packaging,0
R18655,H03738,B23,,2026-09-01,2,0,,price,0
R18656,H03791,B02,,2026-09-01,5,1,seasoning,,1
R18657,H03843,B33,,2026-09-01,3,1,sweetness,,0
R18658,H04242,B06,,2026-09-01,2,1,,sweetness,0
R18659,H04360,B36,,2026-09-01,4,1,crunch,,1
R18660,H04367,B09,,2026-09-01,2,1,,sweetness,0
R18661,H04423,B13,,2026-09-01,5,1,aftertaste,fizz,1
R18662,H04529,B30,,2026-09-01,3,1,versatility,,0
R18663,H04581,B38,,2026-09-01,5,1,taste,,1
R18664,H04718,B01,,2026-09-01,4,1,seasoning,,0
R18665,H04788,B21,,2026-09-01,2,0,,fizz,0
R18666,H04793,B48,,2026-09-01,4,1,saltiness,,1
R18667,H00015,B25,,2026-09-02,5,1,packaging,portion size,1
R18668,H00024,B21,,2026-09-02,5,1,price,,1
R18669,H00170,B21,,2026-09-02,2,0,aftertaste,fizz,0
R18670,H00334,B44,,2026-09-02,3,1,taste,,0
R18671,H00530,B27,,2026-09-02,4,1,price,,0
R18672,H00544,B35,,2026-09-02,3,0,taste,,0
R18673,H00619,B36,,2026-09-02,3,1,crunch,,0
R18674,H01229,B01,,2026-09-02,4,1,packaging,,0
R18675,H01408,B27,,2026-09-02,3,1,heat,,0
R18676,H01723,B34,,2026-09-02,3,1,price,,0
R18677,H02025,B32,,2026-09-02,4,0,design,,1
R18678,H02235,B28,,2026-09-02,5,1,energy boost,,1
R18679,H02602,B25,,2026-09-02,1,0,,saltiness,0
R18680,H02710,B47,,2026-09-02,3,0,,ingredients,0
R18681,H02831,B13,,2026-09-02,3,1,,packaging,0
R18682,H02961,B01,,2026-09-02,4,0,price,packaging,0
R18683,H03032,B24,,2026-09-02,2,0,,strength,0
R18684,H03060,B29,,2026-09-02,3,0,,energy boost,1
R18685,H03090,B27,,2026-09-02,4,0,texture,versatility,0
R18686,H03157,B25,,2026-09-02,3,1,price,,0
R18687,H03281,B47,,2026-09-02,5,1,ingredients,,1
R18688,H03320,B25,,2026-09-02,2,0,portion size,price,0
R18689,H03342,B15,,2026-09-02,3,0,price,,0
R18690,H03470,B32,,2026-09-02,3,0,,price,0
R18691,H03506,B17,,2026-09-02,3,0,price,,0
R18692,H03544,B15,,2026-09-02,5,1,refreshing,,1
R18693,H03545,B07,,2026-09-02,3,1,price,,0
R18694,H03555,B22,,2026-09-02,3,0,,packaging,0
R18695,H03600,B44,,2026-09-02,3,0,,fizz,0
R18696,H03753,B43,,2026-09-02,4,1,sweetness,,1
R18697,H03807,B02,,2026-09-02,5,1,portion size,,1
R18698,H03873,B35,,2026-09-02,2,0,,energy boost,0
R18699,H03893,B25,,2026-09-02,4,1,packaging,seasoning,1
R18700,H03934,B14,,2026-09-02,3,0,,sweetness,0
R18701,H04148,B38,,2026-09-02,2,0,,taste,0
R18702,H04201,B06,,2026-09-02,4,1,ingredients,sweetness,1
R18703,H04235,B15,,2026-09-02,4,1,aftertaste,,1
R18704,H04407,B31,,2026-09-02,3,1,,heat,0
R18705,H04447,B08,,2026-09-02,4,0,jar size,,0
R18706,H04502,B39,,2026-09-02,5,0,texture,flavour depth,1
R18707,H04504,B06,,2026-09-02,5,0,ingredients,,1
R18708,H04529,B36,,2026-09-02,2,0,crunch,packaging,0
R18709,H00121,B19,,2026-09-03,5,1,versatility,,0
R18710,H00142,B43,,2026-09-03,4,1,refreshing,,0
R18711,H00343,B40,,2026-09-03,3,1,,taste,1
R18712,H00416,B14,,2026-09-03,3,0,taste,,0
R18713,H00564,B24,,2026-09-03,5,1,ingredients,price,1
R18714,H00643,B01,,2026-09-03,5,1,packaging,seasoning,1
R18715,H00833,B05,,2026-09-03,3,1,,crunch,1
R18716,H00860,B31,,2026-09-03,4,0,jar size,,0
R18717,H01059,B14,,2026-09-03,3,0,,refreshing,0
R18718,H01069,B25,,2026-09-03,4,1,seasoning,,1
R18719,H01146,B37,,2026-09-03,3,0,,ingredients,1
R18720,H01191,B29,,2026-09-03,3,0,,taste,0
R18721,H01203,B13,,2026-09-03,2,0,,fizz,0
R18722,H01210,B17,,2026-09-03,5,1,refreshing,,1
R18723,H01236,B14,,2026-09-03,5,1,aftertaste,,1
R18724,H01298,B45,,2026-09-03,4,1,aftertaste,,1
R18725,H01388,B19,,2026-09-03,4,1,price,,1
R18726,H01447,B43,,2026-09-03,3,0,aftertaste,,0
R18727,H01488,B38,,2026-09-03,2,0,,taste,0
R18728,H01539,B19,,2026-09-03,3,1,texture,,0
R18729,H01729,B20,,2026-09-03,2,0,,price,0
R18730,H01737,B15,,2026-09-03,2,0,,sweetness,0
R18731,H01868,B31,,2026-09-03,3,0,,flavour depth,0
R18732,H02022,B15,,2026-09-03,5,1,packaging,,1
R18733,H02193,B19,,2026-09-03,4,1,versatility,heat,0
R18734,H02410,B48,,2026-09-03,5,1,price,,1
R18735,H02432,B40,,2026-09-03,3,1,aftertaste,,0
R18736,H02440,B48,,2026-09-03,3,1,,packaging,0
R18737,H02959,B10,,2026-09-03,3,0,,aroma,0
R18738,H02967,B06,,2026-09-03,3,0,packaging,,0
R18739,H02996,B21,,2026-09-03,4,1,taste,,1
R18740,H03078,B21,,2026-09-03,3,0,sweetness,,0
R18741,H03163,B03,,2026-09-03,2,0,,texture,1
R18742,H03943,B34,,2026-09-03,3,0,,ingredients,0
R18743,H04194,B21,,2026-09-03,2,1,aftertaste,sweetness,0
R18744,H04217,B23,,2026-09-03,2,0,texture,packaging,0
R18745,H04292,B23,,2026-09-03,1,1,,texture,0
R18746,H04332,B03,,2026-09-03,3,0,,texture,0
R18747,H04397,B41,,2026-09-03,3,1,,portion size,0
R18748,H04399,B20,,2026-09-03,5,1,sweetness,,0
R18749,H04631,B38,,2026-09-03,4,0,ingredients,,0
R18750,H04738,B24,,2026-09-03,5,1,price,,1
R18751,H04747,B18,,2026-09-03,3,1,aftertaste,,0
R18752,H00001,B34,,2026-09-04,2,0,,strength,0
R18753,H00400,B16,,2026-09-04,4,1,sweetness,,1
R18754,H00710,B21,,2026-09-04,3,1,packaging,,0
R18755,H00720,B12,,2026-09-04,3,1,price,,0
R18756,H00857,B45,,2026-09-04,2,0,refreshing,sweetness,0
R18757,H01017,B43,,2026-09-04,4,1,sweetness,fizz,0
R18758,H01196,B05,,2026-09-04,4,1,price,,1
R18759,H01235,B17,,2026-09-04,2,0,,taste,1
R18760,H01613,B49,,2026-09-04,4,1,taste,,0
R18761,H01704,B34,,2026-09-04,5,1,strength,,1
R18762,H01855,B16,,2026-09-04,5,1,sweetness,,1
R18763,H01908,B45,,2026-09-04,4,0,refreshing,,1
R18764,H01918,B11,,2026-09-04,1,0,,sweetness,0
R18765,H01940,B29,,2026-09-04,4,1,ingredients,,0
R18766,H01974,B42,,2026-09-04,5,1,ingredients,,1
R18767,H01984,B43,,2026-09-04,4,1,packaging,,0
R18768,H02098,B21,,2026-09-04,3,1,,fizz,0
R18769,H02154,B19,,2026-09-04,5,1,flavour depth,,0
R18770,H02158,B29,,2026-09-04,2,0,,energy boost,0
R18771,H02244,B11,,2026-09-04,4,0,aftertaste,,0
R18772,H02378,B41,,2026-09-04,4,1,packaging,,0
R18773,H02399,B18,,2026-09-04,5,1,price,,1
R18774,H02424,B24,,2026-09-04,3,0,,strength,0
R18775,H02737,B34,,2026-09-04,5,1,price,,0
R18776,H02813,B01,,2026-09-04,3,1,seasoning,,0
R18777,H02852,B42,,2026-09-04,4,1,price,,0
R18778,H02890,B16,,2026-09-04,3,0,,packaging,0
R18779,H03151,B23,,2026-09-04,4,1,price,,0
R18780,H03489,B38,,2026-09-04,3,1,,price,0
R18781,H03510,B38,,2026-09-04,4,1,texture,,0
R18782,H03523,B22,,2026-09-04,1,0,,ingredients,0
R18783,H03623,B01,,2026-09-04,3,1,,portion size,1
R18784,H03709,B11,,2026-09-04,3,0,,taste,0
R18785,H03791,B36,,2026-09-04,4,0,portion size,,1
R18786,H03945,B04,,2026-09-04,3,0,portion size,,1
R18787,H04147,B48,,2026-09-04,3,0,crunch,,0
R18788,H04222,B30,,2026-09-04,3,0,,price,1
R18789,H04327,B22,,2026-09-04,4,1,taste,,1
R18790,H04331,B01,,2026-09-04,4,0,crunch,,0
R18791,H04585,B30,,2026-09-04,4,1,price,,1
R18792,H04592,B09,,2026-09-04,3,0,,price,0
R18793,H04695,B40,,2026-09-04,3,0,,fizz,0
R18794,H04739,B33,,2026-09-04,3,1,refreshing,,0
R18795,H00169,B26,,2026-09-05,3,1,,saltiness,0
R18796,H00178,B46,,2026-09-05,3,1,packaging,,0
R18797,H00183,B07,,2026-09-05,3,1,price,,1
R18798,H00218,B14,,2026-09-05,4,1,taste,,0
R18799,H00335,B35,,2026-09-05,3,1,ingredients,,1
R18800,H00365,B17,,2026-09-05,4,0,refreshing,,1
R18801,H00666,B21,,2026-09-05,2,0,,packaging,0
R18802,H00868,B25,,2026-09-05,4,1,packaging,,1
R18803,H00877,B31,,2026-09-05,2,0,,flavour depth,0
R18804,H00979,B47,,2026-09-05,5,1,taste,,1
R18805,H01314,B02,,2026-09-05,5,1,packaging,crunch,1
R18806,H01561,B11,,2026-09-05,2,0,fizz,aftertaste,0
R18807,H01610,B09,,2026-09-05,3,0,packaging,,0
R18808,H02006,B30,,2026-09-05,1,0,,heat,0
R18809,H02061,B08,,2026-09-05,4,1,versatility,,0
R18810,H02120,B32,,2026-09-05,3,0,,design,1
R18811,H02132,B27,,2026-09-05,4,1,jar size,,0
R18812,H02236,B09,,2026-09-05,4,1,price,sweetness,1
R18813,H02277,B06,,2026-09-05,1,0,texture,taste,0
R18814,H02383,B43,,2026-09-05,4,0,aftertaste,,1
R18815,H02470,B18,,2026-09-05,5,1,packaging,,1
R18816,H02635,B11,,2026-09-05,5,1,fizz,,1
R18817,H02684,B34,,2026-09-05,3,0,packaging,,0
R18818,H02803,B05,,2026-09-05,1,0,,price,0
R18819,H02946,B39,,2026-09-05,5,1,price,,1
R18820,H02969,B05,,2026-09-05,3,1,seasoning,,0
R18821,H03276,B14,,2026-09-05,3,1,refreshing,,0
R18822,H03423,B31,,2026-09-05,4,1,price,texture,1
R18823,H03561,B25,,2026-09-05,2,0,,portion size,0
R18824,H03664,B22,,2026-09-05,1,0,texture,ingredients,0
R18825,H03832,B26,,2026-09-05,3,0,crunch,,1
R18826,H04232,B23,,2026-09-05,3,1,packaging,,0
R18827,H04521,B29,,2026-09-05,4,0,price,,1
R18828,H04685,B14,,2026-09-05,2,0,,price,0
R18829,H04716,B09,,2026-09-05,2,0,,packaging,0
R18830,H04727,B28,,2026-09-05,3,0,portability,,0
R18831,H04771,B14,,2026-09-05,5,1,aftertaste,,1
R18832,H04809,B06,,2026-09-05,3,0,packaging,,0
R18833,H00111,B34,,2026-09-06,4,1,taste,strength,0
R18834,H00147,B48,,2026-09-06,2,0,,portion size,0
R18835,H00180,B27,,2026-09-06,5,1,versatility,,0
R18836,H00195,B05,,2026-09-06,2,0,crunch,portion size,0
R18837,H00208,B18,,2026-09-06,3,1,price,,1
R18838,H00267,B39,,2026-09-06,4,1,texture,,1
R18839,H00487,B11,,2026-09-06,4,1,aftertaste,,1
R18840,H00511,B20,,2026-09-06,4,1,sweetness,,1
R18841,H00651,B47,,2026-09-06,5,1,taste,,1
R18842,H00705,B40,,2026-09-06,5,1,packaging,,1
R18843,H00805,B45,,2026-09-06,3,1,sweetness,,0
R18844,H00827,B13,,2026-09-06,2,0,,sweetness,0
R18845,H01321,B31,,2026-09-06,3,1,heat,,0
R18846,H01507,B19,,2026-09-06,4,1,flavour depth,,0
R18847,H01567,B07,,2026-09-06,3,0,,versatility,0
R18848,H01702,B37,,2026-09-06,2,0,,taste,0
R18849,H01760,B17,,2026-09-06,3,0,,aftertaste,0
R18850,H01817,B01,,2026-09-06,4,1,crunch,seasoning,0
R18851,H01994,B25,,2026-09-06,2,0,,crunch,0
R18852,H02046,B46,,2026-09-06,4,0,taste,,0
R18853,H02119,B04,,2026-09-06,4,0,crunch,,1
R18854,H02221,B43,,2026-09-06,4,1,fizz,,1
R18855,H02274,B19,,2026-09-06,4,1,texture,heat,1
R18856,H02361,B14,,2026-09-06,4,1,price,refreshing,0
R18857,H02364,B19,,2026-09-06,4,1,heat,,1
R18858,H02555,B08,,2026-09-06,4,1,jar size,,1
R18859,H03012,B26,,2026-09-06,3,1,saltiness,,1
R18860,H03078,B16,,2026-09-06,3,0,,sweetness,0
R18861,H03180,B10,,2026-09-06,2,0,,price,0
R18862,H03432,B13,,2026-09-06,2,0,,price,0
R18863,H03640,B09,,2026-09-06,3,1,sweetness,,0
R18864,H03643,B22,,2026-09-06,2,0,,taste,0
R18865,H03885,B23,,2026-09-06,2,1,,taste,0
R18866,H03984,B25,,2026-09-06,4,0,price,,1
R18867,H04460,B23,,2026-09-06,2,0,,packaging,0
R18868,H04468,B21,,2026-09-06,4,1,packaging,,1
R18869,H04581,B17,,2026-09-06,2,0,,packaging,0
R18870,H04607,B05,,2026-09-06,4,1,saltiness,,1
R18871,H04746,B37,,2026-09-06,1,0,taste,price,0
R18872,H04764,B10,,2026-09-06,3,1,,price,0
R18873,H04800,B30,,2026-09-06,4,1,heat,,1
R18874,H04819,B15,,2026-09-06,2,0,,aftertaste,0
R18875,H04842,B44,,2026-09-06,4,1,price,,1
R18876,H00080,B17,,2026-09-07,3,1,fizz,,0
R18877,H00224,B15,,2026-09-07,2,0,,fizz,0
R18878,H00466,B08,,2026-09-07,3,1,,texture,0
R18879,H00972,B26,,2026-09-07,3,0,saltiness,,0
R18880,H00994,B34,,2026-09-07,3,1,ingredients,,1
R18881,H01070,B05,,2026-09-07,3,0,saltiness,,0
R18882,H01214,B49,,2026-09-07,3,0,texture,,0
R18883,H01319,B17,,2026-09-07,3,0,,taste,0
R18884,H01358,B35,,2026-09-07,3,1,portability,,0
R18885,H01434,B24,,2026-09-07,5,1,ingredients,,1
R18886,H01454,B23,,2026-09-07,3,0,,sweetness,0
R18887,H01881,B38,,2026-09-07,4,0,ingredients,sweetness,0
R18888,H01913,B45,,2026-09-07,3,0,,price,0
R18889,H02002,B07,,2026-09-07,1,0,,versatility,0
R18890,H02067,B37,,2026-09-07,4,1,packaging,,1
R18891,H02266,B29,,2026-09-07,3,0,,price,0
R18892,H02288,B03,,2026-09-07,3,0,,taste,0
R18893,H02320,B36,,2026-09-07,4,1,portion size,,1
R18894,H02339,B44,,2026-09-07,3,1,,packaging,0
R18895,H02372,B44,,2026-09-07,3,1,fizz,,1
R18896,H02408,B05,,2026-09-07,3,1,,crunch,0
R18897,H02486,B18,,2026-09-07,4,1,refreshing,,0
R18898,H02638,B03,,2026-09-07,5,1,taste,portability,1
R18899,H02670,B08,,2026-09-07,5,1,price,,1
R18900,H02728,B41,,2026-09-07,2,0,,seasoning,0
R18901,H03036,B44,,2026-09-07,2,0,,refreshing,0
R18902,H03054,B36,,2026-09-07,3,0,price,,0
R18903,H03275,B09,,2026-09-07,3,1,,texture,1
R18904,H03279,B15,,2026-09-07,3,0,,sweetness,1
R18905,H03327,B14,,2026-09-07,4,0,refreshing,,1
R18906,H03404,B42,,2026-09-07,3,0,strength,,0
R18907,H03613,B44,,2026-09-07,3,0,,price,0
R18908,H03724,B08,,2026-09-07,2,0,price,flavour depth,0
R18909,H03764,B18,,2026-09-07,2,0,,price,0
R18910,H03811,B39,,2026-09-07,1,0,,jar size,0
R18911,H03942,B15,,2026-09-07,2,0,,packaging,0
R18912,H03942,B19,,2026-09-07,2,0,,flavour depth,0
R18913,H03955,B46,,2026-09-07,3,0,,taste,0
R18914,H03973,B04,,2026-09-07,3,0,,price,1
R18915,H04132,B41,,2026-09-07,2,1,,crunch,0
R18916,H04172,B14,,2026-09-07,3,0,price,,0
R18917,H04178,B44,,2026-09-07,4,0,packaging,,1
R18918,H04343,B34,,2026-09-07,5,1,strength,,0
R18919,H04365,B15,,2026-09-07,1,0,,fizz,0
R18920,H04504,B27,,2026-09-07,5,1,jar size,flavour depth,1
R18921,H04668,B16,,2026-09-07,3,0,,price,1
R18922,H00090,B17,,2026-09-08,3,0,,aftertaste,0
R18923,H00281,B40,,2026-09-08,3,0,taste,,0
R18924,H00286,B16,,2026-09-08,3,1,aftertaste,,1
R18925,H00435,B16,,2026-09-08,3,0,refreshing,,0
R18926,H00569,B25,,2026-09-08,2,0,,portion size,0
R18927,H00583,B05,,2026-09-08,4,1,packaging,portion size,1
R18928,H00672,B18,,2026-09-08,3,1,refreshing,,0
R18929,H00682,B46,,2026-09-08,2,0,,price,0
R18930,H00741,B21,,2026-09-08,5,1,aftertaste,,1
R18931,H00885,B13,,2026-09-08,3,1,refreshing,,1
R18932,H01184,B09,,2026-09-08,3,1,texture,,0
R18933,H01217,B46,,2026-09-08,2,0,,packaging,0
R18934,H01419,B04,,2026-09-08,3,0,,crunch,0
R18935,H01440,B04,,2026-09-08,3,0,,packaging,0
R18936,H01547,B30,,2026-09-08,4,1,versatility,,1
R18937,H01626,B07,,2026-09-08,3,0,,texture,1
R18938,H01943,B15,,2026-09-08,4,0,sweetness,,1
R18939,H02037,B31,,2026-09-08,3,0,,jar size,0
R18940,H02240,B24,,2026-09-08,4,1,price,ingredients,0
R18941,H02261,B19,,2026-09-08,4,1,texture,,1
R18942,H02278,B07,,2026-09-08,4,1,heat,,0
R18943,H02293,B43,,2026-09-08,4,1,aftertaste,,0
R18944,H02330,B24,,2026-09-08,4,1,price,,1
R18945,H02364,B04,,2026-09-08,3,0,seasoning,,1
R18946,H02406,B48,,2026-09-08,3,0,packaging,,0
R18947,H02411,B08,,2026-09-08,3,0,versatility,,1
R18948,H02489,B22,,2026-09-08,2,0,,ingredients,0
R18949,H02558,B01,,2026-09-08,3,1,price,,0
R18950,H03536,B12,,2026-09-08,5,1,sweetness,,1
R18951,H03561,B39,,2026-09-08,5,1,versatility,,1
R18952,H03618,B43,,2026-09-08,5,1,taste,,0
R18953,H03657,B05,,2026-09-08,3,0,,packaging,1
R18954,H03779,B27,,2026-09-08,4,1,flavour depth,,0
R18955,H04111,B17,,2026-09-08,3,0,,sweetness,1
R18956,H04228,B11,,2026-09-08,3,0,price,,0
R18957,H04228,B23,,2026-09-08,2,0,,texture,0
R18958,H04289,B02,,2026-09-08,3,1,,crunch,1
R18959,H04356,B13,,2026-09-08,1,0,,price,0
R18960,H04382,B08,,2026-09-08,4,1,texture,heat,0
R18961,H04397,B19,,2026-09-08,3,0,,texture,0
R18962,H04444,B36,,2026-09-08,3,1,,seasoning,0
R18963,H04535,B02,,2026-09-08,4,1,saltiness,packaging,0
R18964,H04639,B15,,2026-09-08,4,1,price,,1
R18965,H04678,B24,,2026-09-08,4,1,aroma,,1
R18966,H04682,B19,,2026-09-08,5,0,versatility,,0
R18967,H04684,B48,,2026-09-08,3,1,,crunch,0
R18968,H04786,B29,,2026-09-08,5,1,taste,,1
R18969,H04786,B27,,2026-09-08,4,1,versatility,,1
R18970,H04805,B39,,2026-09-08,4,0,texture,,1
R18971,H00190,B15,,2026-09-09,3,0,packaging,,1
R18972,H00285,B11,,2026-09-09,3,0,taste,,0
R18973,H00385,B20,,2026-09-09,3,0,taste,,1
R18974,H00436,B24,,2026-09-09,4,1,strength,,1
R18975,H00528,B36,,2026-09-09,4,1,price,,1
R18976,H00752,B34,,2026-09-09,3,0,price,,0
R18977,H00891,B19,,2026-09-09,2,0,,flavour depth,0
R18978,H00908,B41,,2026-09-09,5,1,seasoning,,1
R18979,H01057,B48,,2026-09-09,2,0,,price,0
R18980,H01180,B40,,2026-09-09,4,1,price,,1
R18981,H01239,B16,,2026-09-09,3,0,sweetness,,1
R18982,H01315,B26,,2026-09-09,4,1,seasoning,,0
R18983,H01390,B31,,2026-09-09,5,1,jar size,,1
R18984,H01438,B23,,2026-09-09,4,1,texture,,0
R18985,H01460,B07,,2026-09-09,4,0,texture,,0
R18986,H01884,B38,,2026-09-09,2,0,,price,0
R18987,H01947,B22,,2026-09-09,4,1,ingredients,,0
R18988,H02323,B26,,2026-09-09,3,1,,crunch,0
R18989,H02337,B49,,2026-09-09,5,1,ingredients,,1
R18990,H02376,B33,,2026-09-09,4,1,sweetness,,1
R18991,H02384,B31,,2026-09-09,5,1,heat,,1
R18992,H02449,B27,,2026-09-09,3,0,versatility,,1
R18993,H02495,B49,,2026-09-09,3,0,packaging,,0
R18994,H02606,B23,,2026-09-09,2,0,,packaging,0
R18995,H02621,B12,,2026-09-09,2,0,,refreshing,0
R18996,H03011,B45,,2026-09-09,5,1,aftertaste,taste,1
R18997,H03128,B43,,2026-09-09,4,1,taste,,1
R18998,H03295,B08,,2026-09-09,5,1,price,,1
R18999,H03357,B40,,2026-09-09,3,0,fizz,,1
R19000,H03390,B01,,2026-09-09,3,1,seasoning,,0
R19001,H03407,B23,,2026-09-09,1,0,price,sweetness,0
R19002,H03770,B47,,2026-09-09,3,0,ingredients,,0
R19003,H03869,B07,,2026-09-09,3,0,,versatility,0
R19004,H04070,B30,,2026-09-09,1,0,,flavour depth,0
R19005,H04200,B48,,2026-09-09,4,1,price,,0
R19006,H04213,B39,,2026-09-09,3,1,,versatility,0
R19007,H04473,B33,,2026-09-09,3,1,sweetness,,1
R19008,H04490,B37,,2026-09-09,2,0,,ingredients,0
R19009,H04546,B09,,2026-09-09,3,1,,packaging,0
R19010,H04584,B36,,2026-09-09,3,0,,crunch,0
R19011,H04649,B15,,2026-09-09,2,0,,packaging,0
R19012,H04794,B07,,2026-09-09,4,1,flavour depth,,0
R19013,H00053,B33,,2026-09-10,3,0,,refreshing,1
R19014,H00064,B07,,2026-09-10,3,1,,flavour depth,0
R19015,H00148,B14,,2026-09-10,5,1,price,,1
R19016,H00584,B44,,2026-09-10,3,0,fizz,,0
R19017,H01254,B48,,2026-09-10,3,0,packaging,,0
R19018,H01312,B30,,2026-09-10,4,0,versatility,,1
R19019,H01317,B04,,2026-09-10,4,1,portion size,,1
R19020,H01372,B34,,2026-09-10,3,0,ingredients,,0
R19021,H01535,B17,,2026-09-10,1,0,,aftertaste,0
R19022,H01608,B05,,2026-09-10,4,1,price,crunch,0
R19023,H01627,B38,,2026-09-10,3,0,price,,0
R19024,H01713,B07,,2026-09-10,2,1,,flavour depth,0
R19025,H01920,B18,,2026-09-10,5,1,sweetness,,1
R19026,H02005,B37,,2026-09-10,2,0,,texture,0
R19027,H02206,B15,,2026-09-10,1,0,,price,0
R19028,H02344,B37,,2026-09-10,3,0,,texture,1
R19029,H02389,B19,,2026-09-10,5,1,flavour depth,,1
R19030,H02389,B21,,2026-09-10,4,1,price,,0
R19031,H02652,B19,,2026-09-10,2,0,,heat,0
R19032,H02681,B09,,2026-09-10,3,0,,price,1
R19033,H02790,B30,,2026-09-10,2,0,,flavour depth,0
R19034,H02877,B36,,2026-09-10,2,0,saltiness,crunch,0
R19035,H03018,B27,,2026-09-10,5,1,heat,,1
R19036,H03029,B11,,2026-09-10,3,1,,refreshing,1
R19037,H03227,B14,,2026-09-10,1,0,aftertaste,taste,0
R19038,H03275,B47,,2026-09-10,4,1,texture,,1
R19039,H03393,B16,,2026-09-10,2,0,,packaging,0
R19040,H03568,B02,,2026-09-10,5,0,crunch,,1
R19041,H03661,B48,,2026-09-10,3,0,,price,1
R19042,H04492,B08,,2026-09-10,4,1,price,,0
R19043,H04642,B11,,2026-09-10,4,1,sweetness,,0
R19044,H04705,B15,,2026-09-10,5,1,aftertaste,,1
R19045,H04761,B21,,2026-09-10,3,1,,aftertaste,0
R19046,H04838,B06,,2026-09-10,2,0,,price,0
R19047,H00021,B26,,2026-09-11,4,0,saltiness,,1
R19048,H00106,B29,,2026-09-11,5,1,energy boost,price,1
R19049,H00147,B31,,2026-09-11,5,1,jar size,,1
R19050,H00400,B11,,2026-09-11,4,1,refreshing,,1
R19051,H00476,B05,,2026-09-11,3,0,crunch,,0
R19052,H00547,B07,,2026-09-11,5,1,jar size,,1
R19053,H00935,B22,,2026-09-11,2,0,,price,0
R19054,H00984,B24,,2026-09-11,4,1,packaging,,0
R19055,H01048,B02,,2026-09-11,5,1,portion size,,1
R19056,H01088,B15,,2026-09-11,2,0,,price,1
R19057,H01254,B38,,2026-09-11,3,1,ingredients,,0
R19058,H01495,B05,,2026-09-11,3,0,crunch,,0
R19059,H01716,B34,,2026-09-11,5,1,taste,,1
R19060,H02001,B29,,2026-09-11,3,1,texture,,0
R19061,H02009,B19,,2026-09-11,5,1,texture,,0
R19062,H02324,B26,,2026-09-11,3,0,price,,0
R19063,H02429,B16,,2026-09-11,4,1,price,,0
R19064,H02463,B38,,2026-09-11,3,0,price,,0
R19065,H02623,B31,,2026-09-11,4,1,heat,,1
R19066,H03009,B38,,2026-09-11,4,1,sweetness,,1
R19067,H03089,B21,,2026-09-11,5,1,fizz,,1
R19068,H03148,B41,,2026-09-11,3,0,crunch,,0
R19069,H03384,B12,,2026-09-11,4,0,sweetness,price,0
R19070,H03504,B21,,2026-09-11,4,0,taste,,1
R19071,H03590,B27,,2026-09-11,4,1,flavour depth,,0
R19072,H03627,B38,,2026-09-11,4,1,taste,,0
R19073,H03685,B03,,2026-09-11,2,0,,ingredients,0
R19074,H03702,B11,,2026-09-11,3,0,,refreshing,0
R19075,H03797,B23,,2026-09-11,5,1,ingredients,,1
R19076,H04003,B14,,2026-09-11,3,0,aftertaste,,0
R19077,H04157,B28,,2026-09-11,4,1,ingredients,,0
R19078,H04186,B06,,2026-09-11,5,1,packaging,,1
R19079,H04190,B26,,2026-09-11,3,0,seasoning,,0
R19080,H04260,B30,,2026-09-11,1,0,,jar size,0
R19081,H04265,B35,,2026-09-11,3,0,texture,,0
R19082,H04383,B42,,2026-09-11,3,1,price,,0
R19083,H04411,B37,,2026-09-11,3,0,texture,,0
R19084,H04551,B12,,2026-09-11,2,1,,packaging,0
R19085,H04605,B48,,2026-09-11,1,0,,packaging,0
R19086,H04627,B30,,2026-09-11,4,1,versatility,,1
R19087,H04777,B17,,2026-09-11,5,1,fizz,,1
R19088,H00008,B21,,2026-09-12,3,0,,aftertaste,0
R19089,H00101,B05,,2026-09-12,3,0,,packaging,1
R19090,H00495,B17,,2026-09-12,4,1,refreshing,,1
R19091,H00908,B25,,2026-09-12,4,1,seasoning,price,1
R19092,H00951,B09,,2026-09-12,1,0,,ingredients,0
R19093,H01067,B39,,2026-09-12,5,1,heat,,1
R19094,H01301,B13,,2026-09-12,5,1,sweetness,,1
R19095,H01372,B23,,2026-09-12,3,0,,taste,0
R19096,H01465,B24,,2026-09-12,5,1,price,,1
R19097,H01581,B04,,2026-09-12,2,0,,packaging,0
R19098,H01695,B42,,2026-09-12,4,1,ingredients,,1
R19099,H01918,B07,,2026-09-12,3,1,heat,,0
R19100,H01935,B41,,2026-09-12,2,0,,seasoning,0
R19101,H01969,B11,,2026-09-12,1,0,,price,0
R19102,H02020,B18,,2026-09-12,4,1,price,taste,1
R19103,H02094,B34,,2026-09-12,3,0,ingredients,,0
R19104,H02125,B34,,2026-09-12,4,1,aroma,,1
R19105,H02163,B21,,2026-09-12,4,1,taste,,0
R19106,H02246,B26,,2026-09-12,5,1,price,,0
R19107,H02316,B36,,2026-09-12,5,1,crunch,,1
R19108,H02460,B01,,2026-09-12,4,0,saltiness,,0
R19109,H02469,B22,,2026-09-12,3,1,ingredients,,0
R19110,H02626,B33,,2026-09-12,3,0,,packaging,1
R19111,H02987,B06,,2026-09-12,4,1,packaging,,1
R19112,H03029,B34,,2026-09-12,3,0,,ingredients,0
R19113,H03557,B38,,2026-09-12,4,0,ingredients,,0
R19114,H03604,B09,,2026-09-12,3,1,,texture,0
R19115,H03662,B35,,2026-09-12,4,1,price,,0
R19116,H03704,B07,,2026-09-12,2,0,,texture,0
R19117,H04028,B29,,2026-09-12,2,0,,ingredients,0
R19118,H04052,B40,,2026-09-12,4,1,packaging,,1
R19119,H04151,B39,,2026-09-12,5,1,heat,,1
R19120,H04169,B47,,2026-09-12,4,1,price,,0
R19121,H04573,B23,,2026-09-12,3,0,packaging,,0
R19122,H04594,B17,,2026-09-12,3,0,price,,0
R19123,H04648,B28,,2026-09-12,3,1,,energy boost,0
R19124,H04718,B45,,2026-09-12,2,0,,price,1
R19125,H04770,B08,,2026-09-12,3,1,,heat,1
R19126,H04808,B26,,2026-09-12,3,0,,portion size,0
R19127,H04858,B38,,2026-09-12,5,1,ingredients,,1
R19128,H00084,B24,,2026-09-13,4,0,taste,,0
R19129,H00443,B37,,2026-09-13,2,0,,texture,1
R19130,H00561,B05,,2026-09-13,4,1,price,,1
R19131,H00655,B32,,2026-09-13,4,1,size,,0
R19132,H00922,B28,,2026-09-13,4,1,portability,,1
R19133,H01467,B29,,2026-09-13,2,1,,taste,0
R19134,H01490,B47,,2026-09-13,2,0,,texture,0
R19135,H01614,B04,,2026-09-13,4,0,portion size,,0
R19136,H01658,B10,,2026-09-13,3,0,,taste,0
R19137,H01663,B16,,2026-09-13,1,0,,taste,0
R19138,H01676,B31,,2026-09-13,4,1,versatility,,1
R19139,H01792,B43,,2026-09-13,3,0,,price,0
R19140,H02010,B36,,2026-09-13,3,1,,saltiness,1
R19141,H02055,B06,,2026-09-13,4,0,sweetness,,1
R19142,H02183,B41,,2026-09-13,3,1,,crunch,0
R19143,H02193,B23,,2026-09-13,2,0,,texture,0
R19144,H02321,B29,,2026-09-13,4,0,taste,,1
R19145,H02413,B43,,2026-09-13,5,1,taste,,1
R19146,H02513,B13,,2026-09-13,4,1,refreshing,,1
R19147,H02597,B25,,2026-09-13,4,1,seasoning,packaging,0
R19148,H02603,B20,,2026-09-13,2,0,,price,0
R19149,H02644,B20,,2026-09-13,3,0,,price,1
R19150,H02738,B41,,2026-09-13,5,1,saltiness,,0
R19151,H02786,B10,,2026-09-13,1,0,,strength,0
R19152,H02820,B49,,2026-09-13,3,0,,sweetness,0
R19153,H02940,B19,,2026-09-13,3,0,heat,,0
R19154,H03006,B23,,2026-09-13,5,1,packaging,,1
R19155,H03070,B41,,2026-09-13,5,1,saltiness,,1
R19156,H03129,B12,,2026-09-13,4,1,aftertaste,,1
R19157,H03369,B32,,2026-09-13,3,0,,price,0
R19158,H03722,B27,,2026-09-13,3,1,texture,,0
R19159,H04049,B21,,2026-09-13,4,0,aftertaste,,1
R19160,H04051,B29,,2026-09-13,2,0,,portability,0
R19161,H04060,B41,,2026-09-13,2,0,,portion size,0
R19162,H04402,B47,,2026-09-13,3,0,texture,,0
R19163,H04446,B42,,2026-09-13,2,0,,strength,0
R19164,H04637,B33,,2026-09-13,3,0,,refreshing,1
R19165,H04833,B30,,2026-09-13,1,1,,flavour depth,0
R19166,H00018,B14,,2026-09-14,5,1,fizz,,0
R19167,H00369,B33,,2026-09-14,4,1,packaging,,1
R19168,H00898,B43,,2026-09-14,4,1,price,,0
R19169,H00959,B21,,2026-09-14,5,1,price,sweetness,1
R19170,H01098,B49,,2026-09-14,5,1,price,,1
R19171,H01176,B14,,2026-09-14,4,1,aftertaste,,1
R19172,H01274,B18,,2026-09-14,2,0,,sweetness,0
R19173,H01311,B47,,2026-09-14,2,0,,sweetness,0
R19174,H01312,B14,,2026-09-14,3,1,aftertaste,,0
R19175,H01355,B22,,2026-09-14,4,1,price,,0
R19176,H01390,B21,,2026-09-14,4,1,price,,1
R19177,H01597,B10,,2026-09-14,5,0,price,,1
R19178,H01640,B17,,2026-09-14,3,1,,price,0
R19179,H01640,B23,,2026-09-14,5,1,taste,,1
R19180,H01767,B15,,2026-09-14,4,1,sweetness,,0
R19181,H01897,B49,,2026-09-14,3,0,packaging,,0
R19182,H01898,B04,,2026-09-14,1,0,,packaging,0
R19183,H02019,B19,,2026-09-14,2,0,,price,0
R19184,H02095,B32,,2026-09-14,2,0,,design,1
R19185,H02177,B14,,2026-09-14,2,0,,fizz,0
R19186,H02224,B14,,2026-09-14,4,1,refreshing,,1
R19187,H02315,B13,,2026-09-14,4,1,fizz,,0
R19188,H02429,B34,,2026-09-14,5,0,ingredients,,1
R19189,H02478,B25,,2026-09-14,4,1,packaging,,1
R19190,H02496,B48,,2026-09-14,4,0,portion size,,1
R19191,H02564,B10,,2026-09-14,2,0,aroma,packaging,0
R19192,H02735,B12,,2026-09-14,2,0,,packaging,0
R19193,H02834,B25,,2026-09-14,3,0,,seasoning,0
R19194,H02925,B29,,2026-09-14,3,1,,portability,0
R19195,H03190,B20,,2026-09-14,4,0,sweetness,,1
R19196,H03465,B29,,2026-09-14,4,0,energy boost,,0
R19197,H03488,B03,,2026-09-14,4,1,portability,,1
R19198,H04068,B11,,2026-09-14,4,1,packaging,,1
R19199,H04215,B29,,2026-09-14,3,0,,taste,0
R19200,H04239,B17,,2026-09-14,2,0,,price,0
R19201,H04261,B07,,2026-09-14,5,1,texture,,1
R19202,H04329,B40,,2026-09-14,4,1,taste,,1
R19203,H04342,B01,,2026-09-14,3,0,packaging,,0
R19204,H04440,B47,,2026-09-14,2,0,,sweetness,0
R19205,H04670,B02,,2026-09-14,5,1,portion size,,1
R19206,H04708,B05,,2026-09-14,4,1,seasoning,,1
R19207,H04722,B06,,2026-09-14,3,1,taste,,0
R19208,H04868,B39,,2026-09-14,4,1,heat,,0
R19209,H00004,B37,,2026-09-15,2,0,,texture,0
R19210,H00071,B32,,2026-09-15,5,1,size,,1
R19211,H00356,B14,,2026-09-15,5,1,price,aftertaste,1
R19212,H00444,B20,,2026-09-15,5,1,aftertaste,,1
R19213,H00444,B02,,2026-09-15,2,0,,portion size,0
R19214,H00690,B34,,2026-09-15,4,0,packaging,,0
R19215,H00988,B18,,2026-09-15,3,0,,sweetness,0
R19216,H00999,B25,,2026-09-15,4,1,seasoning,,1
R19217,H01075,B11,,2026-09-15,3,0,taste,,0
R19218,H01110,B19,,2026-09-15,4,1,texture,,1
R19219,H01278,B32,,2026-09-15,3,0,build quality,,0
R19220,H01319,B36,,2026-09-15,4,1,seasoning,,1
R19221,H01411,B30,,2026-09-15,2,0,,heat,0
R19222,H01422,B27,,2026-09-15,3,0,,flavour depth,0
R19223,H01579,B37,,2026-09-15,3,1,,ingredients,1
R19224,H01649,B12,,2026-09-15,5,1,sweetness,,0
R19225,H01666,B22,,2026-09-15,3,0,packaging,,0
R19226,H01688,B22,,2026-09-15,3,1,texture,,0
R19227,H02088,B10,,2026-09-15,4,1,packaging,taste,0
R19228,H02096,B14,,2026-09-15,2,0,,taste,0
R19229,H02156,B43,,2026-09-15,3,0,taste,,0
R19230,H02166,B33,,2026-09-15,2,0,,packaging,0
R19231,H02372,B07,,2026-09-15,4,1,flavour depth,,0
R19232,H02415,B43,,2026-09-15,5,1,sweetness,,1
R19233,H02466,B25,,2026-09-15,2,0,,price,0
R19234,H02489,B40,,2026-09-15,3,0,,sweetness,0
R19235,H02548,B08,,2026-09-15,4,0,versatility,,0
R19236,H02870,B04,,2026-09-15,3,1,packaging,,0
R19237,H03114,B14,,2026-09-15,3,0,aftertaste,,0
R19238,H03188,B38,,2026-09-15,3,1,packaging,,0
R19239,H03373,B05,,2026-09-15,4,1,portion size,packaging,0
R19240,H03627,B21,,2026-09-15,3,0,,refreshing,0
R19241,H03696,B24,,2026-09-15,5,1,taste,,1
R19242,H03925,B34,,2026-09-15,4,1,ingredients,,0
R19243,H03987,B20,,2026-09-15,4,1,price,,1
R19244,H04125,B10,,2026-09-15,3,0,,packaging,0
R19245,H04159,B44,,2026-09-15,5,1,fizz,,1
R19246,H04259,B47,,2026-09-15,5,1,texture,price,1
R19247,H04281,B32,,2026-09-15,2,1,usefulness,size,0
R19248,H04284,B43,,2026-09-15,3,0,price,,0
R19249,H04292,B19,,2026-09-15,3,0,,jar size,0
R19250,H04311,B04,,2026-09-15,3,0,,crunch,0
R19251,H04320,B03,,2026-09-15,3,0,price,,0
R19252,H04401,B48,,2026-09-15,5,1,portion size,,1
R19253,H04461,B22,,2026-09-15,4,1,ingredients,texture,1
R19254,H04574,B07,,2026-09-15,1,0,flavour depth,versatility,0
R19255,H04613,B43,,2026-09-15,5,1,sweetness,,0
R19256,H04668,B07,,2026-09-15,4,0,texture,versatility,0
R19257,H04801,B43,,2026-09-15,3,1,,packaging,0
R19258,H04807,B15,,2026-09-15,4,0,refreshing,,1
R19259,H04855,B18,,2026-09-15,3,1,packaging,,0
R19260,H04866,B47,,2026-09-15,5,1,price,,1
R19261,H00096,B42,,2026-09-16,2,0,packaging,aroma,0
R19262,H00101,B22,,2026-09-16,4,1,sweetness,,1
R19263,H00258,B09,,2026-09-16,5,1,sweetness,,1
R19264,H00305,B13,,2026-09-16,5,1,aftertaste,,0
R19265,H00569,B48,,2026-09-16,3,1,seasoning,,0
R19266,H00830,B14,,2026-09-16,3,0,packaging,,0
R19267,H01053,B11,,2026-09-16,2,0,,taste,0
R19268,H01233,B25,,2026-09-16,3,0,crunch,,0
R19269,H01297,B22,,2026-09-16,4,0,price,,0
R19270,H01391,B20,,2026-09-16,5,1,fizz,,1
R19271,H01398,B44,,2026-09-16,2,0,,price,0
R19272,H01543,B06,,2026-09-16,4,1,sweetness,,1
R19273,H01774,B43,,2026-09-16,4,1,fizz,packaging,0
R19274,H02097,B10,,2026-09-16,3,0,ingredients,,0
R19275,H02262,B48,,2026-09-16,3,1,packaging,,0
R19276,H02326,B37,,2026-09-16,1,0,price,texture,0
R19277,H02373,B04,,2026-09-16,4,0,price,,0
R19278,H02392,B42,,2026-09-16,4,1,price,,0
R19279,H02518,B18,,2026-09-16,5,1,fizz,,1
R19280,H02532,B43,,2026-09-16,4,1,packaging,,0
R19281,H02592,B22,,2026-09-16,3,0,,packaging,0
R19282,H02788,B27,,2026-09-16,5,1,heat,,1
R19283,H02844,B42,,2026-09-16,3,1,,aroma,1
R19284,H02850,B22,,2026-09-16,4,1,packaging,,1
R19285,H02869,B19,,2026-09-16,2,0,,flavour depth,0
R19286,H03044,B24,,2026-09-16,5,1,aroma,,1
R19287,H03185,B25,,2026-09-16,4,0,seasoning,,0
R19288,H03344,B43,,2026-09-16,5,1,aftertaste,,1
R19289,H03359,B42,,2026-09-16,4,1,taste,,0
R19290,H03436,B01,,2026-09-16,5,1,seasoning,saltiness,1
R19291,H03460,B35,,2026-09-16,3,0,,taste,0
R19292,H03588,B30,,2026-09-16,3,0,,jar size,0
R19293,H03621,B29,,2026-09-16,2,0,,portability,0
R19294,H03775,B47,,2026-09-16,3,1,,packaging,0
R19295,H03811,B06,,2026-09-16,3,1,,taste,0
R19296,H03832,B13,,2026-09-16,4,0,packaging,,1
R19297,H03835,B42,,2026-09-16,3,0,aroma,,0
R19298,H03862,B44,,2026-09-16,2,0,,taste,0
R19299,H03931,B43,,2026-09-16,2,0,,taste,0
R19300,H03984,B30,,2026-09-16,4,1,heat,,1
R19301,H04096,B08,,2026-09-16,3,1,versatility,,0
R19302,H04255,B11,,2026-09-16,4,0,refreshing,,1
R19303,H04461,B38,,2026-09-16,5,1,price,,1
R19304,H04617,B34,,2026-09-16,4,1,strength,,1
R19305,H04684,B27,,2026-09-16,5,1,texture,,1
R19306,H04748,B18,,2026-09-16,3,0,packaging,,0
R19307,H04792,B01,,2026-09-16,2,1,,portion size,0
R19308,H00025,B09,,2026-09-17,4,1,price,texture,1
R19309,H00058,B22,,2026-09-17,1,0,,ingredients,0
R19310,H00108,B06,,2026-09-17,2,0,taste,packaging,0
R19311,H00454,B46,,2026-09-17,3,1,,packaging,0
R19312,H00735,B48,,2026-09-17,3,1,,packaging,0
R19313,H00755,B19,,2026-09-17,3,1,price,,0
R19314,H00833,B29,,2026-09-17,1,0,,ingredients,0
R19315,H01076,B32,,2026-09-17,4,1,price,,1
R19316,H01095,B37,,2026-09-17,3,1,sweetness,,1
R19317,H01208,B04,,2026-09-17,1,0,,price,0
R19318,H01507,B17,,2026-09-17,2,0,,price,0
R19319,H01573,B43,,2026-09-17,5,1,price,aftertaste,1
R19320,H01586,B19,,2026-09-17,5,1,heat,,1
R19321,H01618,B05,,2026-09-17,2,0,,price,0
R19322,H01628,B13,,2026-09-17,3,0,sweetness,,0
R19323,H01903,B26,,2026-09-17,4,1,crunch,,0
R19324,H02013,B14,,2026-09-17,4,1,packaging,sweetness,1
R19325,H02107,B29,,2026-09-17,5,1,ingredients,,1
R19326,H02186,B37,,2026-09-17,2,1,,ingredients,0
R19327,H02273,B29,,2026-09-17,3,0,,price,0
R19328,H02291,B36,,2026-09-17,4,1,packaging,,1
R19329,H02299,B20,,2026-09-17,2,0,,aftertaste,1
R19330,H02412,B12,,2026-09-17,3,0,refreshing,,0
R19331,H02772,B15,,2026-09-17,1,0,,refreshing,1
R19332,H02799,B38,,2026-09-17,4,0,price,,0
R19333,H03212,B05,,2026-09-17,2,0,,price,0
R19334,H03214,B27,,2026-09-17,3,0,heat,,0
R19335,H03424,B07,,2026-09-17,4,1,versatility,flavour depth,0
R19336,H03450,B42,,2026-09-17,5,1,strength,,1
R19337,H03565,B13,,2026-09-17,3,0,aftertaste,,0
R19338,H03633,B13,,2026-09-17,1,0,,sweetness,0
R19339,H03765,B17,,2026-09-17,3,1,,sweetness,1
R19340,H04595,B26,,2026-09-17,2,1,price,seasoning,0
R19341,H04691,B47,,2026-09-17,3,0,ingredients,,0
R19342,H04707,B03,,2026-09-17,1,0,,portability,0
R19343,H04759,B47,,2026-09-17,1,0,,sweetness,0
R19344,H00125,B07,,2026-09-18,5,1,jar size,texture,0
R19345,H00219,B12,,2026-09-18,4,1,packaging,,0
R19346,H00402,B04,,2026-09-18,2,0,,saltiness,0
R19347,H00437,B13,,2026-09-18,3,0,,price,1
R19348,H00494,B44,,2026-09-18,2,0,,price,0
R19349,H00571,B22,,2026-09-18,4,0,packaging,price,0
R19350,H00688,B27,,2026-09-18,1,0,,flavour depth,0
R19351,H00867,B26,,2026-09-18,5,1,portion size,,1
R19352,H00905,B07,,2026-09-18,2,0,texture,price,0
R19353,H01025,B47,,2026-09-18,3,1,,taste,0
R19354,H01031,B32,,2026-09-18,5,1,design,,1
R19355,H01054,B15,,2026-09-18,3,1,fizz,,0
R19356,H01072,B29,,2026-09-18,3,1,texture,,0
R19357,H01298,B01,,2026-09-18,2,0,,packaging,0
R19358,H01418,B19,,2026-09-18,2,0,,texture,0
R19359,H01455,B19,,2026-09-18,4,1,jar size,,0
R19360,H01949,B09,,2026-09-18,2,0,,sweetness,0
R19361,H01988,B40,,2026-09-18,4,1,price,,0
R19362,H02091,B17,,2026-09-18,5,1,aftertaste,,1
R19363,H02143,B34,,2026-09-18,4,1,packaging,,0
R19364,H02177,B03,,2026-09-18,1,0,,texture,0
R19365,H02303,B13,,2026-09-18,4,0,sweetness,,0
R19366,H02421,B43,,2026-09-18,2,0,,taste,0
R19367,H02543,B23,,2026-09-18,2,0,,texture,0
R19368,H02577,B06,,2026-09-18,3,1,,packaging,0
R19369,H02680,B29,,2026-09-18,5,1,ingredients,,1
R19370,H02804,B38,,2026-09-18,4,1,taste,,0
R19371,H02810,B09,,2026-09-18,3,1,,packaging,0
R19372,H03126,B14,,2026-09-18,5,1,packaging,,1
R19373,H03365,B15,,2026-09-18,5,1,price,,1
R19374,H03399,B28,,2026-09-18,1,0,,price,0
R19375,H03798,B46,,2026-09-18,3,0,refreshing,,0
R19376,H03874,B37,,2026-09-18,2,0,ingredients,texture,0
R19377,H04097,B17,,2026-09-18,5,1,fizz,,0
R19378,H04133,B24,,2026-09-18,3,1,price,,0
R19379,H04227,B12,,2026-09-18,2,1,,price,1
R19380,H04279,B09,,2026-09-18,3,0,,texture,0
R19381,H04308,B11,,2026-09-18,5,1,taste,price,1
R19382,H04388,B06,,2026-09-18,5,1,texture,,1
R19383,H04509,B30,,2026-09-18,5,1,texture,,1
R19384,H04546,B35,,2026-09-18,4,1,price,,1
R19385,H04689,B39,,2026-09-18,4,1,versatility,,0
R19386,H04724,B04,,2026-09-18,3,0,,packaging,0
R19387,H04885,B08,,2026-09-18,3,1,,heat,0
R19388,H00215,B03,,2026-09-19,4,1,portability,,0
R19389,H00238,B42,,2026-09-19,2,0,,price,0
R19390,H00321,B23,,2026-09-19,2,0,,taste,0
R19391,H00421,B14,,2026-09-19,3,1,refreshing,,0
R19392,H00892,B42,,2026-09-19,3,0,,strength,0
R19393,H01091,B31,,2026-09-19,4,0,jar size,,1
R19394,H01338,B36,,2026-09-19,4,1,price,,1
R19395,H01361,B22,,2026-09-19,2,0,,sweetness,0
R19396,H01500,B23,,2026-09-19,4,1,texture,ingredients,1
R19397,H01682,B03,,2026-09-19,5,1,energy boost,,1
R19398,H01689,B34,,2026-09-19,3,1,aroma,,0
R19399,H02152,B08,,2026-09-19,5,1,heat,,1
R19400,H02154,B41,,2026-09-19,4,0,price,saltiness,1
R19401,H02255,B14,,2026-09-19,5,1,taste,,1
R19402,H02519,B12,,2026-09-19,2,0,,sweetness,0
R19403,H02650,B18,,2026-09-19,3,0,refreshing,,0
R19404,H02694,B39,,2026-09-19,5,1,price,heat,1
R19405,H03129,B35,,2026-09-19,3,0,energy boost,,1
R19406,H03237,B07,,2026-09-19,3,0,,flavour depth,1
R19407,H03390,B43,,2026-09-19,3,1,refreshing,,0
R19408,H03592,B03,,2026-09-19,2,0,,texture,0
R19409,H03759,B28,,2026-09-19,3,0,energy boost,,0
R19410,H03843,B21,,2026-09-19,5,1,packaging,,0
R19411,H03931,B48,,2026-09-19,2,0,,packaging,0
R19412,H04018,B12,,2026-09-19,3,0,price,,0
R19413,H04202,B32,,2026-09-19,2,0,,size,0
R19414,H04325,B07,,2026-09-19,3,1,price,,0
R19415,H04338,B14,,2026-09-19,3,0,packaging,,0
R19416,H04357,B06,,2026-09-19,4,1,price,,1
R19417,H04407,B38,,2026-09-19,3,1,taste,,0
R19418,H04412,B08,,2026-09-19,4,1,jar size,,0
R19419,H04529,B41,,2026-09-19,3,1,,price,0
R19420,H04590,B42,,2026-09-19,4,0,ingredients,strength,1
R19421,H04658,B34,,2026-09-19,5,1,ingredients,aroma,1
R19422,H00021,B03,,2026-09-20,4,1,price,energy boost,1
R19423,H00023,B14,,2026-09-20,3,0,packaging,,0
R19424,H00146,B41,,2026-09-20,2,0,,packaging,0
R19425,H00347,B36,,2026-09-20,4,1,packaging,,1
R19426,H00530,B04,,2026-09-20,3,1,crunch,,0
R19427,H00561,B19,,2026-09-20,5,1,price,,1
R19428,H00775,B21,,2026-09-20,3,1,,packaging,0
R19429,H00792,B33,,2026-09-20,4,1,taste,,0
R19430,H00882,B05,,2026-09-20,2,0,price,saltiness,0
R19431,H01081,B21,,2026-09-20,5,1,fizz,,0
R19432,H01369,B06,,2026-09-20,4,0,price,,0
R19433,H01407,B13,,2026-09-20,4,0,refreshing,,1
R19434,H01440,B38,,2026-09-20,2,0,,packaging,0
R19435,H01475,B42,,2026-09-20,3,0,,strength,0
R19436,H01561,B05,,2026-09-20,3,1,portion size,,1
R19437,H01717,B33,,2026-09-20,2,0,fizz,taste,0
R19438,H01764,B15,,2026-09-20,3,1,fizz,,0
R19439,H01815,B12,,2026-09-20,4,1,price,,0
R19440,H01854,B31,,2026-09-20,4,1,flavour depth,,1
R19441,H01904,B39,,2026-09-20,5,1,texture,,1
R19442,H02034,B49,,2026-09-20,4,1,packaging,,0
R19443,H02048,B14,,2026-09-20,3,1,,refreshing,0
R19444,H02431,B13,,2026-09-20,4,0,taste,,1
R19445,H02434,B45,,2026-09-20,5,1,price,,1
R19446,H02454,B27,,2026-09-20,3,1,,flavour depth,0
R19447,H02538,B36,,2026-09-20,5,1,saltiness,portion size,1
R19448,H02617,B27,,2026-09-20,4,0,texture,,0
R19449,H02626,B43,,2026-09-20,4,1,aftertaste,,1
R19450,H02646,B13,,2026-09-20,5,1,aftertaste,,1
R19451,H02777,B22,,2026-09-20,2,1,,sweetness,0
R19452,H02782,B30,,2026-09-20,3,0,jar size,,0
R19453,H03501,B28,,2026-09-20,4,1,texture,price,1
R19454,H03603,B44,,2026-09-20,5,1,fizz,refreshing,1
R19455,H03749,B42,,2026-09-20,3,0,,taste,0
R19456,H03777,B43,,2026-09-20,5,1,fizz,,1
R19457,H03778,B11,,2026-09-20,4,1,sweetness,,0
R19458,H04155,B24,,2026-09-20,3,0,,price,0
R19459,H04307,B43,,2026-09-20,4,1,aftertaste,refreshing,1
R19460,H04446,B43,,2026-09-20,3,0,sweetness,,0
R19461,H04500,B08,,2026-09-20,2,0,,versatility,0
R19462,H04545,B39,,2026-09-20,5,1,jar size,,1
R19463,H04635,B10,,2026-09-20,2,0,,aroma,0
R19464,H04852,B24,,2026-09-20,4,1,aroma,,0
R19465,H00012,B36,,2026-09-21,3,1,,portion size,0
R19466,H00034,B01,,2026-09-21,4,1,price,,1
R19467,H00041,B01,,2026-09-21,4,1,saltiness,,1
R19468,H00125,B39,,2026-09-21,3,0,flavour depth,,0
R19469,H00186,B06,,2026-09-21,5,1,price,,1
R19470,H00369,B06,,2026-09-21,5,1,taste,texture,1
R19471,H00522,B10,,2026-09-21,3,0,,packaging,0
R19472,H00700,B30,,2026-09-21,4,0,heat,,1
R19473,H00735,B34,,2026-09-21,4,0,taste,,0
R19474,H00788,B28,,2026-09-21,5,1,energy boost,,1
R19475,H00821,B33,,2026-09-21,3,1,,aftertaste,1
R19476,H00912,B25,,2026-09-21,5,1,packaging,,1
R19477,H00987,B03,,2026-09-21,3,1,texture,,0
R19478,H01027,B05,,2026-09-21,3,0,portion size,,0
R19479,H01031,B06,,2026-09-21,3,0,,sweetness,0
R19480,H01052,B15,,2026-09-21,3,0,,sweetness,1
R19481,H01161,B43,,2026-09-21,3,0,,aftertaste,0
R19482,H01568,B10,,2026-09-21,2,0,,strength,0
R19483,H01607,B36,,2026-09-21,3,1,,price,0
R19484,H01617,B37,,2026-09-21,5,1,sweetness,,0
R19485,H01627,B06,,2026-09-21,3,1,price,,0
R19486,H01845,B47,,2026-09-21,3,0,,price,0
R19487,H01877,B46,,2026-09-21,5,1,refreshing,fizz,0
R19488,H02155,B46,,2026-09-21,4,1,sweetness,refreshing,0
R19489,H02174,B07,,2026-09-21,3,1,,texture,0
R19490,H02271,B41,,2026-09-21,3,0,price,,0
R19491,H02343,B32,,2026-09-21,3,0,size,,0
R19492,H02363,B47,,2026-09-21,3,0,taste,,0
R19493,H02595,B31,,2026-09-21,3,0,,versatility,0
R19494,H02658,B23,,2026-09-21,3,0,price,,0
R19495,H03008,B39,,2026-09-21,4,0,flavour depth,,0
R19496,H03081,B04,,2026-09-21,4,1,portion size,,0
R19497,H03121,B38,,2026-09-21,4,0,taste,texture,1
R19498,H03231,B06,,2026-09-21,4,1,sweetness,texture,0
R19499,H03240,B37,,2026-09-21,4,1,sweetness,,0
R19500,H03252,B17,,2026-09-21,3,1,,refreshing,0
R19501,H03325,B35,,2026-09-21,5,1,taste,,1
R19502,H03351,B37,,2026-09-21,3,1,packaging,,0
R19503,H03437,B40,,2026-09-21,3,1,taste,,1
R19504,H03464,B11,,2026-09-21,3,0,fizz,,0
R19505,H03555,B29,,2026-09-21,3,0,,portability,0
R19506,H03582,B34,,2026-09-21,5,1,price,,1
R19507,H03641,B06,,2026-09-21,3,1,taste,,0
R19508,H03817,B47,,2026-09-21,4,1,packaging,,1
R19509,H03840,B15,,2026-09-21,3,0,,taste,1
R19510,H04042,B05,,2026-09-21,4,1,packaging,,1
R19511,H04115,B11,,2026-09-21,2,1,,fizz,0
R19512,H04507,B44,,2026-09-21,3,1,,price,1
R19513,H04510,B06,,2026-09-21,3,1,,taste,0
R19514,H04638,B48,,2026-09-21,1,0,,packaging,0
R19515,H04721,B24,,2026-09-21,2,0,price,strength,0
R19516,H04792,B05,,2026-09-21,3,0,crunch,,0
R19517,H04884,B43,,2026-09-21,3,1,aftertaste,,1
R19518,H00059,B24,,2026-09-22,5,1,taste,,1
R19519,H00165,B47,,2026-09-22,3,0,,sweetness,0
R19520,H00190,B43,,2026-09-22,5,1,fizz,refreshing,1
R19521,H00244,B40,,2026-09-22,2,0,,packaging,0
R19522,H00246,B47,,2026-09-22,1,0,,texture,0
R19523,H00534,B37,,2026-09-22,2,0,packaging,taste,0
R19524,H00603,B23,,2026-09-22,4,1,price,,1
R19525,H00665,B18,,2026-09-22,3,0,taste,,0
R19526,H00764,B30,,2026-09-22,3,0,jar size,,0
R19527,H00803,B38,,2026-09-22,5,1,texture,,0
R19528,H00834,B39,,2026-09-22,3,1,texture,,0
R19529,H00851,B05,,2026-09-22,4,1,seasoning,,1
R19530,H00911,B48,,2026-09-22,4,1,packaging,saltiness,0
R19531,H01367,B25,,2026-09-22,5,1,crunch,,1
R19532,H01830,B48,,2026-09-22,2,0,,saltiness,0
R19533,H01914,B49,,2026-09-22,3,1,texture,,0
R19534,H01937,B16,,2026-09-22,2,1,,price,0
R19535,H02484,B35,,2026-09-22,2,0,energy boost,taste,0
R19536,H02564,B18,,2026-09-22,2,0,,aftertaste,0
R19537,H03050,B07,,2026-09-22,3,1,,jar size,0
R19538,H03086,B28,,2026-09-22,1,0,energy boost,texture,0
R19539,H03217,B28,,2026-09-22,4,1,ingredients,,1
R19540,H03303,B39,,2026-09-22,5,1,texture,,1
R19541,H03353,B15,,2026-09-22,4,1,sweetness,,1
R19542,H03665,B36,,2026-09-22,2,0,,packaging,0
R19543,H03902,B29,,2026-09-22,2,0,,price,0
R19544,H03938,B01,,2026-09-22,5,1,price,,1
R19545,H04037,B39,,2026-09-22,5,1,versatility,,1
R19546,H04396,B10,,2026-09-22,4,0,aroma,packaging,0
R19547,H04406,B06,,2026-09-22,5,1,texture,,1
R19548,H04489,B02,,2026-09-22,5,1,saltiness,,1
R19549,H04573,B16,,2026-09-22,2,0,,fizz,0
R19550,H04727,B11,,2026-09-22,2,1,,fizz,0
R19551,H00095,B24,,2026-09-23,2,0,,ingredients,0
R19552,H00109,B17,,2026-09-23,5,1,aftertaste,,1
R19553,H00375,B27,,2026-09-23,3,0,,heat,0
R19554,H00444,B18,,2026-09-23,4,0,sweetness,refreshing,1
R19555,H00449,B32,,2026-09-23,4,1,price,,1
R19556,H00463,B41,,2026-09-23,3,1,,seasoning,0
R19557,H00484,B38,,2026-09-23,2,0,,ingredients,0
R19558,H00501,B21,,2026-09-23,4,1,refreshing,,1
R19559,H00667,B05,,2026-09-23,3,0,seasoning,,1
R19560,H00746,B22,,2026-09-23,2,1,,packaging,0
R19561,H00938,B15,,2026-09-23,2,0,price,taste,0
R19562,H01083,B36,,2026-09-23,2,0,seasoning,packaging,0
R19563,H01271,B31,,2026-09-23,4,0,heat,flavour depth,0
R19564,H01299,B18,,2026-09-23,3,0,sweetness,,0
R19565,H01399,B32,,2026-09-23,2,0,,usefulness,0
R19566,H01464,B02,,2026-09-23,5,1,crunch,,1
R19567,H01482,B47,,2026-09-23,4,1,sweetness,,0
R19568,H01493,B29,,2026-09-23,4,1,energy boost,,1
R19569,H01576,B27,,2026-09-23,3,0,,price,0
R19570,H01617,B22,,2026-09-23,2,0,,sweetness,0
R19571,H01708,B18,,2026-09-23,2,0,refreshing,price,0
R19572,H01714,B29,,2026-09-23,3,0,,energy boost,1
R19573,H02084,B03,,2026-09-23,3,0,price,,0
R19574,H02117,B08,,2026-09-23,2,0,heat,jar size,0
R19575,H02288,B32,,2026-09-23,2,0,,size,0
R19576,H02414,B10,,2026-09-23,3,0,,ingredients,0
R19577,H02743,B23,,2026-09-23,5,1,packaging,taste,1
R19578,H02844,B05,,2026-09-23,2,1,saltiness,seasoning,1
R19579,H02959,B41,,2026-09-23,3,0,price,,0
R19580,H03013,B20,,2026-09-23,5,1,packaging,sweetness,1
R19581,H03046,B45,,2026-09-23,3,0,,sweetness,1
R19582,H03233,B08,,2026-09-23,3,0,,texture,1
R19583,H03283,B31,,2026-09-23,3,0,texture,,0
R19584,H03308,B41,,2026-09-23,3,0,saltiness,,0
R19585,H03452,B18,,2026-09-23,3,0,,price,0
R19586,H03477,B24,,2026-09-23,5,1,strength,taste,1
R19587,H03754,B16,,2026-09-23,4,1,refreshing,,1
R19588,H03850,B47,,2026-09-23,5,1,ingredients,,1
R19589,H04119,B25,,2026-09-23,3,0,,price,0
R19590,H04128,B42,,2026-09-23,4,0,packaging,,0
R19591,H04154,B43,,2026-09-23,3,0,aftertaste,,1
R19592,H04154,B02,,2026-09-23,5,1,saltiness,packaging,0
R19593,H04195,B17,,2026-09-23,2,0,,fizz,0
R19594,H04389,B41,,2026-09-23,2,0,,seasoning,0
R19595,H04500,B18,,2026-09-23,4,1,taste,,1
R19596,H04543,B31,,2026-09-23,2,0,versatility,heat,0
R19597,H04641,B49,,2026-09-23,2,0,,sweetness,0
R19598,H04659,B01,,2026-09-23,4,1,crunch,,0
R19599,H04845,B22,,2026-09-23,1,0,,taste,0
R19600,H04924,B41,,2026-09-23,4,1,price,packaging,0
R19601,H00033,B09,,2026-09-24,3,0,,ingredients,0
R19602,H00314,B04,,2026-09-24,2,0,,price,0
R19603,H00357,B25,,2026-09-24,2,0,,seasoning,0
R19604,H00536,B14,,2026-09-24,5,1,fizz,packaging,0
R19605,H00606,B02,,2026-09-24,5,1,portion size,saltiness,1
R19606,H00675,B32,,2026-09-24,3,1,size,,0
R19607,H00859,B11,,2026-09-24,3,0,taste,,0
R19608,H00877,B30,,2026-09-24,3,1,jar size,,0
R19609,H01146,B19,,2026-09-24,5,1,texture,flavour depth,1
R19610,H01167,B25,,2026-09-24,1,1,,portion size,0
R19611,H01339,B27,,2026-09-24,3,1,,versatility,0
R19612,H01806,B36,,2026-09-24,1,0,,packaging,0
R19613,H01970,B40,,2026-09-24,3,0,,packaging,0
R19614,H02031,B09,,2026-09-24,5,1,sweetness,texture,1
R19615,H02099,B11,,2026-09-24,2,0,,packaging,0
R19616,H02235,B21,,2026-09-24,3,0,packaging,,0
R19617,H02286,B40,,2026-09-24,2,0,,refreshing,1
R19618,H02309,B28,,2026-09-24,3,1,texture,,1
R19619,H02351,B10,,2026-09-24,4,1,taste,,0
R19620,H02406,B39,,2026-09-24,4,1,jar size,,1
R19621,H02706,B22,,2026-09-24,4,0,sweetness,,1
R19622,H02865,B43,,2026-09-24,5,1,packaging,,1
R19623,H02897,B03,,2026-09-24,5,1,texture,,1
R19624,H03009,B14,,2026-09-24,2,1,,sweetness,0
R19625,H03032,B12,,2026-09-24,4,1,price,,0
R19626,H03227,B48,,2026-09-24,4,0,portion size,,0
R19627,H03281,B16,,2026-09-24,2,0,,packaging,0
R19628,H03285,B16,,2026-09-24,2,0,,refreshing,0
R19629,H03305,B34,,2026-09-24,3,1,taste,,0
R19630,H03410,B26,,2026-09-24,3,0,saltiness,,0
R19631,H03605,B39,,2026-09-24,4,1,jar size,,1
R19632,H03784,B17,,2026-09-24,1,0,,taste,0
R19633,H03803,B49,,2026-09-24,4,1,price,,1
R19634,H03811,B42,,2026-09-24,3,1,,strength,0
R19635,H03813,B20,,2026-09-24,3,1,sweetness,,0
R19636,H03863,B49,,2026-09-24,3,0,,taste,0
R19637,H03878,B14,,2026-09-24,4,1,taste,,1
R19638,H04554,B24,,2026-09-24,2,0,aroma,strength,0
R19639,H04790,B25,,2026-09-24,1,0,,packaging,0
R19640,H00032,B14,,2026-09-25,4,0,packaging,aftertaste,1
R19641,H00103,B40,,2026-09-25,4,0,refreshing,,1
R19642,H00216,B11,,2026-09-25,3,1,,price,1
R19643,H00304,B04,,2026-09-25,5,1,portion size,packaging,1
R19644,H00440,B40,,2026-09-25,3,1,sweetness,,1
R19645,H00499,B43,,2026-09-25,4,0,sweetness,,1
R19646,H00551,B49,,2026-09-25,4,1,taste,,0
R19647,H00737,B05,,2026-09-25,3,1,seasoning,,1
R19648,H00832,B16,,2026-09-25,4,0,taste,,0
R19649,H00841,B28,,2026-09-25,3,0,,portability,0
R19650,H01047,B06,,2026-09-25,4,1,price,,0
R19651,H01174,B25,,2026-09-25,5,1,price,,1
R19652,H01401,B40,,2026-09-25,4,1,fizz,,0
R19653,H01486,B13,,2026-09-25,1,0,,aftertaste,0
R19654,H01577,B44,,2026-09-25,4,1,taste,,0
R19655,H01604,B28,,2026-09-25,3,0,,taste,1
R19656,H01796,B06,,2026-09-25,2,1,,taste,0
R19657,H01797,B19,,2026-09-25,2,0,,flavour depth,0
R19658,H01811,B29,,2026-09-25,4,1,texture,,0
R19659,H01950,B15,,2026-09-25,2,0,,packaging,0
R19660,H01978,B28,,2026-09-25,3,1,energy boost,,0
R19661,H01996,B29,,2026-09-25,3,0,,portability,0
R19662,H02014,B12,,2026-09-25,5,1,sweetness,,1
R19663,H02045,B44,,2026-09-25,3,0,price,,0
R19664,H02101,B13,,2026-09-25,5,1,sweetness,,1
R19665,H02143,B32,,2026-09-25,1,0,,build quality,0
R19666,H02837,B11,,2026-09-25,4,0,fizz,,0
R19667,H03026,B47,,2026-09-25,3,1,,packaging,0
R19668,H03185,B49,,2026-09-25,2,0,,texture,0
R19669,H03361,B29,,2026-09-25,4,0,energy boost,portability,0
R19670,H03387,B37,,2026-09-25,3,1,,packaging,0
R19671,H03444,B19,,2026-09-25,5,1,jar size,,1
R19672,H03512,B24,,2026-09-25,5,1,strength,,1
R19673,H03535,B46,,2026-09-25,3,1,sweetness,,0
R19674,H03742,B14,,2026-09-25,5,1,fizz,,1
R19675,H03832,B04,,2026-09-25,5,1,packaging,,1
R19676,H03856,B22,,2026-09-25,3,0,price,,0
R19677,H03963,B34,,2026-09-25,4,0,strength,,1
R19678,H04014,B47,,2026-09-25,3,0,,taste,0
R19679,H04338,B16,,2026-09-25,5,1,fizz,aftertaste,0
R19680,H04378,B40,,2026-09-25,3,1,,sweetness,1
R19681,H04414,B25,,2026-09-25,2,1,,portion size,0
R19682,H04539,B08,,2026-09-25,3,1,,price,0
R19683,H04550,B06,,2026-09-25,3,0,,price,0
R19684,H04620,B28,,2026-09-25,5,1,energy boost,,1
R19685,H04791,B43,,2026-09-25,5,1,sweetness,,1
R19686,H04812,B07,,2026-09-25,3,0,,price,0
R19687,H04819,B25,,2026-09-25,2,0,,price,0
R19688,H04838,B36,,2026-09-25,2,0,,price,0
R19689,H04905,B11,,2026-09-25,3,0,price,,0
R19690,H00025,B18,,2026-09-26,5,0,price,,1
R19691,H00029,B06,,2026-09-26,2,0,ingredients,packaging,0
R19692,H00033,B26,,2026-09-26,3,1,,packaging,0
R19693,H00038,B03,,2026-09-26,4,1,texture,,0
R19694,H00121,B39,,2026-09-26,2,0,,jar size,0
R19695,H00172,B43,,2026-09-26,3,0,aftertaste,,0
R19696,H00254,B08,,2026-09-26,4,0,price,,1
R19697,H00307,B02,,2026-09-26,4,1,packaging,saltiness,0
R19698,H00346,B14,,2026-09-26,3,0,,taste,1
R19699,H00630,B36,,2026-09-26,5,1,saltiness,,1
R19700,H00720,B25,,2026-09-26,3,0,portion size,,0
R19701,H00909,B19,,2026-09-26,3,1,,flavour depth,1
R19702,H00925,B21,,2026-09-26,3,1,,refreshing,0
R19703,H00941,B48,,2026-09-26,5,1,packaging,,1
R19704,H00993,B40,,2026-09-26,1,0,,sweetness,1
R19705,H01309,B29,,2026-09-26,2,0,,taste,0
R19706,H01430,B14,,2026-09-26,2,0,,packaging,0
R19707,H01561,B49,,2026-09-26,5,1,texture,,1
R19708,H01582,B27,,2026-09-26,3,1,,versatility,0
R19709,H01660,B10,,2026-09-26,3,0,,aroma,0
R19710,H02002,B10,,2026-09-26,3,1,,price,0
R19711,H02205,B20,,2026-09-26,3,0,,fizz,1
R19712,H02322,B21,,2026-09-26,4,1,sweetness,aftertaste,0
R19713,H02347,B25,,2026-09-26,4,1,saltiness,,1
R19714,H02441,B01,,2026-09-26,3,1,crunch,,0
R19715,H02521,B29,,2026-09-26,3,0,taste,,0
R19716,H02574,B49,,2026-09-26,3,1,,packaging,0
R19717,H02580,B08,,2026-09-26,3,0,,heat,0
R19718,H02801,B29,,2026-09-26,5,1,price,,1
R19719,H02976,B34,,2026-09-26,4,1,aroma,ingredients,0
R19720,H03289,B26,,2026-09-26,3,0,,saltiness,0
R19721,H03353,B25,,2026-09-26,3,0,,seasoning,0
R19722,H03400,B19,,2026-09-26,5,1,heat,flavour depth,0
R19723,H03449,B03,,2026-09-26,3,0,,energy boost,0
R19724,H03505,B18,,2026-09-26,3,1,fizz,,0
R19725,H03593,B28,,2026-09-26,4,1,price,,0
R19726,H03699,B23,,2026-09-26,2,0,ingredients,packaging,0
R19727,H04162,B48,,2026-09-26,4,1,packaging,,0
R19728,H04275,B31,,2026-09-26,5,1,price,,1
R19729,H04283,B30,,2026-09-26,5,1,flavour depth,,1
R19730,H04483,B47,,2026-09-26,4,1,price,packaging,0
R19731,H04506,B05,,2026-09-26,1,0,saltiness,seasoning,0
R19732,H04520,B26,,2026-09-26,3,1,,portion size,1
R19733,H04564,B39,,2026-09-26,3,0,,flavour depth,0
R19734,H04589,B37,,2026-09-26,4,1,taste,,1
R19735,H04627,B16,,2026-09-26,5,1,refreshing,price,1
R19736,H04641,B29,,2026-09-26,2,0,texture,taste,0
R19737,H04725,B22,,2026-09-26,2,1,,sweetness,0
R19738,H04931,B10,,2026-09-26,5,1,ingredients,,1
R19739,H04937,B02,P059,2026-09-26,5,1,price,,0
R19740,H04941,B04,P059,2026-09-26,4,1,seasoning,,0
R19741,H04943,B03,P059,2026-09-26,4,1,ingredients,,0
R19742,H04945,B03,P059,2026-09-26,4,1,energy boost,,0
R19743,H04947,B29,,2026-09-26,4,1,ingredients,,0
R19744,H00083,B26,,2026-09-27,1,0,,portion size,0
R19745,H00189,B25,,2026-09-27,2,0,,price,0
R19746,H00196,B49,,2026-09-27,5,1,packaging,texture,1
R19747,H00643,B42,,2026-09-27,3,1,,price,1
R19748,H00660,B36,,2026-09-27,5,1,crunch,,0
R19749,H00804,B39,,2026-09-27,4,0,versatility,,0
R19750,H00817,B27,,2026-09-27,5,1,versatility,,1
R19751,H00889,B39,,2026-09-27,2,0,flavour depth,jar size,0
R19752,H01172,B22,,2026-09-27,5,1,texture,,1
R19753,H01304,B24,,2026-09-27,3,0,,ingredients,0
R19754,H01568,B02,,2026-09-27,3,0,seasoning,,0
R19755,H01832,B24,,2026-09-27,3,0,taste,,0
R19756,H01974,B45,,2026-09-27,2,0,,packaging,0
R19757,H01990,B48,,2026-09-27,4,0,crunch,,1
R19758,H01990,B01,,2026-09-27,3,0,seasoning,,1
R19759,H02284,B27,,2026-09-27,3,1,price,,0
R19760,H02559,B14,,2026-09-27,2,0,,taste,0
R19761,H02611,B10,,2026-09-27,3,0,,aroma,0
R19762,H02622,B21,,2026-09-27,4,1,aftertaste,,0
R19763,H02648,B06,,2026-09-27,3,0,packaging,,0
R19764,H02804,B12,,2026-09-27,3,1,price,,0
R19765,H02885,B26,,2026-09-27,2,0,price,portion size,0
R19766,H02927,B20,,2026-09-27,4,1,taste,,0
R19767,H02973,B23,,2026-09-27,5,1,price,,1
R19768,H02980,B09,,2026-09-27,2,0,,sweetness,0
R19769,H03128,B02,,2026-09-27,4,1,packaging,,1
R19770,H03187,B02,,2026-09-27,4,0,portion size,,0
R19771,H03197,B10,,2026-09-27,2,0,,taste,0
R19772,H03197,B31,,2026-09-27,2,0,,jar size,0
R19773,H03206,B19,,2026-09-27,4,0,flavour depth,price,0
R19774,H03332,B46,,2026-09-27,4,1,packaging,,0
R19775,H03371,B17,,2026-09-27,4,1,packaging,,0
R19776,H04079,B06,,2026-09-27,5,1,sweetness,,1
R19777,H04109,B38,,2026-09-27,4,1,sweetness,,0
R19778,H04158,B09,,2026-09-27,3,0,,texture,1
R19779,H04204,B19,,2026-09-27,2,1,,jar size,0
R19780,H04216,B07,,2026-09-27,3,0,price,,0
R19781,H04223,B11,,2026-09-27,5,1,sweetness,,1
R19782,H04376,B31,,2026-09-27,4,0,texture,versatility,1
R19783,H04382,B19,,2026-09-27,3,0,,jar size,0
R19784,H04566,B31,,2026-09-27,3,0,versatility,,0
R19785,H04602,B43,,2026-09-27,3,0,packaging,,0
R19786,H04661,B20,,2026-09-27,3,0,,refreshing,0
R19787,H04742,B21,,2026-09-27,5,1,fizz,sweetness,0
R19788,H04743,B09,,2026-09-27,4,0,packaging,,1
R19789,H04921,B01,,2026-09-27,3,0,price,,0
R19790,H04939,B04,P059,2026-09-27,3,0,seasoning,,0
R19791,H04947,B19,,2026-09-27,4,1,texture,,0
R19792,H04948,B05,,2026-09-27,3,1,,crunch,0
R19793,H04954,B06,,2026-09-27,3,0,,ingredients,0
R19794,H00273,B37,,2026-09-28,2,0,,sweetness,0
R19795,H00324,B22,,2026-09-28,3,0,,texture,0
R19796,H00403,B26,,2026-09-28,2,0,,packaging,0
R19797,H00563,B34,,2026-09-28,3,1,aroma,,1
R19798,H00588,B27,,2026-09-28,2,0,,texture,0
R19799,H00886,B27,,2026-09-28,3,1,versatility,,0
R19800,H00910,B24,,2026-09-28,1,0,price,packaging,0
R19801,H01061,B39,,2026-09-28,3,1,price,,0
R19802,H01109,B21,,2026-09-28,4,1,price,,1
R19803,H01340,B47,,2026-09-28,5,1,taste,,1
R19804,H02089,B07,,2026-09-28,3,0,,price,0
R19805,H02095,B47,,2026-09-28,4,0,ingredients,,0
R19806,H02149,B06,,2026-09-28,3,0,texture,,0
R19807,H02224,B06,,2026-09-28,4,1,price,sweetness,0
R19808,H02325,B12,,2026-09-28,4,1,price,,0
R19809,H02381,B02,,2026-09-28,3,0,crunch,,0
R19810,H02431,B08,,2026-09-28,2,0,texture,flavour depth,0
R19811,H02550,B23,,2026-09-28,3,0,,packaging,0
R19812,H02605,B15,,2026-09-28,4,0,price,,1
R19813,H02640,B19,,2026-09-28,5,1,texture,,1
R19814,H02873,B09,,2026-09-28,1,0,,taste,0
R19815,H02939,B02,,2026-09-28,4,1,packaging,,0
R19816,H03013,B19,,2026-09-28,5,1,versatility,heat,0
R19817,H03049,B35,,2026-09-28,2,0,,ingredients,0
R19818,H03155,B26,,2026-09-28,4,0,saltiness,,1
R19819,H03410,B14,,2026-09-28,4,1,taste,price,0
R19820,H03684,B42,,2026-09-28,3,1,aroma,,0
R19821,H03987,B46,,2026-09-28,2,0,,packaging,0
R19822,H04123,B05,,2026-09-28,3,0,,price,0
R19823,H04152,B36,,2026-09-28,2,0,,portion size,0
R19824,H04225,B22,,2026-09-28,5,1,packaging,,1
R19825,H04449,B23,,2026-09-28,5,1,packaging,,1
R19826,H04532,B39,,2026-09-28,4,0,flavour depth,,1
R19827,H04536,B19,,2026-09-28,3,0,heat,,0
R19828,H04566,B49,,2026-09-28,3,0,,price,0
R19829,H04798,B05,,2026-09-28,2,0,saltiness,seasoning,0
R19830,H04836,B30,,2026-09-28,3,1,texture,,1
R19831,H04836,B45,,2026-09-28,3,0,,aftertaste,0
R19832,H04841,B23,,2026-09-28,4,0,sweetness,taste,1
R19833,H04931,B02,P059,2026-09-28,4,1,portion size,,0
R19834,H04935,B03,P059,2026-09-28,4,1,taste,,0
R19835,H04936,B26,P059,2026-09-28,4,1,saltiness,,1
R19836,H04942,B03,P059,2026-09-28,4,0,price,,0
R19837,H00083,B08,,2026-09-29,4,1,jar size,,1
R19838,H00287,B41,,2026-09-29,5,1,price,,1
R19839,H00513,B43,,2026-09-29,4,1,refreshing,,0
R19840,H00595,B46,,2026-09-29,5,1,price,,1
R19841,H00701,B25,,2026-09-29,4,1,crunch,,1
R19842,H00709,B24,,2026-09-29,3,1,aroma,,0
R19843,H00724,B29,,2026-09-29,3,0,,ingredients,0
R19844,H00799,B30,,2026-09-29,2,0,texture,flavour depth,0
R19845,H00852,B23,,2026-09-29,1,0,,packaging,0
R19846,H00858,B36,,2026-09-29,2,1,,packaging,0
R19847,H00965,B39,,2026-09-29,5,1,jar size,flavour depth,1
R19848,H00966,B39,,2026-09-29,3,0,price,,0
R19849,H01394,B03,,2026-09-29,4,1,energy boost,,1
R19850,H01407,B16,,2026-09-29,4,1,price,,1
R19851,H01455,B12,,2026-09-29,3,0,,sweetness,0
R19852,H01610,B31,,2026-09-29,5,1,flavour depth,,1
R19853,H01916,B19,,2026-09-29,3,0,,price,0
R19854,H01990,B19,,2026-09-29,5,1,heat,texture,0
R19855,H02186,B20,,2026-09-29,5,1,price,,1
R19856,H02356,B21,,2026-09-29,3,0,,packaging,0
R19857,H02391,B31,,2026-09-29,2,0,,flavour depth,0
R19858,H02458,B37,,2026-09-29,3,0,price,,0
R19859,H02466,B27,,2026-09-29,5,1,jar size,,1
R19860,H02527,B01,,2026-09-29,4,1,crunch,,0
R19861,H02571,B02,,2026-09-29,3,1,,saltiness,1
R19862,H02822,B05,,2026-09-29,3,0,,packaging,0
R19863,H03037,B21,,2026-09-29,2,0,,price,0
R19864,H03064,B30,,2026-09-29,3,0,,flavour depth,0
R19865,H03097,B14,,2026-09-29,3,0,,refreshing,0
R19866,H03444,B33,,2026-09-29,3,1,,sweetness,0
R19867,H03752,B31,,2026-09-29,1,0,,texture,0
R19868,H03863,B47,,2026-09-29,3,0,packaging,,0
R19869,H03977,B11,,2026-09-29,2,0,,packaging,0
R19870,H04323,B36,,2026-09-29,4,1,packaging,,1
R19871,H04522,B21,,2026-09-29,2,0,,packaging,0
R19872,H04587,B45,,2026-09-29,3,1,,packaging,1
R19873,H04741,B17,,2026-09-29,3,0,,taste,1
R19874,H04854,B02,,2026-09-29,4,0,saltiness,,0
R19875,H04878,B18,,2026-09-29,3,0,,fizz,0
R19876,H04932,B26,P059,2026-09-29,5,1,seasoning,,1
R19877,H04938,B03,P059,2026-09-29,4,0,portability,energy boost,0
R19878,H04940,B26,P059,2026-09-29,5,1,saltiness,,1
R19879,H04947,B02,P059,2026-09-29,5,1,portion size,,0
R19880,H04964,B03,P060,2026-09-29,3,1,portability,,0
R19881,H04970,B26,P060,2026-09-29,4,1,price,,0
R19882,H04971,B26,P060,2026-09-29,4,0,seasoning,,0
R19883,H04975,B04,P060,2026-09-29,2,0,crunch,saltiness,0
R19884,H04983,B03,P060,2026-09-29,4,0,ingredients,taste,1
R19885,H04984,B04,P060,2026-09-29,5,1,crunch,,1
R19886,H00042,B33,,2026-09-30,2,1,,packaging,0
R19887,H00175,B46,,2026-09-30,3,0,aftertaste,,0
R19888,H00231,B43,,2026-09-30,1,0,,packaging,0
R19889,H00252,B23,,2026-09-30,1,0,,price,0
R19890,H00367,B06,,2026-09-30,4,1,sweetness,,0
R19891,H00401,B25,,2026-09-30,3,1,,portion size,0
R19892,H00541,B06,,2026-09-30,4,1,texture,,0
R19893,H00953,B29,,2026-09-30,5,1,ingredients,,1
R19894,H01230,B02,,2026-09-30,4,1,saltiness,,0
R19895,H01262,B36,,2026-09-30,5,1,crunch,,1
R19896,H01316,B30,,2026-09-30,3,0,price,,1
R19897,H01339,B01,,2026-09-30,3,1,,seasoning,0
R19898,H01367,B43,,2026-09-30,4,1,aftertaste,,0
R19899,H01510,B17,,2026-09-30,2,0,,aftertaste,1
R19900,H01545,B05,,2026-09-30,5,1,saltiness,,1
R19901,H01941,B39,,2026-09-30,5,1,price,,0
R19902,H01955,B21,,2026-09-30,5,1,refreshing,,0
R19903,H02055,B24,,2026-09-30,5,1,price,,1
R19904,H02447,B14,,2026-09-30,2,0,,aftertaste,0
R19905,H02457,B37,,2026-09-30,3,1,,taste,1
R19906,H02480,B04,,2026-09-30,2,1,,price,0
R19907,H02651,B06,,2026-09-30,3,0,,ingredients,0
R19908,H02652,B25,,2026-09-30,3,0,saltiness,,0
R19909,H02778,B36,,2026-09-30,4,0,saltiness,,1
R19910,H02949,B45,,2026-09-30,4,1,aftertaste,,1
R19911,H03067,B23,,2026-09-30,4,1,sweetness,,1
R19912,H03079,B31,,2026-09-30,5,1,flavour depth,,1
R19913,H03103,B22,,2026-09-30,1,0,,price,0
R19914,H03210,B04,,2026-09-30,3,0,saltiness,,1
R19915,H03225,B41,,2026-09-30,3,0,,price,0
R19916,H03238,B31,,2026-09-30,4,1,versatility,jar size,1
R19917,H03403,B30,,2026-09-30,3,0,jar size,,0
R19918,H03511,B46,,2026-09-30,3,0,,refreshing,0
R19919,H03537,B22,,2026-09-30,4,1,taste,,1
R19920,H03542,B08,,2026-09-30,5,1,price,,1
R19921,H03680,B07,,2026-09-30,5,1,flavour depth,,1
R19922,H03792,B24,,2026-09-30,5,1,taste,,1
R19923,H03968,B48,,2026-09-30,4,0,saltiness,,1
R19924,H03990,B31,,2026-09-30,3,0,price,,0
R19925,H04068,B09,,2026-09-30,2,0,,price,1
R19926,H04117,B43,,2026-09-30,3,0,,fizz,0
R19927,H04289,B19,,2026-09-30,5,1,jar size,,0
R19928,H04299,B37,,2026-09-30,2,0,sweetness,price,0
R19929,H04404,B21,,2026-09-30,3,0,taste,,0
R19930,H04545,B11,,2026-09-30,3,0,refreshing,,1
R19931,H04591,B26,,2026-09-30,5,1,seasoning,crunch,1
R19932,H04793,B08,,2026-09-30,3,1,,texture,0
R19933,H04823,B02,,2026-09-30,5,1,saltiness,,1
R19934,H04831,B46,,2026-09-30,3,0,fizz,,0
R19935,H04902,B14,,2026-09-30,3,1,,sweetness,0
R19936,H04944,B04,P059,2026-09-30,4,1,portion size,,0
R19937,H04963,B02,P060,2026-09-30,4,0,packaging,,0
R19938,H04972,B03,P060,2026-09-30,4,0,ingredients,,1
R19939,H04973,B04,P060,2026-09-30,5,1,packaging,,0
R19940,H04977,B26,P060,2026-09-30,4,1,packaging,,0
R19941,H04981,B02,P060,2026-09-30,5,1,crunch,,0
R19942,H04992,B36,,2026-09-30,2,0,seasoning,saltiness,0
R19943,H04993,B12,,2026-09-30,3,1,taste,,0
R19944,H04996,B10,,2026-09-30,5,1,price,,1
R19945,H04936,B02,P059,2026-10-01,3,0,packaging,,0
R19946,H04942,B17,P059,2026-10-01,1,0,,fizz,0
R19947,H04943,B17,P059,2026-10-01,4,1,sweetness,,0
R19948,H04963,B04,P060,2026-10-01,4,1,seasoning,,0
R19949,H04966,B03,P060,2026-10-01,4,0,energy boost,,0
R19950,H04971,B02,P060,2026-10-01,3,0,,packaging,1
R19951,H04974,B26,P060,2026-10-01,4,0,packaging,,0
R19952,H04976,B04,P060,2026-10-01,4,0,portion size,,1
R19953,H04979,B26,P060,2026-10-01,5,1,portion size,,0
R19954,H04983,B17,P060,2026-10-01,1,0,refreshing,taste,0
R19955,H04985,B04,P060,2026-10-01,4,1,portion size,,0
R19956,H04986,B03,P060,2026-10-01,5,1,portability,energy boost,0
R19957,H04933,B03,P059,2026-10-02,3,0,energy boost,,0
R19958,H04938,B04,P059,2026-10-02,5,1,price,,0
R19959,H04938,B17,P059,2026-10-02,4,1,fizz,price,0
R19960,H04941,B03,P059,2026-10-02,2,0,,energy boost,0
R19961,H04943,B02,P059,2026-10-02,5,1,seasoning,,0
R19962,H04945,B02,P059,2026-10-02,3,1,seasoning,,0
R19963,H04961,B04,P060,2026-10-02,3,1,,packaging,0
R19964,H04962,B17,P060,2026-10-02,4,0,taste,,0
R19965,H04966,B26,P060,2026-10-02,2,1,,crunch,0
R19966,H04968,B04,P060,2026-10-02,4,1,packaging,,1
R19967,H04968,B17,P060,2026-10-02,3,1,,price,0
R19968,H04971,B17,P060,2026-10-02,3,0,price,,0
R19969,H04972,B17,P060,2026-10-02,4,1,price,,0
R19970,H04977,B02,P060,2026-10-02,5,1,price,saltiness,1
R19971,H04980,B03,P060,2026-10-02,4,1,price,,0
R19972,H04983,B26,P060,2026-10-02,4,1,price,,0
R19973,H04986,B02,P060,2026-10-02,4,1,packaging,,0
R19974,H04987,B04,P060,2026-10-02,4,1,portion size,seasoning,1
R19975,H04934,B03,P059,2026-10-03,5,1,portability,price,0
R19976,H04967,B02,P060,2026-10-03,5,1,crunch,,1
R19977,H04972,B02,P060,2026-10-03,4,1,saltiness,,1
R19978,H04982,B17,P060,2026-10-03,3,0,taste,,0
R19979,H04967,B17,P060,2026-10-04,3,0,taste,,0
R19980,H04971,B04,P060,2026-10-04,3,0,,portion size,1
R19981,H04972,B26,P060,2026-10-04,3,0,,packaging,0
R19982,H04979,B02,P060,2026-10-04,4,1,packaging,,1
R19983,H04979,B03,P060,2026-10-04,5,0,energy boost,,0
R19984,H04982,B26,P060,2026-10-04,3,1,seasoning,,0
R19985,H04983,B04,P060,2026-10-04,3,0,,packaging,1
R19986,H04984,B17,P060,2026-10-04,3,0,,sweetness,0
R19987,H04969,B03,P060,2026-10-05,2,0,,texture,0
R19988,H04975,B17,P060,2026-10-05,4,1,sweetness,,0
R19989,H04975,B26,P060,2026-10-05,5,1,crunch,,0
R19990,H04978,B02,P060,2026-10-05,5,1,packaging,,1
R19991,H04978,B03,P060,2026-10-05,3,0,,taste,1
R19992,H04979,B04,P060,2026-10-05,2,0,,packaging,0
R19993,H04980,B04,P060,2026-10-05,4,1,price,,0
R19994,H04986,B26,P060,2026-10-05,3,0,,crunch,0
R19995,H04962,B02,P060,2026-10-06,4,1,packaging,,1
R19996,H04962,B04,P060,2026-10-06,4,1,crunch,,1
R19997,H04969,B02,P060,2026-10-06,4,1,crunch,saltiness,0
R19998,H04969,B04,P060,2026-10-06,4,0,saltiness,,0
R19999,H04973,B17,P060,2026-10-06,4,0,refreshing,,0
R20000,H04981,B26,P060,2026-10-06,4,1,price,crunch,0
