event_id,brand_id,fit,exp_signups,exp_reviews,exp_qrp,in_best_lineup,reason_1,reason_2,reason_3
E001,B01,0.8052,66.6,31.15,28.48,1,"Discovery need matches the expos crowd (brand 0.6, event 0.8)","91% of the crowd is in its target segments (students, young professionals, foodies)",Rated +0.1 stars against its pop-up average at expos (155 reviews)
E001,B02,0.214,66.6,23.29,6.02,0,"Value need matches the expos crowd (brand 0.3, event 0.9)","26% of the crowd is in its target segments (young professionals, fitness)",Rated -0.3 stars against its pop-up average at expos (21 reviews)
E001,B03,0.7466,66.6,30.26,24.43,0,"Energy need matches the expos crowd (brand 1.0, event 0.6)","81% of the crowd is in its target segments (students, young professionals)",Rated +0.4 stars against its pop-up average at expos (60 reviews)
E001,B04,0.4756,66.6,26.48,8.82,0,"Discovery need matches the expos crowd (brand 0.8, event 0.8)","33% of the crowd is in its target segments (young professionals, foodies)",No WatchHumans reviews at expos yet; fit comes from need states and audience
E001,B05,0.6984,66.6,29.55,25.41,1,"Value need matches the expos crowd (brand 0.5, event 0.9)","86% of the crowd is in its target segments (students, young professionals, families)",Rated -0.0 stars against its pop-up average at expos (220 reviews)
E001,B06,0.7329,66.6,30.06,25.85,1,"Value need matches the expos crowd (brand 0.6, event 0.9)","86% of the crowd is in its target segments (students, young professionals, families)",Rated +0.3 stars against its pop-up average at expos (22 reviews)
E001,B07,0.5061,66.6,26.88,8.95,0,"Discovery need matches the expos crowd (brand 0.5, event 0.8)","33% of the crowd is in its target segments (young professionals, foodies)",No WatchHumans reviews at expos yet; fit comes from need states and audience
E001,B08,0.7226,66.6,29.9,20.6,0,"Discovery need matches the expos crowd (brand 0.8, event 0.8)","69% of the crowd is in its target segments (students, foodies)",No WatchHumans reviews at expos yet; fit comes from need states and audience
E001,B09,0.4868,66.6,26.63,8.86,0,"Treat need matches the expos crowd (brand 0.9, event 0.5)","33% of the crowd is in its target segments (young professionals, foodies)",Rated +0.0 stars against its pop-up average at expos (59 reviews)
E001,B10,0.5319,66.6,27.23,17.27,0,"Treat need matches the expos crowd (brand 1.0, event 0.5)","63% of the crowd is in its target segments (students, families)",No WatchHumans reviews at expos yet; fit comes from need states and audience
E001,B11,0.6287,66.6,28.55,18.11,1,"Treat need matches the expos crowd (brand 1.0, event 0.5)","63% of the crowd is in its target segments (students, families)",Rated +0.2 stars against its pop-up average at expos (155 reviews)
E001,B12,0.3409,66.6,24.79,1.3,0,"Value need matches the expos crowd (brand 0.6, event 0.9)",5% of the crowd is in its target segments (families),Rated -0.1 stars against its pop-up average at expos (33 reviews)
E001,B13,0.4241,66.6,25.82,8.6,0,"Discovery need matches the expos crowd (brand 1.0, event 0.8)","33% of the crowd is in its target segments (young professionals, foodies)",Rated -0.1 stars against its pop-up average at expos (127 reviews)
E001,B14,0.3651,66.6,25.08,2.69,0,"Discovery need matches the expos crowd (brand 0.9, event 0.8)",11% of the crowd is in its target segments (foodies),Rated +0.1 stars against its pop-up average at expos (26 reviews)
E001,B15,0.3938,66.6,25.44,4.06,0,"Discovery need matches the expos crowd (brand 0.7, event 0.8)","16% of the crowd is in its target segments (families, foodies)",Rated +0.0 stars against its pop-up average at expos (15 reviews)
E001,B16,0.7091,66.6,29.71,23.99,1,"Value need matches the expos crowd (brand 0.5, event 0.9)","81% of the crowd is in its target segments (students, young professionals)",No WatchHumans reviews at expos yet; fit comes from need states and audience
E001,B17,0.6137,66.6,28.35,23.82,0,"Value need matches the expos crowd (brand 0.5, event 0.9)","84% of the crowd is in its target segments (students, young professionals, fitness)",Rated +0.1 stars against its pop-up average at expos (229 reviews)
E001,B18,0.5842,66.6,27.94,17.17,0,"Energy need matches the expos crowd (brand 0.9, event 0.6)","61% of the crowd is in its target segments (students, fitness)",No WatchHumans reviews at expos yet; fit comes from need states and audience
E001,B19,0.4066,66.6,25.6,6.62,0,"Energy need matches the expos crowd (brand 0.7, event 0.6)","26% of the crowd is in its target segments (young professionals, fitness)",No WatchHumans reviews at expos yet; fit comes from need states and audience
E001,B20,0.5079,66.6,26.91,7.49,0,"Value need matches the expos crowd (brand 0.4, event 0.9)","28% of the crowd is in its target segments (young professionals, families)",No WatchHumans reviews at expos yet; fit comes from need states and audience
E002,B01,0.8052,42.4,19.85,18.15,1,"Discovery need matches the expos crowd (brand 0.6, event 0.8)","91% of the crowd is in its target segments (students, young professionals, foodies)",Rated +0.1 stars against its pop-up average at expos (155 reviews)
E002,B02,0.214,42.4,14.84,3.84,0,"Value need matches the expos crowd (brand 0.3, event 0.9)","26% of the crowd is in its target segments (young professionals, fitness)",Rated -0.3 stars against its pop-up average at expos (21 reviews)
E002,B03,0.7466,42.4,19.28,15.57,0,"Energy need matches the expos crowd (brand 1.0, event 0.6)","81% of the crowd is in its target segments (students, young professionals)",Rated +0.4 stars against its pop-up average at expos (60 reviews)
E002,B04,0.4756,42.4,16.88,5.62,0,"Discovery need matches the expos crowd (brand 0.8, event 0.8)","33% of the crowd is in its target segments (young professionals, foodies)",No WatchHumans reviews at expos yet; fit comes from need states and audience
E002,B05,0.6984,42.4,18.83,16.19,1,"Value need matches the expos crowd (brand 0.5, event 0.9)","86% of the crowd is in its target segments (students, young professionals, families)",Rated -0.0 stars against its pop-up average at expos (220 reviews)
E002,B06,0.7329,42.4,19.15,16.47,1,"Value need matches the expos crowd (brand 0.6, event 0.9)","86% of the crowd is in its target segments (students, young professionals, families)",Rated +0.3 stars against its pop-up average at expos (22 reviews)
E002,B07,0.5061,42.4,17.13,5.7,0,"Discovery need matches the expos crowd (brand 0.5, event 0.8)","33% of the crowd is in its target segments (young professionals, foodies)",No WatchHumans reviews at expos yet; fit comes from need states and audience
E002,B08,0.7226,42.4,19.06,13.13,0,"Discovery need matches the expos crowd (brand 0.8, event 0.8)","69% of the crowd is in its target segments (students, foodies)",No WatchHumans reviews at expos yet; fit comes from need states and audience
E002,B09,0.4868,42.4,16.97,5.65,0,"Treat need matches the expos crowd (brand 0.9, event 0.5)","33% of the crowd is in its target segments (young professionals, foodies)",Rated +0.0 stars against its pop-up average at expos (59 reviews)
E002,B10,0.5319,42.4,17.35,11.0,0,"Treat need matches the expos crowd (brand 1.0, event 0.5)","63% of the crowd is in its target segments (students, families)",No WatchHumans reviews at expos yet; fit comes from need states and audience
E002,B11,0.6287,42.4,18.2,11.54,1,"Treat need matches the expos crowd (brand 1.0, event 0.5)","63% of the crowd is in its target segments (students, families)",Rated +0.2 stars against its pop-up average at expos (155 reviews)
E002,B12,0.3409,42.4,15.79,0.83,0,"Value need matches the expos crowd (brand 0.6, event 0.9)",5% of the crowd is in its target segments (families),Rated -0.1 stars against its pop-up average at expos (33 reviews)
E002,B13,0.4241,42.4,16.45,5.48,0,"Discovery need matches the expos crowd (brand 1.0, event 0.8)","33% of the crowd is in its target segments (young professionals, foodies)",Rated -0.1 stars against its pop-up average at expos (127 reviews)
E002,B14,0.3651,42.4,15.98,1.71,0,"Discovery need matches the expos crowd (brand 0.9, event 0.8)",11% of the crowd is in its target segments (foodies),Rated +0.1 stars against its pop-up average at expos (26 reviews)
E002,B15,0.3938,42.4,16.21,2.59,0,"Discovery need matches the expos crowd (brand 0.7, event 0.8)","16% of the crowd is in its target segments (families, foodies)",Rated +0.0 stars against its pop-up average at expos (15 reviews)
E002,B16,0.7091,42.4,18.93,15.29,1,"Value need matches the expos crowd (brand 0.5, event 0.9)","81% of the crowd is in its target segments (students, young professionals)",No WatchHumans reviews at expos yet; fit comes from need states and audience
E002,B17,0.6137,42.4,18.06,15.18,0,"Value need matches the expos crowd (brand 0.5, event 0.9)","84% of the crowd is in its target segments (students, young professionals, fitness)",Rated +0.1 stars against its pop-up average at expos (229 reviews)
E002,B18,0.5842,42.4,17.8,10.94,0,"Energy need matches the expos crowd (brand 0.9, event 0.6)","61% of the crowd is in its target segments (students, fitness)",No WatchHumans reviews at expos yet; fit comes from need states and audience
E002,B19,0.4066,42.4,16.31,4.22,0,"Energy need matches the expos crowd (brand 0.7, event 0.6)","26% of the crowd is in its target segments (young professionals, fitness)",No WatchHumans reviews at expos yet; fit comes from need states and audience
E002,B20,0.5079,42.4,17.15,4.77,0,"Value need matches the expos crowd (brand 0.4, event 0.9)","28% of the crowd is in its target segments (young professionals, families)",No WatchHumans reviews at expos yet; fit comes from need states and audience
E003,B01,0.6859,78.5,36.61,34.43,0,"Hydrate need matches the conferences crowd (brand 0.6, event 0.4)","94% of the crowd is in its target segments (students, young professionals, foodies)",Rated -0.0 stars against its pop-up average at conferences (107 reviews)
E003,B02,0.4072,78.5,31.92,18.84,0,"Hydrate need matches the conferences crowd (brand 1.0, event 0.4)","59% of the crowd is in its target segments (young professionals, fitness)",No WatchHumans reviews at conferences yet; fit comes from need states and audience
E003,B03,1.1074,78.5,45.05,40.75,1,"Energy need matches the conferences crowd (brand 1.0, event 0.9)","90% of the crowd is in its target segments (students, young professionals)",Rated +0.7 stars against its pop-up average at conferences (50 reviews)
E003,B04,0.4802,78.5,33.09,19.53,0,"Discovery need matches the conferences crowd (brand 0.8, event 0.4)","59% of the crowd is in its target segments (young professionals, foodies)",No WatchHumans reviews at conferences yet; fit comes from need states and audience
E003,B05,0.6358,78.5,35.72,33.16,1,"Value need matches the conferences crowd (brand 0.5, event 0.6)","93% of the crowd is in its target segments (students, young professionals, families)",Rated +0.0 stars against its pop-up average at conferences (107 reviews)
E003,B06,0.5847,78.5,34.83,32.34,0,"Value need matches the conferences crowd (brand 0.6, event 0.6)","93% of the crowd is in its target segments (students, young professionals, families)",No WatchHumans reviews at conferences yet; fit comes from need states and audience
E003,B07,0.5746,78.5,34.66,20.46,0,"Focus need matches the conferences crowd (brand 0.3, event 1.0)","59% of the crowd is in its target segments (young professionals, foodies)",No WatchHumans reviews at conferences yet; fit comes from need states and audience
E003,B08,0.4182,78.5,32.09,12.39,0,"Discovery need matches the conferences crowd (brand 0.8, event 0.4)","39% of the crowd is in its target segments (students, foodies)",No WatchHumans reviews at conferences yet; fit comes from need states and audience
E003,B09,0.6162,78.5,35.38,20.88,1,"Focus need matches the conferences crowd (brand 0.5, event 1.0)","59% of the crowd is in its target segments (young professionals, foodies)",Rated +0.1 stars against its pop-up average at conferences (52 reviews)
E003,B10,0.3417,78.5,30.91,11.56,0,"Treat need matches the conferences crowd (brand 1.0, event 0.4)","37% of the crowd is in its target segments (students, families)",No WatchHumans reviews at conferences yet; fit comes from need states and audience
E003,B11,0.3817,78.5,31.52,11.79,0,"Treat need matches the conferences crowd (brand 1.0, event 0.4)","37% of the crowd is in its target segments (students, families)",Rated -0.1 stars against its pop-up average at conferences (111 reviews)
E003,B12,0.2613,78.5,29.71,0.71,0,"Value need matches the conferences crowd (brand 0.6, event 0.6)",2% of the crowd is in its target segments (families),No WatchHumans reviews at conferences yet; fit comes from need states and audience
E003,B13,0.3013,78.5,30.3,17.88,0,"Discovery need matches the conferences crowd (brand 1.0, event 0.4)","59% of the crowd is in its target segments (young professionals, foodies)",Rated -0.4 stars against its pop-up average at conferences (94 reviews)
E003,B14,0.2005,78.5,28.83,1.03,0,"Discovery need matches the conferences crowd (brand 0.9, event 0.4)",4% of the crowd is in its target segments (foodies),No WatchHumans reviews at conferences yet; fit comes from need states and audience
E003,B15,0.2095,78.5,28.96,1.73,0,"Discovery need matches the conferences crowd (brand 0.7, event 0.4)","6% of the crowd is in its target segments (families, foodies)",Rated -0.2 stars against its pop-up average at conferences (40 reviews)
E003,B16,0.6981,78.5,36.83,33.32,1,"Focus need matches the conferences crowd (brand 0.3, event 1.0)","90% of the crowd is in its target segments (students, young professionals)",Rated +0.1 stars against its pop-up average at conferences (44 reviews)
E003,B17,0.8075,78.5,38.87,36.55,1,"Energy need matches the conferences crowd (brand 0.7, event 0.9)","94% of the crowd is in its target segments (students, young professionals, fitness)",Rated +0.4 stars against its pop-up average at conferences (125 reviews)
E003,B18,0.5956,78.5,35.02,13.52,0,"Energy need matches the conferences crowd (brand 0.9, event 0.9)","39% of the crowd is in its target segments (students, fitness)",Rated +0.3 stars against its pop-up average at conferences (46 reviews)
E003,B19,0.6207,78.5,35.46,20.92,0,"Energy need matches the conferences crowd (brand 0.7, event 0.9)","59% of the crowd is in its target segments (young professionals, fitness)",No WatchHumans reviews at conferences yet; fit comes from need states and audience
E003,B20,0.5675,78.5,34.54,19.97,0,"Focus need matches the conferences crowd (brand 0.3, event 1.0)","58% of the crowd is in its target segments (young professionals, families)",No WatchHumans reviews at conferences yet; fit comes from need states and audience
E004,B01,0.4347,57.0,14.94,7.77,0,"Hydrate need matches the sports crowd (brand 0.6, event 1.0)","52% of the crowd is in its target segments (students, young professionals, foodies)",Rated -0.6 stars against its pop-up average at sports (18 reviews)
E004,B02,0.947,57.0,19.22,15.03,1,"Hydrate need matches the sports crowd (brand 1.0, event 1.0)","78% of the crowd is in its target segments (young professionals, fitness)",Rated +0.5 stars against its pop-up average at sports (46 reviews)
E004,B03,0.2373,57.0,13.56,6.55,0,"Energy need matches the sports crowd (brand 1.0, event 0.5)","48% of the crowd is in its target segments (students, young professionals)",Rated -0.6 stars against its pop-up average at sports (33 reviews)
E004,B04,0.4596,57.0,15.12,6.53,0,"Hydrate need matches the sports crowd (brand 0.5, event 1.0)","43% of the crowd is in its target segments (young professionals, foodies)",No WatchHumans reviews at sports yet; fit comes from need states and audience
E004,B05,0.3376,57.0,14.24,8.2,1,"Sharing need matches the sports crowd (brand 0.9, event 0.5)","58% of the crowd is in its target segments (students, young professionals, families)",Rated -0.9 stars against its pop-up average at sports (5 reviews)
E004,B06,0.2992,57.0,13.97,8.05,1,"Sharing need matches the sports crowd (brand 1.0, event 0.5)","58% of the crowd is in its target segments (students, young professionals, families)",Rated -0.3 stars against its pop-up average at sports (31 reviews)
E004,B07,0.356,57.0,14.37,6.21,0,"Sharing need matches the sports crowd (brand 0.6, event 0.5)","43% of the crowd is in its target segments (young professionals, foodies)",Rated -0.3 stars against its pop-up average at sports (9 reviews)
E004,B08,0.176,57.0,13.15,1.65,0,"Sharing need matches the sports crowd (brand 0.5, event 0.5)","13% of the crowd is in its target segments (students, foodies)",Rated -0.4 stars against its pop-up average at sports (10 reviews)
E004,B09,0.2751,57.0,13.81,5.96,0,"Energy need matches the sports crowd (brand 0.5, event 0.5)","43% of the crowd is in its target segments (young professionals, foodies)",Rated -0.3 stars against its pop-up average at sports (10 reviews)
E004,B10,0.3109,57.0,14.05,2.54,0,"Hydrate need matches the sports crowd (brand 0.6, event 1.0)","18% of the crowd is in its target segments (students, families)",Rated -0.0 stars against its pop-up average at sports (17 reviews)
E004,B11,0.1923,57.0,13.26,2.4,0,"Sharing need matches the sports crowd (brand 0.6, event 0.5)","18% of the crowd is in its target segments (students, families)",Rated -0.4 stars against its pop-up average at sports (28 reviews)
E004,B12,0.2,57.0,13.31,1.24,0,"Value need matches the sports crowd (brand 0.6, event 0.3)",9% of the crowd is in its target segments (families),Rated -0.1 stars against its pop-up average at sports (23 reviews)
E004,B13,0.2374,57.0,13.56,5.85,0,"Sharing need matches the sports crowd (brand 0.7, event 0.5)","43% of the crowd is in its target segments (young professionals, foodies)",Rated +0.0 stars against its pop-up average at sports (13 reviews)
E004,B14,0.1399,57.0,12.92,0.48,0,"Sharing need matches the sports crowd (brand 0.5, event 0.5)",4% of the crowd is in its target segments (foodies),Rated -0.2 stars against its pop-up average at sports (10 reviews)
E004,B15,0.1621,57.0,13.06,1.7,0,"Sharing need matches the sports crowd (brand 0.6, event 0.5)","13% of the crowd is in its target segments (families, foodies)",Rated -0.7 stars against its pop-up average at sports (10 reviews)
E004,B16,0.3303,57.0,14.19,6.85,0,"Sharing need matches the sports crowd (brand 0.9, event 0.5)","48% of the crowd is in its target segments (students, young professionals)",Rated -0.3 stars against its pop-up average at sports (16 reviews)
E004,B17,0.6293,57.0,16.44,14.3,1,"Recover need matches the sports crowd (brand 0.9, event 0.9)","87% of the crowd is in its target segments (students, young professionals, fitness)",Rated -0.1 stars against its pop-up average at sports (7 reviews)
E004,B18,0.4234,57.0,14.86,7.06,0,"Recover need matches the sports crowd (brand 0.6, event 0.9)","48% of the crowd is in its target segments (students, fitness)",Rated -0.1 stars against its pop-up average at sports (58 reviews)
E004,B19,0.6482,57.0,16.59,12.98,1,"Recover need matches the sports crowd (brand 0.5, event 0.9)","78% of the crowd is in its target segments (young professionals, fitness)",Rated +0.3 stars against its pop-up average at sports (24 reviews)
E004,B20,0.3263,57.0,14.16,6.91,0,"Recover need matches the sports crowd (brand 0.2, event 0.9)","49% of the crowd is in its target segments (young professionals, families)",No WatchHumans reviews at sports yet; fit comes from need states and audience
E005,B01,0.8626,10.6,4.6,3.91,1,"Treat need matches the performing arts crowd (brand 0.6, event 0.9)","85% of the crowd is in its target segments (students, young professionals, foodies)",Rated +0.4 stars against its pop-up average at performing arts (7 reviews)
E005,B02,0.1911,10.6,3.31,1.78,0,"Hydrate need matches the performing arts crowd (brand 1.0, event 0.3)","54% of the crowd is in its target segments (young professionals, fitness)",Rated -0.6 stars against its pop-up average at performing arts (5 reviews)
E005,B03,0.3328,10.6,3.55,2.03,0,"Treat need matches the performing arts crowd (brand 0.3, event 0.9)","57% of the crowd is in its target segments (students, young professionals)",No WatchHumans reviews at performing arts yet; fit comes from need states and audience
E005,B04,0.6328,10.6,4.11,3.13,1,"Treat need matches the performing arts crowd (brand 0.4, event 0.9)","76% of the crowd is in its target segments (young professionals, foodies)",No WatchHumans reviews at performing arts yet; fit comes from need states and audience
E005,B05,0.7621,10.6,4.38,2.93,0,"Sharing need matches the performing arts crowd (brand 0.9, event 0.8)","67% of the crowd is in its target segments (students, young professionals, families)",Rated +0.2 stars against its pop-up average at performing arts (7 reviews)
E005,B06,0.7443,10.6,4.34,2.91,0,"Sharing need matches the performing arts crowd (brand 1.0, event 0.8)","67% of the crowd is in its target segments (students, young professionals, families)",No WatchHumans reviews at performing arts yet; fit comes from need states and audience
E005,B07,0.7108,10.6,4.27,3.26,1,"Sharing need matches the performing arts crowd (brand 0.6, event 0.8)","76% of the crowd is in its target segments (young professionals, foodies)",No WatchHumans reviews at performing arts yet; fit comes from need states and audience
E005,B08,0.5242,10.6,3.9,1.42,0,"Treat need matches the performing arts crowd (brand 0.5, event 0.9)","36% of the crowd is in its target segments (students, foodies)",No WatchHumans reviews at performing arts yet; fit comes from need states and audience
E005,B09,0.7317,10.6,4.32,3.29,1,"Treat need matches the performing arts crowd (brand 0.9, event 0.9)","76% of the crowd is in its target segments (young professionals, foodies)",No WatchHumans reviews at performing arts yet; fit comes from need states and audience
E005,B10,0.436,10.6,3.73,0.69,0,"Treat need matches the performing arts crowd (brand 1.0, event 0.9)","18% of the crowd is in its target segments (students, families)",No WatchHumans reviews at performing arts yet; fit comes from need states and audience
E005,B11,0.4309,10.6,3.72,0.69,0,"Treat need matches the performing arts crowd (brand 1.0, event 0.9)","18% of the crowd is in its target segments (students, families)",Rated -0.5 stars against its pop-up average at performing arts (9 reviews)
E005,B12,0.4202,10.6,3.7,0.36,0,"Treat need matches the performing arts crowd (brand 0.8, event 0.9)",10% of the crowd is in its target segments (families),Rated +0.3 stars against its pop-up average at performing arts (7 reviews)
E005,B13,0.7489,10.6,4.35,3.32,1,"Sharing need matches the performing arts crowd (brand 0.7, event 0.8)","76% of the crowd is in its target segments (young professionals, foodies)",Rated +0.4 stars against its pop-up average at performing arts (8 reviews)
E005,B14,0.4619,10.6,3.78,1.05,0,"Treat need matches the performing arts crowd (brand 0.5, event 0.9)",28% of the crowd is in its target segments (foodies),No WatchHumans reviews at performing arts yet; fit comes from need states and audience
E005,B15,0.5468,10.6,3.94,1.47,0,"Sharing need matches the performing arts crowd (brand 0.6, event 0.8)","37% of the crowd is in its target segments (families, foodies)",No WatchHumans reviews at performing arts yet; fit comes from need states and audience
E005,B16,0.6467,10.6,4.14,2.37,0,"Sharing need matches the performing arts crowd (brand 0.9, event 0.8)","57% of the crowd is in its target segments (students, young professionals)",No WatchHumans reviews at performing arts yet; fit comes from need states and audience
E005,B17,0.2881,10.6,3.47,2.17,0,"Treat need matches the performing arts crowd (brand 0.3, event 0.9)","63% of the crowd is in its target segments (students, young professionals, fitness)",No WatchHumans reviews at performing arts yet; fit comes from need states and audience
E005,B18,0.2532,10.6,3.41,0.48,0,"Treat need matches the performing arts crowd (brand 0.4, event 0.9)","14% of the crowd is in its target segments (students, fitness)",No WatchHumans reviews at performing arts yet; fit comes from need states and audience
E005,B19,0.2709,10.6,3.44,1.85,0,"Discovery need matches the performing arts crowd (brand 0.5, event 0.4)","54% of the crowd is in its target segments (young professionals, fitness)",No WatchHumans reviews at performing arts yet; fit comes from need states and audience
E005,B20,0.5136,10.6,3.88,2.26,0,"Treat need matches the performing arts crowd (brand 0.4, event 0.9)","58% of the crowd is in its target segments (young professionals, families)",Rated -0.3 stars against its pop-up average at performing arts (5 reviews)
E006,B01,0.3695,58.3,14.8,7.69,0,"Hydrate need matches the sports crowd (brand 0.6, event 1.0)","52% of the crowd is in its target segments (students, young professionals, foodies)",Rated -0.6 stars against its pop-up average at sports (18 reviews)
E006,B02,0.947,58.3,19.66,15.37,1,"Hydrate need matches the sports crowd (brand 1.0, event 1.0)","78% of the crowd is in its target segments (young professionals, fitness)",Rated +0.5 stars against its pop-up average at sports (46 reviews)
E006,B03,0.2017,58.3,13.63,6.58,0,"Energy need matches the sports crowd (brand 1.0, event 0.5)","48% of the crowd is in its target segments (students, young professionals)",Rated -0.6 stars against its pop-up average at sports (33 reviews)
E006,B04,0.3906,58.3,14.95,6.46,0,"Hydrate need matches the sports crowd (brand 0.5, event 1.0)","43% of the crowd is in its target segments (young professionals, foodies)",Penalised: needs chilling or freezing at an outdoor event
E006,B05,0.3376,58.3,14.57,8.39,1,"Sharing need matches the sports crowd (brand 0.9, event 0.5)","58% of the crowd is in its target segments (students, young professionals, families)",Rated -0.9 stars against its pop-up average at sports (5 reviews)
E006,B06,0.2992,58.3,14.3,8.23,1,"Sharing need matches the sports crowd (brand 1.0, event 0.5)","58% of the crowd is in its target segments (students, young professionals, families)",Rated -0.3 stars against its pop-up average at sports (31 reviews)
E006,B07,0.356,58.3,14.7,6.35,0,"Sharing need matches the sports crowd (brand 0.6, event 0.5)","43% of the crowd is in its target segments (young professionals, foodies)",Rated -0.3 stars against its pop-up average at sports (9 reviews)
E006,B08,0.176,58.3,13.46,1.68,0,"Sharing need matches the sports crowd (brand 0.5, event 0.5)","13% of the crowd is in its target segments (students, foodies)",Rated -0.4 stars against its pop-up average at sports (10 reviews)
E006,B09,0.2751,58.3,14.13,6.1,0,"Energy need matches the sports crowd (brand 0.5, event 0.5)","43% of the crowd is in its target segments (young professionals, foodies)",Rated -0.3 stars against its pop-up average at sports (10 reviews)
E006,B10,0.1585,58.3,13.34,2.42,0,"Hydrate need matches the sports crowd (brand 0.6, event 1.0)","18% of the crowd is in its target segments (students, families)",Rated -0.0 stars against its pop-up average at sports (17 reviews)
E006,B11,0.1923,58.3,13.56,2.46,0,"Sharing need matches the sports crowd (brand 0.6, event 0.5)","18% of the crowd is in its target segments (students, families)",Rated -0.4 stars against its pop-up average at sports (28 reviews)
E006,B12,0.2,58.3,13.61,1.26,0,"Value need matches the sports crowd (brand 0.6, event 0.3)",9% of the crowd is in its target segments (families),Rated -0.1 stars against its pop-up average at sports (23 reviews)
E006,B13,0.2374,58.3,13.87,5.99,0,"Sharing need matches the sports crowd (brand 0.7, event 0.5)","43% of the crowd is in its target segments (young professionals, foodies)",Rated +0.0 stars against its pop-up average at sports (13 reviews)
E006,B14,0.1399,58.3,13.22,0.49,0,"Sharing need matches the sports crowd (brand 0.5, event 0.5)",4% of the crowd is in its target segments (foodies),Rated -0.2 stars against its pop-up average at sports (10 reviews)
E006,B15,0.1621,58.3,13.36,1.74,0,"Sharing need matches the sports crowd (brand 0.6, event 0.5)","13% of the crowd is in its target segments (families, foodies)",Rated -0.7 stars against its pop-up average at sports (10 reviews)
E006,B16,0.2808,58.3,14.17,6.84,0,"Sharing need matches the sports crowd (brand 0.9, event 0.5)","48% of the crowd is in its target segments (students, young professionals)",Rated -0.3 stars against its pop-up average at sports (16 reviews)
E006,B17,0.6293,58.3,16.82,14.63,1,"Recover need matches the sports crowd (brand 0.9, event 0.9)","87% of the crowd is in its target segments (students, young professionals, fitness)",Rated -0.1 stars against its pop-up average at sports (7 reviews)
E006,B18,0.4234,58.3,15.2,7.22,0,"Recover need matches the sports crowd (brand 0.6, event 0.9)","48% of the crowd is in its target segments (students, fitness)",Rated -0.1 stars against its pop-up average at sports (58 reviews)
E006,B19,0.551,58.3,16.18,12.65,1,"Recover need matches the sports crowd (brand 0.5, event 0.9)","78% of the crowd is in its target segments (young professionals, fitness)",Rated +0.3 stars against its pop-up average at sports (24 reviews)
E006,B20,0.3263,58.3,14.49,7.07,0,"Recover need matches the sports crowd (brand 0.2, event 0.9)","49% of the crowd is in its target segments (young professionals, families)",No WatchHumans reviews at sports yet; fit comes from need states and audience
E007,B01,0.8052,96.9,45.3,41.43,1,"Discovery need matches the expos crowd (brand 0.6, event 0.8)","91% of the crowd is in its target segments (students, young professionals, foodies)",Rated +0.1 stars against its pop-up average at expos (155 reviews)
E007,B02,0.214,96.9,33.87,8.76,0,"Value need matches the expos crowd (brand 0.3, event 0.9)","26% of the crowd is in its target segments (young professionals, fitness)",Rated -0.3 stars against its pop-up average at expos (21 reviews)
E007,B03,0.7466,96.9,44.01,35.53,0,"Energy need matches the expos crowd (brand 1.0, event 0.6)","81% of the crowd is in its target segments (students, young professionals)",Rated +0.4 stars against its pop-up average at expos (60 reviews)
E007,B04,0.4756,96.9,38.52,12.82,0,"Discovery need matches the expos crowd (brand 0.8, event 0.8)","33% of the crowd is in its target segments (young professionals, foodies)",No WatchHumans reviews at expos yet; fit comes from need states and audience
E007,B05,0.6984,96.9,42.98,36.96,1,"Value need matches the expos crowd (brand 0.5, event 0.9)","86% of the crowd is in its target segments (students, young professionals, families)",Rated -0.0 stars against its pop-up average at expos (220 reviews)
E007,B06,0.7329,96.9,43.71,37.59,1,"Value need matches the expos crowd (brand 0.6, event 0.9)","86% of the crowd is in its target segments (students, young professionals, families)",Rated +0.3 stars against its pop-up average at expos (22 reviews)
E007,B07,0.5061,96.9,39.1,13.02,0,"Discovery need matches the expos crowd (brand 0.5, event 0.8)","33% of the crowd is in its target segments (young professionals, foodies)",No WatchHumans reviews at expos yet; fit comes from need states and audience
E007,B08,0.7226,96.9,43.49,29.96,0,"Discovery need matches the expos crowd (brand 0.8, event 0.8)","69% of the crowd is in its target segments (students, foodies)",No WatchHumans reviews at expos yet; fit comes from need states and audience
E007,B09,0.4868,96.9,38.73,12.89,0,"Treat need matches the expos crowd (brand 0.9, event 0.5)","33% of the crowd is in its target segments (young professionals, foodies)",Rated +0.0 stars against its pop-up average at expos (59 reviews)
E007,B10,0.5319,96.9,39.6,25.11,0,"Treat need matches the expos crowd (brand 1.0, event 0.5)","63% of the crowd is in its target segments (students, families)",No WatchHumans reviews at expos yet; fit comes from need states and audience
E007,B11,0.6287,96.9,41.53,26.34,1,"Treat need matches the expos crowd (brand 1.0, event 0.5)","63% of the crowd is in its target segments (students, families)",Rated +0.2 stars against its pop-up average at expos (155 reviews)
E007,B12,0.3409,96.9,36.05,1.89,0,"Value need matches the expos crowd (brand 0.6, event 0.9)",5% of the crowd is in its target segments (families),Rated -0.1 stars against its pop-up average at expos (33 reviews)
E007,B13,0.4241,96.9,37.55,12.5,0,"Discovery need matches the expos crowd (brand 1.0, event 0.8)","33% of the crowd is in its target segments (young professionals, foodies)",Rated -0.1 stars against its pop-up average at expos (127 reviews)
E007,B14,0.3651,96.9,36.48,3.91,0,"Discovery need matches the expos crowd (brand 0.9, event 0.8)",11% of the crowd is in its target segments (foodies),Rated +0.1 stars against its pop-up average at expos (26 reviews)
E007,B15,0.3938,96.9,37.0,5.91,0,"Discovery need matches the expos crowd (brand 0.7, event 0.8)","16% of the crowd is in its target segments (families, foodies)",Rated +0.0 stars against its pop-up average at expos (15 reviews)
E007,B16,0.7091,96.9,43.2,34.89,1,"Value need matches the expos crowd (brand 0.5, event 0.9)","81% of the crowd is in its target segments (students, young professionals)",No WatchHumans reviews at expos yet; fit comes from need states and audience
E007,B17,0.6137,96.9,41.22,34.64,0,"Value need matches the expos crowd (brand 0.5, event 0.9)","84% of the crowd is in its target segments (students, young professionals, fitness)",Rated +0.1 stars against its pop-up average at expos (229 reviews)
E007,B18,0.5842,96.9,40.63,24.97,0,"Energy need matches the expos crowd (brand 0.9, event 0.6)","61% of the crowd is in its target segments (students, fitness)",No WatchHumans reviews at expos yet; fit comes from need states and audience
E007,B19,0.4066,96.9,37.23,9.63,0,"Energy need matches the expos crowd (brand 0.7, event 0.6)","26% of the crowd is in its target segments (young professionals, fitness)",No WatchHumans reviews at expos yet; fit comes from need states and audience
E007,B20,0.5079,96.9,39.13,10.89,0,"Value need matches the expos crowd (brand 0.4, event 0.9)","28% of the crowd is in its target segments (young professionals, families)",No WatchHumans reviews at expos yet; fit comes from need states and audience
E008,B01,0.6993,83.0,32.46,21.3,1,"Discovery need matches the community crowd (brand 0.6, event 0.9)","66% of the crowd is in its target segments (students, young professionals, foodies)",Rated -0.1 stars against its pop-up average at community (236 reviews)
E008,B02,0.2264,83.0,25.73,9.53,0,"Hydrate need matches the community crowd (brand 1.0, event 0.3)","37% of the crowd is in its target segments (young professionals, fitness)",Rated -0.4 stars against its pop-up average at community (46 reviews)
E008,B03,0.2347,83.0,25.83,9.18,0,"Discovery need matches the community crowd (brand 0.3, event 0.9)","36% of the crowd is in its target segments (students, young professionals)",Rated -0.5 stars against its pop-up average at community (70 reviews)
E008,B04,0.6857,83.0,32.25,18.42,0,"Discovery need matches the community crowd (brand 0.8, event 0.9)","57% of the crowd is in its target segments (young professionals, foodies)",No WatchHumans reviews at community yet; fit comes from need states and audience
E008,B05,0.6806,83.0,32.17,19.28,1,"Sharing need matches the community crowd (brand 0.9, event 0.7)","60% of the crowd is in its target segments (students, young professionals, families)",Rated +0.1 stars against its pop-up average at community (186 reviews)
E008,B06,0.6874,83.0,32.27,19.34,1,"Sharing need matches the community crowd (brand 1.0, event 0.7)","60% of the crowd is in its target segments (students, young professionals, families)",Rated +0.3 stars against its pop-up average at community (11 reviews)
E008,B07,0.6863,83.0,32.26,18.43,0,"Discovery need matches the community crowd (brand 0.5, event 0.9)","57% of the crowd is in its target segments (young professionals, foodies)",Rated +0.1 stars against its pop-up average at community (12 reviews)
E008,B08,0.6163,83.0,31.17,12.02,0,"Discovery need matches the community crowd (brand 0.8, event 0.9)","39% of the crowd is in its target segments (students, foodies)",Rated +0.0 stars against its pop-up average at community (89 reviews)
E008,B09,0.6067,83.0,31.02,17.72,1,"Treat need matches the community crowd (brand 0.9, event 0.7)","57% of the crowd is in its target segments (young professionals, foodies)",Rated -0.0 stars against its pop-up average at community (77 reviews)
E008,B10,0.493,83.0,29.33,9.65,0,"Treat need matches the community crowd (brand 1.0, event 0.7)","33% of the crowd is in its target segments (students, families)",Rated +0.0 stars against its pop-up average at community (61 reviews)
E008,B11,0.4906,83.0,29.3,9.63,0,"Treat need matches the community crowd (brand 1.0, event 0.7)","33% of the crowd is in its target segments (students, families)",Rated +0.0 stars against its pop-up average at community (182 reviews)
E008,B12,0.4525,83.0,28.75,7.02,0,"Treat need matches the community crowd (brand 0.8, event 0.7)",24% of the crowd is in its target segments (families),Rated +0.1 stars against its pop-up average at community (40 reviews)
E008,B13,0.7633,83.0,33.5,19.14,1,"Discovery need matches the community crowd (brand 1.0, event 0.9)","57% of the crowd is in its target segments (young professionals, foodies)",Rated +0.3 stars against its pop-up average at community (229 reviews)
E008,B14,0.5564,83.0,30.26,9.1,0,"Discovery need matches the community crowd (brand 0.9, event 0.9)",30% of the crowd is in its target segments (foodies),Rated +0.1 stars against its pop-up average at community (16 reviews)
E008,B15,0.7973,83.0,34.07,18.56,0,"Discovery need matches the community crowd (brand 0.7, event 0.9)","54% of the crowd is in its target segments (families, foodies)",Rated +0.5 stars against its pop-up average at community (22 reviews)
E008,B16,0.5353,83.0,29.95,10.64,0,"Sharing need matches the community crowd (brand 0.9, event 0.7)","36% of the crowd is in its target segments (students, young professionals)",No WatchHumans reviews at community yet; fit comes from need states and audience
E008,B17,0.3078,83.0,26.78,12.19,0,"Value need matches the community crowd (brand 0.5, event 0.5)","46% of the crowd is in its target segments (students, young professionals, fitness)",Rated -0.4 stars against its pop-up average at community (150 reviews)
E008,B18,0.2631,83.0,26.2,4.84,0,"Treat need matches the community crowd (brand 0.4, event 0.7)","18% of the crowd is in its target segments (students, fitness)",Rated -0.6 stars against its pop-up average at community (11 reviews)
E008,B19,0.3515,83.0,27.36,10.13,0,"Discovery need matches the community crowd (brand 0.5, event 0.9)","37% of the crowd is in its target segments (young professionals, fitness)",Rated -0.1 stars against its pop-up average at community (30 reviews)
E008,B20,0.6053,83.0,31.0,15.95,0,"Discovery need matches the community crowd (brand 0.4, event 0.9)","51% of the crowd is in its target segments (young professionals, families)",Rated +0.0 stars against its pop-up average at community (52 reviews)
E009,B01,0.8626,15.7,6.84,5.81,1,"Treat need matches the performing arts crowd (brand 0.6, event 0.9)","85% of the crowd is in its target segments (students, young professionals, foodies)",Rated +0.4 stars against its pop-up average at performing arts (7 reviews)
E009,B02,0.1911,15.7,4.92,2.65,0,"Hydrate need matches the performing arts crowd (brand 1.0, event 0.3)","54% of the crowd is in its target segments (young professionals, fitness)",Rated -0.6 stars against its pop-up average at performing arts (5 reviews)
E009,B03,0.3328,15.7,5.27,3.02,0,"Treat need matches the performing arts crowd (brand 0.3, event 0.9)","57% of the crowd is in its target segments (students, young professionals)",No WatchHumans reviews at performing arts yet; fit comes from need states and audience
E009,B04,0.6328,15.7,6.11,4.66,1,"Treat need matches the performing arts crowd (brand 0.4, event 0.9)","76% of the crowd is in its target segments (young professionals, foodies)",No WatchHumans reviews at performing arts yet; fit comes from need states and audience
E009,B05,0.7621,15.7,6.51,4.36,0,"Sharing need matches the performing arts crowd (brand 0.9, event 0.8)","67% of the crowd is in its target segments (students, young professionals, families)",Rated +0.2 stars against its pop-up average at performing arts (7 reviews)
E009,B06,0.7443,15.7,6.45,4.32,0,"Sharing need matches the performing arts crowd (brand 1.0, event 0.8)","67% of the crowd is in its target segments (students, young professionals, families)",No WatchHumans reviews at performing arts yet; fit comes from need states and audience
E009,B07,0.7108,15.7,6.35,4.84,1,"Sharing need matches the performing arts crowd (brand 0.6, event 0.8)","76% of the crowd is in its target segments (young professionals, foodies)",No WatchHumans reviews at performing arts yet; fit comes from need states and audience
E009,B08,0.5242,15.7,5.79,2.11,0,"Treat need matches the performing arts crowd (brand 0.5, event 0.9)","36% of the crowd is in its target segments (students, foodies)",No WatchHumans reviews at performing arts yet; fit comes from need states and audience
E009,B09,0.7317,15.7,6.41,4.89,1,"Treat need matches the performing arts crowd (brand 0.9, event 0.9)","76% of the crowd is in its target segments (young professionals, foodies)",No WatchHumans reviews at performing arts yet; fit comes from need states and audience
E009,B10,0.436,15.7,5.55,1.02,0,"Treat need matches the performing arts crowd (brand 1.0, event 0.9)","18% of the crowd is in its target segments (students, families)",No WatchHumans reviews at performing arts yet; fit comes from need states and audience
E009,B11,0.4309,15.7,5.53,1.02,0,"Treat need matches the performing arts crowd (brand 1.0, event 0.9)","18% of the crowd is in its target segments (students, families)",Rated -0.5 stars against its pop-up average at performing arts (9 reviews)
E009,B12,0.4202,15.7,5.5,0.53,0,"Treat need matches the performing arts crowd (brand 0.8, event 0.9)",10% of the crowd is in its target segments (families),Rated +0.3 stars against its pop-up average at performing arts (7 reviews)
E009,B13,0.7489,15.7,6.47,4.93,1,"Sharing need matches the performing arts crowd (brand 0.7, event 0.8)","76% of the crowd is in its target segments (young professionals, foodies)",Rated +0.4 stars against its pop-up average at performing arts (8 reviews)
E009,B14,0.4619,15.7,5.62,1.56,0,"Treat need matches the performing arts crowd (brand 0.5, event 0.9)",28% of the crowd is in its target segments (foodies),No WatchHumans reviews at performing arts yet; fit comes from need states and audience
E009,B15,0.5468,15.7,5.86,2.19,0,"Sharing need matches the performing arts crowd (brand 0.6, event 0.8)","37% of the crowd is in its target segments (families, foodies)",No WatchHumans reviews at performing arts yet; fit comes from need states and audience
E009,B16,0.6467,15.7,6.15,3.52,0,"Sharing need matches the performing arts crowd (brand 0.9, event 0.8)","57% of the crowd is in its target segments (students, young professionals)",No WatchHumans reviews at performing arts yet; fit comes from need states and audience
E009,B17,0.2881,15.7,5.16,3.23,0,"Treat need matches the performing arts crowd (brand 0.3, event 0.9)","63% of the crowd is in its target segments (students, young professionals, fitness)",No WatchHumans reviews at performing arts yet; fit comes from need states and audience
E009,B18,0.2532,15.7,5.07,0.71,0,"Treat need matches the performing arts crowd (brand 0.4, event 0.9)","14% of the crowd is in its target segments (students, fitness)",No WatchHumans reviews at performing arts yet; fit comes from need states and audience
E009,B19,0.2709,15.7,5.11,2.75,0,"Discovery need matches the performing arts crowd (brand 0.5, event 0.4)","54% of the crowd is in its target segments (young professionals, fitness)",No WatchHumans reviews at performing arts yet; fit comes from need states and audience
E009,B20,0.5136,15.7,5.76,3.35,0,"Treat need matches the performing arts crowd (brand 0.4, event 0.9)","58% of the crowd is in its target segments (young professionals, families)",Rated -0.3 stars against its pop-up average at performing arts (5 reviews)
E010,B01,0.7866,41.9,18.61,15.68,1,"Hydrate need matches the festivals crowd (brand 0.6, event 1.0)","84% of the crowd is in its target segments (students, young professionals, foodies)",Rated +0.2 stars against its pop-up average at festivals (64 reviews)
E010,B02,0.5063,41.9,16.22,7.85,0,"Hydrate need matches the festivals crowd (brand 1.0, event 1.0)","48% of the crowd is in its target segments (young professionals, fitness)",Rated +0.2 stars against its pop-up average at festivals (16 reviews)
E010,B03,0.3539,41.9,15.04,10.18,0,"Energy need matches the festivals crowd (brand 1.0, event 0.6)","68% of the crowd is in its target segments (students, young professionals)",Penalised: needs chilling or freezing at an outdoor event
E010,B04,0.5848,41.9,16.85,9.54,0,"Discovery need matches the festivals crowd (brand 0.8, event 0.7)","57% of the crowd is in its target segments (young professionals, foodies)",Rated +0.0 stars against its pop-up average at festivals (48 reviews)
E010,B05,0.5891,41.9,16.89,12.68,1,"Sharing need matches the festivals crowd (brand 0.9, event 0.6)","75% of the crowd is in its target segments (students, young professionals, families)",Rated -0.0 stars against its pop-up average at festivals (39 reviews)
E010,B06,0.5727,41.9,16.75,12.58,1,"Sharing need matches the festivals crowd (brand 1.0, event 0.6)","75% of the crowd is in its target segments (students, young professionals, families)",Rated +0.0 stars against its pop-up average at festivals (40 reviews)
E010,B07,0.5535,41.9,16.6,9.4,0,"Sharing need matches the festivals crowd (brand 0.6, event 0.6)","57% of the crowd is in its target segments (young professionals, foodies)",Rated +0.1 stars against its pop-up average at festivals (25 reviews)
E010,B08,0.4839,41.9,16.04,7.09,0,"Discovery need matches the festivals crowd (brand 0.8, event 0.7)","44% of the crowd is in its target segments (students, foodies)",No WatchHumans reviews at festivals yet; fit comes from need states and audience
E010,B09,0.5275,41.9,16.39,9.28,1,"Treat need matches the festivals crowd (brand 0.9, event 0.7)","57% of the crowd is in its target segments (young professionals, foodies)",No WatchHumans reviews at festivals yet; fit comes from need states and audience
E010,B10,0.2656,41.9,14.41,5.04,0,"Treat need matches the festivals crowd (brand 1.0, event 0.7)","35% of the crowd is in its target segments (students, families)",Penalised: needs chilling or freezing at an outdoor event
E010,B11,0.4054,41.9,15.43,5.4,0,"Treat need matches the festivals crowd (brand 1.0, event 0.7)","35% of the crowd is in its target segments (students, families)",Rated -0.1 stars against its pop-up average at festivals (56 reviews)
E010,B12,0.3163,41.9,14.77,1.09,0,"Treat need matches the festivals crowd (brand 0.8, event 0.7)",7% of the crowd is in its target segments (families),No WatchHumans reviews at festivals yet; fit comes from need states and audience
E010,B13,0.4812,41.9,16.02,9.07,0,"Discovery need matches the festivals crowd (brand 1.0, event 0.7)","57% of the crowd is in its target segments (young professionals, foodies)",Rated -0.2 stars against its pop-up average at festivals (37 reviews)
E010,B14,0.3533,41.9,15.04,2.49,0,"Discovery need matches the festivals crowd (brand 0.9, event 0.7)",17% of the crowd is in its target segments (foodies),No WatchHumans reviews at festivals yet; fit comes from need states and audience
E010,B15,0.4193,41.9,15.54,3.72,0,"Discovery need matches the festivals crowd (brand 0.7, event 0.7)","24% of the crowd is in its target segments (families, foodies)",Rated +0.3 stars against its pop-up average at festivals (10 reviews)
E010,B16,0.4705,41.9,15.93,10.78,1,"Sharing need matches the festivals crowd (brand 0.9, event 0.6)","68% of the crowd is in its target segments (students, young professionals)",Penalised: needs chilling or freezing at an outdoor event
E010,B17,0.4166,41.9,15.52,11.8,0,"Energy need matches the festivals crowd (brand 0.7, event 0.6)","76% of the crowd is in its target segments (students, young professionals, fitness)",Rated -0.3 stars against its pop-up average at festivals (44 reviews)
E010,B18,0.3704,41.9,15.17,5.46,0,"Energy need matches the festivals crowd (brand 0.9, event 0.6)","36% of the crowd is in its target segments (students, fitness)",No WatchHumans reviews at festivals yet; fit comes from need states and audience
E010,B19,0.3766,41.9,15.21,7.37,0,"Energy need matches the festivals crowd (brand 0.7, event 0.6)","48% of the crowd is in its target segments (young professionals, fitness)",Rated -0.1 stars against its pop-up average at festivals (20 reviews)
E010,B20,0.437,41.9,15.67,7.43,0,"Discovery need matches the festivals crowd (brand 0.4, event 0.7)","47% of the crowd is in its target segments (young professionals, families)",No WatchHumans reviews at festivals yet; fit comes from need states and audience
E011,B01,0.6859,98.0,45.73,43.01,0,"Hydrate need matches the conferences crowd (brand 0.6, event 0.4)","94% of the crowd is in its target segments (students, young professionals, foodies)",Rated -0.0 stars against its pop-up average at conferences (107 reviews)
E011,B02,0.4072,98.0,39.88,23.53,0,"Hydrate need matches the conferences crowd (brand 1.0, event 0.4)","59% of the crowd is in its target segments (young professionals, fitness)",No WatchHumans reviews at conferences yet; fit comes from need states and audience
E011,B03,1.1074,98.0,56.27,50.9,1,"Energy need matches the conferences crowd (brand 1.0, event 0.9)","90% of the crowd is in its target segments (students, young professionals)",Rated +0.7 stars against its pop-up average at conferences (50 reviews)
E011,B04,0.4802,98.0,41.33,24.39,0,"Discovery need matches the conferences crowd (brand 0.8, event 0.4)","59% of the crowd is in its target segments (young professionals, foodies)",No WatchHumans reviews at conferences yet; fit comes from need states and audience
E011,B05,0.6358,98.0,44.62,41.43,1,"Value need matches the conferences crowd (brand 0.5, event 0.6)","93% of the crowd is in its target segments (students, young professionals, families)",Rated +0.0 stars against its pop-up average at conferences (107 reviews)
E011,B06,0.5847,98.0,43.51,40.4,0,"Value need matches the conferences crowd (brand 0.6, event 0.6)","93% of the crowd is in its target segments (students, young professionals, families)",No WatchHumans reviews at conferences yet; fit comes from need states and audience
E011,B07,0.5746,98.0,43.3,25.55,0,"Focus need matches the conferences crowd (brand 0.3, event 1.0)","59% of the crowd is in its target segments (young professionals, foodies)",No WatchHumans reviews at conferences yet; fit comes from need states and audience
E011,B08,0.4182,98.0,40.09,15.47,0,"Discovery need matches the conferences crowd (brand 0.8, event 0.4)","39% of the crowd is in its target segments (students, foodies)",No WatchHumans reviews at conferences yet; fit comes from need states and audience
E011,B09,0.6162,98.0,44.19,26.08,1,"Focus need matches the conferences crowd (brand 0.5, event 1.0)","59% of the crowd is in its target segments (young professionals, foodies)",Rated +0.1 stars against its pop-up average at conferences (52 reviews)
E011,B10,0.3417,98.0,38.61,14.44,0,"Treat need matches the conferences crowd (brand 1.0, event 0.4)","37% of the crowd is in its target segments (students, families)",No WatchHumans reviews at conferences yet; fit comes from need states and audience
E011,B11,0.3817,98.0,39.38,14.73,0,"Treat need matches the conferences crowd (brand 1.0, event 0.4)","37% of the crowd is in its target segments (students, families)",Rated -0.1 stars against its pop-up average at conferences (111 reviews)
E011,B12,0.2613,98.0,37.11,0.89,0,"Value need matches the conferences crowd (brand 0.6, event 0.6)",2% of the crowd is in its target segments (families),No WatchHumans reviews at conferences yet; fit comes from need states and audience
E011,B13,0.3013,98.0,37.85,22.34,0,"Discovery need matches the conferences crowd (brand 1.0, event 0.4)","59% of the crowd is in its target segments (young professionals, foodies)",Rated -0.4 stars against its pop-up average at conferences (94 reviews)
E011,B14,0.2005,98.0,36.02,1.29,0,"Discovery need matches the conferences crowd (brand 0.9, event 0.4)",4% of the crowd is in its target segments (foodies),No WatchHumans reviews at conferences yet; fit comes from need states and audience
E011,B15,0.2095,98.0,36.18,2.16,0,"Discovery need matches the conferences crowd (brand 0.7, event 0.4)","6% of the crowd is in its target segments (families, foodies)",Rated -0.2 stars against its pop-up average at conferences (40 reviews)
E011,B16,0.6981,98.0,46.01,41.62,1,"Focus need matches the conferences crowd (brand 0.3, event 1.0)","90% of the crowd is in its target segments (students, young professionals)",Rated +0.1 stars against its pop-up average at conferences (44 reviews)
E011,B17,0.8075,98.0,48.55,45.66,1,"Energy need matches the conferences crowd (brand 0.7, event 0.9)","94% of the crowd is in its target segments (students, young professionals, fitness)",Rated +0.4 stars against its pop-up average at conferences (125 reviews)
E011,B18,0.5956,98.0,43.75,16.89,0,"Energy need matches the conferences crowd (brand 0.9, event 0.9)","39% of the crowd is in its target segments (students, fitness)",Rated +0.3 stars against its pop-up average at conferences (46 reviews)
E011,B19,0.6207,98.0,44.29,26.14,0,"Energy need matches the conferences crowd (brand 0.7, event 0.9)","59% of the crowd is in its target segments (young professionals, fitness)",No WatchHumans reviews at conferences yet; fit comes from need states and audience
E011,B20,0.5675,98.0,43.15,24.95,0,"Focus need matches the conferences crowd (brand 0.3, event 1.0)","58% of the crowd is in its target segments (young professionals, families)",No WatchHumans reviews at conferences yet; fit comes from need states and audience
E012,B01,0.5622,56.9,20.81,12.16,1,"Discovery need matches the community crowd (brand 0.6, event 0.9)","58% of the crowd is in its target segments (students, young professionals, foodies)",Rated -0.1 stars against its pop-up average at community (236 reviews)
E012,B02,0.2261,56.9,17.64,6.51,0,"Hydrate need matches the community crowd (brand 1.0, event 0.3)","37% of the crowd is in its target segments (young professionals, fitness)",Rated -0.4 stars against its pop-up average at community (46 reviews)
E012,B03,0.1992,56.9,17.4,6.16,0,"Discovery need matches the community crowd (brand 0.3, event 0.9)","35% of the crowd is in its target segments (students, young professionals)",Rated -0.5 stars against its pop-up average at community (70 reviews)
E012,B04,0.5492,56.9,20.67,10.34,0,"Discovery need matches the community crowd (brand 0.8, event 0.9)","50% of the crowd is in its target segments (young professionals, foodies)",Penalised: needs chilling or freezing at an outdoor event
E012,B05,0.7186,56.9,22.47,15.05,1,"Sharing need matches the community crowd (brand 0.9, event 0.7)","67% of the crowd is in its target segments (students, young professionals, families)",Rated +0.1 stars against its pop-up average at community (186 reviews)
E012,B06,0.7257,56.9,22.55,15.11,1,"Sharing need matches the community crowd (brand 1.0, event 0.7)","67% of the crowd is in its target segments (students, young professionals, families)",Rated +0.3 stars against its pop-up average at community (11 reviews)
E012,B07,0.6468,56.9,21.69,10.84,0,"Discovery need matches the community crowd (brand 0.5, event 0.9)","50% of the crowd is in its target segments (young professionals, foodies)",Rated +0.1 stars against its pop-up average at community (12 reviews)
E012,B08,0.575,56.9,20.94,6.6,0,"Discovery need matches the community crowd (brand 0.8, event 0.9)","31% of the crowd is in its target segments (students, foodies)",Rated +0.0 stars against its pop-up average at community (89 reviews)
E012,B09,0.5718,56.9,20.9,10.45,1,"Treat need matches the community crowd (brand 0.9, event 0.7)","50% of the crowd is in its target segments (young professionals, foodies)",Rated -0.0 stars against its pop-up average at community (77 reviews)
E012,B10,0.2695,56.9,18.02,7.22,0,"Treat need matches the community crowd (brand 1.0, event 0.7)","40% of the crowd is in its target segments (students, families)",Rated +0.0 stars against its pop-up average at community (61 reviews)
E012,B11,0.5259,56.9,20.44,8.19,0,"Treat need matches the community crowd (brand 1.0, event 0.7)","40% of the crowd is in its target segments (students, families)",Rated +0.0 stars against its pop-up average at community (182 reviews)
E012,B12,0.4883,56.9,20.06,6.34,0,"Treat need matches the community crowd (brand 0.8, event 0.7)",32% of the crowd is in its target segments (families),Rated +0.1 stars against its pop-up average at community (40 reviews)
E012,B13,0.7193,56.9,22.48,11.24,0,"Discovery need matches the community crowd (brand 1.0, event 0.9)","50% of the crowd is in its target segments (young professionals, foodies)",Rated +0.3 stars against its pop-up average at community (229 reviews)
E012,B14,0.5159,56.9,20.34,4.69,0,"Discovery need matches the community crowd (brand 0.9, event 0.9)",23% of the crowd is in its target segments (foodies),Rated +0.1 stars against its pop-up average at community (16 reviews)
E012,B15,0.7985,56.9,23.37,12.78,1,"Discovery need matches the community crowd (brand 0.7, event 0.9)","55% of the crowd is in its target segments (families, foodies)",Rated +0.5 stars against its pop-up average at community (22 reviews)
E012,B16,0.4544,56.9,19.73,6.98,0,"Sharing need matches the community crowd (brand 0.9, event 0.7)","35% of the crowd is in its target segments (students, young professionals)",Penalised: needs chilling or freezing at an outdoor event
E012,B17,0.3073,56.9,18.35,8.32,0,"Value need matches the community crowd (brand 0.5, event 0.5)","45% of the crowd is in its target segments (students, young professionals, fitness)",Rated -0.4 stars against its pop-up average at community (150 reviews)
E012,B18,0.2629,56.9,17.96,3.3,0,"Treat need matches the community crowd (brand 0.4, event 0.7)","18% of the crowd is in its target segments (students, fitness)",Rated -0.6 stars against its pop-up average at community (11 reviews)
E012,B19,0.2983,56.9,18.27,6.74,0,"Discovery need matches the community crowd (brand 0.5, event 0.9)","37% of the crowd is in its target segments (young professionals, fitness)",Rated -0.1 stars against its pop-up average at community (30 reviews)
E012,B20,0.6417,56.9,21.64,12.67,0,"Discovery need matches the community crowd (brand 0.4, event 0.9)","59% of the crowd is in its target segments (young professionals, families)",Rated +0.0 stars against its pop-up average at community (52 reviews)
E013,B01,0.3695,56.5,14.33,7.45,0,"Hydrate need matches the sports crowd (brand 0.6, event 1.0)","52% of the crowd is in its target segments (students, young professionals, foodies)",Rated -0.6 stars against its pop-up average at sports (18 reviews)
E013,B02,0.947,56.5,19.03,14.88,1,"Hydrate need matches the sports crowd (brand 1.0, event 1.0)","78% of the crowd is in its target segments (young professionals, fitness)",Rated +0.5 stars against its pop-up average at sports (46 reviews)
E013,B03,0.2017,56.5,13.19,6.37,0,"Energy need matches the sports crowd (brand 1.0, event 0.5)","48% of the crowd is in its target segments (students, young professionals)",Rated -0.6 stars against its pop-up average at sports (33 reviews)
E013,B04,0.3906,56.5,14.48,6.25,0,"Hydrate need matches the sports crowd (brand 0.5, event 1.0)","43% of the crowd is in its target segments (young professionals, foodies)",Penalised: needs chilling or freezing at an outdoor event
E013,B05,0.3376,56.5,14.1,8.12,1,"Sharing need matches the sports crowd (brand 0.9, event 0.5)","58% of the crowd is in its target segments (students, young professionals, families)",Rated -0.9 stars against its pop-up average at sports (5 reviews)
E013,B06,0.2992,56.5,13.84,7.97,1,"Sharing need matches the sports crowd (brand 1.0, event 0.5)","58% of the crowd is in its target segments (students, young professionals, families)",Rated -0.3 stars against its pop-up average at sports (31 reviews)
E013,B07,0.356,56.5,14.23,6.15,0,"Sharing need matches the sports crowd (brand 0.6, event 0.5)","43% of the crowd is in its target segments (young professionals, foodies)",Rated -0.3 stars against its pop-up average at sports (9 reviews)
E013,B08,0.176,56.5,13.03,1.63,0,"Sharing need matches the sports crowd (brand 0.5, event 0.5)","13% of the crowd is in its target segments (students, foodies)",Rated -0.4 stars against its pop-up average at sports (10 reviews)
E013,B09,0.2751,56.5,13.68,5.91,0,"Energy need matches the sports crowd (brand 0.5, event 0.5)","43% of the crowd is in its target segments (young professionals, foodies)",Rated -0.3 stars against its pop-up average at sports (10 reviews)
E013,B10,0.1585,56.5,12.91,2.34,0,"Hydrate need matches the sports crowd (brand 0.6, event 1.0)","18% of the crowd is in its target segments (students, families)",Rated -0.0 stars against its pop-up average at sports (17 reviews)
E013,B11,0.1923,56.5,13.13,2.38,0,"Sharing need matches the sports crowd (brand 0.6, event 0.5)","18% of the crowd is in its target segments (students, families)",Rated -0.4 stars against its pop-up average at sports (28 reviews)
E013,B12,0.2,56.5,13.18,1.22,0,"Value need matches the sports crowd (brand 0.6, event 0.3)",9% of the crowd is in its target segments (families),Rated -0.1 stars against its pop-up average at sports (23 reviews)
E013,B13,0.2374,56.5,13.43,5.8,0,"Sharing need matches the sports crowd (brand 0.7, event 0.5)","43% of the crowd is in its target segments (young professionals, foodies)",Rated +0.0 stars against its pop-up average at sports (13 reviews)
E013,B14,0.1399,56.5,12.8,0.47,0,"Sharing need matches the sports crowd (brand 0.5, event 0.5)",4% of the crowd is in its target segments (foodies),Rated -0.2 stars against its pop-up average at sports (10 reviews)
E013,B15,0.1621,56.5,12.94,1.68,0,"Sharing need matches the sports crowd (brand 0.6, event 0.5)","13% of the crowd is in its target segments (families, foodies)",Rated -0.7 stars against its pop-up average at sports (10 reviews)
E013,B16,0.2808,56.5,13.72,6.62,0,"Sharing need matches the sports crowd (brand 0.9, event 0.5)","48% of the crowd is in its target segments (students, young professionals)",Rated -0.3 stars against its pop-up average at sports (16 reviews)
E013,B17,0.6293,56.5,16.28,14.17,1,"Recover need matches the sports crowd (brand 0.9, event 0.9)","87% of the crowd is in its target segments (students, young professionals, fitness)",Rated -0.1 stars against its pop-up average at sports (7 reviews)
E013,B18,0.4234,56.5,14.71,6.99,0,"Recover need matches the sports crowd (brand 0.6, event 0.9)","48% of the crowd is in its target segments (students, fitness)",Rated -0.1 stars against its pop-up average at sports (58 reviews)
E013,B19,0.551,56.5,15.66,12.25,1,"Recover need matches the sports crowd (brand 0.5, event 0.9)","78% of the crowd is in its target segments (young professionals, fitness)",Rated +0.3 stars against its pop-up average at sports (24 reviews)
E013,B20,0.3263,56.5,14.03,6.84,0,"Recover need matches the sports crowd (brand 0.2, event 0.9)","49% of the crowd is in its target segments (young professionals, families)",No WatchHumans reviews at sports yet; fit comes from need states and audience
E014,B01,0.8337,23.4,10.58,10.13,1,"Hydrate need matches the concerts crowd (brand 0.6, event 0.9)","96% of the crowd is in its target segments (students, young professionals, foodies)",Rated +0.2 stars against its pop-up average at concerts (47 reviews)
E014,B02,0.5849,23.4,9.36,4.95,0,"Hydrate need matches the concerts crowd (brand 1.0, event 0.9)","53% of the crowd is in its target segments (young professionals, fitness)",No WatchHumans reviews at concerts yet; fit comes from need states and audience
E014,B03,0.5342,23.4,9.13,7.51,0,"Energy need matches the concerts crowd (brand 1.0, event 0.8)","82% of the crowd is in its target segments (students, young professionals)",No WatchHumans reviews at concerts yet; fit comes from need states and audience
E014,B04,0.5882,23.4,9.37,5.81,0,"Hydrate need matches the concerts crowd (brand 0.5, event 0.9)","62% of the crowd is in its target segments (young professionals, foodies)",No WatchHumans reviews at concerts yet; fit comes from need states and audience
E014,B05,0.5095,23.4,9.02,7.42,1,"Sharing need matches the concerts crowd (brand 0.9, event 0.4)","82% of the crowd is in its target segments (students, young professionals, families)",Rated -0.1 stars against its pop-up average at concerts (30 reviews)
E014,B06,0.4721,23.4,8.85,7.29,0,"Sharing need matches the concerts crowd (brand 1.0, event 0.4)","82% of the crowd is in its target segments (students, young professionals, families)",No WatchHumans reviews at concerts yet; fit comes from need states and audience
E014,B07,0.4711,23.4,8.85,5.49,0,"Energy need matches the concerts crowd (brand 0.3, event 0.8)","62% of the crowd is in its target segments (young professionals, foodies)",No WatchHumans reviews at concerts yet; fit comes from need states and audience
E014,B08,0.365,23.4,8.4,3.96,0,"Discovery need matches the concerts crowd (brand 0.8, event 0.3)","47% of the crowd is in its target segments (students, foodies)",No WatchHumans reviews at concerts yet; fit comes from need states and audience
E014,B09,0.4438,23.4,8.73,5.41,1,"Energy need matches the concerts crowd (brand 0.5, event 0.8)","62% of the crowd is in its target segments (young professionals, foodies)",No WatchHumans reviews at concerts yet; fit comes from need states and audience
E014,B10,0.421,23.4,8.63,2.91,0,"Hydrate need matches the concerts crowd (brand 0.6, event 0.9)","34% of the crowd is in its target segments (students, families)",No WatchHumans reviews at concerts yet; fit comes from need states and audience
E014,B11,0.3661,23.4,8.4,2.84,0,"Energy need matches the concerts crowd (brand 0.4, event 0.8)","34% of the crowd is in its target segments (students, families)",Rated +0.2 stars against its pop-up average at concerts (18 reviews)
E014,B12,0.2421,23.4,7.91,0.0,0,"Energy need matches the concerts crowd (brand 0.3, event 0.8)",0% of the crowd is in its target segments (families),No WatchHumans reviews at concerts yet; fit comes from need states and audience
E014,B13,0.3278,23.4,8.25,5.11,0,"Discovery need matches the concerts crowd (brand 1.0, event 0.3)","62% of the crowd is in its target segments (young professionals, foodies)",Rated -0.3 stars against its pop-up average at concerts (31 reviews)
E014,B14,0.2103,23.4,7.78,1.04,0,"Discovery need matches the concerts crowd (brand 0.9, event 0.3)",13% of the crowd is in its target segments (foodies),No WatchHumans reviews at concerts yet; fit comes from need states and audience
E014,B15,0.2437,23.4,7.91,1.06,0,"Sharing need matches the concerts crowd (brand 0.6, event 0.4)","13% of the crowd is in its target segments (families, foodies)",No WatchHumans reviews at concerts yet; fit comes from need states and audience
E014,B16,0.5008,23.4,8.98,7.39,1,"Sharing need matches the concerts crowd (brand 0.9, event 0.4)","82% of the crowd is in its target segments (students, young professionals)",No WatchHumans reviews at concerts yet; fit comes from need states and audience
E014,B17,0.5395,23.4,9.15,7.93,1,"Energy need matches the concerts crowd (brand 0.7, event 0.8)","87% of the crowd is in its target segments (students, young professionals, fitness)",Rated +0.1 stars against its pop-up average at concerts (43 reviews)
E014,B18,0.41,23.4,8.59,3.27,0,"Energy need matches the concerts crowd (brand 0.9, event 0.8)","38% of the crowd is in its target segments (students, fitness)",No WatchHumans reviews at concerts yet; fit comes from need states and audience
E014,B19,0.4955,23.4,8.96,4.73,0,"Energy need matches the concerts crowd (brand 0.7, event 0.8)","53% of the crowd is in its target segments (young professionals, fitness)",No WatchHumans reviews at concerts yet; fit comes from need states and audience
E014,B20,0.3269,23.4,8.24,4.0,0,"Discovery need matches the concerts crowd (brand 0.4, event 0.3)","49% of the crowd is in its target segments (young professionals, families)",No WatchHumans reviews at concerts yet; fit comes from need states and audience
E015,B01,0.3695,83.6,21.21,11.03,0,"Hydrate need matches the sports crowd (brand 0.6, event 1.0)","52% of the crowd is in its target segments (students, young professionals, foodies)",Rated -0.6 stars against its pop-up average at sports (18 reviews)
E015,B02,0.947,83.6,28.18,22.04,1,"Hydrate need matches the sports crowd (brand 1.0, event 1.0)","78% of the crowd is in its target segments (young professionals, fitness)",Rated +0.5 stars against its pop-up average at sports (46 reviews)
E015,B03,0.2017,83.6,19.53,9.43,0,"Energy need matches the sports crowd (brand 1.0, event 0.5)","48% of the crowd is in its target segments (students, young professionals)",Rated -0.6 stars against its pop-up average at sports (33 reviews)
E015,B04,0.3906,83.6,21.43,9.25,0,"Hydrate need matches the sports crowd (brand 0.5, event 1.0)","43% of the crowd is in its target segments (young professionals, foodies)",Penalised: needs chilling or freezing at an outdoor event
E015,B05,0.3376,83.6,20.88,12.03,1,"Sharing need matches the sports crowd (brand 0.9, event 0.5)","58% of the crowd is in its target segments (students, young professionals, families)",Rated -0.9 stars against its pop-up average at sports (5 reviews)
E015,B06,0.2992,83.6,20.49,11.8,1,"Sharing need matches the sports crowd (brand 1.0, event 0.5)","58% of the crowd is in its target segments (students, young professionals, families)",Rated -0.3 stars against its pop-up average at sports (31 reviews)
E015,B07,0.356,83.6,21.07,9.1,0,"Sharing need matches the sports crowd (brand 0.6, event 0.5)","43% of the crowd is in its target segments (young professionals, foodies)",Rated -0.3 stars against its pop-up average at sports (9 reviews)
E015,B08,0.176,83.6,19.29,2.41,0,"Sharing need matches the sports crowd (brand 0.5, event 0.5)","13% of the crowd is in its target segments (students, foodies)",Rated -0.4 stars against its pop-up average at sports (10 reviews)
E015,B09,0.2751,83.6,20.25,8.74,0,"Energy need matches the sports crowd (brand 0.5, event 0.5)","43% of the crowd is in its target segments (young professionals, foodies)",Rated -0.3 stars against its pop-up average at sports (10 reviews)
E015,B10,0.1585,83.6,19.12,3.46,0,"Hydrate need matches the sports crowd (brand 0.6, event 1.0)","18% of the crowd is in its target segments (students, families)",Rated -0.0 stars against its pop-up average at sports (17 reviews)
E015,B11,0.1923,83.6,19.44,3.52,0,"Sharing need matches the sports crowd (brand 0.6, event 0.5)","18% of the crowd is in its target segments (students, families)",Rated -0.4 stars against its pop-up average at sports (28 reviews)
E015,B12,0.2,83.6,19.51,1.81,0,"Value need matches the sports crowd (brand 0.6, event 0.3)",9% of the crowd is in its target segments (families),Rated -0.1 stars against its pop-up average at sports (23 reviews)
E015,B13,0.2374,83.6,19.88,8.58,0,"Sharing need matches the sports crowd (brand 0.7, event 0.5)","43% of the crowd is in its target segments (young professionals, foodies)",Rated +0.0 stars against its pop-up average at sports (13 reviews)
E015,B14,0.1399,83.6,18.95,0.7,0,"Sharing need matches the sports crowd (brand 0.5, event 0.5)",4% of the crowd is in its target segments (foodies),Rated -0.2 stars against its pop-up average at sports (10 reviews)
E015,B15,0.1621,83.6,19.15,2.49,0,"Sharing need matches the sports crowd (brand 0.6, event 0.5)","13% of the crowd is in its target segments (families, foodies)",Rated -0.7 stars against its pop-up average at sports (10 reviews)
E015,B16,0.2808,83.6,20.31,9.81,0,"Sharing need matches the sports crowd (brand 0.9, event 0.5)","48% of the crowd is in its target segments (students, young professionals)",Rated -0.3 stars against its pop-up average at sports (16 reviews)
E015,B17,0.6293,83.6,24.1,20.97,1,"Recover need matches the sports crowd (brand 0.9, event 0.9)","87% of the crowd is in its target segments (students, young professionals, fitness)",Rated -0.1 stars against its pop-up average at sports (7 reviews)
E015,B18,0.4234,83.6,21.78,10.35,0,"Recover need matches the sports crowd (brand 0.6, event 0.9)","48% of the crowd is in its target segments (students, fitness)",Rated -0.1 stars against its pop-up average at sports (58 reviews)
E015,B19,0.551,83.6,23.19,18.14,1,"Recover need matches the sports crowd (brand 0.5, event 0.9)","78% of the crowd is in its target segments (young professionals, fitness)",Rated +0.3 stars against its pop-up average at sports (24 reviews)
E015,B20,0.3263,83.6,20.77,10.13,0,"Recover need matches the sports crowd (brand 0.2, event 0.9)","49% of the crowd is in its target segments (young professionals, families)",No WatchHumans reviews at sports yet; fit comes from need states and audience
E016,B01,0.5635,84.8,31.03,18.22,1,"Discovery need matches the community crowd (brand 0.6, event 0.9)","59% of the crowd is in its target segments (students, young professionals, foodies)",Rated -0.1 stars against its pop-up average at community (236 reviews)
E016,B02,0.212,84.8,26.1,7.95,0,"Hydrate need matches the community crowd (brand 1.0, event 0.3)","30% of the crowd is in its target segments (young professionals, fitness)",Rated -0.4 stars against its pop-up average at community (46 reviews)
E016,B03,0.1867,84.8,25.78,7.47,0,"Discovery need matches the community crowd (brand 0.3, event 0.9)","29% of the crowd is in its target segments (students, young professionals)",Rated -0.5 stars against its pop-up average at community (70 reviews)
E016,B04,0.5509,84.8,30.83,15.52,0,"Discovery need matches the community crowd (brand 0.8, event 0.9)","50% of the crowd is in its target segments (young professionals, foodies)",Penalised: needs chilling or freezing at an outdoor event
E016,B05,0.6829,84.8,32.9,19.86,1,"Sharing need matches the community crowd (brand 0.9, event 0.7)","60% of the crowd is in its target segments (students, young professionals, families)",Rated +0.1 stars against its pop-up average at community (186 reviews)
E016,B06,0.6897,84.8,33.01,19.93,1,"Sharing need matches the community crowd (brand 1.0, event 0.7)","60% of the crowd is in its target segments (students, young professionals, families)",Rated +0.3 stars against its pop-up average at community (11 reviews)
E016,B07,0.6487,84.8,32.35,16.29,0,"Discovery need matches the community crowd (brand 0.5, event 0.9)","50% of the crowd is in its target segments (young professionals, foodies)",Rated +0.1 stars against its pop-up average at community (12 reviews)
E016,B08,0.6139,84.8,31.8,12.13,0,"Discovery need matches the community crowd (brand 0.8, event 0.9)","38% of the crowd is in its target segments (students, foodies)",Rated +0.0 stars against its pop-up average at community (89 reviews)
E016,B09,0.5735,84.8,31.18,15.7,1,"Treat need matches the community crowd (brand 0.9, event 0.7)","50% of the crowd is in its target segments (young professionals, foodies)",Rated -0.0 stars against its pop-up average at community (77 reviews)
E016,B10,0.2688,84.8,26.84,10.68,0,"Treat need matches the community crowd (brand 1.0, event 0.7)","40% of the crowd is in its target segments (students, families)",Rated +0.0 stars against its pop-up average at community (61 reviews)
E016,B11,0.5245,84.8,30.44,12.11,0,"Treat need matches the community crowd (brand 1.0, event 0.7)","40% of the crowd is in its target segments (students, families)",Rated +0.0 stars against its pop-up average at community (182 reviews)
E016,B12,0.4872,84.8,29.88,9.38,0,"Treat need matches the community crowd (brand 0.8, event 0.7)",31% of the crowd is in its target segments (families),Rated +0.1 stars against its pop-up average at community (40 reviews)
E016,B13,0.7214,84.8,33.53,16.88,0,"Discovery need matches the community crowd (brand 1.0, event 0.9)","50% of the crowd is in its target segments (young professionals, foodies)",Rated +0.3 stars against its pop-up average at community (229 reviews)
E016,B14,0.5545,84.8,30.89,9.19,0,"Discovery need matches the community crowd (brand 0.9, event 0.9)",30% of the crowd is in its target segments (foodies),Rated +0.1 stars against its pop-up average at community (16 reviews)
E016,B15,0.8412,84.8,35.57,21.75,1,"Discovery need matches the community crowd (brand 0.7, event 0.9)","61% of the crowd is in its target segments (families, foodies)",Rated +0.5 stars against its pop-up average at community (22 reviews)
E016,B16,0.4258,84.8,28.99,8.4,0,"Sharing need matches the community crowd (brand 0.9, event 0.7)","29% of the crowd is in its target segments (students, young professionals)",Penalised: needs chilling or freezing at an outdoor event
E016,B17,0.2895,84.8,27.11,10.53,0,"Value need matches the community crowd (brand 0.5, event 0.5)","39% of the crowd is in its target segments (students, young professionals, fitness)",Rated -0.4 stars against its pop-up average at community (150 reviews)
E016,B18,0.2625,84.8,26.76,4.89,0,"Treat need matches the community crowd (brand 0.4, event 0.7)","18% of the crowd is in its target segments (students, fitness)",Rated -0.6 stars against its pop-up average at community (11 reviews)
E016,B19,0.2798,84.8,26.98,8.22,0,"Discovery need matches the community crowd (brand 0.5, event 0.9)","30% of the crowd is in its target segments (young professionals, fitness)",Rated -0.1 stars against its pop-up average at community (30 reviews)
E016,B20,0.608,84.8,31.71,16.48,0,"Discovery need matches the community crowd (brand 0.4, event 0.9)","52% of the crowd is in its target segments (young professionals, families)",Rated +0.0 stars against its pop-up average at community (52 reviews)
E017,B01,0.4347,57.0,14.94,7.77,0,"Hydrate need matches the sports crowd (brand 0.6, event 1.0)","52% of the crowd is in its target segments (students, young professionals, foodies)",Rated -0.6 stars against its pop-up average at sports (18 reviews)
E017,B02,0.947,57.0,19.22,15.03,1,"Hydrate need matches the sports crowd (brand 1.0, event 1.0)","78% of the crowd is in its target segments (young professionals, fitness)",Rated +0.5 stars against its pop-up average at sports (46 reviews)
E017,B03,0.2373,57.0,13.56,6.55,0,"Energy need matches the sports crowd (brand 1.0, event 0.5)","48% of the crowd is in its target segments (students, young professionals)",Rated -0.6 stars against its pop-up average at sports (33 reviews)
E017,B04,0.4596,57.0,15.12,6.53,0,"Hydrate need matches the sports crowd (brand 0.5, event 1.0)","43% of the crowd is in its target segments (young professionals, foodies)",No WatchHumans reviews at sports yet; fit comes from need states and audience
E017,B05,0.3376,57.0,14.24,8.2,1,"Sharing need matches the sports crowd (brand 0.9, event 0.5)","58% of the crowd is in its target segments (students, young professionals, families)",Rated -0.9 stars against its pop-up average at sports (5 reviews)
E017,B06,0.2992,57.0,13.97,8.05,1,"Sharing need matches the sports crowd (brand 1.0, event 0.5)","58% of the crowd is in its target segments (students, young professionals, families)",Rated -0.3 stars against its pop-up average at sports (31 reviews)
E017,B07,0.356,57.0,14.37,6.21,0,"Sharing need matches the sports crowd (brand 0.6, event 0.5)","43% of the crowd is in its target segments (young professionals, foodies)",Rated -0.3 stars against its pop-up average at sports (9 reviews)
E017,B08,0.176,57.0,13.15,1.65,0,"Sharing need matches the sports crowd (brand 0.5, event 0.5)","13% of the crowd is in its target segments (students, foodies)",Rated -0.4 stars against its pop-up average at sports (10 reviews)
E017,B09,0.2751,57.0,13.81,5.96,0,"Energy need matches the sports crowd (brand 0.5, event 0.5)","43% of the crowd is in its target segments (young professionals, foodies)",Rated -0.3 stars against its pop-up average at sports (10 reviews)
E017,B10,0.3109,57.0,14.05,2.54,0,"Hydrate need matches the sports crowd (brand 0.6, event 1.0)","18% of the crowd is in its target segments (students, families)",Rated -0.0 stars against its pop-up average at sports (17 reviews)
E017,B11,0.1923,57.0,13.26,2.4,0,"Sharing need matches the sports crowd (brand 0.6, event 0.5)","18% of the crowd is in its target segments (students, families)",Rated -0.4 stars against its pop-up average at sports (28 reviews)
E017,B12,0.2,57.0,13.31,1.24,0,"Value need matches the sports crowd (brand 0.6, event 0.3)",9% of the crowd is in its target segments (families),Rated -0.1 stars against its pop-up average at sports (23 reviews)
E017,B13,0.2374,57.0,13.56,5.85,0,"Sharing need matches the sports crowd (brand 0.7, event 0.5)","43% of the crowd is in its target segments (young professionals, foodies)",Rated +0.0 stars against its pop-up average at sports (13 reviews)
E017,B14,0.1399,57.0,12.92,0.48,0,"Sharing need matches the sports crowd (brand 0.5, event 0.5)",4% of the crowd is in its target segments (foodies),Rated -0.2 stars against its pop-up average at sports (10 reviews)
E017,B15,0.1621,57.0,13.06,1.7,0,"Sharing need matches the sports crowd (brand 0.6, event 0.5)","13% of the crowd is in its target segments (families, foodies)",Rated -0.7 stars against its pop-up average at sports (10 reviews)
E017,B16,0.3303,57.0,14.19,6.85,0,"Sharing need matches the sports crowd (brand 0.9, event 0.5)","48% of the crowd is in its target segments (students, young professionals)",Rated -0.3 stars against its pop-up average at sports (16 reviews)
E017,B17,0.6293,57.0,16.44,14.3,1,"Recover need matches the sports crowd (brand 0.9, event 0.9)","87% of the crowd is in its target segments (students, young professionals, fitness)",Rated -0.1 stars against its pop-up average at sports (7 reviews)
E017,B18,0.4234,57.0,14.86,7.06,0,"Recover need matches the sports crowd (brand 0.6, event 0.9)","48% of the crowd is in its target segments (students, fitness)",Rated -0.1 stars against its pop-up average at sports (58 reviews)
E017,B19,0.6482,57.0,16.59,12.98,1,"Recover need matches the sports crowd (brand 0.5, event 0.9)","78% of the crowd is in its target segments (young professionals, fitness)",Rated +0.3 stars against its pop-up average at sports (24 reviews)
E017,B20,0.3263,57.0,14.16,6.91,0,"Recover need matches the sports crowd (brand 0.2, event 0.9)","49% of the crowd is in its target segments (young professionals, families)",No WatchHumans reviews at sports yet; fit comes from need states and audience
E018,B01,0.3695,67.6,17.15,8.92,0,"Hydrate need matches the sports crowd (brand 0.6, event 1.0)","52% of the crowd is in its target segments (students, young professionals, foodies)",Rated -0.6 stars against its pop-up average at sports (18 reviews)
E018,B02,0.947,67.6,22.79,17.82,1,"Hydrate need matches the sports crowd (brand 1.0, event 1.0)","78% of the crowd is in its target segments (young professionals, fitness)",Rated +0.5 stars against its pop-up average at sports (46 reviews)
E018,B03,0.2017,67.6,15.79,7.63,0,"Energy need matches the sports crowd (brand 1.0, event 0.5)","48% of the crowd is in its target segments (students, young professionals)",Rated -0.6 stars against its pop-up average at sports (33 reviews)
E018,B04,0.3906,67.6,17.33,7.48,0,"Hydrate need matches the sports crowd (brand 0.5, event 1.0)","43% of the crowd is in its target segments (young professionals, foodies)",Penalised: needs chilling or freezing at an outdoor event
E018,B05,0.3376,67.6,16.88,9.72,1,"Sharing need matches the sports crowd (brand 0.9, event 0.5)","58% of the crowd is in its target segments (students, young professionals, families)",Rated -0.9 stars against its pop-up average at sports (5 reviews)
E018,B06,0.2992,67.6,16.57,9.54,1,"Sharing need matches the sports crowd (brand 1.0, event 0.5)","58% of the crowd is in its target segments (students, young professionals, families)",Rated -0.3 stars against its pop-up average at sports (31 reviews)
E018,B07,0.356,67.6,17.04,7.36,0,"Sharing need matches the sports crowd (brand 0.6, event 0.5)","43% of the crowd is in its target segments (young professionals, foodies)",Rated -0.3 stars against its pop-up average at sports (9 reviews)
E018,B08,0.176,67.6,15.59,1.95,0,"Sharing need matches the sports crowd (brand 0.5, event 0.5)","13% of the crowd is in its target segments (students, foodies)",Rated -0.4 stars against its pop-up average at sports (10 reviews)
E018,B09,0.2751,67.6,16.37,7.07,0,"Energy need matches the sports crowd (brand 0.5, event 0.5)","43% of the crowd is in its target segments (young professionals, foodies)",Rated -0.3 stars against its pop-up average at sports (10 reviews)
E018,B10,0.1585,67.6,15.46,2.8,0,"Hydrate need matches the sports crowd (brand 0.6, event 1.0)","18% of the crowd is in its target segments (students, families)",Rated -0.0 stars against its pop-up average at sports (17 reviews)
E018,B11,0.1923,67.6,15.72,2.85,0,"Sharing need matches the sports crowd (brand 0.6, event 0.5)","18% of the crowd is in its target segments (students, families)",Rated -0.4 stars against its pop-up average at sports (28 reviews)
E018,B12,0.2,67.6,15.78,1.47,0,"Value need matches the sports crowd (brand 0.6, event 0.3)",9% of the crowd is in its target segments (families),Rated -0.1 stars against its pop-up average at sports (23 reviews)
E018,B13,0.2374,67.6,16.07,6.94,0,"Sharing need matches the sports crowd (brand 0.7, event 0.5)","43% of the crowd is in its target segments (young professionals, foodies)",Rated +0.0 stars against its pop-up average at sports (13 reviews)
E018,B14,0.1399,67.6,15.32,0.57,0,"Sharing need matches the sports crowd (brand 0.5, event 0.5)",4% of the crowd is in its target segments (foodies),Rated -0.2 stars against its pop-up average at sports (10 reviews)
E018,B15,0.1621,67.6,15.49,2.01,0,"Sharing need matches the sports crowd (brand 0.6, event 0.5)","13% of the crowd is in its target segments (families, foodies)",Rated -0.7 stars against its pop-up average at sports (10 reviews)
E018,B16,0.2808,67.6,16.42,7.93,0,"Sharing need matches the sports crowd (brand 0.9, event 0.5)","48% of the crowd is in its target segments (students, young professionals)",Rated -0.3 stars against its pop-up average at sports (16 reviews)
E018,B17,0.6293,67.6,19.49,16.96,1,"Recover need matches the sports crowd (brand 0.9, event 0.9)","87% of the crowd is in its target segments (students, young professionals, fitness)",Rated -0.1 stars against its pop-up average at sports (7 reviews)
E018,B18,0.4234,67.6,17.61,8.37,0,"Recover need matches the sports crowd (brand 0.6, event 0.9)","48% of the crowd is in its target segments (students, fitness)",Rated -0.1 stars against its pop-up average at sports (58 reviews)
E018,B19,0.551,67.6,18.75,14.66,1,"Recover need matches the sports crowd (brand 0.5, event 0.9)","78% of the crowd is in its target segments (young professionals, fitness)",Rated +0.3 stars against its pop-up average at sports (24 reviews)
E018,B20,0.3263,67.6,16.79,8.19,0,"Recover need matches the sports crowd (brand 0.2, event 0.9)","49% of the crowd is in its target segments (young professionals, families)",No WatchHumans reviews at sports yet; fit comes from need states and audience
E019,B01,0.6859,110.4,51.52,48.44,0,"Hydrate need matches the conferences crowd (brand 0.6, event 0.4)","94% of the crowd is in its target segments (students, young professionals, foodies)",Rated -0.0 stars against its pop-up average at conferences (107 reviews)
E019,B02,0.4072,110.4,44.92,26.51,0,"Hydrate need matches the conferences crowd (brand 1.0, event 0.4)","59% of the crowd is in its target segments (young professionals, fitness)",No WatchHumans reviews at conferences yet; fit comes from need states and audience
E019,B03,1.1074,110.4,63.39,57.34,1,"Energy need matches the conferences crowd (brand 1.0, event 0.9)","90% of the crowd is in its target segments (students, young professionals)",Rated +0.7 stars against its pop-up average at conferences (50 reviews)
E019,B04,0.4802,110.4,46.56,27.48,0,"Discovery need matches the conferences crowd (brand 0.8, event 0.4)","59% of the crowd is in its target segments (young professionals, foodies)",No WatchHumans reviews at conferences yet; fit comes from need states and audience
E019,B05,0.6358,110.4,50.26,46.66,1,"Value need matches the conferences crowd (brand 0.5, event 0.6)","93% of the crowd is in its target segments (students, young professionals, families)",Rated +0.0 stars against its pop-up average at conferences (107 reviews)
E019,B06,0.5847,110.4,49.02,45.51,0,"Value need matches the conferences crowd (brand 0.6, event 0.6)","93% of the crowd is in its target segments (students, young professionals, families)",No WatchHumans reviews at conferences yet; fit comes from need states and audience
E019,B07,0.5746,110.4,48.77,28.78,0,"Focus need matches the conferences crowd (brand 0.3, event 1.0)","59% of the crowd is in its target segments (young professionals, foodies)",No WatchHumans reviews at conferences yet; fit comes from need states and audience
E019,B08,0.4182,110.4,45.16,17.43,0,"Discovery need matches the conferences crowd (brand 0.8, event 0.4)","39% of the crowd is in its target segments (students, foodies)",No WatchHumans reviews at conferences yet; fit comes from need states and audience
E019,B09,0.6162,110.4,49.78,29.38,1,"Focus need matches the conferences crowd (brand 0.5, event 1.0)","59% of the crowd is in its target segments (young professionals, foodies)",Rated +0.1 stars against its pop-up average at conferences (52 reviews)
E019,B10,0.3417,110.4,43.49,16.27,0,"Treat need matches the conferences crowd (brand 1.0, event 0.4)","37% of the crowd is in its target segments (students, families)",No WatchHumans reviews at conferences yet; fit comes from need states and audience
E019,B11,0.3817,110.4,44.36,16.59,0,"Treat need matches the conferences crowd (brand 1.0, event 0.4)","37% of the crowd is in its target segments (students, families)",Rated -0.1 stars against its pop-up average at conferences (111 reviews)
E019,B12,0.2613,110.4,41.81,1.0,0,"Value need matches the conferences crowd (brand 0.6, event 0.6)",2% of the crowd is in its target segments (families),No WatchHumans reviews at conferences yet; fit comes from need states and audience
E019,B13,0.3013,110.4,42.64,25.16,0,"Discovery need matches the conferences crowd (brand 1.0, event 0.4)","59% of the crowd is in its target segments (young professionals, foodies)",Rated -0.4 stars against its pop-up average at conferences (94 reviews)
E019,B14,0.2005,110.4,40.57,1.45,0,"Discovery need matches the conferences crowd (brand 0.9, event 0.4)",4% of the crowd is in its target segments (foodies),No WatchHumans reviews at conferences yet; fit comes from need states and audience
E019,B15,0.2095,110.4,40.75,2.43,0,"Discovery need matches the conferences crowd (brand 0.7, event 0.4)","6% of the crowd is in its target segments (families, foodies)",Rated -0.2 stars against its pop-up average at conferences (40 reviews)
E019,B16,0.6981,110.4,51.83,46.88,1,"Focus need matches the conferences crowd (brand 0.3, event 1.0)","90% of the crowd is in its target segments (students, young professionals)",Rated +0.1 stars against its pop-up average at conferences (44 reviews)
E019,B17,0.8075,110.4,54.69,51.43,1,"Energy need matches the conferences crowd (brand 0.7, event 0.9)","94% of the crowd is in its target segments (students, young professionals, fitness)",Rated +0.4 stars against its pop-up average at conferences (125 reviews)
E019,B18,0.5956,110.4,49.28,19.02,0,"Energy need matches the conferences crowd (brand 0.9, event 0.9)","39% of the crowd is in its target segments (students, fitness)",Rated +0.3 stars against its pop-up average at conferences (46 reviews)
E019,B19,0.6207,110.4,49.89,29.44,0,"Energy need matches the conferences crowd (brand 0.7, event 0.9)","59% of the crowd is in its target segments (young professionals, fitness)",No WatchHumans reviews at conferences yet; fit comes from need states and audience
E019,B20,0.5675,110.4,48.6,28.1,0,"Focus need matches the conferences crowd (brand 0.3, event 1.0)","58% of the crowd is in its target segments (young professionals, families)",No WatchHumans reviews at conferences yet; fit comes from need states and audience
E020,B01,0.8052,144.3,67.47,61.71,1,"Discovery need matches the expos crowd (brand 0.6, event 0.8)","91% of the crowd is in its target segments (students, young professionals, foodies)",Rated +0.1 stars against its pop-up average at expos (155 reviews)
E020,B02,0.214,144.3,50.44,13.05,0,"Value need matches the expos crowd (brand 0.3, event 0.9)","26% of the crowd is in its target segments (young professionals, fitness)",Rated -0.3 stars against its pop-up average at expos (21 reviews)
E020,B03,0.7466,144.3,65.55,52.93,0,"Energy need matches the expos crowd (brand 1.0, event 0.6)","81% of the crowd is in its target segments (students, young professionals)",Rated +0.4 stars against its pop-up average at expos (60 reviews)
E020,B04,0.4756,144.3,57.37,19.1,0,"Discovery need matches the expos crowd (brand 0.8, event 0.8)","33% of the crowd is in its target segments (young professionals, foodies)",No WatchHumans reviews at expos yet; fit comes from need states and audience
E020,B05,0.6984,144.3,64.02,55.05,1,"Value need matches the expos crowd (brand 0.5, event 0.9)","86% of the crowd is in its target segments (students, young professionals, families)",Rated -0.0 stars against its pop-up average at expos (220 reviews)
E020,B06,0.7329,144.3,65.11,55.99,1,"Value need matches the expos crowd (brand 0.6, event 0.9)","86% of the crowd is in its target segments (students, young professionals, families)",Rated +0.3 stars against its pop-up average at expos (22 reviews)
E020,B07,0.5061,144.3,58.24,19.39,0,"Discovery need matches the expos crowd (brand 0.5, event 0.8)","33% of the crowd is in its target segments (young professionals, foodies)",No WatchHumans reviews at expos yet; fit comes from need states and audience
E020,B08,0.7226,144.3,64.78,44.62,0,"Discovery need matches the expos crowd (brand 0.8, event 0.8)","69% of the crowd is in its target segments (students, foodies)",No WatchHumans reviews at expos yet; fit comes from need states and audience
E020,B09,0.4868,144.3,57.69,19.2,0,"Treat need matches the expos crowd (brand 0.9, event 0.5)","33% of the crowd is in its target segments (young professionals, foodies)",Rated +0.0 stars against its pop-up average at expos (59 reviews)
E020,B10,0.5319,144.3,58.98,37.41,0,"Treat need matches the expos crowd (brand 1.0, event 0.5)","63% of the crowd is in its target segments (students, families)",No WatchHumans reviews at expos yet; fit comes from need states and audience
E020,B11,0.6287,144.3,61.86,39.23,1,"Treat need matches the expos crowd (brand 1.0, event 0.5)","63% of the crowd is in its target segments (students, families)",Rated +0.2 stars against its pop-up average at expos (155 reviews)
E020,B12,0.3409,144.3,53.69,2.82,0,"Value need matches the expos crowd (brand 0.6, event 0.9)",5% of the crowd is in its target segments (families),Rated -0.1 stars against its pop-up average at expos (33 reviews)
E020,B13,0.4241,144.3,55.94,18.62,0,"Discovery need matches the expos crowd (brand 1.0, event 0.8)","33% of the crowd is in its target segments (young professionals, foodies)",Rated -0.1 stars against its pop-up average at expos (127 reviews)
E020,B14,0.3651,144.3,54.34,5.82,0,"Discovery need matches the expos crowd (brand 0.9, event 0.8)",11% of the crowd is in its target segments (foodies),Rated +0.1 stars against its pop-up average at expos (26 reviews)
E020,B15,0.3938,144.3,55.11,8.8,0,"Discovery need matches the expos crowd (brand 0.7, event 0.8)","16% of the crowd is in its target segments (families, foodies)",Rated +0.0 stars against its pop-up average at expos (15 reviews)
E020,B16,0.7091,144.3,64.35,51.96,1,"Value need matches the expos crowd (brand 0.5, event 0.9)","81% of the crowd is in its target segments (students, young professionals)",No WatchHumans reviews at expos yet; fit comes from need states and audience
E020,B17,0.6137,144.3,61.4,51.6,0,"Value need matches the expos crowd (brand 0.5, event 0.9)","84% of the crowd is in its target segments (students, young professionals, fitness)",Rated +0.1 stars against its pop-up average at expos (229 reviews)
E020,B18,0.5842,144.3,60.52,37.19,0,"Energy need matches the expos crowd (brand 0.9, event 0.6)","61% of the crowd is in its target segments (students, fitness)",No WatchHumans reviews at expos yet; fit comes from need states and audience
E020,B19,0.4066,144.3,55.45,14.34,0,"Energy need matches the expos crowd (brand 0.7, event 0.6)","26% of the crowd is in its target segments (young professionals, fitness)",No WatchHumans reviews at expos yet; fit comes from need states and audience
E020,B20,0.5079,144.3,58.29,16.22,0,"Value need matches the expos crowd (brand 0.4, event 0.9)","28% of the crowd is in its target segments (young professionals, families)",No WatchHumans reviews at expos yet; fit comes from need states and audience
E021,B01,0.8337,17.6,7.99,7.64,1,"Hydrate need matches the concerts crowd (brand 0.6, event 0.9)","96% of the crowd is in its target segments (students, young professionals, foodies)",Rated +0.2 stars against its pop-up average at concerts (47 reviews)
E021,B02,0.5849,17.6,7.07,3.73,0,"Hydrate need matches the concerts crowd (brand 1.0, event 0.9)","53% of the crowd is in its target segments (young professionals, fitness)",No WatchHumans reviews at concerts yet; fit comes from need states and audience
E021,B03,0.5342,17.6,6.89,5.67,0,"Energy need matches the concerts crowd (brand 1.0, event 0.8)","82% of the crowd is in its target segments (students, young professionals)",No WatchHumans reviews at concerts yet; fit comes from need states and audience
E021,B04,0.5882,17.6,7.08,4.39,0,"Hydrate need matches the concerts crowd (brand 0.5, event 0.9)","62% of the crowd is in its target segments (young professionals, foodies)",No WatchHumans reviews at concerts yet; fit comes from need states and audience
E021,B05,0.5095,17.6,6.81,5.61,1,"Sharing need matches the concerts crowd (brand 0.9, event 0.4)","82% of the crowd is in its target segments (students, young professionals, families)",Rated -0.1 stars against its pop-up average at concerts (30 reviews)
E021,B06,0.4721,17.6,6.68,5.5,0,"Sharing need matches the concerts crowd (brand 1.0, event 0.4)","82% of the crowd is in its target segments (students, young professionals, families)",No WatchHumans reviews at concerts yet; fit comes from need states and audience
E021,B07,0.4711,17.6,6.68,4.14,0,"Energy need matches the concerts crowd (brand 0.3, event 0.8)","62% of the crowd is in its target segments (young professionals, foodies)",No WatchHumans reviews at concerts yet; fit comes from need states and audience
E021,B08,0.365,17.6,6.34,2.99,0,"Discovery need matches the concerts crowd (brand 0.8, event 0.3)","47% of the crowd is in its target segments (students, foodies)",No WatchHumans reviews at concerts yet; fit comes from need states and audience
E021,B09,0.4438,17.6,6.59,4.09,1,"Energy need matches the concerts crowd (brand 0.5, event 0.8)","62% of the crowd is in its target segments (young professionals, foodies)",No WatchHumans reviews at concerts yet; fit comes from need states and audience
E021,B10,0.421,17.6,6.52,2.2,0,"Hydrate need matches the concerts crowd (brand 0.6, event 0.9)","34% of the crowd is in its target segments (students, families)",No WatchHumans reviews at concerts yet; fit comes from need states and audience
E021,B11,0.3661,17.6,6.35,2.14,0,"Energy need matches the concerts crowd (brand 0.4, event 0.8)","34% of the crowd is in its target segments (students, families)",Rated +0.2 stars against its pop-up average at concerts (18 reviews)
E021,B12,0.2421,17.6,5.97,0.0,0,"Energy need matches the concerts crowd (brand 0.3, event 0.8)",0% of the crowd is in its target segments (families),No WatchHumans reviews at concerts yet; fit comes from need states and audience
E021,B13,0.3278,17.6,6.23,3.86,0,"Discovery need matches the concerts crowd (brand 1.0, event 0.3)","62% of the crowd is in its target segments (young professionals, foodies)",Rated -0.3 stars against its pop-up average at concerts (31 reviews)
E021,B14,0.2103,17.6,5.88,0.79,0,"Discovery need matches the concerts crowd (brand 0.9, event 0.3)",13% of the crowd is in its target segments (foodies),No WatchHumans reviews at concerts yet; fit comes from need states and audience
E021,B15,0.2437,17.6,5.97,0.8,0,"Sharing need matches the concerts crowd (brand 0.6, event 0.4)","13% of the crowd is in its target segments (families, foodies)",No WatchHumans reviews at concerts yet; fit comes from need states and audience
E021,B16,0.5008,17.6,6.78,5.58,1,"Sharing need matches the concerts crowd (brand 0.9, event 0.4)","82% of the crowd is in its target segments (students, young professionals)",No WatchHumans reviews at concerts yet; fit comes from need states and audience
E021,B17,0.5395,17.6,6.91,5.98,1,"Energy need matches the concerts crowd (brand 0.7, event 0.8)","87% of the crowd is in its target segments (students, young professionals, fitness)",Rated +0.1 stars against its pop-up average at concerts (43 reviews)
E021,B18,0.41,17.6,6.48,2.47,0,"Energy need matches the concerts crowd (brand 0.9, event 0.8)","38% of the crowd is in its target segments (students, fitness)",No WatchHumans reviews at concerts yet; fit comes from need states and audience
E021,B19,0.4955,17.6,6.76,3.57,0,"Energy need matches the concerts crowd (brand 0.7, event 0.8)","53% of the crowd is in its target segments (young professionals, fitness)",No WatchHumans reviews at concerts yet; fit comes from need states and audience
E021,B20,0.3269,17.6,6.22,3.02,0,"Discovery need matches the concerts crowd (brand 0.4, event 0.3)","49% of the crowd is in its target segments (young professionals, families)",No WatchHumans reviews at concerts yet; fit comes from need states and audience
E022,B01,0.5622,84.7,31.0,18.11,1,"Discovery need matches the community crowd (brand 0.6, event 0.9)","58% of the crowd is in its target segments (students, young professionals, foodies)",Rated -0.1 stars against its pop-up average at community (236 reviews)
E022,B02,0.2261,84.7,26.27,9.69,0,"Hydrate need matches the community crowd (brand 1.0, event 0.3)","37% of the crowd is in its target segments (young professionals, fitness)",Rated -0.4 stars against its pop-up average at community (46 reviews)
E022,B03,0.1992,84.7,25.93,9.17,0,"Discovery need matches the community crowd (brand 0.3, event 0.9)","35% of the crowd is in its target segments (students, young professionals)",Rated -0.5 stars against its pop-up average at community (70 reviews)
E022,B04,0.5492,84.7,30.8,15.4,0,"Discovery need matches the community crowd (brand 0.8, event 0.9)","50% of the crowd is in its target segments (young professionals, foodies)",Penalised: needs chilling or freezing at an outdoor event
E022,B05,0.7186,84.7,33.47,22.43,1,"Sharing need matches the community crowd (brand 0.9, event 0.7)","67% of the crowd is in its target segments (students, young professionals, families)",Rated +0.1 stars against its pop-up average at community (186 reviews)
E022,B06,0.7257,84.7,33.59,22.51,1,"Sharing need matches the community crowd (brand 1.0, event 0.7)","67% of the crowd is in its target segments (students, young professionals, families)",Rated +0.3 stars against its pop-up average at community (11 reviews)
E022,B07,0.6468,84.7,32.31,16.15,0,"Discovery need matches the community crowd (brand 0.5, event 0.9)","50% of the crowd is in its target segments (young professionals, foodies)",Rated +0.1 stars against its pop-up average at community (12 reviews)
E022,B08,0.575,84.7,31.19,9.82,0,"Discovery need matches the community crowd (brand 0.8, event 0.9)","31% of the crowd is in its target segments (students, foodies)",Rated +0.0 stars against its pop-up average at community (89 reviews)
E022,B09,0.5718,84.7,31.14,15.57,1,"Treat need matches the community crowd (brand 0.9, event 0.7)","50% of the crowd is in its target segments (young professionals, foodies)",Rated -0.0 stars against its pop-up average at community (77 reviews)
E022,B10,0.2695,84.7,26.84,10.75,0,"Treat need matches the community crowd (brand 1.0, event 0.7)","40% of the crowd is in its target segments (students, families)",Rated +0.0 stars against its pop-up average at community (61 reviews)
E022,B11,0.5259,84.7,30.45,12.2,0,"Treat need matches the community crowd (brand 1.0, event 0.7)","40% of the crowd is in its target segments (students, families)",Rated +0.0 stars against its pop-up average at community (182 reviews)
E022,B12,0.4883,84.7,29.89,9.45,0,"Treat need matches the community crowd (brand 0.8, event 0.7)",32% of the crowd is in its target segments (families),Rated +0.1 stars against its pop-up average at community (40 reviews)
E022,B13,0.7193,84.7,33.49,16.74,0,"Discovery need matches the community crowd (brand 1.0, event 0.9)","50% of the crowd is in its target segments (young professionals, foodies)",Rated +0.3 stars against its pop-up average at community (229 reviews)
E022,B14,0.5159,84.7,30.3,6.98,0,"Discovery need matches the community crowd (brand 0.9, event 0.9)",23% of the crowd is in its target segments (foodies),Rated +0.1 stars against its pop-up average at community (16 reviews)
E022,B15,0.7985,84.7,34.82,19.03,1,"Discovery need matches the community crowd (brand 0.7, event 0.9)","55% of the crowd is in its target segments (families, foodies)",Rated +0.5 stars against its pop-up average at community (22 reviews)
E022,B16,0.4544,84.7,29.39,10.4,0,"Sharing need matches the community crowd (brand 0.9, event 0.7)","35% of the crowd is in its target segments (students, young professionals)",Penalised: needs chilling or freezing at an outdoor event
E022,B17,0.3073,84.7,27.34,12.4,0,"Value need matches the community crowd (brand 0.5, event 0.5)","45% of the crowd is in its target segments (students, young professionals, fitness)",Rated -0.4 stars against its pop-up average at community (150 reviews)
E022,B18,0.2629,84.7,26.75,4.92,0,"Treat need matches the community crowd (brand 0.4, event 0.7)","18% of the crowd is in its target segments (students, fitness)",Rated -0.6 stars against its pop-up average at community (11 reviews)
E022,B19,0.2983,84.7,27.22,10.04,0,"Discovery need matches the community crowd (brand 0.5, event 0.9)","37% of the crowd is in its target segments (young professionals, fitness)",Rated -0.1 stars against its pop-up average at community (30 reviews)
E022,B20,0.6417,84.7,32.23,18.87,0,"Discovery need matches the community crowd (brand 0.4, event 0.9)","59% of the crowd is in its target segments (young professionals, families)",Rated +0.0 stars against its pop-up average at community (52 reviews)
E023,B01,0.6993,46.1,18.02,11.82,1,"Discovery need matches the community crowd (brand 0.6, event 0.9)","66% of the crowd is in its target segments (students, young professionals, foodies)",Rated -0.1 stars against its pop-up average at community (236 reviews)
E023,B02,0.2264,46.1,14.28,5.29,0,"Hydrate need matches the community crowd (brand 1.0, event 0.3)","37% of the crowd is in its target segments (young professionals, fitness)",Rated -0.4 stars against its pop-up average at community (46 reviews)
E023,B03,0.2347,46.1,14.34,5.09,0,"Discovery need matches the community crowd (brand 0.3, event 0.9)","36% of the crowd is in its target segments (students, young professionals)",Rated -0.5 stars against its pop-up average at community (70 reviews)
E023,B04,0.6857,46.1,17.9,10.23,0,"Discovery need matches the community crowd (brand 0.8, event 0.9)","57% of the crowd is in its target segments (young professionals, foodies)",No WatchHumans reviews at community yet; fit comes from need states and audience
E023,B05,0.6806,46.1,17.86,10.7,1,"Sharing need matches the community crowd (brand 0.9, event 0.7)","60% of the crowd is in its target segments (students, young professionals, families)",Rated +0.1 stars against its pop-up average at community (186 reviews)
E023,B06,0.6874,46.1,17.92,10.74,1,"Sharing need matches the community crowd (brand 1.0, event 0.7)","60% of the crowd is in its target segments (students, young professionals, families)",Rated +0.3 stars against its pop-up average at community (11 reviews)
E023,B07,0.6863,46.1,17.91,10.23,0,"Discovery need matches the community crowd (brand 0.5, event 0.9)","57% of the crowd is in its target segments (young professionals, foodies)",Rated +0.1 stars against its pop-up average at community (12 reviews)
E023,B08,0.6163,46.1,17.3,6.67,0,"Discovery need matches the community crowd (brand 0.8, event 0.9)","39% of the crowd is in its target segments (students, foodies)",Rated +0.0 stars against its pop-up average at community (89 reviews)
E023,B09,0.6067,46.1,17.22,9.84,1,"Treat need matches the community crowd (brand 0.9, event 0.7)","57% of the crowd is in its target segments (young professionals, foodies)",Rated -0.0 stars against its pop-up average at community (77 reviews)
E023,B10,0.493,46.1,16.28,5.35,0,"Treat need matches the community crowd (brand 1.0, event 0.7)","33% of the crowd is in its target segments (students, families)",Rated +0.0 stars against its pop-up average at community (61 reviews)
E023,B11,0.4906,46.1,16.26,5.35,0,"Treat need matches the community crowd (brand 1.0, event 0.7)","33% of the crowd is in its target segments (students, families)",Rated +0.0 stars against its pop-up average at community (182 reviews)
E023,B12,0.4525,46.1,15.96,3.9,0,"Treat need matches the community crowd (brand 0.8, event 0.7)",24% of the crowd is in its target segments (families),Rated +0.1 stars against its pop-up average at community (40 reviews)
E023,B13,0.7633,46.1,18.6,10.62,1,"Discovery need matches the community crowd (brand 1.0, event 0.9)","57% of the crowd is in its target segments (young professionals, foodies)",Rated +0.3 stars against its pop-up average at community (229 reviews)
E023,B14,0.5564,46.1,16.8,5.05,0,"Discovery need matches the community crowd (brand 0.9, event 0.9)",30% of the crowd is in its target segments (foodies),Rated +0.1 stars against its pop-up average at community (16 reviews)
E023,B15,0.7973,46.1,18.91,10.3,0,"Discovery need matches the community crowd (brand 0.7, event 0.9)","54% of the crowd is in its target segments (families, foodies)",Rated +0.5 stars against its pop-up average at community (22 reviews)
E023,B16,0.5353,46.1,16.62,5.91,0,"Sharing need matches the community crowd (brand 0.9, event 0.7)","36% of the crowd is in its target segments (students, young professionals)",No WatchHumans reviews at community yet; fit comes from need states and audience
E023,B17,0.3078,46.1,14.86,6.76,0,"Value need matches the community crowd (brand 0.5, event 0.5)","46% of the crowd is in its target segments (students, young professionals, fitness)",Rated -0.4 stars against its pop-up average at community (150 reviews)
E023,B18,0.2631,46.1,14.54,2.68,0,"Treat need matches the community crowd (brand 0.4, event 0.7)","18% of the crowd is in its target segments (students, fitness)",Rated -0.6 stars against its pop-up average at community (11 reviews)
E023,B19,0.3515,46.1,15.19,5.62,0,"Discovery need matches the community crowd (brand 0.5, event 0.9)","37% of the crowd is in its target segments (young professionals, fitness)",Rated -0.1 stars against its pop-up average at community (30 reviews)
E023,B20,0.6053,46.1,17.21,8.85,0,"Discovery need matches the community crowd (brand 0.4, event 0.9)","51% of the crowd is in its target segments (young professionals, families)",Rated +0.0 stars against its pop-up average at community (52 reviews)
E024,B01,0.5944,37.4,13.91,9.13,1,"Discovery need matches the community crowd (brand 0.6, event 0.9)","66% of the crowd is in its target segments (students, young professionals, foodies)",Rated -0.1 stars against its pop-up average at community (236 reviews)
E024,B02,0.2264,37.4,11.61,4.3,0,"Hydrate need matches the community crowd (brand 1.0, event 0.3)","37% of the crowd is in its target segments (young professionals, fitness)",Rated -0.4 stars against its pop-up average at community (46 reviews)
E024,B03,0.1995,37.4,11.45,4.07,0,"Discovery need matches the community crowd (brand 0.3, event 0.9)","36% of the crowd is in its target segments (students, young professionals)",Rated -0.5 stars against its pop-up average at community (70 reviews)
E024,B04,0.5828,37.4,13.83,7.9,0,"Discovery need matches the community crowd (brand 0.8, event 0.9)","57% of the crowd is in its target segments (young professionals, foodies)",Penalised: needs chilling or freezing at an outdoor event
E024,B05,0.6806,37.4,14.51,8.7,1,"Sharing need matches the community crowd (brand 0.9, event 0.7)","60% of the crowd is in its target segments (students, young professionals, families)",Rated +0.1 stars against its pop-up average at community (186 reviews)
E024,B06,0.6874,37.4,14.56,8.73,1,"Sharing need matches the community crowd (brand 1.0, event 0.7)","60% of the crowd is in its target segments (students, young professionals, families)",Rated +0.3 stars against its pop-up average at community (11 reviews)
E024,B07,0.6863,37.4,14.55,8.31,0,"Discovery need matches the community crowd (brand 0.5, event 0.9)","57% of the crowd is in its target segments (young professionals, foodies)",Rated +0.1 stars against its pop-up average at community (12 reviews)
E024,B08,0.6163,37.4,14.06,5.42,0,"Discovery need matches the community crowd (brand 0.8, event 0.9)","39% of the crowd is in its target segments (students, foodies)",Rated +0.0 stars against its pop-up average at community (89 reviews)
E024,B09,0.6067,37.4,14.0,8.0,1,"Treat need matches the community crowd (brand 0.9, event 0.7)","57% of the crowd is in its target segments (young professionals, foodies)",Rated -0.0 stars against its pop-up average at community (77 reviews)
E024,B10,0.2514,37.4,11.75,3.86,0,"Treat need matches the community crowd (brand 1.0, event 0.7)","33% of the crowd is in its target segments (students, families)",Rated +0.0 stars against its pop-up average at community (61 reviews)
E024,B11,0.4906,37.4,13.22,4.35,0,"Treat need matches the community crowd (brand 1.0, event 0.7)","33% of the crowd is in its target segments (students, families)",Rated +0.0 stars against its pop-up average at community (182 reviews)
E024,B12,0.4525,37.4,12.97,3.17,0,"Treat need matches the community crowd (brand 0.8, event 0.7)",24% of the crowd is in its target segments (families),Rated +0.1 stars against its pop-up average at community (40 reviews)
E024,B13,0.7633,37.4,15.12,8.64,1,"Discovery need matches the community crowd (brand 1.0, event 0.9)","57% of the crowd is in its target segments (young professionals, foodies)",Rated +0.3 stars against its pop-up average at community (229 reviews)
E024,B14,0.5564,37.4,13.65,4.11,0,"Discovery need matches the community crowd (brand 0.9, event 0.9)",30% of the crowd is in its target segments (foodies),Rated +0.1 stars against its pop-up average at community (16 reviews)
E024,B15,0.7973,37.4,15.37,8.38,0,"Discovery need matches the community crowd (brand 0.7, event 0.9)","54% of the crowd is in its target segments (families, foodies)",Rated +0.5 stars against its pop-up average at community (22 reviews)
E024,B16,0.455,37.4,12.99,4.61,0,"Sharing need matches the community crowd (brand 0.9, event 0.7)","36% of the crowd is in its target segments (students, young professionals)",Penalised: needs chilling or freezing at an outdoor event
E024,B17,0.3078,37.4,12.08,5.5,0,"Value need matches the community crowd (brand 0.5, event 0.5)","46% of the crowd is in its target segments (students, young professionals, fitness)",Rated -0.4 stars against its pop-up average at community (150 reviews)
E024,B18,0.2631,37.4,11.82,2.18,0,"Treat need matches the community crowd (brand 0.4, event 0.7)","18% of the crowd is in its target segments (students, fitness)",Rated -0.6 stars against its pop-up average at community (11 reviews)
E024,B19,0.2987,37.4,12.03,4.45,0,"Discovery need matches the community crowd (brand 0.5, event 0.9)","37% of the crowd is in its target segments (young professionals, fitness)",Rated -0.1 stars against its pop-up average at community (30 reviews)
E024,B20,0.6053,37.4,13.99,7.2,0,"Discovery need matches the community crowd (brand 0.4, event 0.9)","51% of the crowd is in its target segments (young professionals, families)",Rated +0.0 stars against its pop-up average at community (52 reviews)
E025,B01,0.7866,50.8,22.57,19.01,1,"Hydrate need matches the festivals crowd (brand 0.6, event 1.0)","84% of the crowd is in its target segments (students, young professionals, foodies)",Rated +0.2 stars against its pop-up average at festivals (64 reviews)
E025,B02,0.5063,50.8,19.66,9.52,0,"Hydrate need matches the festivals crowd (brand 1.0, event 1.0)","48% of the crowd is in its target segments (young professionals, fitness)",Rated +0.2 stars against its pop-up average at festivals (16 reviews)
E025,B03,0.3539,50.8,18.24,12.35,0,"Energy need matches the festivals crowd (brand 1.0, event 0.6)","68% of the crowd is in its target segments (students, young professionals)",Penalised: needs chilling or freezing at an outdoor event
E025,B04,0.5848,50.8,20.43,11.57,0,"Discovery need matches the festivals crowd (brand 0.8, event 0.7)","57% of the crowd is in its target segments (young professionals, foodies)",Rated +0.0 stars against its pop-up average at festivals (48 reviews)
E025,B05,0.5891,50.8,20.48,15.37,1,"Sharing need matches the festivals crowd (brand 0.9, event 0.6)","75% of the crowd is in its target segments (students, young professionals, families)",Rated -0.0 stars against its pop-up average at festivals (39 reviews)
E025,B06,0.5727,50.8,20.31,15.25,1,"Sharing need matches the festivals crowd (brand 1.0, event 0.6)","75% of the crowd is in its target segments (students, young professionals, families)",Rated +0.0 stars against its pop-up average at festivals (40 reviews)
E025,B07,0.5535,50.8,20.12,11.39,0,"Sharing need matches the festivals crowd (brand 0.6, event 0.6)","57% of the crowd is in its target segments (young professionals, foodies)",Rated +0.1 stars against its pop-up average at festivals (25 reviews)
E025,B08,0.4839,50.8,19.44,8.6,0,"Discovery need matches the festivals crowd (brand 0.8, event 0.7)","44% of the crowd is in its target segments (students, foodies)",No WatchHumans reviews at festivals yet; fit comes from need states and audience
E025,B09,0.5275,50.8,19.87,11.25,1,"Treat need matches the festivals crowd (brand 0.9, event 0.7)","57% of the crowd is in its target segments (young professionals, foodies)",No WatchHumans reviews at festivals yet; fit comes from need states and audience
E025,B10,0.2656,50.8,17.46,6.11,0,"Treat need matches the festivals crowd (brand 1.0, event 0.7)","35% of the crowd is in its target segments (students, families)",Penalised: needs chilling or freezing at an outdoor event
E025,B11,0.4054,50.8,18.71,6.55,0,"Treat need matches the festivals crowd (brand 1.0, event 0.7)","35% of the crowd is in its target segments (students, families)",Rated -0.1 stars against its pop-up average at festivals (56 reviews)
E025,B12,0.3163,50.8,17.9,1.32,0,"Treat need matches the festivals crowd (brand 0.8, event 0.7)",7% of the crowd is in its target segments (families),No WatchHumans reviews at festivals yet; fit comes from need states and audience
E025,B13,0.4812,50.8,19.42,10.99,0,"Discovery need matches the festivals crowd (brand 1.0, event 0.7)","57% of the crowd is in its target segments (young professionals, foodies)",Rated -0.2 stars against its pop-up average at festivals (37 reviews)
E025,B14,0.3533,50.8,18.23,3.02,0,"Discovery need matches the festivals crowd (brand 0.9, event 0.7)",17% of the crowd is in its target segments (foodies),No WatchHumans reviews at festivals yet; fit comes from need states and audience
E025,B15,0.4193,50.8,18.84,4.51,0,"Discovery need matches the festivals crowd (brand 0.7, event 0.7)","24% of the crowd is in its target segments (families, foodies)",Rated +0.3 stars against its pop-up average at festivals (10 reviews)
E025,B16,0.4705,50.8,19.32,13.07,1,"Sharing need matches the festivals crowd (brand 0.9, event 0.6)","68% of the crowd is in its target segments (students, young professionals)",Penalised: needs chilling or freezing at an outdoor event
E025,B17,0.4166,50.8,18.81,14.31,0,"Energy need matches the festivals crowd (brand 0.7, event 0.6)","76% of the crowd is in its target segments (students, young professionals, fitness)",Rated -0.3 stars against its pop-up average at festivals (44 reviews)
E025,B18,0.3704,50.8,18.39,6.62,0,"Energy need matches the festivals crowd (brand 0.9, event 0.6)","36% of the crowd is in its target segments (students, fitness)",No WatchHumans reviews at festivals yet; fit comes from need states and audience
E025,B19,0.3766,50.8,18.44,8.93,0,"Energy need matches the festivals crowd (brand 0.7, event 0.6)","48% of the crowd is in its target segments (young professionals, fitness)",Rated -0.1 stars against its pop-up average at festivals (20 reviews)
E025,B20,0.437,50.8,19.0,9.01,0,"Discovery need matches the festivals crowd (brand 0.4, event 0.7)","47% of the crowd is in its target segments (young professionals, families)",No WatchHumans reviews at festivals yet; fit comes from need states and audience
E026,B01,0.8337,26.4,11.97,11.45,1,"Hydrate need matches the concerts crowd (brand 0.6, event 0.9)","96% of the crowd is in its target segments (students, young professionals, foodies)",Rated +0.2 stars against its pop-up average at concerts (47 reviews)
E026,B02,0.5849,26.4,10.59,5.6,0,"Hydrate need matches the concerts crowd (brand 1.0, event 0.9)","53% of the crowd is in its target segments (young professionals, fitness)",No WatchHumans reviews at concerts yet; fit comes from need states and audience
E026,B03,0.5342,26.4,10.33,8.5,0,"Energy need matches the concerts crowd (brand 1.0, event 0.8)","82% of the crowd is in its target segments (students, young professionals)",No WatchHumans reviews at concerts yet; fit comes from need states and audience
E026,B04,0.5882,26.4,10.61,6.57,0,"Hydrate need matches the concerts crowd (brand 0.5, event 0.9)","62% of the crowd is in its target segments (young professionals, foodies)",No WatchHumans reviews at concerts yet; fit comes from need states and audience
E026,B05,0.5095,26.4,10.2,8.4,1,"Sharing need matches the concerts crowd (brand 0.9, event 0.4)","82% of the crowd is in its target segments (students, young professionals, families)",Rated -0.1 stars against its pop-up average at concerts (30 reviews)
E026,B06,0.4721,26.4,10.02,8.24,0,"Sharing need matches the concerts crowd (brand 1.0, event 0.4)","82% of the crowd is in its target segments (students, young professionals, families)",No WatchHumans reviews at concerts yet; fit comes from need states and audience
E026,B07,0.4711,26.4,10.01,6.21,0,"Energy need matches the concerts crowd (brand 0.3, event 0.8)","62% of the crowd is in its target segments (young professionals, foodies)",No WatchHumans reviews at concerts yet; fit comes from need states and audience
E026,B08,0.365,26.4,9.5,4.48,0,"Discovery need matches the concerts crowd (brand 0.8, event 0.3)","47% of the crowd is in its target segments (students, foodies)",No WatchHumans reviews at concerts yet; fit comes from need states and audience
E026,B09,0.4438,26.4,9.88,6.12,1,"Energy need matches the concerts crowd (brand 0.5, event 0.8)","62% of the crowd is in its target segments (young professionals, foodies)",No WatchHumans reviews at concerts yet; fit comes from need states and audience
E026,B10,0.421,26.4,9.77,3.3,0,"Hydrate need matches the concerts crowd (brand 0.6, event 0.9)","34% of the crowd is in its target segments (students, families)",No WatchHumans reviews at concerts yet; fit comes from need states and audience
E026,B11,0.3661,26.4,9.51,3.21,0,"Energy need matches the concerts crowd (brand 0.4, event 0.8)","34% of the crowd is in its target segments (students, families)",Rated +0.2 stars against its pop-up average at concerts (18 reviews)
E026,B12,0.2421,26.4,8.94,0.0,0,"Energy need matches the concerts crowd (brand 0.3, event 0.8)",0% of the crowd is in its target segments (families),No WatchHumans reviews at concerts yet; fit comes from need states and audience
E026,B13,0.3278,26.4,9.33,5.78,0,"Discovery need matches the concerts crowd (brand 1.0, event 0.3)","62% of the crowd is in its target segments (young professionals, foodies)",Rated -0.3 stars against its pop-up average at concerts (31 reviews)
E026,B14,0.2103,26.4,8.81,1.18,0,"Discovery need matches the concerts crowd (brand 0.9, event 0.3)",13% of the crowd is in its target segments (foodies),No WatchHumans reviews at concerts yet; fit comes from need states and audience
E026,B15,0.2437,26.4,8.95,1.2,0,"Sharing need matches the concerts crowd (brand 0.6, event 0.4)","13% of the crowd is in its target segments (families, foodies)",No WatchHumans reviews at concerts yet; fit comes from need states and audience
E026,B16,0.5008,26.4,10.16,8.36,1,"Sharing need matches the concerts crowd (brand 0.9, event 0.4)","82% of the crowd is in its target segments (students, young professionals)",No WatchHumans reviews at concerts yet; fit comes from need states and audience
E026,B17,0.5395,26.4,10.35,8.97,1,"Energy need matches the concerts crowd (brand 0.7, event 0.8)","87% of the crowd is in its target segments (students, young professionals, fitness)",Rated +0.1 stars against its pop-up average at concerts (43 reviews)
E026,B18,0.41,26.4,9.72,3.69,0,"Energy need matches the concerts crowd (brand 0.9, event 0.8)","38% of the crowd is in its target segments (students, fitness)",No WatchHumans reviews at concerts yet; fit comes from need states and audience
E026,B19,0.4955,26.4,10.13,5.36,0,"Energy need matches the concerts crowd (brand 0.7, event 0.8)","53% of the crowd is in its target segments (young professionals, fitness)",No WatchHumans reviews at concerts yet; fit comes from need states and audience
E026,B20,0.3269,26.4,9.33,4.53,0,"Discovery need matches the concerts crowd (brand 0.4, event 0.3)","49% of the crowd is in its target segments (young professionals, families)",No WatchHumans reviews at concerts yet; fit comes from need states and audience
E027,B01,0.8626,11.2,4.85,4.12,1,"Treat need matches the performing arts crowd (brand 0.6, event 0.9)","85% of the crowd is in its target segments (students, young professionals, foodies)",Rated +0.4 stars against its pop-up average at performing arts (7 reviews)
E027,B02,0.1911,11.2,3.49,1.88,0,"Hydrate need matches the performing arts crowd (brand 1.0, event 0.3)","54% of the crowd is in its target segments (young professionals, fitness)",Rated -0.6 stars against its pop-up average at performing arts (5 reviews)
E027,B03,0.3328,11.2,3.74,2.14,0,"Treat need matches the performing arts crowd (brand 0.3, event 0.9)","57% of the crowd is in its target segments (students, young professionals)",No WatchHumans reviews at performing arts yet; fit comes from need states and audience
E027,B04,0.6328,11.2,4.33,3.3,1,"Treat need matches the performing arts crowd (brand 0.4, event 0.9)","76% of the crowd is in its target segments (young professionals, foodies)",No WatchHumans reviews at performing arts yet; fit comes from need states and audience
E027,B05,0.7621,11.2,4.62,3.09,0,"Sharing need matches the performing arts crowd (brand 0.9, event 0.8)","67% of the crowd is in its target segments (students, young professionals, families)",Rated +0.2 stars against its pop-up average at performing arts (7 reviews)
E027,B06,0.7443,11.2,4.58,3.07,0,"Sharing need matches the performing arts crowd (brand 1.0, event 0.8)","67% of the crowd is in its target segments (students, young professionals, families)",No WatchHumans reviews at performing arts yet; fit comes from need states and audience
E027,B07,0.7108,11.2,4.5,3.43,1,"Sharing need matches the performing arts crowd (brand 0.6, event 0.8)","76% of the crowd is in its target segments (young professionals, foodies)",No WatchHumans reviews at performing arts yet; fit comes from need states and audience
E027,B08,0.5242,11.2,4.11,1.5,0,"Treat need matches the performing arts crowd (brand 0.5, event 0.9)","36% of the crowd is in its target segments (students, foodies)",No WatchHumans reviews at performing arts yet; fit comes from need states and audience
E027,B09,0.7317,11.2,4.55,3.47,1,"Treat need matches the performing arts crowd (brand 0.9, event 0.9)","76% of the crowd is in its target segments (young professionals, foodies)",No WatchHumans reviews at performing arts yet; fit comes from need states and audience
E027,B10,0.436,11.2,3.93,0.72,0,"Treat need matches the performing arts crowd (brand 1.0, event 0.9)","18% of the crowd is in its target segments (students, families)",No WatchHumans reviews at performing arts yet; fit comes from need states and audience
E027,B11,0.4309,11.2,3.92,0.72,0,"Treat need matches the performing arts crowd (brand 1.0, event 0.9)","18% of the crowd is in its target segments (students, families)",Rated -0.5 stars against its pop-up average at performing arts (9 reviews)
E027,B12,0.4202,11.2,3.9,0.38,0,"Treat need matches the performing arts crowd (brand 0.8, event 0.9)",10% of the crowd is in its target segments (families),Rated +0.3 stars against its pop-up average at performing arts (7 reviews)
E027,B13,0.7489,11.2,4.59,3.5,1,"Sharing need matches the performing arts crowd (brand 0.7, event 0.8)","76% of the crowd is in its target segments (young professionals, foodies)",Rated +0.4 stars against its pop-up average at performing arts (8 reviews)
E027,B14,0.4619,11.2,3.98,1.1,0,"Treat need matches the performing arts crowd (brand 0.5, event 0.9)",28% of the crowd is in its target segments (foodies),No WatchHumans reviews at performing arts yet; fit comes from need states and audience
E027,B15,0.5468,11.2,4.15,1.55,0,"Sharing need matches the performing arts crowd (brand 0.6, event 0.8)","37% of the crowd is in its target segments (families, foodies)",No WatchHumans reviews at performing arts yet; fit comes from need states and audience
E027,B16,0.6467,11.2,4.36,2.5,0,"Sharing need matches the performing arts crowd (brand 0.9, event 0.8)","57% of the crowd is in its target segments (students, young professionals)",No WatchHumans reviews at performing arts yet; fit comes from need states and audience
E027,B17,0.2881,11.2,3.66,2.29,0,"Treat need matches the performing arts crowd (brand 0.3, event 0.9)","63% of the crowd is in its target segments (students, young professionals, fitness)",No WatchHumans reviews at performing arts yet; fit comes from need states and audience
E027,B18,0.2532,11.2,3.6,0.51,0,"Treat need matches the performing arts crowd (brand 0.4, event 0.9)","14% of the crowd is in its target segments (students, fitness)",No WatchHumans reviews at performing arts yet; fit comes from need states and audience
E027,B19,0.2709,11.2,3.63,1.95,0,"Discovery need matches the performing arts crowd (brand 0.5, event 0.4)","54% of the crowd is in its target segments (young professionals, fitness)",No WatchHumans reviews at performing arts yet; fit comes from need states and audience
E027,B20,0.5136,11.2,4.09,2.38,0,"Treat need matches the performing arts crowd (brand 0.4, event 0.9)","58% of the crowd is in its target segments (young professionals, families)",Rated -0.3 stars against its pop-up average at performing arts (5 reviews)
E028,B01,0.8626,24.2,10.53,8.95,1,"Treat need matches the performing arts crowd (brand 0.6, event 0.9)","85% of the crowd is in its target segments (students, young professionals, foodies)",Rated +0.4 stars against its pop-up average at performing arts (7 reviews)
E028,B02,0.1911,24.2,7.57,4.08,0,"Hydrate need matches the performing arts crowd (brand 1.0, event 0.3)","54% of the crowd is in its target segments (young professionals, fitness)",Rated -0.6 stars against its pop-up average at performing arts (5 reviews)
E028,B03,0.3328,24.2,8.12,4.65,0,"Treat need matches the performing arts crowd (brand 0.3, event 0.9)","57% of the crowd is in its target segments (students, young professionals)",No WatchHumans reviews at performing arts yet; fit comes from need states and audience
E028,B04,0.6328,24.2,9.41,7.17,1,"Treat need matches the performing arts crowd (brand 0.4, event 0.9)","76% of the crowd is in its target segments (young professionals, foodies)",No WatchHumans reviews at performing arts yet; fit comes from need states and audience
E028,B05,0.7621,24.2,10.02,6.71,0,"Sharing need matches the performing arts crowd (brand 0.9, event 0.8)","67% of the crowd is in its target segments (students, young professionals, families)",Rated +0.2 stars against its pop-up average at performing arts (7 reviews)
E028,B06,0.7443,24.2,9.94,6.65,0,"Sharing need matches the performing arts crowd (brand 1.0, event 0.8)","67% of the crowd is in its target segments (students, young professionals, families)",No WatchHumans reviews at performing arts yet; fit comes from need states and audience
E028,B07,0.7108,24.2,9.77,7.45,1,"Sharing need matches the performing arts crowd (brand 0.6, event 0.8)","76% of the crowd is in its target segments (young professionals, foodies)",No WatchHumans reviews at performing arts yet; fit comes from need states and audience
E028,B08,0.5242,24.2,8.92,3.25,0,"Treat need matches the performing arts crowd (brand 0.5, event 0.9)","36% of the crowd is in its target segments (students, foodies)",No WatchHumans reviews at performing arts yet; fit comes from need states and audience
E028,B09,0.7317,24.2,9.88,7.53,1,"Treat need matches the performing arts crowd (brand 0.9, event 0.9)","76% of the crowd is in its target segments (young professionals, foodies)",No WatchHumans reviews at performing arts yet; fit comes from need states and audience
E028,B10,0.436,24.2,8.54,1.57,0,"Treat need matches the performing arts crowd (brand 1.0, event 0.9)","18% of the crowd is in its target segments (students, families)",No WatchHumans reviews at performing arts yet; fit comes from need states and audience
E028,B11,0.4309,24.2,8.52,1.57,0,"Treat need matches the performing arts crowd (brand 1.0, event 0.9)","18% of the crowd is in its target segments (students, families)",Rated -0.5 stars against its pop-up average at performing arts (9 reviews)
E028,B12,0.4202,24.2,8.47,0.82,0,"Treat need matches the performing arts crowd (brand 0.8, event 0.9)",10% of the crowd is in its target segments (families),Rated +0.3 stars against its pop-up average at performing arts (7 reviews)
E028,B13,0.7489,24.2,9.96,7.59,1,"Sharing need matches the performing arts crowd (brand 0.7, event 0.8)","76% of the crowd is in its target segments (young professionals, foodies)",Rated +0.4 stars against its pop-up average at performing arts (8 reviews)
E028,B14,0.4619,24.2,8.65,2.4,0,"Treat need matches the performing arts crowd (brand 0.5, event 0.9)",28% of the crowd is in its target segments (foodies),No WatchHumans reviews at performing arts yet; fit comes from need states and audience
E028,B15,0.5468,24.2,9.02,3.37,0,"Sharing need matches the performing arts crowd (brand 0.6, event 0.8)","37% of the crowd is in its target segments (families, foodies)",No WatchHumans reviews at performing arts yet; fit comes from need states and audience
E028,B16,0.6467,24.2,9.47,5.42,0,"Sharing need matches the performing arts crowd (brand 0.9, event 0.8)","57% of the crowd is in its target segments (students, young professionals)",No WatchHumans reviews at performing arts yet; fit comes from need states and audience
E028,B17,0.2881,24.2,7.94,4.97,0,"Treat need matches the performing arts crowd (brand 0.3, event 0.9)","63% of the crowd is in its target segments (students, young professionals, fitness)",No WatchHumans reviews at performing arts yet; fit comes from need states and audience
E028,B18,0.2532,24.2,7.8,1.1,0,"Treat need matches the performing arts crowd (brand 0.4, event 0.9)","14% of the crowd is in its target segments (students, fitness)",No WatchHumans reviews at performing arts yet; fit comes from need states and audience
E028,B19,0.2709,24.2,7.87,4.24,0,"Discovery need matches the performing arts crowd (brand 0.5, event 0.4)","54% of the crowd is in its target segments (young professionals, fitness)",No WatchHumans reviews at performing arts yet; fit comes from need states and audience
E028,B20,0.5136,24.2,8.87,5.16,0,"Treat need matches the performing arts crowd (brand 0.4, event 0.9)","58% of the crowd is in its target segments (young professionals, families)",Rated -0.3 stars against its pop-up average at performing arts (5 reviews)
E029,B01,0.5944,14.1,5.25,3.45,1,"Discovery need matches the community crowd (brand 0.6, event 0.9)","66% of the crowd is in its target segments (students, young professionals, foodies)",Rated -0.1 stars against its pop-up average at community (236 reviews)
E029,B02,0.2264,14.1,4.38,1.62,0,"Hydrate need matches the community crowd (brand 1.0, event 0.3)","37% of the crowd is in its target segments (young professionals, fitness)",Rated -0.4 stars against its pop-up average at community (46 reviews)
E029,B03,0.1995,14.1,4.33,1.54,0,"Discovery need matches the community crowd (brand 0.3, event 0.9)","36% of the crowd is in its target segments (students, young professionals)",Rated -0.5 stars against its pop-up average at community (70 reviews)
E029,B04,0.5828,14.1,5.22,2.98,0,"Discovery need matches the community crowd (brand 0.8, event 0.9)","57% of the crowd is in its target segments (young professionals, foodies)",Penalised: needs chilling or freezing at an outdoor event
E029,B05,0.6806,14.1,5.48,3.29,1,"Sharing need matches the community crowd (brand 0.9, event 0.7)","60% of the crowd is in its target segments (students, young professionals, families)",Rated +0.1 stars against its pop-up average at community (186 reviews)
E029,B06,0.6874,14.1,5.5,3.3,1,"Sharing need matches the community crowd (brand 1.0, event 0.7)","60% of the crowd is in its target segments (students, young professionals, families)",Rated +0.3 stars against its pop-up average at community (11 reviews)
E029,B07,0.6863,14.1,5.5,3.14,0,"Discovery need matches the community crowd (brand 0.5, event 0.9)","57% of the crowd is in its target segments (young professionals, foodies)",Rated +0.1 stars against its pop-up average at community (12 reviews)
E029,B08,0.6163,14.1,5.31,2.05,0,"Discovery need matches the community crowd (brand 0.8, event 0.9)","39% of the crowd is in its target segments (students, foodies)",Rated +0.0 stars against its pop-up average at community (89 reviews)
E029,B09,0.6067,14.1,5.29,3.02,1,"Treat need matches the community crowd (brand 0.9, event 0.7)","57% of the crowd is in its target segments (young professionals, foodies)",Rated -0.0 stars against its pop-up average at community (77 reviews)
E029,B10,0.2514,14.1,4.44,1.46,0,"Treat need matches the community crowd (brand 1.0, event 0.7)","33% of the crowd is in its target segments (students, families)",Rated +0.0 stars against its pop-up average at community (61 reviews)
E029,B11,0.4906,14.1,4.99,1.64,0,"Treat need matches the community crowd (brand 1.0, event 0.7)","33% of the crowd is in its target segments (students, families)",Rated +0.0 stars against its pop-up average at community (182 reviews)
E029,B12,0.4525,14.1,4.9,1.2,0,"Treat need matches the community crowd (brand 0.8, event 0.7)",24% of the crowd is in its target segments (families),Rated +0.1 stars against its pop-up average at community (40 reviews)
E029,B13,0.7633,14.1,5.71,3.26,1,"Discovery need matches the community crowd (brand 1.0, event 0.9)","57% of the crowd is in its target segments (young professionals, foodies)",Rated +0.3 stars against its pop-up average at community (229 reviews)
E029,B14,0.5564,14.1,5.16,1.55,0,"Discovery need matches the community crowd (brand 0.9, event 0.9)",30% of the crowd is in its target segments (foodies),Rated +0.1 stars against its pop-up average at community (16 reviews)
E029,B15,0.7973,14.1,5.81,3.16,0,"Discovery need matches the community crowd (brand 0.7, event 0.9)","54% of the crowd is in its target segments (families, foodies)",Rated +0.5 stars against its pop-up average at community (22 reviews)
E029,B16,0.455,14.1,4.91,1.74,0,"Sharing need matches the community crowd (brand 0.9, event 0.7)","36% of the crowd is in its target segments (students, young professionals)",Penalised: needs chilling or freezing at an outdoor event
E029,B17,0.3078,14.1,4.56,2.08,0,"Value need matches the community crowd (brand 0.5, event 0.5)","46% of the crowd is in its target segments (students, young professionals, fitness)",Rated -0.4 stars against its pop-up average at community (150 reviews)
E029,B18,0.2631,14.1,4.46,0.82,0,"Treat need matches the community crowd (brand 0.4, event 0.7)","18% of the crowd is in its target segments (students, fitness)",Rated -0.6 stars against its pop-up average at community (11 reviews)
E029,B19,0.2987,14.1,4.54,1.68,0,"Discovery need matches the community crowd (brand 0.5, event 0.9)","37% of the crowd is in its target segments (young professionals, fitness)",Rated -0.1 stars against its pop-up average at community (30 reviews)
E029,B20,0.6053,14.1,5.28,2.72,0,"Discovery need matches the community crowd (brand 0.4, event 0.9)","51% of the crowd is in its target segments (young professionals, families)",Rated +0.0 stars against its pop-up average at community (52 reviews)
E030,B01,0.8626,15.4,6.72,5.71,1,"Treat need matches the performing arts crowd (brand 0.6, event 0.9)","85% of the crowd is in its target segments (students, young professionals, foodies)",Rated +0.4 stars against its pop-up average at performing arts (7 reviews)
E030,B02,0.1911,15.4,4.83,2.6,0,"Hydrate need matches the performing arts crowd (brand 1.0, event 0.3)","54% of the crowd is in its target segments (young professionals, fitness)",Rated -0.6 stars against its pop-up average at performing arts (5 reviews)
E030,B03,0.3328,15.4,5.18,2.96,0,"Treat need matches the performing arts crowd (brand 0.3, event 0.9)","57% of the crowd is in its target segments (students, young professionals)",No WatchHumans reviews at performing arts yet; fit comes from need states and audience
E030,B04,0.6328,15.4,6.0,4.57,1,"Treat need matches the performing arts crowd (brand 0.4, event 0.9)","76% of the crowd is in its target segments (young professionals, foodies)",No WatchHumans reviews at performing arts yet; fit comes from need states and audience
E030,B05,0.7621,15.4,6.39,4.28,0,"Sharing need matches the performing arts crowd (brand 0.9, event 0.8)","67% of the crowd is in its target segments (students, young professionals, families)",Rated +0.2 stars against its pop-up average at performing arts (7 reviews)
E030,B06,0.7443,15.4,6.34,4.24,0,"Sharing need matches the performing arts crowd (brand 1.0, event 0.8)","67% of the crowd is in its target segments (students, young professionals, families)",No WatchHumans reviews at performing arts yet; fit comes from need states and audience
E030,B07,0.7108,15.4,6.23,4.75,1,"Sharing need matches the performing arts crowd (brand 0.6, event 0.8)","76% of the crowd is in its target segments (young professionals, foodies)",No WatchHumans reviews at performing arts yet; fit comes from need states and audience
E030,B08,0.5242,15.4,5.69,2.07,0,"Treat need matches the performing arts crowd (brand 0.5, event 0.9)","36% of the crowd is in its target segments (students, foodies)",No WatchHumans reviews at performing arts yet; fit comes from need states and audience
E030,B09,0.7317,15.4,6.3,4.8,1,"Treat need matches the performing arts crowd (brand 0.9, event 0.9)","76% of the crowd is in its target segments (young professionals, foodies)",No WatchHumans reviews at performing arts yet; fit comes from need states and audience
E030,B10,0.436,15.4,5.45,1.0,0,"Treat need matches the performing arts crowd (brand 1.0, event 0.9)","18% of the crowd is in its target segments (students, families)",No WatchHumans reviews at performing arts yet; fit comes from need states and audience
E030,B11,0.4309,15.4,5.43,1.0,0,"Treat need matches the performing arts crowd (brand 1.0, event 0.9)","18% of the crowd is in its target segments (students, families)",Rated -0.5 stars against its pop-up average at performing arts (9 reviews)
E030,B12,0.4202,15.4,5.4,0.52,0,"Treat need matches the performing arts crowd (brand 0.8, event 0.9)",10% of the crowd is in its target segments (families),Rated +0.3 stars against its pop-up average at performing arts (7 reviews)
E030,B13,0.7489,15.4,6.35,4.84,1,"Sharing need matches the performing arts crowd (brand 0.7, event 0.8)","76% of the crowd is in its target segments (young professionals, foodies)",Rated +0.4 stars against its pop-up average at performing arts (8 reviews)
E030,B14,0.4619,15.4,5.51,1.53,0,"Treat need matches the performing arts crowd (brand 0.5, event 0.9)",28% of the crowd is in its target segments (foodies),No WatchHumans reviews at performing arts yet; fit comes from need states and audience
E030,B15,0.5468,15.4,5.75,2.15,0,"Sharing need matches the performing arts crowd (brand 0.6, event 0.8)","37% of the crowd is in its target segments (families, foodies)",No WatchHumans reviews at performing arts yet; fit comes from need states and audience
E030,B16,0.6467,15.4,6.04,3.46,0,"Sharing need matches the performing arts crowd (brand 0.9, event 0.8)","57% of the crowd is in its target segments (students, young professionals)",No WatchHumans reviews at performing arts yet; fit comes from need states and audience
E030,B17,0.2881,15.4,5.06,3.17,0,"Treat need matches the performing arts crowd (brand 0.3, event 0.9)","63% of the crowd is in its target segments (students, young professionals, fitness)",No WatchHumans reviews at performing arts yet; fit comes from need states and audience
E030,B18,0.2532,15.4,4.98,0.7,0,"Treat need matches the performing arts crowd (brand 0.4, event 0.9)","14% of the crowd is in its target segments (students, fitness)",No WatchHumans reviews at performing arts yet; fit comes from need states and audience
E030,B19,0.2709,15.4,5.02,2.7,0,"Discovery need matches the performing arts crowd (brand 0.5, event 0.4)","54% of the crowd is in its target segments (young professionals, fitness)",No WatchHumans reviews at performing arts yet; fit comes from need states and audience
E030,B20,0.5136,15.4,5.66,3.29,0,"Treat need matches the performing arts crowd (brand 0.4, event 0.9)","58% of the crowd is in its target segments (young professionals, families)",Rated -0.3 stars against its pop-up average at performing arts (5 reviews)
E031,B01,0.7866,30.2,13.43,11.32,1,"Hydrate need matches the festivals crowd (brand 0.6, event 1.0)","84% of the crowd is in its target segments (students, young professionals, foodies)",Rated +0.2 stars against its pop-up average at festivals (64 reviews)
E031,B02,0.5063,30.2,11.7,5.67,0,"Hydrate need matches the festivals crowd (brand 1.0, event 1.0)","48% of the crowd is in its target segments (young professionals, fitness)",Rated +0.2 stars against its pop-up average at festivals (16 reviews)
E031,B03,0.3539,30.2,10.86,7.35,0,"Energy need matches the festivals crowd (brand 1.0, event 0.6)","68% of the crowd is in its target segments (students, young professionals)",Penalised: needs chilling or freezing at an outdoor event
E031,B04,0.5848,30.2,12.16,6.89,0,"Discovery need matches the festivals crowd (brand 0.8, event 0.7)","57% of the crowd is in its target segments (young professionals, foodies)",Rated +0.0 stars against its pop-up average at festivals (48 reviews)
E031,B05,0.5891,30.2,12.19,9.15,1,"Sharing need matches the festivals crowd (brand 0.9, event 0.6)","75% of the crowd is in its target segments (students, young professionals, families)",Rated -0.0 stars against its pop-up average at festivals (39 reviews)
E031,B06,0.5727,30.2,12.09,9.07,1,"Sharing need matches the festivals crowd (brand 1.0, event 0.6)","75% of the crowd is in its target segments (students, young professionals, families)",Rated +0.0 stars against its pop-up average at festivals (40 reviews)
E031,B07,0.5535,30.2,11.98,6.78,0,"Sharing need matches the festivals crowd (brand 0.6, event 0.6)","57% of the crowd is in its target segments (young professionals, foodies)",Rated +0.1 stars against its pop-up average at festivals (25 reviews)
E031,B08,0.4839,30.2,11.57,5.12,0,"Discovery need matches the festivals crowd (brand 0.8, event 0.7)","44% of the crowd is in its target segments (students, foodies)",No WatchHumans reviews at festivals yet; fit comes from need states and audience
E031,B09,0.5275,30.2,11.82,6.69,1,"Treat need matches the festivals crowd (brand 0.9, event 0.7)","57% of the crowd is in its target segments (young professionals, foodies)",No WatchHumans reviews at festivals yet; fit comes from need states and audience
E031,B10,0.2656,30.2,10.39,3.64,0,"Treat need matches the festivals crowd (brand 1.0, event 0.7)","35% of the crowd is in its target segments (students, families)",Penalised: needs chilling or freezing at an outdoor event
E031,B11,0.4054,30.2,11.13,3.9,0,"Treat need matches the festivals crowd (brand 1.0, event 0.7)","35% of the crowd is in its target segments (students, families)",Rated -0.1 stars against its pop-up average at festivals (56 reviews)
E031,B12,0.3163,30.2,10.66,0.78,0,"Treat need matches the festivals crowd (brand 0.8, event 0.7)",7% of the crowd is in its target segments (families),No WatchHumans reviews at festivals yet; fit comes from need states and audience
E031,B13,0.4812,30.2,11.56,6.54,0,"Discovery need matches the festivals crowd (brand 1.0, event 0.7)","57% of the crowd is in its target segments (young professionals, foodies)",Rated -0.2 stars against its pop-up average at festivals (37 reviews)
E031,B14,0.3533,30.2,10.85,1.8,0,"Discovery need matches the festivals crowd (brand 0.9, event 0.7)",17% of the crowd is in its target segments (foodies),No WatchHumans reviews at festivals yet; fit comes from need states and audience
E031,B15,0.4193,30.2,11.21,2.68,0,"Discovery need matches the festivals crowd (brand 0.7, event 0.7)","24% of the crowd is in its target segments (families, foodies)",Rated +0.3 stars against its pop-up average at festivals (10 reviews)
E031,B16,0.4705,30.2,11.5,7.78,1,"Sharing need matches the festivals crowd (brand 0.9, event 0.6)","68% of the crowd is in its target segments (students, young professionals)",Penalised: needs chilling or freezing at an outdoor event
E031,B17,0.4166,30.2,11.2,8.52,0,"Energy need matches the festivals crowd (brand 0.7, event 0.6)","76% of the crowd is in its target segments (students, young professionals, fitness)",Rated -0.3 stars against its pop-up average at festivals (44 reviews)
E031,B18,0.3704,30.2,10.94,3.94,0,"Energy need matches the festivals crowd (brand 0.9, event 0.6)","36% of the crowd is in its target segments (students, fitness)",No WatchHumans reviews at festivals yet; fit comes from need states and audience
E031,B19,0.3766,30.2,10.98,5.31,0,"Energy need matches the festivals crowd (brand 0.7, event 0.6)","48% of the crowd is in its target segments (young professionals, fitness)",Rated -0.1 stars against its pop-up average at festivals (20 reviews)
E031,B20,0.437,30.2,11.31,5.36,0,"Discovery need matches the festivals crowd (brand 0.4, event 0.7)","47% of the crowd is in its target segments (young professionals, families)",No WatchHumans reviews at festivals yet; fit comes from need states and audience
E032,B01,0.8626,20.8,9.06,7.7,1,"Treat need matches the performing arts crowd (brand 0.6, event 0.9)","85% of the crowd is in its target segments (students, young professionals, foodies)",Rated +0.4 stars against its pop-up average at performing arts (7 reviews)
E032,B02,0.1911,20.8,6.51,3.51,0,"Hydrate need matches the performing arts crowd (brand 1.0, event 0.3)","54% of the crowd is in its target segments (young professionals, fitness)",Rated -0.6 stars against its pop-up average at performing arts (5 reviews)
E032,B03,0.3328,20.8,6.98,4.0,0,"Treat need matches the performing arts crowd (brand 0.3, event 0.9)","57% of the crowd is in its target segments (students, young professionals)",No WatchHumans reviews at performing arts yet; fit comes from need states and audience
E032,B04,0.6328,20.8,8.09,6.17,1,"Treat need matches the performing arts crowd (brand 0.4, event 0.9)","76% of the crowd is in its target segments (young professionals, foodies)",No WatchHumans reviews at performing arts yet; fit comes from need states and audience
E032,B05,0.7621,20.8,8.62,5.77,0,"Sharing need matches the performing arts crowd (brand 0.9, event 0.8)","67% of the crowd is in its target segments (students, young professionals, families)",Rated +0.2 stars against its pop-up average at performing arts (7 reviews)
E032,B06,0.7443,20.8,8.55,5.72,0,"Sharing need matches the performing arts crowd (brand 1.0, event 0.8)","67% of the crowd is in its target segments (students, young professionals, families)",No WatchHumans reviews at performing arts yet; fit comes from need states and audience
E032,B07,0.7108,20.8,8.41,6.41,1,"Sharing need matches the performing arts crowd (brand 0.6, event 0.8)","76% of the crowd is in its target segments (young professionals, foodies)",No WatchHumans reviews at performing arts yet; fit comes from need states and audience
E032,B08,0.5242,20.8,7.67,2.8,0,"Treat need matches the performing arts crowd (brand 0.5, event 0.9)","36% of the crowd is in its target segments (students, foodies)",No WatchHumans reviews at performing arts yet; fit comes from need states and audience
E032,B09,0.7317,20.8,8.49,6.48,1,"Treat need matches the performing arts crowd (brand 0.9, event 0.9)","76% of the crowd is in its target segments (young professionals, foodies)",No WatchHumans reviews at performing arts yet; fit comes from need states and audience
E032,B10,0.436,20.8,7.34,1.35,0,"Treat need matches the performing arts crowd (brand 1.0, event 0.9)","18% of the crowd is in its target segments (students, families)",No WatchHumans reviews at performing arts yet; fit comes from need states and audience
E032,B11,0.4309,20.8,7.33,1.35,0,"Treat need matches the performing arts crowd (brand 1.0, event 0.9)","18% of the crowd is in its target segments (students, families)",Rated -0.5 stars against its pop-up average at performing arts (9 reviews)
E032,B12,0.4202,20.8,7.29,0.71,0,"Treat need matches the performing arts crowd (brand 0.8, event 0.9)",10% of the crowd is in its target segments (families),Rated +0.3 stars against its pop-up average at performing arts (7 reviews)
E032,B13,0.7489,20.8,8.57,6.53,1,"Sharing need matches the performing arts crowd (brand 0.7, event 0.8)","76% of the crowd is in its target segments (young professionals, foodies)",Rated +0.4 stars against its pop-up average at performing arts (8 reviews)
E032,B14,0.4619,20.8,7.44,2.06,0,"Treat need matches the performing arts crowd (brand 0.5, event 0.9)",28% of the crowd is in its target segments (foodies),No WatchHumans reviews at performing arts yet; fit comes from need states and audience
E032,B15,0.5468,20.8,7.76,2.9,0,"Sharing need matches the performing arts crowd (brand 0.6, event 0.8)","37% of the crowd is in its target segments (families, foodies)",No WatchHumans reviews at performing arts yet; fit comes from need states and audience
E032,B16,0.6467,20.8,8.15,4.66,0,"Sharing need matches the performing arts crowd (brand 0.9, event 0.8)","57% of the crowd is in its target segments (students, young professionals)",No WatchHumans reviews at performing arts yet; fit comes from need states and audience
E032,B17,0.2881,20.8,6.83,4.27,0,"Treat need matches the performing arts crowd (brand 0.3, event 0.9)","63% of the crowd is in its target segments (students, young professionals, fitness)",No WatchHumans reviews at performing arts yet; fit comes from need states and audience
E032,B18,0.2532,20.8,6.71,0.94,0,"Treat need matches the performing arts crowd (brand 0.4, event 0.9)","14% of the crowd is in its target segments (students, fitness)",No WatchHumans reviews at performing arts yet; fit comes from need states and audience
E032,B19,0.2709,20.8,6.77,3.65,0,"Discovery need matches the performing arts crowd (brand 0.5, event 0.4)","54% of the crowd is in its target segments (young professionals, fitness)",No WatchHumans reviews at performing arts yet; fit comes from need states and audience
E032,B20,0.5136,20.8,7.63,4.44,0,"Treat need matches the performing arts crowd (brand 0.4, event 0.9)","58% of the crowd is in its target segments (young professionals, families)",Rated -0.3 stars against its pop-up average at performing arts (5 reviews)
E033,B01,0.6859,28.1,13.09,12.31,0,"Hydrate need matches the conferences crowd (brand 0.6, event 0.4)","94% of the crowd is in its target segments (students, young professionals, foodies)",Rated -0.0 stars against its pop-up average at conferences (107 reviews)
E033,B02,0.4072,28.1,11.41,6.73,0,"Hydrate need matches the conferences crowd (brand 1.0, event 0.4)","59% of the crowd is in its target segments (young professionals, fitness)",No WatchHumans reviews at conferences yet; fit comes from need states and audience
E033,B03,1.1074,28.1,16.1,14.57,1,"Energy need matches the conferences crowd (brand 1.0, event 0.9)","90% of the crowd is in its target segments (students, young professionals)",Rated +0.7 stars against its pop-up average at conferences (50 reviews)
E033,B04,0.4802,28.1,11.83,6.98,0,"Discovery need matches the conferences crowd (brand 0.8, event 0.4)","59% of the crowd is in its target segments (young professionals, foodies)",No WatchHumans reviews at conferences yet; fit comes from need states and audience
E033,B05,0.6358,28.1,12.77,11.86,1,"Value need matches the conferences crowd (brand 0.5, event 0.6)","93% of the crowd is in its target segments (students, young professionals, families)",Rated +0.0 stars against its pop-up average at conferences (107 reviews)
E033,B06,0.5847,28.1,12.45,11.56,0,"Value need matches the conferences crowd (brand 0.6, event 0.6)","93% of the crowd is in its target segments (students, young professionals, families)",No WatchHumans reviews at conferences yet; fit comes from need states and audience
E033,B07,0.5746,28.1,12.39,7.31,0,"Focus need matches the conferences crowd (brand 0.3, event 1.0)","59% of the crowd is in its target segments (young professionals, foodies)",No WatchHumans reviews at conferences yet; fit comes from need states and audience
E033,B08,0.4182,28.1,11.47,4.43,0,"Discovery need matches the conferences crowd (brand 0.8, event 0.4)","39% of the crowd is in its target segments (students, foodies)",No WatchHumans reviews at conferences yet; fit comes from need states and audience
E033,B09,0.6162,28.1,12.65,7.46,1,"Focus need matches the conferences crowd (brand 0.5, event 1.0)","59% of the crowd is in its target segments (young professionals, foodies)",Rated +0.1 stars against its pop-up average at conferences (52 reviews)
E033,B10,0.3417,28.1,11.05,4.13,0,"Treat need matches the conferences crowd (brand 1.0, event 0.4)","37% of the crowd is in its target segments (students, families)",No WatchHumans reviews at conferences yet; fit comes from need states and audience
E033,B11,0.3817,28.1,11.27,4.22,0,"Treat need matches the conferences crowd (brand 1.0, event 0.4)","37% of the crowd is in its target segments (students, families)",Rated -0.1 stars against its pop-up average at conferences (111 reviews)
E033,B12,0.2613,28.1,10.62,0.25,0,"Value need matches the conferences crowd (brand 0.6, event 0.6)",2% of the crowd is in its target segments (families),No WatchHumans reviews at conferences yet; fit comes from need states and audience
E033,B13,0.3013,28.1,10.83,6.39,0,"Discovery need matches the conferences crowd (brand 1.0, event 0.4)","59% of the crowd is in its target segments (young professionals, foodies)",Rated -0.4 stars against its pop-up average at conferences (94 reviews)
E033,B14,0.2005,28.1,10.31,0.37,0,"Discovery need matches the conferences crowd (brand 0.9, event 0.4)",4% of the crowd is in its target segments (foodies),No WatchHumans reviews at conferences yet; fit comes from need states and audience
E033,B15,0.2095,28.1,10.35,0.62,0,"Discovery need matches the conferences crowd (brand 0.7, event 0.4)","6% of the crowd is in its target segments (families, foodies)",Rated -0.2 stars against its pop-up average at conferences (40 reviews)
E033,B16,0.6981,28.1,13.17,11.91,1,"Focus need matches the conferences crowd (brand 0.3, event 1.0)","90% of the crowd is in its target segments (students, young professionals)",Rated +0.1 stars against its pop-up average at conferences (44 reviews)
E033,B17,0.8075,28.1,13.89,13.07,1,"Energy need matches the conferences crowd (brand 0.7, event 0.9)","94% of the crowd is in its target segments (students, young professionals, fitness)",Rated +0.4 stars against its pop-up average at conferences (125 reviews)
E033,B18,0.5956,28.1,12.52,4.83,0,"Energy need matches the conferences crowd (brand 0.9, event 0.9)","39% of the crowd is in its target segments (students, fitness)",Rated +0.3 stars against its pop-up average at conferences (46 reviews)
E033,B19,0.6207,28.1,12.67,7.48,0,"Energy need matches the conferences crowd (brand 0.7, event 0.9)","59% of the crowd is in its target segments (young professionals, fitness)",No WatchHumans reviews at conferences yet; fit comes from need states and audience
E033,B20,0.5675,28.1,12.35,7.14,0,"Focus need matches the conferences crowd (brand 0.3, event 1.0)","58% of the crowd is in its target segments (young professionals, families)",No WatchHumans reviews at conferences yet; fit comes from need states and audience
E034,B01,0.5622,78.3,28.65,16.74,1,"Discovery need matches the community crowd (brand 0.6, event 0.9)","58% of the crowd is in its target segments (students, young professionals, foodies)",Rated -0.1 stars against its pop-up average at community (236 reviews)
E034,B02,0.2261,78.3,24.29,8.96,0,"Hydrate need matches the community crowd (brand 1.0, event 0.3)","37% of the crowd is in its target segments (young professionals, fitness)",Rated -0.4 stars against its pop-up average at community (46 reviews)
E034,B03,0.1992,78.3,23.97,8.48,0,"Discovery need matches the community crowd (brand 0.3, event 0.9)","35% of the crowd is in its target segments (students, young professionals)",Rated -0.5 stars against its pop-up average at community (70 reviews)
E034,B04,0.5492,78.3,28.47,14.23,0,"Discovery need matches the community crowd (brand 0.8, event 0.9)","50% of the crowd is in its target segments (young professionals, foodies)",Penalised: needs chilling or freezing at an outdoor event
E034,B05,0.7186,78.3,30.94,20.73,1,"Sharing need matches the community crowd (brand 0.9, event 0.7)","67% of the crowd is in its target segments (students, young professionals, families)",Rated +0.1 stars against its pop-up average at community (186 reviews)
E034,B06,0.7257,78.3,31.05,20.8,1,"Sharing need matches the community crowd (brand 1.0, event 0.7)","67% of the crowd is in its target segments (students, young professionals, families)",Rated +0.3 stars against its pop-up average at community (11 reviews)
E034,B07,0.6468,78.3,29.87,14.93,0,"Discovery need matches the community crowd (brand 0.5, event 0.9)","50% of the crowd is in its target segments (young professionals, foodies)",Rated +0.1 stars against its pop-up average at community (12 reviews)
E034,B08,0.575,78.3,28.83,9.08,0,"Discovery need matches the community crowd (brand 0.8, event 0.9)","31% of the crowd is in its target segments (students, foodies)",Rated +0.0 stars against its pop-up average at community (89 reviews)
E034,B09,0.5718,78.3,28.79,14.39,1,"Treat need matches the community crowd (brand 0.9, event 0.7)","50% of the crowd is in its target segments (young professionals, foodies)",Rated -0.0 stars against its pop-up average at community (77 reviews)
E034,B10,0.2695,78.3,24.81,9.94,0,"Treat need matches the community crowd (brand 1.0, event 0.7)","40% of the crowd is in its target segments (students, families)",Rated +0.0 stars against its pop-up average at community (61 reviews)
E034,B11,0.5259,78.3,28.14,11.27,0,"Treat need matches the community crowd (brand 1.0, event 0.7)","40% of the crowd is in its target segments (students, families)",Rated +0.0 stars against its pop-up average at community (182 reviews)
E034,B12,0.4883,78.3,27.63,8.73,0,"Treat need matches the community crowd (brand 0.8, event 0.7)",32% of the crowd is in its target segments (families),Rated +0.1 stars against its pop-up average at community (40 reviews)
E034,B13,0.7193,78.3,30.95,15.48,0,"Discovery need matches the community crowd (brand 1.0, event 0.9)","50% of the crowd is in its target segments (young professionals, foodies)",Rated +0.3 stars against its pop-up average at community (229 reviews)
E034,B14,0.5159,78.3,28.01,6.46,0,"Discovery need matches the community crowd (brand 0.9, event 0.9)",23% of the crowd is in its target segments (foodies),Rated +0.1 stars against its pop-up average at community (16 reviews)
E034,B15,0.7985,78.3,32.18,17.59,1,"Discovery need matches the community crowd (brand 0.7, event 0.9)","55% of the crowd is in its target segments (families, foodies)",Rated +0.5 stars against its pop-up average at community (22 reviews)
E034,B16,0.4544,78.3,27.17,9.62,0,"Sharing need matches the community crowd (brand 0.9, event 0.7)","35% of the crowd is in its target segments (students, young professionals)",Penalised: needs chilling or freezing at an outdoor event
E034,B17,0.3073,78.3,25.28,11.46,0,"Value need matches the community crowd (brand 0.5, event 0.5)","45% of the crowd is in its target segments (students, young professionals, fitness)",Rated -0.4 stars against its pop-up average at community (150 reviews)
E034,B18,0.2629,78.3,24.73,4.55,0,"Treat need matches the community crowd (brand 0.4, event 0.7)","18% of the crowd is in its target segments (students, fitness)",Rated -0.6 stars against its pop-up average at community (11 reviews)
E034,B19,0.2983,78.3,25.16,9.28,0,"Discovery need matches the community crowd (brand 0.5, event 0.9)","37% of the crowd is in its target segments (young professionals, fitness)",Rated -0.1 stars against its pop-up average at community (30 reviews)
E034,B20,0.6417,78.3,29.79,17.45,0,"Discovery need matches the community crowd (brand 0.4, event 0.9)","59% of the crowd is in its target segments (young professionals, families)",Rated +0.0 stars against its pop-up average at community (52 reviews)
E035,B01,0.6859,124.5,58.11,54.64,0,"Hydrate need matches the conferences crowd (brand 0.6, event 0.4)","94% of the crowd is in its target segments (students, young professionals, foodies)",Rated -0.0 stars against its pop-up average at conferences (107 reviews)
E035,B02,0.4072,124.5,50.66,29.9,0,"Hydrate need matches the conferences crowd (brand 1.0, event 0.4)","59% of the crowd is in its target segments (young professionals, fitness)",No WatchHumans reviews at conferences yet; fit comes from need states and audience
E035,B03,1.1074,124.5,71.49,64.67,1,"Energy need matches the conferences crowd (brand 1.0, event 0.9)","90% of the crowd is in its target segments (students, young professionals)",Rated +0.7 stars against its pop-up average at conferences (50 reviews)
E035,B04,0.4802,124.5,52.51,30.99,0,"Discovery need matches the conferences crowd (brand 0.8, event 0.4)","59% of the crowd is in its target segments (young professionals, foodies)",No WatchHumans reviews at conferences yet; fit comes from need states and audience
E035,B05,0.6358,124.5,56.69,52.63,1,"Value need matches the conferences crowd (brand 0.5, event 0.6)","93% of the crowd is in its target segments (students, young professionals, families)",Rated +0.0 stars against its pop-up average at conferences (107 reviews)
E035,B06,0.5847,124.5,55.28,51.33,0,"Value need matches the conferences crowd (brand 0.6, event 0.6)","93% of the crowd is in its target segments (students, young professionals, families)",No WatchHumans reviews at conferences yet; fit comes from need states and audience
E035,B07,0.5746,124.5,55.01,32.47,0,"Focus need matches the conferences crowd (brand 0.3, event 1.0)","59% of the crowd is in its target segments (young professionals, foodies)",No WatchHumans reviews at conferences yet; fit comes from need states and audience
E035,B08,0.4182,124.5,50.94,19.66,0,"Discovery need matches the conferences crowd (brand 0.8, event 0.4)","39% of the crowd is in its target segments (students, foodies)",No WatchHumans reviews at conferences yet; fit comes from need states and audience
E035,B09,0.6162,124.5,56.15,33.14,1,"Focus need matches the conferences crowd (brand 0.5, event 1.0)","59% of the crowd is in its target segments (young professionals, foodies)",Rated +0.1 stars against its pop-up average at conferences (52 reviews)
E035,B10,0.3417,124.5,49.05,18.35,0,"Treat need matches the conferences crowd (brand 1.0, event 0.4)","37% of the crowd is in its target segments (students, families)",No WatchHumans reviews at conferences yet; fit comes from need states and audience
E035,B11,0.3817,124.5,50.03,18.71,0,"Treat need matches the conferences crowd (brand 1.0, event 0.4)","37% of the crowd is in its target segments (students, families)",Rated -0.1 stars against its pop-up average at conferences (111 reviews)
E035,B12,0.2613,124.5,47.15,1.12,0,"Value need matches the conferences crowd (brand 0.6, event 0.6)",2% of the crowd is in its target segments (families),No WatchHumans reviews at conferences yet; fit comes from need states and audience
E035,B13,0.3013,124.5,48.09,28.38,0,"Discovery need matches the conferences crowd (brand 1.0, event 0.4)","59% of the crowd is in its target segments (young professionals, foodies)",Rated -0.4 stars against its pop-up average at conferences (94 reviews)
E035,B14,0.2005,124.5,45.76,1.64,0,"Discovery need matches the conferences crowd (brand 0.9, event 0.4)",4% of the crowd is in its target segments (foodies),No WatchHumans reviews at conferences yet; fit comes from need states and audience
E035,B15,0.2095,124.5,45.97,2.74,0,"Discovery need matches the conferences crowd (brand 0.7, event 0.4)","6% of the crowd is in its target segments (families, foodies)",Rated -0.2 stars against its pop-up average at conferences (40 reviews)
E035,B16,0.6981,124.5,58.46,52.88,1,"Focus need matches the conferences crowd (brand 0.3, event 1.0)","90% of the crowd is in its target segments (students, young professionals)",Rated +0.1 stars against its pop-up average at conferences (44 reviews)
E035,B17,0.8075,124.5,61.69,58.01,1,"Energy need matches the conferences crowd (brand 0.7, event 0.9)","94% of the crowd is in its target segments (students, young professionals, fitness)",Rated +0.4 stars against its pop-up average at conferences (125 reviews)
E035,B18,0.5956,124.5,55.58,21.45,0,"Energy need matches the conferences crowd (brand 0.9, event 0.9)","39% of the crowd is in its target segments (students, fitness)",Rated +0.3 stars against its pop-up average at conferences (46 reviews)
E035,B19,0.6207,124.5,56.27,33.21,0,"Energy need matches the conferences crowd (brand 0.7, event 0.9)","59% of the crowd is in its target segments (young professionals, fitness)",No WatchHumans reviews at conferences yet; fit comes from need states and audience
E035,B20,0.5675,124.5,54.82,31.7,0,"Focus need matches the conferences crowd (brand 0.3, event 1.0)","58% of the crowd is in its target segments (young professionals, families)",No WatchHumans reviews at conferences yet; fit comes from need states and audience
E036,B01,0.8337,17.9,8.12,7.77,1,"Hydrate need matches the concerts crowd (brand 0.6, event 0.9)","96% of the crowd is in its target segments (students, young professionals, foodies)",Rated +0.2 stars against its pop-up average at concerts (47 reviews)
E036,B02,0.5849,17.9,7.18,3.8,0,"Hydrate need matches the concerts crowd (brand 1.0, event 0.9)","53% of the crowd is in its target segments (young professionals, fitness)",No WatchHumans reviews at concerts yet; fit comes from need states and audience
E036,B03,0.5342,17.9,7.01,5.77,0,"Energy need matches the concerts crowd (brand 1.0, event 0.8)","82% of the crowd is in its target segments (students, young professionals)",No WatchHumans reviews at concerts yet; fit comes from need states and audience
E036,B04,0.5882,17.9,7.2,4.46,0,"Hydrate need matches the concerts crowd (brand 0.5, event 0.9)","62% of the crowd is in its target segments (young professionals, foodies)",No WatchHumans reviews at concerts yet; fit comes from need states and audience
E036,B05,0.5095,17.9,6.92,5.7,1,"Sharing need matches the concerts crowd (brand 0.9, event 0.4)","82% of the crowd is in its target segments (students, young professionals, families)",Rated -0.1 stars against its pop-up average at concerts (30 reviews)
E036,B06,0.4721,17.9,6.8,5.59,0,"Sharing need matches the concerts crowd (brand 1.0, event 0.4)","82% of the crowd is in its target segments (students, young professionals, families)",No WatchHumans reviews at concerts yet; fit comes from need states and audience
E036,B07,0.4711,17.9,6.79,4.21,0,"Energy need matches the concerts crowd (brand 0.3, event 0.8)","62% of the crowd is in its target segments (young professionals, foodies)",No WatchHumans reviews at concerts yet; fit comes from need states and audience
E036,B08,0.365,17.9,6.45,3.04,0,"Discovery need matches the concerts crowd (brand 0.8, event 0.3)","47% of the crowd is in its target segments (students, foodies)",No WatchHumans reviews at concerts yet; fit comes from need states and audience
E036,B09,0.4438,17.9,6.7,4.15,1,"Energy need matches the concerts crowd (brand 0.5, event 0.8)","62% of the crowd is in its target segments (young professionals, foodies)",No WatchHumans reviews at concerts yet; fit comes from need states and audience
E036,B10,0.421,17.9,6.63,2.24,0,"Hydrate need matches the concerts crowd (brand 0.6, event 0.9)","34% of the crowd is in its target segments (students, families)",No WatchHumans reviews at concerts yet; fit comes from need states and audience
E036,B11,0.3661,17.9,6.45,2.18,0,"Energy need matches the concerts crowd (brand 0.4, event 0.8)","34% of the crowd is in its target segments (students, families)",Rated +0.2 stars against its pop-up average at concerts (18 reviews)
E036,B12,0.2421,17.9,6.07,0.0,0,"Energy need matches the concerts crowd (brand 0.3, event 0.8)",0% of the crowd is in its target segments (families),No WatchHumans reviews at concerts yet; fit comes from need states and audience
E036,B13,0.3278,17.9,6.33,3.92,0,"Discovery need matches the concerts crowd (brand 1.0, event 0.3)","62% of the crowd is in its target segments (young professionals, foodies)",Rated -0.3 stars against its pop-up average at concerts (31 reviews)
E036,B14,0.2103,17.9,5.98,0.8,0,"Discovery need matches the concerts crowd (brand 0.9, event 0.3)",13% of the crowd is in its target segments (foodies),No WatchHumans reviews at concerts yet; fit comes from need states and audience
E036,B15,0.2437,17.9,6.07,0.81,0,"Sharing need matches the concerts crowd (brand 0.6, event 0.4)","13% of the crowd is in its target segments (families, foodies)",No WatchHumans reviews at concerts yet; fit comes from need states and audience
E036,B16,0.5008,17.9,6.89,5.67,1,"Sharing need matches the concerts crowd (brand 0.9, event 0.4)","82% of the crowd is in its target segments (students, young professionals)",No WatchHumans reviews at concerts yet; fit comes from need states and audience
E036,B17,0.5395,17.9,7.03,6.08,1,"Energy need matches the concerts crowd (brand 0.7, event 0.8)","87% of the crowd is in its target segments (students, young professionals, fitness)",Rated +0.1 stars against its pop-up average at concerts (43 reviews)
E036,B18,0.41,17.9,6.59,2.51,0,"Energy need matches the concerts crowd (brand 0.9, event 0.8)","38% of the crowd is in its target segments (students, fitness)",No WatchHumans reviews at concerts yet; fit comes from need states and audience
E036,B19,0.4955,17.9,6.88,3.63,0,"Energy need matches the concerts crowd (brand 0.7, event 0.8)","53% of the crowd is in its target segments (young professionals, fitness)",No WatchHumans reviews at concerts yet; fit comes from need states and audience
E036,B20,0.3269,17.9,6.33,3.07,0,"Discovery need matches the concerts crowd (brand 0.4, event 0.3)","49% of the crowd is in its target segments (young professionals, families)",No WatchHumans reviews at concerts yet; fit comes from need states and audience
